time,throttle,torque_x,torque_y,torque_z
0.01,-43.353670935647415,0.043758715740718546,0.12228108173474746,0.22343460423342557
0.02,-5.940345582970628,0.11711655459204999,0.16263145783582825,0.17281532255391802
0.03,-62.910577672926095,-0.12794272976101825,-0.15957021986497,0.13138540644798982
0.04,32.383577649756774,-0.48628661505358617,0.4984240297857604,0.09565608872899252
0.05,24.444768861203276,-0.27657026430237486,0.01105226312731444,0.08978240472485492
0.060000000000000005,23.206484040234894,-0.09513495600054099,-0.06303745302685368,0.07610901661841071
0.07,27.64947482631116,-0.01009818140402768,-0.1098434149591002,0.05332808070673964
0.08,25.33739584530168,0.024624171532929808,-0.14073038537573201,0.026899900596607185
0.09,27.455277482186442,0.050733369322978596,-0.13492720535119904,0.004680631367087917
0.09999999999999999,28.96503892176529,0.06328307196537576,-0.12311602732319435,-0.011205762712932525
0.10999999999999999,20.533873167828858,-0.3056202938755528,0.17185409138073687,0.037323572979867006
0.11999999999999998,8.711406048066662,-0.25695095409976004,0.302574057709522,0.08387877411293607
0.12999999999999998,23.263355104730238,0.09932372899652538,-0.17272897077912974,-0.023677208518731147
0.13999999999999999,14.358851693065203,-0.21076220648770266,0.13483815735656765,0.05960596051161367
0.15,26.23698275773429,0.17679831026724116,-0.2013349572731653,-0.06289798047116588
0.16,19.458251769802494,-0.18578773616280603,0.08285248815275237,0.04202053341802834
0.17,28.513248041228408,0.22956443569119872,-0.2050782905611748,-0.10318725750324592
0.18000000000000002,24.52845274781911,-0.06972329463033429,-0.021059729714493734,-0.021236206195693167
0.19000000000000003,30.179112486675876,0.24660728070829327,-0.17395767913018798,-0.12588756074566082
0.20000000000000004,2.0121048593463735,-0.19054023933356412,0.3301855595927429,0.2201365518517453
0.21000000000000005,-23.59953408098536,0.5740604413593262,-0.23050220201553961,-0.1799036200878831
0.22000000000000006,-8.831769137411865,0.6624261908571365,-0.27983332111380377,-0.24151290552058693
0.23000000000000007,-1.2177766696110677,0.4794076665095271,-0.5161513930972415,-0.43580431143226256
0.24000000000000007,-2.704083105178651,0.4164665430955547,-0.29351575774962435,-0.21665436939674546
0.25000000000000006,0.693828050850281,-0.5199626793048888,0.6083696262530435,0.5244893450070841
0.26000000000000006,-2.5275600506679723,0.5087807261013607,-0.4669986276265265,-0.33671187567103317
0.2700000000000001,1.6862855970778918,-0.5323619391495705,0.6052623954459428,0.4606985348654645
0.2800000000000001,0.5165988435447408,-0.3288005553470654,0.41232479205988,0.26595048953345846
0.2900000000000001,2.5404513400983664,-0.2739101300466577,0.3469041034412855,0.20681537440294823
0.3000000000000001,2.637749160236186,-0.22435624995382905,0.28776414784273563,0.17120859173725214
0.3100000000000001,3.5855387639398493,-0.1802916278531296,0.2349171661962419,0.1496901823735613
0.3200000000000001,4.5668964205958416,-0.1415749626913022,0.1880510070448212,0.13630723663869973
0.3300000000000001,5.660734270265857,-0.1078453696572948,0.1470114162806399,0.12576254840688098
0.34000000000000014,7.406574476382979,-0.07867730949769244,0.11151481910073345,0.1149755117140739
0.35000000000000014,9.083509701995448,-0.05370385394000125,0.08106658882172545,0.1030720389009433
0.36000000000000015,10.323838269779392,-0.032574282766942256,0.055186035572649256,0.08976842839115051
0.37000000000000016,11.928738189895206,-0.014936674036695114,0.03342834914443481,0.07506908572083057
0.38000000000000017,16.146290890199218,-0.0004459769175583997,0.015357189597734801,0.05925598529240774
0.3900000000000002,28.40920376270857,0.27094818771404333,-0.39283061682243886,-0.3553324679823495
0.4000000000000002,34.39064411225002,0.24293083223877077,-0.3672336581220542,-0.3828258750268113
0.4100000000000002,36.610184553276426,0.21717299799580814,-0.3162287164884343,-0.3595423583219424
0.4200000000000002,50.45421045477644,0.22681137502071377,-0.2860108629268636,-0.3391397121369084
0.4300000000000002,69.32683443121302,0.22691492614616343,-0.2501158369456066,-0.29873462829676145
0.4400000000000002,41.1547479320725,-0.009857016087102974,0.03274552196543263,0.03298125603161936
0.45000000000000023,40.663642208236155,0.18608910920884125,-0.1421985435265427,-0.16426617828275966
0.46000000000000024,43.71683164723156,0.17149297572176955,-0.17324801886385274,-0.1879837420815045
0.47000000000000025,39.47046430951273,0.13689381632759923,-0.008702070807093953,0.007232407116484956
0.48000000000000026,41.485137874737894,0.13689147441754762,-0.0941667887678604,-0.07778415835927643
0.49000000000000027,34.84821946943389,0.11324355046315557,0.07044569943582335,0.10160516673751646
0.5000000000000002,37.81706752514787,0.10609514907003534,-0.11761924936251573,-0.0836251082384118
0.5100000000000002,34.11167839628812,0.09537546320891424,0.025548135040065298,0.06199826287798691
0.5200000000000002,33.321201539427896,0.0848944092809611,-0.04511106670504362,0.0005848033332959621
0.5300000000000002,33.05914563885117,0.07632558275759095,-0.06150373926058692,-0.004921177699555322
0.5400000000000003,29.777240192198406,0.07264403040654915,-0.06929599699338641,-0.0007637284930419874
0.5500000000000003,31.81615942866758,0.06054936952768715,-0.08207648532166056,0.002125175059847044
0.5600000000000003,27.458195968109457,0.06037228586420333,-0.0724414749079721,0.020855883906867385
0.5700000000000003,29.40210487840751,-0.023559668056765015,-0.0643001961569659,0.0370133559413003
0.5800000000000003,26.189461471824984,0.04850553557965789,-0.06028822562096779,0.045241895687520184
0.5900000000000003,26.642890889939206,-0.045711690493079424,-0.054375726621875134,0.056941408735277504
0.6000000000000003,26.14379498089007,-0.029767939090259554,-0.04842840039681639,0.062021727862914794
0.6100000000000003,23.815982351982637,0.026323684956402426,-0.04969238167298152,0.06465969047774965
0.6200000000000003,26.516920295054945,-0.19023114563796323,-0.0009765887441216376,0.07977231439082617
0.6300000000000003,21.58747658634565,0.021582111445180883,-0.058757758734463,0.05935669645376753
0.6400000000000003,28.07631984115187,-0.2119247944758479,0.23471140672865887,0.08410829922515559
0.6500000000000004,19.770670630137232,0.014609525196416116,-0.10996318226555976,0.040992283514085785
0.6600000000000004,27.246922296054137,-0.2217519849080985,0.21285012939361508,0.0402363655867367
0.6700000000000004,20.58584904805501,0.007853206575965149,-0.11575501196762134,0.035779098678269436
0.6800000000000004,24.482268757742354,-0.21769292839401383,0.19332728642927496,0.009042058353194774
0.6900000000000004,23.890537142915136,-0.19349941602231086,0.002921528709178911,0.014841292306656546
0.7000000000000004,19.512034594263397,-0.0380024954840143,-0.11451950592930622,0.028521449194987204
0.7100000000000004,29.087678403236097,-0.1851450087825926,0.22221907792829898,-0.03357325786479626
0.7200000000000004,14.166257484172636,0.07064194179046908,-0.16050901095532918,0.03360961993608323
0.7300000000000004,32.60211606424963,-0.1758384169273679,0.24067377851480226,-0.04791607324001948
0.7400000000000004,12.292507274564077,0.08926135886889906,-0.13213664627156782,0.027791891203836343
0.7500000000000004,25.771036540114917,-0.15591866308474084,0.23332412256016952,-0.053601905037569245
0.7600000000000005,-4.26339267427205,-0.30281486997404294,0.5874664256003798,-0.14552759414211125
0.7700000000000005,23.47685859682691,0.13736148288927522,-0.1361692019380769,0.031810803488183076
0.7800000000000005,-3.054758586264625,-0.29361072813575984,0.5801493967267253,-0.13543945009565977
0.7900000000000005,11.22531836477468,0.1698313800486821,-0.26563723961863356,0.06829243954023938
0.8000000000000005,-0.009163857509247465,-0.4750850970603858,0.5227637531083117,-0.10514332198887313
0.8100000000000005,0.33776017414401566,0.5133975917567338,-0.6570227130659284,0.14694522005010144
0.8200000000000005,2.914741844242373,0.15321478750414677,-0.0793435290580776,0.008070145882067985
0.8300000000000005,-7.67012022191683,-0.229651873289268,0.19907001821707587,-0.03790119424341388
0.8400000000000005,1.563556268024698,0.4571625578640818,-0.5615861514212751,0.08252180632584767
0.8500000000000005,-10.748029486664159,-0.2287837074540304,0.2418186670823878,-0.040682260698703156
0.8600000000000005,-1.4018053388907452,-0.5065906100971052,0.5649371152022747,-0.09404953639649834
0.8700000000000006,-12.781928633434461,0.14752835558212957,-0.1064459365405649,0.026161110122911564
0.8800000000000006,-2.7814449065086335,-0.27999232143944075,0.48379780952752177,-0.05590976810087709
0.8900000000000006,-13.603412876556972,0.15144890898793387,-0.1777339984600762,0.0452996258267747
0.9000000000000006,-4.090497064807472,-0.24472310744713904,0.3661698892112375,-0.013778223191281073
0.9100000000000006,-16.42515682136529,0.18768706244792435,-0.21452712696575768,0.04732468448169121
0.9200000000000006,-1.9890227840013823,-0.3918559661026606,0.37837569242233504,0.00991954934188361
0.9300000000000006,-19.52012399171801,0.14648633521749196,-0.0690025736078518,0.051709156993057226
0.9400000000000006,-0.409661375421196,-0.3365256166953042,0.30686903171537594,0.054013498585598646
0.9500000000000006,62.374596169958096,0.28047252324881744,-0.5607367908656959,0.022943659878623908
0.9600000000000006,8.448771277918688,0.2752196828109502,-0.7721717340530918,-0.07672935695064571
0.9700000000000006,-17.963888933878604,-0.027305154555178315,0.44380596264470495,0.06514542310049078
0.9800000000000006,17.391071018614348,0.22179488828848076,-0.7148611279474014,-0.12943006498583093
0.9900000000000007,-13.599217458539648,-0.056736295883154014,0.48116212617691084,0.08960651221259136
1.0000000000000007,11.62186845354589,0.20735250581270337,-0.6715436773436155,-0.1507922022317412
1.0100000000000007,-13.42781204872145,-0.07256748236683447,0.5097505237310479,0.11300356544618416
1.0200000000000007,1.6485389741172805,0.3425239090247888,-0.6392250241654206,-0.15779542942458408
1.0300000000000007,-46.634612151453055,-0.09255637933047615,0.28807427520721157,0.07235386567279918
1.0400000000000007,19.064361596837976,0.12693718295383705,-0.5673158272105029,-0.1379938363434626
1.0500000000000007,-28.750249141159824,-0.09485407731670419,0.4620092494798497,0.11649363423491373
1.0600000000000007,2.2757524764509753,0.1279524887461693,-0.5390196446350861,-0.12309514994774085
1.0700000000000007,-18.36740464953423,-0.09885630854573199,0.6057791166727412,0.14559750422156317
1.0800000000000007,-5.395451562610146,0.06505698103134291,0.40397679289514393,0.08821067808745225
1.0900000000000007,-13.130080213710071,-0.01297645099987887,0.33863628977014915,0.06733075388378297
1.1000000000000008,-8.314708430448793,0.027291965586327967,0.2805550243168908,0.04892356719545936
1.1100000000000008,-10.657556183414469,-0.0034083231140896028,0.22911779761256224,0.03269031456291563
1.1200000000000008,-8.786041898346786,0.02817207947865309,0.1837582364664496,0.019768582190278036
1.1300000000000008,-9.253053049949107,0.012704621797234448,0.1439589948037519,0.007048790922303615
1.1400000000000008,-8.070047938762748,-0.0026270436770765493,0.10917844344850848,-0.0031152469755443626
1.1500000000000008,-7.894302099001889,-0.008669777946032083,0.07892961638822557,-0.010410072377910936
1.1600000000000008,-7.142550657711709,0.0036380704912299835,0.05277279714662316,-0.01556069238840439
1.1700000000000008,-6.6628598935970516,0.0006694827645243481,0.03030809999706573,-0.02034813351092736
1.1800000000000008,-6.082013048033891,-0.004810245853864117,0.011141973173226908,-0.02376092249236142
1.1900000000000008,-5.563370518560018,-0.018764146582921352,-0.005079804994345104,-0.02575003549208787
1.2000000000000008,-4.971352926267901,-0.044671088614024586,-0.01867599018592646,-0.0261050276410712
1.2100000000000009,-3.515892549966496,-0.040740636907383214,-0.029962998990411483,-0.02353375116213376
1.2200000000000009,4.310758071883931,0.00406836012138298,-1.05248888500769,-0.11166247485189248
1.2300000000000009,33.03426639395679,-0.06177306534444654,-0.4992553804923722,-0.04630463878530802
1.2400000000000009,46.88478463503015,-0.02040323813098518,-0.2885277007903144,-0.020848142463282704
1.2500000000000009,-10.290277833465897,-0.1055669768031905,0.35521467242938665,0.03334870081273297
1.260000000000001,5.215965024598135,0.15337639198308406,-0.7714799066585296,-0.06293905483292955
1.270000000000001,16.451812982647557,-0.0868329916311364,-0.4874544573529958,-0.03299516934087219
1.280000000000001,9.608886348322494,0.14257208288299947,-0.38382698832697065,-0.025006290442915226
1.290000000000001,11.847211182030794,-0.006822742438432912,-0.296484341527098,-0.00504404980677102
1.300000000000001,10.76071448815563,0.13140266688288066,-0.22315356400807745,0.0036619548286607843
1.310000000000001,10.812794171124331,0.10969446035733538,-0.1617659600432812,0.023527681392550685
1.320000000000001,10.507633825328082,0.09650579521985309,-0.11061324716911079,0.04135525809084495
1.330000000000001,10.363026167603362,0.053592953155399005,-0.06818882242984808,0.05545911867534447
1.340000000000001,10.260004777758091,-0.10824416537162534,-0.03325109309311317,0.062306273588559835
1.350000000000001,10.073940622099018,-0.11621935035625457,-0.004767298547963823,0.04719155260159037
1.360000000000001,10.112009293320602,-0.11232095321146175,0.01821580476142817,0.029631324099324265
1.370000000000001,10.358477688616126,-0.1082660182559689,0.036554558067645085,0.012464289043190746
1.380000000000001,9.965803794290784,-0.10216720694670349,0.051000306284558844,-0.0026370090012064126
1.390000000000001,10.191734373785424,-0.09591720406201575,0.06218781463434459,-0.015792638452865475
1.400000000000001,10.191888802268206,-0.08979516081722898,0.07065816560614795,-0.026835962088117355
1.410000000000001,10.308298552621205,-0.0838631393567202,0.076869311315577,-0.03573258258984801
1.420000000000001,10.43177010844571,-0.07802107572137641,0.0812069478878872,-0.042559706230544295
1.430000000000001,10.874532699519836,-0.07072725745199182,0.0839950588809839,-0.04745390014733393
1.440000000000001,10.271098246094104,-0.06939898687340287,0.0855057339449755,-0.05044158100369148
1.450000000000001,11.157035225490533,-0.05843726609023515,0.08596579184250515,-0.05231777788873841
1.460000000000001,11.010903068667853,-0.055328809938275984,0.08556965350451669,-0.05231958840796071
1.470000000000001,11.373042499086626,-0.04822683083999931,0.0844770189827092,-0.051439875982150246
1.480000000000001,11.566116051861774,-0.04306753274378222,0.08282667276335982,-0.04949637728361907
1.490000000000001,11.846778673094015,-0.03743428657462511,0.0807369174245037,-0.04686492896225419
1.500000000000001,12.11818588997693,-0.03244532771596159,0.07831936928037,-0.04380791893101045
1.5100000000000011,12.415180625056857,-0.027826247164749063,0.07568136804350055,-0.0406855297941921
1.5200000000000011,12.724132691968531,-0.023611417821296415,0.07286479043534565,-0.03706938651767134
1.5300000000000011,13.049382302272438,-0.01981340397393912,0.06993141122284742,-0.033118095557036056
1.5400000000000011,13.388142581471971,-0.016598680060990745,0.06693403951055223,-0.028977082776086353
1.5500000000000012,13.741249556987542,-0.014153660757023161,0.06391407482171398,-0.02477640361388242
1.5600000000000012,14.107455316055251,-0.012652998637934702,0.06089911694674449,-0.020630447544407387
1.5700000000000012,14.48656305059369,-0.012735450065734427,0.05790183990745121,-0.016639766173033182
1.5800000000000012,14.877374242512344,-0.014147077588492554,0.05492184589174284,-0.012914559551890723
1.5900000000000012,15.274299259996527,-0.016070758852010314,0.05195098817589469,-0.009530220782357796
1.6000000000000012,15.549543631676569,-0.020964693281815057,0.048981344192494565,-0.00651267152352342
1.6100000000000012,16.61832122245769,0.011770182682244165,0.04601272361507308,-0.003966274606230811
1.6200000000000012,16.18680811834811,-0.036795652580999254,0.043052762110377195,-0.000624828706414695
1.6300000000000012,17.049338056600735,-0.028792203440112553,0.040137186135735914,0.0007108736864909135
1.6400000000000012,17.973745626495074,-0.019531669361719912,0.03727536448267145,0.0021185115263567117
1.6500000000000012,17.729031525275524,-0.03403186860567543,0.03449291833098421,0.0035625863294262983
1.6600000000000013,18.75941808257168,0.22488328114562584,0.03181778192769433,0.004409242786833731
1.6700000000000013,19.22309631178515,0.19476582630805442,0.029228478064068433,0.010851223850010302
1.6800000000000013,19.665569291752643,0.190003964457381,0.02678260441098484,0.015457303525782179
1.6900000000000013,20.11951651170366,0.18058160095322218,0.024686642333946893,0.01850076572346651
1.7000000000000013,20.37691128089127,0.16288495260508454,0.0228082197482457,0.020538553461404443
1.7100000000000013,20.73252749075483,0.14291200752860733,0.0211224825593929,0.021669995096036673
1.7200000000000013,21.045066686172344,0.037597071366134785,0.019603195573786824,0.02207518326082092
1.7300000000000013,21.187853026694167,-0.06907585433951004,0.018236235667197724,0.020677518481877898
1.7400000000000013,21.448528197546853,-0.06271570959598667,0.01698611177535911,0.017928618856608302
1.7500000000000013,21.689809552825675,-0.06514214760890812,0.015734003443196344,0.015909344495886123
1.7600000000000013,21.972656856097064,-0.038797243652267714,0.014580850398426413,0.014142514559736395
1.7700000000000014,22.255439222125858,-0.023180663453106123,0.01352285827381144,0.012906479016015559
1.7800000000000014,22.549668341006214,-0.002861479426702512,0.01256014189993402,0.011970931877135677
1.7900000000000014,22.84453252002382,0.01261727283518671,0.011688041299973022,0.011320743604107487
1.8000000000000014,23.131168252880578,0.032123503845973005,0.010902986899953183,0.010844826129668556
1.8100000000000014,23.411731281906295,0.03918772077301911,0.010200582680792823,0.010539366686351005
1.8200000000000014,23.683542345783156,0.03912383098118698,0.009580944739917219,0.010242698549502943
1.8300000000000014,23.911861112398224,0.03023187983494896,0.009098635826961828,0.009745058111330928
1.8400000000000014,24.146380343544024,0.03709114786713457,0.008645335386241917,0.009218516847695504
1.8500000000000014,24.37455964506617,0.034837497117407544,0.00815467847220856,0.00893081253750655
1.8600000000000014,24.570618399953975,0.014156324768460082,0.007714791234808754,0.00858998312162123
1.8700000000000014,24.772201906481243,0.018727064565777402,0.007370756446764293,0.007962764648121016
1.8800000000000014,24.9645057463621,0.02147324619516996,0.0070352460301453725,0.007433596710573191
1.8900000000000015,25.122403988144743,0.019467970010395713,0.0066470674873185896,0.0071073129327292785
1.9000000000000015,25.302261356034894,0.03282914466088938,0.006310223637746892,0.006716919011870279
1.9100000000000015,25.46241646815791,0.03351792621876849,0.006042181408245069,0.006316807000976365
1.9200000000000015,25.594641003541835,0.03979201268615302,0.0057722085908305095,0.005969659855459631
1.9300000000000015,25.715539679607723,0.035400981358134645,0.005460433815179972,0.005783774185535695
1.9400000000000015,25.811598861704848,0.03583239891370706,0.005229671169543005,0.005435968410052089
1.9500000000000015,25.883067415762216,0.03564673573899767,0.005007024079695547,0.0051065192514100615
1.9600000000000015,25.933711757657516,0.0376881343931021,0.004730767029898201,0.004918317314718115
1.9700000000000015,25.960892453367652,0.03802950804200399,0.004526948147549577,0.004615123065057838
1.9800000000000015,25.964074112927896,0.039205651099259116,0.004333112943670049,0.004317621288276394
1.9900000000000015,26.040112057375758,0.06131562004148946,0.004087237598629192,0.004158254078561966
2.0000000000000013,25.95822760491216,0.03239944132956858,0.003871078658871978,0.004045821974280734
2.010000000000001,25.523444915002887,-0.031258037337541185,0.0037217962682500176,0.003688994991143278
2.020000000000001,25.770768790229468,0.08615631953043655,0.003564389805347387,0.003139931412196523
2.0300000000000007,25.66633840413955,0.06552057391857889,0.003347054047460315,0.0031820348267540075
2.0400000000000005,25.51425652446642,0.06889826988422865,0.003147749580070481,0.003112096169860877
2.0500000000000003,25.386059203918403,0.06244268779890387,0.003031988526659751,0.0028696739939989557
2.06,25.108016453672924,0.057069369692104265,0.0029005636657940316,0.0026423395827832588
2.07,25.050047881808247,0.05569681460022427,0.0027177575173922895,0.0025235950826939424
2.0799999999999996,24.91814862135217,0.0548557012612272,0.0025546125280750077,0.0023638557624444372
2.0899999999999994,24.624405039475626,0.052976528581660715,0.002453531149813974,0.002055536610308527
2.099999999999999,24.585422543510127,0.05274956922323984,0.0022969398481347517,0.0018866686481543225
2.109999999999999,24.46490310448472,0.050716747937498384,0.0021482519868914443,0.0017065322822969557
2.1199999999999988,24.112740143523396,0.04626479363253057,0.002055001760602288,0.001376856595452367
2.1299999999999986,24.046906618065403,0.043351331334252514,0.001912005088769134,0.0011799253954343128
2.1399999999999983,23.92253003211126,0.03965096150473575,0.0017751079990219799,0.0009705997447241748
2.149999999999998,23.45708798602899,0.03410411178001796,0.0016876741465977757,0.0006094610623449126
2.159999999999998,23.34534308929694,0.0312519726942446,0.0015537845377559152,0.000391542082337265
2.1699999999999977,23.029977416922545,0.028067683210425055,0.001424651968151495,0.00016847927615517644
2.1799999999999975,22.7309300507524,0.025588833293542106,0.1187701320230048,0.12130511182103938
2.1899999999999973,22.276248762474506,0.02241468964468953,0.14176555766518428,0.13006468486639117
2.199999999999997,21.927170869666927,0.01989453860690342,0.17549403393232707,0.1447407428098429
2.209999999999997,21.227757375152404,0.016878808660533415,0.19961679744949076,0.145839661570953
2.2199999999999966,20.39284755732562,0.014113394245143306,0.21501943795667433,0.13607880301528763
2.2299999999999964,19.52678592688674,0.010066348534346528,0.21814213931066498,0.11481932008970996
2.239999999999996,18.56584872405795,-0.012370137974782565,0.2125530026786665,0.08752111831005932
2.249999999999996,17.584516786928944,-0.023389429361511057,0.20117611993673634,0.05950627969907117
2.259999999999996,16.61785731077342,-0.03687383517524413,0.1866156654028226,0.03352591342163189
2.2699999999999956,15.695890328797173,-0.04609914608794253,0.1709580914026288,0.011880403502531625
2.2799999999999954,14.858849371432125,-0.05037319728237661,0.15553700027604075,-0.004728475158740836
2.289999999999995,14.078772158390292,-0.037797264824986083,0.14127549489708519,-0.016466842324598198
2.299999999999995,13.336104773647772,-0.03524815108038895,0.12892127689069652,-0.02538214795138933
2.3099999999999947,12.751574254655782,-0.026295140101055724,0.11764280444326793,-0.031514280046631586
2.3199999999999945,12.197446417949651,-0.01969769352375128,0.10886553917520259,-0.03566288788605257
2.3299999999999943,11.710224042599599,-0.006738563136744733,0.10253183963846012,-0.03828213269754706
2.339999999999994,11.287333430922661,0.010094204132800488,0.09923643243026121,-0.040708038889264234
2.349999999999994,10.919690100091461,0.02485832297068875,0.10025588001036943,-0.0445497456197608
2.3599999999999937,10.631023813526722,0.053600942212265607,0.1065526669009167,-0.04911853368601965
2.3699999999999934,10.390965113266516,0.05980381183418125,0.12292510091383695,-0.05631175964096168
2.3799999999999932,10.205746405669194,0.05788871035813727,0.1072688300382858,-0.07278259085734906
2.389999999999993,10.083024099221504,0.05835246749621883,-0.04608908018117516,-0.11217758554118064
2.399999999999993,10.024230120743319,0.05955087226284048,-0.06745689205628505,-0.11791769580303078
2.4099999999999926,10.020705592903674,0.062466134477261646,-0.08486062954157551,-0.12126322334622801
2.4199999999999924,10.069736377989228,0.06446772388752031,-0.09874718174420348,-0.12284634132911654
2.429999999999992,10.168986432811895,0.06231231867186285,-0.10956869236718589,-0.1227830005295144
2.439999999999992,10.315799326692009,0.05625434238799923,-0.11811144666662396,-0.12064619781334152
2.4499999999999917,10.507890486862495,0.046145943593986515,-0.12548306536858508,-0.11602846344711831
2.4599999999999915,10.757067189469375,0.004523329422679021,-0.12490751755122448,-0.10907614274765268
2.4699999999999913,11.04712368344923,-0.05882543715853138,-0.1264544762793484,-0.09621944886224051
2.479999999999991,11.338658551472516,-0.10625805809812978,-0.1282519723737215,-0.07602591066656031
2.489999999999991,11.699920695794813,-0.15265882066380668,-0.12781130771739213,-0.05275898450005109
2.4999999999999907,12.084801560504355,-0.1386490138695395,-0.1259778394421185,-0.02806951595709025
2.5099999999999905,12.49730159713181,-0.10894484912317916,-0.12329841397863134,-0.008955090510562987
2.5199999999999902,12.93264663449152,-0.08017091837115106,-0.12004042909020275,0.004104462206588215
2.52999999999999,13.394373325290825,-0.06355076185561695,-0.11634679538141404,0.012441872375972447
2.53999999999999,13.876837976104312,-0.06044989578651536,-0.1123008132642539,0.01801312389985898
2.5499999999999896,14.34063571856293,-0.05518120359953529,-0.10795974936515634,0.022311389898220554
2.5599999999999894,14.812295394321758,-0.07287807208430969,-0.10337191715275289,0.02533022582901224
2.569999999999989,15.291987211099341,-0.08567686470675491,-0.26463685295079764,0.09018232461555768
2.579999999999989,15.70169581417406,-0.08804257006691049,-0.30134634991980064,0.11020057734777071
2.5899999999999888,15.960779126049049,-0.08943024976513542,-0.3056235128977422,0.11468431798533521
2.5999999999999885,16.141421686149364,-0.09293861085760473,-0.2922692359867501,0.10856177109546643
2.6099999999999883,15.989635026099624,-0.08213473148463572,-0.2680443431553029,0.09475650114420886
2.619999999999988,15.94396852858334,-0.07456608970917089,-0.24462537532746353,0.07857425499775542
2.629999999999988,15.659645228181224,-0.06897201467098057,-0.2194137603493722,0.06067267627027367
2.6399999999999877,15.299385294803821,-0.06511311422103894,-0.19646362004915197,0.04282679323519603
2.6499999999999875,14.908097649369946,-0.06255143170685387,-0.17625149022109013,0.02563220570768629
2.6599999999999873,14.47263051776114,-0.060783296001581236,-0.15817809226941118,0.009157360148043213
2.669999999999987,14.01964171838146,-0.0593799095040998,-0.1417379722039798,-0.006569893312963371
2.679999999999987,13.56984170436581,-0.05789550759430358,-0.12620446915282585,-0.021589433762166724
2.6899999999999866,13.133340238892895,-0.05598301729836052,-0.11102151505996546,-0.03583869956710961
2.6999999999999864,12.704706641875513,-0.05364927915044837,-0.0973963383044569,-0.04887984745960396
2.709999999999986,12.30203194238966,-0.05062373220803055,-0.08501261195290619,-0.0607197355783183
2.719999999999986,11.97122563262909,-0.04663139498836123,-0.07294690444124426,-0.0713863572283989
2.7299999999999858,11.642221953913962,-0.041962520292505696,-0.06142375241437602,-0.08066044171184057
2.7399999999999856,11.34470649761173,-0.03703793626328136,-0.05035849971992125,-0.08841874698804865
2.7499999999999853,11.069255696558862,-0.03097287411554922,-0.040127032687356456,-0.09459553058273072
2.759999999999985,10.85715572357563,-0.02353809259770157,-0.030591248615939363,-0.09910831126426015
2.769999999999985,10.680590063021372,-0.006200818152627108,-0.022353815328965947,-0.10191986297307208
2.7799999999999847,10.538736457065404,0.034908633066027,-0.01508281252870276,-0.10210195008264505
2.7899999999999845,10.430086674357478,0.06299371786564914,-0.007700156496124653,-0.09705063587846784
2.7999999999999843,10.351642719577812,0.09626078575031165,0.0015126276245382513,-0.08786620176436022
2.809999999999984,10.299823385130837,0.12311309420093038,0.02756837529451327,-0.06983561910710252
2.819999999999984,10.273689079563143,0.1404331888573093,0.11265499482281043,-0.029133170301870737
2.8299999999999836,10.270073350290163,0.147547912474126,0.1938547852696275,0.018654291281421063
2.8399999999999834,10.28226759073948,0.14529468977638904,0.2597668656181136,0.06423402782181309
2.849999999999983,10.302343673628812,0.13596338441601827,0.23422197930154198,0.07359469107743165
2.859999999999983,10.323452379911176,0.12295905427624497,0.2152612628180894,0.07825953656941141
2.869999999999983,10.341079808872701,0.10474229927079076,0.20078926350416923,0.07895793510652102
2.8799999999999826,10.354448392776291,0.08923750747459835,0.18883865744559156,0.07609616615428218
2.8899999999999824,10.369241679307867,0.07616852743123448,0.17634890139010825,0.06981549794999836
2.899999999999982,10.34323215443061,0.061212809854494066,0.16389051409899552,0.061383919041519575
2.909999999999982,10.337114391514339,0.04820557323807573,0.15255365275408928,0.05197959689416425
2.9199999999999817,10.338858515832205,0.03358614737560524,0.14408146889547344,0.042870811377969956
2.9299999999999815,10.287618406515804,0.013646267084060124,0.14172863250578466,0.03546781713558707
2.9399999999999813,10.259458294210381,0.0009401358609523401,0.14291765838114343,0.029724900742805094
2.949999999999981,10.245655185407454,-0.006478708139838793,0.14479386587160997,0.024019989099682913
2.959999999999981,10.191200130792382,-0.02284573489872716,0.14597351262274133,0.01814589725335601
2.9699999999999807,10.13009518109925,-0.03496471877365119,0.1456158122357097,0.012559239223388356
2.9799999999999804,10.183061095269693,-0.039322303468661134,0.14184121211316283,0.007330772745619975
2.9899999999999802,10.001263572796374,-0.0603809170392619,0.1396038415296583,0.0035932319376258716
2.99999999999998,10.168506045165554,-0.04882654029742351,0.1295222688995928,0.0007493093168239873
3.00999999999998,10.019444952191032,-0.07298063615061677,0.12592556074354824,-0.00017996292740752456
3.0199999999999796,9.947535743075052,-0.0733991259190331,0.12078037767462355,0.001484957652800236
3.0299999999999794,10.250440585564256,-0.05256926102872775,0.10524510569794342,0.003221418512446424
3.039999999999979,9.877121498590341,-0.10196861773604897,0.11133412103580975,0.00747613001140949
3.049999999999979,10.152698951999897,-0.05048029758682193,0.09442166566328794,0.013398695059166816
3.0599999999999787,10.336993840771179,-0.05481939208906085,0.08100266529831701,0.01655592904839342
3.0699999999999785,10.031655522960753,-0.09407778665069885,0.0878500567144374,0.02360472024368719
3.0799999999999783,10.470775983834427,-0.00938381450769998,-0.06290394741183669,0.012637583002740652
3.089999999999978,10.621444867520422,-0.03257670897533467,0.05836780038758087,0.03110063214075345
3.099999999999978,10.43264762382747,-0.04659338559022508,0.054795568398248874,0.03573698820974784
3.1099999999999777,10.986921033645169,0.027099373381833224,-0.20401241042318768,-0.004927963360535699
3.1199999999999775,11.19268364726108,-0.004324152083409988,-0.19477507002415098,-0.012845850048651374
3.1299999999999772,11.035404900176774,-0.0256636340094501,-0.00021944368948963026,0.022729766558117495
3.139999999999977,11.665278808636604,0.05925577154555721,-0.22293987623186956,-0.025444405788380527
3.149999999999977,11.81859313784957,0.010046835266079907,-0.21899069975352597,-0.03608436833421806
3.1599999999999766,11.671218829260534,-0.018304357309871427,-0.2072632140999267,-0.04000769704076516
3.1699999999999764,12.259908144105058,0.06917549246565839,-0.22303223349950257,-0.04945700422341407
3.179999999999976,12.273520398647491,0.009246492149530557,-0.2153801530214347,-0.05642510502651545
3.189999999999976,12.241926773192304,0.009735956229607726,-0.20384635581187352,-0.05841776112001786
3.1999999999999758,12.39093319813371,0.02747413738121243,-0.19523368847339329,-0.06061942140755558
3.2099999999999755,12.402687566829607,0.015246426704219444,-0.18388307208939525,-0.06135085942487776
3.2199999999999753,12.309165184679342,0.008549280515528312,-0.17070900255489077,-0.06048952284525532
3.229999999999975,12.282402334113696,0.017513184414489326,-0.15824630823859728,-0.059231787634725835
3.239999999999975,12.176924193022053,0.00950485336905789,-0.1443644863133803,-0.05674095526112227
3.2499999999999747,12.01114304770391,0.005225733743059424,-0.12943882005598978,-0.05349828767176629
3.2599999999999745,11.88999358397131,0.007537980030847945,-0.11497197851281112,-0.050151334608099875
3.2699999999999743,11.72677410235389,0.0063982011573575715,-0.10114858496063675,-0.047017685413357234
3.279999999999974,11.527817411466971,0.004179288789037046,-0.08788068784824613,-0.043730135196713336
3.289999999999974,11.379621295612115,0.008373902017012306,-0.07504043771566925,-0.040313916559523384
3.2999999999999736,11.206927852899598,0.005690957695949855,-0.062055572984544005,-0.03625872126034209
3.3099999999999734,11.017515503527358,0.001974493047596557,-0.048823391965600225,-0.031939018186663046
3.319999999999973,10.864161135972203,0.004374151827185364,-0.0354086262800632,-0.02751867163135092
3.329999999999973,10.734786397210467,0.005732118083463142,-0.003166533401857399,-0.015638754811980307
3.3399999999999728,10.583860866826088,0.008759539405050587,0.055731009278176896,0.007020080173015662
3.3499999999999726,10.46100365968592,-3.7330169399331646e-06,0.09632146945208502,0.02387920403258805
3.3599999999999723,10.390273087696578,0.004491279944540224,0.1336166368658597,0.039566015080894884
3.369999999999972,10.284816895881018,-0.0012194871009930412,0.15576494714952985,0.05015260484173513
3.379999999999972,10.239933296826203,0.004341295424896939,0.1701265763821902,0.05769188299730961
3.3899999999999717,10.213451022654755,0.0035488414944088572,0.17352332996035044,0.061232866665888834
3.3999999999999715,10.156568328588712,0.0002875898845463124,0.1589861578613974,0.05739089557968399
3.4099999999999713,10.130768346555042,0.004503831117067053,0.13198604782937198,0.04803974863298479
3.419999999999971,10.118143629064312,0.004221971905548924,0.12129187587948086,0.04496359563368999
3.429999999999971,10.15414009141355,0.009165193483485977,0.10591294038113017,0.039695852700394614
3.4399999999999706,10.065998023535201,-0.005755831095882445,0.09303371219851005,0.03526394202354578
3.4499999999999704,10.093123467881677,0.00457597155017731,0.08153470663547051,0.03149464512483008
3.45999999999997,10.184457411245788,0.010935867668582875,0.07121937740403274,0.027866305300877105
3.46999999999997,10.081014148571258,-0.012645845702592126,0.06289225366697851,0.02451444014996399
3.47999999999997,10.071170456375654,-0.0008708331205837532,0.054929556721466745,0.02197592871825478
3.4899999999999696,10.270520916002463,0.023792070542172927,0.011201592409914826,0.003685033568133283
3.4999999999999694,10.131558587938745,-0.012702810463190073,0.04722534613932902,0.01864611141535948
3.509999999999969,10.103697562676674,0.0007784944674868988,0.01255066150308814,0.003944500932223935
3.519999999999969,10.312953919594237,0.019124134076253935,-0.04064508126929369,-0.019145152023996696
3.5299999999999687,10.198041521560977,-0.02589430752753574,0.0019066630947466039,-0.0009722719731049236
3.5399999999999685,10.16428364660664,0.0015289347217037645,-0.02225959014461329,-0.011439438637117372
3.5499999999999683,10.394733485677886,0.023624563333274607,-0.08308410371521305,-0.038827898280165286
3.559999999999968,10.25416276336479,-0.018147139870320433,-0.016945037755513915,-0.01049506171317673
3.569999999999968,10.21616440558104,0.00047693757419652516,-0.04148215703832547,-0.02170725782081547
3.5799999999999677,10.42379809424756,0.019207046046054523,-0.09102139088500465,-0.044568516460534245
3.5899999999999674,10.285903096734282,-0.017312365604937142,-0.01976108425880087,-0.012839037636107038
3.5999999999999672,10.268560924155048,0.0013935855747253115,-0.03985697935650409,-0.02253544044851781
3.609999999999967,10.363900449069135,-0.0006023175200488803,-0.039999674772725424,-0.022928887460339595
3.619999999999967,10.303292497461022,-0.008227691546367764,-0.0056515482426439355,-0.007550466307898036
3.6299999999999666,10.286758487156686,0.0023835716186949,-0.03148673558581719,-0.020047761262663256
3.6399999999999664,10.297941117549755,0.0001916224965129505,-0.01820199466098646,-0.013974815731313818
3.649999999999966,10.289538607651037,0.0015134504006716473,-0.013120907115585013,-0.012044302311495229
3.659999999999966,10.257726173100945,0.002555705564715979,-0.022355395087286335,-0.016907921777626574
3.6699999999999657,10.285623732516562,0.005614819868421997,-0.014039140535618383,-0.013242374101399794
3.6799999999999655,10.254711120507764,0.0036542191589249207,-0.012223184618499451,-0.012632691642808367
3.6899999999999653,10.215147026955343,0.0037425427491985684,-0.006585213818118284,-0.010051295063882897
3.699999999999965,10.271690871298837,0.005116737889794146,-0.007163080394794006,-0.01052045578207909
3.709999999999965,10.20799008479968,0.0037363063399572195,0.007559300730840524,-0.003265139819803703
3.7199999999999647,10.168332961435569,0.00866021084056926,0.00557923750652709,-0.0042461708284961515
3.7299999999999645,10.229612523743864,0.01711026363223776,0.0069921389945083465,-0.0034841098846452247
3.7399999999999642,10.165778559315214,0.004774438773106838,0.011090168752869835,-0.0013546123565052297
3.749999999999964,10.126089241278558,0.009124965110002962,0.009389252778545661,-0.002201346904405467
3.759999999999964,10.18601424426116,0.007803991186173328,0.006723438353512405,-0.0035382301174146998
3.7699999999999636,10.125922339204564,0.007481039627162021,0.013800784725405225,0.00015120203242509952
3.7799999999999634,10.088665988471323,0.01165975111581102,0.010677845023285306,-0.0014163311714633893
3.789999999999963,10.133594289663685,0.021519178588436036,0.004867038156745792,-0.004237336366625252
3.799999999999963,10.107065891675058,0.009783358334616547,0.012103959685852378,-0.0005441528771162182
3.8099999999999627,10.049829621300228,0.0045796696125449945,0.015928052927377923,0.0013854296360481036
3.8199999999999625,10.070954913175324,0.0030270289555442286,0.01240607143797184,-0.00021636857436641878
3.8299999999999623,10.10405159836233,0.019014244736783318,0.0045572670285680805,-0.0044802801296913415
3.839999999999962,10.016303441862771,0.00016435915777410757,0.019036836587511582,0.0029604085047982677
3.849999999999962,10.03263958058841,0.015123106641645328,0.0038207412017385186,-0.004798639126833806
3.8599999999999617,10.075699418075189,0.009254375398788737,0.00899262447304767,-0.0022803330702774608
3.8699999999999615,9.986502276319019,-0.0012648970292929759,0.014005006093740455,0.00016402507076614288
3.8799999999999613,10.003132052860348,0.013276885066020871,-0.0002294516569976028,-0.007062831324608623
3.889999999999961,10.047609929659442,0.008407391178163939,0.003701910608125215,-0.005226365063582346
3.899999999999961,9.958909851727096,-0.0021218913853027813,0.008867334869679189,-0.002732373317570205
3.9099999999999606,9.976043865144948,0.011767025440127027,-0.004541454675251532,-0.009480543308384853
3.9199999999999604,10.020147300511706,0.006750436148144647,0.002018719108900696,-0.006303868872632698
3.92999999999996,9.932629046864916,-0.002480862677676536,0.005022087845926947,-0.004938843072493508
3.93999999999996,9.949863956480678,0.01098621096870923,-0.008282234931716384,-0.011570967224724681
3.9499999999999598,9.989903176086447,0.005137595927366861,0.0010008226923036094,-0.0070276617844477526
3.9599999999999596,9.910378400067199,-0.0019674155914391166,0.0028678465528804613,-0.006245643915996656
3.9699999999999593,9.922157079084585,0.010127689764437637,-0.009574407809017294,-0.012373772882849146
3.979999999999959,9.946774678909511,0.0029283721921792138,0.001670927636964125,-0.006874412441652214
3.989999999999959,9.902346293745135,0.002313245972862253,-0.0015908375288669085,-0.008674481119521581
3.9999999999999587,9.895952786935798,0.008014418086250596,-0.006874213930893754,-0.01114624696066737
4.009999999999959,9.912845168924324,0.003410231051064014,0.0015106776169456237,-0.007120754091587101
4.019999999999959,9.878429727938054,0.004578591302322339,-0.002449948293303117,-0.009244981428117248
4.0299999999999585,9.8688344441583,0.008400309839106286,-0.0052271784786094445,-0.01043465784756916
4.039999999999958,9.883894234311903,0.004113486034831388,0.0021557748114161726,-0.006935018154794363
4.049999999999958,9.850471615195106,0.005949943040704339,-0.0016111452586392073,-0.008935154407684222
4.059999999999958,9.841065810285642,0.009525546815111405,-0.003744805893468332,-0.009779265501502838
4.069999999999958,9.85486541014303,0.004598721951146561,0.003062301110881469,-0.0065879704471249086
4.079999999999957,9.822442416437122,0.0072462591174760555,-0.000437145709508479,-0.008428872036911788
4.089999999999957,9.812655571975407,0.010273631445885067,-0.0019499647109498322,-0.008944444766203262
4.099999999999957,9.8263654356786,0.004909697752670686,0.0036995447467423003,-0.006342895407648727
4.109999999999957,9.794481477435692,0.007982910554971356,0.0008132202830397446,-0.007860000192235286
4.119999999999957,9.7846115398443,0.0105742413102096,-0.0003499611914266525,-0.008186914602968448
4.129999999999956,9.798264847915942,0.004750293162705603,0.004349873798653009,-0.006069973232767991
4.139999999999956,9.767382034703838,0.008319476364246946,0.0017056212211958325,-0.007447226635726634
4.149999999999956,9.75740070528497,0.010432157944247202,0.0008463695196277213,-0.007614938218792021
4.159999999999956,9.770868264717942,0.004189220841744203,0.005012035978919692,-0.005781402282326171
4.1699999999999555,9.742340620954065,0.00847053768500857,0.0020837530949175077,-0.007266667778684269
4.179999999999955,9.730756218609146,0.009719062200538637,0.0016280573666730856,-0.007236506699415224
4.189999999999955,9.745087675054826,0.0035274591138943303,0.005395942277921404,-0.005617893355756732
4.199999999999955,9.730055158760674,0.010067251555147445,0.0013594836202167574,-0.007576457852918517
4.209999999999955,9.703224124423484,0.0070352120725281015,0.0025421354769548385,-0.006799125081037772
4.2199999999999545,9.719317571610661,0.0027978049197119902,0.005416188712341485,-0.005606485056167981
4.229999999999954,9.708759232301503,0.009163813733219743,0.0015344032542489274,-0.007460598384625219
4.239999999999954,9.679358891207544,0.0062440628263942385,0.0024411035509787167,-0.006821343295207437
4.249999999999954,9.695459752531091,0.0018885759514297652,0.005170800690611884,-0.0055483766072142605
4.259999999999954,9.687316060541855,0.008482145722872524,0.0013120774541216362,-0.007407290578264332
4.269999999999953,9.65904551709122,0.005968623455345473,0.0020424749033395393,-0.00713640591150256
4.279999999999953,9.675020676139768,0.0011076733918514755,0.00461051798354534,-0.005834729347032545
4.289999999999953,9.66888881303827,0.007966778705969362,0.0008891089940985948,-0.007523358897680774
4.299999999999953,9.641541301668152,0.005640291543141002,0.0015729687524233251,-0.007327306052315692
4.3099999999999525,9.658015695226757,0.0005065958054745828,0.0038099045419087182,-0.006171381719216575
4.319999999999952,9.652940276170686,0.007240874496292841,0.0004499634846130076,-0.007433225853022646
4.329999999999952,9.626661357938529,0.005441511737113279,0.0009857387181081306,-0.0073861320742281515
4.339999999999952,9.644071942872763,-5.145100022407204e-05,0.0028406307108323698,-0.006480864168336848
4.349999999999952,9.639651111186938,0.006199082330092976,5.058070961831175e-05,-0.00743152400767619
4.3599999999999515,9.613618020368984,0.005450319890047885,0.0002916175083334411,-0.007514364184186915
4.369999999999951,9.632604041127692,-0.00028198565392842894,0.002035770827450328,-0.006754116748621794
4.379999999999951,9.628950470795468,0.0007936126474213984,0.0014195706727296365,-0.006806789550718704
4.389999999999951,9.603342674033446,0.0066547130481752585,-0.0009438348438950608,-0.007843063953856878
4.399999999999951,9.623183775343126,0.0010064044962400445,0.0009134595270539702,-0.007216337472331757
4.40999999999995,9.620539478486272,0.008382349851055437,-0.0027030797283055163,-0.008238859996757908
4.41999999999995,9.596166196430406,0.00559877962890073,-0.001236969820959207,-0.0077373355263257735
4.42999999999995,9.614941384942847,-0.0006776368814352796,0.0009674404102901239,-0.007050374495451748
4.43999999999995,9.613194831792326,-0.0004531026996124937,0.0008501524878574171,-0.006833749509096544
4.4499999999999496,9.590440364463241,0.007314704846977475,-0.002789204038257944,-0.007874196322447676
4.459999999999949,9.60766165282149,0.00025561174604278684,-2.2896357381595785e-05,-0.007088420910434744
4.469999999999949,9.611390151661652,0.00810268995977187,-0.00420717212439306,-0.008230408116332725
4.479999999999949,9.583474865869112,0.004785332572265002,-0.0019791060149836957,-0.007289933120928298
4.489999999999949,9.598070932056611,-0.0014772092239582746,0.0004371616006609699,-0.006665300271202524
4.4999999999999485,9.657720459983688,0.002170710101672729,-0.0030601447648609765,-0.007568827994724268
4.509999999999948,9.46512618452605,-0.0032465616746787935,0.004903302301036353,-0.004947217419926944
4.519999999999948,9.692542572629238,0.01494939758989107,-0.015743910813793234,-0.01123997287541793
4.529999999999948,9.649671878587423,-0.004175280147223644,0.0024346739314294852,-0.00560507928509611
4.539999999999948,9.41023992911493,-0.003444638218011446,0.006804780164675242,-0.004190023035775535
4.549999999999947,9.730499742787003,0.019117373939139818,-0.02026800114570734,-0.011977443003074139
4.559999999999947,9.652247203634666,-0.006604729645357862,0.004516229584800977,-0.004763507632649319
4.569999999999947,9.391744190270497,-0.003755217751538647,0.008128437897720176,-0.0036475849393567752
4.579999999999947,9.741758764224032,0.018536413792596747,-0.01921019929363404,-0.01105001078197806
4.589999999999947,9.64578180537131,-0.008816259862722102,0.006196349436161185,-0.0041101317217546104
4.599999999999946,9.36801788612406,-0.004665014834867333,0.008479565341606444,-0.0034117504044601076
4.609999999999946,9.842334003455326,0.022861048423624165,-0.024134313049167327,-0.011591657917526803
4.619999999999946,9.521624975600767,-0.023268327421459876,0.02141983155943494,-0.0002732609427339673
4.629999999999946,9.429119516889157,0.000438835765303574,-0.00741716501657488,-0.0069801732321616
4.6399999999999455,9.879327553355672,0.017629692020657586,-0.016470341162849164,-0.009103621117491861
4.649999999999945,9.469447731353432,-0.013190112612852337,0.022192413118585094,-0.0001937511887310393
4.659999999999945,9.457864235798644,0.006353737675909661,-3.232413805428889e-05,-0.004977368404127719
4.669999999999945,9.893506893133955,0.01017002781123904,-0.01371089069646105,-0.007941081254674185
4.679999999999945,9.466322371476034,-0.032296697171420356,0.01293761490964106,-0.0021934660129238064
4.689999999999944,9.466950452410634,0.009128604467067047,0.0007430515936071579,-0.004532873076087475
4.699999999999944,9.90543746349058,0.010290572204851337,-0.01196669652595984,-0.007057710975168514
4.709999999999944,9.475241745823952,-0.025702088912927863,0.010686979220859075,-0.002550349669305107
4.719999999999944,9.479338921186086,0.009782668534169573,0.0007661621203893748,-0.004223522207492199
4.729999999999944,9.912694095896661,0.009105697474309194,-0.010431755956246626,-0.006259053763924176
4.739999999999943,9.490339855289848,-0.02237644021326838,0.007846998264294152,-0.002881718772606379
4.749999999999943,9.503466385103671,0.01017072992209664,6.411270986058364e-05,-0.0040012189994055244
4.759999999999943,9.898146412585234,0.006144761775440367,-0.007445554738515295,-0.00526453007473386
4.769999999999943,9.522279741375812,-0.018957765259682437,0.004235961103145455,-0.0032061267400630995
4.7799999999999425,9.58487779993701,0.009748039808842148,-0.009807576113744146,-0.005012868816733415
4.789999999999942,9.734126246053386,-0.00073368871160798,0.0018456901899231355,-0.0034407514395414997
4.799999999999942,9.695149615361988,-0.004426955832823117,-0.0026480966758404474,-0.0037864138422183348
4.809999999999942,9.571746583278467,0.002965880870679579,0.00224152313414954,-0.0029488908158389225
4.819999999999942,9.714739987167475,-0.0006960916826095397,0.000842379327708786,-0.0030255168552510985
4.8299999999999415,9.73395318643817,-0.004111477226456643,-0.0067016303762141875,-0.0037278920334663287
4.839999999999941,9.595149597348817,0.001237097752179307,-0.0033377066860503374,-0.003128153284512719
4.849999999999941,9.72348506929096,-0.0009584920497516532,0.001346034542231787,-0.0024943814659290557
4.859999999999941,9.749321975855741,-0.003963836009632266,-0.0055163841505844625,-0.003248258680335483
4.869999999999941,9.62391532521754,0.0009639567256678171,-0.0033732788558045405,-0.002774746008579205
4.87999999999994,9.73782454914598,-0.0014409937606335989,0.0018064477738334644,-0.002098387830991014
4.88999999999994,9.738054425770251,-0.004492032657482314,-0.004727923214636346,-0.0026847830499563867
4.89999999999994,9.71236585342408,-0.002211024197923082,-0.004889882413709897,-0.0024223730344550194
4.90999999999994,9.736633263020975,-0.002430416016558134,0.0023140401015259012,-0.0017039778797023767
4.9199999999999395,9.746168285217982,-0.002427092969191453,-0.0053670890593023836,-0.0020174821447448235
4.929999999999939,9.744930583636414,-0.0016254384198148089,-0.004394335185867102,-0.0019494910594558368
4.939999999999939,9.753337791467418,-0.0028669317396579842,-0.0029692277628114243,-0.0015945685730513483
4.949999999999939,9.76290556670689,-0.0020015224092421527,-0.0022484547653360085,-0.0013216990854714274
4.959999999999939,9.767368705442362,-0.00272033049600415,-0.0019683386977929172,-0.001329925035230768
4.9699999999999385,9.774715084821857,-0.002591154026942583,-0.0015500357564170108,-0.0010833542871720712
4.979999999999938,9.783709691913751,-0.0031415465073103125,-0.001591878562911199,-0.0008487978636404614
4.989999999999938,9.790449220002497,-0.0030789380733583834,-0.0014248183169721092,-0.0006818410396324182
4.999999999999938,9.79817963647172,-0.003584987129987009,-0.0012973704654268684,-0.0005328691961588488
5.009999999999938,9.807764415467034,-0.0037800804844037965,-0.0012803279812844382,-0.0003605652681753839
5.019999999999937,9.81395670896021,-0.004100820648637389,-0.0012490523665377974,-0.00020546776712056757
5.029999999999937,9.83237389043848,-0.004222203581469548,-0.001398937223522848,-6.250214266285465e-05
5.039999999999937,9.81721619565191,-0.004665201160861425,-0.0008741364242314939,7.457605879155737e-05
5.049999999999937,9.854093116977756,-0.004732989038479981,-0.001434997276825715,0.00023286092061504176
5.0599999999999365,9.85428597131958,-0.004835874091189773,-0.0011062803187333581,0.00035605229264303506
5.069999999999936,9.818885963533464,-0.004909821966459976,-0.0008165051196611794,0.0004863476362559982
5.079999999999936,9.89258412005535,6.430897790955274e-05,-0.0011245603955925246,0.0006323486732097574
5.089999999999936,9.881777505495958,-0.0073411689431031706,-0.0011076840597308906,0.000781470002742463
5.099999999999936,9.845184688992033,-0.007188224185265144,-0.0009609016275078108,0.0009090757051060646
5.1099999999999355,9.92296035423618,-0.006800346719396637,-0.0013536272545010765,0.001051345387326257
5.119999999999935,9.911401869887952,-0.005975590613260436,-0.0009853287941875058,0.0011731994294172184
5.129999999999935,9.875291319067427,-0.005417841615710196,-0.0007966581329375134,0.001295646202375623
5.139999999999935,9.953476499013737,0.001440313139416086,-0.00021211679324334608,0.0013527456696491697
5.149999999999935,9.940572476392392,-0.00773974598683179,-0.0009784068879888411,0.0015919964404352397
5.159999999999934,9.906153351098535,-0.0069723212867781655,-0.0007888958581980542,0.0017077956593042796
5.169999999999934,9.98439621659413,-0.007082232994579042,-0.0008191016293850706,0.0018129215537954068
5.179999999999934,9.9702711184743,-0.005057283578889893,-0.0005869240577280358,0.0019427672810365783
5.189999999999934,9.936950950947962,-0.004508161775830986,-0.00039381328620360077,0.0020592868816636718
5.199999999999934,10.01400804465983,0.002080151274520687,0.000774257613067736,0.002002260967823848
5.209999999999933,10.000632568320368,-0.0065880432257990965,-0.000502773921212741,0.002340164052996434
5.219999999999933,9.973437649233674,-0.005897960690353886,-0.00034910305780292805,0.0024561232686812064
5.229999999999933,10.036786246312111,-0.006540425784382538,-3.3528929873297036e-05,0.002494094607984846
5.239999999999933,10.031516461102171,-0.004245902685191881,4.456855067867059e-05,0.002639117586152522
5.2499999999999325,10.031931590166185,-0.004644694729680158,0.0001076605069607923,0.0027737542427933343
5.259999999999932,10.050543705932082,0.0029602888886835167,0.0014753465212066215,0.002497924038844972
5.269999999999932,10.059840553683118,-0.006167205968391893,0.00018307716767398006,0.0029356629572605164
5.279999999999932,10.066971777573665,-0.005718391857510336,0.0002631331235758024,0.0031248816419574056
5.289999999999932,10.078101902522818,-0.0049958326370166195,0.00047300136942246324,0.003015080538874479
5.299999999999931,10.088049028447665,-0.0040027905541658035,0.0006869247643894285,0.003202238229789595
5.309999999999931,10.097544274814734,-0.003603467136095367,0.0007861620070924598,0.0034116315217589954
5.319999999999931,10.107941977615319,-0.0032535155327385306,0.0009341356990387468,0.0034937704968842505
5.329999999999931,10.118227268351198,-0.0032942145213605166,0.0010075367618356018,0.0036415330150036075
5.339999999999931,10.12846929851276,-0.003195683424912236,0.0010689438617602432,0.003801810016529317
5.34999999999993,10.13921518158432,-0.003230381555247784,0.0011577676607768658,0.0038910779059235143
5.35999999999993,10.14970997432672,-0.0033122737490913524,0.0012371258501362673,0.0040295818098925636
5.36999999999993,10.159936856069644,-0.0033674574319917574,0.0012964674487363989,0.004162266766211328
5.37999999999993,10.17138857530657,-0.003492022030861759,0.0014051767500742158,0.00409846051973587
5.3899999999999295,10.181410498234323,-0.0035721900703777143,0.0015043244065882045,0.004279418940449139
5.399999999999929,10.192156258849474,-0.003629364341813954,0.0016011307431161661,0.004450232042470516
5.409999999999929,10.203919092545547,-0.0037288432870540666,0.001740526313506505,0.00431340342784611
5.419999999999929,10.212443078908343,-0.00379509344963574,0.0018286876167452285,0.004516956225232468
5.429999999999929,10.22561482904335,-0.0038401209545177025,0.002017104929708604,0.004682263734013656
5.4399999999999284,10.235583924329875,-0.003971338601718699,0.0020748520407746123,0.004571242682484563
5.449999999999928,10.234723249537897,-0.0030745668733692124,0.0022409412568799936,0.004742563364137416
5.459999999999928,10.261047933111936,0.00039744376707887013,0.004601143671808577,0.004250537812287715
5.469999999999928,10.270735928573282,-0.0065362466918935085,0.0017805920997103497,0.004990102859887665
5.479999999999928,10.262468601741508,-0.004965085296106696,0.0018636648306312787,0.0051816630836360724
5.489999999999927,10.295305369435074,-0.00619893826624069,0.0025459886882006856,0.005180415442571203
5.499999999999927,10.304945001602176,-0.0054046001865210806,0.002303677725261717,0.005151013534743476
5.509999999999927,10.29383415236649,-0.003370408384787406,0.002478798888872614,0.0052990013053277225
5.519999999999927,10.326841264161287,0.0015741113304784612,0.006802924146931216,0.004050532537526649
5.5299999999999265,10.336757766332559,-0.0068756397150216905,0.0018119853455151034,0.005579678080798332
5.539999999999926,10.325435409424243,-0.00446600796559369,0.002027233807573686,0.00571626331777319
5.549999999999926,10.357774927868801,-0.000459836446602144,0.005654072948870365,0.004646460172770089
5.559999999999926,10.367452095082294,-0.006386276130966571,0.0018001816554728738,0.005849889986663304
5.569999999999926,10.355785853463047,-0.004131229308845136,0.0019813638893318533,0.0059877033056132374
5.5799999999999255,10.387660599570955,-0.00038594768063260045,0.005847500636408431,0.004763795610801095
5.589999999999925,10.397040403281878,-0.006081767735904512,0.0018473718182684612,0.006067007193012846
5.599999999999925,10.384705874906858,-0.0036599360032854153,0.0020854943170662363,0.006174711094447682
5.609999999999925,10.41653199488172,0.00020986219156501006,0.006401629251378245,0.004712666922520115
5.619999999999925,10.425455791716102,-0.005804671897947852,0.001668972171728803,0.006342653496084221
5.629999999999924,10.412448550592341,-0.0031598356963321874,0.002063003217249079,0.006379116467049233
5.639999999999924,10.444216572126846,0.0005291875773317811,0.006792156318236608,0.004686324302854424
5.649999999999924,10.452711094190985,-0.0054742850442222775,0.0016889937976799674,0.006518825062751656
5.659999999999924,10.439048036228758,-0.002667285783556535,0.002203407567536754,0.006487859362308451
5.6699999999999235,10.470658343404109,0.0008572065082448872,0.007227341958898968,0.0046055388596368315
5.679999999999923,10.478689040251082,-0.00502078802261625,0.0016239966500801787,0.006703213631639641
5.689999999999923,10.464461224627557,-0.002147092596387395,0.002341725422238762,0.006560835271287875
5.699999999999923,10.495887118088937,0.001134800272072605,0.007631455076712505,0.004502419331486115
5.709999999999923,10.503250535339022,-0.004543663777066964,0.0016831057664602306,0.006810759213783188
5.7199999999999225,10.488798550085747,-0.0016752274024812539,0.002522484133497529,0.006541534127961959
5.729999999999922,10.519724798708662,0.001417825435860375,0.00797616126988045,0.004372099284723583
5.739999999999922,10.526496696565326,-0.003965794291181395,0.00166217212043519,0.006924050089660798
5.749999999999922,10.511787938111565,-0.0012121796104354872,0.0026898082962395287,0.0064015015854170295
5.759999999999922,10.542291983555145,0.0015704090013684167,0.008411736743967084,0.004104296100947749
5.769999999999921,10.548435459409514,-0.0034999849744527045,0.0018811002763229599,0.00705525341880743
5.779999999999921,10.533630164201284,-0.0008944031294113905,0.0029346154291237307,0.006416003870975139
5.789999999999921,10.563175599142227,0.001697110896628656,0.008800282910755753,0.003946402293788822
5.799999999999921,10.569286331216997,-0.0030476252912690275,0.0019639774618528372,0.007132054063318144
5.809999999999921,10.553868899161838,-0.0006198343970343004,0.0031514809682547337,0.006402039659986486
5.81999999999992,10.583010821523047,0.0017516455258518944,0.008855293462019808,0.0038922021486567037
5.82999999999992,10.588453292686593,-0.0024561233154947733,0.0020656870826832275,0.007145585735315061
5.83999999999992,10.572193534093703,-0.0005140397542707328,0.00329848319361122,0.00637077749291088
5.84999999999992,10.616688436633009,0.0003381414068847527,0.007768092699945932,0.0041581231316044805
5.8599999999999195,10.559278977357945,0.003496314151354574,0.005463418925686825,0.0054606660463394656
5.869999999999919,10.630566883713255,-0.01058978169599307,-1.5101000831745158e-05,0.007907675146007181
5.879999999999919,10.616621503639955,0.005070491219701719,0.011142736605746894,0.0024788580624178795
5.889999999999919,10.555973316482362,-0.0020238521118665594,0.010404692838906007,0.0030462661395022975
5.899999999999919,10.683343042904847,-0.007398712207107557,-0.0003719250820356729,0.008085849531786147
5.909999999999918,10.631438417231314,0.004589058708507696,0.001972484526036401,0.0068523317345664135
5.919999999999918,10.559147688281932,0.0008943407933104891,0.009510819908022331,0.003426869237860175
5.929999999999918,10.678631184081171,-0.00337191163134303,-0.0006759693935642957,0.00821778341700398
5.939999999999918,10.683354467257208,0.005665138000141342,0.005847630535068918,0.004925563663299142
5.949999999999918,10.553412817419018,0.004806109607675982,0.012421369953435322,0.0019392321706860078
5.959999999999917,10.665585245021136,-0.003222915057521039,-0.002246572883538579,0.008932173465770826
5.969999999999917,10.698787516175083,0.0035575604356099804,0.001876706634505317,0.006782431057307332
5.979999999999917,10.582335710313453,0.00351240561709241,0.009781663674545398,0.003116565393066692
5.989999999999917,10.641576044573991,-0.0038603684545681465,-0.008154480035610673,0.011733593667495466
5.9999999999999165,10.777327189143039,-0.0057233755259855955,-0.002118471560563732,0.008610613066498999
6.009999999999916,10.517306448172286,0.025768718283146537,0.02532415819556182,-0.004652996287843616
6.019999999999916,10.65890363703618,-0.011046189443638554,-0.006298044179735377,0.0106835477537125
6.029999999999916,10.84300432618777,-0.011561328848734145,-0.007399848765123032,0.011070968602955773
6.039999999999916,10.481024455949944,0.03976233344407374,0.03438219149312529,-0.00927934344455993
6.0499999999999154,10.620658970481646,-0.028429394999842893,-0.015193580429280939,0.014876734922989715
6.059999999999915,10.932641407733955,-0.027280047824102642,-0.02218870031222176,0.018175299776236865
6.069999999999915,10.498453601285094,0.05304292455690458,0.043962891881445205,-0.014220423576096413
6.079999999999915,10.545847461185524,-0.012659645239875195,-0.007245946675179301,0.010777341840046757
6.089999999999915,10.96795662163667,-0.04121958003840786,-0.03643258730127205,0.024902309581106983
6.099999999999914,10.533935630481086,0.06379968624229201,0.05943626136253035,-0.022191038104559926
6.109999999999914,10.543507068147447,-0.00898207660156875,-0.006451421816596083,0.010107873203036485
6.119999999999914,10.946805565618243,-0.03947204374457379,-0.03850858234591325,0.025850081407402675
6.129999999999914,10.534684696712594,0.06006088378642482,0.05662615060919406,-0.020767040979347454
6.1399999999999135,10.541802473095313,-0.00905733076714741,-0.007597582474409021,0.01033624619501884
6.149999999999913,10.872225637228595,-0.030539592639106463,-0.03354164694990929,0.023048194189027114
6.159999999999913,10.704463833130669,0.022098476699862733,0.027852771833241148,-0.0069969695871348195
6.169999999999913,10.457552043963803,0.025371510072501165,0.020254614556212153,-0.003392131045550471
6.179999999999913,10.829273719513612,-0.03904605737020882,-0.041785119899449476,0.02651631003556384
6.1899999999999125,10.755244455546805,0.011771776754111462,0.0204664672914955,-0.0037146565895450224
6.199999999999912,10.429893412407829,0.037343293520814176,0.032976999842740135,-0.009722460193717277
6.209999999999912,10.795834720671284,-0.04116387217740971,-0.041641288809408754,0.025918400670786802
6.219999999999912,10.758901112283946,0.014113478364138017,0.011644781155191616,0.00024370016451583099
6.229999999999912,10.398739099546162,0.04194616457188095,0.03942963938030524,-0.012949555282734514
6.239999999999911,10.810920078288936,-0.05900173777612858,-0.044155981320674886,0.02630420855439833
6.249999999999911,10.752511953668416,0.013312375972980364,0.0183050115103123,-0.003268382000963556
6.259999999999911,10.389178317324562,0.04389991207980232,0.04071647133222641,-0.013623310689918584
6.269999999999911,10.797496534487863,-0.05444089339831109,-0.04707743361878615,0.027263395005168112
6.2799999999999105,10.739869476365351,0.02471312451953292,0.01257997640921308,-0.0006900854649738138
6.28999999999991,10.380019823331624,0.04335365301920889,0.04098144408460043,-0.013697456654446171
6.29999999999991,10.780718599812227,-0.05393212432439001,-0.04768542491294246,0.02652015961262597
6.30999999999991,10.721720279999428,0.014038399978949373,0.018217492248293353,-0.0036040352145597036
6.31999999999991,10.382342722963363,0.0418675433179258,0.03842275264748926,-0.0125577121431888
6.3299999999999095,10.752419974222226,-0.04642770984690783,-0.04608477598406826,0.025281941031190597
6.339999999999909,10.645586488314718,0.030558486339791677,0.020814104659939433,-0.004761049716121775
6.349999999999909,10.507141824036877,0.012573955501555779,0.00760487791695038,0.0009569347231347934
6.359999999999909,10.64196464736472,-0.012217704500918795,-0.008761931376202358,0.007954801773756374
6.369999999999909,10.620467112802112,0.0055468274721813,0.008766802187166139,0.000197777977357462
6.379999999999908,10.534192945637091,0.007847050100842856,0.001663768550087869,0.0031527268912027225
6.389999999999908,10.60158990004318,-0.0021499897203884274,-0.0015653180795574375,0.004422831985443953
6.399999999999908,10.594811978569496,0.004408797005268225,0.004676178979537861,0.001645854144233164
6.409999999999908,10.526299063596323,0.007335465967185286,0.00027301353443114865,0.0033846341714285923
6.419999999999908,10.575747822839686,-0.0006919414566683582,-0.000838326289706587,0.0037356853482671914
6.429999999999907,10.571804069112483,0.004776813196542811,0.0033830245536986127,0.0018768192060239367
6.439999999999907,10.510586653405353,0.007623353936859831,-0.00018485526396530073,0.003234297705297693
6.449999999999907,10.53598062599314,0.0016401052260359209,0.00044947684606471664,0.002876247868828124
6.459999999999907,10.569338899954984,0.0008969632090051352,-0.0005210374513322056,0.0031361548922681152
6.4699999999999065,10.487526099845468,0.011198742505443997,0.0018608235354212947,0.002091131082086127
6.479999999999906,10.507397087189581,0.001837154467726933,0.0002284027871966301,0.002642281082167847
6.489999999999906,10.548909842847538,0.0001561895260201723,-0.00128565373210848,0.0031189371011823798
6.499999999999906,10.46462588152146,0.011873440197195538,0.0029214510252182956,0.0013903089866409458
6.509999999999906,10.481911134770115,0.0016133423320044784,-0.000222003211840619,0.002513104999526876
6.519999999999905,10.524704952098887,-0.000383681766680808,-0.0019529365113740951,0.0030670748096006725
6.529999999999905,10.439788197171389,0.01131272499702509,0.002366537685057373,0.0013250285251701398
6.539999999999905,10.456890785116112,0.0009896797014865635,-0.0006863845010735099,0.0023869570116745818
6.549999999999905,10.49820645258043,-0.0008076257750005531,-0.0026105739081253914,0.0030133728297333526
6.559999999999905,10.414489200805548,0.010460790854870698,0.002241646330079836,0.0011082323438795752
6.569999999999904,10.430213961976005,0.0005230163432750453,-0.001180431796851116,0.002268172936508232
6.579999999999904,10.470066740639888,-0.0011434259442718489,-0.003342481606615864,0.003133479725407198
6.589999999999904,10.389152135524293,0.00922107756229995,0.0010794818599464862,0.001352344356987023
6.599999999999904,10.402400918928608,0.00027761130591909787,-0.0016414344790927362,0.0021333664278667063
6.6099999999999035,10.425169650972025,-0.00028568375782532095,-0.0021732754610493134,0.0024490341307556477
6.619999999999903,10.379600598026704,0.006119111631582647,0.001874124311059677,0.0008523190837606898
6.629999999999903,10.373474935294235,0.0014907693834408386,-0.0016304469813438738,0.0018617975625557738
6.639999999999903,10.371828043583095,0.0013847243649859364,-0.0011040040640060754,0.0018049125510463811
6.649999999999903,10.357128493841099,0.0017925966813166082,-0.0034874972596003542,0.0023744401145769003
6.659999999999902,10.347745441227387,0.0017258398585923405,-0.0021833562350325754,0.0017455222906712503
6.669999999999902,10.340496041786162,0.0014447808048819403,-0.002771802656242193,0.0020290848127798057
6.679999999999902,10.328061260844414,0.0017159782054882752,-0.003724051972109271,0.0021419653232413395
6.689999999999902,10.318047390738354,0.0017499148506584367,-0.0032074364759744397,0.0017919791712244072
6.699999999999902,10.309338250142796,0.0015369723962431316,-0.003726529412082765,0.0020698870702167845
6.709999999999901,10.29516479913498,0.0020763975527750295,-0.003581077648301022,0.0018322678741595317
6.719999999999901,10.285616780102028,0.001784151651254327,-0.0037726515962552163,0.0017161797276776956
6.729999999999901,10.275354200345934,0.001822353940621796,-0.0037464457144299516,0.0018575536138508567
6.739999999999901,10.260010370891699,0.0022727847253435746,-0.0036758316878945894,0.0016498226029994512
6.7499999999999005,10.251007157648804,0.0018879370003381962,-0.003656101535418602,0.001482814909846483
6.7599999999999,10.238548128077015,0.0020978882705398627,-0.0034606815457121107,0.001603556683933714
6.7699999999999,10.223797401379496,0.0022957810096643967,-0.0036644295985120605,0.0014920885675058144
6.7799999999999,10.217108220298911,0.001715076151550757,-0.003760569324998997,0.0013725433910695953
6.7899999999999,10.199319217625623,0.00258506131077418,-0.0029385070005167875,0.0013419268437319853
6.7999999999998995,10.18727393588125,0.002093264173318242,-0.003393804439780941,0.0013215702707971538
6.809999999999899,10.190733601315118,0.0008200541881710415,-0.00520065090134295,0.0016784434713083525
6.819999999999899,10.159427386928863,0.0027549462190017853,-0.00948040454087118,0.003007800517668681
6.829999999999899,10.146732237936387,0.002416073605738087,-0.0003497426658010497,0.0004274467216794103
6.839999999999899,10.15512222677149,0.0006482350824106148,-0.002645634521349395,0.0009444833654797067
6.849999999999898,10.119851488309497,0.004226970126786394,0.0010590438070884397,0.00023635326675989257
6.859999999999898,10.107768492077657,0.0018379540258397357,-0.002115067923913576,0.0009769282860566544
6.869999999999898,10.11590480634427,0.0003267275713147234,-0.003630627185049854,0.00126027555614235
6.879999999999898,10.083506540139243,0.002391009043946388,-0.010413643660794636,0.0031707322410479168
6.8899999999998975,10.07080268770941,0.0018175794350539602,-9.915814515380486e-06,0.0004987383690940086
6.899999999999897,10.065324903149639,0.0011985579926725796,-0.0005134465528670215,0.0005366112620573429
6.909999999999897,10.048799636597085,0.0017649502606564636,-0.000919900244806802,0.0009026996261173436
6.919999999999897,10.037948502064987,0.000997234874680047,-0.0032251040807972664,0.0016027192732879143
6.929999999999897,10.029519270270846,0.0007615498558249146,-0.003102662504837294,0.001378886905320483
6.9399999999998965,10.015223194020683,0.0004526279159001528,-0.01176611526000725,0.003554675594539217
6.949999999999896,10.007675420424555,0.0005307225227553295,-0.0021725244749078755,0.0014274757672074817
6.959999999999896,9.975844561258262,0.0019843307138550904,0.00018639239564910046,0.000697596188088096
6.969999999999896,10.03462068917594,-0.0026197938375209315,-0.012778465478883325,0.0038663027772838834
6.979999999999896,9.947000632783709,0.005222965878584668,-0.003170311508778551,0.0017473788913997166
6.989999999999895,9.923368130709397,0.0004288702107880467,-0.0009112361861794034,0.0010689579468990955
6.999999999999895,10.038732804036295,-0.0051526516749102564,-0.016909816796260226,0.004879231327812964
7.009999999999895,9.896544703382654,0.008640419481523564,0.0023635843361592876,0.0005793039485259951
7.019999999999895,9.877996467062665,-0.001029648538847026,-0.0027548804144313177,0.0016278436357816044
7.0299999999998946,10.028111010887203,-0.00704383259813593,-0.019337347176346286,0.0055422343970254586
7.039999999999894,9.845330679367962,0.010538019671552287,0.014628487945015065,-0.002072066651648616
7.049999999999894,9.842720796783631,-0.0026310739788966706,-0.018792992040663224,0.005376849504274347
7.059999999999894,9.978616209891014,-0.0007978397554229161,-0.014881706206081924,0.004697119930922769
7.069999999999894,9.828720758446087,0.004517033424038964,0.012175532604551485,-0.001443922166134014
7.0799999999998935,9.820955356234503,-0.004098219377627447,-0.016222250859273188,0.005110336421294049
7.089999999999893,9.936469254597403,-0.009452258516467651,-0.00992815742802621,0.0038715209276650713
7.099999999999893,9.775597743947802,0.004623704314691191,0.013587813843647087,-0.00161429357189034
7.109999999999893,9.830020504301507,-0.0072164424323124775,-0.02135840399219182,0.006479510752094858
7.119999999999893,9.911971049483716,0.0008503032932159569,-0.005433235734138859,0.0030601005040054017
7.129999999999892,9.70736695734012,0.004342057607053792,0.005446424394943464,0.0004644604052498934
7.139999999999892,9.815788117261816,-0.012665204219437799,-0.009607138629002211,0.00410757761072933
7.149999999999892,9.885567937421738,0.0010607854879197112,-0.0040152091831708505,0.0029563782962996753
7.159999999999892,9.673495683677901,0.0036677778987073938,0.002928409596615243,0.001240397795391104
7.169999999999892,9.788190899386061,-0.0138112508370278,-0.0100242385018279,0.004440081247221454
7.179999999999891,9.85882820475459,0.0011297491491151935,-0.004519865851997574,0.0032927542041706224
7.189999999999891,9.647359742153,0.0033559628070156354,0.0015342992167683871,0.0017675314262928536
7.199999999999891,9.762393277359163,-0.013459391704697444,-0.010543234985125691,0.0047958031225297645
7.209999999999891,9.829162777104191,0.0017749841279700801,-0.004912494375431174,0.0036160412843164883
7.2199999999998905,9.630579014808788,0.002838106636287891,-0.001273211932912851,0.0026411655243183925
7.22999999999989,9.734741044230612,-0.011112928645254014,-0.009845436505338891,0.004890400600447726
7.23999999999989,9.774740987126469,0.003177061801980156,-0.0031847945316084976,0.0034761987508117667
7.24999999999989,9.661207105226174,-0.0005329977959740485,-0.010208596125726449,0.004994835225999597
7.25999999999989,9.694356520672104,-0.00014383862955638172,-0.003898122667434616,0.0037702168292630027
7.269999999999889,9.739293092208236,0.0009075810686059355,-0.004680360289393028,0.004165191426102171
7.279999999999889,9.656457715674746,-0.001994957084342949,-0.01260490768065972,0.005924875942818425
7.289999999999889,9.6727495378751,-0.006340677257280412,-0.0031483877888774502,0.0039059883230444263
7.299999999999889,9.718134207747093,0.0008644294793443157,-0.004902416328796969,0.004496024214814885
7.309999999999889,9.636931064520574,-0.0015352324698375357,-0.012970334208871287,0.00634423876089098
7.319999999999888,9.657008140962994,0.0005902799822879841,-0.0031129726211474094,0.004192196761122116
7.329999999999888,9.700424205379544,-0.00036073019818616455,-0.004255380528772111,0.004696857307496769
7.339999999999888,9.619313153059384,-0.00313723669117578,-0.013461299918696112,0.00687685079885959
7.349999999999888,9.648957971096205,-0.0007554487216975954,-0.0029804869552729823,0.004476070737955482
7.3599999999998875,9.670894736890597,-0.00037218807062983073,-0.0025248747801793533,0.004571691941993523
7.369999999999887,9.659403288625839,-0.009524958049092416,-0.016980364547589964,0.008197261410366015
7.379999999999887,9.533710534500003,0.0068397489963564016,0.003076222947212643,0.003141881960886138
7.389999999999887,9.73972401632648,-0.014642407513229922,-0.009188039062251012,0.0066638555827810845
7.399999999999887,9.704821229806717,0.0002486712413347804,-0.013143572666574694,0.007509788681206697
7.4099999999998865,9.414791700774403,0.004832449871357707,-0.004678016702694568,0.005486361070151535
7.419999999999886,9.762699540554982,-0.026763173255429623,-0.005700699729830178,0.006066551287291581
7.429999999999886,9.729365736311113,0.003661682285310853,0.002957883158023855,0.0032424476234291406
7.439999999999886,9.378265942359327,0.010019508061847513,-0.007240108437147637,0.0063103374776210235
7.449999999999886,9.743337656698417,-0.02864299796202229,-0.0038972397571751007,0.005751205549062514
7.459999999999885,9.729355465710801,0.003561378842401373,0.001282803757516081,0.003908839590698676
7.469999999999885,9.373792173518673,0.012832491368383001,-0.011013348124131388,0.007449750541557816
7.479999999999885,9.755465518730503,-0.03048170543975876,-0.002787351534321311,0.0055210509170012245
7.489999999999885,9.708045493419807,0.006714036637034804,-0.0001320859639730343,0.004689788995110527
7.4999999999998845,9.377712079364368,0.012884021812203106,-0.013794868832942554,0.008719619958627405
7.509999999999884,9.761281672923062,-0.03140199231722491,0.0006753174010089018,0.004739707817190101
7.519999999999884,9.705775966202815,0.008491173289864352,-0.010373873487089107,0.008083668212527295
7.529999999999884,9.389314352609977,0.01533555842813115,-0.013703479573999516,0.009080716293372006
7.539999999999884,9.745298360308814,-0.030113091047685555,0.0051389856866314665,0.0035836734306638586
7.5499999999998835,9.713137494006919,0.006225137892223191,0.0017370139347332655,0.004514175337212614
7.559999999999883,9.4440654417152,0.024540093157454472,-0.015423291901477006,0.009951732063672251
7.569999999999883,9.63470053476897,-0.01747905848044267,0.0038318172354182742,0.004199492774256367
7.579999999999883,9.813871543927783,-0.013744595062162484,-0.004893879913888687,0.007107225834034857
7.589999999999883,9.469228318035082,0.019992299109821997,-0.005610788850652231,0.007020306820153841
7.599999999999882,9.56779584323939,-0.010355213561967593,-0.005175900959787721,0.007320879087669754
7.609999999999882,9.8763961949398,-0.030243504842481558,0.0015895432466596455,0.005101373574102766
7.619999999999882,9.513394648747743,0.03734270549537671,-0.005302705530411768,0.00701567024326207
7.629999999999882,9.544204274004963,-0.008167020869109955,-0.0058864421615181925,0.007784427210922856
7.6399999999998816,9.899339555597631,-0.03936116454325818,0.0032738583580225245,0.0046549645142818456
7.649999999999881,9.55086464916576,0.03567538564303953,-0.0069815457180108665,0.007813371672599467
7.659999999999881,9.557687148261149,-0.019045122584768984,0.0026779033928412584,0.0045105262528343255
7.669999999999881,9.919320614792046,-0.04050598464474555,0.0032297674315062896,0.004406402273152418
7.679999999999881,9.549076424093307,0.04210024765028708,-0.015665814511310945,0.011389843093261891
7.6899999999998805,9.576575170766427,-0.006170770508542482,-0.005883480321007408,0.007971532459029037
7.69999999999988,9.944942753842671,-0.043955605883302266,0.005776063025532185,0.003640977489008139
7.70999999999988,9.590573150034084,0.040306293151232915,-0.014562029500987497,0.01109909990165807
7.71999999999988,9.598701513202345,-0.005342932916188192,0.0033309046518082475,0.0045543403408754395
7.72999999999988,9.972361804669543,-0.04666384253443104,0.0076308350122495155,0.0029552127856612956
7.739999999999879,9.595424580373548,0.04462513875971678,-0.03311031483084369,0.019024817266059285
7.749999999999879,9.625918659839808,-0.009214067027143285,0.006922958429463772,0.003210921507896584
7.759999999999879,10.00388170077512,-0.04908264992750434,0.0139795070877979,0.00029968107744207835
7.769999999999879,9.647124347225395,0.04289033004417442,-0.020420939057396906,0.01410768490367717
7.779999999999879,9.65546588574946,-0.006180747402714325,0.004800772811098884,0.0037579182085463103
7.789999999999878,10.033502238411613,-0.0500614764743477,0.01729795850866805,-0.0014758122247326543
7.799999999999878,9.675469350002823,0.04513866388246004,-0.03842940471149191,0.02246409156428518
7.809999999999878,9.690115908717482,-0.005794471135827236,0.009525109013218649,0.0017686302900069223
7.819999999999878,10.062358592861168,-0.05051830903353762,0.023016786883268768,-0.004151796400985641
7.8299999999998775,9.717478277395953,0.04500870731738659,-0.03695958831249587,0.022055069108806585
7.839999999999877,9.730962321686969,-0.004646736485015032,0.01163214520365873,0.0008273412513376821
7.849999999999877,10.085119723299897,-0.04879781514800447,0.025911525351293825,-0.0056459805189248155
7.859999999999877,9.752531632026402,0.04545751737903598,-0.03809278721408474,0.0230527848806158
7.869999999999877,9.822424242923358,-0.012253096246517185,0.019233631136451254,-0.0030790686656195117
7.879999999999876,10.004748450939099,-0.02554464913020996,0.009417489908543237,0.0015579357936549307
7.889999999999876,9.888035816958125,0.014068867740480868,-0.015007929024273765,0.012707701299713967
7.899999999999876,9.871899828616991,0.001996299340382955,0.007374194183315675,0.0024080986582243804
7.909999999999876,10.004154135398128,-0.018314303985021728,0.006635840544315878,0.0029091473145912987
7.919999999999876,9.947437991567618,0.006473266274879088,-0.008752285251429742,0.009885403459234486
7.929999999999875,9.922910583257725,0.003367650164837279,0.005233191346934814,0.003303673301518535
7.939999999999875,10.034678320579513,-0.014436728843178552,0.0055785530489251885,0.0033097173386270034
7.949999999999875,9.99351935607079,0.005374218142304957,-0.007195119858723966,0.009193496088368714
7.959999999999875,9.972907244883164,0.0035671922428375026,0.004877829009877411,0.003217147254028875
7.9699999999998745,10.07215496168486,-0.011973782416244519,0.004918851621078687,0.003424378791758772
7.979999999999874,10.04124258453271,0.004661190877905948,-0.006208861112558061,0.008922072767896964
7.989999999999874,10.022341810590108,0.003800102620523114,0.004385846025725516,0.003423760803126729
7.999999999999874,10.114160693753492,-0.010559415375569694,0.0047447223206852195,0.0034219779370994576
8.009999999999874,10.079434173256356,0.005355679964231263,-0.007130387885763034,0.009410905198003786
8.019999999999873,10.085724844805434,0.0020267947114626234,0.006994486404334402,0.0020300977329239306
8.029999999999873,10.161389645880202,-0.008032952301796927,0.003519863242581469,0.003938604992803836
8.039999999999873,10.120592987004265,0.006012854568863853,-0.007737978054638466,0.009689212641871274
8.049999999999873,10.143253275157985,4.3454527004075905e-05,0.001774621425630451,0.004602450030563192
8.059999999999873,10.211607257909408,-0.007131939062800374,0.004733771288909406,0.003194392471951435
8.069999999999872,10.171603313218954,0.006443239430756194,0.0023825508309559215,0.004211006574378583
8.079999999999872,10.19809393417588,-0.0008955164192061816,0.000793285894244822,0.00491565009514366
8.089999999999872,10.263430864191088,-0.006882936161733992,0.004777224277314555,0.003013614121177021
8.099999999999872,10.225445711147128,0.005952647728602627,0.0007514527905944217,0.005091045619693083
8.109999999999872,10.254595128645132,-0.0013896059204992909,0.0014130307941392674,0.004546979626571634
8.119999999999871,10.31142554290966,-0.005679624676984793,0.0044391897246720225,0.003074571451247702
8.129999999999871,10.285511360037193,0.004045909491915337,-0.0013583400758517199,0.006115717574204695
8.139999999999871,10.323772535703004,-0.0024611378487276884,0.004012864235565907,0.003046961254253677
8.14999999999987,10.326361901701837,0.0017092053016724256,-0.0003018609099254072,0.005423492617805772
8.15999999999987,10.378138916991889,-0.003424837189335213,0.02011992087180612,-0.005390618825283429
8.16999999999987,10.38438172236708,0.0013308488450395643,-0.0007564745303729814,0.005455826620893261
8.17999999999987,10.318017098134446,0.009213880173251693,-0.010584387923823234,0.010734057052123363
8.18999999999987,10.475557084051855,-0.022963365016982863,0.0272915154958418,-0.009320323687486844
8.19999999999987,10.44913072299976,0.0052940678787182435,-0.004794422880414187,0.007405906863020225
8.20999999999987,10.345782867561086,0.008573045750830283,-0.0025988031153532745,0.006059863485659357
8.21999999999987,10.527564474446685,-0.02299369526879153,0.0301259281609562,-0.01108412709863079
8.229999999999869,10.527429132791807,0.005112201573396714,-0.0044850157310937595,0.007128111341299823
8.239999999999869,10.373606410254189,0.030130407627651474,-0.01786039843319091,0.013943190128221889
8.249999999999869,10.5716329704358,-0.02486087738063327,0.033838282588743024,-0.013065055667452093
8.259999999999868,10.563026939613332,0.0066793925485433645,-0.007756800752146902,0.008882207013235922
8.269999999999868,10.433897446894832,0.0139558057277908,-0.010979070308667384,0.010242104611434062
8.279999999999868,10.637745315076437,-0.02270550722659988,0.03504192392757462,-0.013972675594245648
8.289999999999868,10.568032904096066,0.018857288645687708,-0.022966798495287162,0.016511758326411705
8.299999999999867,10.509040102534394,0.015253623972400899,-0.0013576412618132275,0.005216516509881128
8.309999999999867,10.699221903066066,-0.02013356428496104,0.033692545284967144,-0.013115511208628867
8.319999999999867,10.60552611096524,0.02102431395343435,-0.026869739803869613,0.018193266330217752
8.329999999999867,10.561021793448342,0.0015805220435517937,0.0041340847083465,0.002216001048107758
8.339999999999867,10.756111670421607,-0.019241180947016573,0.036876004028873505,-0.014765410214927199
8.349999999999866,10.653042905914115,0.023500853119667143,-0.0286498403219695,0.018574181510950104
8.359999999999866,10.617545394425765,0.0014819285386781461,0.007461667529421204,0.0002621010233155581
8.369999999999866,10.796226081679793,-0.015378996367256884,0.03526242449421796,-0.013926697198298157
8.379999999999866,10.707973873946546,0.021207895199036184,-0.02422425735486179,0.01611799564470591
8.389999999999866,10.701855348589543,-0.0005398833578987879,0.015727393035934758,-0.004069316138707492
8.399999999999865,10.786112422827436,-0.0009483619963034821,0.013202216684522981,-0.0029434730496810547
8.409999999999865,10.778630734975163,0.007161666249309138,-0.0034893613829361336,0.005508737026976266
8.419999999999865,10.764700331327745,-0.00024002865604688081,0.001175587651052846,0.002969159481183571
8.429999999999865,10.823079907832918,0.0009648436351907897,0.012226162015886027,-0.0026209931517571393
8.439999999999864,10.824977736566522,0.005661159507890211,0.0006604410685850889,0.0032135993375115857
8.449999999999864,10.821540724528639,0.0005237888125272661,0.018649560823460226,-0.005389803906808287
8.459999999999864,10.869783750891035,0.0015103799097865933,0.010242077512287777,-0.001478807869301828
8.469999999999864,10.863036662004077,0.0059579893857146975,-0.001163744277748787,0.0038521922266849494
8.479999999999864,10.875249828070672,-0.002249468446698319,0.010806391570741633,-0.0017137520882043165
8.489999999999863,10.906098181520747,0.003312193228567212,0.007879832650473064,-0.00047348715867959754
8.499999999999863,10.866359192849517,0.0036764810810655554,-0.0012087692544370855,0.0038203442440140163
8.509999999999863,11.03052624767564,-0.010194274319437771,0.04550798118706245,-0.017518912074177644
8.519999999999863,10.845294108500257,0.026062074655843974,-0.027172164672960526,0.015423444116915165
8.529999999999863,10.85502332980634,-0.0006284766255660887,0.01073776552756362,-0.0015966847784804699
8.539999999999862,11.161851437945133,-0.025772765062161893,0.07283585513270004,-0.028862744441686
8.549999999999862,10.843234152112013,0.04281098496223547,-0.0658752975786908,0.03226136166297977
8.559999999999862,10.8675948325472,-0.00113218649968689,0.02683986525051217,-0.008547773236579988
8.569999999999862,11.219743747733085,-0.02935301021176805,0.07838455408559038,-0.030144343956384496
8.579999999999862,10.856312587786084,0.054344028046495546,-0.10194074661225178,0.046305191316793344
8.589999999999861,10.886588158724178,-0.0030836381992675214,0.028816880271166155,-0.009148718886889862
8.599999999999861,11.248545019657849,-0.03097956085657277,0.08179867045696625,-0.030554332424065994
8.60999999999986,10.886738685966336,0.03900881625746404,-0.0961886822655414,0.04221353356087229
8.61999999999986,10.91310506241162,-0.0018928265673782794,0.0284551100214332,-0.008726989406845517
8.62999999999986,11.27273803573895,-0.028535975457886716,0.08216888536913115,-0.029548559247584465
8.63999999999986,10.912509371322713,0.03774423756992663,-0.09599429525498607,0.0403987049641789
8.64999999999986,10.9396748932155,-0.0011375358314231001,0.029203048336072387,-0.008982199004295179
8.65999999999986,11.297991589021716,-0.0257239880429904,0.08289177304123697,-0.028744780270258462
8.66999999999986,10.935491782353918,0.03692281530205162,-0.09614099947283697,0.038544976713379676
8.67999999999986,10.965114904416456,-0.0007215429284233492,0.03079430276816676,-0.008995244190711764
8.68999999999986,11.318844658303721,-0.022916053905469806,0.082953471183003,-0.02723380850737846
8.699999999999859,10.959243526699229,0.03493124420371204,-0.09471656763009949,0.03620440053649534
8.709999999999859,10.989493664637573,-0.00047386730294325343,0.03155847712627193,-0.009029025434814899
8.719999999999859,11.336990035002254,-0.02025180633108385,0.08238146813298783,-0.025721396247934427
8.729999999999858,10.979999372583945,0.032823485570244504,-0.09316307758194292,0.03380047162155317
8.739999999999858,11.011993256880318,-0.0003274427364209203,0.032877122059277786,-0.00866500165053095
8.749999999999858,11.34756726458028,-0.017445273782751312,0.08022305431170562,-0.02329620985144861
8.759999999999858,11.002407890219118,0.029522762645694856,-0.08947052354702968,0.030892534436853386
8.769999999999857,11.030446043278436,-0.0001084444089792344,0.03177596204721182,-0.007902451270871877
8.779999999999857,11.353456692133053,-0.015165737917409591,0.07753882614984135,-0.021070869128590655
8.789999999999857,11.022745256147156,0.02622138445797999,-0.08520269188528601,0.027877952917679093
8.799999999999857,11.043443751889244,0.0004204750155023143,0.02959315604523328,-0.006343456598563886
8.809999999999857,11.34675632809289,-0.013224016329200823,0.07339768876576808,-0.018159168654630225
8.819999999999856,11.06163988925305,0.020525940834778322,-0.07279692247440524,0.022930467049291827
8.829999999999856,11.029858911326329,0.0041218601245990565,0.013059225289598549,-0.001406703077146639
8.839999999999856,11.299037075657445,-0.01958611130783156,0.0724491604668419,-0.01660498073536964
8.849999999999856,11.202814423933628,0.005840692010506074,-0.022844044196478643,0.008989473669508027
8.859999999999856,10.932253216411713,0.02683632136771306,-0.054088905445108505,0.01606932733347443
8.869999999999855,11.304911866130219,-0.024597318622735394,0.10240681449910433,-0.02217965838320433
8.879999999999855,11.233116192610792,0.017542882222195827,-0.03078344920929072,0.010219580078532988
8.889999999999855,10.911296981505066,0.02863735391641238,-0.06812277725450583,0.017880892733080772
8.899999999999855,11.301188294172967,-0.02699992656506608,0.1108345855240847,-0.022028951025202845
8.909999999999854,11.236757824775701,0.005297910895807421,-0.020550907932113803,0.007488275824750823
8.919999999999854,10.909269036748972,0.028130929118152816,-0.07051771856968038,0.017219932568894487
8.929999999999854,11.292191962553328,-0.022876352039281348,0.108066959702788,-0.01900916672572502
8.939999999999854,11.233437624337405,0.0071737669380899476,-0.022168509484973436,0.007539648256427728
8.949999999999854,10.901710370465725,0.026872703963014607,-0.07236712943403925,0.016255473563819713
8.959999999999853,11.284311647607378,-0.020358073681929288,0.10749468537259996,-0.01655164917111398
8.969999999999853,11.228024072923548,0.005039182946129197,-0.020935557885049742,0.0072945260679766165
8.979999999999853,10.890043567942886,0.02560491482061091,-0.07458592406132321,0.01553599885803364
8.989999999999853,11.275754915242226,-0.01776990913221092,0.10804879422131426,-0.014237769636951635
8.999999999999853,11.221026088268948,0.004258014749619622,-0.02144304142331701,0.006919139017910583
9.009999999999852,10.874951004862327,0.02379323888915842,-0.07703256001068952,0.014454088096095597
9.019999999999852,11.264859608333161,-0.01581336688677024,0.10898435422180877,-0.012141443614121145
9.029999999999852,11.230114347112467,0.0021592603172068117,-0.016398945461331766,0.0062936217966896345
9.039999999999852,10.840465373980665,0.023442266872437573,-0.08895749675742719,0.014898987694727589
9.049999999999851,11.249354577525175,-0.009822051504292283,0.12124511242794912,-0.01138119213286144
9.059999999999851,11.20370445880776,0.001441852832886897,-0.023070678503357273,0.006729386055502412
9.069999999999851,10.843147158017846,0.018405243113336422,-0.08202155315043709,0.012613921449506064
9.07999999999985,11.233394568025185,-0.0158214542056087,0.10423283801973139,-0.007084186460581274
9.08999999999985,11.206027417598817,-0.0004954422919818876,-0.01490338937281945,0.00580905257862809
9.09999999999985,10.80753312436549,0.01756162471870958,-0.09121327109656278,0.012310472309616807
9.10999999999985,11.210994536889466,-0.006856745510056397,0.11714183486375128,-0.006445166758109773
9.11999999999985,11.190576453113016,-0.0006642345528360668,-0.015820683061193667,0.006000448741300521
9.12999999999985,10.796717556410707,0.014286577037284864,-0.09006376227882741,0.011066514604717661
9.13999999999985,11.186126773570226,-0.011992583482136047,0.10338897381791669,-0.0032931387292826457
9.14999999999985,11.16971781530899,-0.0011159906521224072,-0.013108836887374313,0.005706772621302209
9.15999999999985,10.787338170859082,0.0119283942648421,-0.08579395155306195,0.009552910148667158
9.169999999999849,11.159032875563312,-0.001871545796791887,0.1084528391363994,-0.0015391609714004674
9.179999999999849,11.142285809947738,-0.0016839877222961925,-0.014199930966399597,0.005860013932253133
9.189999999999849,10.787545650894561,0.009026402399845358,-0.07907762084559154,0.008266414020965208
9.199999999999848,11.110571142178841,-0.00684696728331594,0.08307489444417561,0.0013471302317047723
9.209999999999848,11.070102169409102,-0.001546903766098503,-0.018487634297404132,0.005844899451964219
9.219999999999848,10.882505046538027,0.006376169307680524,-0.03502091895042657,0.006134326952817941
9.229999999999848,11.030698306284924,0.001919257787661785,0.0477006359827807,0.004127341664416436
9.239999999999847,11.033790856707373,-0.0027081615060810427,-0.0053849322641997465,0.0057021485056024295
9.249999999999847,10.894072328420226,0.0049748762571000015,-0.025755725499989293,0.005964237601386961
9.259999999999847,10.986598218759779,0.0007660605506309672,0.026571222303963294,0.005103570896202878
9.269999999999847,10.998868505639665,-0.0025500724125458374,-0.004055634823530486,0.005711979640349212
9.279999999999847,10.874498625431595,0.004424898315975998,-0.023254087157632688,0.005768945836892891
9.289999999999846,10.96277547021897,-0.001048995020912378,0.01841720315180119,0.005856608096273539
9.299999999999846,10.956992922380218,-0.001780561103457377,-0.005784847168504413,0.005716004198319849
9.309999999999846,10.852905010168584,0.0045780508317216275,-0.01705790882785355,0.0056579576789989
9.319999999999846,10.954545606827024,0.003467808571413594,0.028060123836878725,0.0065139397399286625
9.329999999999846,10.904113134491897,-0.0019450631827110229,-0.017121911501822816,0.005890305106656447
9.339999999999845,10.829311755991382,0.003915293424969581,-0.010597832739317154,0.005980294550285894
9.349999999999845,10.930440775958756,-0.0017444861825233586,0.016600305208264082,0.006477810075934732
9.359999999999845,10.865153017766728,0.0031681984256417533,-0.011515418786761907,0.005959083795975395
9.369999999999845,10.806136915825597,0.00310735435408633,-0.00813130411499099,0.006128916822553124
9.379999999999844,10.899014194232226,-0.0026948617407133624,0.011381216419564426,0.006876871204076054
9.389999999999844,10.813898438595569,0.002474945196430719,-0.01857638071256535,0.005864399531992873
9.399999999999844,10.766143055254082,0.0023945680910746627,-0.006185334034270927,0.006327396294035043
9.409999999999844,10.909367684791858,-0.00269022362852553,0.021952261364746754,0.007433282445886861
9.419999999999844,10.768134322469855,0.001821436573394906,-0.03286728213651543,0.005159133114668782
9.429999999999843,10.722744918599252,0.002028564198284893,-0.004895294919739234,0.006446394220777735
9.439999999999843,10.904893027513474,-0.0023956803278152366,0.02796641642710918,0.007999334519785574
9.449999999999843,10.756633175746261,0.0011605239130154563,-0.0332473623874078,0.005126467115076726
9.459999999999843,10.702086357818889,0.0015552620098995649,-0.0065866596403652755,0.006519330197091238
9.469999999999843,10.85602213921249,-0.003145803120988506,0.02048037619393969,0.007864949859284305
9.479999999999842,10.72605841615841,0.0007644593686501805,-0.029196741344365545,0.005343521915965957
9.489999999999842,10.679911221198385,0.0011804547897362322,-0.0054844056376353945,0.006720883096435454
9.499999999999842,10.817420388842878,-0.0007187575111936959,0.006605219884078466,0.00727050936965308
9.509999999999842,10.678888595827187,0.00013927006104313535,-0.029419793795667577,0.0053097953979014114
9.519999999999841,10.673573578785774,0.0008510004106361674,0.0016326141889038066,0.007211396840242225
9.529999999999841,10.774635804777137,-0.006721337886341031,0.01257304998473782,0.007949277169660155
9.539999999999841,10.650943585143358,0.00028306173105923613,-0.024496162505368402,0.005877139345663485
9.54999999999984,10.679977566057167,0.0011754307468976538,0.006671961268814829,0.007754462486999191
9.55999999999984,10.74391566399338,-0.002658391951086378,-0.003400321122605437,0.006961317585655865
9.56999999999984,10.598264651833974,-0.0007394012624013442,-0.027169969791318,0.005654337376644485
9.57999999999984,10.677831775748084,0.0009623198186331345,0.01907819018103132,0.00853268889418221
9.58999999999984,10.719383007126085,-0.004724155131052497,-0.007940316254669693,0.006788320418212568
9.59999999999984,10.566217630309133,-0.0015538206450665861,-0.027876958429455582,0.005722695908363968
9.60999999999984,10.659350396755334,0.0007439491081196951,0.0218940495258499,0.008721483132532392
9.61999999999984,10.662429324788533,-0.00631999736421463,-0.017926305576324766,0.006265321460104081
9.62999999999984,10.59651256944598,-0.0006773631456483154,-0.007960216614658355,0.006967272749048847
9.639999999999839,10.605998388668668,-0.00041805143526338074,0.0017980674175437062,0.007614753918287952
9.649999999999839,10.625878463359783,-0.0048479305165164575,-0.010732912111760827,0.00672959198580518
9.659999999999838,10.589063955161985,-0.0012183026153711526,-0.005388328742484091,0.007149103349651513
9.669999999999838,10.572653036416703,-0.0013009298768474268,-0.0030018112662558542,0.00738163574668416
9.679999999999838,10.602497105808201,0.0002750080427401519,-0.008387115590632486,0.006890005810069482
9.689999999999838,10.56130241756313,-0.003116310118975685,-0.00991084103041529,0.006917109562401604
9.699999999999838,10.546793188634668,-0.0034489874720292847,-0.00547354245053399,0.007231306470898171
9.709999999999837,10.616207368906736,-0.007831209519731487,-0.006469561913310255,0.006967211635739928
9.719999999999837,10.441340701141234,-0.0045524921928752834,-0.039602485038169245,0.005578137562126818
9.729999999999837,10.614502325947502,0.0023116358457548943,0.020204975581427077,0.008219931738963918
9.739999999999837,10.614062483016262,-0.00895540863072289,-0.022170916635282787,0.006249944276871841
9.749999999999837,10.333107224942246,-0.005341735030240887,-0.05573964318105136,0.004990931934246299
9.759999999999836,10.637799000550617,0.003288442746810648,0.05167010021270532,0.009072969644059774
9.769999999999836,10.60915568172203,-0.008862429440554357,-0.027227873782641868,0.006067359130374595
9.779999999999836,10.289491782053293,-0.004727441794392612,-0.060208818894256215,0.005015204466126075
9.789999999999836,10.630112545695962,0.0029384353218097643,0.07482259985926717,0.009188132323121092
9.799999999999836,10.599972011746605,-0.009129439412641743,-0.029387447045068862,0.005985414464734249
9.809999999999835,10.273234798907502,-0.0030049864965773195,-0.06202428113116629,0.005179089570795745
9.819999999999835,10.615638555378938,0.004847662921265899,0.05902362936551805,0.008185978483850036
9.829999999999835,10.586153697493774,-0.008670117069663138,-0.027097830984074,0.0059892472249351925
9.839999999999835,10.262094262278861,-0.0018918298407928692,-0.06041020807378634,0.00539264865573979
9.849999999999834,10.604964167587484,0.004404036247211849,0.06118917820530854,0.007703149522810454
9.859999999999834,10.57345378109322,-0.007800261944733907,-0.025885661667289638,0.006006800148572517
9.869999999999834,10.252168729007689,-0.0011925125405523802,-0.059608233322560204,0.005636127182258619
9.879999999999834,10.595046159289572,0.003635409015866692,0.06144296197438941,0.007109056833494013
9.889999999999834,10.561389614890883,-0.0025854357025460097,-0.025011461780671644,0.006014001704867783
9.899999999999833,10.244353950632451,-0.0013083471922155979,-0.05947646879787956,0.005898658955742413
9.909999999999833,10.585231308609087,-0.005504299054579617,0.05914792206442038,0.006408222615631595
9.919999999999833,10.549777407529128,-0.00010555725537279532,-0.025141140168815624,0.005998058473548714
9.929999999999833,10.239880910903395,-0.0013817012196912493,-0.05905129277810637,0.006158937698419348
9.939999999999833,10.575562334820063,-0.0003030146406266771,0.058698770658210477,0.005639956412494311
9.949999999999832,10.539362840582296,-0.0022568630163483532,-0.025999430228565767,0.0059565315391213
9.959999999999832,10.239625211944489,-0.002677072211821856,-0.058393503771138784,0.0064132000663861335
9.969999999999832,10.565436059788823,-0.011074587990409713,0.05621131535825483,0.004827744602332904
9.979999999999832,10.530963955982664,-0.0012076061964907813,-0.025708014092446732,0.0058793021422349516
9.989999999999831,10.244615925545085,-0.0018741850850432016,-0.05696366883924773,0.006568650287026611
9.999999999999831,10.55338380075719,-0.0011082160174177463,0.05372216964671379,0.004020894325287995
10.009999999999831,10.527875400632679,-0.0041504234449411224,-0.0236856919620951,0.0057013740485490315
10.01999999999983,10.258575672416757,-0.01280235512572121,-0.05516865858740587,0.006668489999948233
10.02999999999983,10.522296891953742,0.00012253079914188638,0.04496166747091033,0.0034158400915719348
10.03999999999983,10.550534506439831,-0.0020219665442386867,-0.009805067654825455,0.0050346472185419195
10.04999999999983,10.307943378952903,-0.012399296925253125,-0.05375691532806232,0.006674827266555697
10.05999999999983,10.394752905521843,0.001064288175256057,0.0058021755310951545,0.004141304582840994
10.06999999999983,10.647441913041018,-0.0007194800641761041,0.04126410087031557,0.002580938276705024
10.07999999999983,10.30420425758814,-0.012115752269201415,-0.09228946801221566,0.00825815084054448
10.08999999999983,10.372024107581014,0.0013502994089203508,0.011819908447176517,0.0033259812526352187
10.09999999999983,10.671227325968971,5.571710028636783e-05,0.056731777589356824,0.001154243818757754
10.109999999999829,10.316284673606317,-0.011599657125130867,-0.09349117216492406,0.008401216054696093
10.119999999999829,10.376743498521968,0.0024961533404470734,0.027497745599482582,0.002058046542212054
10.129999999999828,10.681440029823008,0.0005525837430425845,0.05870207480010788,0.00040843637996371227
10.139999999999828,10.326831434322344,-0.010879433491189671,-0.09608205900572027,0.008601931383670491
10.149999999999828,10.38327147008889,0.0016139942292409677,0.008676080536609215,0.0025198049836278346
10.159999999999828,10.692310453164138,0.0009590102132166836,0.0634225837391412,-0.0005768268732960461
10.169999999999828,10.336991747591243,-0.010151350754042826,-0.09522651420733322,0.008445529318395656
10.179999999999827,10.393550947119673,0.0019559235982426313,0.013805244029366025,0.0017189540119428913
10.189999999999827,10.707278892673612,0.001308174559130027,0.06691881261972296,-0.001421338548917695
10.199999999999827,10.34764026852891,-0.009421178963761155,-0.09652836620961604,0.00837250587635014
10.209999999999827,10.405161946405233,0.0018570019016051276,0.014759924958650203,0.001169895543551023
10.219999999999827,10.723125503711655,0.0016778571818835235,0.0695825825996299,-0.0021761676454332673
10.229999999999826,10.359954463883355,-0.008652753690546211,-0.09834616563613884,0.008249957752481144
10.239999999999826,10.418037954105786,-0.00017841406870219286,0.015332300273962136,0.0006495743280109183
10.249999999999826,10.73597737822779,0.0022078700929851138,0.07114245395733866,-0.0028312121788256076
10.259999999999826,10.375928443449368,-0.006142862566725842,-0.09914064309858893,0.007949805273122093
10.269999999999825,10.433380296177832,-0.006393859854808607,0.01695548096099179,4.915989048815436e-05
10.279999999999825,10.74630492574932,0.00306916800044413,0.07078973683564939,-0.0033447904024676376
10.289999999999825,10.394469596457087,0.0032869934012739856,-0.10202891593893895,0.00760130437869997
10.299999999999825,10.452953828317797,-0.008128977735391943,0.018066513377237147,-0.0005273141004221364
10.309999999999825,10.747500996828505,0.00296486548914829,0.06782799007017153,-0.003638964335811399
10.319999999999824,10.422210277832052,0.0017000225029193577,-0.09539948447664358,0.006521599996541531
10.329999999999824,10.527252449005493,-0.00872438416432406,0.03162785881400203,-0.0018500681179275426
10.339999999999824,10.632558526889914,0.003367505943136629,0.017159176535117632,-0.0010779926757791157
10.349999999999824,10.525304609390366,0.0007083020457798493,-0.03531330312002735,0.0020950378346041056
10.359999999999824,10.552064828542623,-0.007214801060219554,0.005036762524865279,-0.0007182092446844292
10.369999999999823,10.612083227969112,0.0028568244849484694,0.007596498647436182,-0.0011138810825578184
10.379999999999823,10.565439811909155,-0.006241582842029422,-0.012127970479226508,-0.00016580825832708903
10.389999999999823,10.576649871443271,0.0020694843313034538,-0.0003355191816412655,-0.0010912343636310894
10.399999999999823,10.620214915474303,0.002287139575678776,0.004369519356386682,-0.001514530707484249
10.409999999999823,10.591010989716834,-0.0073231492730719844,-0.006100875720133998,-0.0010977921819956848
10.419999999999822,10.599210617787776,0.0019173146882291334,-0.0012167795624588899,-0.0015979373786019304
10.429999999999822,10.635144537303074,0.0020670353079781443,0.0027145089240649145,-0.001953505013596321
10.439999999999822,10.613858602724976,-0.006919916451576237,-0.004103035003485786,-0.001752151079215718
10.449999999999822,10.620174927873085,0.001850120453587317,-0.0017973441354677438,-0.0020897645456125404
10.459999999999821,10.652749458697363,0.0021459115265681627,0.0020154358630291333,-0.002413635861302554
10.469999999999821,10.635983596646334,-0.005883109208356009,-0.0029387527982112213,-0.002327558104890297
10.479999999999821,10.640881073862673,0.0018136561725982014,-0.0018544988815418421,-0.0025886379660855783
10.48999999999982,10.672126176132188,0.002436112592339618,0.001879038656081798,-0.0028781813171994634
10.49999999999982,10.65796182192832,-0.004548217807118025,-0.0021614469002945143,-0.002861214679341873
10.50999999999982,10.662525167743837,-0.0007539131908600971,-0.00014921787278788644,-0.0031133783401289957
10.51999999999982,10.69217193440702,0.0035837400948160705,0.0016230147067881739,-0.0033221240384487447
10.52999999999982,10.681837252977878,-0.0018893375819824365,-0.0015439533290100712,-0.003362833611644849
10.53999999999982,10.671610842561641,0.003291948400119949,-0.005101113766942704,-0.003528356085860211
10.54999999999982,10.734619429363885,0.004271613481737516,0.012818882808762134,-0.0038530127105459817
10.55999999999982,10.700257146129408,-0.001977697984532089,-0.005497872273300094,-0.0037360757715981735
10.569999999999819,10.685015030206651,-0.0006970919802904645,-0.001195571603880368,-0.003940307575880951
10.579999999999819,10.766983203266522,0.007380125043336921,0.01817595590249605,-0.004032281652376645
10.589999999999819,10.720409330649698,-0.0003448520234681707,-0.010208013900864395,-0.004184031202595097
10.599999999999818,10.703201677196635,-9.011092444172063e-07,-0.0013041023804513145,-0.004157603687198207
10.609999999999818,10.786846078067938,0.009222787847274,0.01888568774844409,-0.004036434544672377
10.619999999999818,10.740368179809243,0.004204550469916202,-0.01572470849053959,-0.0047978434264730665
10.629999999999818,10.72522816094801,-0.0006794603455315957,1.4020863032725747e-05,-0.004713534559266571
10.639999999999818,10.803785919028822,0.0087096742345499,0.019113622110153532,-0.0042956212662600655
10.649999999999817,10.754285008277545,-0.0010335321521269436,-0.00790608386456507,-0.00511674403729263
10.659999999999817,10.757391339522297,-9.649370425948481e-05,0.004610826289962539,-0.004859750201879556
10.669999999999817,10.825640089212756,0.009967605304650027,0.015393110170373033,-0.004495851224440737
10.679999999999817,10.759099157709342,-0.000950144247030662,-0.013008453604014085,-0.0058575021143448865
10.689999999999817,10.784725960782671,0.0014232382092222535,0.011237383254983463,-0.00484548878647878
10.699999999999816,10.846247763753958,0.01025312951542212,0.013240898781266072,-0.00472189845870033
10.709999999999816,10.770034266263393,-0.0012281467275094711,-0.014200590727164862,-0.006197583978107877
10.719999999999816,10.802100190328746,0.007419910501275464,0.008222581462684297,-0.005125156568062856
10.729999999999816,10.864840294828884,0.009155312290140057,0.01511441527262462,-0.004684343538630782
10.739999999999815,10.782077870209882,-0.0021146295662410075,-0.013521641150060704,-0.006706238480069591
10.749999999999815,10.841951169922286,0.00045595459316555585,0.027186389682217253,-0.0036912561383693958
10.759999999999815,10.812441973596682,0.006931776384876187,-0.010577131251927848,-0.006899729838229289
10.769999999999815,10.864813890368929,0.0003150543369692398,0.02453908296718242,-0.0036354270295459877
10.779999999999815,10.847981735065517,0.005863277029347317,-0.00482482242662885,-0.0064482201263737415
10.789999999999814,10.768989594838626,0.002800832638601432,-0.005775208034036672,-0.006884543687544408
10.799999999999814,10.938834402272285,0.011888048444712803,0.046848046272677114,-0.001357934681746803
10.809999999999814,10.814677656116071,-0.0038315737848280055,-0.0352869186946006,-0.009944634071441402
10.819999999999814,10.773178957105282,0.004237582271559856,0.0037767381007834987,-0.006095879179686209
10.829999999999814,10.964786790784261,0.012018268762311933,0.04928528877097169,-0.0005732078998891667
10.839999999999813,10.797279685256298,-0.006274265131958854,-0.050686247782817086,-0.012868422289057536
10.849999999999813,10.779410536623402,0.004157428171746773,0.01159062734596359,-0.005297791280200079
10.859999999999813,10.960037683594676,0.011437762696536072,0.04504513089809748,-0.0006668053380870734
10.869999999999813,10.823836672770321,-0.006212132997016231,-0.03979972422874596,-0.012363784390422069
10.879999999999812,10.784160493490319,0.0035598700082881927,0.004952856242963621,-0.006329656037158441
10.889999999999812,10.96338433051732,0.011250536765617736,0.045744934309394115,-0.00016482104879403207
10.899999999999812,10.829227867751614,-0.006608923386154666,-0.038050959347927044,-0.012981722427135817
10.909999999999812,10.791476267521968,0.0037814996406119908,0.006837894893050594,-0.0061654121070105206
10.919999999999812,10.965750290311188,0.011552062050790677,0.04508331191960256,0.0002378714581628581
10.929999999999811,10.850871470190235,-0.00604873036462498,-0.028937476480479722,-0.012188566403928257
10.939999999999811,10.833316422638738,0.005445660121567583,0.014358041768886906,-0.004760923434678759
10.949999999999811,10.897972169594794,0.0062277464082265985,0.010322887345156871,-0.005548212941639113
10.95999999999981,10.860702655886367,-0.004136937508652119,-0.004195331185529068,-0.008360304190949082
10.96999999999981,10.852751003998106,0.006442886474986722,0.015802006460456194,-0.00443748120927279
10.97999999999981,10.886413272824237,0.005444941537238977,0.003735869163569782,-0.006810695670006919
10.98999999999981,10.861388231719054,0.003695906743716498,0.00722214192305459,-0.006130345191421921
10.99999999999981,10.859080602498796,0.004647216965421823,0.013810645129190247,-0.004757910855404809
11.00999999999981,10.884066748942686,0.004315904878194342,0.0015304196054045122,-0.007103345638585629
11.01999999999981,10.858172677327572,-0.0016261143763886894,0.0016811767015606175,-0.007257341300377514
11.02999999999981,10.857764369464123,0.005989628161919345,0.015334549567318624,-0.004286813122496227
11.039999999999809,10.880419081921902,0.00493092559483726,0.002063395098490982,-0.0069975212955062675
11.049999999999809,10.854120184196637,0.005162851488227152,0.00867442768437145,-0.0053362086836157225
11.059999999999809,10.852403209600478,0.005088880509851029,0.013867982049395074,-0.00419118471676159
11.069999999999808,10.87212443755195,0.00377526526918108,0.0005973410545220292,-0.0074846479537208025
11.079999999999808,10.845366235910408,0.004244851366809044,0.00746715123080599,-0.005584389547942705
11.089999999999808,10.842199261508028,0.00413633897257521,0.01249635363384832,-0.004363871963575542
11.099999999999808,10.859825322216027,0.002956253991982746,-0.00017912809786701915,-0.007494613746903901
11.109999999999808,10.833430557141718,0.004091645077956246,0.007174079674451864,-0.005476477205126678
11.119999999999807,10.828914713656024,0.004537630857100299,0.012163487566651126,-0.004252363769483878
11.129999999999807,10.845788687894624,0.0019361334481283329,-0.0004855143913333847,-0.007540145366698517
11.139999999999807,10.818482976003525,0.0036214502335408954,0.006455491479230056,-0.005545683017058722
11.149999999999807,10.81327358831435,0.004486362886620132,0.011885232101734701,-0.004151041921340067
11.159999999999807,10.829694541941587,0.0013247713077273952,-0.00050954937696897,-0.007544161404913546
11.169999999999806,10.802391842075092,0.003151571053747953,0.006078032486842648,-0.005546113123253463
11.179999999999806,10.79563913651964,0.00420458278220078,0.01128516177229579,-0.004155685082529307
11.189999999999806,10.811973242963612,0.002530769306598368,0.0008701891700842186,-0.007106359458157949
11.199999999999806,10.793268204993664,0.0028586462090691655,0.008387804142456844,-0.004701176217163988
11.209999999999805,10.773826848050344,0.0023708782820682558,0.0066497751614595394,-0.005394794862711294
11.219999999999805,10.791176520248118,0.008176970835344495,0.0062134781792220805,-0.005349633326912128
11.229999999999805,10.777722613200963,0.0010174734242831631,0.007521507494866412,-0.004789698932373677
11.239999999999805,10.749568829028847,-0.0003561298568985107,0.002646745615940269,-0.0065186066924568815
11.249999999999805,10.766222458282884,-0.0009052692176674956,0.0009256879429502744,-0.006949654011640039
11.259999999999804,10.754529105683014,0.0014181603546272068,0.007808241646758263,-0.004559765005541182
11.269999999999804,10.728763587064698,0.00034381112787378157,0.004132262326771665,-0.005906278475227842
11.279999999999804,10.716204598165177,0.002250413630956463,0.0051346127353821035,-0.005384941283620489
11.289999999999804,10.812625915222341,0.013449361645816435,0.028551667658244288,0.0028200376131907482
11.299999999999804,10.583327848608967,-0.013542827334256175,-0.047278416173693674,-0.023354506852343547
11.309999999999803,10.822958731592713,0.0227824551863789,0.07480835015099829,0.01890997999746912
11.319999999999803,10.679708929577794,-0.015204249921372702,-0.048994944246544166,-0.023870246170875502
11.329999999999803,10.559790160914677,-0.005882141724727634,-0.009285318474005835,-0.010135005276279165
11.339999999999803,10.905596582937727,0.03610534094224613,0.08739615449225224,0.024136692062848283
11.349999999999802,10.56557088884141,-0.02788261396744444,-0.07340022857283132,-0.032879278290147494
11.359999999999802,10.564317470994892,0.0001085864836796162,0.01922402100697445,0.00026282513580156656
11.369999999999802,10.882288208812227,0.019942488234091733,0.06670761005095145,0.01757797469107817
11.379999999999802,10.5036154843093,-0.03214375918747105,-0.08151313103009049,-0.03615972510811327
11.389999999999802,10.548420188490228,0.006150123278319488,0.03262717607906462,0.005527228096001622
11.399999999999801,10.84027611280297,0.023886506126850275,0.0606633678402053,0.01611521587111583
11.409999999999801,10.528807861563973,-0.02555528208992735,-0.061967443646293224,-0.029232309270232945
11.419999999999801,10.500432262616767,-0.0008157174507293854,0.010419547090327054,-0.0022178170318440933
11.4299999999998,10.749652825066816,0.030660707255934113,0.05477255368808289,0.014543619273385936
11.4399999999998,10.648021946696984,-0.007222464756760603,-0.011321894380119686,-0.010163679490185991
11.4499999999998,10.359948745745534,-0.02600493714987012,-0.05478379593176243,-0.026721167854465683
11.4599999999998,10.720662067142278,0.040780978972527325,0.08254004251208642,0.025907673906386392
11.4699999999998,10.676727997178808,-0.004809285114913771,-0.01864360805759655,-0.01270914906080526
11.4799999999998,10.281586899821153,-0.040048199349584535,-0.07811339011813491,-0.035728826239303485
11.4899999999998,10.660179611796885,0.03739534653916498,0.1049461959820036,0.034848213952147475
11.4999999999998,10.654720768692302,-0.011395163606856919,-0.017092866281705588,-0.011997671156984274
11.509999999999799,10.256977877759466,-0.04081455449826394,-0.07613636655755085,-0.03496362891400624
11.519999999999799,10.654469622631618,0.043480420130994256,0.10835795625174463,0.037146422063016916
11.529999999999799,10.611966745559982,-0.0032052245365449465,-0.019580269625752385,-0.012639163140317572
11.539999999999798,10.240773719716307,-0.03920088261152491,-0.06855947131750337,-0.03195937659943104
11.549999999999798,10.620737987245002,0.04133983621691894,0.09968208142439297,0.03420939054432787
11.559999999999798,10.594301380176265,-0.0031462536675587556,-0.017547378089387215,-0.011789997610857106
11.569999999999798,10.195026970110739,-0.04360737498590894,-0.07379462030938849,-0.034046772225513895
11.579999999999798,10.573506422333674,0.041360134265670964,0.09540980153883254,0.033272097740381826
11.589999999999797,10.560819973534837,-0.0031986596434201145,-0.015735847635688405,-0.010738840120406252
11.599999999999797,10.175339626140172,-0.04315181306999811,-0.0691747992975395,-0.03202094327192047
11.609999999999797,10.548826655771673,0.04134273293050229,0.0915467720986538,0.03215672045767143
11.619999999999797,10.470936368060693,-0.008328849806276654,-0.030434013793024083,-0.016417691451203992
11.629999999999797,10.277664292070149,-0.022704819942673517,-0.026971924835058107,-0.014958570731637989
11.639999999999796,10.41476775025052,0.011766916533583093,0.03718005746173684,0.010781467398708085
11.649999999999796,10.406525251454438,-0.0019874211090798633,-0.010484943529693489,-0.008180720444172868
11.659999999999796,10.329054344655349,-0.010182509764304482,-0.004199942204379129,-0.00561349899846144
11.669999999999796,10.376039249260815,0.0008469698993526147,0.015537243712158713,0.002379776520095304
11.679999999999795,10.37919117910251,-0.0011245128200413853,-0.0057630761423431535,-0.0060460748485137664
11.689999999999795,10.2948610579716,-0.011005265260288031,-0.006605418498067754,-0.006338977713844401
11.699999999999795,10.340091488216475,0.001070616681103117,0.011617918862012442,0.0010518572802120734
11.709999999999795,10.352589311878084,-0.0006758372363498588,-0.004784810387057861,-0.005419674383727849
11.719999999999795,10.26781213020456,-0.011394645134704645,-0.006412879305345964,-0.006030921230338794
11.729999999999794,10.307759869991202,0.000709035616010386,0.01066947377646885,0.000903228659647439
11.739999999999794,10.325602234926293,-0.00013935997396217199,-0.00412954277151224,-0.004916606338955247
11.749999999999794,10.241738530435793,-0.011145243530789703,-0.005586334883713376,-0.005469408664887556
11.759999999999794,10.279263963509987,0.0007304142393312087,0.00987286873343647,0.0008075233993892436
11.769999999999794,10.29987505488104,0.00015239863855862719,-0.003732275139216929,-0.004522240387261404
11.779999999999793,10.217261150274322,-0.010813287405598563,-0.004815529583728332,-0.00494437727735286
11.789999999999793,10.253769161276477,0.0008485441652625698,0.00902135606887454,0.0006760623149914004
11.799999999999793,10.27407378532676,9.874874282588866e-05,-0.003863440866709549,-0.004346455067212293
11.809999999999793,10.19381507828673,-0.011019389491469737,-0.004169194712182052,-0.004632631209643484
11.819999999999792,10.230279140334801,0.0007083036017732369,0.0076834049974209145,0.00024860507838867646
11.829999999999792,10.24890157588371,-0.00014468354785006148,-0.004128047401042175,-0.0042552564247859866
11.839999999999792,10.171296917208503,-0.010983004162855385,-0.003369890082278804,-0.004068822962757424
11.849999999999792,10.204408183642446,0.000530619261681987,0.00540942956857385,-0.000439286818048802
11.859999999999792,10.22624934743002,-0.00016154247645614034,-0.003579747499470856,-0.0038177706510209818
11.869999999999791,10.162100878139638,-0.010062227381350637,-0.0017030424095664247,-0.003098389983940349
11.879999999999791,10.147245907860373,-0.0033200232564865196,0.00030246653295621745,-0.0021635715900118423
11.889999999999791,10.20823338389222,0.0018116349263892478,-0.0003335873268441665,-0.0023111772959760104
11.89999999999979,10.16880363501526,-0.007541490101089664,6.689828049894067e-05,-0.002368905820971645
11.90999999999979,10.113718282115792,-0.00906364004120016,-0.0015753427729608054,-0.0028054691010907396
11.91999999999979,10.185003920817339,0.002498283841464357,-0.00024305611116343386,-0.0021088811427506593
11.92999999999979,10.15088721328896,-0.007635571239005616,-0.0017746485454401212,-0.0028634593115783947
11.93999999999979,10.092702910589132,-0.010021317010978347,-0.0012935364347611076,-0.00252970511507576
11.94999999999979,10.163097622975473,0.0021991862526584837,-0.0006315259678892893,-0.0020942198835563197
11.95999999999979,10.13167439464671,-0.007212601674053797,-0.007595519622155671,-0.004877064741861872
11.96999999999979,10.073950550597665,-0.010216929486791393,-0.0005826496765841639,-0.002109656844875775
11.979999999999789,10.144617639918284,0.0020356996207980503,-3.095983159667585e-05,-0.00172297372697369
11.989999999999789,10.112967655547543,-0.008188769975327172,0.00036570318165446696,-0.001808937623594266
11.999999999999789,10.058171571776896,-0.009439747947006642,-0.0009807390024872342,-0.0021367472299621544
12.009999999999788,10.126718079851756,0.0018747461449398586,-0.0017238315673978142,-0.0022257431251245813
12.019999999999788,10.096758134869289,-0.006981236292963769,-0.00845722556234325,-0.004914744751457138
12.029999999999788,10.042765708325817,-0.009034022104156684,-0.00015211690354398832,-0.0017334327974252838
12.039999999999788,10.110662445026051,0.0008898174036887326,-0.0013169234575519165,-0.0019811603342614597
12.049999999999788,10.084865850587486,-0.006146681924531596,0.0006760331468739593,-0.0015249808297360685
12.059999999999787,10.011065552478804,-0.010695256787871926,-0.0027451600663443436,-0.0026028483817296397
12.069999999999787,10.136159218603884,0.0003917973938175843,0.0003300916030662865,-0.0013215035649965727
12.079999999999787,10.02909448751106,-0.013356160958346481,-0.018702375523563176,-0.00832466936423657
12.089999999999787,10.02639000478963,0.0001855249143909715,0.0034929530060365125,-0.0002646489573676213
12.099999999999786,10.137612379397352,-0.0001301518091929474,-9.537396164989686e-05,-0.0014390262307355725
12.109999999999786,9.971246022236867,-0.019062969270402658,-0.008812830800076736,-0.0047783873517580734
12.119999999999786,10.0398101433822,0.006619230848932254,0.004875699389173034,0.00026329109042349304
12.129999999999786,10.128393638263129,-0.002175432234632052,-0.002864828508478287,-0.0024023703250121986
12.139999999999786,9.960824624666918,-0.016318859590848736,-0.0076110562923239495,-0.0043247631512133376
12.149999999999785,10.039931699931516,0.009427066156420114,-0.0009859194935002862,-0.0017976727998871367
12.159999999999785,10.121808498453834,-0.00234688341263218,-0.002929473107664426,-0.0024605366182078505
12.169999999999785,9.952160476284536,-0.015183857040769572,-0.005524536993397143,-0.0036267083244203684
12.179999999999785,10.050019966304387,0.011911406143647173,0.0008950984405425617,-0.0012248697775584247
12.189999999999785,10.11713488764911,-0.004250324164011311,-0.004222121806381615,-0.0029897001686059765
12.199999999999784,9.935466538771488,-0.016201567948567572,-0.005323036236769622,-0.0036165600356356884
12.209999999999784,10.047977303859009,0.011712592413584232,0.0007847834512946203,-0.0013556175498658978
12.219999999999784,10.113145303998564,-0.004311034800099615,-0.0046545378910535385,-0.0032131124119477803
12.229999999999784,9.926857801313886,-0.016055624281914357,-0.004628270778966495,-0.0034527113978356488
12.239999999999783,10.041823403101812,0.003400730967265677,-0.00022360799181193102,-0.001978045457925537
12.249999999999783,10.09745148891131,-0.0031747449682714528,-0.0056949122020727265,-0.0036639803869304476
12.259999999999783,9.949860933223896,-0.00899268070427717,-0.001684959363465436,-0.0025385187905358642
12.269999999999783,10.009480533426153,0.007723595800957259,-0.0042563886282797805,-0.0034534215846310674
12.279999999999783,10.069128281738426,-0.0030729158103391906,-0.005514106344033768,-0.0037387187719552656
12.289999999999782,10.01757845128431,-0.00012308330155129147,0.002038142101972675,-0.0014374021162312622
12.299999999999782,9.983022279643773,-0.011046630716406951,-0.01024828403655893,-0.00556449126487542
12.309999999999782,10.058603897212524,3.5396843988792683e-05,-0.00432368034325145,-0.003358426137560869
12.319999999999782,10.028233182972329,0.0006171340749233888,0.001841232767274487,-0.0015331231289657295
12.329999999999782,9.98161785236311,-0.0008445052287047912,-0.009168883796311755,-0.005275973491548011
12.339999999999781,10.054047206459689,-0.0015258666566732638,-0.004981347679088485,-0.0037241498397975236
12.349999999999781,10.029207707770611,-0.011307031924536252,0.0015444187914167567,-0.0016015741304278572
12.359999999999781,9.982687520329046,0.0001620760320992852,-0.008519829261733013,-0.004972474876481231
12.36999999999978,10.054414752045856,-0.0006268869563722511,-0.004956882127825305,-0.0039830066222365955
12.37999999999978,10.031178574246427,-0.009559977577921834,0.001466707861302184,-0.001793490967237508
12.38999999999978,9.986669681191179,0.0010590653083641642,-0.007781210054026643,-0.004833805393023628
12.39999999999978,10.055267663367685,-0.00017962313489556438,-0.004871083750922753,-0.004100745429626308
12.40999999999978,10.037241617273624,-0.00813924736786529,-0.0027239864134832852,-0.0032617916553444055
12.41999999999978,9.991193970314649,0.0010664765541089068,-0.005158184017727595,-0.004148301387439169
12.42999999999978,10.046260749841192,-0.000557690657610847,-0.003421234068116689,-0.0037915910339453586
12.43999999999978,10.061466281753711,-0.0036994264768885907,0.0034466000107973094,-0.001498456562668232
12.449999999999779,9.994619342961535,-0.00791257606132477,-0.007255470076123927,-0.004979155509988805
12.459999999999779,10.044713517152834,0.0010454774816312606,-0.004483074126673821,-0.004232940147626015
12.469999999999779,10.074727437084828,-0.00011442383667715258,-0.0033540544316091065,-0.003721108373035069
12.479999999999778,10.003395268433957,0.001297294049619756,-0.003212563712436795,-0.0038881197263617045
12.489999999999778,10.038889703822607,2.9719427813690203e-05,-0.002775912098487124,-0.003936225115201281
12.499999999999778,10.084836121511735,0.0009071485570097853,0.0026015525607768833,-0.0020977133455449266
12.509999999999778,10.015382583923037,-0.009093011118516363,-0.005638389837449483,-0.004846767624367479
12.519999999999778,10.060975761204858,0.0025220737039147578,-0.004559520451578073,-0.004620875284284672
12.529999999999777,10.094025192460393,0.0016230111524279372,-0.003469737975703412,-0.004128577287505519
12.539999999999777,10.023935602467235,-0.005170047931972288,-0.003905891476491521,-0.004489488138685267
12.549999999999777,10.07442815296668,0.0033584778768985506,0.0033927058725663093,-0.00236633589545355
12.559999999999777,10.105020600537772,0.0021773163618958626,-0.005777607499092207,-0.005048695155896085
12.569999999999776,10.034263209602425,-0.003830231300835212,-0.005148929170928334,-0.0050789150828842245
12.579999999999776,10.085108190282659,0.004059518787167357,-0.004351098569156421,-0.004976186047453696
12.589999999999776,10.11736394916747,0.0026621349836857067,-0.001831505755644139,-0.004044906627347662
12.599999999999776,10.046695284917366,-0.003237699309742333,-0.0040790305357016375,-0.0049674225412541
12.609999999999776,10.094715053184359,0.004500876794826779,0.0030678133442039977,-0.002882559008782981
12.619999999999775,10.130368723740993,0.0031794924577920156,-0.006151991879549956,-0.0056156477798340225
12.629999999999775,10.061266554655178,-0.002917130617959306,-0.004392646625016389,-0.0052903909278038
12.639999999999775,10.098917903011309,0.003899608330972362,-0.004726251010210238,-0.005542311473531701
12.649999999999775,10.143170829524022,0.0040614401961965784,0.003151698422405143,-0.002915193342914015
12.659999999999775,10.079933910322842,-0.00230152447247592,-0.004537814561866461,-0.0055578334444418755
12.669999999999774,10.123943879666509,0.004831115925022109,-0.00704776246412132,-0.006499361345606788
12.679999999999774,10.142064421675261,0.0023549616237200205,-0.0030609741496658194,-0.0050997252815177
12.689999999999774,10.111899587550832,0.00019924780939747816,-0.003529479004478352,-0.005455823760138676
12.699999999999774,10.14127296960304,0.003555303365880271,0.0031504807119748187,-0.0034911310468631537
12.709999999999773,10.150880541799518,0.00203076210499076,-0.004751831546803226,-0.005850360133974894
12.719999999999773,10.129865253457863,0.0006402626298955985,-0.003877493649283078,-0.005770618684958817
12.729999999999773,10.157581986093787,0.003608097544748052,-0.004422111172619251,-0.006111112222550031
12.739999999999773,10.164075183192656,0.0020184282627322366,-0.0022571929142955814,-0.0052664097222522195
12.749999999999773,10.14567718448318,0.0007942156893455665,-0.0020704269372424605,-0.00539461175586394
12.759999999999772,10.174094034878571,0.00392674988197968,0.0037825856205151312,-0.0036531399932100217
12.769999999999772,10.177662179199979,0.002205511042370646,-0.004681980664102722,-0.006238157472623126
12.779999999999772,10.166264350019018,0.00144638918823593,-0.0035973231992787063,-0.006077705189608066
12.789999999999772,10.180295714924265,0.003543421036149203,-0.0035660848778707246,-0.006232110871890059
12.799999999999772,10.241354792538402,0.00813668318662675,-0.005200930324789143,-0.006611940330748174
12.809999999999771,10.08027616563677,-0.009871948214478258,0.0041253867153962405,-0.0037575829004223
12.819999999999771,10.293645298258646,0.025988065546780712,-0.0034624321654133346,-0.006338328954868333
12.829999999999771,10.263851055891914,1.9342319512909574e-05,-0.0006802936654520277,-0.005379835964576948
12.83999999999977,10.020496902281609,-0.018564834162303426,0.005494290167939586,-0.0034952812507972456
12.84999999999977,10.354870906900471,0.038425973464037554,-0.012685250039169801,-0.00957250154690804
12.85999999999977,10.293105310356133,-0.0022075500951264635,0.0010684763740633095,-0.0050194562402079155
12.86999999999977,10.012164555962395,-0.02301298889148702,0.008053430420980324,-0.0028291250681833106
12.87999999999977,10.367131238745618,0.03966571001539231,-0.016778224064366513,-0.01115563264175023
12.88999999999977,10.276633929226936,-0.005291180350459748,0.0037743039888237183,-0.004265707458927883
12.89999999999977,10.06258673261158,-0.016574785038974443,0.005681175590063529,-0.0037678032212810396
12.90999999999977,10.449596307958714,0.04215263169499384,-0.03094332745620046,-0.016267626370869655
12.919999999999769,10.181885644478976,-0.025662728924061445,0.01836754960991983,0.0005506265352128803
12.929999999999769,10.146643285725384,4.075252152513193e-05,-0.00043889662445976594,-0.005945079067305587
12.939999999999769,10.477575598246858,0.034620026681936866,-0.009734365211360452,-0.008996421331437535
12.949999999999768,10.131751727000454,-0.03403692546001275,0.023687706126998716,0.002239257699996778
12.959999999999768,10.183802543318912,0.008016301163491127,-0.008719828845555262,-0.008940152024434538
12.969999999999768,10.518372603139385,0.03557247015449249,-0.01196454500856813,-0.009913452546991037
12.979999999999768,10.128481325725309,-0.03778075046263398,0.027854701881941654,0.0037145772852285987
12.989999999999768,10.20318374595761,0.01225193937161501,-0.013210249544306512,-0.010637624643676475
12.999999999999767,10.520753192848439,0.03455082546084534,-0.012992307354336863,-0.010440077720899374
13.009999999999767,10.186941506923013,-0.03082610245173157,0.022875786527627114,0.0020034714646934224
13.019999999999767,10.21991342233326,0.008197567694619514,-0.00923988740826681,-0.009410390557941614
13.029999999999767,10.537079737620966,0.03545348963813577,-0.015322796398698296,-0.011445977617525901
13.039999999999766,10.183570813473878,-0.03317951877756132,0.027439029210272105,0.003739530325315414
13.049999999999766,10.243648915501707,0.011965684017283196,-0.012856980358575174,-0.010841525791366434
13.059999999999766,10.544796550096175,0.034299369149448526,-0.014697581463617666,-0.011395925459465817
13.069999999999766,10.231202595368242,-0.02791563200600828,0.02383029466725543,0.0025114308425811215
13.079999999999766,10.32249067438158,0.01650537203024445,-0.016087471751092264,-0.012230527296486816
13.089999999999765,10.411330966363668,0.010205765449779735,0.00314643742582682,-0.004898295073591733
13.099999999999765,10.342096644996921,-0.0015302944986992073,0.0019907194614477734,-0.005536406312427328
13.109999999999765,10.342530187445613,0.003969583077236297,-0.002647861600657375,-0.007298095332490573
13.119999999999765,10.388848846799595,0.007300628898280815,0.003476040209928504,-0.004765809903937861
13.129999999999765,10.365236210957844,0.0015052362937159728,0.0002858711585923905,-0.006166465858430426
13.139999999999764,10.365043676301163,0.004477267445936179,-0.0014998161866332368,-0.006940514251479873
13.149999999999764,10.39700952461381,0.007103027720486505,0.002844833856090757,-0.00503607361092264
13.159999999999764,10.383827123892937,0.0033084894402609817,-3.511235437364676e-05,-0.006285434149052776
13.169999999999764,10.383109793365374,0.005113857770607507,-0.0007455267509283138,-0.006684785436327374
13.179999999999763,10.411277788036069,0.007082767952217819,0.003767618987867617,-0.004679930694612144
13.189999999999763,10.410656591634943,0.005279219693976397,-0.0013344301484741984,-0.0066190963479069494
13.199999999999763,10.397348379673266,0.003974777179368012,0.0005441848992717698,-0.00609365206925193
13.209999999999763,10.422529916386418,0.0067427572932472965,0.003983565676879029,-0.004584715626076203
13.219999999999763,10.424627724131083,0.005319366426820008,-0.000981763064838041,-0.006452918416917679
13.229999999999762,10.409532876947598,0.003679339535982302,0.0008332696136092358,-0.00595151789386101
13.239999999999762,10.432996508615147,0.006254588711378827,0.004293777999737468,-0.0046363177986804205
13.249999999999762,10.434958339084423,0.005109033632473146,-0.0006918798787688278,-0.006446908224634947
13.259999999999762,10.421313537946048,0.0038136403191802093,0.0008212925511968812,-0.005762401089624287
13.269999999999762,10.442423431184523,0.005495849472576034,0.004675497792194368,-0.004362901875368838
13.279999999999761,10.444533401414303,0.00492686259316857,-0.0006077962848905646,-0.006392524390095879
13.289999999999761,10.432767141640863,0.004097570570968522,0.0008380746744201012,-0.0056699489290755415
13.299999999999761,10.448835728769042,0.004260414455858642,0.0052371775987499584,-0.0040302551141874155
13.30999999999976,10.477208286555559,0.007905607189530055,-0.0029742736040465753,-0.007375928733448556
13.31999999999976,10.395306156189648,0.0032293996365898568,0.006953612497475315,-0.0030286314162564546
13.32999999999976,10.489413902969659,0.010667445377051093,-0.00018762905559540212,-0.006241077647059334
13.33999999999976,10.511863376034237,0.001741162382024325,0.0034785322249532473,-0.004574183565723297
13.34999999999976,10.352622542963385,-0.0022661456034247505,0.01460162715138197,0.0003713302378856916
13.35999999999976,10.484055837271333,0.012265323802145366,-0.009575280235242338,-0.010131509545757839
13.36999999999976,10.542754729114838,0.0020054418715192567,0.0019554337756168905,-0.005107192767082699
13.37999999999976,10.350868376154768,-0.00480265042726716,0.01767863901659874,0.001852609549621971
13.389999999999759,10.49322241912258,0.014964490118615274,-0.025663974524701757,-0.017015285661096176
13.399999999999759,10.540206862610637,-0.0008559591500215665,0.004093930630736044,-0.004060666463506574
13.409999999999759,10.362169601951967,-0.004728753218865923,0.017519997653555743,0.0017711210605819384
13.419999999999758,10.525797361291826,0.016071814733851914,-0.024841762907791762,-0.016490878662823213
13.429999999999758,10.500659985121242,-0.0066387631003471045,0.014612123593374675,0.0007633329299782752
13.439999999999758,10.376133496250992,-0.0019794996701359684,0.01156447336427544,-0.00066492558152663
13.449999999999758,10.578721037785327,0.016580022927407134,-0.014185671377164904,-0.011732955806588452
13.459999999999757,10.462278403055828,-0.013869736275984746,0.013930362547257387,0.0007755457477502583
13.469999999999757,10.378436445647479,0.0007570610007077832,0.006083667092452655,-0.0028066941923587762
13.479999999999757,10.58738095518354,0.01599046355045467,-0.01328383603194158,-0.011193359230781854
13.489999999999757,10.453427202367834,-0.005845265403790536,0.019535790710567717,0.0035304056242414558
13.499999999999757,10.379168707485256,-8.654609775960893e-05,0.004872317222727358,-0.003119430332386374
13.509999999999756,10.587096549180975,0.013211188523835448,-0.0135349652803911,-0.011148251896861264
13.519999999999756,10.43585838336777,-0.023698803578813918,0.029772495166096268,0.008427433451504793
13.529999999999756,10.385043149813312,0.003646191006957825,0.0011075830962436824,-0.004485233575066068
13.539999999999756,10.582127647544779,0.014447965031054302,-0.015249259202862266,-0.011697589717208714
13.549999999999756,10.446376504255381,-0.004780437577292339,0.015428324941716021,0.002263580975845638
13.559999999999755,10.418902508181032,0.005047401815042792,4.0019486040658646e-05,-0.004826470887081766
13.569999999999755,10.525538957251953,0.0011003401716928513,-0.002793123977479956,-0.005907377915275082
13.579999999999755,10.482014361585243,-0.0013341966910817744,0.013606803122745651,0.001774984157583941
13.589999999999755,10.428076207795176,0.0007356812210477299,0.0012777042135779656,-0.0039990488383537985
13.599999999999755,10.50878364986324,-0.00021962261276773365,-0.002682868348175877,-0.005618769077967035
13.609999999999754,10.482415916131208,0.0019090582308518972,0.0010667913942646397,-0.003729373385272683
13.619999999999754,10.43173824394424,0.0007350958302091585,0.0017504850742937018,-0.003576000994856784
13.629999999999754,10.485879564474015,-0.0017795471665266493,0.00032728475512933835,-0.004027736758533458
13.639999999999754,10.482320518044045,0.001284959672423465,0.00798730080110624,-0.00026579300156036626
13.649999999999753,10.447920448417767,0.0023856147531596734,8.691169601940233e-05,-0.004082474189742256
13.659999999999753,10.459609333291144,0.0008099137289829743,0.004707243701272335,-0.0017266291478650665
13.669999999999753,10.479002487635702,0.0010065689800767697,0.0017953565527588098,-0.0029017276230497626
13.679999999999753,10.450818828903078,0.0017554630409793183,-0.00045926009971785145,-0.004104809299565883
13.689999999999753,10.451372790977452,7.260752768267043e-05,0.003031307408160627,-0.002273556733290348
13.699999999999752,10.472528170680414,-0.002883473888339494,0.0003839747455955892,-0.0033326598086198312
13.709999999999752,10.445867535451912,0.00180076917698063,-0.00025811717444490024,-0.003769017113936191
13.719999999999752,10.444627587195372,0.0006761190419805142,0.004429443673502744,-0.001364657176349638
13.729999999999752,10.463736381734622,0.0014682066569505217,0.002727805264636487,-0.001977886975549228
13.739999999999752,10.437938392750869,0.0007533682245532245,-0.00045791937872123313,-0.0036205047604078305
13.749999999999751,10.434923890394847,-0.0007698889344022034,0.004620125491402081,-0.0010236952827397446
13.759999999999751,10.453414473244045,6.970024579598707e-05,0.0022966616428135985,-0.0019320577515514028
13.76999999999975,10.426696630332913,-0.0001042117185202037,-0.0004624459736777257,-0.0033733925943611642
13.77999999999975,10.42354395155613,-0.001356685187340738,0.004754028626183007,-0.0007078570139561167
13.78999999999975,10.440811780352957,-0.000548149472909524,0.0024454215386782163,-0.0016092486591355096
13.79999999999975,10.414122330815694,-0.0006035903017840964,-0.0004565911750447425,-0.0031188930607960164
13.80999999999975,10.4100110400623,-0.0017773901698618349,0.005132324401245882,-0.00027841509731901977
13.81999999999975,10.427305803869034,-0.0008974312757052612,0.0025608588229284173,-0.0013030255409670509
13.82999999999975,10.399571475308266,-0.0011175494524041792,-0.0003928900809867825,-0.0028381226746232173
13.83999999999975,10.395607054995986,-0.0022250095654516456,0.005276506523206634,3.420765732237976e-05
13.84999999999975,10.41208613083679,-0.0012975319696382568,0.002732216389496698,-0.000975523686743078
13.859999999999749,10.384459074787767,-0.001425777740380978,-0.00039954509210580954,-0.002595102544919592
13.869999999999749,10.379705060346923,-0.0029687204721893946,0.005427266390666123,0.0003402387428425575
13.879999999999749,10.396261920762253,-0.0016482749867007217,0.002674759510818797,-0.000763982545023746
13.889999999999748,10.36798688307422,-0.002005950181763842,-0.00042172685631510154,-0.0023669854217488254
13.899999999999748,10.363460043382679,-0.0039215946755814905,0.005086013043251283,0.00040360332645924244
13.909999999999748,10.379376341982208,-0.0023290806643192566,0.002469338909398337,-0.000632609491447158
13.919999999999748,10.351183560417796,-0.0027164449917842716,-0.0005461633943295813,-0.0021967025454412595
13.929999999999747,10.346268167925148,-0.005106389631469056,0.0045586253196501355,0.0003683598638642492
13.939999999999747,10.36249944491257,-0.002999847411726798,0.0019887524061117214,-0.0006410526756821815
13.949999999999747,10.333707225450263,-0.0035422451781100908,-0.0006390404561106522,-0.0020243003604455308
13.959999999999747,10.32898466315536,-0.005966535760680533,0.0037630016111691146,0.00019670989172205968
13.969999999999747,10.345141456946015,-0.0036156693134116132,0.0014460825463979738,-0.0006919908407489361
13.979999999999746,10.31650314705356,-0.004152644387838642,-0.0007528165316438561,-0.0018777044931964726
13.989999999999746,10.311450664630714,-0.00642202361142727,0.0030245365547543835,3.724168317594868e-05
13.999999999999746,10.327816927261237,-0.0037241752950966486,0.000981589836679617,-0.0007241027633482773
14.009999999999746,10.299042442316221,-0.004705624199521121,-0.0005736811924466443,-0.001617224761245173
14.019999999999746,10.294092008512,-0.006179969199857095,0.002190568910891382,-0.000183214323948647
14.029999999999745,10.3103977324279,-0.00352433288181389,0.0005205352451250421,-0.000775328841956388
14.039999999999745,10.281587474166546,-0.004811457824392803,-0.0005014270441190643,-0.0014292058084614918
14.049999999999745,10.27653993818896,-0.00577610326169854,0.0016013797978739015,-0.00031457277425059446
14.059999999999745,10.292840108542276,-0.003026169943293138,0.00018433800434060544,-0.000792758161911144
14.069999999999744,10.263826060076056,-0.004682629452338279,-0.00036447016313031,-0.0012359244640476894
14.079999999999744,10.258690614049604,-0.0051744740673335034,0.001246781076621159,-0.0003675624906450696
14.089999999999744,10.274855752437864,-0.0024790836304406576,-5.517404566836748e-05,-0.0007904992457220233
14.099999999999744,10.24564276873076,-0.003071988667804359,-0.0010664471565500697,-0.0014421527138032387
14.109999999999744,10.240278432683844,-0.004968462966397209,0.0012099535606653247,-0.00034387793509543406
14.119999999999743,10.256034039258099,-0.002273697150834322,1.1792590423759225e-05,-0.0006926913631876408
14.129999999999743,10.22641939561923,-0.00725811949027663,0.002126448315409493,6.487177327954086e-05
14.139999999999743,10.22126768247934,-0.003278468320766019,0.00020935947125776998,-0.0008594239226787012
14.149999999999743,10.23705739164152,-0.001271838395409362,-0.00047203677932924063,-0.0009234456890872384
14.159999999999743,10.207304740568457,-0.00044019613031441574,-0.002649351402841968,-0.0019653563153481154
14.169999999999742,10.201257402017848,-0.0044621968788916225,0.0011297910045307623,-0.0004228655741236856
14.179999999999742,10.216852110165858,-0.0017542842954186362,-0.0001005783538459345,-0.0007213451358131572
14.189999999999742,10.18650711934454,-0.007047177609612748,0.0019752991453238574,0.0003065645021821968
14.199999999999742,10.18015607327382,-0.0028867711801846725,2.5997266009942645e-05,-0.0007401616885436307
14.209999999999742,10.196209038852196,-0.0010065642279186758,-0.0005674559360068639,-0.0010456404511195577
14.219999999999741,10.165665254259077,-0.00022304657024521812,-0.002699385417783875,-0.0017447419798610172
14.229999999999741,10.15849796323095,-0.00452443971323644,0.0007074256479639606,-0.00041918938852716935
14.23999999999974,10.174399360304228,-0.0018082774406838673,-0.0002944673445432202,-0.0009560878148467145
14.24999999999974,10.143281404524073,-0.007457590667686447,0.0014674516836865228,2.3037907575847215e-05
14.25999999999974,10.13603996463867,-0.0031456140234431265,-0.00021325076942794682,-0.0007963949118202976
14.26999999999974,10.152477694115566,-0.0011956576221123579,-0.0008820918614150956,-0.0012092013028598204
14.27999999999974,10.121133802239909,-0.00031075223129362083,-0.0030258642336883287,-0.0018809519247678548
14.28999999999974,10.113269934130532,-0.004918017818278647,0.00026752746293964174,-0.0006188890561641361
14.29999999999974,10.130357155866218,-0.0020320420734871373,-0.0007111852418514675,-0.001160968650840526
14.30999999999974,10.09709897348604,-0.008067138224826456,0.000892529814490529,-0.00028926868350690106
14.31999999999974,10.088987189257718,-0.003439168566599895,-0.0005642281139059605,-0.0010191118474899758
14.329999999999739,10.11519155602304,-0.0004267810457408077,-0.0020391006263596936,-0.0017545964109445256
14.339999999999739,10.025269164271457,-0.006998871838501666,-0.0002705959426209853,-0.0008293393206878258
14.349999999999739,10.195014417221197,0.01460042890865288,-0.014869129330291135,-0.006805044530123048
14.359999999999738,9.975582059038326,-0.03630122194414028,0.017386327923356943,0.005891976900494249
14.369999999999738,9.969136141333756,0.004026363847166695,-0.007174378892433968,-0.0036397288496166783
14.379999999999738,10.301358319581897,0.03521735179150603,-0.027278565016659626,-0.011658135669570246
14.389999999999738,9.883985508560698,-0.06032333868074583,0.03408442369831605,0.012153892330202839
14.399999999999737,9.927684081296642,0.013843535103960448,-0.012510158152370906,-0.005757527928326132
14.409999999999737,10.31164678777374,0.04071554608216004,-0.02914536076246435,-0.012294337849153078
14.419999999999737,9.856823285932316,-0.06638237219544271,0.037906490556313135,0.01319209802483531
14.429999999999737,9.908394685148293,0.017235572738892636,-0.013208672153764662,-0.006069021115674285
14.439999999999737,10.277572375176828,0.038495593898568825,-0.026284676565709757,-0.011133059147500068
14.449999999999736,9.796069885730548,-0.06803752338266458,0.03799129530167348,0.012712660649599
14.459999999999736,9.991032908534097,0.03714726222210687,-0.02469618954568456,-0.010350995089752698
14.469999999999736,10.18780440481596,0.014520740014441032,-0.010488643302495148,-0.0052915958329979584
14.479999999999736,9.743925218367334,-0.0592123614565469,0.031472816462841564,0.009784717978688259
14.489999999999736,10.031771617436819,0.0362917539902341,-0.022282519849695124,-0.0096758548851374
14.499999999999735,10.137568882094753,0.005237267958392592,-0.005202591194428893,-0.0036375616512556515
14.509999999999735,9.711295332890526,-0.038717040213492634,0.016708075514230408,0.0042968994366000095
14.519999999999735,10.036504186471621,0.03843495096276091,-0.02247493687887629,-0.009646123813062771
14.529999999999735,10.108049710330302,0.00198940973922506,-0.0026016727860336108,-0.002831984599200546
14.539999999999734,9.655318930024542,-0.039943233358454955,0.017063031554524058,0.004062081759318362
14.549999999999734,10.088601838117183,0.048902573870629865,-0.02732063216419468,-0.011237126713807194
14.559999999999734,10.057602990203009,-0.007010698490239389,0.0017414989235905037,-0.001505311829876019
14.569999999999734,9.637413050466538,-0.03461221076640341,0.012930980239891938,0.002305653585141623
14.579999999999734,10.043014042239834,0.042088910941425674,-0.020798909842684486,-0.00898675460656605
14.589999999999733,9.971210534005332,-0.01233020866850594,0.0031280968380644953,-0.001301502566533148
14.599999999999733,9.761979128951236,-0.012360875781205139,-0.0020088521091632928,-0.0028443277357119096
14.609999999999733,9.918555919960907,0.010981850074454838,-0.0017418509577581496,-0.0029716538183868864
14.619999999999733,9.949609025854846,-0.0001616645363835819,0.0014783061270338392,-0.002133474725619075
14.629999999999733,9.778152882246621,-0.014755251429004738,0.004429037853936839,-0.001371400410677079
14.639999999999732,9.877397403942995,0.006426390853397979,-0.0016390760162920362,-0.0033258440271281644
14.649999999999732,9.925814027387139,0.0005809584509061095,-0.007263478722616555,-0.005040198235576745
14.659999999999732,9.762615914201398,-0.0009889733921704636,0.0014733776858504896,-0.0025388796954271434
14.669999999999732,9.85905876707312,0.006367672690305227,-0.00031286412549938263,-0.0031615626626383194
14.679999999999731,9.905412281448191,0.000980728182530183,-0.0024172920724579777,-0.0038406543875618266
14.689999999999731,9.72379214094872,-0.004144554637353697,-0.003900795494171619,-0.00428024499317153
14.699999999999731,9.87628974782737,0.011299753275090347,-0.00043038236292835625,-0.0034080509813447343
14.70999999999973,9.880994352057588,-0.0004972698124040198,0.0010623107130845817,-0.0030915930762313542
14.71999999999973,9.701622592023776,-0.002958384013631925,-0.0053699320403805765,-0.004835458477035043
14.72999999999973,9.8442242083107,0.00818161850609828,0.0004102227929503673,-0.003414245338646256
14.73999999999973,9.831361605939446,-0.0031051732719716047,-0.004321224643534707,-0.004633157623430936
14.74999999999973,9.73783352505749,0.001949644977642374,-0.005350565761726147,-0.004941672464069752
14.75999999999973,9.80683096407498,0.0027506203981529868,0.00233673300344824,-0.0031588939759968912
14.76999999999973,9.80078455351197,-0.0005899075703906926,0.000982034967844961,-0.0035853670536210324
14.77999999999973,9.735525021477242,0.003364778510769549,-0.006664420597275602,-0.00540061605899752
14.78999999999973,9.803307836705866,0.0029030420226107924,0.0017876030167821807,-0.003484678993333896
14.799999999999729,9.775595271548188,-0.001441375110504592,-0.0042008074246709486,-0.004886003498009533
14.809999999999729,9.721461924611233,0.005796329497026955,-0.004843516973332003,-0.005111575779591331
14.819999999999729,9.782683045586916,0.002734852019277972,0.0028065960663060715,-0.0034005383844985504
14.829999999999728,9.758306430312041,-0.0005690022931546877,-0.003329926910536824,-0.004793644670379481
14.839999999999728,9.708277427925536,0.007579345872452427,-0.004148802279047944,-0.005089026913742296
14.849999999999728,9.736396457611983,0.0014252270985713736,0.0033174062856102327,-0.0037518889622326474
14.859999999999728,9.76658536205256,0.0016893472993664356,-0.0032287234313059174,-0.005039712264138178
14.869999999999727,9.69338439268705,0.007790929817697357,-0.0035036429988578224,-0.005169898858934429
14.879999999999727,9.715483311012333,0.0013323916391126474,-0.0007689335170206169,-0.004562675050973529
14.889999999999727,9.758166320843307,0.0028668328618175884,-0.00021905854650449346,-0.004640053142299404
14.899999999999727,9.682724933194693,0.009775264602908174,-0.0017937953779514973,-0.005035599024681597
14.909999999999727,9.702979136071896,0.002021995703513241,0.000781829777154874,-0.004711144749932434
14.919999999999726,9.745390266868784,0.0031257288822849226,-0.00037436066337285503,-0.004937089838783252
14.929999999999726,9.674980720603376,0.011366509404395252,-0.0009088504826846234,-0.005116590692134621
14.939999999999726,9.69245188938169,0.0020949817187374807,0.00036640706867715794,-0.004998099495554629
14.949999999999726,9.719125444967501,0.0028233019541392917,0.00022760368992456664,-0.005071916305665403
14.959999999999726,9.68553115778315,0.013323846831772238,-0.0003933404630051717,-0.005236383848942291
14.969999999999725,9.682891067370848,0.0017079469794727535,0.00033283248969509494,-0.005168434749721327
14.979999999999725,9.704806069374005,0.003106354807773912,0.00031374244920714153,-0.00523321666027853
14.989999999999725,9.683618437865686,0.012863579192540817,-1.565669478039469e-07,-0.00534980948105856
14.999999999999725,9.674431376884815,0.0019053593043528599,0.0002796263996381998,-0.005150081168703595
15.009999999999724,9.695728653258042,0.0031243378048841012,0.00042070630850772487,-0.005289066376119024
15.019999999999724,9.685342989653714,0.012525424645597904,0.0003260623354395703,-0.005437537042424268
15.029999999999724,9.667043014297189,0.0020485636372162127,0.0003624792323301158,-0.00523459806023297
15.039999999999724,9.687911174110312,0.0029996506865546456,0.0005634796155677988,-0.005386441779494294
15.049999999999724,9.670484285519006,0.01184627676935242,0.0006004579856345389,-0.005541309523521307
15.059999999999723,9.663244099506052,0.002306927989525517,0.0005135174195603599,-0.0053509235465233115
15.069999999999723,9.684996949907,0.002904230737227772,0.0007096334914100347,-0.005504182133879329
15.079999999999723,9.663867287552673,0.011515472264060259,0.0008228644064571006,-0.005656083247320567
15.089999999999723,9.66273545730909,0.0020637257412139437,0.0007387631759779179,-0.005459372228828729
15.099999999999723,9.684049747746089,0.00845352408517321,0.0011928534717366643,-0.0056162566158491165
15.109999999999722,9.663199892805173,0.0023439586860443274,0.0008151119121379606,-0.00575107884732528
15.119999999999722,9.663586099472713,0.007998636896657363,0.001321371146280634,-0.005570003141107371
15.129999999999722,9.684814887003164,0.006873440494057348,0.001659737267861147,-0.0057238547430128964
15.139999999999722,9.665143370763237,0.0006062548771842535,0.0010085358656239853,-0.005834791429787202
15.149999999999721,9.665805656672264,0.007733374719342653,0.0018998776219016033,-0.005679176545520341
15.159999999999721,9.687369043999386,0.00656255677776907,0.002217637340069553,-0.00583386071516756
15.169999999999721,9.669708896255242,0.00016356382590873328,0.0011880975078874512,-0.005900347669454674
15.17999999999972,9.669325929882708,0.008225929870867413,0.0024757317772965684,-0.005789383137308471
15.18999999999972,9.69199412922018,0.006065742632118069,0.0026906198132715707,-0.005922108760201785
15.19999999999972,9.68510988114032,-0.00023943566499887425,0.0014151274816990242,-0.005943084913990197
15.20999999999972,9.672792584630162,0.009030898980127494,0.0029076626618668635,-0.005883083203403673
15.21999999999972,9.697468171278144,0.006449746624004584,0.003221471502472791,-0.005825793881483164
15.22999999999972,9.695193099243792,-0.0003578873589229093,0.0014080095563112265,-0.005815885863934174
15.23999999999972,9.679393315532959,0.008862945168986126,0.003030049428948134,-0.005916716973524181
15.24999999999972,9.703999175101782,0.00725357394280105,0.0036675043293229437,-0.005860183334010322
15.25999999999972,9.701552780111134,-0.00030861114683383847,0.0013753398614725252,-0.005736318630397943
15.269999999999719,9.68957520794855,0.009110003052270728,0.003355333905875986,-0.006121905696616767
15.279999999999719,9.714896140747124,0.007190162625379916,0.00399280371033857,-0.0060257532423934725
15.289999999999718,9.702078945921091,0.0004118970346864947,0.0012336992840526742,-0.005465470356659532
15.299999999999718,9.703740989062593,0.00878189811974166,0.003895614985389859,-0.006119573717353676
15.309999999999718,9.730094510749247,0.006716302328834346,0.004167364799349314,-0.006026522295336386
15.319999999999718,9.714638879626268,0.0003709210568380658,0.001082337057640689,-0.005291258997711533
15.329999999999718,9.72006044383168,0.009019821114098707,0.004428247170711534,-0.006152488194243979
15.339999999999717,9.746008314842973,0.006354110445856505,0.004527082448687329,-0.00604199259941667
15.349999999999717,9.73280121766076,0.00018605883679661923,0.0011200722355606308,-0.005149480026126101
15.359999999999717,9.736822383742794,0.009027653562270066,0.00492488276100437,-0.006197268315526604
15.369999999999717,9.763219105190007,0.0058847235126300345,0.004927128530648066,-0.006059412906349796
15.379999999999717,9.76356419701924,-0.0008490878901588842,0.0011868167815074497,-0.004980598543336034
15.389999999999716,9.752127148522442,0.010038852894271422,0.00530393001488662,-0.006188382389671256
15.399999999999716,9.78090423215667,0.005004687227122822,0.005325638935274662,-0.006037789839188232
15.409999999999716,9.784936689825205,-0.0001450565416252598,0.0018664582562676717,-0.004923611900622981
15.419999999999716,9.771383913240907,0.007011426247545758,0.0045387996298112505,-0.00580524084259087
15.429999999999715,9.80030006197669,0.004706349195070983,0.005825588236435363,-0.005996933169591128
15.439999999999715,9.805749477343598,0.005114131419062327,0.0049544848150411165,-0.005572395839158084
15.449999999999715,9.793808967318965,-0.0009763008299298722,0.0008135448501276855,-0.0043996402261009945
15.459999999999715,9.82238100558734,0.0039865173781231215,0.005998164401157895,-0.005802448887010467
15.469999999999715,9.828832591781413,0.005225410174402794,0.005530606680046518,-0.005459000214913496
15.479999999999714,9.818126153923048,-0.0008195295678402758,0.000955913746430237,-0.004030516619806693
15.489999999999714,9.846884649614877,0.003203249271558073,0.006025584927990117,-0.005508606085406735
15.499999999999714,9.853827527918801,0.004854047319172047,0.00576326491793532,-0.005205160637139742
15.509999999999714,9.844017918320738,-0.0006093845199540448,0.0011106881093286747,-0.003565872452939352
15.519999999999714,9.873248764465798,0.0023007020034960628,0.0058193506638191785,-0.005044945033355593
15.529999999999713,9.880328402329635,0.00423685381278127,0.005729439448715035,-0.004799041297107818
15.539999999999713,9.871497527536441,0.0003501457851276677,0.0019338525399338338,-0.0032030714937361757
15.549999999999713,9.900347887284182,0.0014233663467821754,0.005391072250649626,-0.004366329778831821
15.559999999999713,9.909644266697372,0.002915206453738003,0.005207147202162187,-0.004125083714501208
15.569999999999713,9.89902770061234,-0.0007685896345905265,0.0007002082364476141,-0.002148661256216766
15.579999999999712,9.926454313790028,0.0013475329721977507,0.005558048065963051,-0.0039606152081892495
15.589999999999712,9.9633105657423,2.8257292205260413e-05,0.004557153079510922,-0.003382506511731949
15.599999999999712,9.882813809673527,0.007144884963981532,0.002772443193153007,-0.0025070522549639138
15.609999999999712,9.98193188759117,-0.005456280522806117,0.002913546616164448,-0.0023742614351279644
15.619999999999711,10.004233201951694,0.0017728074945079885,0.005841138156174437,-0.0034849719830758554
15.629999999999711,9.891434278589113,0.009393218126864318,0.003182168580119586,-0.0021679766513628333
15.639999999999711,10.005686906087128,-0.007861527992586038,0.002542394185937645,-0.001724145379345756
15.64999999999971,10.042597972425122,0.00019873286672234954,0.005567054281717569,-0.002926397374571916
15.65999999999971,9.919999031673841,0.010553720233715784,0.004524737537123105,-0.002294346175095924
15.66999999999971,10.058313994991797,-0.014186847967051873,0.0007711976696048028,-0.0003897507588225696
15.67999999999971,10.063930457513624,0.0034120382131748663,0.0075387085275415286,-0.0034278116356316756
15.68999999999971,9.956018641787516,0.0078540747992458,0.004732841867354758,-0.001919476656582545
15.69999999999971,10.115149820729672,-0.01825886827340958,-0.0008801612061170256,0.0008204509608529396
15.70999999999971,10.054250203970767,0.014366259216794408,0.012115454959048436,-0.005366006240879257
15.71999999999971,10.000353766484006,0.0004095574576513962,0.002161490270464481,-0.0001926280513802255
15.729999999999709,10.161544658431897,-0.019068668414450315,-0.0019086287889371859,0.002020156880960802
15.739999999999709,10.071631388227543,0.018443669922712562,0.014395465036242385,-0.006086014071301932
15.749999999999709,10.034343799385772,-0.002001809388735511,0.0018406182148313376,0.0005242753100360013
15.759999999999708,10.198187644931995,-0.02032202873061225,-0.0029661938610954725,0.0030071035087555257
15.769999999999708,10.101708053145412,0.019053583747559017,0.014528337270702373,-0.005882662851607081
15.779999999999708,10.067128644244628,-0.007645400990059366,0.006327228622525022,-0.001360027350140966
15.789999999999708,10.232624319936845,-0.020830260402901226,-0.005056192479646683,0.004934007073339263
15.799999999999708,10.135999150010443,0.019663777575882446,0.012114767397615809,-0.004054086293902709
15.809999999999707,10.100714893425017,-0.0015243396809086504,-0.0017820458561158292,0.003611886301772855
15.819999999999707,10.263041824980627,-0.021853926323090793,-0.005959488041005241,0.006028586401401696
15.829999999999707,10.171769199958732,0.016477572942067194,0.013384069452702192,-0.004328551326550797
15.839999999999707,10.16505389882189,-0.014338007843514071,0.0018779437847861239,0.0021680586707053316
15.849999999999707,10.240608951008621,-0.005257567910957857,-0.0022015690294636733,0.004404879442387587
15.859999999999706,10.224284258424678,0.003948673359999233,0.003897157880305471,0.0012844818463438265
15.869999999999706,10.210369808335534,-0.0021921652616366536,0.009629536435915138,-0.0017067300853486392
15.879999999999706,10.255183112714551,-0.0035537810548912784,-0.0019386761775999546,0.00499125805006786
15.889999999999706,10.260005491018235,0.00016958200777542797,0.00014191361955149986,0.00398237244808909
15.899999999999705,10.25592045540599,-0.013786079077165845,-0.000678487931767631,0.004623944510539944
15.909999999999705,10.259071048649558,0.0010754095147744722,0.0007247916007886937,0.0040142367457455365
15.919999999999705,10.362904805285773,-0.01605944763565214,-0.005430103385449813,0.007678175473012696
15.929999999999705,10.15553832006624,0.024651330660729335,0.0318515876104116,-0.01355445405191966
15.939999999999705,10.39522430608028,-0.041157742815060544,-0.026863790507503815,0.020315171061090133
15.949999999999704,10.40934603921506,0.001497602436318785,0.00032430411692672663,0.004851940053485411
15.959999999999704,10.090600599204057,0.03221787396629001,0.034902563966037116,-0.014927033143552905
15.969999999999704,10.48741180953555,-0.06481584248719859,-0.04693717960743648,0.03215180532266794
15.979999999999704,10.423290009661017,0.014816985315422334,0.01110107756636371,-0.0011115633742085507
15.989999999999704,10.112754917807962,0.03055311848508424,0.03626865021297617,-0.015347325941204429
15.999999999999703,10.560506598418552,-0.07115023342400462,-0.05296549578746401,0.03618947680514363
16.009999999999703,10.334581301579776,0.04338009579278123,0.036193808865611896,-0.015162897910083347
16.019999999999705,10.208717804101859,0.0010309043591076837,0.011249827927003195,-0.0005033732228200841
16.029999999999706,10.627018120925603,-0.06231192058154779,-0.04917190973935618,0.03434969383609854
16.039999999999708,10.25233702783142,0.056405214906295804,0.06557538120608519,-0.03171396139709257
16.04999999999971,10.281720284488111,-0.023224225846987162,-0.008043818729663936,0.010879034285051825
16.05999999999971,10.66145980255556,-0.050449114714855865,-0.048167373636366514,0.033963547784404656
16.069999999999713,10.233804276506168,0.06489594042869536,0.07307383037924277,-0.03528537741011195
16.079999999999714,10.310505973191914,-0.029883864256197323,-0.0196280065467872,0.017733372386903222
16.089999999999716,10.68698908547103,-0.047660201854814656,-0.051364855998623664,0.035820490174247224
16.099999999999717,10.302212114203966,0.05645136549601632,0.06638486471568532,-0.030810212273409163
16.10999999999972,10.314039873282523,-0.017833015589431365,-0.011007416230198713,0.013109232025522435
16.11999999999972,10.692973458266431,-0.04744909526739462,-0.0550353042297294,0.0378076455422789
16.129999999999722,10.334799977477667,0.05183851352242049,0.06382867856716835,-0.028679744323904386
16.139999999999723,10.404667709939163,-0.027215393238198313,-0.021507342656303316,0.019067101776416472
16.149999999999725,10.554208724296533,-0.010498167916550961,-0.020784110346356726,0.018795124240850895
16.159999999999727,10.45951471542853,0.006616224370798709,0.021749400800770327,-0.004848142860488112
16.169999999999728,10.430337023697703,-0.0070258402514064774,-0.0020870901972578205,0.008506232786300982
16.17999999999973,10.529494247294691,-0.014703216288591184,-0.009773107180080608,0.012856700265277975
16.18999999999973,10.498642151089308,0.0010666911390339894,0.007094046836043835,0.0034923706882453998
16.199999999999733,10.454374781286335,-0.002864210574973607,-0.00014869777277984417,0.007615387900567078
16.209999999999734,10.539666002120006,-0.006363736771546406,-0.013435336538619084,0.014863785332169074
16.219999999999736,10.518071666543403,-0.0015349567283092424,0.005108022466573346,0.0047022135834506405
16.229999999999738,10.473431952701821,-0.005429223644757214,-0.0005747923500030579,0.007913768266581783
16.23999999999974,10.555800620348457,-0.017730061897943145,-0.007983607646530529,0.011969270960349707
16.24999999999974,10.53339706873282,-0.0011893572780563757,0.004529378516206859,0.005169865991566242
16.259999999999742,10.488044157534574,-0.0046948323798055875,-0.0009496996683075129,0.00820295781327179
16.269999999999744,10.569792219641151,-0.015775500307062967,-0.00914271851410044,0.012564123919029635
16.279999999999745,10.545901339775963,-0.0009439671577623722,0.004615469283145339,0.005222517391450652
16.289999999999747,10.499409052577647,-0.0045868772921515,-0.0011604904839353418,0.008334520302463608
16.29999999999975,10.580314528448614,-0.015284078124711916,-0.00921279514359405,0.012533999773401631
16.30999999999975,10.555918005043402,-0.0011273318845807154,0.004788636100391851,0.005217402388315766
16.31999999999975,10.508733329695021,-0.004714316324052069,-0.0013089926603397897,0.008232203066757775
16.329999999999753,10.587436448955849,-0.015103273748712148,-0.00872695864053398,0.012085159913836057
16.339999999999755,10.563329713511841,-0.00128904010217169,0.004781926917154666,0.0052979035700216
16.349999999999756,10.516608392928832,-0.004781398158903109,-0.0016559396703730964,0.008351440725384743
16.359999999999758,10.591017052561087,-0.01438344993834517,-0.007999881325238435,0.011599871238645516
16.36999999999976,10.568378975477048,-0.001528112288975903,0.004513884980500172,0.0056925080396995455
16.37999999999976,10.533958915606124,-0.006107321781824441,-0.004116341333808388,0.009586620925608583
16.389999999999763,10.578692115265698,-0.010097618921927334,-0.0028279965486412316,0.00910714922872315
16.399999999999764,10.570447410663203,-0.003262415952897742,0.002806597650697922,0.006394633896614275
16.409999999999766,10.542370128112484,-0.005970460848298339,-0.00525726588825485,0.00997526877470784
16.419999999999767,10.575865245284474,-0.008497554937854031,-0.002006379248774635,0.008652808990834976
16.42999999999977,10.570883168588946,-0.003681688462506939,0.001976902603825836,0.0067300700737456445
16.43999999999977,10.545390586951768,-0.005719321238474736,-0.006820173175853261,0.010568268375485836
16.449999999999772,10.576154731116224,-0.007767982196725123,-0.0026415842930181416,0.00885210077540545
16.459999999999773,10.569804605131587,-0.003392436319691077,0.0013849437121998273,0.006927834695598126
16.469999999999775,10.54582219301396,-0.005387413994798648,-0.008255213158455272,0.011142477023005347
16.479999999999777,10.574965572552848,-0.007039773218559371,-0.00317390243005614,0.009013317021677156
16.489999999999778,10.567141153276145,-0.0029897722539133247,0.0009179735314199261,0.007060920070511575
16.49999999999978,10.54431916320361,-0.004926102862804156,-0.009329175402695072,0.011176369398350188
16.50999999999978,10.570844423096352,-0.00615271049348065,-0.0032804916152420387,0.008801518231792243
16.519999999999783,10.562763319152506,-0.0026811456160319505,0.00041011377857903315,0.007106829739029294
16.529999999999784,10.541085849743716,-0.0044592082542172585,-0.010013424939307018,0.011088795395142589
16.539999999999786,10.563880395500199,-0.005273617508071589,-0.002947842082082848,0.008429972749602962
16.549999999999788,10.556233220905712,-0.002505992959784563,-9.642052885503512e-05,0.007137559332463581
16.55999999999979,10.536467040120101,-0.004098439672850069,-0.010419556195845536,0.010914138712716723
16.56999999999979,10.554504557914475,-0.004424808292656251,-0.0022217008600183084,0.007946418991085938
16.579999999999792,10.546797670321556,-0.002434796840676695,-0.0005514023892656258,0.007144472485841227
16.589999999999794,10.531244053893621,-0.003943931973658126,-0.010797505842036455,0.010728974085262475
16.599999999999795,10.543856111330772,-0.0036443722135646147,-0.0012733078081819712,0.007412763048308117
16.609999999999797,10.525207227709483,-0.0018745107831562263,-0.0013322811676843948,0.007255585289723461
16.6199999999998,10.536331996936644,-0.005416825984798448,-0.013401144959637429,0.011300969555430536
16.6299999999998,10.533340739871205,-0.0020532360376891955,0.0014517393721816376,0.006275740617867846
16.6399999999998,10.48693772044902,-0.0008729722879670933,-0.0031030449079364844,0.007664192791715988
16.649999999999803,10.552092793919876,-0.0074079785329652075,-0.009160614206788204,0.009556814203356242
16.659999999999805,10.521487491595803,-0.0001845246862399534,0.003010916935032213,0.005629210953097073
16.669999999999806,10.467737712356008,-0.0004971773569733481,-0.003738611539800257,0.007691924272113741
16.679999999999808,10.539875727737105,-0.007291251919959907,-0.00921047589339619,0.009294156959775254
16.68999999999981,10.508782384616364,-0.0009966818757323323,-0.0031197286864898524,0.007405745554143594
16.69999999999981,10.453792768455253,-3.9716511652741473e-05,-0.0027136323711743067,0.007113086811866195
16.709999999999813,10.52411356578113,-0.006188264461318093,-0.006934168156163056,0.008283485845468577
16.719999999999814,10.492806551619,0.0006488092631679889,0.004628916817919746,0.004921788127928707
16.729999999999816,10.438463658291118,0.00012131270928616429,-0.0037699805148440845,0.007300975549916391
16.739999999999817,10.509393891489273,-0.005840625407615932,-0.008536024701303862,0.008531107477620823
16.74999999999982,10.476923052675808,-0.00041387632369822033,-0.004836319163500668,0.007496764586661878
16.75999999999982,10.423174797431239,0.0005112353930149933,-0.0025565009742988,0.006676229608577848
16.769999999999822,10.49329287621589,-0.004790065624889538,-0.006029517441840852,0.007526776180272859
16.779999999999824,10.455556223162219,0.001138991425118862,0.004477585107844408,0.004757990948604655
16.789999999999825,10.418697618500188,-6.23041741963856e-05,-0.006833449056053977,0.0077139699744423204
16.799999999999827,10.445721249924468,-0.0016091377453415897,-0.0013107939085143783,0.006050657963217152
16.809999999999828,10.489843763027533,-0.004099720934475633,-0.018839723142978222,0.010762363425674288
16.81999999999983,10.374706275035347,0.003148264683394388,0.004336324833332657,0.004429091401840325
16.82999999999983,10.379815756437718,5.5528798606108395e-05,0.0020923531168173543,0.004954333564692491
16.839999999999833,10.521942931270518,-0.007427931533193803,-0.017379408312797086,0.010126273301967043
16.849999999999834,10.365946673094912,0.005768979479900136,0.006452076991447528,0.003797605362387822
16.859999999999836,10.330339079902,0.0007983123343568329,-0.007225541439084513,0.007108388731669397
16.869999999999838,10.511617443900157,-0.008159261185880349,-0.019903496065439515,0.010355917628102672
16.87999999999984,10.351899062816358,0.007285040278691474,0.008625687269391705,0.0031038589694093394
16.88999999999984,10.346395928814603,0.00035384297870467215,-0.009644674335041856,0.007412205166618754
16.899999999999842,10.475607858550463,-0.0033039218233281,-0.008438327148724544,0.007287917726377019
16.909999999999844,10.288978006592444,0.010147172160301185,0.01291306705022592,0.0020781274514048414
16.919999999999845,10.37383704766894,-0.0026701896175824373,-0.020682394867994922,0.009770873593620694
16.929999999999847,10.448795377516161,-7.154593715420437e-05,0.0007213807994051751,0.004968570321232826
16.93999999999985,10.237820634135893,0.012023540767208367,0.014664015613316202,0.001668830652137777
16.94999999999985,10.380935438429837,-0.005211008183509813,-0.025264055717796007,0.010556692228758914
16.95999999999985,10.428259229858789,0.0010093636881585014,0.0028863918761705383,0.004363505846891277
16.969999999999853,10.215974097589648,0.012126678763705918,0.012548592108730232,0.002098139941805607
16.979999999999855,10.350358181654522,-0.004163141007116371,-0.0254368719688662,0.010331624737677219
16.989999999999856,10.407987607197448,0.0022377680736198743,0.002636586920574203,0.004323873686462758
16.999999999999858,10.203066004889408,0.011456683497689003,0.011215897434765604,0.0023380417231160223
17.00999999999986,10.344032180131714,-0.005024390881677343,-0.025689349193517962,0.01016313543523342
17.01999999999986,10.355438011935293,0.010739145366017782,0.005372762007274429,0.003641692653080242
17.029999999999863,10.242273873700288,0.00473276459318681,0.0028057218106839216,0.004099244771204558
17.039999999999864,10.288457051711944,-0.0012105281654068625,-0.011088022892401675,0.006924981163863583
17.049999999999866,10.32706264383506,7.266089797470054e-05,0.002983059194728029,0.003911796780460375
17.059999999999867,10.241437182129237,0.004683750502420136,0.0008296817562579823,0.00428572585682229
17.06999999999987,10.26962670927589,0.00020091637092907008,-0.010043893906561095,0.006706119866826472
17.07999999999987,10.307122786775729,0.009892287248197679,0.002124677729350467,0.004015421747968231
17.089999999999872,10.226060335423634,0.00423083303879702,-0.0002472760742948743,0.004460228520389411
17.099999999999874,10.265928459058902,-0.0008580839747214969,-0.012010137430559453,0.007129656370416919
17.109999999999875,10.28912562532527,0.0025940799787813437,0.0025141792952195568,0.003901410906136472
17.119999999999877,10.206881922023463,0.00573763078652513,-0.0007106660336510287,0.004433436920394385
17.129999999999878,10.248516144073065,0.00822414218779247,-0.011794820340725888,0.006979310080397955
17.13999999999988,10.2729167963256,0.0015461385868469674,0.0024240606478857863,0.0039012915420079497
17.14999999999988,10.190487790811174,0.005695864017607552,-0.0011484659715031316,0.004488994617640078
17.159999999999883,10.21623118834233,0.00816988924436987,-0.009527643737964536,0.006454122550102677
17.169999999999884,10.258065190900217,0.007880267376293139,0.001612453518532607,0.004017662772925027
17.179999999999886,10.179512875420224,0.0041029872519522965,-0.0019152465188972758,0.00466404287334849
17.189999999999888,10.20138142278266,-0.0007971188548728336,-0.009356619226599472,0.006446626719282398
17.19999999999989,10.242203637041452,0.009353535901812612,0.0011054355215078557,0.00402670418836406
17.20999999999989,10.169803058060628,0.004408861965991649,-0.0022479584687505488,0.00467116427319979
17.219999999999892,10.188768082205584,0.0010416567675800852,-0.00810964831914525,0.0061774980545289656
17.229999999999894,10.216242353693678,0.010760570766445434,0.0004268462781787768,0.004141279631091694
17.239999999999895,10.173296295880702,0.002848242382491432,-0.0034465422910926217,0.004927894189857916
17.249999999999897,10.175752462196543,0.011101339240575731,-0.0050528537722928125,0.005510784784355384
17.2599999999999,10.198665862323757,0.007639215460513497,-0.0027974215001104414,0.004934561836492042
17.2699999999999,10.178686562617761,3.5594708146379106e-05,-0.002927361084847072,0.004887912695552838
17.2799999999999,10.161934857729612,0.003038458755701341,-0.0013230398583699732,0.004700633471432399
17.289999999999903,10.185276646049841,0.009235018992095504,0.003454944748626503,0.003438959925117873
17.299999999999905,10.156028891788127,0.010866280101049942,-0.002349562669247391,0.004726162732643224
17.309999999999906,10.153719447619476,0.00011695089473196896,-0.00331269523244425,0.005263165990708888
17.319999999999908,10.186211449947798,0.006630902214590162,-0.003128505058294799,0.005053691167382614
17.32999999999991,10.130075977894066,0.0037329338194739556,-0.0002732409302984737,0.004266652171015747
17.33999999999991,10.147753512812997,0.008049835221942683,-0.0015220423362401368,0.0048093658772632745
17.349999999999913,10.186584374097974,0.0055042533746515,0.003472934768592135,0.0034998541651243323
17.359999999999914,10.117000495204424,0.003362036655793617,-0.0011869449291451659,0.0045368717055544894
17.369999999999916,10.140852378629308,0.00704129595849058,-0.0030252438163354497,0.005226701435726838
17.379999999999917,10.182093820093241,0.004996359419125813,-0.0016796758550868562,0.004995864312323691
17.38999999999992,10.114295802901657,0.003618695662934805,-0.000593344273430178,0.004532039810613136
17.39999999999992,10.135578536961665,0.006958656108595566,-0.0008176535226563986,0.004689349538279747
17.409999999999922,10.165404864764973,0.0060147571524104175,0.0007047298952852069,0.004455184495626081
17.419999999999924,10.128157518135733,0.010268789740213516,-0.0008320671345350484,0.004669981400868819
17.429999999999925,10.133141925294273,0.005786716520185904,-0.00013086573435449857,0.004429967458543821
17.439999999999927,10.159766443403829,0.0037062983002896332,0.00032968890839973604,0.004548632010207523
17.44999999999993,10.13049958406113,0.00024854611259687094,-0.0002741818837032307,0.004577734701461993
17.45999999999993,10.134072812163334,0.007119922676506447,0.00026262186327065005,0.004269517850798483
17.46999999999993,10.16868618752307,0.003945765798935161,0.00041099870788638193,0.004500429031028169
17.479999999999933,10.115630049384377,0.013311201229443046,-8.592582296808353e-05,0.004782595546833061
17.489999999999934,10.136798797773487,0.0038251822257438874,0.00040795210374915646,0.004508280723720992
17.499999999999936,10.184678072048365,0.0015022859180071405,0.0007291656526944101,0.004534216811122516
17.509999999999938,10.080716979103672,0.016460222310193,-0.0006984218208386851,0.005067821476284828
17.51999999999994,10.23518562348011,-0.00671016211122597,0.001672844462929638,0.004266315923847283
17.52999999999994,10.063059187525791,0.026681600837886905,-0.0019387061264657837,0.0054284204395311925
17.539999999999942,10.190759244616288,-0.010718585312017661,0.0019918094777214472,0.0043438160847008925
17.549999999999944,10.253404316035752,0.00013707816544476228,0.0011717233081376707,0.004583346398156463
17.559999999999945,9.947174244394557,0.030856201411648677,0.0011251724057214454,0.004362034970565763
17.569999999999947,10.27442221402443,-0.028681657270095768,0.004065671259060007,0.0038629833805128976
17.57999999999995,10.260164854223543,0.011252484217070346,-0.0011525420142497202,0.0054049816714641695
17.58999999999995,9.938926665657563,0.03286407871248197,-0.00035594307100051016,0.004969556515967568
17.59999999999995,10.283143687197688,-0.031151555456750312,0.005997927216321257,0.0032912903630655864
17.609999999999953,10.281170661824044,0.010705474792555812,-0.0016797090977686464,0.005705211791491525
17.619999999999955,9.939667082001971,0.04915868432683831,-0.0034547933187302946,0.006161250079923622
17.629999999999956,10.297940353761794,-0.036872477873680504,0.009354954990071879,0.0022915221007434256
17.639999999999958,10.30001628146762,0.007975404817077677,-0.0020960563710300745,0.006093373783979015
17.64999999999996,9.94742374211624,0.04608384114955339,-0.006369803021825816,0.007452920059694373
17.65999999999996,10.315120040153959,-0.04101099295989374,0.01338651174613213,0.0008155139364733333
17.669999999999963,10.31427539487447,0.007148935726243627,-0.0025979262700230182,0.00642774452932772
17.679999999999964,9.96861677656287,0.04625964262103757,-0.008550798222284993,0.00849100354946232
17.689999999999966,10.331874528891932,-0.04290437556763149,0.016969958665647863,-0.0006234479710717621
17.699999999999967,10.261185212671114,0.01575802039595683,-0.007658759636910213,0.008565282428535596
17.70999999999997,10.133873230730293,0.01827357384717442,0.0013106081982001997,0.004931283217204467
17.71999999999997,10.264300398666105,-0.010878784628279105,0.002827600187897507,0.0047010333622748875
17.729999999999972,10.26167954156533,0.00276218189018967,-0.0021814229786291397,0.006726740277749542
17.739999999999974,10.195298645167973,0.010622814264595088,-0.0033843818029830114,0.007006328993222281
17.749999999999975,10.270024535963968,-0.00511260723100059,0.003328703840996059,0.004540410353115392
17.759999999999977,10.274555629586269,0.000799171907287843,0.0007592168117278994,0.005673473470200845
17.76999999999998,10.225407156665021,0.008118432586647463,0.007101397794577709,0.002744049832446983
17.77999999999998,10.289021428781485,-0.004059074166632891,0.002892060829108366,0.004739868072378205
17.78999999999998,10.293407931497265,0.0008015473491369126,0.0003415312229095589,0.005923656260873056
17.799999999999983,10.249573781579842,0.007686051967224237,0.005524704760812523,0.003451282295439027
17.809999999999985,10.312320536667059,-0.0038150030955278196,0.0035293077313723314,0.004532824303379559
17.819999999999986,10.314973122652964,0.001251213886160562,0.000201291494833939,0.006085082349689214
17.829999999999988,10.272718383504987,0.007916153945973347,0.004946467139522783,0.0037534753424259115
17.83999999999999,10.335651468172012,-0.0036577055218962157,0.004231138447513243,0.004289925306784126
17.84999999999999,10.338492342044054,0.0014636671489134427,0.00020067894179298445,0.006196292870017127
17.859999999999992,10.29736517223119,0.008139089876996948,0.005649183667112721,0.0034936394057951377
17.869999999999994,10.357991342939238,-0.003374339661192234,0.0041001849564017345,0.00441930840206196
17.879999999999995,10.363555691894039,0.0011920124342667722,0.0001393603205715251,0.006340646204221106
17.889999999999997,10.338191025761077,0.005856846438799589,0.007662290541168324,0.002613027989033869
17.9,10.36193928349444,-0.0006305716328389989,0.0006134103007792611,0.006107020291073339
17.91,10.389596636133447,-0.0009232616698759309,0.001685035803534121,0.005728931125811948
17.92,10.370632199353654,0.004899621435148256,0.0006412281034851855,0.005991960411225303
17.930000000000003,10.38313314076451,0.0004470833999170311,0.0016505082130186261,0.005704446540239335
17.940000000000005,10.41643680793201,-0.001290749464769063,0.004692632402439357,0.004369644817912749
17.950000000000006,10.399693468123205,0.004722554981016248,0.010132333689981572,0.0014733310417383043
17.960000000000008,10.409920455431525,0.0003605223212129893,0.0007471451569058114,0.0062043018741538575
17.97000000000001,10.443304475861902,-0.0014736301599874403,0.003262890995649582,0.005108330831952742
17.98000000000001,10.428437680882405,0.003834386724595679,0.007958699043776475,0.002550415617518457
17.990000000000013,10.436924385332407,8.381372592177558e-05,-7.452768169587207e-06,0.006650956000874224
18.000000000000014,10.470640912473927,-0.001980960632697572,0.002877091816394255,0.005344398778447832
18.010000000000016,10.456223241432015,0.0028743934708203647,0.0071089777978074415,0.002975896385706075
18.020000000000017,10.465180605218865,-0.00038333433997868327,-0.00012383171637926193,0.006764648818532154
18.03000000000002,10.498622345419596,-0.002652877406673306,0.0027556247365129456,0.005432148171993309
18.04000000000002,10.484498759870217,0.00196783716572451,0.007107387806650734,0.0029639360884431993
18.050000000000022,10.492838725471024,-0.0007442017148236904,-0.000373560811766981,0.006923720861762038
18.060000000000024,10.52707269522724,-0.003880054384971188,0.0028467666623690404,0.0053905254463465155
18.070000000000025,10.513274724443406,0.0011488047857370158,0.0070482193900517865,0.0029598966417600596
18.080000000000027,10.518990106514833,-0.0011945397779516078,-0.0006504811463915002,0.007071715879037045
18.09000000000003,10.575519425323844,-0.00857751507611987,0.006492086170585822,0.0034762945900498137
18.10000000000003,10.498020114597843,0.008300677968215032,-0.0017002981129431373,0.007443337136486233
18.11000000000003,10.585444559757407,-0.015083196219777037,0.012444562864068582,0.00023019383754605948
18.120000000000033,10.586262828087484,-0.0009543743000538616,-0.0020667346765471683,0.007856579858072685
18.130000000000035,10.507116322693992,0.006984207655817277,-0.0015188843736314707,0.007305910632180232
18.140000000000036,10.656252578622162,-0.025417760032481126,0.023303736763186377,-0.005572207326541634
18.150000000000038,10.58558149434457,0.006892495355799555,-0.012997424627839699,0.013533097037004458
18.16000000000004,10.530840806169861,0.0025900411813120005,0.0005308085553117896,0.006146222526521345
18.17000000000004,10.687117559414503,-0.02455155020958781,0.022608226501524588,-0.00534869235749158
18.180000000000042,10.583715672112437,0.014983393527381244,-0.012469951532522732,0.01317143838181749
18.190000000000044,10.55154524763135,0.0009061053424888007,0.0017524403526385948,0.005446927388660664
18.200000000000045,10.717204063825221,-0.025552562401273952,0.022683755704852235,-0.005476323753155747
18.210000000000047,10.598075915404209,0.0156631640875617,-0.0308431054418406,0.02274703310641675
18.22000000000005,10.572330351556147,-0.008623515504164288,0.006743938762984595,0.0026573369117476827
18.23000000000005,10.742447486484316,-0.02400184091983454,0.02602923564111603,-0.007609790350614094
18.24000000000005,10.61642859703603,0.020813205636107078,-0.01874724144338925,0.01607626483234765
18.250000000000053,10.593557771826449,0.0013679862254405842,0.0027648176961992082,0.0048615746512318
18.260000000000055,10.762369184341308,-0.024570227853667918,0.025386249612624878,-0.00716599091122636
18.270000000000056,10.63817571348086,0.016254290058244834,-0.0330104597380148,0.023318925950934707
18.280000000000058,10.647174064430144,-0.01446924253404991,0.01575420702499486,-0.0020459938410025474
18.29000000000006,10.727965939575977,-0.009857890368688402,0.0074499509679316735,0.002022376272256936
18.30000000000006,10.676314603896047,0.007154618544923389,-0.0025447510829495886,0.007273545390463796
18.310000000000063,10.685868406260536,-0.0012109366527874572,0.008899513821014667,0.0014025534584916058
18.320000000000064,10.726198565621072,-0.0063433386077097415,0.00020444473422854962,0.005685153361742797
18.330000000000066,10.703176580917608,0.001545957261162205,0.0003193306300463299,0.0054902344485327345
18.340000000000067,10.71078654380114,-0.013121523832362684,0.008961658583581876,0.0012309730034999146
18.35000000000007,10.741210005167618,-0.005484773064053237,-0.00022278444892114327,0.005713832360600886
18.36000000000007,10.722757279992287,0.001559006261995289,0.0014667698032566723,0.004673993326676197
18.370000000000072,10.729685414956549,-0.005592088508889472,-0.000587841834877085,0.005893650864331594
18.380000000000074,10.757766819110019,-0.007156016131188353,0.0020573175552311075,0.004371501999546695
18.390000000000075,10.742085263547768,-0.010199368450850621,0.00901984930110271,0.0007166802652180089
18.400000000000077,10.746715180829856,-0.0014155899549750364,0.008335807635708008,0.0012864608587298682
18.41000000000008,10.773573145718357,-0.006987842947287001,0.0007771056689432647,0.004942917499158956
18.42000000000008,10.753958625019337,-0.008784188306983994,0.006120073230674346,0.0021147133112355524
18.43000000000008,10.757657330385731,-0.0012944197609032124,0.004988252627800954,0.002842849329292223
18.440000000000083,10.784577682508806,-0.006781844062082622,0.00023027144185476707,0.005053283395246393
18.450000000000085,10.762817022284702,-0.008858916359018879,0.005042928334331118,0.0025303691532762617
18.460000000000086,10.764909641773011,-0.0015465791471000047,0.004383917031560927,0.00301222013036322
18.470000000000088,10.791337096161591,-0.00642145336863366,-0.00043101456508619167,0.0051740725725403945
18.48000000000009,10.768558190168873,-0.00867890858003398,0.004293207980217416,0.002742715006573043
18.49000000000009,10.769713897725172,-0.009192047114475611,0.007565267905915234,0.0013880184209824706
18.500000000000092,10.794914494163383,-0.0038842665864606543,-0.0016490281076962136,0.005543430475654423
18.510000000000094,10.769554898687526,-0.005459498137924041,0.0020172339452343745,0.0036409136020369515
18.520000000000095,10.769579891202646,0.0005347579848556821,0.002806573280504703,0.0033986055668990506
18.530000000000097,10.796247979987735,-0.0051364383299258645,-0.0015253718268026602,0.005211819849220824
18.5400000000001,10.77003598092955,-0.00725737296113927,0.0021779431410092857,0.0033474495679225082
18.5500000000001,10.770614782096764,-0.009535284266126215,0.007671901674243201,0.0010663625295444165
18.5600000000001,10.79500273815026,-0.0032129961186127642,-0.0024753661376614917,0.005390992395717147
18.570000000000103,10.768013201685136,-0.0056515402177143076,0.001060028607217494,0.0036386138948473674
18.580000000000105,10.767053427414842,-0.007468067401345196,0.0061078358071711,0.0014088262964132396
18.590000000000106,10.79212798071034,-0.0024730354612558644,-0.0026782968950617592,0.005311375756736808
18.600000000000108,10.763841550396137,-0.0048431481094010345,0.0002395262828118923,0.003836172571444664
18.61000000000011,10.763150714597893,-0.007223965777094876,0.006147473376759933,0.0012299910745746023
18.62000000000011,10.786118507672468,-0.0021130411621952797,-0.0029725173940387626,0.005136105437653542
18.630000000000113,10.758527056035339,-0.004795635759497756,0.00017935300362042502,0.003627638577056951
18.640000000000114,10.757324281197109,-0.007178264442279323,0.006080707077380298,0.0011174906174303868
18.650000000000116,10.779813279037185,-0.00271051611896588,-0.002793343352623381,0.004764799529826244
18.660000000000117,10.751266008078597,-0.004402300650593831,-0.00021850113075242778,0.0035352591992208957
18.67000000000012,10.750216432043606,-0.007020369104029545,0.0062689680634216115,0.0009026831845451657
18.68000000000012,10.771426717609135,-0.010682167461217596,-0.00039164372725690114,0.0035790948508595097
18.690000000000122,10.74247467015039,-0.00221354592819572,-0.0008893902392524029,0.003566707065237938
18.700000000000124,10.739770402625188,-0.004026718670662924,0.0048164844068538885,0.0013203087398909782
18.710000000000125,10.760260474271375,-0.00012190420889948998,-0.00312814201667146,0.004109210347679684
18.720000000000127,10.731266808883921,-0.00285968659506207,-0.0007861660757635352,0.0033518840431492336
18.73000000000013,10.728945794643922,-0.005335267106122833,0.00569039500736438,0.0009357675788896657
18.74000000000013,10.748642705919963,-0.010741908127547927,0.000634081429582779,0.0025649343317611056
18.75000000000013,10.719052921207288,-0.0010252780037126768,-0.0014721394107196795,0.0034062361746420066
18.760000000000133,10.715677427396049,-0.003062608734372467,0.004519708933449699,0.001251663422581522
18.770000000000135,10.732085926884418,-0.0072083111201329125,-0.0006437551818431979,0.0027854478821430894
18.780000000000136,10.706739698816088,-0.0005515062639177037,-0.0011513561616329144,0.003046180672033127
18.790000000000138,10.699477772687612,-0.0018764859864640574,0.002817937131758626,0.0016376021050553374
18.80000000000014,10.71551050049608,-0.004081702900906201,0.005143619324641,0.000848248025924439
18.81000000000014,10.690354779710496,-0.00045894599878183436,-0.0022444871375612145,0.0032105643192888145
18.820000000000142,10.680097027842969,-0.0021090362270236845,-0.00010961862098254896,0.002374804763918172
18.830000000000144,10.700237700338949,-0.009147451621777578,-0.0018377175254750244,0.0026729157973002862
18.840000000000146,10.668358901897419,0.0006045673603668675,-0.0028777596736535736,0.002870216285051342
18.850000000000147,10.664865213334325,-0.001500626379396912,0.0027525970248842655,0.001259662560216054
18.86000000000015,10.67890720878497,-0.007103010200294271,-0.0012654847434895253,0.002258441388382532
18.87000000000015,10.651080604509328,0.0006718253035267557,-0.002244874621479598,0.002614954233110159
18.88000000000015,10.646222896286897,-0.0009702646013827078,0.0024040816934842867,0.0012568899018978292
18.890000000000153,10.661284757916288,-0.0029423761724297073,0.005796347557292452,0.00035806921336855213
18.900000000000155,10.628466550426378,0.00039272905287703904,-0.00371425550314089,0.0028703649091993137
18.910000000000156,10.626526979954678,-0.002055531757497167,0.0008506613783326062,0.0015717029520416169
18.920000000000158,10.639742903368159,-0.008603745193550477,-0.0028205935272107956,0.00223086961415886
18.93000000000016,10.595913168975608,0.0015895462124573267,-0.005213639855252569,0.0028520978844732313
18.94000000000016,10.636238856826015,-0.002738259820902673,0.015853418774607893,-0.0018253498760098636
18.950000000000163,10.610891426800569,-0.00015994848907750672,-0.003902668157741649,0.0023828334977036253
18.960000000000164,10.561161715546282,0.0013666729160418543,-0.008491843547686095,0.003382469139310249
18.970000000000166,10.622323983770066,-0.010747467130736555,0.006362927862102909,0.00014517715210739745
18.980000000000167,10.581519767566359,0.0019521734567619908,-0.006379721663368646,0.0025119690284098554
18.99000000000017,10.53226644229069,0.002163383770240579,-0.00762455127690116,0.0027902308498306528
19.00000000000017,10.59790920863597,-0.008532515050172268,0.00946356666240355,-0.0005231482677215116
19.010000000000172,10.535245888045447,0.0030151266958924265,-0.013187943026862598,0.00334859298289862
19.020000000000174,10.516929379362338,0.0020136911155628125,-0.0012946019266900954,0.001344205756705533
19.030000000000175,10.62109697369259,-0.0037693030935217775,0.029276852719508892,-0.0036226028409066867
19.040000000000177,10.39205069476664,0.006424972879526223,-0.06429160738805262,0.010847132156004555
19.05000000000018,10.635209337323376,-0.006332366352948604,0.07548893846722762,-0.010378835411215766
19.06000000000018,10.514587927096867,-0.0013278310426569826,-0.048516466035619904,0.008050457548390224
19.07000000000018,10.348389237752869,0.0056584528707410995,-0.0398954539647603,0.006162558691914895
19.080000000000183,10.720458660731037,-0.015474008304143728,0.10057354356635113,-0.012663821321147871
19.090000000000185,10.404175059355282,0.010795016148250553,-0.08875270636538973,0.012148921739761839
19.100000000000186,10.348597719963118,0.004585781534342056,-0.0028804390593440074,0.0006915958989912578
19.110000000000188,10.66807145590148,-0.008328227021031366,0.07859423940374523,-0.008518186324546019
19.12000000000019,10.471444732815197,0.008303020333381447,-0.05271383886484842,0.00685460805095146
19.13000000000019,10.254267579711035,0.009540983023872143,-0.053480154896072316,0.005985596533525705
19.140000000000192,10.670733445277838,-0.011431643819467275,0.11228865607161488,-0.010736903441197897
19.150000000000194,10.415077335530084,0.010672113166147327,-0.07243993492889797,0.007425213347568339
19.160000000000196,10.262942328516226,0.009069176328148576,-0.03363214706775504,0.003068581235226083
19.170000000000197,10.656756612135503,-0.008472441672610553,0.1017938485608343,-0.008322777342465422
19.1800000000002,10.313532027904877,0.013442148010288507,-0.09625320409902241,0.00785668013443899
19.1900000000002,10.300164579158277,0.006574490159788729,0.003684815024487863,-0.00044921479142418874
19.200000000000202,10.656879353658955,-0.006375834024760134,0.08568425574502493,-0.005885117779084158
19.210000000000203,10.22754543347853,0.015326906723148421,-0.11828687531829181,0.007982012105178866
19.220000000000205,10.289732438906077,0.005494180139637124,0.028716857899568928,-0.002096377737101705
19.230000000000206,10.624418513576916,-0.00022912263630441894,0.06776506210850179,-0.003975999166098048
19.240000000000208,10.254909598166051,0.012740842864111382,-0.0966992752875516,0.005215002123336169
19.25000000000021,10.27610995491944,0.00507808737259152,0.016770539776870434,-0.0015526871333187793
19.26000000000021,10.584222437457802,-0.008083602542663174,0.07498478415781197,-0.003996063711493274
19.270000000000213,10.244625579345735,0.01179657831619582,-0.08803091096407023,0.003775311535278883
19.280000000000214,10.325527834929487,0.004525452474851223,0.03152442358209641,-0.0016994846988548533
19.290000000000216,10.406237697822583,-0.00331076207743242,0.009764464609994939,-0.0008442488215964797
19.300000000000217,10.33605119603321,0.0076961266657193245,-0.01176985555911348,-0.00013973510842333389
19.31000000000022,10.30929295615981,0.0065594631290217115,-0.0022744102385646556,-0.00040220776175660096
19.32000000000022,10.344904052999553,0.0032360352131453065,0.006185531645949201,-0.0008269564385241144
19.330000000000222,10.328930856726128,0.004832183822016617,-0.003695168124976556,-0.0005906015721315123
19.340000000000224,10.294825013608536,0.005712000343760137,-0.008225396138747735,-0.00033633614863082256
19.350000000000225,10.315630955410967,-0.0015223983100607547,-0.0031125237325120743,-0.0006893031867943225
19.360000000000227,10.308953753000244,0.006485380535748333,-0.0027034268620222887,-0.0007939421225471701
19.37000000000023,10.277732445001016,0.007237989937748519,-0.008588549356362177,-0.0005212292753237024
19.38000000000023,10.296558014119132,0.004640027145514374,-0.00014136493300419378,-0.0008035564253499244
19.39000000000023,10.29056449665054,0.005525701084937194,-0.004480014486509985,-0.0008866127456972465
19.400000000000233,10.260813023433073,0.007236106608517713,-0.009694427289578724,-0.0006743881724843247
19.410000000000235,10.281849954722626,-0.0009735342724462335,-0.003732294513246663,-0.0007171131682735916
19.420000000000236,10.260357824207583,0.008735020843071024,-0.007113594161912124,-0.0009022276852587296
19.430000000000238,10.28478141371847,0.008060069922303363,0.0009184473957078702,-0.0008686384518979078
19.44000000000024,10.22522918950364,0.007737836802977256,-0.01860342056462312,-0.0007344015121762179
19.45000000000024,10.2787347205276,0.0063965399724589134,0.006526068691839702,-0.0011349099478083595
19.460000000000242,10.30460768028895,-0.0002848910626317635,-0.002767242719873437,-0.0011405731367110975
19.470000000000244,10.167878906503837,0.01279358840379581,-0.03463882126665659,-0.000966647242183081
19.480000000000246,10.287466094961129,-8.614453627322723e-05,0.02115904218884542,-0.0013241206580933938
19.490000000000247,10.301245143155862,0.00846617269149803,-0.015025340811420677,-0.0013335466199568301
19.50000000000025,10.159401928991567,0.013820876552390221,-0.029546149353118622,-0.001269737248129022
19.51000000000025,10.284591203622204,0.007731111897308287,0.03521922954717699,-0.0011638478381215474
19.520000000000252,10.304070176208876,-0.00013619238065165843,-0.0016863002396137465,-0.0012473123915057662
19.530000000000253,10.153910963153416,0.014276368155416346,-0.03088291147722082,-0.0011562567325768983
19.540000000000255,10.280281081746244,0.006831139017568185,0.03266645778514413,-0.001280127317967603
19.550000000000257,10.30376051650519,0.0034512820576893606,-0.014034078230875146,-0.001184321369092796
19.560000000000258,10.14976802925746,0.013449855596958634,-0.0302577766363325,-0.0011180649841036304
19.57000000000026,10.278962982279884,0.003437019089745333,0.03338477468049874,-0.0013350341307897737
19.58000000000026,10.302341894460744,0.002806701741013435,-0.012189046409391802,-0.0010947167703446875
19.590000000000263,10.150317666441554,0.01339827940378618,-0.028376687714173184,-0.000996490441362797
19.600000000000264,10.277561221457438,0.0024503735901433327,0.032566854642083705,-0.0013575571880249334
19.610000000000266,10.267252595511367,0.0030850240007243225,-0.020586060574595094,-0.001017216949633098
19.620000000000267,10.213445910976505,0.011255717362946461,-0.003616665612261226,-0.0009636618283692781
19.63000000000027,10.255535607263226,0.004984952118921381,0.009192318801322326,-0.0012398551982271187
19.64000000000027,10.256621284835845,0.0029505719390111812,-0.014519791909249518,-0.0009463552210565624
19.650000000000272,10.22851787872427,0.009758491824671733,-0.001078478795596143,-0.0009125554065332076
19.660000000000274,10.2560777229017,-0.000803872156840876,0.001560980119987685,-0.0011333538897237198
19.670000000000275,10.256669209144393,0.013237107584792815,-0.008977989799381626,-0.0008605458118623577
19.680000000000277,10.233612023703468,0.008484272018085524,-0.0015580935473862413,-0.000828498589742548
19.69000000000028,10.260456360113535,0.0006022154359317125,-0.006549955210972724,-0.0009652411247586097
19.70000000000028,10.261273298542,0.008046947966487233,0.0005442289220823868,-0.0008811904690946548
19.71000000000028,10.24002028905646,0.007965490222926223,-0.00252548935867604,-0.00068556436212102
19.720000000000283,10.266957241567923,0.0006953190900301284,-0.008906546986046749,-0.0007467470972552822
19.730000000000285,10.268379867173733,0.009964572048326275,-0.0069497898087438875,-0.0006307819904710542
19.740000000000286,10.248938417489088,0.007338631541755177,-0.001306987696604333,-0.0006021700210094531
19.750000000000288,10.276831525635313,5.981627837433493e-06,-0.006579574827494821,-0.0004685796772294544
19.76000000000029,10.279385767549991,0.006693426797752138,0.0006097108091618526,-0.0005311444933581459
19.77000000000029,10.261050979267715,0.008162030804376948,-0.002071928151233565,-0.0003700047741187527
19.780000000000292,10.288925951163362,0.00033581740456318333,-0.00803659064784853,-0.0001877931984213089
19.790000000000294,10.291793120483286,0.0038315745348430803,-0.010746435015542394,-4.436011007267679e-05
19.800000000000296,10.276914071306471,0.009648018357044296,0.0004072034410036717,-0.00030343792833456193
19.810000000000297,10.303858283271342,0.0014810684001827163,-0.005225569478573117,-8.340898840650506e-05
19.8200000000003,10.309139848855922,0.011099954346965063,-0.005362907640633061,-8.04850124164208e-07
19.8300000000003,10.295320945546308,0.0008063767884751406,0.0001606419365379755,-0.00013292701708375978
19.840000000000302,10.32203107242448,0.002489828998914755,-0.0037630902284984274,7.584058632991189e-05
19.850000000000303,10.329717574626955,0.011325930185559515,-0.004644940731373094,0.00018470399988752614
19.860000000000305,10.315257036515167,0.0024028944410666993,0.000716477216076292,3.265083383822832e-05
19.870000000000307,10.342559986433193,0.001350407899546501,-0.002855080346264401,0.00026285287717296973
19.880000000000308,10.351117632446917,0.01110783388809579,-0.0043755642887333196,0.00040512605219534994
19.89000000000031,10.338031490705845,0.0013742405547047109,0.0006821223837087402,0.0002461621085143753
19.90000000000031,10.36549225150272,0.0016654566792977292,-0.0019178883585498439,0.00045773297702740253
19.910000000000313,10.374598485351735,0.010289726711283129,-0.003980460541625588,0.0006382238016830175
19.920000000000314,10.36085838572531,0.0016216910599546196,-0.006821405263022231,0.0008456051221062666
19.930000000000316,10.39173969052261,0.001097463859836036,0.000524343704066441,0.0005535394349889908
19.940000000000317,10.399406497067128,0.008871939773270247,-0.0016961447469255248,0.0007594646639194667
19.95000000000032,10.388612528676369,0.000545479022840712,0.002583468353262576,0.000627707880341703
19.96000000000032,10.417601140800942,0.0008174455416192629,5.06782992380141e-05,0.0008587529889619469
19.970000000000322,10.427348822186433,0.007856371662678946,-0.002400765093179893,0.0010855433165503983
19.980000000000324,10.416167177301679,0.000905044691723987,-0.005461479224075857,0.0013528288992557377
19.990000000000325,10.445221305808358,0.00042034777539973585,0.001003826210715343,0.0010428772624640748
20.000000000000327,10.456113753369111,0.002250225618781765,-0.000817506944377638,0.0012446583805861607
20.01000000000033,10.446194609203964,0.0022044253624064333,-0.0028210425777528843,0.0014635079368162023
20.02000000000033,10.474819000095925,0.0076567492402231105,0.0014316125344401812,0.0012734138039763733
20.03000000000033,10.486600927814154,-0.0004489478263682489,-0.00010615980305662659,0.0014791925482901783
20.040000000000333,10.476915855435808,0.00039900622136915313,-0.0022389513908947145,0.0017080652904271955
20.050000000000335,10.50614077501903,0.00666633235016042,0.0017988570599881907,0.0015098248310739838
20.060000000000336,10.51808869992202,-0.0009403877632182205,0.0001247993198279953,0.0017335995903867765
20.070000000000338,10.508626046263148,-0.00024329208754519596,-0.0020080573196471444,0.001967358595952877
20.08000000000034,10.538479500465472,0.0054217162623037985,0.0021478470941091966,0.001744319190458453
20.09000000000034,10.550670923649673,-0.001152108597562661,0.0002483270079770296,0.001986748823054525
20.100000000000342,10.541249212974137,-0.0006382798255956345,-0.0018423209721355922,0.002219872873650263
20.110000000000344,10.571947067300481,0.003862530889267657,0.0026115952452331146,0.0019625579624031287
20.120000000000346,10.584077189713538,-0.0011864540081197585,0.000403588086671878,0.0022271387631534224
20.130000000000347,10.574009947628836,-0.0008110205425059804,-0.0017733145044225712,0.002466204924946238
20.14000000000035,10.60675105019438,0.0030461238663699063,0.00321679948420385,0.002159732515450763
20.15000000000035,10.618963228317135,-0.0013262138780119144,0.0005736270170010516,0.0024565044074624
20.160000000000352,10.607048109677919,-0.0010215495438096005,-0.0018629229099766584,0.002711339259971846
20.170000000000353,10.641851954545217,0.00014363629294327694,0.004553823036972575,0.0022923072663260796
20.180000000000355,10.653480336633946,-0.0012317316292654594,0.0006803351469408963,0.002676079109974135
20.190000000000357,10.64226316688613,-0.0008601940712912134,-0.0018072830311018355,0.0029304850650929853
20.200000000000358,10.677466468436531,0.00456336900344406,0.0036845131050336067,0.002566308370554473
20.21000000000036,10.688130382229202,-0.0019137807443150325,0.0009797221730409988,0.002874026874801745
20.22000000000036,10.67780665173963,-0.0016522911234372658,-0.0015076017661998934,0.003122488189979564
20.230000000000363,10.713611800931146,-0.001433633427059734,0.006300624011003089,0.0024618023983826575
20.240000000000364,10.722099873485755,-0.0014518986255930922,0.000641851779032923,0.0030143994072702406
20.250000000000366,10.724858134927722,-0.0016361472531260153,-0.0003666778034027941,0.0032077129070907074
20.260000000000367,10.731850128544862,0.0031441396925690254,-0.0005518210873789463,0.0032203998860855965
20.27000000000037,10.760801397567816,-0.003319528541400774,0.00583154097485474,0.00290751391650436
20.28000000000037,10.786223000566967,-0.0034085282130304705,0.004632911145958784,0.003113493368049206
20.290000000000372,10.735485411830345,-0.0019787451037565885,-0.007301542201102557,0.0039038096972958463
20.300000000000374,10.79862735962506,0.0010499417998895474,0.011696667931998226,0.002712580300679855
20.310000000000375,10.830521242046038,-0.004204556265583114,0.005495294992550403,0.0032704145551859074
20.320000000000377,10.768295631716787,-0.0037056994891177656,-0.009634462301801266,0.004236964290805996
20.33000000000038,10.832416682851617,-0.004216758661487091,0.015311588352844132,0.0025784793168022037
20.34000000000038,10.864735063026902,0.0012921549250450052,0.0016978299651428,0.003562076801626331
20.35000000000038,10.80551993215185,-0.005150773046786182,-0.00917611400960721,0.004257476387957779
20.360000000000383,10.874623849657425,-0.005977162812876423,0.017018437810226262,0.0027170185214846834
20.370000000000385,10.885912818923998,-0.002730828249533542,-2.268493195263292e-05,0.0037826472706720135
20.380000000000386,10.836955894801433,-0.00516680177323156,-0.007336764723993706,0.00421876198306983
20.390000000000388,10.919242778086321,0.00098602577981705,0.015358087851963412,0.0030324302212554953
20.40000000000039,10.910361332529295,-0.005332573717731412,-0.0023486713845216243,0.00399890568832468
20.41000000000039,10.867504598234484,-0.005948183990827594,-0.005970098669270422,0.004208202933119253
20.420000000000393,10.956292601992555,-0.0032283583104177928,0.020054166129279943,0.003130971131121785
20.430000000000394,10.941537695759664,-0.005180351650160887,-0.0032757463189729357,0.004146408419160777
20.440000000000396,10.897942953277465,-0.00550466115364659,-0.006661897384439876,0.004293093813430714
20.450000000000397,10.987674288823046,0.0023745433772883687,0.015330981266462429,0.003523023060553505
20.4600000000004,10.972635722798861,-0.006407480164613289,-0.0031358498448439574,0.004158449739184533
20.4700000000004,10.929572503279754,-0.006666027930914408,-0.00611533352299356,0.0042482580827926586
20.480000000000402,11.017462019549818,-0.0031343260771788247,0.020483252227449785,0.0036831859905013756
20.490000000000403,11.00324640778617,-0.005351815977617709,-0.003390342884374695,0.004187314721852847
20.500000000000405,10.974321679455022,-0.005938670666383008,-0.004319230920271295,0.0042248012055455106
20.510000000000407,11.028410983149168,0.002744479239938225,0.006438404878581881,0.00391080786335078
20.520000000000408,11.031140263745483,-0.006425691451862721,0.00032127330047535137,0.004044072253840331
20.53000000000041,11.010916946330836,-0.006847293111377458,-0.0028465913994800414,0.00408253996464923
20.54000000000041,11.05675998125564,-0.00442844214931531,0.012707940384748914,0.004028767925002038
20.550000000000413,11.020314536075402,-0.005271602178563836,-0.004890769118554553,0.0038934812011296627
20.560000000000414,11.138395962289112,-0.0028676450041704004,0.03021401872134135,0.004825934232317321
20.570000000000416,10.983351432964914,-0.007344756296394188,-0.036498364091685546,0.0029468538321210684
20.580000000000418,11.003470942870115,-0.003989486808551102,0.008094206688694589,0.0039567643057612165
20.59000000000042,11.296897041876544,0.007198909923639738,0.06478265719483695,0.006179600570732422
20.60000000000042,10.954113105411087,-0.016328878305059753,-0.08150278264978937,0.0007464375308451491
20.610000000000422,10.997967037288529,0.0007047879942709411,0.034039637320695815,0.005194519888506954
20.620000000000424,11.366060090706634,0.008629589982570574,0.07868910135005867,0.007966424781573035
20.630000000000425,10.991075550500128,-0.02214466798159616,-0.09341991978561669,-0.0008993722086130859
20.640000000000427,11.004506732278545,-0.0027894460691244407,0.0206262998062529,0.004603384251219698
20.65000000000043,11.422258208158462,0.01077796965478641,0.08966567122196926,0.009507313366450599
20.66000000000043,10.947657920256168,-0.028201002553221412,-0.12102938747047119,-0.004438653539348069
20.67000000000043,11.070073294710456,-0.0037521229645361676,0.041390950268086604,0.006324763348057615
20.680000000000433,11.40450234801666,0.010113736958278736,0.06951318892415397,0.009160662807033926
20.690000000000435,10.969240919298189,-0.028676613576902796,-0.11058525816509389,-0.005628009799791722
20.700000000000436,11.049183527562423,0.002400488345751805,0.04431436264786242,0.006722537694457902
20.710000000000438,11.395650498012188,0.012003554579914009,0.07370018038456658,0.010331104682716644
20.72000000000044,11.159842962914981,-0.021948258254020227,-0.060545965594014865,-0.0023141408910812584
20.73000000000044,10.966459106240036,-0.00814790868329222,-0.027712131058315395,0.00025636425705641286
20.740000000000443,11.39519572422555,0.016206006301724987,0.0989548838363034,0.014190456160504041
20.750000000000444,11.255749964768746,-0.018198657903095477,-0.04049897889393751,-0.0012297096909679715
20.760000000000446,10.861691681625203,-0.021245848542456407,-0.08450836850216485,-0.007433161123104802
20.770000000000447,11.411215376178781,0.025418008848992195,0.13408451750704412,0.01970699916465434
20.78000000000045,11.352386238525895,-0.005474325152442972,-0.03156784331639597,-0.000833815735623738
20.79000000000045,10.860420429287633,-0.029860806462981143,-0.10998047890799689,-0.012448543335993741
20.800000000000452,11.355543517783644,0.011327721018062068,0.1344297283839147,0.021556141329576266
20.810000000000453,11.369703842269761,-0.00014401820843613545,-0.01284903633098344,0.0012399534890155965
20.820000000000455,10.891492174162845,-0.031563084602696447,-0.10828398628872729,-0.014011767791039827
20.830000000000457,11.357721304958982,0.01342205612432115,0.12797207678809955,0.0226301170617388
20.840000000000458,11.308650186809212,-0.002960109765672,-0.029658496971600813,-0.0019758304606861564
20.85000000000046,11.08585152795923,-0.01465877101136465,-0.03997463296701032,-0.004092633238578654
20.86000000000046,11.201466334533837,-0.002646896995464813,0.03364325938222603,0.008236287144509928
20.870000000000463,11.329482530252438,0.004683930514093696,0.019030634845738827,0.005954981996761024
20.880000000000464,11.160048903496437,-0.020369252394888522,-0.03888610602672894,-0.004623298129813649
20.890000000000466,11.186250490240777,0.002591603572611554,0.022745639501762685,0.006620895089949673
20.900000000000468,11.279728772174106,0.003625266443602982,0.011666461779997797,0.004588560925533313
20.91000000000047,11.21812253614261,-0.013256614857905335,-0.00993461483314566,0.0005068168079179918
20.92000000000047,11.194754367416447,0.0006779046005772865,0.005610414257131756,0.003429767726486556
20.930000000000472,11.242405497696675,-0.002133363137675197,0.006794625658141493,0.003578316314868237
20.940000000000474,11.20647842757908,-0.009929788125491067,-0.007460429452059883,0.0006577892051234651
20.950000000000475,11.197642048995732,0.001692945239643287,0.005439019099315006,0.0032788367321754585
20.960000000000477,11.228800406165671,0.0014354483028341544,-0.003122558558915575,0.00116840438828795
20.97000000000048,11.197404385145303,-0.0024575790704019925,-0.0011395892918319884,0.0017476333591680924
20.98000000000048,11.194708357256966,-0.0016273026178909764,0.004153671494403332,0.0028083226295582716
20.99000000000048,11.2169462106727,-0.001616441083464079,-0.003633540600274633,0.0007634117089433385
21.000000000000483,11.189083233356998,-0.004802178241603595,-0.0009454170146619499,0.0015170979351302881
21.010000000000485,11.18520318197187,-0.009393761831353589,-0.0008499258146752043,0.0013129368313861793
21.020000000000486,11.205484330361918,-0.002448327323926,-0.003026027498079808,0.0005499834180092543
21.030000000000488,11.178728461945104,-0.003545402901891483,0.0010915671920985726,0.0017163200822283523
21.04000000000049,11.173421739808294,-0.0024830627480885077,0.005292369869899856,0.0026719773025690743
21.05000000000049,11.193339266875839,-0.003951109238277623,-0.0033132661582072854,0.00022964604186817214
21.060000000000493,11.163254941923404,-0.00561127734444801,2.1209501669294342e-05,0.0011913284309153307
21.070000000000494,11.159776193320628,-0.003720551337094511,0.004848309851626945,0.0023510948001508967
21.080000000000496,11.175934541592584,-0.0051973639188215015,-0.004083170432656166,-0.00028494516834366484
21.090000000000497,11.144310821743865,-0.006235048157874318,-0.0002877144327200061,0.0008625513580565
21.1000000000005,11.141998606857173,-0.003413828559183718,0.004567943341656076,0.0020777506337517557
21.1100000000005,11.157896437830521,-0.005182396722456592,-0.004141022329873133,-0.0006084715529706063
21.120000000000502,11.122176449862357,-0.006359459997845744,-0.0010269481140962413,0.0003788174685407554
21.130000000000503,11.120332482035314,-0.002191419657327264,0.004196384227152007,0.001757058793496574
21.140000000000505,11.136033373656396,-0.004335393521733382,-0.0040880905697585025,-0.000908980574875564
21.150000000000507,11.100593444347913,-0.005803129728240449,-0.001106929144656625,7.728811621589147e-05
21.160000000000508,11.095185663941793,-0.00148016318764259,0.0028593565010476114,0.0011207455912564544
21.17000000000051,11.110140568735703,0.0019164460040168748,-0.0016081279552219254,-0.0004411075739325528
21.18000000000051,11.075601752374716,-0.006421690264871308,-0.0017206278387895807,-0.0003959016759757109
21.190000000000513,11.069689737565364,-0.002206899024004006,0.0009727833567205292,0.00027340779907047904
21.200000000000514,11.077618954387313,-0.005261965054642765,-0.006354601496137122,-0.002323288860255381
21.210000000000516,11.051161722187294,-0.0038045998486211717,-0.0004752589557076866,-0.00034571621732420327
21.220000000000518,11.038653551639387,0.0008200625436624026,-0.002729914864924798,-0.001294770906030386
21.23000000000052,11.037644827890615,0.0017473847957701996,-0.002462191675804301,-0.0013967937863664666
21.24000000000052,11.038045008901838,-0.0017211407636917619,0.0043582497059579004,0.0008890025765919858
21.250000000000522,11.005847740290445,-0.004768504682604798,-0.0019638517565719383,-0.0013747185384158217
21.260000000000524,10.978269268544095,-0.00046202542577625423,-0.00974287740429209,-0.0042561777376082235
21.270000000000525,11.035700774096437,0.003948491956429586,0.005677000643771282,0.0010212377602112697
21.280000000000527,10.97128893359058,-0.008675152486916337,-0.006814501404759546,-0.0033011381033547513
21.29000000000053,10.93671241539707,-0.0038452805909042543,-0.001351499360996979,-0.0015302777025896224
21.30000000000053,11.001644473808055,0.0017053936230389507,0.00035137120081458784,-0.0010970325621071707
21.31000000000053,10.937907224282432,-0.005511527697819633,-0.008445702167674958,-0.004211159000208959
21.320000000000533,10.900666800895312,-0.0017083213587661401,-0.0015974988899013585,-0.0019434649813701004
21.330000000000535,10.964623589501171,0.011086822171008056,0.004612840017523328,0.0001928968127845631
21.340000000000536,10.901991747853844,-0.0017194094664277355,-0.019705087831569032,-0.00883766731608729
21.350000000000538,10.862294468585285,-0.0026604369300175503,-0.0007725209579281209,-0.002035156357263993
21.36000000000054,10.927686779582542,0.010108566776025113,0.006049078390021492,0.00038228425770986244
21.37000000000054,10.86364472733083,-0.0060397097564615435,-0.007484911789315018,-0.004632131746392663
21.380000000000543,10.825622110061998,-0.0020977509591271035,-0.0013381695692905135,-0.0025218497216670873
21.390000000000544,10.884768931980577,0.009561680278370286,0.002884147324489107,-0.00109016493235381
21.400000000000546,10.824521240357695,-0.0019235714385048878,-0.01973021058969237,-0.009841231379180294
21.410000000000547,10.784788853440375,-0.0027809477454886745,-0.0003131798021025632,-0.002556399437312993
21.42000000000055,10.831008007727942,0.007553845896718495,0.002192315423896858,-0.001750846991606305
21.43000000000055,10.800766425426632,-0.0017881412042393707,-0.0009977390253536563,-0.0028558777027059994
21.440000000000552,10.742650047646638,-0.004175268353525559,-0.0046606385854744085,-0.004534587268645075
21.450000000000554,10.761230533394784,0.004922610803331357,-0.002363716806376904,-0.0038417308869480005
21.460000000000555,10.789415183305852,0.005699185032495024,-0.00012998937059518128,-0.003025305407459739
21.470000000000557,10.696767745678114,-0.008483103855087815,-0.012510729314195146,-0.008112384271072047
21.480000000000558,10.711868377648461,0.005000933887300948,-0.001056915775163606,-0.003687739228113671
21.49000000000056,10.746320731468616,0.006923947136871853,0.000840297129919954,-0.002957504131068529
21.50000000000056,10.65496529955553,-0.007712609613241406,-0.010709057073306648,-0.007728679513185973
21.510000000000563,10.664885999423838,0.004566191846915547,-0.0005687563666764348,-0.0037877797864796325
21.520000000000564,10.702099920454858,0.008183182990650857,0.0013060539550178098,-0.0029144650622756987
21.530000000000566,10.609036681313015,-0.007154297781382603,-0.011000433864008525,-0.008114518071924214
21.540000000000568,10.620706089352517,0.00531941993197589,-0.0003573408525049333,-0.003972741963266954
21.55000000000057,10.655088327128569,0.008365530010515754,0.001123705992636389,-0.003230584494800663
21.56000000000057,10.563929952036933,-0.006264415037488934,-0.009911720911704442,-0.007961065262422691
21.570000000000572,10.573006971219234,0.005378354013416658,-0.0010061154516189874,-0.004519516744594734
21.580000000000574,10.609146981758284,0.008971409835397102,0.0013930617694067093,-0.0034049196534872823
21.590000000000575,10.515856080577217,-0.006052088296813826,-0.010557483958605871,-0.008532911377615113
21.600000000000577,10.527079803840854,0.005949005081441697,-0.0010582264131122894,-0.004837951694688331
21.61000000000058,10.560722396989725,0.008796344742783152,0.001083883988140839,-0.0038294673741048006
21.62000000000058,10.46908956555921,-0.005517994907414918,-0.009667066094287722,-0.008472791486060241
21.63000000000058,10.47851642315187,0.005912249514787524,-0.0015064751013546802,-0.00531658729182484
21.640000000000583,10.512187730675299,0.009009406315041015,0.0011817796403697717,-0.004081816542441297
21.650000000000585,10.420560884505232,-0.005208061851219401,-0.009596307151012637,-0.008734136825340386
21.660000000000586,10.43129060366575,0.00607891201387243,-0.001524356375468998,-0.0056096889468531495
21.670000000000588,10.463846421841438,0.00886776911370076,0.0010044215708953632,-0.004436439833687246
21.68000000000059,10.371111009103462,-0.00500268776553721,-0.009633763836700861,-0.009019192499178045
21.69000000000059,10.383345812677359,0.006451411845498498,-0.0013307671445391231,-0.005800442262650874
21.700000000000593,10.415600075194089,0.008975835236081841,0.0010439585475157825,-0.0046871299606959385
21.710000000000594,10.322673954155293,-0.004624660768558934,-0.00924479078427759,-0.009108243787404196
21.720000000000596,10.334786789317748,0.0066634802803053,-0.001232144817791638,-0.006012149946955664
21.730000000000597,10.367138317706631,0.009063267027389863,0.0011426895605463083,-0.0048967779849138976
21.7400000000006,10.2745451136898,-0.004268587348184168,-0.008980286071479129,-0.009225832080363405
21.7500000000006,10.28656428945546,0.006823924600450992,-0.0010045078543353446,-0.006153226867667169
21.760000000000602,10.318782588945638,0.009157459260927397,0.0012699619720659134,-0.005077978824869668
21.770000000000604,10.226589130774226,-0.0038959031828895564,-0.008863711269942546,-0.009381128415176578
21.780000000000605,10.23864554124751,0.00701096862490815,-0.0006542274722863557,-0.0062275313797528755
21.790000000000607,10.27086642088247,0.009217566262175047,0.0014241098801865966,-0.0052325032498455526
21.80000000000061,10.178925701964278,-0.0036050165769505047,-0.00914744225713264,-0.009674627413523868
21.81000000000061,10.1911425802225,0.0069886086793662025,-0.00022945972886272462,-0.006255915274937061
21.82000000000061,10.22362109023364,0.00907296600590605,0.0016354151441873221,-0.005348027705866924
21.830000000000613,10.131905802928806,-0.0034219503766749243,-0.00907457283863426,-0.009801319053166167
21.840000000000614,10.144337561306715,0.007098906521758154,0.0001760486278668347,-0.006274619810186597
21.850000000000616,10.176858592296794,0.00897304103812891,0.0018436468398192922,-0.00544850410141404
21.860000000000618,10.085721913832424,-0.0032059430663552908,-0.009552418290848835,-0.010121709967927345
21.87000000000062,10.09853596571622,0.0071655228930457785,0.000683792587257734,-0.006237572386877362
21.88000000000062,10.130842789605623,0.008696324670376695,0.0021349711277140844,-0.005500502825405802
21.890000000000622,10.04054663768683,-0.0031954134030168268,-0.005242257016687145,-0.008558290604557114
21.900000000000624,10.054178383201148,0.007368812116710834,0.00036309204790666407,-0.00650481020992278
21.910000000000625,10.084563792086739,0.008171004482691716,0.00155023117859342,-0.0058751777642371385
21.920000000000627,9.995803885700653,-0.0026226247758373822,-0.015464900685212711,-0.012576224388433699
21.93000000000063,10.014708539730867,0.007792250295467527,0.0027186083139089465,-0.005725971935984934
21.94000000000063,10.014730255703768,0.004223536100002863,-0.00038033523235611903,-0.00673597475985241
21.95000000000063,10.00272387229799,0.003168028500647653,0.007600951875032992,-0.0038544362698544102
21.960000000000633,9.946794299690906,0.00015495845094080612,-0.009920033528331972,-0.01063137774123381
21.970000000000635,9.937831960544823,0.004458769579787854,-0.001558763556714978,-0.007259030669296282
21.980000000000636,10.030843612692115,0.014807993364971605,0.00965152585260792,-0.0029772080158138306
21.990000000000638,9.876579245484159,-0.006208792422327669,-0.009990183869198175,-0.010647932488352661
22.00000000000064,9.863663599853494,0.005323875994543489,-0.0009085580910410898,-0.007265316037924858
22.01000000000064,10.030837938648258,0.008433243531742221,0.01727839333238433,-0.00035274495927532356
22.020000000000643,9.878626193695338,-0.004115469822167992,-0.02276307735550329,-0.015381485005345221
22.030000000000644,9.722438152431417,-0.0038111651433911367,-0.0046946607651762295,-0.008761935746635526
22.040000000000646,10.056844603072074,0.02868367702115761,0.04213848577608483,0.008645374484982576
22.050000000000647,9.882046294107985,-0.005266975036805282,-0.029602980398098482,-0.0179268144388519
22.06000000000065,9.601882024849237,-0.013493365634056544,-0.02124112003600586,-0.014886386129321631
22.07000000000065,10.021331913009769,0.03754784274205988,0.0521438049539506,0.012053107485694992
22.080000000000652,9.938763350042986,-0.0019422265270143838,-0.01748799957910205,-0.013284826101166242
22.090000000000654,9.490433115808486,-0.03116447810234297,-0.043927977770853076,-0.02291174033173561
22.100000000000655,9.949442333319407,0.05241986775379877,0.056692547867125395,0.013500893250580707
22.110000000000657,9.949033551033198,-0.007207079220458437,-0.007614626675153103,-0.009726424030158004
22.12000000000066,9.4462173688797,-0.03605277709649231,-0.04922630237669595,-0.02459992122230514
22.13000000000066,9.930412475916318,0.05766296714435943,0.05723671634300609,0.013416266824933226
22.14000000000066,9.893689107484713,-0.011789436795832,-0.011877537358217427,-0.011225241687335002
22.150000000000663,9.419613558409388,-0.03303519855402562,-0.04168931284084812,-0.021731494471905567
22.160000000000664,9.894950141706351,0.053271345932686516,0.0528596706799329,0.011588866092300363
22.170000000000666,9.857878625723098,-0.011878553079380785,-0.010518890168988949,-0.010734116644566827
22.180000000000668,9.411796934408502,-0.029918552658919653,-0.03474149250432968,-0.019165613889308895
22.19000000000067,9.830126543169143,0.03816623147377788,0.042704112965795786,0.007843245286960867
22.20000000000067,9.850437039841013,-0.005495439170471242,-0.0027839122771701136,-0.007939610034325657
22.210000000000672,9.440847441127515,-0.02499085524334977,-0.028052550197343613,-0.016715485709994878
22.220000000000674,9.669402562513678,0.033275845042587564,0.019831029943592197,-6.296307307408593e-05
22.230000000000675,9.886343992162423,0.00793204393405226,0.013441234167786689,-0.002347433074919523
22.240000000000677,9.492224353183996,-0.024475643206302862,-0.036746543883078,-0.019580494779497297
22.25000000000068,9.54227085921359,0.014962889256927538,0.006926120947920424,-0.00449051551575325
22.26000000000068,9.900502115958794,0.02233319725044708,0.031639687322512225,0.003860240101624917
22.27000000000068,9.487203368244746,-0.03080506682411793,-0.018494029728607357,-0.0133474285435153
22.280000000000683,9.510780641148706,0.013002219433954817,0.01473763918708254,-0.002128320346262335
22.290000000000685,9.879420021083186,0.023443004497348006,0.02635169751026247,0.0019171885052051748
22.300000000000686,9.468185634435873,-0.04332580497382399,-0.03400146583278096,-0.018383319539942697
22.310000000000688,9.493187127512183,0.016674365118186502,0.005691419988412663,-0.004894528036822566
22.32000000000069,9.857063991359304,0.025663152252696955,0.025659478451785084,0.0018482753758589515
22.33000000000069,9.45495825678813,-0.038173712166282465,-0.02500153540793968,-0.015254445012981212
22.340000000000693,9.495732169090942,0.019669725351753427,0.022324393800569452,0.0008394652120299302
22.350000000000694,9.817936449541024,0.023012546736087505,0.018052218486260797,-0.0004921770017916605
22.360000000000696,9.443467348184537,-0.03521659727503816,-0.021211469494737192,-0.01385088536353458
22.370000000000697,9.472752102517648,0.018863514367184846,0.014714483139383483,-0.0015643478617085507
22.3800000000007,9.809205362914515,0.024999868317523315,0.015883905012041215,-0.0011244031889056441
22.3900000000007,9.456141514550808,-0.03348795668776109,-0.01584973742219534,-0.012018807858078365
22.400000000000702,9.483159019990701,0.01845848749893438,0.014707902222594472,-0.0015408126521486536
22.410000000000704,9.750285934139372,0.01828943043801172,0.00846280115457914,-0.0035477949110817412
22.420000000000705,9.447843738354464,-0.030357541156207892,-0.01070308992733833,-0.010238590920581159
22.430000000000707,9.52913498517961,0.020550186961354334,0.005111837881277606,-0.004648920909942468
22.44000000000071,9.615368250941247,0.0015594278637638091,0.0021478051789773464,-0.005603345563652781
22.45000000000071,9.529646101462449,-0.007984799216715365,0.009458162808358405,-0.003484070639826693
22.46000000000071,9.529134340142715,-0.001003215450409808,0.0010256672737355686,-0.006022031015732601
22.470000000000713,9.571388775939116,0.0010120604576090847,0.0015535683092236944,-0.005688179300398089
22.480000000000715,9.552140207219816,-0.0015285420412599283,0.001772599854674809,-0.005854427693329657
22.490000000000716,9.53097381531962,-0.0009384140535452576,0.003116877113386304,-0.005327147244426563
22.500000000000718,9.559008521856173,0.0014580537965710406,0.0031324192780592956,-0.005133185824794868
22.51000000000072,9.553534915360695,-0.0003796384222760515,0.011847307250785033,-0.0024915929888461746
22.52000000000072,9.53222723467199,-0.0007155057257176685,0.0019567428528338903,-0.005637216727815212
22.530000000000722,9.55567269597933,0.001752812414705527,0.002270324063608025,-0.005355064999052716
22.540000000000724,9.55505513968119,1.843665391340967e-05,0.002942387319831539,-0.005346034624804471
22.550000000000725,9.535081024967862,-0.0007538339465579113,0.005035538608915818,-0.004560914659070462
22.560000000000727,9.556498237794884,0.0015478185225550303,0.0034203571372218547,-0.004919755841609814
22.57000000000073,9.560106061269105,0.00010936753705042259,0.012252585823826882,-0.0022352193908090727
22.58000000000073,9.539737922499206,-0.0010281619669912962,0.0024605892290670618,-0.0053724965644007805
22.59000000000073,9.560455304782483,0.0011337208619598112,0.0023172566828345764,-0.005243515002481333
22.600000000000733,9.567303678624592,-9.934461745000729e-05,0.003358687822596171,-0.005115261894063474
22.610000000000735,9.546824952777168,-0.0013898174284701665,0.00598980929052542,-0.004305260978215368
22.620000000000736,9.568294771906956,0.0005193256028986586,0.0036353355967099392,-0.00485380150145451
22.630000000000738,9.576330528269297,-0.0005085203058509864,0.011656403621683603,-0.0023093178759071944
22.64000000000074,9.555955987935365,-0.001980096128011505,0.0024513831777081404,-0.005476411803959857
22.65000000000074,9.579986209802366,2.9869697293188937e-05,0.002057878851298699,-0.0053583697775519265
22.660000000000743,9.5870917445832,-0.0009868559529105057,0.0035913271488269747,-0.004720445887388877
22.670000000000744,9.567804435285435,-0.002824496696464987,0.00496372314599779,-0.004487865789331992
22.680000000000746,9.593753549477713,-0.0004101757782132006,0.011722269311449499,-0.0020908771006930317
22.690000000000747,9.600110040356704,-0.0016979203058742976,0.0012003128715782102,-0.005444104018107908
22.70000000000075,9.58224109021809,-0.004069450989973878,0.0023668842971507563,-0.005281524446585119
22.71000000000075,9.610549160296024,-0.0008551425398298851,0.01082215572552413,-0.002359612666247616
22.720000000000752,9.615594153082041,-0.0028549985671550353,0.0005603844564617112,-0.005626476355822272
22.730000000000754,9.59947976683247,-0.005402845789489252,0.0018889818701748689,-0.005400683964700081
22.740000000000755,9.629469977258143,-0.0014392425758800336,0.010491333200707241,-0.002594810825186639
22.750000000000757,9.634589810896607,-0.003930036820174456,0.00016998776766842988,-0.005820814204793976
22.76000000000076,9.61961589240142,-0.006511042080240128,0.001768017906324639,-0.005403769953159432
22.77000000000076,9.650456908232576,-0.0019785204058801777,0.010158490853213627,-0.002673123945357864
22.78000000000076,9.656947142509381,-0.004660416190389865,-8.766496024099955e-05,-0.005879192683055712
22.790000000000763,9.64302505765755,-0.007251054049930484,0.001704943925674774,-0.005181002391600769
22.800000000000765,9.673606251659544,-0.0023548657046215146,0.009971200667679115,-0.0025584697673786696
22.810000000000766,9.682841235679817,-0.004676481800053121,1.1148633153437823e-05,-0.005781593661934434
22.820000000000768,9.668384381362928,-0.007718688900841165,0.001830469598930064,-0.005051570526917138
22.83000000000077,9.700917779541916,-0.002207075857808731,0.009585041353015774,-0.002591245857399292
22.84000000000077,9.710080708219884,-0.004786832588059276,0.00047895467748124506,-0.005794779464699419
22.850000000000772,9.697611713017581,-0.007532161320259826,0.0014246768255563892,-0.005258137363736342
22.860000000000774,9.729972558756257,-0.002074308749514232,0.009612579883944681,-0.0025454988594696953
22.870000000000775,9.740707299629499,-0.004634966934509105,0.006371693462513449,-0.0037786192492452785
22.880000000000777,9.728719382836749,-0.007318557437085027,-5.992507255336507e-05,-0.0057865519531269905
22.89000000000078,9.762344826499008,-0.0016707476750518454,0.007116091436868312,-0.003351034358444941
22.90000000000078,9.77333178887326,-0.004161252448471628,-0.0011449051806366403,-0.006416072963477794
22.91000000000078,9.762978977318143,-0.007049325810540756,0.0012595059253397243,-0.005354127633291104
22.920000000000783,9.795831044218907,-0.0016604411729726255,0.008495155454722216,-0.002678267839939664
22.930000000000785,9.808340473590993,-0.004234254759462735,0.007449283096666543,-0.003255283325962508
22.940000000000786,9.798543887340905,-0.00676682511234872,-0.0007489287118887256,-0.006100235374722173
22.950000000000788,9.832191059925291,-0.0013502379803022992,0.006128531483420725,-0.003472337031595765
22.96000000000079,9.844602143169102,-0.003679257226479119,-0.0013120700279324984,-0.006438926878642002
22.97000000000079,9.836811156914408,-0.006517493632950639,0.0009267259012286063,-0.005776180709744654
22.980000000000793,9.868812897352363,-0.0015573056760713943,0.007641662144116767,-0.003059923575031316
22.990000000000794,9.88266351550592,-0.004038171404329515,0.007471772267844415,-0.0032546636193959096
23.000000000000796,9.877137272872188,-0.006005706278805227,-0.0012202832760795925,-0.006642222860133973
23.010000000000797,9.907154306271064,-0.0017380703703408927,0.006095534942901274,-0.003674526980548879
23.0200000000008,9.921671967043897,-0.0037844363879774986,0.0032986699611511944,-0.0048745358728448755
23.0300000000008,9.92667956951898,-0.004373213108024954,-0.0016345098072340681,-0.006884900047180353
23.040000000000802,9.944887959705195,-0.003446958652073655,0.00667132341845293,-0.0034958603151382284
23.050000000000804,9.962234637694767,-0.0035505724183942594,0.0037275373312718853,-0.004740431674210149
23.060000000000805,9.960704161334444,-0.005474921170613333,-0.0013109118275404894,-0.006821268729817791
23.070000000000807,10.00994054043865,0.00034357233577852396,0.002100973739803812,-0.005284789084522649
23.08000000000081,9.945451033167897,-0.01544102866181514,0.006905714639657017,-0.0035548631153525974
23.09000000000081,10.042811050523776,0.004576468271303856,-0.0018134718537456318,-0.007021750974600016
23.10000000000081,10.06638643923735,-0.002843407687838683,0.005030763702800662,-0.004164981438266754
23.110000000000813,9.926231000496736,-0.025099676767404638,0.010456315849108255,-0.0021526731080547777
23.120000000000815,10.112121230801607,0.017555755619608558,-0.010205696645596226,-0.010172970924258232
23.130000000000816,10.119297028495154,-0.005054352747198014,0.0076865713658658295,-0.003041246705405747
23.140000000000818,9.959468453824892,-0.025173194446187302,0.011593831935621406,-0.0016629614098446488
23.15000000000082,10.155190775324288,0.019924443563005403,-0.013552297611916926,-0.0115902484180984
23.16000000000082,10.166568188805531,-0.004346279665297346,0.007024290608330766,-0.0035052431809215454
23.170000000000822,10.007201957387355,-0.023133071469348485,0.011558588275263276,-0.0017999008606816025
23.180000000000824,10.180728116276857,0.01642761337810716,-0.011699937226191006,-0.011037202515031892
23.190000000000826,10.223506538447012,-0.00024321936713062446,0.0027447335798263146,-0.005312277536429327
23.200000000000827,10.083848174932125,-0.01888330695182629,0.009075561219185783,-0.002872596877847635
23.21000000000083,10.165379481011778,0.004117842522339818,-0.001766285173012221,-0.0070762687769487
23.22000000000083,10.295686773660087,0.007744259099691709,-0.005088064002704218,-0.00844643074394132
23.23000000000083,10.164082283728675,-0.021155596942024967,0.008310550910602657,-0.0031002440136032277
23.240000000000833,10.149977963926966,-0.003972822988547487,0.006017583727193557,-0.004069110264289578
23.250000000000835,10.35187085352104,0.019544380234887592,-0.015928899193800715,-0.013202460009695088
23.260000000000836,10.21391651558508,-0.0251335968940125,0.024558451938579556,0.0038550174529702807
23.270000000000838,10.186951309735642,0.004826331803660533,-0.002689720713727482,-0.007817076205762798
23.28000000000084,10.394265332110267,0.017944583546017898,-0.018722466863175705,-0.014582893978649446
23.29000000000084,10.253387319169665,-0.02966431051419834,0.02642976263077201,0.004720102582237787
23.300000000000843,10.2338062601251,0.003923938950282477,-0.004365583117781552,-0.00855364595597467
23.310000000000844,10.432092456328574,0.015461639996579875,-0.018943351140508224,-0.014753534152579479
23.320000000000846,10.29519153256671,-0.03008161851722833,0.024931532807054953,0.0041873574012949435
23.330000000000847,10.28220817839113,0.003944482963653055,-0.00610704538828433,-0.009279038098945792
23.34000000000085,10.45644493835082,0.011102140677394295,-0.016869309500147048,-0.013874306890415043
23.35000000000085,10.34667031905782,-0.025985949035232436,0.01999036312484825,0.0021545947182288706
23.360000000000852,10.349650053103256,0.005914142871956355,-0.008290081380858563,-0.01008314324570589
23.370000000000854,10.438771617831787,0.0020626367469178362,-0.004830406003643093,-0.008456040839584194
23.380000000000855,10.374376833559664,-0.01852037518853093,0.011296865520845753,-0.0015181759850989652
23.390000000000857,10.52380739613073,0.024755604006694652,-0.019184409466636635,-0.015035087457386992
23.40000000000086,10.380959124896638,-0.03162693506100872,0.022555466010495975,0.0037635834215154493
23.41000000000086,10.365410820632707,0.00312845664625404,-0.006382701343769586,-0.0093133486366463
23.42000000000086,10.686880103741068,0.03427924287530069,-0.04228733465591594,-0.025543338420706996
23.430000000000863,10.331013122597755,-0.05134348703673691,0.056472201718574006,0.01896042845561269
23.440000000000865,10.355856017882836,0.007804314633168802,-0.016121783108143536,-0.013606150703638936
23.450000000000866,10.797330860810586,0.04928453986701506,-0.05843944839739292,-0.03299943088962491
23.460000000000868,10.359838084977573,-0.07686812875555869,0.07074428811430289,0.025738609869074242
23.47000000000087,10.411200770774885,0.017053197169165424,-0.022147470805641042,-0.01660274191301568
23.48000000000087,10.775489104223679,0.03936740865701915,-0.04687379621266658,-0.02802497740466213
23.490000000000872,10.421768356960904,-0.052061755426029706,0.062124953992705595,0.022091341564627075
23.500000000000874,10.455292416216274,0.011977292010758978,-0.017610607041774026,-0.01435673284269855
23.510000000000876,10.796868166528172,0.035586653062484215,-0.04440247734889943,-0.02685935498932776
23.520000000000877,10.459025404500235,-0.050620953257000716,0.05861395710258769,0.020873754778956994
23.53000000000088,10.492585203029424,0.011856536020182192,-0.017697106986926222,-0.014601618825339065
23.54000000000088,10.818981262816433,0.03368478004204321,-0.043032655973415095,-0.02643472771989704
23.550000000000882,10.49939377260252,-0.047332083662688706,0.0552831549584012,0.019627733487093887
23.560000000000883,10.527077517668987,0.011050524853580376,-0.016893088852963173,-0.013948781422704726
23.570000000000885,10.834889842647852,0.03133644503214647,-0.04136117474163276,-0.02553779267544534
23.580000000000886,10.551258789783803,-0.04094248550857831,0.049405621081301754,0.017216102090487843
23.590000000000888,10.54626441593873,0.0065055964725914085,-0.011183406693242562,-0.011183585795484022
23.60000000000089,10.806193595928503,0.024890068000215964,-0.03561334943514882,-0.022769674250329004
23.61000000000089,10.717016938379981,-0.009232994196740252,0.019168819623750763,0.003077529589551326
23.620000000000893,10.47513714944766,-0.02729813655148193,0.021358684878644424,0.004386021834607901
23.630000000000894,10.839955072345791,0.04352967209942712,-0.05344678471026406,-0.031241560588959785
23.640000000000896,10.776711477067614,-0.008393546797017856,0.016001067703408773,0.001752953642129098
23.650000000000897,10.481959757046905,-0.03527774420061277,0.030578028876999154,0.008747927608368329
23.6600000000009,10.8611672209295,0.05512280845431874,-0.051709051610766,-0.03052842738977924
23.6700000000009,10.805618934214024,-0.020280046433134736,0.010467381206450705,-0.0005112066767988654
23.680000000000902,10.504557264619795,-0.03599885286398288,0.03189225949763675,0.00973980414020397
23.690000000000904,10.87908111112888,0.05790697992056808,-0.049663330279731764,-0.029390424870054024
23.700000000000905,10.829328273456483,-0.01809057530936351,0.009265352712391681,-0.0008788105270233527
23.710000000000907,10.525326498737188,-0.036477940664018486,0.03176428285540676,0.009922859928006417
23.72000000000091,10.899778953074753,0.05788726627014791,-0.04949179549034741,-0.029187477630896082
23.73000000000091,10.84912139356846,-0.009208706740244994,0.01225821264928984,0.0008038890302053871
23.74000000000091,10.542228022529658,-0.03781943602776076,0.030447246575765367,0.009511559270259873
23.750000000000913,10.917706527513994,0.05528262992118928,-0.05097957276639202,-0.029764027439221616
23.760000000000915,10.867849504399665,-0.01951605576006627,0.006970076160737462,-0.001571987071118699
23.770000000000916,10.556684033976433,-0.03778774067280588,0.03053669176689875,0.009779723211878762
23.780000000000918,10.935510534437618,0.05730973518801642,-0.05040651190936027,-0.029290475595814554
23.79000000000092,10.883435200611377,-0.00884446524705587,0.011148004624907525,0.0006965979963175955
23.80000000000092,10.571362777670677,-0.03796287311171863,0.028809906527303593,0.009168141969753914
23.810000000000922,10.947776290895721,0.05554703559158073,-0.050877273005659085,-0.02933448524354515
23.820000000000924,10.897253001018436,-0.00975605442621141,0.0093807719749645,6.504690931286201e-05
23.830000000000926,10.585187523019377,-0.037959341007122165,0.027722935770041545,0.008869029258136554
23.840000000000927,10.95841469108087,0.05414772123872098,-0.0502694234284984,-0.028802699787587056
23.85000000000093,10.905779184167095,-0.010040172511684738,0.008773309440522209,1.1460541967001255e-05
23.86000000000093,10.599826193969559,-0.036343811260762006,0.025374841087209093,0.00796335335077559
23.870000000000932,10.963097259456651,0.052621304898631815,-0.048557794910078195,-0.027714448019448237
23.880000000000933,10.910997307498905,-0.009167601359976569,0.008430969101828287,0.0001005146567824907
23.890000000000935,10.618612594252696,-0.03354163822527594,0.022832245939851933,0.006975704692704124
23.900000000000936,10.96186242130234,0.04964865667994067,-0.04475576553808587,-0.025593944170265327
23.910000000000938,10.907147488117147,-0.00851622478887162,0.00824966430197326,0.00028390706575107854
23.92000000000094,10.649967470487884,-0.02710806811735874,0.016643967700602894,0.004229587728787227
23.93000000000094,10.947602890080463,0.043086927936702324,-0.037721789656607815,-0.021896337872000432
23.940000000000943,10.863288336611108,-0.01176447393042019,0.011343530293140228,0.002075968179645274
23.950000000000944,10.764149157165269,-0.0027393361559438856,0.0006637948602983043,-0.0032449982917400863
23.960000000000946,10.878595583133027,0.014964216894008713,-0.011715751668761787,-0.0089920144527736
23.970000000000947,10.857755262312091,-0.0017274547750394324,0.0031621656224773906,-0.0015793258944456295
23.98000000000095,10.798437434104265,-0.0033268583858437626,0.003404770608186346,-0.0015694116391886351
23.99000000000095,10.864606213726407,0.010063738775355534,-0.009222086906671251,-0.0074374323915966725
24.000000000000952,10.852160112545304,0.0004185171632237326,-0.0005252823274067451,-0.0030398459369520054
24.010000000000954,10.808933032479544,0.004147944419222207,-0.010088193337638156,-0.007783850385481647
24.020000000000955,10.862144733720264,0.009607854488617815,-0.008098240264291894,-0.006610458301720985
24.030000000000957,10.84629196106082,0.000900130254611873,-0.0004186260872877176,-0.0027055019247663042
24.04000000000096,10.812803507794644,0.006230013538707518,-0.010102877880031629,-0.007459752599130917
24.05000000000096,10.856450660880721,0.0092056082118171,-0.006645085737314797,-0.005598423423528041
24.06000000000096,10.83845425420733,0.0013862860525390192,-0.00020797019035200784,-0.002309885568391018
24.070000000000963,10.812788274882667,0.007119250497120157,-0.00880187988928077,-0.006524048795300896
24.080000000000965,10.846288704441553,0.008816586976467786,-0.0059064052403248486,-0.004933779072266969
24.090000000000966,10.829428502101418,0.002436889154429156,-0.001006473382916074,-0.0023943798799473406
24.100000000000968,10.807975852632334,0.008648868250518964,-0.009470070374950042,-0.0065358520857249774
24.11000000000097,10.83343626135789,0.008059678995047505,-0.005044645831308478,-0.004217058183274683
24.12000000000097,10.817347760260674,0.0028478666212221515,-0.001253626365229596,-0.0022142388979405803
24.130000000000972,10.799092443705979,0.008390345565742844,-0.008332969397142991,-0.0056725125047855825
24.140000000000974,10.817872212704138,0.0073340312979144956,-0.004597397117768127,-0.0036913919616834295
24.150000000000976,10.79188006610626,0.0019644638121225884,-0.0008273776520935969,-0.0017123050480955776
24.160000000000977,10.789649281441088,0.007965590231905954,-0.006834408761808265,-0.0046383938989936445
24.17000000000098,10.800807012637458,0.006630069150473672,-0.004552660008361196,-0.003351477449661322
24.18000000000098,10.753402687503025,0.006816924505451014,-0.0077796507017447005,-0.004639672391012015
24.190000000000982,10.832981831333075,0.015218839958953484,-0.011366281682146418,-0.006405788295783015
24.200000000000983,10.7450751940113,-0.0035995766159993095,0.00390936904269061,0.0008602366903050134
24.210000000000985,10.714645923228888,0.00947363456784972,-0.009783731329677362,-0.005208354476013736
24.220000000000987,10.841462451630571,0.01753072137230563,-0.012732216748982249,-0.006659817077388518
24.230000000000988,10.732022382434359,-0.005652863582984603,0.0050908881994285345,0.0016631811476485955
24.24000000000099,10.68065880231048,0.00636463620870523,-0.00692802916811654,-0.0035531561132461174
24.25000000000099,10.821027545748512,0.016880221788801577,-0.01179567447930031,-0.005848725868724629
24.260000000000993,10.705043813816129,-0.007991149906686788,0.006574856904746795,0.0025646818550637217
24.270000000000994,10.653579765318835,0.005837104766735618,-0.006033034221277841,-0.0028113516388573977
24.280000000000996,10.79257419273236,0.015129542992402448,-0.010422928679547375,-0.0048605730106477665
24.290000000000997,10.661374905373018,-0.009938502465141124,0.0074226706499129075,0.003149011710871548
24.300000000001,10.631100730009923,0.008248437151180212,-0.007373626065509165,-0.003056944411523395
24.310000000001,10.739796065562999,0.010724715649466083,-0.006741690510286666,-0.0029167249865601915
24.320000000001002,10.69669614324756,-0.001992647433469003,0.001859994716540675,0.0009878399566696974
24.330000000001004,10.582965302086194,-0.0007357040339770291,4.695798464181432e-06,0.00038927685297558814
24.340000000001005,10.69235211776421,0.011507522372203592,-0.007475244521447678,-0.0028973062806375736
24.350000000001007,10.70155658367601,0.0007102808708045104,-0.00013115749643584896,0.0003988403195957339
24.36000000000101,10.543600639969354,-0.002776259183765752,0.001810164589569086,0.0013938917794037431
24.37000000000101,10.638058705196066,0.011814287342250079,-0.0077227632659518245,-0.002674242141338579
24.38000000000101,10.69990252347216,0.006705757067599604,-0.004334828820518362,-0.0010566977838886737
24.390000000001013,10.495078027728665,-0.004376872370652663,0.003325616597849743,0.002247766619044396
24.400000000001015,10.607278722486974,0.023697584815508082,-0.017028935975540012,-0.006072784366826749
24.410000000001016,10.677420693844931,0.004926751304784094,-0.002755217007893398,-0.00011320922382936148
24.420000000001018,10.462164676961166,-0.005598890215630725,0.004245330980608065,0.0028524470934799227
24.43000000000102,10.573032662599491,0.011447489348614044,-0.006628167599012622,-0.0015907893589806124
24.44000000000102,10.643452679232373,0.005242262304850828,-0.0029662622049285462,5.780777173687991e-05
24.450000000001022,10.437687412632776,-0.004203042880474195,0.00344160298457563,0.002726317887732337
24.460000000001024,10.536503769151878,0.019372656951245862,-0.011960499592005382,-0.0032966920306812075
24.470000000001026,10.583656549846735,0.0018214299891966548,-0.0005581106334565332,0.0012514160828550113
24.480000000001027,10.447782848238907,-0.000743385900097611,0.0013374768395046544,0.00215080657605459
24.49000000000103,10.494873219654144,0.004625006296284341,-0.0018420859586803112,0.0007908461881279783
24.50000000000103,10.566576723042232,0.005803318264693049,-0.0029495417985918584,0.0005813042572054285
24.510000000001032,10.336420063766962,-0.004639529062349253,0.003934862511044446,0.003263986583735003
24.520000000001033,10.532698797175676,0.023659011765615034,-0.014061637946416503,-0.003315049283709662
24.530000000001035,10.549092549323658,-0.0004348389001471133,0.0006671754423123034,0.00213984780268952
24.540000000001037,10.21288838623181,-0.01107577031314051,0.007936647512018362,0.0048332569227377475
24.550000000001038,10.565402453652332,0.03197103971603013,-0.01858832562255482,-0.004480937838235843
24.56000000000104,10.538124565470348,-0.0035035799927759523,0.0024857129730986105,0.0029655256788835237
24.57000000000104,10.095181321246475,-0.022801743801098333,0.006353677253559609,0.004422476734284704
24.580000000001043,10.548592724555142,0.049542544893819145,-0.02370510938148773,-0.005691569376639961
24.590000000001044,10.480387837244121,-0.005953842330082014,0.0070829627325205945,0.004563832623093216
24.600000000001046,10.105529750726287,-0.015703771969920805,0.005535771994674182,0.004231136802490249
24.610000000001047,10.488472305288523,0.030663274111821074,-0.00870142000604669,-0.00045565858999535407
24.62000000000105,10.431824315538988,-0.0052456944285679315,0.007607747647116426,0.0048768043306558154
24.63000000000105,10.071380668360677,-0.014042069546342576,0.00484562458468762,0.004154946449880079
24.640000000001052,10.450607819675978,0.038587701954732996,-0.010880533245958003,-0.0007413452865248898
24.650000000001054,10.387691645308854,-0.007223443706368008,0.008737652108236994,0.0052869945240722385
24.660000000001055,10.033571515787719,-0.014356959252384645,0.004788562962781171,0.004246267593793129
24.670000000001057,10.409107111820553,0.023615532006721437,-0.0034054919933322342,0.0016939214774097213
24.68000000000106,10.344284142342426,-0.007060694570129189,0.006454846276612696,0.004396790628425288
24.69000000000106,9.997994472831973,-0.012123005178063851,0.004114694178917227,0.00394945098537331
24.70000000000106,10.36760722875481,0.03321294003549955,-0.006621185951100077,0.001015080290888607
24.710000000001063,10.300931851671178,-0.011022763107190673,0.0013142826059857307,0.0033133358782987624
24.720000000001065,9.96652779018718,-0.010596665535715253,0.005050512521208006,0.00437213452837566
24.730000000001066,10.321270613468375,0.02768305183163374,-0.001988550714335772,0.002423967886906348
24.740000000001068,10.257797975242582,-0.009047226241614527,0.008079586061378458,0.004762764094041395
24.75000000000107,9.954255469845693,-0.00865277845078722,0.0027902583591573244,0.0037235152018394962
24.76000000000107,10.254069775349507,0.02024036123348969,-0.0012379540910667716,0.0027070842454024156
24.770000000001072,10.216707786517036,-0.009817664155338997,0.00019835565903503284,0.0032133602404668966
24.780000000001074,9.925506892453207,-0.0067776668553026975,0.0030311902424366515,0.003952985248104448
24.790000000001076,10.205559762541164,0.018566128035641956,0.0005007078810216057,0.0032264564761086195
24.800000000001077,10.181069780013408,-0.008429558484269904,0.00030677799915874754,0.0031603456912081087
24.81000000000108,9.938122684964966,-0.00361576659251726,0.0022832027184995114,0.0037643149459074296
24.82000000000108,10.05300781712006,0.008983515108295596,0.005073438892696931,0.004130263346415947
24.830000000001082,10.228447159301293,-0.0018537852361010338,-0.002322618795174826,0.002751704206852309
24.840000000001083,9.901874058122116,-0.005121162210338391,0.0041463921221883224,0.00408985733539023
24.850000000001085,9.96382560720173,0.006466994936514956,3.914744524790133e-05,0.00354395223405778
24.860000000001087,10.225857806940912,0.0008386185545647317,0.004527815065880296,0.004045737749863413
24.870000000001088,9.867958237022272,-0.003974920927803122,0.004765549615027418,0.003970514261222847
24.88000000000109,9.918083156889764,0.006681888983779591,-0.0001257746540169924,0.0034888765109213444
24.89000000000109,10.18934022779302,-0.00018694462656115867,-0.0006444133708003562,0.00337079261873273
24.900000000001093,9.837608473426322,-0.001961139611960381,0.006780828430185747,0.004192860950438509
24.910000000001094,9.880543799580433,0.006963797395531212,0.0023692879883230864,0.0038347356790144477
24.920000000001096,10.152750644355065,-0.0005184237078917499,0.0010348280689560108,0.003589215258549518
24.930000000001098,9.803868804216618,-0.0006830880912692483,0.008491807040717815,0.004285654339014685
24.9400000000011,9.845045377101606,0.006618856112664965,0.004176987016355844,0.003993377844259874
24.9500000000011,10.120043033247816,-0.0011376621158772325,0.001516261226925127,0.0036224681172277095
24.960000000001102,9.769133355677395,0.0007602605381648126,0.010289399828145373,0.00437663194696158
24.970000000001104,9.810966040293003,0.00562817047671542,0.005622407625695536,0.0040507504342803214
24.980000000001105,10.089206326905904,-0.0016981440626810669,0.001927954843788638,0.0036215208527310425
24.990000000001107,9.735553131179394,0.0021062756593377987,0.011309892945165791,0.0041503440744890124
25.00000000000111,9.77844104902178,0.00410554146760662,0.0065108847631946635,0.0039215745675122956
25.01000000000111,10.059519962223026,0.0009962482923294204,0.0022026609208679153,0.003538561113398261
25.02000000000111,9.704003643235971,0.002405672452110571,0.011855768401071866,0.003617581485107703
25.030000000001113,9.747857605738712,0.0004652008914780104,0.0068892218479791505,0.0036018121040772323
25.040000000001115,10.030371794593135,-0.006432864951422544,0.0019782489730518376,0.003358039151019644
25.050000000001116,9.675663014833706,0.003676133271441747,0.011403623291773876,0.0031554795013398547
25.060000000001118,9.71985168722518,0.00011465502821953742,0.006614534893308871,0.003299747297196815
25.07000000000112,10.001454818777173,-0.0014844820482216926,0.002003335975230991,0.0032062351173004025
25.08000000000112,9.6506150788276,-0.0016063837222871338,0.010044754903882111,0.0028008012916808326
25.090000000001123,9.694930892617894,-0.0006725755925798336,0.0063537975617010585,0.003049213026720915
25.100000000001124,9.972479015667968,-0.0029960158839375055,0.0020068657502026756,0.003083757141093869
25.110000000001126,9.629617715695701,0.00224218901834761,0.009832303599119237,0.0024485127074295324
25.120000000001127,9.67379789499542,-0.001947136182575723,0.006037717419570667,0.0028289492465360232
25.13000000000113,9.942118589594575,-0.006393415411995432,0.002116606537389497,0.002963975797352789
25.14000000000113,9.613825100884016,-0.002413375888366962,0.008014953964721853,0.00227333940237413
25.150000000001132,9.658430400320785,-0.002317809426989693,0.0062857293224545556,0.002571289329089938
25.160000000001133,9.90559961866626,-0.007885450983664121,0.00286045702206195,0.0027620978725426022
25.170000000001135,9.606184821976298,0.004328670530602707,0.009384555838931309,0.0017759206863770154
25.180000000001137,9.68782693620373,-0.006841032275395505,0.005529935482076615,0.0024106341729503667
25.190000000001138,9.759261691968016,-0.0034113697341257385,0.005585827551603394,0.0021858460152208072
25.20000000000114,9.661914204779151,-0.009219676894246754,0.005498608031596948,0.0020238750298583624
25.21000000000114,9.679262620089686,-0.0024545662937551956,0.007350471365888503,0.0018426891730851074
25.220000000001143,9.712030118024131,-0.0028333326440062503,0.007140541947659782,0.0016404220053308392
25.230000000001144,9.665774485708925,-0.0009233423214349012,0.00806035508079384,0.0012346746920611302
25.240000000001146,9.672857949306206,-0.004413832393106482,0.007384437877058405,0.0014658240095198054
25.250000000001148,9.696226692304693,-0.005042288752060141,0.007269590135068932,0.0012487059023309625
25.26000000000115,9.65598288034236,-0.005057680365855981,0.007189296019528531,0.0010336359134313247
25.27000000000115,9.668299483015245,-0.004955504257293461,0.007685653946682441,0.001015796681036862
25.280000000001152,9.697946687451857,-0.00650329537734954,0.007482957070306254,0.0008128823933483713
25.290000000001154,9.646291636461896,-0.010997881797202132,0.00535348393202567,0.0011075475945437057
25.300000000001155,9.661347262904695,-0.0034723929060927463,0.008453552016560178,0.0004161235942913943
25.310000000001157,9.680838344897657,-0.0035582401842973897,0.008574603829401586,0.00011956957218395119
25.32000000000116,9.642240104951952,-0.0006296385750515358,0.009016736686491346,-0.00027498523069541866
25.33000000000116,9.655545477002486,-0.004818611040721693,0.00810704073839995,3.066571660860322e-05
25.34000000000116,9.656107304901672,-0.00342515587212014,0.008436365780816838,-0.00032183950355452054
25.350000000001163,9.64280116488896,-0.012464677599256895,0.004853058985042715,0.000530728570315678
25.360000000001165,9.653176767047302,-0.002946276032032451,0.008865191095501825,-0.0006485609614340312
25.370000000001166,9.649812463801409,-0.0019084358160197346,0.009101328830917198,-0.0009903157929734782
25.380000000001168,9.643421860824825,-0.0026073075027259213,0.008763706367893294,-0.00115680892423391
25.39000000000117,9.652348841339364,-0.004354827024910484,0.008290598626532272,-0.0011536921609196522
25.40000000000117,9.648590204497047,-0.004168229316126678,0.008077182792268878,-0.0012311061343392364
25.410000000001173,9.645265438316148,-0.005102023363026375,0.007654299392146999,-0.0012825139273235204
25.420000000001174,9.656622465183123,-0.005424584607347804,0.007845202422979859,-0.001510699953408785
25.430000000001176,9.64577551928788,-0.005091478917398576,0.0073747564056899015,-0.0014581467390060252
25.440000000001177,9.65206395858921,-0.005423995409554655,0.0076708903953755184,-0.0017456712296827048
25.45000000000118,9.691877993476421,-0.009733800285868366,0.006547356898933664,-0.0014413900849813564
25.46000000000118,9.602513629243292,-0.0035624537023435806,0.00564624069518299,-0.0011693985041946859
25.470000000001182,9.678613026530456,-0.011554334947460576,0.00663028350886424,-0.001701766064085339
25.480000000001183,9.70988307335831,-0.004974005324357466,0.008365629722358638,-0.0025696120242058524
25.490000000001185,9.58051921186998,0.0014534020412580281,0.006977133215412106,-0.0021055954511981596
25.500000000001187,9.694259516222722,-0.015594506560729667,0.005795623024546103,-0.0017111840722943861
25.510000000001188,9.72182760166284,-0.00293837797883965,0.009268355480880121,-0.00335446225302619
25.52000000000119,9.566740087729922,0.004668394519801399,0.00861670464498275,-0.0032217302192237753
25.53000000000119,9.74139718439833,-0.024246952031269704,0.002436637209372163,-0.0005070278490185056
25.540000000001193,9.689787124586157,0.005748769868897959,0.013241489713241416,-0.005450276813200623
25.550000000001194,9.585532779384762,0.0009858794459956526,0.005931268724997108,-0.0022239180960506076
25.560000000001196,9.768243478915233,-0.025276029760615323,0.0013152143768007665,-0.00017173808879638642
25.570000000001198,9.677083904066615,0.01052818060891816,0.015650134186064462,-0.0070878295084903006
25.5800000000012,9.600825973031084,-0.001797847144630901,0.004109931668700892,-0.0016229386347532948
25.5900000000012,9.793013807646046,-0.027181516678057526,-0.0005039425437468996,0.0005380490080253749
25.600000000001202,9.663974907424551,0.018153534550994995,0.0181913926344749,-0.009111527534726665
25.610000000001204,9.613276947657376,-0.005390264327780582,0.001923613601615003,-0.0009101703692718999
25.620000000001205,9.826174568516457,-0.03174474380188947,-0.002779557767069359,0.0014723570272487747
25.630000000001207,9.675606344862494,0.022574354711519393,0.02004775982470405,-0.010479207252068915
25.64000000000121,9.628646746976278,-0.00619334918494487,0.0010896430156317396,-0.000607446000964261
25.65000000000121,9.837423642676349,-0.03203111318706195,-0.003769796966853576,0.0018984227954287644
25.66000000000121,9.694258971562686,0.022324847452376288,0.019867068333663116,-0.011177046169926496
25.670000000001213,9.678782812685517,-0.011969284356276798,-0.0014952758137161623,0.0004929342156050309
25.680000000001215,9.794102753454995,-0.01683804320732178,-0.0005207023938618581,-0.00012609341295499434
25.690000000001216,9.733234829883685,0.008254035909017259,0.013192900010792841,-0.007732678281427352
25.700000000001218,9.709018245924675,-0.00840777289300245,-0.0008671398486998259,8.071199088966624e-05
25.71000000000122,9.79779021618681,-0.013534001686424945,0.00021436744353574446,-0.0006898157449278079
25.72000000000122,9.753404712318941,0.005980098847594675,0.011429676689737383,-0.0073308027006286315
25.730000000001223,9.732678790852555,-0.008891485466861927,-0.0008627930283436224,-0.00022818488234406807
25.740000000001224,9.814958413874708,-0.013046025021020851,-0.00027145801557086537,-0.0006503068096656519
25.750000000001226,9.772828507708132,0.005586683180911181,0.011309830191837855,-0.007621734826429497
25.760000000001227,9.75449338322772,-0.01063328857890014,0.0001265161019877199,-0.0010312542868249834
25.77000000000123,9.83274088761732,-0.011904295638605716,-0.001136733570659003,-0.00032686815451961934
25.78000000000123,9.795988294045378,0.0053224640588033344,0.00995497072630875,-0.0070897398099672776
25.790000000001232,9.772930019142379,-0.014418315184255794,0.004870796440473797,-0.004117392010328307
25.800000000001234,9.840764456721939,-0.008377188087161409,-0.001999346302390377,5.339148437431482e-05
25.810000000001235,9.849703168659548,0.0007177934042991087,0.002484828660004696,-0.002583811727726011
25.820000000001237,9.752549358758102,0.0023321719451626258,0.010774504358187139,-0.007899857806234374
25.830000000001238,9.94507717375394,-0.03280571304559077,-0.013678767766177338,0.007211487868676191
25.84000000000124,9.79146750265583,0.029543503273385553,0.021632477629203613,-0.014897332243005375
25.85000000000124,9.759208866595028,-0.012405341453552033,0.0017624418659252048,-0.0025400367661537445
25.860000000001243,10.067372749060512,-0.05043762374539951,-0.031176567681326803,0.018128725905383797
25.870000000001244,9.699458617258744,0.062310088464591566,0.03899561977428081,-0.026122743414381755
25.880000000001246,9.783831642590274,-0.033326932431168674,-0.008824052158195561,0.003911242936791016
25.890000000001248,10.126757845074744,-0.0519618568199864,-0.036702113373277,0.021552329044792786
25.90000000000125,9.707230178727805,0.07570313430412438,0.06652007813965137,-0.043604918695354856
25.91000000000125,9.789800676464576,-0.03042774260180422,-0.016035162996180317,0.008466293467656791
25.920000000001252,10.153216200622744,-0.054024275109374555,-0.04504989397360708,0.026759992728647798
25.930000000001254,9.748532563835626,0.07567397068897333,0.046149666864926796,-0.03107574045718806
25.940000000001255,9.806334327671065,-0.026394366539932032,-0.010754401458887751,0.0048199980233040425
25.950000000001257,10.168780974768032,-0.052996271750645266,-0.04601891266770899,0.02731998171659652
25.96000000000126,9.750783855980824,0.07872454670708863,0.07134539977578366,-0.04698678695039277
25.97000000000126,9.829674009241904,-0.029535450565739793,-0.019100043703898128,0.009950145179090202
25.98000000000126,10.184955639461613,-0.051259936344826076,-0.049872275412193336,0.029539538111625553
25.990000000001263,9.796651813159025,0.06364699240347606,0.05300527520893683,-0.03544055766720531
26.000000000001265,9.85190855252087,-0.022333526861365978,-0.015350996000868488,0.007384771765942407
26.010000000001266,10.193281367088376,-0.04672878464942289,-0.04887388681962956,0.028496230707381647
26.020000000001268,9.803823497788326,0.07409575059263772,0.06914354983056573,-0.04544588628702729
26.03000000000127,9.870349291468129,-0.024914782755944494,-0.020412002781747835,0.010326483173302816
26.04000000000127,10.163286917029811,-0.03833991896029957,-0.04505768600038951,0.025769990074047445
26.050000000001273,9.963899902065888,0.027150849120176672,0.025472606764388457,-0.018279707219019385
26.060000000001274,9.802374743018158,0.018147882170210725,0.015790532879344937,-0.012250738247170875
26.070000000001276,10.172301333607109,-0.05248003822626448,-0.05854353046542016,0.03352792689056891
26.080000000001277,10.063138183764362,0.022014515681230154,0.028246988808075534,-0.02000444197053796
26.09000000000128,9.75407350159541,0.046496887271752246,0.042273971430609576,-0.02825853599884599
26.10000000000128,10.160472753607419,-0.061868858015901654,-0.06990242493096989,0.0398880818261476
26.110000000001282,10.1288369829405,0.008196407534157821,0.012702193019240261,-0.010431506600975547
26.120000000001284,9.765723547580198,0.055289618636638095,0.05220826966862254,-0.03392130218971852
26.130000000001285,10.166246790119597,-0.08070677474303214,-0.08042924375033128,0.04545827024001874
26.140000000001287,10.151647897082638,0.019267970582098278,0.004722981819113872,-0.005675850603265866
26.150000000001288,9.778716386420259,0.05809999216504211,0.05656676181537644,-0.03602705804473623
26.16000000000129,10.182887203682503,-0.07217716345173725,-0.06667288370031905,0.03650733792587299
26.17000000000129,10.167497730605584,0.018679039241212742,0.005168815268795076,-0.0055530845584401325
26.180000000001293,9.790714078970346,0.0581255324525255,0.05795238236982769,-0.03586881483886392
26.190000000001294,10.200671455476165,-0.07951634159323635,-0.08429157186399408,0.04579966886781999
26.200000000001296,10.18315432002144,0.010233466713031315,0.012763600536292724,-0.009900449136435757
26.210000000001298,9.80116931840667,0.06063097913189881,0.0603455272183236,-0.03642058126209602
26.2200000000013,10.214901014884159,-0.06840333354623596,-0.07368241923146068,0.03886488862289401
26.2300000000013,10.195510377776776,0.022653785835776156,0.006060900073976094,-0.005850422175839233
26.240000000001302,9.81456511070406,0.05899312014432803,0.059959601917916466,-0.035177188037488726
26.250000000001304,10.230189241167636,-0.0751637613447473,-0.09067101310798154,0.04695760218890189
26.260000000001305,10.20820984127482,0.010831976523627544,0.013740447152327438,-0.009923414562811952
26.270000000001307,9.831190160462574,0.05922160254191318,0.06000790126817097,-0.03422604440788457
26.28000000000131,10.240355526641318,-0.06795484350144178,-0.0881692643705222,0.04431321185299836
26.29000000000131,10.214435506373855,0.01498459755360518,0.013742706348329237,-0.009586069124581377
26.30000000000131,9.854661242422171,0.056371028515069165,0.05688386786837682,-0.03147360493955552
26.310000000001313,10.244030082467718,-0.05736637163717162,-0.07557934031525448,0.036548445405335896
26.320000000001315,10.168968557321591,0.022787238622056068,0.02167224406909447,-0.012998407723453084
26.330000000001316,9.995083158373829,0.02519282699996224,0.016833507108317228,-0.010385533794457075
26.340000000001318,10.178877056375898,-0.026950992814496436,-0.04913672830340682,0.02231003845237517
26.35000000000132,10.166394639825146,0.009700212259008393,0.007148753087292887,-0.00564663755991114
26.36000000000132,10.057981300098247,0.016210487895560875,0.005239322331070558,-0.004671042060832305
26.370000000001323,10.174866266330898,-0.012540145773473147,-0.032708228393001554,0.013631630738047353
26.380000000001324,10.15307511940838,0.010897983880643978,0.009079630204146124,-0.005980076358843688
26.390000000001326,10.08610683681812,0.010472178075902476,0.001554487185205776,-0.002473652635000284
26.400000000001327,10.180187599170571,-0.003757970215737766,-0.015506131775799922,0.005601516844038416
26.41000000000133,10.156003812165112,0.005829767343254757,-0.0014785061593189422,-0.0006467185669790486
26.42000000000133,10.105237669534292,0.008458511671923455,-0.0006846958804237728,-0.0011144841505806363
26.430000000001332,10.186695804738891,-0.001304833459308051,-0.010991897268588464,0.003670641865849508
26.440000000001334,10.16523213074439,0.005250171927320796,-0.004794567340825632,0.0011114527367303458
26.450000000001335,10.132985074653298,0.006126763665205913,-0.005213433159351422,0.001158841953812728
26.460000000001337,10.194276925504221,0.00014748421045544205,-0.008145133966541878,0.002593884310518918
26.47000000000134,10.173188926380954,0.005723064612106949,-0.0064298013836872996,0.002021018408032352
26.48000000000134,10.128845201853089,0.0087975365780344,-0.002948451132094924,0.0007072219584376491
26.49000000000134,10.20494365922274,-0.0005551086065255027,-0.010827517435506286,0.0039882442594641925
26.500000000001343,10.184318671122353,0.005985722672930375,-0.007769880881963001,0.0027872080157489727
26.510000000001344,10.140194780851616,0.008852549107317118,-0.004384147191725282,0.0015013630219330252
26.520000000001346,10.214812118871118,-0.0005987170782358934,-0.011669329817488288,0.004428118125908864
26.530000000001348,10.193283794371293,0.0063756847278707215,-0.007726029559790826,0.0029362638696216856
26.54000000000135,10.164853077440139,0.006708717934759551,-0.008000262300618679,0.0028662223943718237
26.55000000000135,10.2221000161509,0.0007779434848556758,-0.007870045915960414,0.002991470901197265
26.560000000001352,10.199054817990733,0.006865871981157405,-0.007288894841494138,0.0029141662926664407
26.570000000001354,10.15731542199222,0.009090008215188945,-0.0040882280396541786,0.0018802377446924005
26.580000000001355,10.230260333923416,-0.00030925920135574223,-0.009413550575673751,0.003865857181003394
26.590000000001357,10.207807489810998,0.0067754359310521865,-0.00760473502730196,0.0032833118171623856
26.60000000000136,10.177445482852168,0.007213012377535,-0.007122541433127124,0.003182625900010818
26.61000000000136,10.235355602903239,0.0006603380707047718,-0.007743227807274869,0.0035150171080428404
26.62000000000136,10.213316812099018,0.0069459264778396505,-0.0065699908723874725,0.00319487559252546
26.630000000001363,10.185404514077716,0.00722966939244949,-0.006274074871155436,0.003186982084992634
26.640000000001365,10.23773108509485,0.0014611932105414135,-0.004794615885635356,0.002856725229940341
26.650000000001366,10.219657519967418,0.006525446790610072,-0.007273259528058477,0.0037265333578652723
26.660000000001368,10.19832889144976,0.00671749771815914,-0.006847073571203955,0.0036783754703306974
26.67000000000137,10.226930249994037,0.0022334834258794737,-0.009998358539253188,0.004739646039181246
26.68000000000137,10.226136000259295,0.005091242057172814,-0.006994967075962304,0.003896553134197936
26.690000000001373,10.222930495066667,0.0051521808737466255,-0.007074649315696942,0.004008494443310227
26.700000000001374,10.227284092101758,0.006673273291376189,0.003776161775443031,0.0010335229171043422
26.710000000001376,10.229472263085512,0.004570960975179647,-0.007850328921775679,0.004560121211207675
26.720000000001377,10.230814125573964,0.004698412768759306,-0.007266995800828398,0.004480479498036425
26.73000000000138,10.233448088092025,0.004758203035029,-0.006242167707959606,0.004052843058577834
26.74000000000138,10.235406996036104,0.004967512481044679,-0.0048198208509976125,0.0039049873403931125
26.750000000001382,10.237116964351017,0.00499386062404705,-0.004286416594431401,0.003997654331890827
26.760000000001384,10.240132669049789,0.004874055553972669,-0.003958251091796449,0.004066501827004389
26.770000000001385,10.230757537235352,0.0059599137502051895,-0.002449179599564943,0.0037935396083833796
26.780000000001387,10.275009404172245,0.0011371880714285412,-0.009217366207005109,0.0057089621811808305
26.79000000000139,10.206572030991712,0.011490892892212543,0.0033119351688078104,0.0026528951321145976
26.80000000000139,10.270449535712427,-0.00089411054855819,-0.013443168543308227,0.007011722746605341
26.81000000000139,10.291805069997407,0.004522087277834368,0.003848184924201188,0.002850254400382196
26.820000000001393,10.152329330349357,0.017031963496206174,0.005968746711586483,0.002316553590605566
26.830000000001395,10.323376407168539,-0.006833696944358231,-0.02982895013591926,0.011222605247304701
26.840000000001396,10.29995348693999,0.007441582729316127,0.005909673984825144,0.0027712919392652276
26.850000000001398,10.168869406085859,0.013953451956388085,0.004365815197075709,0.0030957484643028754
26.8600000000014,10.314614132918319,-0.006072171689624145,-0.027429278162519936,0.010800305717978704
26.8700000000014,10.322148642918737,0.0035842239930340904,0.004903345653491519,0.0034650992544281076
26.880000000001402,10.196522208296932,0.011918002287069608,0.003830781175888232,0.0036491467316205825
26.890000000001404,10.313615747037726,-0.00481619402988178,-0.023253255925451716,0.01005939806696271
26.900000000001405,10.338287869260316,0.001821464494642385,0.004363669648599399,0.004021644055391155
26.910000000001407,10.189377455889392,0.013502364022033093,0.005242995540203341,0.0037612310612333746
26.92000000000141,10.321070353502618,-0.005494383504337086,-0.023308909886814385,0.010329118362125328
26.93000000000141,10.348965943618335,0.001592221382265671,0.004637202902127624,0.004377623305937213
26.94000000000141,10.218178217990836,0.010621046306621706,0.003929174006674636,0.004434239476587995
26.950000000001413,10.32621661570879,-0.004295215033263879,-0.018986519211941305,0.009630328871751807
26.960000000001415,10.322960495523677,0.004135405148334109,0.006723277786037943,0.0043243895352964665
26.970000000001416,10.288123588948556,0.0027105197317054135,-0.002708527109169866,0.006218607400303148
26.980000000001418,10.311414177337975,4.3796532634345076e-05,-0.006965781844776593,0.007344501101818607
26.99000000000142,10.319538759827294,0.0022228543452313104,-0.0019462918701070515,0.006477018844356815
27.00000000000142,10.313580903448186,0.0022970059612566246,-0.0020473639111952503,0.0063912457176522885
27.010000000001423,10.317358546963733,0.0026592907962282512,-0.0003242609683732838,0.006257724479498978
27.020000000001424,10.323442550972041,0.0028692776815762247,-0.0003583601995962536,0.006467899684824559
27.030000000001426,10.325343453953808,0.0027439242176876834,-0.0012990033028432322,0.006543291210514572
27.040000000001427,10.328229413532707,0.003128860735276222,-0.00011412112026175765,0.006517718794488803
27.05000000000143,10.332766236708373,0.0030560513381389567,-0.000968018728602426,0.006888222043358453
27.06000000000143,10.336526414669422,0.0029394738605999123,-0.0008705895270062788,0.006733934424800306
27.070000000001432,10.340249055684978,0.003063241973500827,-0.0010141533085688173,0.006977880104845
27.080000000001434,10.344625280659733,0.002942351452260368,-0.0009151599227373305,0.0071538937917047345
27.090000000001435,10.348942283276283,0.0027945095074650927,-0.00144457592351786,0.0071096878373351725
27.100000000001437,10.353242936865245,0.002806103360917895,-0.0010845168493059595,0.007249610679102365
27.11000000000144,10.357798578803974,0.0025412801636741727,-0.0016171278655982843,0.007547080669542105
27.12000000000144,10.362411273911391,0.002596746714436329,-0.0011704696845005027,0.0072984677506861976
27.13000000000144,10.367047497199923,0.0019121803467832292,-0.0018649612499260415,0.007642039514614195
27.140000000001443,10.371808579314346,0.005807791850415716,-0.0008825201305793615,0.0076279147688169315
27.150000000001445,10.37668695235545,-0.0006138177430682005,-0.002256600131781721,0.007771034943917275
27.160000000001446,10.381633929373349,-0.0007255122194701089,0.0021052269001756163,0.00705523794304265
27.170000000001448,10.386568756317871,0.005368442277247608,-0.003408756337072115,0.008328619798182647
27.18000000000145,10.391655472371093,-0.001875381340575186,-0.0031711101912326256,0.008153036752125817
27.19000000000145,10.396749276796237,0.002684973874599233,-0.001996715266096652,0.00807872897063324
27.200000000001452,10.401761959851045,0.0011692431171591194,0.0023842993851519363,0.007329471542011504
27.210000000001454,10.40703291091405,-0.00298948085990165,-0.0030899899095755473,0.008311185215624255
27.220000000001455,10.412292212840766,0.0017320699699153294,-0.0026465503879769376,0.00833782185274067
27.230000000001457,10.417386134726662,-0.0008103245226351495,-0.0010011889465814862,0.00818882877259071
27.24000000000146,10.422714252926662,0.00021576300313384662,0.002562266597854924,0.007228373388515662
27.25000000000146,10.428090457111733,-0.0036103454627132575,-0.0020957253375114876,0.008184966711983611
27.26000000000146,10.433496501552918,0.00026011538996587486,-0.0015584038950760522,0.008306142882888341
27.270000000001463,10.438622475645314,-0.00029370547554857324,0.00032577296855011034,0.008002491069281251
27.280000000001465,10.44442609632659,-0.0016767765835424405,0.0002723775845959699,0.007842859585245845
27.290000000001466,10.449342471599623,-0.0011612226795507056,0.0005188313115580418,0.007943317446077944
27.300000000001468,10.456288123586882,-0.0021560467552101813,0.0034555762172901695,0.007402826018657678
27.31000000000147,10.452565773586437,-0.0010801371759233194,-0.0007932884880446952,0.008186232149168093
27.32000000000147,10.481529799981642,-0.002401177604093845,-0.00030295439428412203,0.008005014570052435
27.330000000001473,10.447650773752748,-0.0009084504681257766,0.0015055829655241854,0.0078113327520343955
27.340000000001474,10.47885917216616,-0.0024071353378659547,0.0034922794014422996,0.007218417416122496
27.350000000001476,10.503203290646246,-0.0018786941575660513,0.0005498968153870332,0.00781493401634242
27.360000000001477,10.510286908276338,-0.008889456165043164,-0.0004649660653406211,0.008318651958068142
27.37000000000148,10.370099995334515,0.008832966067997076,0.006186496294807928,0.006683943766528789
27.38000000000148,10.656454714704807,-0.019688932531130996,-0.00047867130846187373,0.008261052929780351
27.390000000001482,10.465353635406714,0.013626164088663961,0.0005377912909846939,0.007980619561549966
27.400000000001484,10.377905207187462,-0.00558105182592179,-2.1696361673505574e-05,0.008373356914716946
27.410000000001485,10.726840720154971,-0.023148016408847297,0.009337804220753228,0.005670039712086445
27.420000000001487,10.432138244747676,0.02442139672495012,-0.000977612610705279,0.008081032319331828
27.43000000000149,10.420232917813319,-0.01048977601671504,0.0030848753672171976,0.0074484392177265706
27.44000000000149,10.704639401746427,-0.017946383938876345,0.0076590555637306755,0.006248744161615865
27.45000000000149,10.546697654085246,0.013260669973777981,-0.0012311645602660001,0.008298221792535518
27.460000000001493,10.366547175951435,0.009773169470194706,-0.001455729350889489,0.008352837322907807
27.470000000001495,10.733754383980953,-0.02895973867414065,0.003229340763798233,0.00739653014865327
27.480000000001496,10.604394367163092,0.01022179989318829,0.006897105487513427,0.005930052075101148
27.490000000001498,10.360284422480467,0.0028552742738773146,0.0024266353775375662,0.007153948469287354
27.5000000000015,10.768021996490361,-0.03214033907780723,0.0029580828785571553,0.007294028752860468
27.5100000000015,10.546413549462093,0.021381561718344398,-0.0023618720510250853,0.008531571252848645
27.520000000001502,10.44935742471402,0.00464695532025372,0.006149029805052877,0.005997303066579553
27.530000000001504,10.800588179080027,-0.028839188428833776,0.004541361051517723,0.006776553639664484
27.540000000001505,10.496854556086683,0.02728059429923199,0.001274434062553021,0.007393206023728246
27.550000000001507,10.512060335577244,-0.0035443248947284412,0.006803090992102769,0.005741540749813889
27.56000000000151,10.850214719279046,-0.029916144611991345,0.004964537644487439,0.006539408123788738
27.57000000000151,10.45458368215517,0.03455035063686778,-0.0018831113619860347,0.008365800015330273
27.58000000000151,10.54146181736962,-0.013460544184260034,0.0007142513310398562,0.007714305958040989
27.590000000001513,10.8769876566636,-0.032112631900725275,0.007612080604546534,0.00556045831696075
27.600000000001515,10.4995609402762,0.03173508739619594,-0.0014643661474935323,0.00817785235182273
27.610000000001516,10.562405182199434,-0.01278869708779848,0.010489478781438901,0.0042154443552788
27.620000000001518,10.875255692947375,-0.03210690790461373,0.006561462345765246,0.005679591754883431
27.63000000000152,10.526367455536374,0.03025378396445067,-0.00360392754036534,0.008841382314224735
27.64000000000152,10.588787126936053,-0.01233066159700186,0.007967647481707928,0.0048878769291983756
27.650000000001523,10.880873881052885,-0.03199361006487777,0.006286853570106451,0.0055935442454560745
27.660000000001524,10.576947453372084,0.025516507583093713,-0.0042547937534868595,0.00901654579856314
27.670000000001526,10.667623622894626,-0.01518925027480154,0.009997001097122449,0.0038210517259833193
27.680000000001527,10.7588846694222,-0.011504222460796881,-0.001453413281469734,0.008233331497099287
27.69000000000153,10.671861176368399,0.0032919607267969733,0.0010082556237372036,0.007042727540730643
27.70000000000153,10.69201400568333,-0.005119502799689467,-0.0005732884618991203,0.007613194195847431
27.710000000001532,10.74086445484366,-0.008168286295448437,-0.0008042321145437939,0.007901729218093798
27.720000000001534,10.713440794576647,-0.00011627340202565067,0.006189562024340106,0.004908220926398232
27.730000000001535,10.71623150146216,-0.0034489798182419473,0.0066203489871932775,0.004565085132741126
27.740000000001537,10.751615473735983,-0.0076091797168941384,-0.0009509923592970887,0.007791565878523655
27.75000000000154,10.735731050238128,-0.0014927229145993578,0.005615466086042532,0.0049306076241099756
27.76000000000154,10.737902388023027,-0.003777951749212213,0.005063262903636043,0.004978155885590342
27.77000000000154,10.770004613397582,-0.007890474216919786,-0.0010072800816687075,0.007672897292577191
27.780000000001543,10.752771431067817,-0.0015448250200499846,0.005200677634270894,0.0048726595643632355
27.790000000001545,10.759114948259848,-0.004535584032822972,0.00524316090902724,0.004676230494463113
27.800000000001546,10.787364181158868,-0.007694984459257895,-0.0009993169951072562,0.007513539899576514
27.810000000001548,10.77125017975397,-0.0016595349342287651,0.005476669722647455,0.004515010118018692
27.82000000000155,10.776338084001937,-0.004366047316544264,0.005317209465965375,0.004405834338381976
27.83000000000155,10.806240774757129,-0.007943536337635004,-0.0007913700091412851,0.007258846760867496
27.840000000001552,10.788047098829717,-0.001201424025891899,0.00545381794585806,0.004279573654600126
27.850000000001554,10.792725968981326,-0.004173399595881466,0.0058434331813939835,0.003927875761699609
27.860000000001556,10.822811948396126,-0.00789926243962611,-0.0007669300217224879,0.00707638661424537
27.870000000001557,10.80474751546429,-0.0008447270536966462,0.005486448564787561,0.00401949137149895
27.88000000000156,10.808457059921409,-0.003635104327008542,0.006072123399619819,0.0035757609135343652
27.89000000000156,10.838558898248948,-0.00773183697947028,-0.0007386073773809594,0.006890751907364793
27.90000000000156,10.818259100687353,-0.0002485790565022308,0.0050681412690000895,0.003974803569492976
27.910000000001563,10.824409778370846,-0.0036024482741145295,0.006491440697772767,0.0031358417970460853
27.920000000001565,10.852441722949992,-0.0072050094859567575,-0.0008326733566156329,0.00676141525776136
27.930000000001566,10.83182321685745,0.00014843660654994582,0.004899955487983843,0.003824025339437597
27.940000000001568,10.837858361678842,-0.0032444111087690645,0.006444775966172352,0.002916935818921507
27.95000000000157,10.865050214131152,-0.006873418660523701,-0.0009166986637759578,0.006632658927228137
27.96000000000157,10.844606853781189,0.00044033217392862133,0.0045186115730381175,0.003787099824626913
27.970000000001573,10.850220564443758,-0.002950214161584928,0.006313508749659832,0.002746242171117119
27.980000000001574,10.87460292242262,-0.006352275030210402,-0.0011301120488084017,0.0065708637919797966
27.990000000001576,10.856867400381898,0.00032122515184446703,0.004364724983375788,0.0036518116770699527
28.000000000001577,10.861647888873636,-0.0027258661439440784,0.005976054009878939,0.0026857383218493133
28.01000000000158,10.871978535358883,-0.004101375893115111,-0.001978533014573519,0.006830787306373339
28.02000000000158,10.869548418282944,-0.0016199683692539246,0.005551705042217149,0.002860884625094046
28.030000000001582,10.874313679750028,-0.0027864463247754,0.005364403460145652,0.0027740541191998602
28.040000000001584,10.88063204944223,-0.0031507283895020636,0.003570742861429713,0.003847629137984657
28.050000000001585,10.880123621098754,-0.002261179165661105,0.002570790133597964,0.004177899834817777
28.060000000001587,10.884168407782736,-0.003515642850277805,-0.0016644070012781466,0.006169312257615311
28.07000000000159,10.889117512698734,-0.003035381481061767,0.003483912258153089,0.003692412705017586
28.08000000000159,10.886086898876354,-0.001879880235274621,0.002554295187181882,0.003999345569954552
28.09000000000159,10.912424850768126,-0.006116793495997219,0.005700307041304387,0.0021812298924428187
28.100000000001593,10.850158119340914,0.0041448967810155,-0.003564676073129358,0.007152528661359251
28.110000000001595,10.949437794461051,-0.018368052555629073,0.007578570221423289,0.0012173393666803467
28.120000000001596,10.88997412643339,0.004733924882614827,-0.0029646359648634038,0.006462234286991409
28.130000000001598,10.839141085031052,0.0036308510420229698,-0.0013404951836609468,0.00580343999801153
28.1400000000016,10.983141217784665,-0.023296924688774697,0.013314773305726406,-0.0018043456234285377
28.1500000000016,10.870315303825821,0.012775109952284815,-0.008629949374499837,0.009363886096396932
28.160000000001602,10.841007943810824,0.0018018918733675856,0.0014225746287691529,0.003941060808841896
28.170000000001604,10.986571276186195,-0.021332420990549047,0.013766125844713262,-0.002351449700899108
28.180000000001606,10.866461928631892,0.015785380728911412,-0.010475061226002485,0.010188467511360837
28.190000000001607,10.83773205375023,-0.006056491823220999,0.003441107891471009,0.0027038630214418257
28.20000000000161,10.98281255697893,-0.01801381862645288,0.014379750394724125,-0.002894713579062876
28.21000000000161,10.861093261075645,0.019805242061862235,-0.01212739248385627,0.010888187175779544
28.220000000001612,10.832457863533467,0.0039612170297090585,0.001305301871779674,0.0036865425518356624
28.230000000001613,10.968237036451342,-0.015938688678751048,0.013557950530491072,-0.002549306858396048
28.240000000001615,10.858009728430508,0.017571548394848827,-0.010331730482263456,0.009858012129370361
28.250000000001616,10.829663422468787,-0.0051035119493033805,0.004220236997600116,0.0020644253659691148
28.260000000001618,10.980538067405025,-0.017098536207372082,0.0184665841078117,-0.005236305787290586
28.27000000000162,10.85240337639487,0.022498760052345884,-0.015627415692797,0.0127090302177947
28.28000000000162,10.857210800185284,-0.008338877732979724,0.010482220972816715,-0.0011942626440588746
28.290000000001623,10.891028245672178,0.0016089284832966793,-0.0026915072630914042,0.00574835438594286
28.300000000001624,10.86964042814069,0.0069205069716803385,0.00029356172694624356,0.004290537244994556
28.310000000001626,10.865353121668887,0.003237546238194299,0.003509358227279769,0.0023919873065006182
28.320000000001627,10.869812073463523,0.002663185009607933,0.0027123995185401877,0.002712811310639816
28.33000000000163,10.866542173859756,-0.004164338534780272,0.0035127900788998827,0.0024909234532029915
28.34000000000163,10.862460103086327,0.0026923657038341177,0.0005427293927640465,0.003863599637870829
28.350000000001632,10.860091926097175,0.0023121479697621947,-0.0011144665772003961,0.00458087040158417
28.360000000001634,10.857474275087167,0.0013623307777806638,0.0012945576963959583,0.0035283845453092043
28.370000000001635,10.854222518593074,-0.0037164347265927072,0.001999317953825742,0.0032566020554422094
28.380000000001637,10.850627370969564,0.0022071400024836116,-8.773992221696814e-05,0.004081421490651565
28.39000000000164,10.846781625749673,0.0017274061408434215,0.00013313714983456486,0.004066787391615196
28.40000000000164,10.842708662602357,-0.0036430566397275105,0.002026507206345336,0.003211923454910531
28.41000000000164,10.838297980518997,0.0022289106704522815,7.073369478254e-07,0.003997863616335293
28.420000000001643,10.833540222022068,-0.0008671438807333881,0.0012890393017971646,0.003403267010141304
28.430000000001645,10.828365136817164,-0.0017553035930018342,0.0017170216268428701,0.003315768105144049
28.440000000001646,10.822922345639814,0.002834014402645291,-0.00019925139778268966,0.004053473010185667
28.450000000001648,10.817094397366152,0.0016395304680689971,0.0005360033127986283,0.0036508027597496866
28.46000000000165,10.81107860464142,-0.0020795250941104044,0.002287788007933436,0.0029532443182343692
28.47000000000165,10.804914171588925,0.0025418329329696034,0.0002262153072704834,0.0038137884619962275
28.480000000001652,10.798114002887491,-0.0011536405617308609,0.0021618999259418134,0.002938101306769585
28.490000000001654,10.791055884748461,0.0005073661939141944,0.0014632950228315982,0.0034340199761987334
28.500000000001656,10.78347780163232,0.0007627260862197826,0.0013851286727132655,0.0032922845115250588
28.510000000001657,10.775559003325657,0.0042719214122576826,-0.0006303410864369266,0.004383391052902762
28.52000000000166,10.767487679869879,0.00028827910765457575,0.0018369792351976837,0.0033348649423526025
28.53000000000166,10.759533017319317,0.0009824309800174499,0.0017647160457220272,0.003182010617747217
28.540000000001662,10.751103589503437,0.001798664084414193,0.0010877199426390944,0.0036552371682253173
28.550000000001663,10.740949166372866,0.0023452448973413755,0.0008201859303854358,0.00391567882866625
28.560000000001665,10.73250956080073,0.0023502233997080256,0.00020040709578747322,0.004002030865468763
28.570000000001667,10.723880558429752,0.0025720796363211122,0.0015342936471796195,0.003537800466348905
28.580000000001668,10.712209555341913,0.0027597450256154833,0.0005382858385444575,0.004141782571901958
28.59000000000167,10.703298173873387,0.0023096352397324314,-0.002551295726141582,0.005316802172167983
28.60000000000167,10.69468291507282,0.00321964780039336,0.0025000231701460757,0.0032054015096478657
28.610000000001673,10.682598627337304,0.003692050296800425,0.0019665386105007297,0.0036222973691118127
28.620000000001674,10.67224724996387,0.00376995501699256,0.0007664592721625854,0.003996067309062853
28.630000000001676,10.664312765691639,0.0034330754287805773,-5.0619874714801795e-05,0.004491672869245945
28.640000000001677,10.648790366845793,0.004726657972971249,0.0006482607302864423,0.00434077204294551
28.65000000000168,10.65145522729656,0.0019285870881419448,-0.0016875447666958084,0.005131254459842969
28.66000000000168,10.613817496738838,0.008065910686966897,-0.0020858739438902136,0.005423707625688391
28.670000000001682,10.619324006516498,0.0035741235542973092,0.005883724255870183,0.0023670571164591107
28.680000000001684,10.62818745890237,0.002093837158063887,-0.0020222478327793975,0.005412981040010739
28.690000000001685,10.569925162297862,0.01073756467312105,-0.00358979704201957,0.006155419672429151
28.700000000001687,10.586904849709123,0.002706885794946942,0.009382726422569135,0.0012709159440256607
28.71000000000169,10.614400550399761,0.001223403902431638,-7.504576491188729e-05,0.004850924380982977
28.72000000000169,10.531701031807193,0.01382705763929394,-0.009461878111030605,0.008507770775923662
28.73000000000169,10.56104099840314,0.001575837117674149,0.014299576203535965,-0.00024020301030204614
28.740000000001693,10.545193437940426,0.003527423136434552,-0.010311739112295923,0.008721832446594266
28.750000000001695,10.495237935137819,0.009581663156867447,-0.002627296009149033,0.006033427312777477
28.760000000001696,10.537206658072183,-0.0011204626082608109,0.006047019743375239,0.0028718568221416992
28.770000000001698,10.502922941823368,0.008060840805523566,-0.0019214778808112475,0.005914983955255228
28.7800000000017,10.459661417328858,0.008473157468488904,-0.0020919740074961442,0.00610111154511128
28.7900000000017,10.506098732419348,-0.0021663709649856165,0.004692898927717911,0.003637171380171164
28.800000000001702,10.466452067949634,0.008301770556360624,-0.0026525942184917957,0.006303203598703627
28.810000000001704,10.423661144076139,0.007917183137775077,-0.00228297413846475,0.006304473350493977
28.820000000001706,10.47353976754777,-0.0030341091187749813,0.00539159353113023,0.0036798756892406142
28.830000000001707,10.428673213387412,0.008258174157156009,-0.004036659769634876,0.006873851680095057
28.84000000000171,10.389687345341216,0.007170683171064564,-0.0019321102996126146,0.006324745877105928
28.85000000000171,10.44667124081043,-0.004023749144160936,0.00805589846776178,0.003151417698923699
28.860000000001712,10.387485286614647,0.009391490668742564,-0.00813418240925749,0.00819711400785678
28.870000000001713,10.378306693446914,0.004266700592474933,0.0029955780044954006,0.005039107114032573
28.880000000001715,10.31780596484712,0.0027289086782231135,-0.022827765411926642,0.012053929749288768
28.890000000001717,10.48566036264283,-0.011598215123322916,0.04705820536495388,-0.0071583877922081545
28.900000000001718,10.206345423322167,0.03177182452881342,-0.07334997979252485,0.02588809738992763
28.91000000000172,10.36509009588947,-0.006034723319937419,0.0605561486396847,-0.010146832519025466
28.92000000000172,10.46478777711326,-0.005795647420776148,0.0164509184547641,0.0019596062687207453
28.930000000001723,10.101701037402895,0.03617787112362414,-0.09556142307438288,0.03015020686201802
28.940000000001724,10.383052161688644,-0.025077112420032455,0.08722257922282882,-0.01593463366788695
28.950000000001726,10.40958129881006,-0.0006972291635862275,-0.0022177894595190894,0.006681103518063579
28.960000000001727,10.070799647816647,0.0324753864290415,-0.08552780830420048,0.025979585133531602
28.97000000000173,10.318567499266187,-0.013518487587732563,0.08948080079221782,-0.014470407023765022
28.98000000000173,10.402286465277939,-0.005610976812999979,0.011447949112006738,0.004022263474609263
28.990000000001732,10.014099517233161,0.033484045414304116,-0.10186331518819686,0.028328917243332023
29.000000000001734,10.30419265387261,-0.022092201871555243,0.09327415493354312,-0.013726522556710197
29.010000000001735,10.342998895414565,-0.002607805647981525,-0.0005487144056648169,0.006624087399249632
29.020000000001737,9.966863008773764,0.031038101174013618,-0.09740968669310024,0.025471456575257397
29.03000000000174,10.299307062941681,-0.022009462676770196,0.10536596531166319,-0.01389200668895793
29.04000000000174,10.283975243750193,6.401412031849645e-05,-0.011633818726010109,0.009046727433375496
29.05000000000174,9.927579999237707,0.028761066792903026,-0.09086957326137764,0.022676504457211956
29.060000000001743,10.270982394914675,-0.01598407489534351,0.11166362078932122,-0.013018276100805054
29.070000000001745,10.241432332734604,0.0004169742621326011,-0.017487968579063203,0.009828492080163781
29.080000000001746,9.887684380954928,0.027260826813543273,-0.09100010070556869,0.02097915364573485
29.090000000001748,10.233121040774014,-0.01956981876621499,0.10220152850917104,-0.009400433573152511
29.10000000000175,10.200967804785927,0.0008616076041303316,-0.01819484120233802,0.009573581468129345
29.11000000000175,9.857303141421758,0.026302822580085983,-0.08759993566575446,0.018745857861872002
29.120000000001752,10.190684260911988,-0.01301080917219788,0.10127418479921295,-0.007304697839457873
29.130000000001754,10.10255661166432,0.002271427676633818,-0.03472670784902022,0.011197788928305594
29.140000000001756,9.96618360965918,0.015811664545748984,-0.025338342959651435,0.009690570276056656
29.150000000001757,10.062887856813102,0.002029424142714637,0.03554937171924049,0.0023607853539618336
29.16000000000176,10.051699057447232,7.114557656461021e-05,-0.007152189235350079,0.007643367564601164
29.17000000000176,9.987633603479207,0.011375962315727624,-0.008471760968753208,0.007810522797663651
29.180000000001762,9.99975553825203,-0.00028436955043447917,-0.0016184299842171349,0.006688571699945719
29.190000000001763,10.011288977824472,0.0001190618880194077,-0.0011807120961642424,0.006455674727538864
29.200000000001765,9.96976650950119,0.01059039236194267,-0.003641425100443215,0.006854171924251897
29.210000000001767,9.96475557350957,0.0010991468437030992,-0.0029250565205568044,0.006809752140229635
29.220000000001768,9.977981132614763,0.0006054727518649964,-9.233194458452866e-05,0.006296590020634289
29.23000000000177,9.944158927875055,0.010547218341744758,-0.0019876656174492775,0.006262545830546247
29.24000000000177,9.936220547816331,0.0015593702728681669,-0.0026859545853003125,0.006404088849340778
29.250000000001773,9.950844725322899,0.0005962461199599137,0.0004825357578257611,0.006006908344239299
29.260000000001774,9.918547874209333,0.010393199045171877,-0.0016406779989296403,0.005964055792160993
29.270000000001776,9.911140152781066,0.0012421418941255243,-0.0023992606946856266,0.006091762566044399
29.280000000001777,9.9252895150793,0.0005267607249077462,0.0006998884683227922,0.005739709709317485
29.29000000000178,9.894637448338708,0.010049854690550877,-0.0014136754588449263,0.005673205281014271
29.30000000000178,9.889045529792062,0.0007515840736293341,-0.00212391322954836,0.005792631698652378
29.310000000001782,9.902301751605775,0.0003675635991525151,0.0006856822061200582,0.005489548658705587
29.320000000001784,9.872345430077415,0.009582632922023262,-0.00136491505703025,0.005386459150265123
29.330000000001785,9.869033400750562,0.00025342466813318043,-0.001842991636346162,0.00548657285883929
29.340000000001787,9.881046300436578,8.359832811094931e-05,0.00028277378687791347,0.005228067434174832
29.35000000000179,9.852300375901411,0.008781911239246983,-0.0014697170256290817,0.00508356556597152
29.36000000000179,9.863512704206896,-0.0003142516174963537,4.382870314646378e-05,0.005147198009155447
29.37000000000179,9.838744786458635,7.120026947973712e-05,-0.005966586714211144,0.004983337259598969
29.380000000001793,9.875481108582495,0.006527351225815284,0.011175205744922718,0.004671096421746692
29.390000000001795,9.821382670621611,-0.00020786691621724955,-0.015057623490511334,0.00489499304546427
29.400000000001796,9.793571111757124,0.0007401038079155639,-0.0055530095314259295,0.004540678067083001
29.410000000001798,9.907319036855695,-0.0009586843857704711,0.023336700557396735,0.004414407252798153
29.4200000000018,9.777435805395013,0.009303478152541868,-0.028809618473560072,0.00443069519802458
29.4300000000018,9.77421486432041,0.004748305610253821,0.0025080467902575247,0.004156978650405543
29.440000000001803,9.90064297285797,0.0010029668026388372,0.010441112908491564,0.0040275002530477735
29.450000000001804,9.762765957181132,-0.0018111900628059474,-0.03462233577831513,0.0036199214380586613
29.460000000001806,9.804601388698416,0.004201592788703509,0.01959826381346262,0.0038982030137296162
29.470000000001807,9.878172284647949,-0.0037207177718897805,0.013291416918291684,0.003753606070099875
29.48000000000181,9.720554233095653,-0.0016821720798638191,-0.03845370311030932,0.003044723367366145
29.49000000000181,9.83643391880373,-0.0022433186579287,0.03164711483382085,0.0038545873470377315
29.500000000001812,9.868213727525994,0.0008294948308412028,-0.007476725551495061,0.00306173329556039
29.510000000001813,9.708338876398688,0.005373653967673342,-0.028238261892785693,0.002597324099145676
29.520000000001815,9.838538833966842,-0.004042491357936863,0.03494626495300161,0.0036429701215974016
29.530000000001817,9.86373034469762,-0.0003302672012782323,-0.00879601518870273,0.0025830436141310474
29.540000000001818,9.70467451513427,0.003980961342282109,-0.02734952594658621,0.0020935891936359015
29.55000000000182,9.835331905888301,-0.004936535337137099,0.03432908375412563,0.003338704372551374
29.56000000000182,9.861403778971923,-0.0007803330057230438,-0.009713397517908022,0.002100920688398184
29.570000000001823,9.707272885535268,0.002982236504106191,-0.026926784539633496,0.001552162541419785
29.580000000001824,9.834953423921018,-0.0051769811828693045,0.03177473005655856,0.0028999510133876655
29.590000000001826,9.829142640033755,-0.0010995225372252301,-0.01875040846421012,0.001320891489134007
29.600000000001828,9.767161492085615,0.0022428782737591185,-0.004157771146271368,0.0016929569600902914
29.61000000000183,9.818480683880269,-0.005403467418352335,0.008703959398876202,0.0018286123957199903
29.62000000000183,9.820290462769448,-0.0012995326569538873,-0.014442206976413702,0.0009097287071648429
29.630000000001832,9.79112450987516,-0.0030838339246016936,-0.0028278909125735454,0.0010405941861102944
29.640000000001834,9.820227532273078,-0.001320526807984064,-0.0022477166609813663,0.0008788257288284299
29.650000000001835,9.826289991439323,-0.001115430380707771,-0.005157472582903153,0.000640599974510719
29.660000000001837,9.819287544238065,0.0020345237099562373,0.0027401043286204184,0.0007348632663159589
29.67000000000184,9.828941844688325,-0.004072813047799707,-0.00048157964899442205,0.0004872480325089514
29.68000000000184,9.835115149672422,-0.0016133940275015596,-0.008715888308160115,7.849040417797442e-05
29.69000000000184,9.834728561494156,-0.0034964174076096846,-1.0192146113149473e-05,0.000187139617532222
29.700000000001843,9.841356165985625,-0.0009315964889145194,-0.007626449947013765,-0.00021456245882694092
29.710000000001845,9.84932885241947,-0.0013100583934392489,-0.00373787099493841,-0.00021263514005675322
29.720000000001846,9.85200722046646,-0.002550197404888143,0.0010145043131840573,-0.00022430297911084585
29.730000000001848,9.859464770439942,-0.0013114783961036384,-0.005240644065668311,-0.0005559589895262927
29.74000000000185,9.868888928440017,-0.0014145344064251473,-0.003335492030830897,-0.0006289657160274904
29.75000000000185,9.873307691706485,-0.0031612215650834623,0.0017412188417330224,-0.000626924631442275
29.760000000001853,9.881527056826688,-0.0017843922496003485,-0.004449810596635183,-0.000932423217489967
29.770000000001854,9.892189921186883,-0.001981845934988395,-0.0032356568873678324,-0.0010373588787585934
29.780000000001856,9.898111101578962,-0.0025788433562760984,-0.0015752813207799401,-0.0011497386691523897
29.790000000001857,9.906852503967935,-0.0028738573916565376,-0.002605515996303901,-0.0012835299744667246
29.80000000000186,9.91895133698777,-0.0031381742250055724,-0.0013728939541259827,-0.0013967520025579096
29.81000000000186,9.926244344898034,-0.0036290848680063325,-0.00048396661073347134,-0.0015173020264784057
29.820000000001862,9.935259797609305,-0.003664897419791486,-0.002255917594337182,-0.0016438714829569313
29.830000000001863,9.948126939732331,-0.0038768719602253875,-0.0014231073215404484,-0.0017898640960317103
29.840000000001865,9.956855229140839,-0.004047830524243819,-0.0012448147530186601,-0.0019354539267734895
29.850000000001867,9.967139853763305,-0.004403480099644538,-0.001547843752469473,-0.0018736590819965805
29.860000000001868,9.979285021322085,-0.004494603916882199,-0.0013775613531424738,-0.0020920801436374154
29.87000000000187,9.988892654381173,-0.004541140679226174,-0.0014942096934459335,-0.0023063852915577187
29.88000000000187,10.002145871170912,-0.004807927674774675,-0.0012360097128078303,-0.0022276496210464603
29.890000000001873,10.013173890779322,-0.004756401925782324,-0.0016553673258006838,-0.002462541044511903
29.900000000001874,10.02382519645477,-0.0048917638063439685,-0.00166706419851578,-0.002685699789663942
29.910000000001876,10.040344846961265,-0.004967176048052761,-0.0010839222329273041,-0.002643418827776445
29.920000000001878,10.036491671831532,-0.004933137113807097,-0.004303690307003742,-0.0029097850786174158
29.93000000000188,10.080737587605851,-0.004799618868923971,0.0018036332120610456,-0.0030243048935557166
29.94000000000188,10.0756288283093,-0.004796942673836926,-0.0049540404748606515,-0.0031089469258883972
29.950000000001882,10.052950453325872,-0.005206810917662099,-0.007640043690198084,-0.0033628891426571114
29.960000000001884,10.131761843765997,-0.004965944346099299,0.007816111577353933,-0.0033494776107184914
29.970000000001885,10.119407308774488,0.0006619016586269847,-0.0065302977677868645,-0.0034455442425168304
29.980000000001887,10.096263973783655,-0.007778318826727137,-0.0032209141284211982,-0.003620373396572859
29.99000000000189,10.176103869614074,-0.006260601484536083,0.006866659741687254,-0.0037033872122835864
30.00000000000189,10.164737522721897,-0.006406313743587245,-0.0082046247283301,-0.0037788458862806026
30.01000000000189,10.153397620810587,-0.004875649756295158,-0.0054736528016738825,-0.003984698305603618
30.020000000001893,10.22013563946767,-0.004722333515674021,0.004910240457429148,-0.004081334632339215
30.030000000001895,10.210705198146258,-0.002683638008894607,-0.006943103255376369,-0.004086350230645429
30.040000000001896,10.20218858452231,-0.006045806017045883,-0.004880548837088739,-0.004288569310725105
30.050000000001898,10.251924796634121,-0.004028889906231078,0.002438747202852183,-0.004425734669653558
30.0600000000019,10.278613895898962,-0.003823900796018468,-0.00048023462631874005,-0.004319014809268687
30.0700000000019,10.249454726346794,-0.005303366063482702,-0.009657223231475031,-0.004614727781372288
30.080000000001903,10.29541217747224,-0.001980353120052199,0.0027069953076334016,-0.004713440510335889
30.090000000001904,10.335242129131283,-0.004672953287270083,0.0012639543911717834,-0.004579364015198288
30.100000000001906,10.302846076376444,-0.005487707530944524,-0.00997706066560664,-0.004867857784029344
30.110000000001907,10.346420346602923,0.0014488447250273165,0.002552097283463611,-0.004964601891089952
30.12000000000191,10.390394080705486,-0.00570115286541383,0.0026492070246537827,-0.0047962465048371015
30.13000000000191,10.355518026345662,-0.007399837706171813,-0.009664723999549844,-0.005067694652910186
30.140000000001912,10.402182744088927,-0.004223298526789079,0.004410729946193354,-0.005148002834181673
30.150000000001913,10.446928444756157,0.0006659801155056925,0.0025191263910657167,-0.005006230175308345
30.160000000001915,10.411875799191955,-0.007676580888695565,-0.009050907951025151,-0.005069649504089672
30.170000000001917,10.456439088244384,-0.004619843623183161,0.004559021230106188,-0.005186398405746783
30.180000000001918,10.505228732459594,-0.003515248696772335,0.004398150341937037,-0.005321461853325146
30.19000000000192,10.47016038763852,-0.00683852103492083,-0.009029702386160141,-0.005308463523734344
30.20000000000192,10.513893135472678,0.0020771605151866292,0.0030394905076516153,-0.005343727821850106
30.210000000001923,10.560202860230824,-0.005312787252378747,0.004540853558345792,-0.005442203293398413
30.220000000001924,10.530395842484701,-0.007488410461863801,-0.007545745568018881,-0.005437676804334914
30.230000000001926,10.572639784167412,0.0007740857164034263,0.0029258142252742013,-0.005397181581846777
30.240000000001928,10.616697312045288,-0.0041029436726421715,0.003973160473104205,-0.0055115767071827245
30.25000000000193,10.589055397114954,-0.007427184745697871,-0.0070478800154150575,-0.0055258020089969835
30.26000000000193,10.632061298288228,0.001383674791738924,0.002524643111141885,-0.00531539232773987
30.270000000001932,10.66203378023921,-0.004605054654195191,0.0012027765600935957,-0.005513899485570474
30.280000000001934,10.664677147781704,-0.006518004931357017,-0.0018109576937521282,-0.005458051996442802
30.290000000001935,10.689208527648825,0.001332090583446221,-0.0007171675218711136,-0.005378859902474467
30.300000000001937,10.716547862648651,-0.0049545237566021505,0.0010858823627991065,-0.005528349074189469
30.31000000000194,10.727697810169026,-0.005242990336520067,-0.001155801456600778,-0.005484055755751207
30.32000000000194,10.748985851275236,0.0012143764619045676,-0.0011962672731395264,-0.005408226451143461
30.33000000000194,10.772804490156403,-0.004371088060528972,0.0006023489204222937,-0.005558252155907728
30.340000000001943,10.787399361533346,-0.0044767252715349785,-0.0006327705672608394,-0.005501474544220927
30.350000000001945,10.807195070055474,0.0014326647896169727,-0.0013851223224779837,-0.005433126572256396
30.360000000001946,10.832513152086392,-0.004047069598124582,0.0011926706475389726,-0.00554162608459953
30.370000000001948,10.845502601538307,-0.003869731862279795,-0.0007606046296807184,-0.005503735326705539
30.38000000000195,10.8642258142442,0.0015477621231039197,-0.001543207361638742,-0.005435069091617398
30.39000000000195,10.89544891839216,-0.0032459738517535064,0.0024756195202494456,-0.005461912530477841
30.400000000001953,10.89680387282499,-0.0040037832218522765,-0.002013472453098327,-0.00551861818057512
30.410000000001954,10.926512282150806,0.0019102318325809522,-0.00031487330572651314,-0.005344308098863723
30.420000000001956,10.997208286558392,-0.0015953102417899311,0.012234641402536385,-0.004890371513466365
30.430000000001957,10.83211955311805,-0.010301375188191247,-0.042733126229631976,-0.007508052230887479
30.44000000000196,11.085408297766064,0.009535002569842408,0.05718180565490184,-0.0024116767689009023
30.45000000000196,11.074371168374554,0.001318988707232504,-0.009542534629312076,-0.0057104864141695735
30.460000000001962,10.775028321643383,-0.017760439329285307,-0.07537711990133907,-0.009618180697944317
30.470000000001964,11.187721561722586,0.015710999335303368,0.09868879360960815,0.00020073695297689355
30.480000000001965,11.189515108310777,0.0013082599913520271,-0.008846902326646682,-0.005366305541477857
30.490000000001967,10.743064643544638,-0.01921202717236407,-0.10147008125328265,-0.011655803594311325
30.500000000001968,11.269595623930416,0.016737842602765545,0.12831498949278197,0.0032493321192757583
30.51000000000197,11.251019836099497,0.0021307387643589104,-0.020533317821667358,-0.0061886173874811535
30.52000000000197,10.799486011969044,-0.025848165450071212,-0.11745188090372449,-0.013726958019490476
30.530000000001973,11.360507823757256,0.011786741600000091,0.14245562064790662,0.005818268128270167
30.540000000001974,11.189861744416172,0.0004207466086305586,-0.060240899936007605,-0.009369758256022782
30.550000000001976,10.92798906719636,-0.015954311017391185,-0.06596061474421804,-0.010477109587116298
30.560000000001978,11.441857644703909,0.025548937554533715,0.12063450512702914,0.0055627683450806915
30.57000000000198,11.178628661488114,-0.0036553147113831098,-0.08016744307026662,-0.011569048981348962
30.58000000000198,11.008781935231493,-0.004436114520088319,-0.024874438297642933,-0.006963225311177841
30.590000000001982,11.506818850305205,0.023751482139503996,0.11417149031477622,0.006799781360113199
30.600000000001984,11.208516044189484,-0.016703788212015614,-0.08373475234050716,-0.012308905845203812
30.610000000001985,11.060360853300564,-0.010436724369738673,-0.03499552558346872,-0.00793395529086533
30.620000000001987,11.591886059885054,0.028649778152772223,0.12186367770222856,0.009056962793132804
30.63000000000199,11.193591453323679,-0.01083627344524832,-0.11628440592432045,-0.016640399053805936
30.64000000000199,11.137907788585828,-0.0008508955769575386,0.0027357773670742794,-0.003756302786551024
30.65000000000199,11.650667800601967,0.02661033310577528,0.11590702299071116,0.010093561355223279
30.660000000001993,11.194827551874255,-0.025824048637584814,-0.12358767337141903,-0.01833552013032612
30.670000000001995,11.278243929596302,0.002504574094236665,0.037752570404294,0.0011048947884927146
30.680000000001996,11.539522673823203,0.016714094041827967,0.049793286453774746,0.003110544953895695
30.690000000001998,11.337767900143579,-0.00351665321809152,-0.06608481833708944,-0.011750148903664886
30.700000000002,11.337231002335761,-0.003959257574778156,0.0006020868846471556,-0.0030854123655996535
30.710000000002,11.536250107970998,0.013648251227570891,0.038821121372460736,0.0023007137277045345
30.720000000002003,11.400305144990176,-0.007321687278553349,-0.03755179984803298,-0.008118959915632712
30.730000000002004,11.36306105829285,0.0010141176892273203,0.0022446763599946037,-0.00243184226613765
30.740000000002006,11.573820167201928,0.014855187621481004,0.04157476879506843,0.003859291427545894
30.750000000002007,11.431150036346224,-0.0014014225371733694,-0.048043335252317666,-0.009548439841571865
30.76000000000201,11.401396384444357,0.0004723957688097316,0.004803137580585414,-0.0015310170807816936
30.77000000000201,11.613342154182964,0.013863606165100956,0.04219468532838792,0.004527818130922472
30.780000000002012,11.459881605286109,-0.0035785589298625354,-0.04854294585035601,-0.009936539402106894
30.790000000002014,11.43535335038642,0.0006407904651884401,0.006857414609151473,-0.0008525094436318667
30.800000000002015,11.642779876697537,0.013371089760086111,0.041008073692354846,0.005374405148967486
30.810000000002017,11.493857573080303,-0.003899185700508179,-0.04657926536207647,-0.00953948786073083
30.82000000000202,11.48436461438835,0.001657185669373011,0.011400063492573697,0.0005366815784631632
30.83000000000202,11.625526459895728,0.009154893338509445,0.023112062083977734,0.002675058189098767
30.84000000000202,11.55162886547636,-0.001319143910292972,-0.027072603679378995,-0.006236850982392753
30.850000000002023,11.510932142599868,0.0007327107797972854,0.001998327777527294,-0.0007922669141371389
30.860000000002024,11.615375751224375,0.00730851955152429,0.014317731083411389,0.0018031600163743715
30.870000000002026,11.587881395015698,0.0006786251546463766,-0.013188960715506858,-0.003313115043441999
30.880000000002028,11.537758296235616,0.0010848940059267744,-0.00020053410402895747,-0.0007206371455722795
30.89000000000203,11.616271814186344,0.006820532119431319,0.00813746315768867,0.0010305525784151338
30.90000000000203,11.620028191840255,0.003479141835752419,-0.004744195612983221,-0.001379930000004605
30.910000000002032,11.554987756960392,0.0012008978811740758,-0.002608436457470667,-0.0008281033303690885
30.920000000002034,11.625150456332337,0.0079267147926927,0.006605425245461932,0.001241574351864657
30.930000000002035,11.637020410219508,0.004534915527937897,-0.004045510527402205,-0.000887836732768884
30.940000000002037,11.567062995899295,0.0014623170303485395,-0.004009824987255019,-0.0008054125706441109
30.95000000000204,11.645374660339645,0.016666430909383752,0.016289016226369295,0.0038638642626573935
30.96000000000204,11.627887373897329,0.0010477114268201326,-0.014240908576992468,-0.002848928017373639
30.97000000000204,11.573427641024344,0.001335361340935987,-0.002766090971180041,-0.0002138590403193518
30.980000000002043,11.652337265010344,0.0069811182838842665,0.005281358760749683,0.001493466333014158
30.990000000002045,11.628071968006628,0.008946833492330398,-0.006828941547055225,-0.0011267117094128768
31.000000000002046,11.573387684689722,0.0004869430220540902,-0.0032857277787847615,-0.00013496459056983707
31.010000000002048,11.655404725522018,0.005980792112036891,0.004997136316915628,0.0020026473654953616
31.02000000000205,11.625419235608232,0.00781762626733326,-0.008756140636475153,-0.0012544122919821935
31.03000000000205,11.571930804683957,-4.264617532389296e-05,-0.002997095796824225,0.00021761600810278766
31.040000000002053,11.652840094350676,0.005211592977024959,0.004959915908264675,0.0022852107088181094
31.050000000002054,11.62051914619324,0.0072910237514642075,-0.009105575559365229,-0.0011419591258336617
31.060000000002056,11.568593992493305,-0.0002070350418304512,-0.0025680074595671384,0.0005701705269887036
31.070000000002057,11.647307677030723,0.005750137117950108,0.005766560737421325,0.002593093477349012
31.08000000000206,11.609674033412224,0.0062508356550612125,-0.010496621807453612,-0.0014582863087376579
31.09000000000206,11.56441328626695,-0.00013559936738884824,-0.0012199187800944961,0.001092603343282229
31.100000000002062,11.63852906344674,0.012344017838432905,0.011748881743569042,0.004508590125131873
31.110000000002064,11.589938059389418,0.0034083737243225565,-0.014690841557873289,-0.0023936289111163144
31.120000000002065,11.553178082772813,-0.0007208388818564736,-0.0005979299333331993,0.0014945371431377354
31.130000000002067,11.631393701583546,0.0025537372129459703,0.0058329400518591324,0.0031175906260478576
31.14000000000207,11.575354400120833,0.003715811665161858,-0.014156931532955084,-0.0022048793995817764
31.15000000000207,11.543199243721839,0.0001178572454777477,0.0015616116937568262,0.002263823170284486
31.16000000000207,11.616302821411372,0.012481956394613303,0.014168784112974347,0.005773333742400382
31.170000000002073,11.563658197054432,0.002627360836206832,-0.013139098452710033,-0.001725697790792503
31.180000000002075,11.525362724386223,-0.000875762203824758,0.00016005881908858253,0.002140213834161787
31.190000000002076,11.597376766730052,0.010207176450893541,0.012860961719622175,0.005662262962152139
31.200000000002078,11.541306256968484,0.0014077198648926841,-0.01439698400953,-0.002008641955689312
31.21000000000208,11.506498173431384,-0.0009462320231624076,0.00030702720044560795,0.002356932632613096
31.22000000000208,11.57070701085532,0.009039647951285609,0.010934048939876083,0.0053381512611058845
31.230000000002082,11.51492938427854,0.0008984007838080211,-0.013777378274424837,-0.0017700108027081671
31.240000000002084,11.483209128987173,-0.0006685863795518755,0.0005007049115845831,0.002548336960506787
31.250000000002085,11.539916688427807,0.00873834873214695,0.009953529252002477,0.005220881866747755
31.260000000002087,11.485962977806814,0.0005754997403258782,-0.012357802900586037,-0.001320185378503555
31.27000000000209,11.45797924946785,-0.0006854134502172023,0.0014972647411035914,0.0029521697121154752
31.28000000000209,11.50488921934312,0.008172328040697462,0.007983615121941762,0.004753261605600846
31.29000000000209,11.452227371016011,0.00048415991208454305,-0.01121415507094545,-0.0009785223420440982
31.300000000002093,11.422269743315617,0.001286475329363881,-0.001987152219703552,0.0019195963577369709
31.310000000002095,11.47362685469953,0.008197571887933778,0.010446163185981057,0.005574861211477582
31.320000000002096,11.418736242870034,-0.0005041070163793735,-0.009117525851955542,-0.0003659550588249157
31.330000000002098,11.381419482688457,-0.0017427426075681805,0.0027066990348372736,0.0034155054167138363
31.3400000000021,11.437592165442089,0.009005142543591724,0.010896547355893621,0.005805276184849077
31.3500000000021,11.379005542072148,-0.0003604318723652876,-0.012048614814091524,-0.0013352741534259482
31.360000000002103,11.339385738086918,-0.0016073469301715565,0.0015176484525901688,0.0030143169610387438
31.370000000002104,11.393460281816274,0.0087835654348225,0.009712197914878658,0.005423980365147692
31.380000000002106,11.336025224402778,-0.0003506169931395927,-0.012347857269541303,-0.0015535865150396516
31.390000000002107,11.293637321663226,-0.0015132277290447525,0.00017607152104726098,0.0025002248075629823
31.40000000000211,11.335012808129656,0.007277516181294692,0.006151123095658054,0.004200501354873326
31.41000000000211,11.290690025005816,0.0001720241329326098,-0.007959339464595306,-0.0003180810806083217
31.420000000002112,11.248887403188274,-0.0015685052992335277,0.0006998356128421129,0.002551646541232249
31.430000000002114,11.30072282491775,0.008102980270129153,0.010050293640323928,0.005390283286108614
31.440000000002115,11.241841267723911,-0.000993797762698956,-0.011121851097022082,-0.001701122299949903
31.450000000002117,11.19633782946985,-0.0019772970837359494,0.0009968552536581752,0.0024123328789499737
31.46000000000212,11.241041943084005,0.0069276764851004475,0.007269456492573454,0.004311825295001105
31.47000000000212,11.189947946208436,-0.000852809997392111,-0.008966067604376692,-0.0011985073646089898
31.48000000000212,11.145347089174907,-0.0019647596425310812,0.0009988380221360809,0.0022398887796306697
31.490000000002123,11.18499679689181,0.005815072435277423,0.006907186685110512,0.004037362285129598
31.500000000002125,11.1384362700859,-0.0009523487014919295,-0.006740998630383508,-0.0006473502699109834
31.510000000002126,11.089984292263036,-0.0022822657259496237,0.0014718901047835549,0.0022343724851350295
31.520000000002128,11.133205622123644,0.005657729076125224,0.008045919882694909,0.004262973003728156
31.53000000000213,11.08072138040918,-0.0015120081317600183,-0.007857228053826684,-0.0012151625489817016
31.54000000000213,11.033982847598855,-0.0023362844241814856,0.002030287299315618,0.0022320421559934786
31.550000000002132,11.074315636534278,0.004736021147026617,0.007417680568142054,0.0038589307466995655
31.560000000002134,11.02267540710901,-0.001752141202918644,-0.007190036710226249,-0.0012153597235376277
31.570000000002135,10.974208490682319,-0.0026348273710969272,0.0021773315285799305,0.0020585968540845338
31.580000000002137,11.011400722914773,0.0037048761207016906,0.00682896905206066,0.003427691295519903
31.59000000000214,10.961843557315929,-0.001904828600791184,-0.006214759905980002,-0.0011434522487498214
31.60000000000214,10.914942352975677,-0.0029076561699496535,0.003059921527627229,0.0020962522643832877
31.61000000000214,10.945931976630108,0.0025046953383064305,0.005710619374438712,0.002781982257194086
31.620000000002143,10.900228503367378,-0.0019972521778994492,-0.004907989108609292,-0.0009881385056159768
31.630000000002145,10.853847609620635,-0.003251306332084449,0.0035248837148925414,0.0019586729598188683
31.640000000002146,10.865058228211865,0.0006263986125573769,0.0022926269940718655,0.0013285003947892007
31.650000000002148,10.855975455172313,-0.000930588389636553,-3.637808942813332e-05,0.00033502818943903555
31.66000000000215,10.790336232655106,-0.005060474337725393,0.0011030725436826504,0.0008208803952764968
31.67000000000215,10.767649420179476,-0.001124389557126233,-0.0011074757925256342,-0.00014306841847851312
31.680000000002153,10.86144905475613,0.005727520371869649,0.02190068518653548,0.007357908529827676
31.690000000002154,10.698180844662614,-0.015171980111686672,-0.015004582093150892,-0.0049073348261197795
31.700000000002156,10.681018298044595,-0.000697505220917261,0.00030080223178031036,-1.0123392716509985e-06
31.710000000002157,10.821950985001957,0.009916671595214671,0.029145263919148404,0.0094286951544378
31.72000000000216,10.61902491056151,-0.01907051383360341,-0.02924502258049382,-0.010059311679119172
31.73000000000216,10.602451819333632,-0.0014810344276324364,0.013118940491640425,0.0038908132616328217
31.740000000002162,10.7379036372085,0.008947022913561314,0.024184168345952172,0.007413023947128862
31.750000000002164,10.549392498937591,-0.016097020290250626,-0.03714849489233269,-0.013153533175732125
31.760000000002165,10.534056906190903,-0.0014861798750115621,0.014611700021045835,0.003915998306046274
31.770000000002167,10.668671925489116,0.008512091445895913,0.024666654862075588,0.007153759458986738
31.78000000000217,10.481581090174178,-0.0169765991550763,-0.034068361649042714,-0.012346511469558917
31.79000000000217,10.471758675686399,-0.0012982052006365187,0.017184788832037213,0.004467696660746852
31.80000000000217,10.568205710223754,0.004835576341721924,0.01650916657026268,0.004069715786844069
31.810000000002173,10.463323556935917,-0.009700276086639193,-0.015027089173405126,-0.006343720730103552
31.820000000002175,10.380728492258747,-0.007648815689753022,0.002106209842911323,-0.0008939224211140229
31.830000000002176,10.461683136498449,0.003695438339498882,0.014182339706970842,0.0029095296976061917
31.840000000002178,10.468972002801934,-0.0015498429807473842,0.0012162413328256124,-0.0015190564696666096
31.85000000000218,10.27730927070794,-0.019979810641660902,-0.012639079856554113,-0.006266756339010181
31.86000000000218,10.38315762223062,0.006903917739594923,0.02146620470085144,0.004914976773612473
31.870000000002182,10.431856564770422,0.00015746005885454483,0.0073678195269210895,0.00012482863975631087
31.880000000002184,10.208521938263617,-0.023326586155580992,-0.017960056759525764,-0.008418481652523659
31.890000000002185,10.310142319269508,0.007131105573674079,0.021415611535079305,0.004536686897226717
31.900000000002187,10.322312788404519,-0.003506037366914622,0.00018040697164840175,-0.002598236376916973
31.91000000000219,10.162284318378301,-0.01539287207883721,-0.005074556482963915,-0.004512690440606113
31.92000000000219,10.243025060322628,0.005613677717516658,0.015972729276967523,0.002389629142284483
31.93000000000219,10.246469624184162,-0.0020329586870630753,0.00025505405118527325,-0.0029487218461892502
31.940000000002193,10.103977748684295,-0.013669249222763932,-0.0022890062252390138,-0.003974409834661319
31.950000000002195,10.172164592449207,0.003717695349930805,0.013013681120074923,0.001201872953598456
31.960000000002196,10.146025414573534,-0.015057673976273254,-0.0026235527748619085,-0.004215211372741186
31.970000000002198,10.097570632321663,-0.0023106092286246625,0.010516706516277714,-4.052235027323303e-05
31.9800000000022,10.073992408108717,-0.0001748642792190968,-0.0006565749409982785,-0.0036392479781973608
31.9900000000022,10.089765586132893,0.000755189890235398,0.004260536182182237,-0.002303133010327576
32.0000000000022,9.982949645734962,-0.010313180235432458,0.00023359117551936348,-0.0039012403997998224
32.0100000000022,10.12189416594988,0.009114602801254897,0.02536509018237662,0.004480183794158149
32.0200000000022,9.926261428621489,-0.023265834613093648,-0.013927914878410254,-0.008792514880531784
32.0300000000022,9.916599743886078,0.00046905170122716044,0.0149039860540527,0.000607456454580377
32.040000000002195,10.161929090045902,0.006463605360050212,0.03134246192242598,0.006088522346926381
32.05000000000219,9.765049013433018,-0.039731284081284735,-0.04331964181909286,-0.018853167497166323
32.06000000000219,9.894315311935248,0.01708046089620544,0.03242594992487209,0.006095841195225319
32.07000000000219,10.091722781049425,0.0030009849527917495,0.018471802540241018,0.0015038080244259636
32.08000000000219,9.642776920256809,-0.04290234902948459,-0.04898637460710121,-0.02109695610420645
32.090000000002185,9.93858409570933,0.037569968673863766,0.04158856720506973,0.00881866907062878
32.10000000000218,9.953046983105338,-0.012135487284171749,-0.0032467236547073157,-0.006157709678740864
32.11000000000218,9.582123358178272,-0.033033890899051496,-0.03031804437432154,-0.015312100780812458
32.12000000000218,9.909600504417279,0.026710273440713347,0.042927651198550354,0.00891337500323355
32.13000000000218,9.851829295884514,-0.01782199042086204,-0.00925019436688468,-0.008664640318897951
32.140000000002175,9.529536129271971,-0.025025667590527413,-0.019082713259843398,-0.011993007226558345
32.15000000000217,9.855839537577461,0.0394985701672919,0.051611596722650754,0.011767675456841724
32.16000000000217,9.811960781591381,-0.01598036018497728,-0.007828127878422896,-0.008541439499967997
32.17000000000217,9.47660759025275,-0.027837955881839346,-0.02026920344363844,-0.012781492477452248
32.18000000000217,9.794866897663987,0.025702607695974277,0.03473242330258494,0.005861713012203005
32.190000000002165,9.744659275503198,-0.016389438109460492,-0.007924818338202834,-0.008788650111783383
32.20000000000216,9.436874811413109,-0.024300140949765424,-0.013923133871696981,-0.010900094574704894
32.21000000000216,9.730380975333356,0.023956868337439603,0.04241085932523384,0.008155655571476425
32.22000000000216,9.615252911201239,-0.022919307120414407,-0.017277625780082885,-0.012155133147366961
32.23000000000216,9.538501694818782,0.001545992759513684,0.005310576214143993,-0.004686403737421673
32.240000000002155,9.577976819407958,-0.0019450314071345193,-0.00036595827827429856,-0.00643786503707947
32.25000000000215,9.550360734473255,-0.00935697445315665,0.005067084486210019,-0.004883634387795302
32.26000000000215,9.528917926933751,0.0027651129636724007,0.008366874848621197,-0.003924797043429007
32.27000000000215,9.51836970083559,-0.007736651519762906,-0.0022798948708716406,-0.007362537745307373
32.28000000000215,9.502070099594375,-0.007253402025417826,0.006987682503599782,-0.004447757678719884
32.290000000002145,9.489893658449203,-0.005129665888232155,0.005074592936774178,-0.005220068914797101
32.30000000000214,9.473283945505134,-0.005054524709308583,-0.0010054111771835533,-0.007068093463634346
32.31000000000214,9.46193052196586,-0.003823081561391024,0.006706892192636401,-0.004677142613076599
32.32000000000214,9.44836239737891,-0.00423313845779492,0.005334717791523389,-0.005298240814895363
32.33000000000214,9.434895287519133,-0.003705473174938065,0.004057468348564074,-0.005529457228641916
32.340000000002135,9.42225291183607,-0.0040009686782368796,-0.0008630837029665709,-0.007357690983333007
32.35000000000213,9.411994493914236,-0.0036107675638067153,0.007661637755381935,-0.004648509631191896
32.36000000000213,9.397848080411444,-0.0039762812289667136,0.006075286802503306,-0.004976700507047268
32.37000000000213,9.386790970175717,-0.003666800094102498,-7.246520612164738e-06,-0.007182940859693444
32.38000000000213,9.378066455396416,-0.0035509369993234866,0.006695273039631865,-0.00506907449108435
32.390000000002125,9.364763896012382,-0.0039053785960620284,0.006929561879707277,-0.004775560660311817
32.40000000000212,9.354435844619578,-0.0036329127721216156,-0.0005398624837615517,-0.00743969574404931
32.41000000000212,9.347333485348413,-0.003350081063205069,0.007391985767521375,-0.004890857536104242
32.42000000000212,9.3354080956086,-0.0038139056970659868,0.006533478906434529,-0.004960588473491798
32.43000000000212,9.326552596250918,-0.0034300840544974572,0.0021331795812086075,-0.006557317924073727
32.440000000002115,9.320027157226747,-0.003163290585656374,0.005544602664278987,-0.0055385091888286025
32.45000000000211,9.3092020869545,-0.003718541582915578,0.004359715429647228,-0.005720863130122204
32.46000000000211,9.303396592258466,-0.003096527022889452,-0.0013707933192185426,-0.007593966667021495
32.47000000000211,9.297150810855612,-0.003034346048929583,0.006200260180426723,-0.005211015519245136
32.48000000000211,9.287130518237475,-0.003433658966268506,0.005194664573352779,-0.005439983273523781
32.490000000002105,9.285188906001931,-0.0023519801534929883,0.0033070510955577007,-0.005939373632320063
32.5000000000021,9.27737044905953,-0.0031488994898553188,0.002696171221518896,-0.006378036157573239
32.5100000000021,9.27041660108138,-0.002951810960471426,0.0026068414282296045,-0.006509444992085629
32.5200000000021,9.28173455962234,-0.00043946510378046485,0.001160644960690215,-0.006772007296956471
32.5300000000021,9.258682135302653,-0.005213587681183672,0.003135162823146055,-0.006049946376436644
32.540000000002095,9.2562300412332,-0.002070567358664295,0.0008126678229000356,-0.0070226527794499125
32.55000000000209,9.273076756919338,0.00033783320719500985,0.002170489006322847,-0.00635572545429059
32.56000000000209,9.248184540988738,-0.00522370671396999,0.001805943053530397,-0.006406183359075195
32.57000000000209,9.246130879175421,-0.001664667591504418,0.0012114424304949566,-0.006777601345948114
32.58000000000209,9.267320084577165,0.001152253326738659,0.0013263917617388397,-0.006568208192919025
32.590000000002085,9.242487165692534,-0.004821614529324263,-0.0021462175918669727,-0.007722604838173627
32.60000000000208,9.243068353727889,-0.0008515630406722704,0.002947097293826256,-0.006054425856147134
32.61000000000208,9.265050826109661,0.0015881521893285936,0.0021090680565997227,-0.006186145759626232
32.62000000000208,9.24283304444633,-0.0038588660714916644,0.0021538612088477602,-0.006055429839651818
32.63000000000208,9.244054947281112,-0.0003810900533390405,0.0012748153949828714,-0.006534478423664934
32.640000000002075,9.268704614558125,0.0021158202826996246,0.0005374134976272064,-0.006633547220957732
32.65000000000207,9.247056967999901,-0.003326464839828757,-0.0034279254088562866,-0.00797961342114358
32.66000000000207,9.250829989029317,0.00027613443121753795,0.00249556391725504,-0.005950168872012484
32.67000000000207,9.275950313859731,0.00235279026432263,0.0013989847413576938,-0.006169658839657158
32.68000000000207,9.25655016766406,-0.002600244574876407,0.0018073073018461845,-0.0058772296481425885
32.690000000002065,9.261884206237822,0.0006659869814461444,0.0006883710739462809,-0.00644778302268292
32.70000000000206,9.28820043851214,0.0025488618624379656,-1.93361073510109e-05,-0.0065239389500291135
32.71000000000206,9.270210253935705,-0.0019632852266721346,-0.004783917410307834,-0.008195486239966524
32.72000000000206,9.27759215238831,0.0010922016501217675,0.0016730527180240356,-0.005893685087106144
32.73000000000206,9.304638494169037,0.0026577762400853975,0.0006328428816434932,-0.006085659053099365
32.740000000002055,9.288573688586192,-0.0013871315950935588,0.0013762573104212908,-0.005634967838070516
32.75000000000205,9.297606840830218,0.0014942557559574805,0.00016129729244810628,-0.00624853225870215
32.76000000000205,9.324590578631517,0.0027547582980948313,-0.0003814762475364929,-0.006253623157944098
32.77000000000205,9.313158453694143,-0.0003405594523316968,-0.00654357261528637,-0.008510536497512896
32.78000000000205,9.320198772479007,0.0014919464024911687,0.0011070718826119343,-0.0056639010003087685
32.790000000002046,9.34895958234264,0.003036936774194643,0.00012091484941273808,-0.005832830470265739
32.80000000000204,9.352828687144074,0.0014290088461378053,0.00024171495294760464,-0.0056030976226135055
32.81000000000204,9.341717774321362,0.0001101467195199834,0.000325796780127307,-0.005723009849882376
32.82000000000204,9.378093478136355,0.004080856374510388,-0.001526043048740914,-0.00623169607978906
32.83000000000204,9.382070625205792,0.0016083186814582794,-0.00127410912410145,-0.005961798265078774
32.840000000002036,9.37307994284948,0.0007663595096069795,-0.008026327038851516,-0.008873141075845813
32.850000000002034,9.435160204973618,0.00794709115233322,-0.002843352147391863,-0.006547568664736983
32.86000000000203,9.34245652625798,-0.011207052059159084,0.0070861767645464206,-0.00231858486358622
32.87000000000203,9.487118506387796,0.022556120040983892,-0.014387361584302876,-0.011185443724296487
32.88000000000203,9.43814259766896,-0.003886217180355879,0.0036459633536373355,-0.003705676162473647
32.890000000002026,9.353016105782421,-0.008744912546265336,-0.004054014063434456,-0.006702479080789733
32.900000000002024,9.548197856710823,0.030555777552194043,-0.017020900720508686,-0.011921125513050062
32.91000000000202,9.473867654487789,-0.008117545131206706,0.008844489165270029,-0.001457452964693328
32.92000000000202,9.383691755334501,-0.009618827126399465,-0.0022156276890658183,-0.005829762741977956
32.93000000000202,9.56768722928272,0.028408121888525987,-0.01519166221720164,-0.011036269248441715
32.940000000002016,9.554014244878552,-0.00037105701547226474,0.00452129779142862,-0.0029806133631118037
32.950000000002014,9.406124063299643,-0.019339906255946924,0.0030443558847309264,-0.003565833985589361
32.96000000000201,9.611199239581369,0.032215119778178744,-0.018968071563890673,-0.012597157642875032
32.97000000000201,9.579457186780504,-0.00233371118484785,0.007918475922905894,-0.0010129709069755873
32.98000000000201,9.46221062947356,-0.01395314823907157,0.002175101485592828,-0.0036352619296749615
32.990000000002006,9.683632471487098,0.034175117267604894,-0.021506082106278877,-0.013592366804013028
33.000000000002004,9.582002804255243,-0.013299461377212576,0.018287547225390808,0.003815416015396351
33.010000000002,9.511717568383787,-0.0060122064895860765,-0.001423171767179709,-0.004862330606143427
33.020000000002,9.73793119070695,0.034179157119906954,-0.02350059943499549,-0.01431883507756215
33.030000000002,9.624284201504524,-0.01529910246171865,0.02024700726236633,0.005028992996485017
33.040000000001996,9.559145025572938,-0.00485165095974611,-0.0025865296782038335,-0.005116294086068021
33.050000000001994,9.785347187012066,0.03374889694683367,-0.02533753820260546,-0.015002282419623075
33.06000000000199,9.673908768593826,-0.01501985219990073,0.01959695144063424,0.005090193783725792
33.07000000000199,9.631949814948914,-0.001483196046854257,-0.006579412805667252,-0.006686830674668139
33.08000000000199,9.802389200710541,0.024727138444555284,-0.018576457030942097,-0.01185579690884174
33.090000000001986,9.730828087628911,-0.008337786193456098,0.01272388762371558,0.0023447961982682865
33.100000000001984,9.722569319591791,0.0010496577138618636,-0.011128880227541875,-0.008567670295196825
33.11000000000198,9.795742776469979,0.009193406504913985,-0.004247904124612455,-0.005197597485049726
33.12000000000198,9.801232908772496,0.0007742258122245859,0.0020571499252320337,-0.0021691563172288033
33.13000000000198,9.812526890273086,0.0037545004470280943,-0.01150795088187663,-0.008548615894971676
33.140000000001976,9.833948552408437,0.0037826368980925316,-0.00033582691712537386,-0.003210155780424204
33.150000000001974,9.852496886498137,0.0038582780620462225,-0.0012230249510931331,-0.00344278313846045
33.16000000000197,9.870063695848135,0.004509124902329906,-0.0031332388185046725,-0.00446150519090361
33.17000000000197,9.888676492807983,0.005274577858659959,-0.00517325474810625,-0.005255969571500593
33.18000000000197,9.906936666579801,0.005773407521241004,-0.006492840631648112,-0.005745025677817437
33.190000000001966,9.92617256305533,0.006405231608857933,-0.0072877079315564605,-0.006323177123449936
33.200000000001964,9.94490126294369,0.006501936975794058,-0.007059027944376781,-0.006070508642941926
33.21000000000196,9.963856858888608,0.00686858562778457,-0.00764272753182996,-0.006224845412648795
33.22000000000196,9.980797739216342,0.006670059490222107,-0.006502908083579021,-0.0058960479252438665
33.23000000000196,9.999822946362954,0.007132319990043748,-0.007196321226435947,-0.006085558540020748
33.240000000001956,10.018307410898021,0.006978376842572248,-0.006461868458578958,-0.00561158880870025
33.250000000001954,10.03533959562908,0.0073272026208431274,-0.007930958257431777,-0.00654515494814093
33.26000000000195,10.05300509668789,0.006588517625178418,-0.004549250406804036,-0.004770187626714061
33.27000000000195,10.070303012798421,0.006904969719320249,-0.005945282208402985,-0.005318147232456289
33.28000000000195,10.087849883308772,0.006903014244269243,-0.00522456759228359,-0.005189252001854536
33.290000000001946,10.104718893925147,0.006577642104783929,-0.005294321969095737,-0.005087438657961271
33.300000000001944,10.120992841260595,0.00691052689011293,-0.004801605963797188,-0.0047211888261935
33.31000000000194,10.13863592289929,0.005385815880733004,-0.0044387454440534485,-0.004767768872681308
33.32000000000194,10.15487838182539,0.013201516087687085,-0.010054884291466587,-0.007395607389153241
33.33000000000194,10.170346000041539,0.0020109432382932964,-0.0016332567754505857,-0.0031702669129395162
33.340000000001936,10.186887208213419,0.002175035960576264,-0.0014049022497658954,-0.003257188424850199
33.350000000001934,10.203024792858765,0.01029730607891768,-0.0018942001233265855,-0.0033421798266472817
33.36000000000193,10.218738431489355,0.002402820890309567,-0.010851588955456262,-0.007664714203482879
33.37000000000193,10.235400339999785,0.006941311269688693,0.0002737549695840981,-0.0024093444070187927
33.38000000000193,10.250908210090126,0.004746563068026964,-0.00042484895054742584,-0.002801321852269112
33.390000000001926,10.266857051466108,0.00043650052296840153,-0.004977520093711176,-0.004838793010398147
33.400000000001924,10.283224703561821,0.00688749938627584,-0.0012337665621209352,-0.0031306258751340812
33.41000000000192,10.299568968609089,0.0070794516908084144,-0.009867701455800921,-0.007514879586911743
33.42000000000192,10.315278446815265,-0.0009446856521312131,-0.0012814831095047281,-0.003068598678643029
33.43000000000192,10.330995598682675,0.005616480313863458,-0.0003443752863569519,-0.002512145623678237
33.440000000001916,10.347284667103171,0.007000729920274934,-0.009318496995563781,-0.0071574152970806625
33.450000000001914,10.363102215346048,-0.000815993299525113,-0.001444407138996968,-0.0031682702423580502
33.46000000000191,10.37859758462298,0.004973290608138033,-0.0007782460407763439,-0.0027068319313694232
33.47000000000191,10.394758911305349,0.006803664465156401,-0.009472583102276212,-0.007244390661637778
33.48000000000191,10.410305863595246,0.003576683625877226,-0.0005639996664063633,-0.0029868882089456703
33.490000000001906,10.425511080539781,0.002730901320809052,-0.0015526523897917593,-0.003264713259851005
33.500000000001904,10.441080361987956,0.005184605400877098,-0.01015512789750202,-0.007677497923244771
33.5100000000019,10.456337711316273,0.002484462692163505,-0.0009112014253552356,-0.0032698352409929717
33.5200000000019,10.471090531485947,0.002825875092025563,-0.001723434419148656,-0.003469062969110761
33.5300000000019,10.486302562234197,0.004828484704941782,-0.010429567044570294,-0.007932383126416693
33.540000000001896,10.501008586653144,0.0024870566460259372,-0.0008060216722051419,-0.0033342541751828457
33.550000000001894,10.515193850609972,0.0026831609271908575,-0.0020032119264315595,-0.0037323264170788803
33.56000000000189,10.530983924613501,0.004972415082901917,-0.010103228432100186,-0.007910079163460952
33.57000000000189,10.53338185514193,0.0010281689296905594,0.0006441274882483326,-0.0027524825360800967
33.58000000000189,10.604234145029372,0.009958833196957024,-0.01002097813202866,-0.007863948486442784
33.590000000001886,10.466373173670528,-0.009714888222372216,0.008658493668498135,0.0012319659106676153
33.600000000001884,10.715868901197545,0.032800470632280546,-0.037990871166964486,-0.022092913449025486
33.61000000000188,10.529855274022424,-0.023731650149676306,0.03265643290751705,0.013093708960493746
33.62000000000188,10.495628618847189,0.001078063859174033,-0.005996678816407191,-0.006197205273761622
33.63000000000188,10.810482616029422,0.027790904181579795,-0.047792405316654865,-0.027111459181710772
33.640000000001876,10.517559029645522,-0.030405058475479297,0.038119559349522596,0.015508313309986092
33.650000000001874,10.553661228964637,0.012365238658140537,-0.01523177196828201,-0.01099879332647782
33.66000000000187,10.850939064099697,0.03549521278444343,-0.03469262561358926,-0.02084298597503303
33.67000000000187,10.547549372512231,-0.03404337906630776,0.04473913160200862,0.018331479025244655
33.68000000000187,10.606233533646224,0.014176163920791142,-0.017443771465930943,-0.012161047683426261
33.69000000000187,10.887888889714295,0.030011138502226073,-0.03045426260823264,-0.018839231867246283
33.700000000001864,10.57216805940505,-0.04031395449850295,0.0559064517779647,0.023491634928013656
33.71000000000186,10.61513318407453,0.01034849354312332,-0.014783046523275532,-0.010996654702239423
33.72000000000186,10.927445391144333,0.033300065217772984,-0.03655419435568904,-0.02194326812158283
33.73000000000186,10.604998569062941,-0.03720520164071827,0.044262768714016895,0.017405512925482168
33.74000000000186,10.661589002529029,0.012454293700821538,-0.017657505441720688,-0.012677321235819404
33.750000000001855,10.957999361136643,0.03144990647156987,-0.03258381310346339,-0.020191758490487384
33.76000000000185,10.633408896655423,-0.038500079794455896,0.044481806238013025,0.017108211046148875
33.77000000000185,10.683370118017711,0.009619573204001282,-0.014851389481417291,-0.011709855523445518
33.78000000000185,10.954611022984404,0.02739487628516668,-0.02806199537941449,-0.018241884756340802
33.79000000000185,10.689260353966654,-0.0358744085538805,0.045358912088694144,0.017073718432411497
33.800000000001845,10.794264147724203,0.01827136963736207,-0.026372140881021616,-0.01748267781574837
33.81000000000184,10.836230385094801,-0.0010288779248978912,0.003451961562030119,-0.0033004496801559216
33.82000000000184,10.807137380482109,-0.0009951855039054135,-0.0023180073794980332,-0.006182815408775405
33.83000000000184,10.823566534577164,0.0028591642412902703,-0.0076396277519642725,-0.00857894132289461
33.84000000000184,10.835108123099468,-0.002059432204141009,0.004315328147183902,-0.0030775807038481724
33.850000000001835,10.839427360304503,0.0010546897533781335,-0.004979082997172562,-0.007671196440861096
33.86000000000183,10.846581671771224,-0.0013926544697845482,0.0024889066554833242,-0.004197180470318954
33.87000000000183,10.854622386762337,0.0008589545149297555,-0.00386969087401533,-0.007309370987127663
33.88000000000183,10.861106651003308,0.0006683083239111325,-0.0033603905666146437,-0.007193070594803865
33.89000000000183,10.867124604041615,-0.0015182083119721916,0.002867345518519418,-0.004358139807374749
33.900000000001825,10.8735972345648,0.0007300273127471905,-0.003417450989110036,-0.007389939616619986
33.91000000000182,10.87946841612319,0.00045666273435409884,-0.0026247250282365963,-0.00712227609830302
33.92000000000182,10.884720311886865,-0.0014424865419120502,0.002726991990641865,-0.0047259134004646606
33.93000000000182,10.890184180238485,0.0005273682374444726,-0.0027744536055563716,-0.007359739094434898
33.94000000000182,10.89516513804213,0.000320359175012662,-0.0022226293590096513,-0.007197930777188832
33.950000000001815,10.89953784638703,-0.0014770542916119496,0.0027650615087780753,-0.004995553014596577
33.96000000000181,10.90393736814912,0.00021184527818822653,-0.002090216323819514,-0.007303454442648315
33.97000000000181,10.908040577978776,1.5091116485266808e-05,-0.0016884306300023405,-0.007208256509700792
33.98000000000181,10.911480262642629,-0.0007572321660277131,0.000487744745221806,-0.006303339062470159
33.99000000000181,10.91461845676779,-0.0005447932697390964,-0.00034123056343644375,-0.006767564321725752
34.000000000001805,10.917733843184056,-0.0021873481105291865,0.0031904644685503605,-0.00527443271631303
34.0100000000018,10.920492499784425,-0.0004990895438443501,-0.000950055620939352,-0.007200634518710302
34.0200000000018,10.922821041884553,-0.0006045131888894598,-0.0006843398519277515,-0.007168804884515296
34.0300000000018,10.925000029436404,-0.0011701983590261713,0.0006739016464642018,-0.006645211990424932
34.0400000000018,10.926823574742217,-0.0012179536424703262,0.000604936267485713,-0.006761097136475142
34.050000000001795,10.928003938542423,-0.0021136570498128475,0.001993733855644802,-0.006240615643732926
34.06000000000179,10.929410626275356,-0.0014644214576690147,0.0005073803598342317,-0.006955928191611286
34.07000000000179,10.930386330478864,-0.0020951897447041164,0.00130233802171319,-0.006697267261584382
34.08000000000179,10.930785896549434,-0.002494931074155246,0.0014894620053186212,-0.006689716623595271
34.09000000000179,10.931600509691611,-0.0024945812739473974,0.0012584686039419704,-0.006862508098178535
34.100000000001785,10.931372760215524,-0.003480950466287688,0.0020781426803959295,-0.00659316987317141
34.11000000000178,10.93138454880137,-0.0028184866380679707,0.0011225789741948367,-0.007057349354806128
34.12000000000178,10.933437361303966,-0.0041497758255906615,0.0022697766724277977,-0.006655399003152956
34.13000000000178,10.913169887900292,-0.004936344069996371,0.002394457137052832,-0.0066685232947640335
34.14000000000178,10.973074371068522,-0.0020921390812626084,0.0011964768171702077,-0.007225564228536028
34.150000000001775,10.854820707930397,-0.016396672829167968,0.0087062962919374,-0.004252673440788399
34.16000000000177,10.965717320969675,0.0067315123638121395,-0.01154849951533043,-0.012452214067758382
34.17000000000177,10.984884591779316,-0.00802497017433107,0.005212933182580602,-0.005799330245137857
34.18000000000177,10.816245387598821,-0.019156632996335604,0.012936334109767463,-0.0026277768029161408
34.19000000000177,10.98375300045302,0.01563339923041162,-0.017093465600454244,-0.014628105448484113
34.200000000001765,10.984752990301063,-0.009919262043528007,0.008217264977587093,-0.004827438614363086
34.21000000000176,10.808031563442702,-0.0181087290431601,0.014489134039596275,-0.002232367616259812
34.22000000000176,10.965889556276984,0.016462071917791653,-0.014628466587411033,-0.013661053064240954
34.23000000000176,11.000273003410538,-0.005243614666203999,0.0059760909741595645,-0.005873228343618156
34.24000000000176,10.800749913056425,-0.019583769584621824,0.01763835027536143,-0.001270096624442483
34.250000000001755,10.954499823303223,0.017318310170042105,-0.013246205551702653,-0.013133063305920747
34.26000000000175,10.998273533653688,-0.0042088631928977015,0.005795409249791378,-0.006092837548359127
34.27000000000175,10.791482866918246,-0.019551238466170497,0.018578311085884962,-0.001165641772602216
34.28000000000175,10.944117629965588,0.017241878870062535,-0.011971012273234495,-0.012627496325428793
34.29000000000175,10.989697259686759,-0.004303644344738694,0.005784373903589512,-0.006218091182131133
34.300000000001745,10.78242661885776,-0.019127454426451192,0.018373373255259794,-0.001472065786217995
34.31000000000174,10.93015158810982,0.01619624155217229,-0.010685269444998159,-0.012090439272968715
34.32000000000174,10.94660940221386,-0.0074033073593206536,0.007817833320506389,-0.005586151077166661
34.33000000000174,10.82662787084908,-0.008565938463542389,0.008650147079756995,-0.005080573741912495
34.34000000000174,10.893399782392063,0.005962961616494655,-0.002545783886536105,-0.00913550428717221
34.350000000001735,10.919375546025302,-0.005310285176694062,0.005695242014965339,-0.006376231922725913
34.36000000000173,10.8288895249761,-0.00622532937496757,0.006435512493555635,-0.005893126249828902
34.37000000000173,10.872237607823926,0.0031190995001023694,-0.0006464557943329125,-0.008401131520880834
34.38000000000173,10.897451713320681,-0.005128362175378766,0.004988742993068295,-0.006598340666033093
34.39000000000173,10.81528446785214,-0.006008116117840363,0.005935861888807302,-0.006047678450020701
34.400000000001725,10.84131131045631,0.0016790099655430097,0.00022958421295158016,-0.007992398726775206
34.41000000000172,10.86400225929725,-0.006204316747932435,0.005371980909055133,-0.006415804983869939
34.42000000000172,10.816451156934683,-0.002986972815672384,0.003389668755973823,-0.006792149923496952
34.43000000000172,10.81961820300651,0.0003667227236305633,0.0010553789459669537,-0.0073965693216536
34.44000000000172,10.836362040676113,-0.00039999961836614383,0.0016369340211358939,-0.007349395716354906
34.450000000001715,10.80561928370549,-0.0035834343763795126,0.0037781067043782908,-0.006493865189651553
34.46000000000171,10.79610384538519,-0.0031020946710963284,0.0033727833211216474,-0.00646807006289361
34.47000000000171,10.810469394661071,-0.009495168475710377,0.007158008277919501,-0.0055505598620000035
34.48000000000171,10.795662923017689,-0.0017170588206701085,0.002557971737374892,-0.006742967320581914
34.49000000000171,10.76926037026974,-0.003155299950370945,0.003673004629326351,-0.006240032134214278
34.500000000001705,10.783555739734636,-0.0012130498637807307,0.002518146265018611,-0.006716733027404357
34.5100000000017,10.760914884511301,-0.004410637928510509,0.004363461089726727,-0.006056206037440346
34.5200000000017,10.74422201512909,-0.0033663332002358643,0.004146254742941953,-0.00593215459452897
34.5300000000017,10.757354202914055,-0.009232768098134551,0.007641596877783666,-0.0051898174056498134
34.5400000000017,10.728186799495893,-0.004996154123669622,-0.00017587455776568787,-0.007054188228482646
34.550000000001695,10.720365992276827,0.00021249324419334535,0.005655516320252631,-0.005372684390947268
34.56000000000169,10.731829675509848,0.0003382541396981966,0.0052741845384376845,-0.00561247631171605
34.57000000000169,10.700049003877536,-0.004976608509731767,0.000774416891015536,-0.006515300143858258
34.58000000000169,10.692735783390479,-0.0006511743031330277,0.00829647219397949,-0.004517048825799329
34.59000000000169,10.70442456136007,-0.006658375334000351,0.00973292460920872,-0.00435899615021243
34.600000000001685,10.67084630084412,-0.002627022465450083,0.0004358178620246326,-0.006321822840443773
34.61000000000168,10.664010319590522,0.001265576977336162,0.0068452222878583775,-0.004657041882954916
34.62000000000168,10.675426725800005,-0.0005400519330014973,0.0009195149749330013,-0.006056780432504616
34.63000000000168,10.640863827081267,-0.0019084416267301438,0.0029152423179102903,-0.00539647174016444
34.64000000000168,10.633372586117899,0.0004734471140072213,0.011032911753230193,-0.003499610812300107
34.650000000001675,10.644122797631724,-0.006949247478494574,0.004205920589342001,-0.005055067429847841
34.66000000000167,10.60973196195923,-8.62900607641565e-05,0.0024486959682702074,-0.005183423885176066
34.67000000000167,10.60154415101245,0.00224781641662239,0.01007730431088317,-0.0034802383097189554
34.68000000000167,10.61122029764874,0.00010956595880134553,0.0013131602429868603,-0.005205457649216189
34.69000000000167,10.577761835677112,4.140683369826234e-06,0.00264364805494509,-0.004730776987448625
34.700000000001666,10.56846004385447,-7.989318942854619e-05,0.005062135207580977,-0.004067014345135163
34.71000000000166,10.575282130514465,-0.004576323928312039,0.0057562905611620975,-0.003864221308798453
34.72000000000166,10.544735648252766,0.0014264231671650416,0.0038970916387519186,-0.004051793518027112
34.73000000000166,10.534623741272371,0.0019097046267243865,0.005184814214125656,-0.003669079006763624
34.74000000000166,10.527298595957772,0.00011759824101091161,0.004033267398303908,-0.0037081083716894022
34.750000000001656,10.512590148699937,0.0017580440315308305,0.0038989061184857066,-0.003624222415772351
34.760000000001654,10.501858289378603,-0.0004770735916426484,0.005370071021994078,-0.0032541231823197776
34.77000000000165,10.490795107009356,0.0016119731303588759,0.004030515811232322,-0.0033085024643728774
34.78000000000165,10.479162190387799,0.001343478024468054,0.004329011254063688,-0.0031622972911315036
34.79000000000165,10.466773615805078,-0.002808342452850333,0.005878600414149461,-0.0028196766277826307
34.800000000001646,10.455299114815006,0.002158421377771249,0.0037879602765784524,-0.0029512481157797353
34.810000000001644,10.443557656615498,0.0020532451156444337,0.0037851564364044504,-0.002823712644777869
34.82000000000164,10.431015637840437,0.0016910708291900864,0.003937233962032407,-0.0026398732011412825
34.83000000000164,10.418564784894324,-0.0008345647680005887,0.004983821476108568,-0.002407469974294932
34.84000000000164,10.406666180254595,0.0023403774994399675,0.003535980482764344,-0.002422299701196243
34.850000000001636,10.394073395171265,0.0022743180026231413,0.0035658684191118045,-0.0022586506699378115
34.860000000001634,10.381473643063082,0.0019371214589987626,0.0036375852861733754,-0.0020918465170956255
34.87000000000163,10.368940757434912,-0.000899927632040414,0.004406455623971474,-0.0019072080159038044
34.88000000000163,10.356919353110895,0.0032471879438034723,0.003101498648799879,-0.0018501540366654178
34.89000000000163,10.343579949252804,0.0030162100893350793,0.0032484030586570505,-0.0016759508491759607
34.900000000001626,10.33153603209155,0.0015812263556103964,0.0034900846812180556,-0.001501297261929655
34.910000000001624,10.318951831071722,0.0029823448018648805,0.003267310869171583,-0.001368241092588525
34.92000000000162,10.306058008262289,9.389285560530402e-07,0.003976364842637023,-0.0011917378265642155
34.93000000000162,10.293674177573992,0.0037897883418371676,0.0032481260927948604,-0.0010654448351312621
34.94000000000162,10.281351416834017,0.004048368344401141,0.0033053075376596056,-0.0009104199561851461
34.950000000001616,10.268384302348347,-0.00010933862086396926,0.0038997519675423435,-0.0007452733387467689
34.960000000001614,10.256206726132167,0.004995175828589884,0.0033026154924654548,-0.0006143670794998331
34.97000000000161,10.24386579524587,0.004182836988806201,0.0034644736029041264,-0.00046334307163565754
34.98000000000161,10.231159895043985,0.00018700813890788087,0.0037883644432364434,-0.00031224240367699055
34.99000000000161,10.219003870561552,0.005242171361901212,0.003515944577431228,-0.00018143278033111345
35.000000000001606,10.206755524286962,0.004465406556987681,0.003634732686671246,-4.170870322819192e-05
35.010000000001604,10.194481912069595,0.0001389728629379712,0.0037246509213645362,0.00010157341993030647
35.0200000000016,10.18248230396434,0.005570302164457151,0.003703316686953049,0.00021958242077900104
35.0300000000016,10.17020031965448,0.004360550914775122,0.0037526263248231855,0.00034991422049523307
35.0400000000016,10.158397177878422,0.00027659413504694657,0.003586562951151676,0.0004961410508635378
35.050000000001596,10.14661429723531,0.005727813816973109,0.0037894636626237053,0.0005911012122424414
35.060000000001594,10.134563204764433,0.004302183165848078,0.0037289812783298498,0.0007190736148577726
35.07000000000159,10.123080620261927,0.0004023312363839313,0.0033397633993070865,0.0008789369051581996
35.08000000000159,10.111648481219888,0.0058813043929811714,0.0037151323646630275,0.0009452788245658672
35.09000000000159,10.099331330543523,0.001465567197375,0.0031846663958730688,0.0011188320381236893
35.100000000001586,10.090712511739138,0.005027888437106038,0.0035426914897733006,0.0011868650159188934
35.110000000001584,10.047741782908322,0.007009649294099658,0.003740120306442358,0.0012635219190910009
35.12000000000158,10.16008750319634,-0.002408609209638288,0.0024992578549953193,0.001540263185556991
35.13000000000158,9.923524727413046,0.009650702859423129,0.002822574604218092,0.0015915474924935947
35.14000000000158,10.113782746211669,-0.00024232328242892936,0.00358063507874273,0.001590096762214398
35.150000000001576,10.144738709643777,0.005950521461037079,0.004078311372195628,0.0015819578677507273
35.160000000001574,9.833105357427133,0.013604851559699262,0.002074079477887979,0.0019851242609534815
35.17000000000157,10.168494611969637,-0.009136922626711223,0.0036026775605396406,0.0018589985692167815
35.18000000000157,9.999860077272793,0.018372466655338492,0.0038504168912906994,0.0018545951298274649
35.19000000000157,9.854315376399699,0.0026059921845115043,0.0010969441853184321,0.0022832483956278997
35.200000000001566,10.17316559693278,-0.011489513053722677,0.003762167409962051,0.001934143774576159
35.210000000001564,9.876552986064619,0.01733311415894595,0.00115735284225272,0.0026239967959551212
35.22000000000156,9.865959288388428,-0.001916313295880792,0.0009491557268129694,0.0025651074121554856
35.23000000000156,10.096210098157282,-0.004158315125538169,0.004756404009672462,0.0018589835861647496
35.24000000000156,9.952190868403644,0.006711860926823701,0.000629291341885988,0.0029941755804112013
35.250000000001556,9.75524904022384,0.012580421141252055,0.000586861781102862,0.0028903722032497807
35.260000000001554,10.072797185570954,-0.013950141771357068,0.004766869340528845,0.0020188762074686544
35.27000000000155,9.988575843407908,0.016857990469658374,0.003607105835708329,0.0024328291318178145
35.28000000000155,9.680842593235711,0.02359434551667438,-0.0005841689167443902,0.003450338606351531
35.29000000000155,10.023892938407982,-0.02369583251008885,0.0036200304467689974,0.002500142460955218
35.300000000001546,10.017799016789885,0.006545891961158286,0.003024234044957394,0.0027896941780471214
35.310000000001544,9.653782265970227,0.03176631027293018,-0.001035754367802775,0.0038567393354492167
35.32000000000154,9.992624502798185,-0.04062681029619099,-0.0009369349659626081,0.004113260854952737
35.33000000000154,9.965236685828005,0.014318419301095222,0.003862815375761341,0.0027033812244442908
35.34000000000154,9.645375291907467,0.031246012710541775,-0.0011893150894931926,0.004197083927513763
35.350000000001536,9.958896850854122,-0.02689368222619322,0.0023485280263570154,0.0032312041590605725
35.360000000001534,9.898863503616887,0.016830262440442636,0.0034538084803433797,0.002963980991428929
35.37000000000153,9.756596124654417,0.009205590817236674,-0.00169122410848939,0.004617575655918399
35.38000000000153,9.86026280954644,-0.014292150848674287,-0.001595058707430313,0.004812203972787057
35.39000000000153,9.834792284201065,0.013790448474298325,0.003362588081591958,0.003129358038222193
35.400000000001526,9.76971760300075,0.003231045623399259,-0.001571482098937915,0.004818246579376519
35.410000000001524,9.829372446512894,-0.004010301494284779,-0.0006264211765599414,0.004429939988826251
35.42000000000152,9.830630168853933,0.007342258258996799,0.0023788294839521334,0.0034729206540588756
35.43000000000152,9.709585155268208,0.01364457013226943,-0.0009725577381445095,0.004896894094567837
35.44000000000152,9.827803368715376,-0.0035872048866950174,0.00236584775099449,0.003366026954146198
35.450000000001516,9.825212584342681,0.00031946972603280805,-0.0007233242804955224,0.004848800450082271
35.460000000001514,9.672616372858048,0.01874477838114187,-0.0007627616267170689,0.0049832747701669105
35.47000000000151,9.800208469645426,-0.0061569701287525445,0.0021733790189932658,0.0035366710035661937
35.48000000000151,9.833889857207637,0.0026699980674889834,0.002675397612279893,0.0033918602404108414
35.49000000000151,9.656002091778149,0.022083348035157695,-0.0006960047489291408,0.005036276526635565
35.500000000001506,9.792634360055338,-0.024361257661520763,-0.002383406022405063,0.005656159445759937
35.510000000001504,9.799089924652613,0.008740472024180464,0.003778291211757744,0.0026912605221743814
35.5200000000015,9.67317658567532,0.014537424504929376,-0.000992390169137263,0.005150004687081839
35.5300000000015,9.725660544313577,-0.008693400643545157,-0.0019272709961489457,0.005471589689536525
35.5400000000015,9.821960368578871,-0.0025479869081870936,0.0021101184423856886,0.0034104173783841268
35.550000000001496,9.668412425127505,0.02096847704469951,-0.0004231455142181781,0.004885085657273543
35.560000000001494,9.67227561844575,-0.0027127867103757335,-0.0018497100747666049,0.005472220522824347
35.57000000000149,9.818668533033204,-0.011627707489106727,0.0011182476594145036,0.0038662594370688906
35.58000000000149,9.680485910538266,0.018500883428856942,-0.00039671191846425875,0.00488811048466615
35.59000000000149,9.630317788513311,0.0017992370562026597,-0.001370215109983493,0.005262404848740898
35.60000000000149,9.806948708483555,-0.019456655063117147,-9.065038428742497e-05,0.004478858337044728
35.610000000001484,9.67498531944513,0.018947138009796534,-0.00027546143720633294,0.004836179025603872
35.62000000000148,9.650891774467233,-0.000707389255572771,-0.0017862355744939621,0.005515094040930828
35.63000000000148,9.736541431686767,-0.0033398174092798324,0.0005533845166883537,0.004116850015160699
35.64000000000148,9.685842121636835,0.00307832146465894,-0.001971093944987927,0.005759148518833754
35.65000000000148,9.654076944072974,0.00035045512694136964,-0.002016707217838432,0.005664116514154079
35.660000000001475,9.709836382911995,-0.001099381192539869,0.00020871437837854343,0.004292205065825796
35.67000000000147,9.679430355446224,0.0010755206629938765,-0.002811221112335448,0.006247570344611314
35.68000000000147,9.64900457926596,0.0005444380643709905,-0.002103600701518756,0.005717999129166466
35.69000000000147,9.69817967765245,-0.0007972410033598944,-0.0003846099532365028,0.004605627561315318
35.70000000000147,9.669918464235947,0.0010383376037697133,-0.0034222211971141007,0.0066113196689767065
35.710000000001465,9.640420153449838,-0.002318750642492971,0.001260602144013265,0.0037247723852940015
35.72000000000146,9.68990596116181,-0.00023105643393515405,-0.0022514170080662477,0.005677454686237285
35.73000000000146,9.660866924555005,0.0021859318031971125,-0.00624742594509887,0.008294894642206792
35.74000000000146,9.630908956288737,0.001083131142368617,-0.004164351808223128,0.006926863261295059
35.75000000000146,9.683835440440225,-0.0007006830572068169,-0.003068868898675114,0.006148229793321112
35.760000000001455,9.651775468875915,-0.0007744178508549725,0.00030371500730828893,0.004330329774694794
35.77000000000145,9.622329894398492,-0.00044533750263685105,-0.0018208393442044066,0.005478999349095228
35.78000000000145,9.690085316381742,-0.002454002267466342,-0.007204829573627212,0.008645070850932204
35.79000000000145,9.641450783021336,0.005686752476034046,-0.007431497692834626,0.009022823579218724
35.80000000000145,9.613189354286712,-0.0025092059241374684,-0.0004878796646446134,0.004601453179901174
35.810000000001445,9.678598153930706,-0.0012302198029748017,-0.00720908849965846,0.008622369111649384
35.82000000000144,9.634209219393197,0.0008887626334604086,-0.0018349528021157392,0.005516135409410825
35.83000000000144,9.606474535939427,-0.0022442760604817584,-0.0023310294064092223,0.005676856387651407
35.84000000000144,9.659300367230347,0.00026348715062989074,-0.008452784412705854,0.009357637865848565
35.85000000000144,9.629227571736244,0.0025037346288274338,-0.009984436624311562,0.010518570817245637
35.860000000001435,9.60184380246635,-0.003537522001476752,-0.0010192825007308756,0.00475604811988382
35.87000000000143,9.668258443420179,-0.00904527638549974,-0.01583445134715602,0.013893985391197416
35.88000000000143,9.621132744665026,0.0006710683662582495,0.0018349284916498823,0.0030184259100442226
35.89000000000143,9.594018843876274,-0.0018204036122758927,-0.0004214714684631423,0.004287501644249468
35.90000000000143,9.659625923471424,-0.00012573972209531462,-0.005890227461833257,0.0075857486235811735
35.910000000001425,9.615898099000969,0.00030516919355126957,0.0007642743739430477,0.0036081765886097025
35.92000000000142,9.587107497567855,-0.0021651917569320005,-0.0014420438821520303,0.004847303470851236
35.93000000000142,9.638427471177295,0.0007519066781071535,-0.006354095559746027,0.007791142459149688
35.94000000000142,9.629827112753269,-0.0064969062211838405,-0.003208765103284765,0.00600557286907661
35.95000000000142,9.580072709821243,0.00026869313343535985,6.939832875324146e-05,0.00381071207513503
35.960000000001415,9.610724102090247,-0.00248261717925683,-0.015359370808665809,0.013298000463552328
35.97000000000141,9.653404007623118,-0.008344281582194666,0.002066525443947986,0.0025856932675510503
35.98000000000141,9.574128416177308,0.0027998550382314913,0.00245645830807712,0.0022269012080516617
35.99000000000141,9.600796529759219,-0.01292047819485146,-0.009262423951777047,0.009382371931501956
36.00000000000141,9.65034626788096,0.0015516384138389878,-0.005792096882988203,0.007394019387890538
36.010000000001405,9.570454363375537,0.0027437093800683774,0.0026057591523578243,0.002039241723735317
36.0200000000014,9.596227369032578,-0.013880032523432466,-0.009538804131222083,0.009375999233329092
36.0300000000014,9.646441681882356,-0.005026105181949204,-0.00048284459051726233,0.004026474104268957
36.0400000000014,9.566537154305815,0.0035873297898896916,0.0016921562027270099,0.0025621152374264225
36.0500000000014,9.59234447885619,-0.011730774950385034,-0.012206710995335091,0.010839917451535043
36.060000000001395,9.642608173440186,0.00178719650661069,-0.00759402801959332,0.00817433699799067
36.07000000000139,9.563379644449777,0.003375598588215671,0.0019367440713434286,0.002257490795027969
36.08000000000139,9.589658892476796,-0.012629914473957764,-0.011801996083236125,0.010314268957579587
36.09000000000139,9.639609325988888,-0.00620982637899678,-0.0003556140047163064,0.00369077700208095
36.10000000000139,9.561426626543545,0.00399016709101138,0.0011826054543729193,0.002640167761312065
36.110000000001385,9.58760625627976,-0.010744932352756816,-0.013409247525636561,0.011014420259064905
36.12000000000138,9.636241821033552,-0.004319767376592815,-0.0013749029082234944,0.004128470392472414
36.13000000000138,9.561360174905955,0.0040692379018661936,0.0003809568946124937,0.002961767245780273
36.14000000000138,9.586687936704973,-0.009530273185409204,-0.014164665307301089,0.011122339548802746
36.15000000000138,9.6200254686439,-0.0016530596338244215,0.00039373979666135656,0.0029534620594976893
36.160000000001375,9.580705614195773,0.0008976092233546852,-0.004666502037808421,0.005629331556926824
36.17000000000137,9.585645335012986,-0.00553765075505673,-0.010645714947585837,0.008781297062520088
36.18000000000137,9.612471122323424,-0.002969669876617846,-0.0008371176769776567,0.003448951419730079
36.19000000000137,9.60305972784712,-0.003503672848430604,-0.008363880249549333,0.007385532922637996
36.20000000000137,9.582631043479763,-0.0015889530501026212,-0.005189673193340141,0.0054574394849260755
36.210000000001365,9.608114206273193,-0.004626896973201567,-0.0016103277907262973,0.003670216349225584
36.22000000000136,9.605957145448702,-0.004484410070867216,-0.007143696093900679,0.006442361516535771
36.23000000000136,9.583027520465693,-0.0016315069635288342,-0.003777044721969259,0.0044514820097402066
36.24000000000136,9.60781992662026,-0.004579470150259683,0.0003578905584855271,0.002454279658254572
36.25000000000136,9.607661294684167,-0.005640932410186025,-0.007289630764937174,0.006254541256112165
36.260000000001355,9.585382351005125,-0.0024997225840848406,-0.004035358119375676,0.004360615152377232
36.27000000000135,9.610455359612088,-0.006085089279195777,-0.0011509428345431243,0.003032468770025594
36.28000000000135,9.610989234775287,-0.005999897867183099,-0.0065552985061565535,0.005583295864356488
36.29000000000135,9.589050469726628,-0.0029471291510548966,-0.0037383167377469657,0.003965089864810029
36.30000000000135,9.614470904221706,-0.0054631744686257765,0.001054671054197473,0.00176896879144751
36.310000000001345,9.6156338980014,-0.006731927106984852,-0.007575234228447662,0.0057991260354515305
36.32000000000134,9.594076973836367,-0.0033195522079927935,-0.003983966800777217,0.0038392416846517565
36.33000000000134,9.61972503715612,-0.005645814759780112,0.0009144293732882451,0.0016532597243116098
36.34000000000134,9.621292491858265,-0.0066944504868285785,-0.007501939198649023,0.005452981491684334
36.35000000000134,9.60024569401423,-0.0033520308608724326,-0.003922345066426362,0.003554645484155628
36.360000000001335,9.625747450593895,-0.005238047564297285,0.0013978280321159738,0.0012420063824426903
36.37000000000133,9.627733628788569,-0.006407821652874707,-0.007434594850029073,0.005255290080694329
36.38000000000133,9.60802073539828,-0.0032868513343854884,-0.0038691164079489517,0.0033670629005623553
36.39000000000133,9.632489294969172,-0.004588962048796804,0.0019310992033511774,0.0006642357310724662
36.40000000000133,9.634992175111655,-0.0060057533169348976,-0.007149017106509334,0.004766715884598573
36.410000000001325,9.62860586176754,-0.004842220235715067,-0.0060588529518667816,0.0040193169608826245
36.42000000000132,9.63842636449539,-0.002375585374362366,0.0036718047147386956,-0.0002475913603515326
36.43000000000132,9.640915395964079,-0.00548819615259656,-0.00619109031831221,0.004021215221089858
36.44000000000132,9.640629286998621,-0.004790617591955817,-0.00505821181930519,0.0033221119070238037
36.45000000000132,9.645327141604934,-0.0016537658362656327,0.004104492794087995,-0.0005210135843248568
36.460000000001315,9.648353842726529,-0.005071560566608865,-0.005532713127795714,0.0034709291660787274
36.47000000000131,9.650809026239443,-0.004536017830164016,-0.003931101857296354,0.002633163143530761
36.48000000000131,9.654879093434714,-0.0018112621086842436,0.003810821526366145,-0.00048344824975932903
36.49000000000131,9.658698928161307,-0.00477452537163448,-0.00466595745136204,0.002895822537241035
36.50000000000131,9.662673856783519,-0.004307466968312857,-0.0032602972180019395,0.002171958810211723
36.510000000001305,9.666967214166844,-0.0018945899337073058,0.0036349920432898,-0.00048455940198814207
36.5200000000013,9.671485418240533,-0.004541057774720672,-0.004033026709468455,0.0024548178187593734
36.5300000000013,9.676394521622106,-0.004108183507734793,-0.0026397423621323077,0.0017717353072391568
36.5400000000013,9.681153434069694,-0.001978162081385002,0.003478407064449282,-0.0004851323581211628
36.5500000000013,9.686293000187254,-0.004335065544451481,-0.0035586569908203636,0.00210594729319037
36.560000000001295,9.691831882465996,-0.0038836341679813523,-0.0020762459997370683,0.0014280454001130015
36.57000000000129,9.69714492166637,-0.002032742753191315,0.0033090875952444766,-0.0004758767318066156
36.58000000000129,9.702831176856836,-0.004112728539042675,-0.0031922916928753087,0.0018229456997830005
36.59000000000129,9.708877548671076,-0.0035470114095253456,-0.001269735793507905,0.0010442609877101454
36.60000000000129,9.714737790893018,-0.0020895483499230143,0.0029935732661294295,-0.0004141556507035319
36.610000000001286,9.721037745933241,-0.0038565937484538516,-0.0029506484904755857,0.0016065142389422187
36.62000000000128,9.727310002897301,-0.002339634018072621,0.002221149931946736,-7.678635565605877e-05
36.63000000000128,9.733498412819829,-0.0034873538871361184,-0.002360447725721343,0.0011150993632065254
36.64000000000128,9.764018752377051,-0.004748825484694652,-0.004283359462417325,0.001831853413208425
36.65000000000128,9.677383390875844,0.0017986961166205828,0.0055241793015274295,-0.0010803394881087863
36.660000000001276,9.862873495721987,-0.013803969307799974,-0.018094210717554075,0.0052648051450971045
36.670000000001274,9.643184000709304,0.009581644789971255,0.03809906744363595,-0.00967897284164222
36.68000000000127,9.782127308042293,-0.013062653679726517,-0.030350474694827757,0.00851073331052197
36.69000000000127,9.89019932681066,-0.004724227466592025,-0.0008138307105193326,0.000708502279471475
36.70000000000127,9.571638659567183,0.013103369253828982,0.03645282229870763,-0.008849943862278097
36.710000000001266,9.929708392102427,-0.023168349429831446,-0.04616346999419015,0.012116418732203506
36.720000000001264,9.876755288926882,0.0037069590673910165,0.01911998820561235,-0.004184180998102315
36.73000000000126,9.535268975564561,0.014430037464919377,0.03750136557952082,-0.008492440552009713
36.74000000000126,10.012578716551555,-0.027747406360675752,-0.06193783292709736,0.015208157306058248
36.75000000000126,9.876189315920223,0.008348303050493486,0.031440032720650386,-0.007063034590232129
36.760000000001256,9.621277553046237,0.009529179413562754,0.02224896192974464,-0.004747950164016275
36.770000000001254,9.893167050283283,-0.012705810036842733,-0.032181868767414724,0.00774283511702564
36.78000000000125,10.036664203319496,-0.0013485876239516942,-0.0036395632299672017,0.0010863080109679445
36.79000000000125,9.647285062829964,0.017629454743081495,0.0427419719594298,-0.008895587269452736
36.80000000000125,9.830962374182509,-0.010137702536895202,-0.03564255712728193,0.008149549345338384
36.810000000001246,10.134401178825646,-0.008576754716551272,-0.020784695907161813,0.004924884259660425
36.820000000001244,9.711624797762516,0.01973364394948796,0.050990776709133455,-0.009992939277249042
36.83000000000124,9.746972607129837,-0.0018634159247904985,-0.00818985977767107,0.0021946223189848566
36.84000000000124,10.191711959370613,-0.0161938369954881,-0.03828857160952387,0.008319019512114553
36.85000000000124,9.747718707414016,0.02216574235757273,0.07166771549459976,-0.013479345973177879
36.860000000001236,9.780844721574768,-0.0033487075798462763,-0.013423344476848044,0.0033530307449257148
36.870000000001234,10.203843670044538,-0.01389876653577607,-0.03638943311493202,0.007922183551532376
36.88000000000123,9.812817249931607,0.01579326583028873,0.04966157121228087,-0.008669248410577047
36.89000000000123,9.815344986335944,-0.0027083604452345813,-0.008563676208373514,0.002691178214677136
36.90000000000123,10.19334240246318,-0.002690068051528234,-0.029678476047902035,0.006784852632801929
36.910000000001226,9.899309563898022,0.009166098733936083,0.048644539411015306,-0.00793001576113164
36.920000000001224,9.877424071758975,-0.003265691692097997,-0.0048399134687403264,0.002225000765752711
36.93000000000122,10.087615413650841,-0.009050147606327049,-0.008626358028053567,0.0031033677249235644
36.94000000000122,10.019183555710919,0.0011859079999263639,0.016957533074902595,-0.0018139446246543671
36.95000000000122,9.958674529417236,-0.0003516640114406587,-0.0015678869064514234,0.0017503433565663395
36.960000000001216,10.05564313494835,0.0032243005443531067,-0.0008042964665221797,0.0018088114995975604
36.970000000001214,10.062024112887796,-0.0011955572393312305,0.006113783541135714,0.00040725376952435916
36.98000000000121,10.02272485029138,-0.0011326122298992887,-0.001685327220755984,0.0019789317347230742
36.99000000000121,10.06784746210966,-0.001392338642974699,0.002782625471383871,0.0013461192040563335
37.00000000000121,10.091930036128195,0.0037890868957361572,0.004091497152087258,0.0009390101893486848
37.010000000001206,10.065708804950322,-0.0011251779088934735,-0.0009624106764646,0.0020624426451791643
37.020000000001204,10.096077815282586,-0.0008423296126974796,0.004616244688601136,0.0012397123903376168
37.0300000000012,10.12823106080075,0.0033575070376060286,0.004231351166366848,0.0011347663582422227
37.0400000000012,10.094931207990271,-0.0007678019803710942,0.0004202727612610457,0.002040196902233883
37.0500000000012,10.129346524861736,0.0027175235217240705,0.004475744624435371,0.0014986586568048422
37.060000000001196,10.163223323990369,-0.001201327598763152,0.005562141727573683,0.0011592972789725667
37.070000000001194,10.127444808554394,-0.0005796831770116014,0.0007207955737880853,0.0022271898343447175
37.08000000000119,10.163339792337018,0.0044024656223358915,0.005460682160841572,0.001557394854626112
37.09000000000119,10.197497056400717,0.003049760079922946,0.006326678157387682,0.0012788337540356575
37.10000000000119,10.1625007032555,-0.0011641862687669301,0.0016471918233513737,0.0023610456649075465
37.110000000001186,10.198085564361104,0.0032700640108651543,0.006213322422413563,0.001705336728645145
37.120000000001184,10.230368592781305,0.0026043310052285395,0.007045573003969399,0.0014143828597436162
37.13000000000118,10.213327145126756,-0.0016040155917788081,0.0014207964208657882,0.0026850128772581295
37.14000000000118,10.213629666512514,0.005321470748185363,0.00915502979338818,0.0014262018561029392
37.15000000000118,10.26866501098699,0.0023389798313970247,0.004834134256627706,0.002107524406806556
37.160000000001176,10.254811818249197,-0.001054552539105449,0.00820606665725186,0.001697076131998801
37.170000000001174,10.244677047443817,0.005493885790340308,-0.00046755792653459564,0.003520615708627224
37.18000000000117,10.305536166074432,0.002863391901387051,0.004785505319150745,0.0024042604085920487
37.19000000000117,10.292579260025356,9.658693196038048e-06,0.009158779444155414,0.0017849622444754529
37.20000000000117,10.281040773504882,0.00553956643664334,0.005477205927383335,0.0026683327033820868
37.210000000001166,10.341885749628423,0.00319038883248247,0.0034824651742476347,0.002936448508340411
37.220000000001164,10.33013250398997,0.005716477102662238,0.004590845467033428,0.0029485999133518925
37.23000000000116,10.320553609635072,-0.0005173714644782929,0.003895119210773967,0.0033041891107885198
37.24000000000116,10.376194228268716,0.003792580304044989,0.0033475260028480213,0.003253784832882267
37.25000000000116,10.36794335618301,0.0071367430389203965,0.00397687040401032,0.0033451421190528567
37.260000000001156,10.37423601503854,0.0048664830788136045,0.003020515670274024,0.0037736265203870806
37.270000000001154,10.39427470897203,0.004825844795378248,0.004744398298935684,0.0032918007497380695
37.28000000000115,10.405855223828599,0.004419392176644345,0.002455032328942138,0.0039918908772284155
37.29000000000115,10.41723979939101,0.004055919022259688,0.003696458181011434,0.003922708211256072
37.30000000000115,10.42970268854939,0.004214999008899706,0.003252360618757387,0.0038957870594413606
37.310000000001146,10.44295794293346,0.0041322677690892005,0.003022604060649665,0.004155562155998443
37.320000000001144,10.455754515372538,0.004171281746602372,0.0030246536055774536,0.004347822087383728
37.33000000000114,10.46765969787598,0.004383124239461388,0.0030499451363043043,0.0042110679102740365
37.34000000000114,10.481071321050434,0.00426063705748121,0.0029227173297180008,0.004447561860982904
37.35000000000114,10.49312509134693,0.0043813658153886055,0.00286407926243067,0.004649075449067104
37.360000000001136,10.506396929000774,0.0043072550156123815,0.00280823106642718,0.004523276449910113
37.370000000001134,10.518311798620784,0.004374736058191037,0.002822804584473305,0.004721506665979274
37.38000000000113,10.531129439122347,0.004364929295454127,0.002653754089202511,0.0049460994816006056
37.39000000000113,10.544575459258935,0.004359324725743653,0.002718543382570363,0.004779293060846107
37.40000000000113,10.556249571069696,0.004365457678896762,0.002726863253604045,0.004973435220865466
37.410000000001126,10.568545750808724,0.004300699148785337,0.002616409112759632,0.0051774410075196625
37.420000000001124,10.582355981171576,0.004130420046903453,0.0025387498501411817,0.005034183786754324
37.43000000000112,10.593697657015989,0.004330098201104742,0.002556400838341567,0.005218623785039219
37.44000000000112,10.606964930029882,0.004073715802712669,0.002379640140832408,0.0054357247072405164
37.45000000000112,10.618890918655184,0.004209657780177692,0.002289514433550032,0.005283160173911997
37.460000000001116,10.631939617946577,0.004072016325989834,0.0022809383931627104,0.005469409811097103
37.470000000001114,10.643855052067485,0.004098171014268902,0.002378937708969322,0.0055999119578713915
37.48000000000111,10.655850157259582,0.004097044469502279,0.002246146591205237,0.005445915501069734
37.49000000000111,10.669395007989895,0.003957664549764537,0.0020775914958203476,0.005670659246834535
37.50000000000111,10.680651231876906,0.004117067560344289,0.0020550658319034246,0.005828415589618926
37.51000000000111,10.69226705624329,0.004111114666069686,0.0019906341792328445,0.005644339691744403
37.520000000001104,10.706235990425718,0.0039053529873385173,0.001796495695484492,0.005870054116871591
37.5300000000011,10.71685524314023,0.004230263138308872,0.0017812375614465698,0.006017253845558798
37.5400000000011,10.728312416963135,0.004189427207879419,0.0016870454116787435,0.005834032796163016
37.5500000000011,10.74234136406094,0.003966871499349004,0.0014822329948964087,0.006054641888896726
37.5600000000011,10.75242220279402,0.0043915715918862565,0.0014540266691138678,0.006199499086395684
37.570000000001095,10.763586736309696,0.004326121763359813,0.0013309142235908345,0.006020309438391597
37.58000000000109,10.777987498821673,0.0040172217084182,0.0011342549863638377,0.006225306910536699
37.59000000000109,10.786885571237827,0.004662533416796897,0.0010961152116592751,0.006369783063735468
37.60000000000109,10.79844818987554,0.004376084671132729,0.0009468953036560285,0.006197753606702039
37.61000000000109,10.813041741638498,0.00406601231593404,0.0007593838861435764,0.006373604683976512
37.620000000001085,10.810603535674053,0.006346942746638252,0.0006137133607173556,0.006562954497056573
37.63000000000108,10.836423951439905,0.002560595572754765,0.0005013845892538262,0.006390415496366581
37.64000000000108,10.849435129330143,0.004252757826569345,0.00040111123129080915,0.0063295062630127396
37.65000000000108,10.83987091833744,0.007365403413083306,0.0002735796089792944,0.006589540207567334
37.66000000000108,10.87266839774954,0.0015137944412012983,-0.00014135968324411686,0.006647354600342422
37.670000000001075,10.8850986648146,0.004185320403131338,0.0004147957058603852,0.006278513761926841
37.68000000000107,10.87297963788164,0.007667726250873559,-0.0001642630710736154,0.006723016869666209
37.69000000000107,10.906339559681902,0.001181775806063516,-0.0011474644421923636,0.007238466440264228
37.70000000000107,10.918557597419396,0.0039949976771687205,0.0005363041047928568,0.006311973482688879
37.71000000000107,10.905722351706936,0.007628126344128956,-0.0003412086091301222,0.006565059021323208
37.720000000001065,10.938776666861756,0.0008198543309293147,-0.003927216344027365,0.008289047633877843
37.73000000000106,10.95008090633417,0.003780813814220878,0.00083067325626126,0.006156912951475506
37.74000000000106,10.937394749103234,0.007434572640517717,0.00012548309187984555,0.006278056390839091
37.75000000000106,10.970485668294542,0.0005106872298088383,0.0002980434650265725,0.006422641315776768
37.76000000000106,10.980139130814642,0.003591785000420961,-0.0005304451115660329,0.006759167831215346
37.770000000001055,10.967512001395091,0.0069504572656246865,-0.000917809362856274,0.006693816489621235
37.78000000000105,10.999769415756163,3.5988180839759286e-05,-0.005563456470614926,0.008905108637792916
37.79000000000105,11.00953470852961,0.003121909311497995,0.00019319897942492354,0.006221879830311599
37.80000000000105,10.99664115982633,0.0066171785786124674,-0.0005558127654945315,0.006342105236275537
37.81000000000105,11.027673203362205,-0.00014943711350633604,-0.000377479232143677,0.006420410465138055
37.820000000001045,11.036200367682499,0.0027545493243075264,-0.0010203131155897978,0.0065145066210233905
37.83000000000104,11.024521569010144,0.005989479844389311,-0.001527991472421619,0.006562673701347474
37.84000000000104,11.053625786115914,-0.0004011402039334098,-0.007532005846240934,0.009595168583934765
37.85000000000104,11.06171840695045,0.002399744616983853,-0.0002510711338024142,0.005957625973590075
37.86000000000104,11.04974894113777,0.005536364358933695,-0.0010767939002646995,0.006149747271273543
37.870000000001035,11.068130827614096,0.0007561417223613654,-0.0017424649246034162,0.006647979927537104
37.88000000000103,11.090229784233085,0.00013547886292370606,-0.0009075973063423295,0.006027951324479349
37.89000000000103,11.074615135704983,0.0056616868167583545,-0.0028385816679355872,0.006765661018104729
37.90000000000103,11.085839565143786,0.0009709160543669783,-0.010224743277099008,0.01062876583100769
37.91000000000103,11.116020377281336,-0.0011117305431225218,3.780128069089193e-05,0.005329560072321253
37.920000000001025,11.098993008834562,0.0054442892112744196,-0.0020283522400994488,0.006131246282531491
37.93000000000102,11.107026741252827,0.0011807902161908696,-0.0020197917941546855,0.006279435623677391
37.94000000000102,11.137001289761226,-0.0016221820018815683,-0.008756780937205663,0.009520316156992515
37.95000000000102,11.1207346535227,0.00478725568242242,-0.0016516033453338997,0.005669154653288918
37.96000000000102,11.126832214284024,0.0010840186725754714,-0.0011256722967319837,0.005550943544390076
37.970000000001015,11.15617992829541,-0.0018115573022867155,-0.008328436341618476,0.009069808840219525
37.98000000000101,11.138503213440249,0.004398521938765811,-0.001725503647539399,0.005400461036625568
37.99000000000101,11.144808408668792,0.000601664628473539,-0.0009082640431480099,0.005121330361788766
38.00000000000101,11.173994556290927,-0.0019623943691038912,-0.008288476422529922,0.008792927184175441
38.01000000000101,11.151510010988376,0.004473942121949282,-0.0021346720824310527,0.005296331978051132
38.020000000001005,11.180102677737406,-0.0017566917900986826,0.000595033183154243,0.003978990960446133
38.030000000001,11.145972247637863,0.004466002612824388,-0.015590467372682534,0.012432071698577872
38.040000000001,11.209074611137394,-0.005489845723955637,0.0038874872198601165,0.0017444541250531405
38.050000000001,11.172051431154623,0.00557324601028105,-0.0065277404194539245,0.007460845380711963
38.060000000001,11.126009535699373,0.005914712050621644,-0.004216983814245191,0.00599729091675602
38.070000000000995,11.270090052944004,-0.02167533865206396,0.002410537807050685,0.0022015189411739816
38.08000000000099,11.131743853415918,0.023517771739898642,-0.017169009296814346,0.012869366520416077
38.09000000000099,11.225517770175292,-0.015381311479810653,0.01023743232447479,-0.0022700687149038983
38.10000000000099,11.199029795170611,0.002604196607044992,-0.016606914570211857,0.012270367644136006
38.11000000000099,11.11042790043836,0.012029063410372416,-0.007284975893122236,0.00696924841727662
38.120000000000985,11.417802556392981,-0.048883160414913925,0.028618242652019444,-0.012715117431112512
38.13000000000098,11.01406594663122,0.06419925936364643,-0.05529148331914822,0.0333904052586835
38.14000000000098,11.149411978595888,-0.03643069900993041,0.027035576006702283,-0.01226694021908583
38.15000000000098,11.484564154089673,-0.04779633297744087,0.030648001228512627,-0.014361298181305956
38.16000000000098,11.022707371653958,0.07634012587005504,-0.06628602850701291,0.0392077392301531
38.170000000000975,11.069794616329872,-0.0206303986158467,0.014499688025290811,-0.005698989786750935
38.18000000000097,11.520095047339078,-0.06487706910316478,0.051306671952753714,-0.026164015814749968
38.19000000000097,11.028824146121595,0.08439960996819165,-0.07889355302896157,0.04592406385514453
38.20000000000097,11.0587376221625,-0.01856423467157362,0.014898414102641606,-0.0062603902229823516
38.21000000000097,11.509230963877181,-0.06456283135420098,0.05487444112500087,-0.02842670588645224
38.220000000000965,11.034839584509966,0.07999217094104097,-0.09093500383990431,0.05222733323410832
38.23000000000096,11.05242352417026,-0.016282992420647374,0.01594405379232822,-0.007172467853238529
38.24000000000096,11.446549439915861,-0.0561961466587658,0.052262714326773756,-0.027245375565346876
38.25000000000096,11.157794337781905,0.05151035384852813,-0.048143560328980574,0.028117903251004942
38.26000000000096,10.93443025569457,0.019514467122858592,-0.02613506989469966,0.01576039519112447
38.270000000000955,11.426873106813465,-0.07345523900306512,0.072953291974195,-0.03868862036512774
38.28000000000095,11.242370814280825,0.03278716956658358,-0.04878858437452324,0.028198909913799673
38.29000000000095,10.924787723426899,0.03512184558262272,-0.04474702905985537,0.025535617467440697
38.30000000000095,11.337400487773287,-0.06258309396495665,0.06634547640987469,-0.03530724681994309
38.31000000000095,11.272980188583022,0.012095670943733565,-0.025562915801699414,0.015174916869840472
38.320000000000945,10.931997237523053,0.03914842559202885,-0.051586469724931215,0.028943517166487173
38.33000000000094,11.295913542428485,-0.057011173008215094,0.0635796990361234,-0.033740423204152645
38.34000000000094,11.260644033624542,0.0071726258289355185,-0.020182784181362795,0.011912117685423091
38.35000000000094,10.894401002151916,0.04276739671590279,-0.05975978338520423,0.033073749280531826
38.36000000000094,11.305586913445723,-0.0737456970366123,0.07954209525429744,-0.04197803967479318
38.370000000000935,11.244090853568757,0.013155300546676598,-0.027557220957842753,0.01531780327983314
38.38000000000093,10.870301891351122,0.04445162351894738,-0.06404560740708622,0.034549929647183626
38.39000000000093,11.28432946213587,-0.061069691289646365,0.0793658700987318,-0.04150560211339115
38.40000000000093,11.20611088746097,0.015145110675332476,-0.03216506703378532,0.017308737020745556
38.41000000000093,10.848540860216001,0.040316916251530555,-0.062136764247089665,0.032765700274194086
38.420000000000925,11.260175582908513,-0.0732023397761225,0.0870319509432326,-0.044906702397949416
38.43000000000092,11.209031623575555,0.011104503876085437,-0.02610939783310014,0.013777714297861874
38.44000000000092,10.829060387770923,0.04397438729753535,-0.07017430608229988,0.03608974572911009
38.45000000000092,11.207012748243846,-0.06579054528013929,0.08298766173731727,-0.042068604258360696
38.46000000000092,11.176787351373367,0.009767644948213021,-0.02330198985799683,0.011908497254041833
38.470000000000915,10.819363785767285,0.040696171248151614,-0.06755043264115601,0.033798954827962094
38.48000000000091,11.165762852837961,-0.05941792990973844,0.07842568555521252,-0.03886321009969423
38.49000000000091,11.105874458350913,0.013311099831947873,-0.029188996262752533,0.014424831363180346
38.50000000000091,10.92344078433666,0.015005789547032217,-0.027549592370925864,0.013498620924511111
38.51000000000091,11.049041422694158,-0.027104004988534342,0.026118628234445343,-0.01264978320589255
38.520000000000906,11.035042838625124,0.004170781683734807,-0.014434885995433073,0.007033495582056051
38.5300000000009,10.943035554749986,0.003644846539763869,-0.006873445961367071,0.003492051402128086
38.5400000000009,10.994563228635986,-0.015574852198304904,0.006085470555978674,-0.002816795749414983
38.5500000000009,10.994987671984179,-0.005627458158714759,-0.0027653159018565542,0.0014095183122811664
38.5600000000009,10.926300888073824,0.002759938937552608,-0.003502713517497801,0.00186914288646152
38.570000000000896,10.951917299316687,-0.009767498544237894,0.0011746005654218411,-0.00045836866311969393
38.580000000000894,10.951839517819737,-0.00430106514969232,-0.0035514636137444935,0.0016251795609926688
38.59000000000089,10.903531135312496,0.0018271906424309249,-0.001316707588725041,0.000798686224114642
38.60000000000089,10.910071359602552,-0.006993687830018607,-0.0016181780315753529,0.000790514743410706
38.61000000000089,10.898565528923939,-0.003808436707128563,-0.0060905663865647676,0.0027917757889344475
38.620000000000886,10.88573912931762,-0.003579164916130833,-0.0018040327367091246,0.0010342674982332424
38.630000000000884,10.87101746761032,-0.004419011489816194,-0.004023016704371796,0.0017471917859793649
38.64000000000088,10.857279725604364,-0.004105796782542006,-0.0021090998877698907,0.0010828838656758786
38.65000000000088,10.849801532950607,-0.005073137558923574,-0.0008164947413558363,0.0006715419970660811
38.66000000000088,10.83316774064286,-0.0021369218577222075,0.0015629090049920319,-0.00044857601828612826
38.670000000000876,10.818314404445651,-0.005608246969013729,-0.0027008989038698993,0.0014073978601757034
38.680000000000874,10.810055637224046,-0.006606014311751953,-0.0014923806394403782,0.0010429017532308533
38.69000000000087,10.793003223660017,-0.005524222090902952,-0.0021464623098007467,0.0010698481766610885
38.70000000000087,10.77770809638947,-0.0056066398121070804,-0.0009522525446401823,0.0007613884032157715
38.71000000000087,10.768871120538124,-0.006649159138402314,-0.0002983311155902713,0.0006718366418312987
38.720000000000866,10.751944490547217,-0.0046106053724738185,0.0004262249201121116,0.00024637308305349803
38.730000000000864,10.735371429516997,-0.006065418406456764,-0.0010173535508554773,0.0009326965416989871
38.74000000000086,10.725781729453002,-0.006611554544182626,0.00020590194176413405,0.0006575688980393855
38.75000000000086,10.70860406605621,-0.005023051494721228,0.00029768588070933717,0.0004674280684003731
38.76000000000086,10.691427692735022,-0.005574043326423371,-0.00014400896276063325,0.0008061829327044583
38.770000000000856,10.681038171106724,-0.006135941235229199,0.0006188100556020478,0.0007285923649579828
38.780000000000854,10.663422194443402,-0.004711285651854667,0.0005433095402930154,0.0006098747317165035
38.79000000000085,10.645933560506364,-0.005042736479747956,0.00030758025376598783,0.0008837968105907367
38.80000000000085,10.634686651664406,-0.0055560572798415385,0.0010028902590252077,0.0008563411585294943
38.81000000000085,10.616852024598133,-0.004296194166121746,0.0008623151760237439,0.0007708639099928503
38.820000000000846,10.599454745961989,-0.004487058320944916,0.0007845555325932114,0.001003779448464764
38.830000000000844,10.586936311970579,-0.004850688340724843,0.0014730360271358936,0.001005852056891193
38.84000000000084,10.56918493376279,-0.00384697864882784,0.0013733020859081112,0.0009231611792085107
38.85000000000084,10.551665196659153,-0.003899107155492249,0.0013706244496301807,0.0011452934385715735
38.86000000000084,10.538534347881813,-0.004178895369698292,0.0021412173564133146,0.0011555525169492694
38.870000000000836,10.520303729985372,-0.0033813454043486266,0.0017707649947633166,0.0011553767008405627
38.880000000000834,10.503130933805627,-0.003422726482370952,0.0019714609823757025,0.0013349401836860685
38.89000000000083,10.489122489824478,-0.0036336609461386634,0.0025478317344364764,0.0014170179218864546
38.90000000000083,10.470001699663465,-0.0028033211016703016,0.00196005896405121,0.0014684689427831505
38.91000000000083,10.455674545202013,-0.003121699165171533,0.003063354472945556,0.0014627253758347947
38.920000000000826,10.436504331436382,-0.002847204906089366,0.0019078091734132988,0.0019248706546350185
38.930000000000824,10.420063236358457,-0.0026123018051007097,0.0030190779731173595,0.0016275034584236749
38.94000000000082,10.405815204368162,-0.0028133081989531587,0.0031162648115059637,0.0018445135916778438
38.95000000000082,10.38609655563218,-0.0020297770241084587,0.002428456138145464,0.002194273349201627
38.96000000000082,10.368489032501271,-0.0023862710035270187,0.002617066902223271,0.002087402384380743
38.970000000000816,10.354310173283642,-0.002496455847205009,0.0034661962962949755,0.0021692119532744866
38.980000000000814,10.334554509901672,-0.0017665041658478289,0.0024578646188689614,0.0025518124854331087
38.99000000000081,10.319355395325097,-0.0020876161110677453,0.0035294804860764636,0.0023392285447948235
39.00000000000081,10.30025729892721,-0.0019767048460607585,0.0022350573996400554,0.002735663710300995
39.01000000000081,10.285075785949061,-0.001695287045252399,0.0037423389941328962,0.002728886473909809
39.020000000000806,10.26636037495514,-0.0017938048284594948,0.0023225931876734293,0.0028501735495771703
39.030000000000804,10.250802633488115,-0.0014728347939506755,0.0035981535254003597,0.0029068011412781477
39.0400000000008,10.233506559723013,-0.0015821483695499274,0.0027466803109865777,0.0032093328718021206
39.0500000000008,10.214336176015234,-0.001252371049253219,0.002719898086767696,0.003156287731220695
39.0600000000008,10.200123433846487,-0.0014607393137129748,0.0036429233828774023,0.0032570729144071413
39.070000000000796,10.18386739946636,-0.0010391188912539564,0.0032727702297809655,0.003492927052403516
39.080000000000794,10.163660522621342,-0.000738800497505603,0.002421674325814513,0.003524740241073867
39.09000000000079,10.150343313003441,-0.0010797572901629594,0.0037171478749728716,0.003596384324433337
39.10000000000079,10.134050075517585,-0.000686162234584495,0.003143363428891272,0.003823112850187302
39.11000000000079,10.113884705809138,-0.00026709566984366666,0.0026548578378481546,0.003806794385282421
39.120000000000786,10.101603486067729,-0.0007271777915342922,0.003967390905757078,0.003904947506904264
39.130000000000784,10.086209469564311,-0.0001730667136063223,0.0034303431627537677,0.004117667913132758
39.14000000000078,10.064284200703558,0.00031722839159469994,0.0022407557706792926,0.004086933503793385
39.15000000000078,10.0574005809986,-0.0002516013597313575,0.00543127973863991,0.0041597286781039815
39.16000000000078,10.033544929126013,0.0003672154296478099,0.0009445718820180733,0.004477839402697809
39.170000000000776,10.005136224042326,0.0006684961949047178,0.0005329844091837023,0.00435566243733881
39.180000000000774,10.049006782422104,0.0002568355628221458,0.020842532940053678,0.00431037212371988
39.19000000000077,9.96471622593609,0.004315269623576935,-0.005394022541045648,0.004909342578678703
39.20000000000077,9.948160719885662,-0.00029975142485139317,0.0006216102209740914,0.004859126436120984
39.21000000000077,10.046872267369485,0.0001872647445521109,0.03319480375830727,0.0049673211873916216
39.220000000000766,9.90883426141361,0.0032960354997555977,-0.025536772945642546,0.004815534184201581
39.230000000000764,9.879809244568209,0.0005625089603417736,-0.002370352180732789,0.004939202634824057
39.24000000000076,10.013289150860983,0.0011510735501925429,0.03977771886553691,0.005812030589146752
39.25000000000076,9.863151802173856,-0.0018058236431712264,-0.040086211480673824,0.004065348314213996
39.26000000000076,9.82951944173652,0.006540295225053873,0.005800275784717822,0.005241865722146929
39.270000000000756,9.969003383124498,0.001754432255716897,0.0400530343463198,0.006598279239321244
39.280000000000754,9.823855028298455,-0.00225564101733347,-0.0393179503231485,0.0035759108704971508
39.29000000000075,9.790341875462978,0.007300898342259762,0.0053693538256245725,0.005454429612307873
39.30000000000075,9.901278245452547,0.0020472741315906164,0.03135826567722982,0.006816232744082631
39.31000000000075,9.835322499440679,-0.0004354452413106204,-0.014944978748368754,0.004565886159381253
39.320000000000746,9.730760338256065,0.006152764349633992,-0.01075391924303167,0.004737893315057518
39.330000000000744,9.84058154863284,0.00221698269722909,0.030490672779342393,0.007317788460965459
39.34000000000074,9.824376242009206,0.0012378534282554237,-0.004432729252990025,0.005255125762749597
39.35000000000074,9.721686257385171,0.006700630328206226,-0.01108259230371715,0.004780655126254088
39.36000000000074,9.811385010127541,0.002322095015866828,0.024924865248721836,0.007447148685700582
39.370000000000736,9.705553311379942,0.0025783753661589187,-0.037081493080608895,0.0023597951326230315
39.380000000000734,9.763008017030101,0.003119205357245324,0.023091896847283775,0.007594451767184887
39.39000000000073,9.8388866345743,0.0036003525115928066,0.02330066593014632,0.007723328578802178
39.40000000000073,9.525320285370032,0.002888845036059815,-0.06873863901972078,-0.0010806358319869046
39.41000000000073,9.852474328373818,0.011478609793067382,0.0950704898127374,0.01517559704184478
39.42000000000073,9.869026031496844,0.007987100920352123,-0.008309544761289686,0.005088086566601101
39.430000000000724,9.371949547633427,-0.00047589863726030224,-0.11476400555194494,-0.00661367230134438
39.44000000000072,9.856221025071363,0.014219797205004978,0.12552067339333103,0.018843060027401607
39.45000000000072,9.882967283683177,0.006636824583505188,-0.006497287361330096,0.005295859956971939
39.46000000000072,9.334205103200743,-0.002191011647741806,-0.12292140260702109,-0.008210936238731852
39.47000000000072,9.83486046222727,0.013268808713703966,0.1281655036060433,0.020028782304703917
39.480000000000715,9.866850742483992,0.0053130924937967155,-0.004074706937501371,0.005346119505913828
39.49000000000071,9.326710238911875,-0.0025585514335856123,-0.1139343001824829,-0.007796497577897544
39.50000000000071,9.821386708418519,0.012708722032095764,0.12881481989643292,0.021055504328688208
39.51000000000071,9.813366168292314,0.0033513429247509726,-0.008276215795309433,0.005067456280750648
39.52000000000071,9.384294870838742,-0.00032611865870461215,-0.08012651566218967,-0.0037484606373633595
39.530000000000705,9.803279923632354,0.010596501419752047,0.12420796752084136,0.02123756634910276
39.5400000000007,9.78662117476177,0.0026138659223236627,-0.011747456855033209,0.0049431774479020765
39.5500000000007,9.377783519458442,-0.00015808255545868578,-0.07727599032501878,-0.0032527399358447343
39.5600000000007,9.76838798821711,0.01581698527692906,0.0963135373839969,0.017983436008114626
39.5700000000007,9.767025355755507,0.0017199981719647698,-0.00983988391122085,0.005309610968842578
39.580000000000695,9.372601707255544,-0.0003079003405233101,-0.07485128550098427,-0.002859227822264705
39.59000000000069,9.754609117213459,0.013509457351256644,0.09314071375065389,0.017743392940480607
39.60000000000069,9.758167647641104,0.0011022260943111433,-0.01019194932474133,0.00533202161291079
39.61000000000069,9.418244040869563,0.0006676850124310272,-0.06234855573927101,-0.0011748945121846047
39.62000000000069,9.586480072935354,0.004780767071975808,0.039566390828715214,0.011057632058936806
39.630000000000685,9.842844903445325,0.008520637472678548,0.0468851624273889,0.012335323046642952
39.64000000000068,9.418869699582645,-0.00036385815948149745,-0.08708683792401853,-0.004094204577349999
39.65000000000068,9.529421336217341,0.013407040309778715,0.045317086673124736,0.011776030513266957
39.66000000000068,9.864517365587243,0.008601860764767884,0.05971410684009834,0.013599091413881263
39.67000000000068,9.451937636030701,0.0006565775862423768,-0.10661541785894808,-0.0064651944993664575
39.680000000000675,9.505920570777644,0.010074161566174702,0.02967006880695893,0.009888670925189124
39.69000000000067,9.861032721683424,0.006977365331448256,0.06414408404756634,0.013924860283728625
39.70000000000067,9.478966794355765,-0.006432000053833661,-0.10645053477475126,-0.006123061567576255
39.71000000000067,9.486083244948288,0.01029783036156342,0.019468515990910998,0.008495433030634646
39.72000000000067,9.867675250899623,0.0075851212052437085,0.0737853916601138,0.014685454454698942
39.730000000000665,9.488984324767864,0.0015710088463425191,-0.09982097345592957,-0.005029063671753162
39.74000000000066,9.499583804994733,0.010127974283096402,0.02193441722810037,0.008649721814791124
39.75000000000066,9.881820400441294,0.005774588334518912,0.07511653667880887,0.014455362014739279
39.76000000000066,9.502121256725092,-0.004268737132121221,-0.10282953371690881,-0.004982137924344845
39.77000000000066,9.517968339714523,0.011256089695150838,0.02443464987696624,0.008707582540524186
39.780000000000655,9.9039326375846,0.005659113545194573,0.07803185778706109,0.014315490884602072
39.79000000000065,9.522468243930577,0.004805092152824909,-0.09830030484749085,-0.0040749358558117505
39.80000000000065,9.536401386867837,0.010218000594314632,0.022662320806319334,0.008341052131672858
39.81000000000065,9.927321552392419,0.003567619350746453,0.07945783981542634,0.013951595298144149
39.82000000000065,9.55027493779132,-0.002841314440410139,-0.1007157152056546,-0.0038540707396695767
39.830000000000645,9.558693524274524,0.014085794826973998,0.005422032745591001,0.0063721543470652625
39.84000000000064,9.954291702791433,0.0030803728372980053,0.08484344249016652,0.013808347120825204
39.85000000000064,9.581999814603442,0.005926246874448792,-0.09381899890789917,-0.002763247218633853
39.86000000000064,9.589632546425122,0.009678121214658978,0.023073633854816353,0.007830912910904273
39.87000000000064,9.983468363559448,0.0011465605820053155,0.0833059145781389,0.01303033787607727
39.880000000000635,9.617680948343864,0.003752541796023062,-0.09437961247920357,-0.002277402099793129
39.89000000000063,9.622313465497008,0.011241477600682483,0.001570554297400596,0.005555086209191914
39.90000000000063,10.010667872555528,-0.000224623572776109,0.0843183741923863,0.012213697382357357
39.91000000000063,9.658456371900211,0.0032976443922450977,-0.09017552949421535,-0.0015006666100392963
39.92000000000063,9.66192890456956,0.010157515975148244,0.00335780484591,0.005619912713943189
39.930000000000625,10.039384969389825,-0.000985008269892301,0.08326720361415632,0.011420783868668603
39.94000000000062,9.706169439571777,0.0048674846622769425,-0.0851149737772109,-0.0006490193413651747
39.95000000000062,9.714261178121715,0.00877227950591863,0.004209210916798859,0.005346474929031957
39.96000000000062,10.051541428308337,-0.0016531090569659546,0.07446518304294364,0.009947904254444914
39.97000000000062,9.768600574239986,0.005597794200474802,-0.07353748603199399,0.0004799645465173039
39.980000000000615,9.803842112853582,0.007826487653268063,0.007770673894812938,0.005328460398068466
39.99000000000061,9.991690710742645,-0.0023481236062625308,0.03968190589751667,0.0070894046323566155
40.00000000000061,9.878380465157454,0.006721935413152434,-0.03225867645362411,0.0030733504020694757
