time,in1,in2,in3,in1_obs,in2_obs,in3_obs,in1_e_1st,in2_e_1st,in3_e_1st,out1,out2,out3,out1_obs,out2_obs,out3_obs,out1_e_1st,out2_e_1st,out3_e_1st
0.01,0.0,0.0,0.5673598259997613,0.0,0.0,0.0,0.0,0.0,0.0,0.2148252532124384,-0.3930048597391713,-2.883693303622911,0.0,0.0,0.0,0.0,0.0,0.0
0.02,0.0,0.0,0.5383905022120004,0.0,0.0,0.0,0.0,0.0,0.0,2.6974051919102253,2.0003820815549354,7.196322519893183,0.8733062124072761,0.8015941129162086,3.840191532459187,0.0,0.0,0.0
0.03,0.0,0.0,0.5007228595191702,0.0,0.0,0.0,0.0,0.0,0.0,4.095303569699691,3.6480507072632573,7.46150647568237,0.7659960866327684,0.6359364166228513,1.4185295131751805,0.0,0.0,0.0
0.04,0.0,0.0,0.4529018540806613,0.0,0.0,0.0,0.0,0.0,0.0,4.699615371524862,4.727223552767729,6.590189486989594,1.518552762320233,1.330784204626668,2.9777906724026435,0.0,0.0,0.0
0.05,0.0,0.0,0.39737561897158824,0.0,0.0,0.0,0.0,0.0,0.0,5.057745089611791,5.9076431487052155,6.448977197143266,2.204915798286632,2.117110527519344,3.459156500259831,0.0,0.0,0.0
0.060000000000000005,0.0,0.0,0.3489285774264446,0.0,0.0,0.0,0.0,0.0,0.0,4.927053007754639,6.538362598336715,6.426466291298301,2.9633289355207557,3.2637241067305407,4.140123271629133,0.0,0.0,0.0
0.07,0.0,0.0,0.31170577327241733,0.0,0.0,0.0,0.0,0.0,0.0,4.527976384631549,6.584370576907094,6.2884048227622085,3.3595165285335566,4.111636777851495,4.593994208843036,0.0,0.0,0.0
0.08,0.0,0.0,0.28232071741251663,0.0,0.0,0.0,0.0,0.0,0.0,4.0905451406004065,6.364173643963369,6.098421720946126,3.444970865453273,4.523557642551093,4.7959302272569575,0.0,0.0,0.0
0.09,0.0,0.0,0.25838110415578547,0.0,0.0,0.0,0.0,0.0,0.0,3.694158754247244,6.054594911332238,5.910066708659178,3.392768102514405,4.699204324125843,4.874294835103684,0.0,0.0,0.0
0.09999999999999999,0.0,0.0,0.23860035905961247,0.0,0.0,0.0,0.0,0.0,0.0,3.3485464388999473,5.71605884621853,5.733614912507049,3.2843910733881985,4.755841316823995,4.899232985223822,0.0,0.0,0.0
0.10999999999999999,0.0,0.0,0.22218584587800366,0.0,0.0,0.0,0.0,0.0,0.0,3.0491878829817223,5.374162105715744,5.571166759817711,3.148443245540062,4.736905585985636,4.893358700276786,0.0,0.0,0.0
0.11999999999999998,0.0,0.0,0.2085744915233705,0.0,0.0,0.0,0.0,0.0,0.0,2.788758173823341,5.0404986057963495,5.421743330864544,2.9990476316125227,4.6651220471095725,4.867717392606555,0.0,0.0,0.0
0.12999999999999998,0.0,0.0,0.1973388738985341,0.0,0.0,0.0,0.0,0.0,0.0,2.5604912886819173,4.720987852963031,5.28408974942486,2.8442946744187045,4.554695806569657,4.82844720249394,0.0,0.0,0.0
0.13999999999999999,0.0,0.0,0.18814814575949873,0.0,0.0,0.0,0.0,0.0,0.0,2.3586691724311377,4.418420542423732,5.156936658624719,2.689381294961002,4.416154519736483,4.779803399329032,0.0,0.0,0.0
0.15,0.0,0.0,0.1807464359198459,0.0,0.0,0.0,0.0,0.0,0.0,2.178643524669162,4.133817252626828,5.039158600348346,2.5376355630401726,4.257656427353562,4.724842623317255,0.0,0.0,0.0
0.16,0.0,0.0,0.17493816218954605,0.0,0.0,0.0,0.0,0.0,0.0,2.0166916811390787,3.867135847968976,4.929771051335651,2.391124750417201,4.08569885779442,4.665839593904757,0.0,0.0,0.0
0.17,0.0,0.0,0.17057692941360753,0.0,0.0,0.0,0.0,0.0,0.0,1.8698594001922197,3.617710813709465,4.827922742892756,2.251038108694038,3.9054828774209485,4.604495846922654,0.0,0.0,0.0
0.18000000000000002,0.0,0.0,0.16755653136711085,0.0,0.0,0.0,0.0,0.0,0.0,1.735814910322305,3.3845257080566,4.732877411481439,2.1179635620242787,3.7211567757596296,4.542088409901282,0.0,0.0,0.0
0.19000000000000003,0.0,0.0,0.16580325756366898,0.0,0.0,0.0,0.0,0.0,0.0,1.6127229319889185,3.1663890477215393,4.643996832100666,1.992088006674483,3.535985435619318,4.479572751188626,0.0,0.0,0.0
0.20000000000000004,0.0,0.0,0.16526904804388481,0.0,0.0,0.0,0.0,0.0,0.0,1.4991374564802942,2.962048488099576,4.560725181596143,1.8733418366058971,3.352482888503403,4.417659346166173,0.0,0.0,0.0
0.21000000000000005,0.0,0.0,0.16592527545961067,0.0,0.0,0.0,0.0,0.0,0.0,1.3939112462585719,2.7702651535974727,4.482575689565413,1.7615000815772475,3.1725249275995293,4.356871034608603,0.0,0.0,0.0
0.22000000000000006,0.0,0.0,0.1677570927560792,0.0,0.0,0.0,0.0,0.0,0.0,1.2961202521065371,2.589860954704813,4.4091194260451445,1.6562503177885133,2.9974512086082137,4.297586786614392,0.0,0.0,0.0
0.23000000000000007,0.0,0.0,0.17075837765513624,0.0,0.0,0.0,0.0,0.0,0.0,1.2050018144900292,2.4197470656450095,4.339976023083247,1.5572358059103653,2.8281601574714292,4.240075317377969,0.0,0.0,0.0
0.24000000000000007,0.0,0.0,0.17492733921417675,0.0,0.0,0.0,0.0,0.0,0.0,1.119905887496821,2.2589389999217238,4.274806082022881,1.464081026076749,2.6651968106282307,4.184521038557672,0.0,0.0,0.0
0.25000000000000006,0.0,0.0,0.18026284140343618,0.0,0.0,0.0,0.0,0.0,0.0,1.0402583306485356,2.106562100269633,4.213305094716235,1.3764055063373857,2.5088322608624334,4.131044144622345,0.0,0.0,0.0
0.26000000000000006,0.0,0.0,0.18676147266965432,0.0,0.0,0.0,0.0,0.0,0.0,0.9655392222884804,1.961850258825872,4.155198668029411,1.2938305160225747,2.35913319403615,4.079716193403018,0.0,0.0,0.0
0.2700000000000001,0.0,0.0,0.19441532901938297,0.0,0.0,0.0,0.0,0.0,0.0,0.8953076040038983,1.8241403263970692,4.100240117527459,1.215982941484145,2.216020504438573,4.030572166066864,0.0,0.0,0.0
0.2800000000000001,0.0,0.0,0.20321010492574654,0.0,0.0,0.0,0.0,0.0,0.0,0.8292274710123215,1.6928623029393188,4.048212686231109,1.1425080294167207,2.079316885659124,3.9836200624069615,0.0,0.0,0.0
0.2900000000000001,0.0,0.0,0.21312325029749535,0.0,0.0,0.0,0.0,0.0,0.0,0.7670457663237981,1.5675252830716282,3.998927372240307,1.0730919820499927,1.948783194203503,3.938849271110567,0.0,0.0,0.0
0.3000000000000001,0.0,0.0,0.2241224588699799,0.0,0.0,0.0,0.0,0.0,0.0,0.7085587811347406,1.4477046467328876,3.952217307588864,1.007463897092775,1.8241432415385834,3.896234265845573,0.0,0.0,0.0
0.3100000000000001,0.0,0.0,0.2361645850202574,0.0,0.0,0.0,0.0,0.0,0.0,0.6535861072247283,1.3330327966131557,3.907933173480534,0.9453879492248065,1.7051019033071144,3.855735896116172,0.0,0.0,0.0
0.3200000000000001,0.0,0.0,0.24919499137293571,0.0,0.0,0.0,0.0,0.0,0.0,0.6019555905366993,1.2231921495006652,3.865940032126135,0.8866542648881973,1.5913595571384993,3.8173033749106096,0.0,0.0,0.0
0.3300000000000001,0.0,0.0,0.2631472697801608,0.0,0.0,0.0,0.0,0.0,0.0,0.5534968431369266,1.1179093072982274,3.8261152698179997,0.8310716111200126,1.4826230585276,3.7808767201505797,0.0,0.0,0.0
0.34000000000000014,0.0,0.0,0.2779432480557161,0.0,0.0,0.0,0.0,0.0,0.0,0.5080395783687246,1.0169499489128957,3.7883470894413227,0.7784625251195876,1.3786134454101546,3.7463891800174323,0.0,0.0,0.0
0.35000000000000014,0.0,0.0,0.29349319388357836,0.0,0.0,0.0,0.0,0.0,0.0,0.46541410343847534,0.9201144529592198,3.752533264309042,0.7286603433959004,1.2790708470361987,3.713769260996424,0.0,0.0,0.0
0.36000000000000015,0.0,0.0,0.3096961734293603,0.0,0.0,0.0,0.0,0.0,0.0,0.4254525376186027,0.8272342755671396,3.718580070606637,0.6815074580324748,1.1837572926174482,3.682942295445045,0.0,0.0,0.0
0.37000000000000016,0.0,0.0,0.32644069205606074,0.0,0.0,0.0,0.0,0.0,0.0,0.3879900861694232,0.7381686456849756,3.6864014411290995,0.6368543094651112,1.0924580613640478,3.65383162976497,0.0,0.0,0.0
0.38000000000000017,0.0,0.0,0.34360617466861215,0.0,0.0,0.0,0.0,0.0,0.0,0.3528660787468034,0.6528000172231088,3.655918422580476,0.594558801207686,1.0049819475513626,3.626359546454883,0.0,0.0,0.0
0.3900000000000002,0.0,0.0,0.3610665672235681,0.0,0.0,0.0,0.0,0.0,0.0,0.3199246827061233,0.5710250263727665,3.6270588715227783,0.5544859415251834,0.9211603076641729,3.600448002143498,0.0,0.0,0.0
0.4000000000000002,0.0,0.0,0.3786977810038159,0.0,0.0,0.0,0.0,0.0,0.0,0.28901539546348975,0.49273706878025325,3.599756821428175,0.5165076008429886,0.8408440182530199,3.576019177275904,0.0,0.0,0.0
0.4100000000000002,0.0,0.0,0.3963894780255758,0.0,0.0,0.0,0.0,0.0,0.0,0.2599936229556108,0.4178003108967717,3.5739504083059845,0.48050234266669445,0.7638969554909637,3.552995691121698,0.0,0.0,0.0
0.4200000000000002,0.0,0.0,0.41405802461874774,0.0,0.0,0.0,0.0,0.0,0.0,0.23272163648884536,0.34602401644821135,3.5495777194527953,0.44635532095472596,0.6901854581283388,3.531300310915034,0.0,0.0,0.0
0.4300000000000002,0.0,0.0,0.4316284920299531,0.0,0.0,0.0,0.0,0.0,0.0,0.2070703895643673,0.2772155127665359,3.5265679053824313,0.4139581839945102,0.6195661889172701,3.5108553875958095,0.0,0.0,0.0
0.4400000000000002,0.0,0.0,0.44899952519982816,0.0,0.0,0.0,0.0,0.0,0.0,0.18291737102570904,0.21126862459933993,3.5048486230060196,0.3832089436676167,0.5518909297921051,3.4915817500083572,0.0,0.0,0.0
0.45000000000000023,0.0,0.0,0.4660446808756168,0.0,0.0,0.0,0.0,0.0,0.0,0.16014375160921412,0.1481548152941662,3.4843590977033783,0.35401045430909145,0.48703992140972746,3.473404218684404,0.0,0.0,0.0
0.46000000000000024,0.0,0.0,0.48263426785019575,0.0,0.0,0.0,0.0,0.0,0.0,0.13863613565861144,0.0878669323279355,3.4650460509310537,0.3262691327172146,0.4249305204967753,3.456256991270066,0.0,0.0,0.0
0.47000000000000025,0.0,0.0,0.4986485764036511,0.0,0.0,0.0,0.0,0.0,0.0,0.11828788754347386,0.030389382880168236,3.446857418880682,0.2998959238513538,0.3655013394459723,3.440078623199669,0.0,0.0,0.0
0.48000000000000026,0.0,0.0,0.5139823799547756,0.0,0.0,0.0,0.0,0.0,0.0,0.09899863881658844,-0.024309055336605434,3.4297403388394025,0.2748068905648471,0.3087000184904676,3.424808225359823,0.0,0.0,0.0
0.49000000000000027,0.0,0.0,0.5285456190528669,0.0,0.0,0.0,0.0,0.0,0.0,0.0806734202342958,-0.07627403297413371,3.4136408857459233,0.25092277402432805,0.25447725087827033,3.4103855932455063,0.0,0.0,0.0
0.5000000000000002,0.0,0.0,0.5422630223335753,0.0,0.0,0.0,0.0,0.0,0.0,0.06322193165423906,-0.12556307844950265,3.3985043468290463,0.2281682901487358,0.20278401846579852,3.396752280344592,0.0,0.0,0.0
0.5100000000000002,0.0,0.0,0.5550735136897993,0.0,0.0,0.0,0.0,0.0,0.0,0.046558084940917954,-0.1722435752782091,3.3842756010335213,0.20647146480997722,0.15357007494091182,3.383852545277735,0.0,0.0,0.0
0.5200000000000002,0.0,0.0,0.5669295517102244,0.0,0.0,0.0,0.0,0.0,0.0,0.030599801149524986,-0.21639139554678732,3.3708995294507336,0.185763104774537,0.10678296957317931,3.3716339510768414,0.0,0.0,0.0
0.5300000000000002,0.0,0.0,0.5777963790120849,0.0,0.0,0.0,0.0,0.0,0.0,0.015269016938354696,-0.2580899469549325,3.358321438431263,0.16597641809425887,0.06236740429285187,3.360047683064267,0.0,0.0,0.0
0.5400000000000003,0.0,0.0,0.5870824727721534,0.0,0.0,0.0,0.0,0.0,0.0,0.0004970847822041158,-0.2962396769305189,3.3467279432398715,0.1470467792445454,-0.022637351020122713,3.3490486629799543,0.0,0.0,0.0
0.5500000000000003,0.0,0.0,0.5949081305929454,0.0,0.0,0.0,0.0,0.0,0.0,-0.013717235245914061,-0.3311922511045222,3.3357948010864886,0.1289128566054506,-0.057831579385437204,3.3386595198043474,0.0,0.0,0.0
0.5600000000000003,0.0,0.0,0.6019280497450183,0.0,0.0,0.0,0.0,0.0,0.0,-0.02746964247516015,-0.3644106551579811,3.325225055722856,0.1115563536588621,-0.09378190199852805,3.3287308634485377,0.0,0.0,0.0
0.5700000000000003,0.0,0.0,0.6080543081292297,0.0,0.0,0.0,0.0,0.0,0.0,-0.04094227945042617,-0.39586584968505245,3.31532684420105,0.09490932573540628,-0.1304215881785255,3.319108181370927,0.0,0.0,0.0
0.5800000000000003,0.0,0.0,0.6132195472157731,0.0,0.0,0.0,0.0,0.0,0.0,-0.05413767268254155,-0.4254721164893558,3.305973392772728,0.07885652214361355,-0.1673840273105305,3.3100191652218154,0.0,0.0,0.0
0.5900000000000003,0.0,0.0,0.6173825765146139,0.0,0.0,0.0,0.0,0.0,0.0,-0.06709809221763097,-0.45321605088435923,3.2971459457681442,0.06336114796047157,-0.20427429887268927,3.3013546316103337,0.0,0.0,0.0
0.6000000000000003,0.0,0.0,0.6205255499131588,0.0,0.0,0.0,0.0,0.0,0.0,-0.07985245947388409,-0.47911705869475174,3.288794972043652,0.04837265255285707,-0.2407369600403612,3.2930952240980136,0.0,0.0,0.0
0.6100000000000003,0.0,0.0,0.6226512969630752,0.0,0.0,0.0,0.0,0.0,0.0,-0.09243116406160601,-0.5032318953255119,3.280878682172892,0.033848452154788336,-0.27645275202996755,3.2852024652348693,0.0,0.0,0.0
0.6200000000000003,0.0,0.0,0.6237801607563719,0.0,0.0,0.0,0.0,0.0,0.0,-0.10486183869876387,-0.5256460765427358,3.273354149189193,0.019747273244823015,-0.3111514171081216,3.2776481910125153,0.0,0.0,0.0
0.6300000000000003,0.0,0.0,0.6238253729791854,0.0,0.0,0.0,0.0,0.0,0.0,-0.11614520153704522,-0.5464673592665252,3.2665940481088085,-0.02630603925331995,-0.3446153714211132,3.2704066054062424,0.0,0.0,0.0
0.6400000000000003,0.0,0.0,0.6228589671624543,0.0,0.0,0.0,0.0,0.0,0.0,-0.12633681751990267,-0.565663452638864,3.2600195354136567,-0.03559159264033099,-0.37668149657390243,3.2635686007650646,0.0,0.0,0.0
0.6500000000000004,0.0,0.0,0.6210921611977345,0.0,0.0,0.0,0.0,0.0,0.0,-0.13672124673953157,-0.5834369783954387,3.253254398281638,-0.04484059825859034,-0.4071443541723584,3.2568920717271115,0.0,0.0,0.0
0.6600000000000004,0.0,0.0,0.6185816025251003,0.0,0.0,0.0,0.0,0.0,0.0,-0.14748864828474728,-0.6001482309194697,3.246841400473465,-0.054332026659937395,-0.4359628570779756,3.250211875117448,0.0,0.0,0.0
0.6700000000000004,0.0,0.0,0.6153755780754736,0.0,0.0,0.0,0.0,0.0,0.0,-0.15852960799116467,-0.6158744348704039,3.240616234937299,-0.06416076973965473,-0.4632452904816873,3.243934178973055,0.0,0.0,0.0
0.6800000000000004,0.0,0.0,0.6115218527874994,0.0,0.0,0.0,0.0,0.0,0.0,-0.16981225386469712,-0.6307570743049404,3.2345986862408704,-0.07429748333976988,-0.48898981748178116,3.2379140709543712,0.0,0.0,0.0
0.6900000000000004,0.0,0.0,0.6070656913951104,0.0,0.0,0.0,0.0,0.0,0.0,-0.1812868698669945,-0.6449084921423753,3.2287601866868063,-0.08473880429869622,-0.5132590811254781,3.232155035418155,0.0,0.0,0.0
0.7000000000000004,0.0,0.0,0.602048815861665,0.0,0.0,0.0,0.0,0.0,0.0,-0.1929120019910875,-0.6584352781244744,3.2230867870976168,-0.09546895493666743,-0.5361247797473682,3.226625219865742,0.0,0.0,0.0
0.7100000000000004,0.0,0.0,0.5965084109357981,0.0,0.0,0.0,0.0,0.0,0.0,-0.20464663762495094,-0.6714298907507925,3.2175626211896367,-0.1064709329839475,-0.5576752012615515,3.2213057963334,0.0,0.0,0.0
0.7200000000000004,0.0,0.0,0.5904765419909175,0.0,0.0,0.0,0.0,0.0,0.0,-0.21645101214663587,-0.6839717907263267,3.2121743617152783,-0.1177239409265906,-0.5780057427662836,3.216177087620874,0.0,0.0,0.0
0.7300000000000004,0.0,0.0,0.5839800295215365,0.0,0.0,0.0,0.0,0.0,0.0,-0.22828583131351188,-0.6961267376088713,3.2069094797226763,-0.1292042093731456,-0.5972151037272275,3.211221533878117,0.0,0.0,0.0
0.7400000000000004,0.0,0.0,0.5770406800231198,0.0,0.0,0.0,0.0,0.0,0.0,-0.24011261207856727,-0.7079475397858097,3.201756314012101,-0.140884944675048,-0.6154009541395333,3.206422130785158,0.0,0.0,0.0
0.7500000000000004,0.0,0.0,0.5696757759868744,0.0,0.0,0.0,0.0,0.0,0.0,-0.25189402574804154,-0.7194750836738848,3.1967037015080932,-0.152736718914201,-0.632656999349497,3.201762474972688,0.0,0.0,0.0
0.7600000000000005,0.0,0.0,0.5618987434635545,0.0,0.0,0.0,0.0,0.0,0.0,-0.2635944402334278,-0.7307397584088613,3.1917407672869373,-0.16472787662665897,-0.6490708068612457,3.197226577651032,0.0,0.0,0.0
0.7700000000000005,0.0,0.0,0.5537199130834816,0.0,0.0,0.0,0.0,0.0,0.0,-0.2751805227362265,-0.7417630601909959,3.186856744036521,-0.17682506505724052,-0.6647224551977083,3.1927988644961562,0.0,0.0,0.0
0.7800000000000005,0.0,0.0,0.5451472991217604,0.0,0.0,0.0,0.0,0.0,0.0,-0.286621830771125,-0.7525592629876807,3.182040871612883,-0.18899384571083755,-0.6796838471207635,3.1884642142326753,0.0,0.0,0.0
0.7900000000000005,0.0,0.0,0.5361873362251022,0.0,0.0,0.0,0.0,0.0,0.0,-0.29789130273712994,-0.7631370386042224,3.177282362480991,-0.20119936414548728,-0.6940185674760776,3.184208040547694,0.0,0.0,0.0
0.8000000000000005,0.0,0.0,0.5268455317717317,0.0,0.0,0.0,0.0,0.0,0.0,-0.30896558816262765,-0.7735009435151907,3.1725704237979535,-0.2134070344613421,-0.7077821491962036,3.1800163832467874,0.0,0.0,0.0
0.8100000000000005,0.0,0.0,0.5171270099392875,0.0,0.0,0.0,0.0,0.0,0.0,-0.3198251872658595,-0.7836527168313108,3.167894318505607,-0.22558319488723777,-0.7210226235331127,3.175875990764598,0.0,0.0,0.0
0.8200000000000005,0.0,0.0,0.5070369391601383,0.0,0.0,0.0,0.0,0.0,0.0,-0.3304544002262073,-0.793592361163022,3.1632434482672496,-0.23769569468915375,-0.7337812451682671,3.1717743799805227,0.0,0.0,0.0
0.8300000000000005,0.0,0.0,0.4965808465589485,0.0,0.0,0.0,0.0,0.0,0.0,-0.3408411098527351,-0.8033190005013249,3.158607443053573,-0.24971438237581967,-0.746093302794142,3.16769986708494,0.0,0.0,0.0
0.8400000000000005,0.0,0.0,0.48576483096039724,0.0,0.0,0.0,0.0,0.0,0.0,-0.3509764355536218,-0.812831526272884,3.1539762458842313,-0.2616114769286155,-0.7579889463561459,3.163641568957766,0.0,0.0,0.0
0.8500000000000005,0.0,0.0,0.47459569050397443,0.0,0.0,0.0,0.0,0.0,0.0,-0.3608543019885322,-0.8221290540789328,3.14934018512768,-0.27336181553196426,-0.7694939817462033,3.159589378765737,0.0,0.0,0.0
0.8600000000000005,0.0,0.0,0.463080982502006,0.0,0.0,0.0,0.0,0.0,0.0,-0.37047096456352513,-0.8312112199368413,3.1446900303009215,-0.2849429813897921,-0.7806306008661938,3.1555339218103935,0.0,0.0,0.0
0.8700000000000006,0.0,0.0,0.45122903271091924,0.0,0.0,0.0,0.0,0.0,0.0,-0.37982452833435865,-0.8400783470430389,3.1400170301441124,-0.29633532291643844,-0.7914180290220834,3.151466498443124,0.0,0.0,0.0
0.8800000000000006,0.0,0.0,0.439048909392466,0.0,0.0,0.0,0.0,0.0,0.0,-0.38891448901416004,-0.8487315132394762,3.1353129337966,-0.30752188066564456,-0.8018730824231072,3.1473790205235983,0.0,0.0,0.0
0.8900000000000006,0.0,0.0,0.4265503750431481,0.0,0.0,0.0,0.0,0.0,0.0,-0.3977413162455048,-0.8571725465096667,3.1305699972129997,-0.3184882409745568,-0.8120106363499164,3.1432639468835357,0.0,0.0,0.0
0.9000000000000006,0.0,0.0,0.4137438259453946,0.0,0.0,0.0,0.0,0.0,0.0,-0.4063060912088061,-0.865403971834068,3.1257809776415435,-0.3292223358333163,-0.8218440097151185,3.139114221931855,0.0,0.0,0.0
0.9100000000000006,0.0,0.0,0.40064022707834335,0.0,0.0,0.0,0.0,0.0,0.0,-0.4146102036768733,-0.8734289282981749,3.1209391191811227,-0.33971420743034575,-0.8313852747548715,3.1349232201658164,0.0,0.0,0.0
0.9200000000000006,0.0,0.0,0.38725104762523227,0.0,0.0,0.0,0.0,0.0,0.0,-0.4226551081181982,-0.8812510709833159,3.1160381322820996,-0.3499557536737714,-0.8406455019641141,3.130684698108804,0.0,0.0,0.0
0.9300000000000006,0.0,0.0,0.3735882004284441,0.0,0.0,0.0,0.0,0.0,0.0,-0.43044213446262125,-0.8888744682163363,3.1110721696924717,-0.35994046821598535,-0.8496349505893054,3.1263927541750465,0.0,0.0,0.0
0.9400000000000006,0.0,0.0,0.35966398729326793,0.0,0.0,0.0,0.0,0.0,0.0,-0.43797234655464257,-0.8963035013951806,3.1060358008849267,-0.3696631854993211,-0.8583632144265915,3.122041796202863,0.0,0.0,0.0
0.9500000000000006,0.0,0.0,0.34549105099726707,0.0,0.0,0.0,0.0,0.0,0.0,-0.44524643991195445,-0.9035427719090667,3.1009239865130676,-0.37911983838957825,-0.8668393316641768,3.1176265158948913,0.0,0.0,0.0
0.9600000000000006,0.0,0.0,0.3310823341664028,0.0,0.0,0.0,0.0,0.0,0.0,-0.45226466994424186,-0.9105970176178282,3.0957320539789857,-0.388307233268757,-0.8750718662978318,3.113141869123661,0.0,0.0,0.0
0.9700000000000006,0.0,0.0,0.31645104477435343,0.0,0.0,0.0,0.0,0.0,0.0,-0.4590268022082191,-0.9174710398852866,3.0904556747106855,-0.39722284513985984,-0.8830689674057745,3.108583060954756,0.0,0.0,0.0
0.9800000000000006,0.0,0.0,0.30161063710615493,0.0,0.0,0.0,0.0,0.0,0.0,-0.46553220586097854,-0.9241696420016847,3.085090788229995,-0.40586463345193907,-0.8908384114061131,3.1039455342411233,0.0,0.0,0.0
0.9900000000000007,0.0,0.0,0.28657483902445263,0.0,0.0,0.0,0.0,0.0,0.0,-0.47178064763615124,-0.9306976204294708,3.0796333079710045,-0.4142309032518406,-0.8983876316175455,3.0992249456287295,0.0,0.0,0.0
1.0000000000000007,0.0,0.0,0.2713576486481643,0.0,0.0,0.0,0.0,0.0,0.0,-0.47777318220517717,-0.93705995303457,3.074079173096067,-0.4223203725111302,-0.905723768139068,3.09441709313484,0.0,0.0,0.0
1.0100000000000007,0.0,0.0,0.255973250088564,0.0,0.0,0.0,0.0,0.0,0.0,-0.4835123031866937,-0.9432618960396577,3.068424647539505,-0.4301325260081866,-0.9128538564204133,3.089518000954822,0.0,0.0,0.0
1.0200000000000007,0.0,0.0,0.2404359149767782,0.0,0.0,0.0,0.0,0.0,0.0,-0.4890017751081115,-0.9493088134647452,3.062666327752552,-0.4376677817665366,-0.9197849684851365,3.08452409115595,0.0,0.0,0.0
1.0300000000000007,0.0,0.0,0.22475991906945203,0.0,0.0,0.0,0.0,0.0,0.0,-0.49424640841915535,-0.9552060233163266,3.0568011629809555,-0.4449275057723894,-0.9265241620508503,3.0794321179713795,0.0,0.0,0.0
1.0400000000000007,0.0,0.0,0.20895948063128694,0.0,0.0,0.0,0.0,0.0,0.0,-0.49925178466307196,-0.9609586535518266,3.0508264534649943,-0.45191398094479,-0.9330784124379597,3.074239123934577,0.0,0.0,0.0
1.0500000000000007,0.0,0.0,0.19304872266946077,0.0,0.0,0.0,0.0,0.0,0.0,-0.5040239622741329,-0.9665715251129199,3.0447398386169686,-0.4586303269909809,-0.9394545261718285,3.0689423928808997,0.0,0.0,0.0
1.0600000000000007,0.0,0.0,0.17704165858541226,0.0,0.0,0.0,0.0,0.0,0.0,-0.5085691883981989,-0.9720490662827004,3.0385392737966574,-0.4650803822226991,-0.9456590531577389,3.063539410271942,0.0,0.0,0.0
1.0700000000000007,0.0,0.0,0.1609521986230693,0.0,0.0,0.0,0.0,0.0,0.0,-0.5128936407858524,-0.9773952622773989,3.0322229994588152,-0.4712685584500407,-0.9516982063300988,3.0580278297616816,0.0,0.0,0.0
1.0800000000000007,0.0,0.0,0.14479417276240664,0.0,0.0,0.0,0.0,0.0,0.0,-0.5170032170691559,-0.9826136396733567,3.0257895061240028,-0.4771996825929539,-0.9575777974209535,3.052405447787975,0.0,0.0,0.0
1.0900000000000007,0.0,0.0,0.12858136468063291,0.0,0.0,0.0,0.0,0.0,0.0,-0.5209033809680781,-0.9877072820501622,3.0192374989513686,-0.4828788380750828,-0.9633031941827878,3.046670186552384,0.0,0.0,0.0
1.1000000000000008,0.0,0.0,0.11232755123281807,0.0,0.0,0.0,0.0,0.0,0.0,-0.5245990701007033,-0.9926788704970568,3.0125658638563073,-0.48831121718096404,-0.9688793013653763,3.040820085163041,0.0,0.0,0.0
1.1100000000000008,0.0,0.0,0.09604654230389137,0.0,0.0,0.0,0.0,0.0,0.0,-0.528094667850334,-0.9975307419839172,3.0057736361692555,-0.4935019931787251,-0.97431056470407,3.0348532975243696,0.0,0.0,0.0
1.1200000000000008,0.0,0.0,0.0797522161711236,0.0,0.0,0.0,0.0,0.0,0.0,-0.5313940190188897,-1.002264958890617,2.9988599811035375,-0.49845621974307897,-0.9796009954486459,3.0287680951923095,0.0,0.0,0.0
1.1300000000000008,0.0,0.0,0.06345854736920165,0.0,0.0,0.0,0.0,0.0,0.0,-0.5345004693239379,-1.0068833771781835,2.9918241823253204,-0.5031787594359913,-0.984754212030818,3.0225628761422607,0.0,0.0,0.0
1.1400000000000008,0.0,0.0,0.047179626048063805,0.0,0.0,0.0,0.0,0.0,0.0,-0.5374169274597103,-1.0113877060568877,2.984665631197765,-0.5076742337110463,-0.9897734900044177,3.016236175396361,0.0,0.0,0.0
1.1500000000000008,0.0,0.0,0.03092966846742412,0.0,0.0,0.0,0.0,0.0,0.0,-0.540145943494323,-1.0157795598777692,2.977383821162323,-0.5119469946061754,-0.9946618137488644,3.0097866720012214,0.0,0.0,0.0
1.1600000000000008,0.0,0.0,0.014723018896640128,0.0,0.0,0.0,0.0,0.0,0.0,-0.5426897954624241,-1.0200604992686793,2.9699783452061004,-0.5160011167816853,-0.9994219285514366,3.003213195567143,0.0,0.0,0.0
1.1700000000000008,0.0,0.0,-0.001425856219903876,0.0,0.0,0.0,0.0,0.0,0.0,-0.5450505781353261,-1.0242320609612152,2.962448895699217,-0.5198404063606386,-1.0040563891784622,2.996514730851196,0.0,0.0,0.0
1.1800000000000008,0.0,0.0,-0.017502380601215617,0.0,0.0,0.0,0.0,0.0,0.0,-0.5472302893542245,-1.0282957766422163,2.954795265608011,-0.5234684231895006,-1.008567602691622,2.9896904202991954,0.0,0.0,0.0
1.1900000000000008,0.0,0.0,-0.03349188557544314,0.0,0.0,0.0,0.0,0.0,0.0,-0.5492309107537059,-1.0322531820669765,2.947017350357165,-0.5268885131735489,-1.0129578640576902,2.9827395644648624,0.0,0.0,0.0
1.2000000000000008,0.0,0.0,-0.049379631233296695,0.0,0.0,0.0,0.0,0.0,0.0,-0.5510544808597646,-1.0361058181411318,2.9391151497705157,-0.5301038476559982,-1.0172293840119917,2.9756616205210613,0.0,0.0,0.0
1.2100000000000009,0.0,0.0,-0.06515083000074418,0.0,0.0,0.0,0.0,0.0,0.0,-0.552703159470556,-1.0398552258875808,2.9310887697048047,-0.5331174671832647,-1.0213843093096764,2.96845619918449,0.0,0.0,0.0
1.2200000000000009,0.0,0.0,-0.08079067152419295,0.0,0.0,0.0,0.0,0.0,0.0,-0.5541792829172185,-1.0435029371955178,2.922938423141962,-0.5359323274130373,-1.0254247360016353,2.961123060436636,0.0,0.0,0.0
1.2300000000000009,0.0,0.0,-0.09628434797644703,0.0,0.0,0.0,0.0,0.0,0.0,-0.5554854102942022,-1.0470504630783237,2.9146644306292773,-0.5385513453294938,-1.029352716689156,2.953662108421736,0.0,0.0,0.0
1.2400000000000009,0.0,0.0,-0.11161707911215107,0.0,0.0,0.0,0.0,0.0,0.0,-0.5566243610801815,-1.0504992809041012,2.9062672200472663,-0.5409774443115863,-1.0331702628744124,2.946073385867435,0.0,0.0,0.0
1.2500000000000009,0.0,0.0,-0.12677413660771952,0.0,0.0,0.0,0.0,0.0,0.0,-0.5575992447792784,-1.0538508217595357,2.8977473257471313,-0.5432135969430256,-1.036879343561633,2.9383570683160856,0.0,0.0,0.0
1.260000000000001,0.0,0.0,-0.14174086740100372,0.0,0.0,0.0,0.0,0.0,0.0,-0.5584134833298693,-1.0571064588016537,2.8891053871365546,-0.545262864752203,-1.0404818812101113,2.9305134583908,0.0,0.0,0.0
1.270000000000001,0.0,0.0,-0.15650271589437087,0.0,0.0,0.0,0.0,0.0,0.0,-0.5590708270812157,-1.0602674971696437,2.880342146810698,-0.5471284343263519,-1.043979746025805,2.9225429802563703,0.0,0.0,0.0
1.280000000000001,0.0,0.0,-0.1710452450001103,0.0,0.0,0.0,0.0,0.0,0.0,-0.559575365146614,-1.063335165785099,2.871458448328886,-0.5488136494592848,-1.0473747494292696,2.91444617437909,0.0,0.0,0.0
1.290000000000001,0.0,0.0,-0.18535415609102424,0.0,0.0,0.0,0.0,0.0,0.0,-0.5599315309214474,-1.0663106111717227,2.8624552337324882,-0.550322039169535,-1.050668637375165,2.906223692641869,0.0,0.0,0.0
1.300000000000001,0.0,0.0,-0.19941530797522072,0.0,0.0,0.0,0.0,0.0,0.0,-0.5601441035157597,-1.0691948932743767,2.8533335408879776,-0.55165734156994,-1.053863084037957,2.8978762938354445,0.0,0.0,0.0
1.310000000000001,0.0,0.0,-0.21321473504718513,0.0,0.0,0.0,0.0,0.0,0.0,-0.5602182058022267,-1.0719889831506606,2.8440945007259106,-0.5528235236845447,-1.0569596862300814,2.889404839519617,0.0,0.0,0.0
1.320000000000001,0.0,0.0,-0.22673866478179855,0.0,0.0,0.0,0.0,0.0,0.0,-0.5601592997264708,-1.0746937623390114,2.8347393344318403,-0.5538247973983442,-1.0599599587892967,2.8808102902314965,0.0,0.0,0.0
1.330000000000001,0.0,0.0,-0.2399735347387788,0.0,0.0,0.0,0.0,0.0,0.0,-0.5599731794716245,-1.0773100236700133,2.8252693506315634,-0.5546656317932199,-1.0628653310638896,2.87209370200765,0.0,0.0,0.0
1.340000000000001,0.0,0.0,-0.25290600923596535,0.0,0.0,0.0,0.0,0.0,0.0,-0.5596659630151284,-1.0798384732750481,2.815685942600645,-0.5553507621729158,-1.065677144538665,2.8632562231824887,0.0,0.0,0.0
1.350000000000001,0.0,0.0,-0.2655229958345273,0.0,0.0,0.0,0.0,0.0,0.0,-0.5592440825644449,-1.0822797335528547,2.805990585517231,-0.5558851961140212,-1.068396651580127,2.8542990914250144,0.0,0.0,0.0
1.360000000000001,0.0,0.0,-0.2778116617602942,0.0,0.0,0.0,0.0,0.0,0.0,-0.5587142743094395,-1.0846343468760669,2.7961848337682476,-0.5562742169012898,-1.071025015233949,2.8452236309780696,0.0,0.0,0.0
1.370000000000001,0.0,0.0,-0.2897594503653319,0.0,0.0,0.0,0.0,0.0,0.0,-0.5580835678771074,-1.08690277985502,2.786270318310861,-0.5565233847164398,-1.0735633099799906,2.8360312500684826,0.0,0.0,0.0
1.380000000000001,0.0,0.0,-0.30135409771456617,0.0,0.0,0.0,0.0,0.0,0.0,-0.5573592757876666,-1.0890854280396662,2.776248744084742,-0.5566385359502299,-1.0760125233376374,2.826723438460666,0.0,0.0,0.0
1.390000000000001,0.0,0.0,-0.3125836493581585,0.0,0.0,0.0,0.0,0.0,0.0,-0.5565489646032451,-1.0911826302032601,2.766121887450378,-0.5566257809916929,-1.0783735582211729,2.8173017651316776,0.0,0.0,0.0
1.400000000000001,0.0,0.0,-0.32343647761710437,0.0,0.0,0.0,0.0,0.0,0.0,-0.5556603009129053,-1.0931947451330726,2.7558915937067754,-0.5564914969544321,-1.0806472381929222,2.8077678760475346,0.0,0.0,0.0
1.410000000000001,0.0,0.0,-0.33390130182088007,0.0,0.0,0.0,0.0,0.0,0.0,-0.5547009134044889,-1.0951222194741383,2.7455597757904715,-0.5562422871891513,-1.0828343318731422,2.798123492050974,0.0,0.0,0.0
1.420000000000001,0.0,0.0,-0.3439672129817125,0.0,0.0,0.0,0.0,0.0,0.0,-0.5536784165462614,-1.0969655723215532,2.735128413911787,-0.5558849042776447,-1.0849355977248571,2.788370407132598,0.0,0.0,0.0
1.430000000000001,0.0,0.0,-0.35362369902049473,0.0,0.0,0.0,0.0,0.0,0.0,-0.5526004734466219,-1.0987253591296327,2.7245995531779297,-0.555426222624962,-1.0869517976483736,2.7785104868472548,0.0,0.0,0.0
1.440000000000001,0.0,0.0,-0.36286066702873154,0.0,0.0,0.0,0.0,0.0,0.0,-0.5514748570669015,-1.1004021401525987,2.7139752996112327,-0.5548732352885053,-1.0888836947155118,2.768545665599904,0.0,0.0,0.0
1.450000000000001,0.0,0.0,-0.3716684623775723,0.0,0.0,0.0,0.0,0.0,0.0,-0.5503095079421232,-1.1019964565204567,2.7032578159483407,-0.5542330611088193,-1.090732046317494,2.758477943632473,0.0,0.0,0.0
1.460000000000001,0.0,0.0,-0.3800378852092352,0.0,0.0,0.0,0.0,0.0,0.0,-0.549112588844602,-1.1035088139397544,2.6924493172324655,-0.5535129596091737,-1.0924975961906345,2.7483093847117153,0.0,0.0,0.0
1.470000000000001,0.0,0.0,-0.3879440259114251,0.0,0.0,0.0,0.0,0.0,0.0,-0.5465931624960136,-1.10221425477358,2.677166198385295,-0.5527203520166432,-1.094181066919539,2.738042114381395,0.0,0.0,0.0
1.480000000000001,0.0,0.0,-0.39530880073741353,0.0,0.0,0.0,0.0,0.0,0.0,-0.5398318962547617,-1.0917992419274944,2.6457492038317305,-0.5509885258123824,-1.093702974431135,2.724164360906829,0.0,0.0,0.0
1.490000000000001,0.0,0.0,-0.4021365858534701,0.0,0.0,0.0,0.0,0.0,0.0,-0.5366502151035271,-1.0878211765202894,2.619239536905398,-0.5461608226863515,-1.085892773825815,2.697362148981676,0.0,0.0,0.0
1.500000000000001,0.0,0.0,-0.40851982022408256,0.0,0.0,0.0,0.0,0.0,0.0,-0.5347973075939683,-1.0859862319745717,2.5927464055745215,-0.5428959104971088,-1.081660117260711,2.6743995035805153,0.0,0.0,0.0
1.5100000000000011,0.0,0.0,-0.4145240759395115,0.0,0.0,0.0,0.0,0.0,0.0,-0.5342378392999001,-1.086379599107334,2.5675718590800827,-0.540214973647856,-1.0785935479623532,2.65125633176007,0.0,0.0,0.0
1.5200000000000011,0.0,0.0,-0.420182065774537,0.0,0.0,0.0,0.0,0.0,0.0,-0.5344049293401136,-1.088061649996101,2.543230533749398,-0.5383079849776442,-1.0771026383035474,2.6288652404588557,0.0,0.0,0.0
1.5300000000000011,0.0,0.0,-0.4255021395392516,0.0,0.0,0.0,0.0,0.0,0.0,-0.5350073700798987,-1.0906582645659082,2.519683821023528,-0.5369838766339531,-1.076744302163441,2.6068089150335747,0.0,0.0,0.0
1.5400000000000011,0.0,0.0,-0.4304841822602287,0.0,0.0,0.0,0.0,0.0,0.0,-0.5358344126889667,-1.0938686016219972,2.4968121904725336,-0.536142223040854,-1.0773396345198694,2.585078938248136,0.0,0.0,0.0
1.5500000000000012,0.0,0.0,-0.4351276519788929,0.0,0.0,0.0,0.0,0.0,0.0,-0.5367859934877313,-1.0974534125726065,2.474574952265228,-0.5356772760783205,-1.0787100560099478,2.563619396366352,0.0,0.0,0.0
1.5600000000000012,0.0,0.0,-0.43942871811720957,0.0,0.0,0.0,0.0,0.0,0.0,-0.5378086718206225,-1.1011788404978478,2.452916649686232,-0.5355134687011275,-1.0807032237308025,2.542433457764082,0.0,0.0,0.0
1.5700000000000012,0.0,0.0,-0.4433775334077744,0.0,0.0,0.0,0.0,0.0,0.0,-0.5388693461383849,-1.1048562968708309,2.4317835881864323,-0.5355879294452373,-1.0831515906175884,2.5215113195145338,0.0,0.0,0.0
1.5800000000000012,0.0,0.0,-0.44695897255428896,0.0,0.0,0.0,0.0,0.0,0.0,-0.5399414409794809,-1.1083490390254171,2.4111247372330933,-0.5358498641024932,-1.085897261879508,2.500844742398501,0.0,0.0,0.0
1.5900000000000012,0.0,0.0,-0.4501554161780322,0.0,0.0,0.0,0.0,0.0,0.0,-0.5410102450746608,-1.1115681421908188,2.3908911808428943,-0.5362556569689675,-1.0888017776156533,2.4804279140290206,0.0,0.0,0.0
1.6000000000000012,0.0,0.0,-0.4529491039216754,0.0,0.0,0.0,0.0,0.0,0.0,-0.542077140616781,-1.1144660635048482,2.3710388148008894,-0.536770319883211,-1.091750636459167,2.4602567261344794,0.0,0.0,0.0
1.6100000000000012,0.0,0.0,-0.45532371355526235,0.0,0.0,0.0,0.0,0.0,0.0,-0.5431596783606887,-1.117027806137485,2.3515290734175243,-0.5373695194750291,-1.0946553861790644,2.4403297711860805,0.0,0.0,0.0
1.6200000000000012,0.0,0.0,-0.45726529142457906,0.0,0.0,0.0,0.0,0.0,0.0,-0.5442896140552771,-1.1192625054638032,2.3323289940804814,-0.5380402343072977,-1.0974523954523707,2.4206476567838253,0.0,0.0,0.0
1.6300000000000012,0.0,0.0,-0.458762700418032,0.0,0.0,0.0,0.0,0.0,0.0,-0.5455099344363774,-1.1211962509369124,2.313410837561971,-0.5387805481196816,-1.1001001716885326,2.4012120995845865,0.0,0.0,0.0
1.6400000000000012,0.0,0.0,-0.45980770773486324,0.0,0.0,0.0,0.0,0.0,0.0,-0.5468711147776393,-1.122866451187928,2.294751655019444,-0.5395988324013614,-1.1025760633061383,2.3820250601071136,0.0,0.0,0.0
1.6500000000000012,0.0,0.0,-0.46039478464804773,0.0,0.0,0.0,0.0,0.0,0.0,-0.5484261992169588,-1.1243176261909977,2.2763329917017594,-0.5405124156506534,-1.104872916367621,2.363088135971287,0.0,0.0,0.0
1.6600000000000013,0.0,0.0,-0.4605216246692122,0.0,0.0,0.0,0.0,0.0,0.0,-0.5502345139938039,-1.1255983092086752,2.258137088407384,-0.5415455895065133,-1.1069959364076656,2.344402208135388,0.0,0.0,0.0
1.6700000000000013,0.0,0.0,-0.46019076968270467,0.0,0.0,0.0,0.0,0.0,0.0,-0.5523791608277651,-1.1267612392927462,2.2401423672229126,-0.5427288153310549,-1.1089598242061758,2.3259662447272262,0.0,0.0,0.0
1.6800000000000013,0.0,0.0,-0.45941068059034834,0.0,0.0,0.0,0.0,0.0,0.0,-0.554981175006745,-1.1278665927051268,2.2223255411134857,-0.5441040362373243,-1.1107881086844664,2.3077766185065864,0.0,0.0,0.0
1.6900000000000013,0.0,0.0,-0.45819536022800456,0.0,0.0,0.0,0.0,0.0,0.0,-0.5581984880983,-1.1289827953989957,2.204665942057785,-0.5457325528837017,-1.1125149360490887,2.2898297505237863,0.0,0.0,0.0
1.7000000000000013,0.0,0.0,-0.4565630180309006,0.0,0.0,0.0,0.0,0.0,0.0,-0.5622134419681311,-1.1301839700085008,2.187147875333338,-0.5476986917892075,-1.1141854626164391,2.2721244315629474,0.0,0.0,0.0
1.7100000000000013,0.0,0.0,-0.45453463201470606,0.0,0.0,0.0,0.0,0.0,0.0,-0.5672178012355249,-1.1315463240941908,2.169760572081607,-0.5501084105279745,-1.1158537861654105,2.2546617688396653,0.0,0.0,0.0
1.7200000000000013,0.0,0.0,-0.4521332463572897,0.0,0.0,0.0,0.0,0.0,0.0,-0.5734048639073759,-1.1331452834881874,2.152495525132264,-0.5530846578789085,-1.117579818505598,2.2374438910058627,0.0,0.0,0.0
1.7300000000000013,0.0,0.0,-0.44938426287832545,0.0,0.0,0.0,0.0,0.0,0.0,-0.5809732681130335,-1.1350547285584858,2.13534306798694,-0.5567631184918109,-1.119426481880824,2.220472115991083,0.0,0.0,0.0
1.7400000000000013,0.0,0.0,-0.4463161419581564,0.0,0.0,0.0,0.0,0.0,0.0,-0.5901378041280956,-1.1373480842671877,2.1182907800697715,-0.5612914655172345,-1.1214584966707422,2.2037459343392025,0.0,0.0,0.0
1.7500000000000013,0.0,0.0,-0.44295903283976257,0.0,0.0,0.0,0.0,0.0,0.0,-0.6011201472478169,-1.140099619078737,2.1013310937158054,-0.5668326279272224,-1.1237428627339132,2.187263513096554,0.0,0.0,0.0
1.7600000000000013,0.0,0.0,-0.43933517842140013,0.0,0.0,0.0,0.0,0.0,0.0,-0.6140475119305426,-1.143380201401171,2.084493529418106,-0.5735655322629559,-1.1263498635946834,2.171025070591139,0.0,0.0,0.0
1.7700000000000014,0.0,0.0,-0.4354329801564957,0.0,0.0,0.0,0.0,0.0,0.0,-0.62865888676787,-1.147232525303132,2.0679115187387307,-0.5816593575925311,-1.1293499591621983,2.1550410867724867,0.0,0.0,0.0
1.7800000000000014,0.0,0.0,-0.4311855316465727,0.0,0.0,0.0,0.0,0.0,0.0,-0.6440218510147551,-1.1516070018630238,2.05180847785996,-0.5911746134963214,-1.1327945498617882,2.139342347543365,0.0,0.0,0.0
1.7900000000000014,0.0,0.0,-0.42646360836039443,0.0,0.0,0.0,0.0,0.0,0.0,-0.6583325914108933,-1.1563343154922983,2.03646755106695,-0.6018967391764473,-1.1366643003607058,2.123952472372764,0.0,0.0,0.0
1.8000000000000014,0.0,0.0,-0.4211476644662408,0.0,0.0,0.0,0.0,0.0,0.0,-0.6694146042206603,-1.1611563459771723,2.0219423935205216,-0.6131969544610383,-1.1408318059298541,2.1088552739732145,0.0,0.0,0.0
1.8100000000000014,0.0,0.0,-0.4152434513827215,0.0,0.0,0.0,0.0,0.0,0.0,-0.6757861619114713,-1.1659400654566756,2.00788884821424,-0.624018677452831,-1.1450571955239115,2.0939189251224533,0.0,0.0,0.0
1.8200000000000014,0.0,0.0,-0.4088820526659799,0.0,0.0,0.0,0.0,0.0,0.0,-0.6770217764289521,-1.170871252182014,1.9939585856576647,-0.6332894557848405,-1.1491361837937568,2.078894864187862,0.0,0.0,0.0
1.8300000000000014,0.0,0.0,-0.40224638940668167,0.0,0.0,0.0,0.0,0.0,0.0,-0.6737337696634587,-1.1762232892180937,1.9798945566875497,-0.6402673333381681,-1.1531010844964587,2.0636675199984262,0.0,0.0,0.0
1.8400000000000014,0.0,0.0,-0.3954478004840888,0.0,0.0,0.0,0.0,0.0,0.0,-0.6673094203430536,-1.1820224297321094,1.9656545698900243,-0.6446309940577297,-1.1571463660204542,2.048262866506786,0.0,0.0,0.0
1.8500000000000014,0.0,0.0,-0.3884382363538385,0.0,0.0,0.0,0.0,0.0,0.0,-0.6593560953490409,-1.1878409799209515,1.9514054717210079,-0.64653563708576,-1.1614620289386015,2.032806739924858,0.0,0.0,0.0
1.8600000000000014,0.0,0.0,-0.38095955533310455,0.0,0.0,0.0,0.0,0.0,0.0,-0.6514405993130223,-1.192625107252621,1.9373970451482756,-0.6464257506835341,-1.1660315461376978,2.017476007587205,0.0,0.0,0.0
1.8700000000000014,0.0,0.0,-0.3726040850066837,0.0,0.0,0.0,0.0,0.0,0.0,-0.6446866708882417,-1.1949619237716722,1.9238537967514833,-0.6449035476035048,-1.1704935600336281,2.002374783040636,0.0,0.0,0.0
1.8800000000000014,0.0,0.0,-0.3630243184463152,0.0,0.0,0.0,0.0,0.0,0.0,-0.6397044514250259,-1.1936982333100774,1.910676181941675,-0.6425859884327487,-1.1741102425606462,1.9875285294536649,0.0,0.0,0.0
1.8900000000000015,0.0,0.0,-0.3520422544991208,0.0,0.0,0.0,0.0,0.0,0.0,-0.6367859908258233,-1.1883855128859526,1.8976516026432209,-0.6399549973735104,-1.176039458768608,1.9728007939918721,0.0,0.0,0.0
1.9000000000000015,0.0,0.0,-0.3396610435819884,0.0,0.0,0.0,0.0,0.0,0.0,-0.6358529816586709,-1.1793045384019218,1.884619190243027,-0.6374453113349937,-1.175670318593341,1.958068687650642,0.0,0.0,0.0
1.9100000000000015,0.0,0.0,-0.32608099335446505,0.0,0.0,0.0,0.0,0.0,0.0,-0.6365956140659703,-1.1673436757158577,1.8713850298559578,-0.6353676314813387,-1.1727611490355598,1.9433110526647437,0.0,0.0,0.0
1.9200000000000015,0.0,0.0,-0.3116462166582573,0.0,0.0,0.0,0.0,0.0,0.0,-0.6386342807835739,-1.1537861931204865,1.8578522688528927,-0.6339028330713959,-1.1674298823411502,1.9285368801170424,0.0,0.0,0.0
1.9300000000000015,0.0,0.0,-0.2967487713766229,0.0,0.0,0.0,0.0,0.0,0.0,-0.641608792115735,-1.1399544791199965,1.8440426610323937,-0.6331430768962438,-1.1601519734375534,1.9138162288864966,0.0,0.0,0.0
1.9400000000000015,0.0,0.0,-0.2817795121572563,0.0,0.0,0.0,0.0,0.0,0.0,-0.645237544706073,-1.1270095088084044,1.8300004000047188,-0.6331116192097477,-1.1515831384449147,1.8992651423896083,0.0,0.0,0.0
1.9500000000000015,0.0,0.0,-0.2670780771093126,0.0,0.0,0.0,0.0,0.0,0.0,-0.6493471124790395,-1.1158497090719175,1.8158142499404817,-0.6337850864330452,-1.1424318397607562,1.8849654625728354,0.0,0.0,0.0
1.9600000000000015,0.0,0.0,-0.25285654066799323,0.0,0.0,0.0,0.0,0.0,0.0,-0.6537657784882998,-1.1069587323048693,1.80165826004436,-0.635127173106633,-1.1333743403914862,1.8709833081850915,0.0,0.0,0.0
1.9700000000000015,0.0,0.0,-0.23915254638980124,0.0,0.0,0.0,0.0,0.0,0.0,-0.658235771660733,-1.100304437275859,1.7877365598578812,-0.6370786933007425,-1.1249622459821698,1.857372133305081,0.0,0.0,0.0
1.9800000000000015,0.0,0.0,-0.225870276275497,0.0,0.0,0.0,0.0,0.0,0.0,-0.6624734519596407,-1.095454927346652,1.7741614113666615,-0.6395127950916747,-1.1175019352001379,1.8441521989809555,0.0,0.0,0.0
1.9900000000000015,0.0,0.0,-0.2128365478656868,0.0,0.0,0.0,0.0,0.0,0.0,-0.6662530540848379,-1.091780956777268,1.7609778606558177,-0.6422477085202519,-1.1110454625964803,1.831266237044807,0.0,0.0,0.0
2.0000000000000013,0.0,0.0,-0.19986147047672592,0.0,0.0,0.0,0.0,0.0,0.0,-0.6694277029681934,-1.0886343625166046,1.7481712719142184,-0.6450935150231365,-1.1054623226483642,1.8186303696634745,0.0,0.0,0.0
2.010000000000001,0.0,0.0,-0.18680896379034803,0.0,0.0,0.0,0.0,0.0,0.0,-0.6719229760498193,-1.0855298042651707,1.7356671762359603,-0.6478788540011378,-1.1005151654508725,1.8061580398193011,0.0,0.0,0.0
2.020000000000001,0.0,0.0,-0.17360730881672234,0.0,0.0,0.0,0.0,0.0,0.0,-0.6737375139881521,-1.0821844188642782,1.7233938939700244,-0.6504653427964872,-1.095951063227913,1.7937725885970601,0.0,0.0,0.0
2.0300000000000007,0.0,0.0,-0.16019350556882195,0.0,0.0,0.0,0.0,0.0,0.0,-0.6749349146557215,-1.0783817914709086,1.711333955488215,-0.6527581997387075,-1.0915750713489556,1.7814327788119273,0.0,0.0,0.0
2.0400000000000005,0.0,0.0,-0.14650368570067093,0.0,0.0,0.0,0.0,0.0,0.0,-0.675609962548428,-1.0739180223857399,1.6994706351819215,-0.6547072102196911,-1.0872230481139271,1.7691421482807823,0.0,0.0,0.0
2.0500000000000003,0.0,0.0,-0.13249620769806483,0.0,0.0,0.0,0.0,0.0,0.0,-0.6758717028841157,-1.0686496786839537,1.687770922371107,-0.6562936058622364,-1.0827243558850421,1.7569079689422453,0.0,0.0,0.0
2.06,0.0,0.0,-0.1181546646507185,0.0,0.0,0.0,0.0,0.0,0.0,-0.6758388681868164,-1.062505798534486,1.676208058390921,-0.6575239055320758,-1.0779261466406997,1.7447315551518319,0.0,0.0,0.0
2.07,0.0,0.0,-0.10348333186271458,0.0,0.0,0.0,0.0,0.0,0.0,-0.6756302687205633,-1.055471708762973,1.6647625057844175,-0.6584280897510162,-1.072710033089468,1.7326221450496766,0.0,0.0,0.0
2.0799999999999996,0.0,0.0,-0.08850185554093021,0.0,0.0,0.0,0.0,0.0,0.0,-0.6753572494428892,-1.0475720718738772,1.6534220696497766,-0.6590532111358022,-1.0669917386038363,1.7205937094420858,0.0,0.0,0.0
2.0899999999999994,0.0,0.0,-0.07324077552854447,0.0,0.0,0.0,0.0,0.0,0.0,-0.6751182966156373,-1.0388567260787158,1.6421804542800063,-0.6594571893484772,-1.060717297356554,1.7086624109549209,0.0,0.0,0.0
2.099999999999999,0.0,0.0,-0.05773799402512764,0.0,0.0,0.0,0.0,0.0,0.0,-0.674996097950767,-1.0293900410852022,1.6310359307934958,-0.659703197620326,-1.0538580114520493,1.6968442064562126,0.0,0.0,0.0
2.109999999999999,0.0,0.0,-0.042036028920138246,0.0,0.0,0.0,0.0,0.0,0.0,-0.6750566479009088,-1.0192431085596536,1.6199900853961924,-0.6598551354155444,-1.0464054508093623,1.685153494168255,0.0,0.0,0.0
2.1199999999999988,0.0,0.0,-0.02617988700457541,0.0,0.0,0.0,0.0,0.0,0.0,-0.6753498525876847,-1.0084881794901968,1.6090467911110586,-0.6599742407135433,-1.0383667993416195,1.6736024251078585,0.0,0.0,0.0
2.1299999999999986,0.0,0.0,-0.010215434166430781,0.0,0.0,0.0,0.0,0.0,0.0,-0.6759110124896599,-0.9971948317866475,1.5982113963003295,-0.6601167802594355,-1.0297607231176715,1.6622007096640978,0.0,0.0,0.0
2.1399999999999983,0.0,0.0,0.005811823398841454,0.0,0.0,0.0,0.0,0.0,0.0,-0.6767626646643323,-0.9854274720835643,1.587490107266507,-0.660332636444177,-1.0206138128829816,1.6509557219766393,0.0,0.0,0.0
2.149999999999998,0.0,0.0,0.021857611735449756,0.0,0.0,0.0,0.0,0.0,0.0,-0.6779164381754386,-0.9732438617829331,1.5768895257516502,-0.6606645734463826,-1.0109576088050292,1.6398727654765821,0.0,0.0,0.0
2.159999999999998,0.0,0.0,0.03787947233314909,0.0,0.0,0.0,0.0,0.0,0.0,-0.6793747431540664,-0.9606944185617619,1.5664163081161624,-0.6611479795179719,-1.0008261867900319,1.628955404332319,0.0,0.0,0.0
2.1699999999999977,0.0,0.0,0.05383711135711089,0.0,0.0,0.0,0.0,0.0,0.0,-0.6811322334458945,-0.9478220856639639,1.5560769205580098,-0.6618109237367397,-0.990254267880495,1.6182058046744587,0.0,0.0,0.0
2.1799999999999975,0.0,0.0,0.06969256878990354,0.0,0.0,0.0,0.0,0.0,0.0,-0.6831770523352958,-0.93466259447612,1.54587747076425,-0.6626744108886472,-0.979275797563828,1.6076250553517824,0.0,0.0,0.0
2.1899999999999973,0.0,0.0,0.08541025692652637,0.0,0.0,0.0,0.0,0.0,0.0,-0.6854919027225355,-0.9212449778757572,1.5358235999376906,-0.6637527570771834,-0.9679229315547905,1.5972134536733655,0.0,0.0,0.0
2.199999999999997,0.0,0.0,0.10095691025935699,0.0,0.0,0.0,0.0,0.0,0.0,-0.688054991273289,-0.907592223859496,1.5259204216678892,-0.6650540382311225,-0.9562253601736237,1.5869707503288522,0.0,0.0,0.0
2.209999999999997,0.0,0.0,0.11630147995780693,0.0,0.0,0.0,0.0,0.0,0.0,-0.6908408907686752,-0.893721988898537,1.5161724964502734,-0.6665805843657124,-0.9442099048630452,1.5768963526776771,0.0,0.0,0.0
2.2199999999999966,0.0,0.0,0.13141499751985203,0.0,0.0,0.0,0.0,0.0,0.0,-0.6938213529221027,-0.8796473159379299,1.5065838329442989,-0.6683295056217088,-0.9319003261336329,1.5669894885522062,0.0,0.0,0.0
2.2299999999999964,0.0,0.0,0.1462704247961063,0.0,0.0,0.0,0.0,0.0,0.0,-0.6969660897669806,-0.8653773217655516,1.4971579090823837,-0.6702932432814626,-0.9193172902809417,1.55724933438168,0.0,0.0,0.0
2.239999999999996,0.0,0.0,0.16084250185203494,0.0,0.0,0.0,0.0,0.0,0.0,-0.7002435284593116,-0.8509178327621136,1.4878977077007591,-0.6724601416655348,-0.9064784508934586,1.5476751121601975,0.0,0.0,0.0
2.249999999999996,0.0,0.0,0.17510759998434944,0.0,0.0,0.0,0.0,0.0,0.0,-0.7036215340363798,-0.8362719577312001,1.4788057624337991,-0.6748150365651013,-0.8933986094089078,1.5382661598281415,0.0,0.0,0.0
2.259999999999996,0.0,0.0,0.18904358437799582,0.0,0.0,0.0,0.0,0.0,0.0,-0.7070680883415501,-0.8214405927505335,1.4698842103089276,-0.67733985408584,-0.8800899262713009,1.5290219792889133,0.0,0.0,0.0
2.2699999999999956,0.0,0.0,0.20262968906210785,0.0,0.0,0.0,0.0,0.0,0.0,-0.7105519109719607,-0.8064228568167622,1.4611348479618491,-0.6800142116465858,-0.8665621604364276,1.5199422657828152,0.0,0.0,0.0
2.2799999999999954,0.0,0.0,0.21584640568280264,0.0,0.0,0.0,0.0,0.0,0.0,-0.714043008956497,-0.7912164593137379,1.4525591887857208,-0.6828160111992089,-0.8528229200919482,1.5110269218486616,0.0,0.0,0.0
2.289999999999995,0.0,0.0,0.22867538624435368,0.0,0.0,0.0,0.0,0.0,0.0,-0.7175131447372445,-0.7758180030737309,1.4441585184205734,-0.6857220139176657,-0.8388779116051545,1.5022760586913368,0.0,0.0,0.0
2.299999999999995,0.0,0.0,0.24109914489062634,0.0,0.0,0.0,0.0,0.0,0.0,-0.7209362085783204,-0.7602237081713146,1.4359338561751671,-0.6887083856956052,-0.8247311773633924,1.4936899873730116,0.0,0.0,0.0
2.3099999999999947,0.0,0.0,0.2531006159838042,0.0,0.0,0.0,0.0,0.0,0.0,-0.7242885079524767,-0.7444304853388772,1.4278859691470083,-0.6917512020223001,-0.810385425162602,1.4852691784885343,0.0,0.0,0.0
2.3199999999999945,0.0,0.0,0.2646629740727281,0.0,0.0,0.0,0.0,0.0,0.0,-0.7275489780520639,-0.7284364522362998,1.4200155485705643,-0.6948269088358875,-0.7958426048983784,1.4770142471923007,0.0,0.0,0.0
2.3299999999999943,0.0,0.0,0.2757696509337316,0.0,0.0,0.0,0.0,0.0,0.0,-0.7306992939760317,-0.712240977966885,1.4123233031353806,-0.6979127326519167,-0.7811044028451286,1.4689259983945395,0.0,0.0,0.0
2.339999999999994,0.0,0.0,0.28640435004364834,0.0,0.0,0.0,0.0,0.0,0.0,-0.7337238976319219,-0.6958447196001676,1.4048099739529423,-0.700987024396057,-0.7661725088296072,1.4610054028456054,0.0,0.0,0.0
2.349999999999994,0.0,0.0,0.2965510594551436,0.0,0.0,0.0,0.0,0.0,0.0,-0.7366099566882521,-0.6792496688185192,1.3974763590101644,-0.7040295389064782,-0.7510488330598245,1.4532535310487371,0.0,0.0,0.0
2.3599999999999937,0.0,0.0,0.3061940663246777,0.0,0.0,0.0,0.0,0.0,0.0,-0.7393472648671496,-0.6624592000558912,1.390323326341694,-0.7070216545128715,-0.7357356932245966,1.4456715071857045,0.0,0.0,0.0
2.3699999999999934,0.0,0.0,0.31531797703667297,0.0,0.0,0.0,0.0,0.0,0.0,-0.741928118402324,-0.6454781067560773,1.3833518218275538,-0.7099465329040316,-0.7202359751038505,1.4382604659946878,0.0,0.0,0.0
2.3799999999999932,0.0,0.0,0.32390774663837824,0.0,0.0,0.0,0.0,0.0,0.0,-0.7443471686214991,-0.6283126271444825,1.37656287048656,-0.7127892280827315,-0.7045532686560644,1.4310215154534272,0.0,0.0,0.0
2.389999999999993,0.0,0.0,0.331948720280274,0.0,0.0,0.0,0.0,0.0,0.0,-0.746601231712906,-0.610970467264638,1.3699575715916321,-0.715536754096716,-0.688691979976614,1.423955703290417,0.0,0.0,0.0
2.399999999999993,0.0,0.0,0.3394266893376193,0.0,0.0,0.0,0.0,0.0,0.0,-0.748689096895962,-0.5934608040762352,1.363537087514933,-0.7181781039114674,-0.6726574260493499,1.417063986660599,0.0,0.0,0.0
2.4099999999999926,0.0,0.0,0.3463279636937845,0.0,0.0,0.0,0.0,0.0,0.0,-0.7506113778779527,-0.5757942533132371,1.3573026264172032,-0.7207042304946696,-0.6564559101772808,1.4103472041155147,0.0,0.0,0.0
2.4199999999999924,0.0,0.0,0.35263945921091366,0.0,0.0,0.0,0.0,0.0,0.0,-0.7523704242726541,-0.5579827987258075,1.3512554186669532,-0.723108012975597,-0.6400947721776882,1.4038060490723976,0.0,0.0,0.0
2.429999999999992,0.0,0.0,0.3583487973305085,0.0,0.0,0.0,0.0,0.0,0.0,-0.7539702968470591,-0.5400396834445138,1.3453966863151843,-0.7253842234805724,-0.6235824108499044,1.3974410437282259,0.0,0.0,0.0
2.439999999999992,0.0,0.0,0.36344440776587766,0.0,0.0,0.0,0.0,0.0,0.0,-0.7554167950173438,-0.5219792802993563,1.3397276033860774,-0.7275295063668207,-0.6069282775516406,1.3912525119551933,0.0,0.0,0.0
2.4499999999999917,0.0,0.0,0.3679156247654256,0.0,0.0,0.0,0.0,0.0,0.0,-0.75671750609908,-0.503816962166948,1.3342492452643668,-0.7295423754945349,-0.5901428440105881,1.3852405490347701,0.0,0.0,0.0
2.4599999999999915,0.0,0.0,0.37175278677176105,0.0,0.0,0.0,0.0,0.0,0.0,-0.7578818265437335,-0.4855689421412908,1.3289625262724096,-0.7314232262189795,-0.5732375535119262,1.3794049861125552,0.0,0.0,0.0
2.4699999999999913,0.0,0.0,0.3749473415464699,0.0,0.0,0.0,0.0,0.0,0.0,-0.7589208906008065,-0.4672520725863258,1.323868115863404,-0.733174347724621,-0.5562247534104916,1.3737453471694785,0.0,0.0,0.0
2.479999999999991,0.0,0.0,0.3774919445472862,0.0,0.0,0.0,0.0,0.0,0.0,-0.7598473372381122,-0.4488836353489918,1.3189663241511047,-0.7347999100516883,-0.5391175981360049,1.3682607929017054,0.0,0.0,0.0
2.489999999999991,0.0,0.0,0.3793805477023749,0.0,0.0,0.0,0.0,0.0,0.0,-0.7606748568457962,-0.43048113408854566,1.3142569508056077,-0.7363058912895889,-0.5219299341190397,1.3629500464672788,0.0,0.0,0.0
2.4999999999999907,0.0,0.0,0.3806084780556503,0.0,0.0,0.0,0.0,0.0,0.0,-0.7614174879879805,-0.41206209497206997,1.3097390885077511,-0.737699907001658,-0.5046761728162712,1.3578112979514534,0.0,0.0,0.0
2.5099999999999905,0.0,0.0,0.3811725066788708,0.0,0.0,0.0,0.0,0.0,0.0,-0.7620886786860852,-0.39364387956525476,1.3054108732208438,-0.7389909088906957,-0.48737115682659404,1.3528420817566986,0.0,0.0,0.0
2.5199999999999902,0.0,0.0,0.3810709083619859,0.0,0.0,0.0,0.0,0.0,0.0,-0.7627001775243194,-0.3752435117372686,1.3012691743215834,-0.7401887341992575,-0.4700300233368622,1.3480391205262574,0.0,0.0,0.0
2.52999999999999,0.0,0.0,0.38030351199062284,0.0,0.0,0.0,0.0,0.0,0.0,-0.7632608637270252,-0.35687751919890354,1.2973092182222603,-0.7413035098182313,-0.45266806826978156,1.3433981276881328,0.0,0.0,0.0
2.53999999999999,0.0,0.0,0.37887174051311073,0.0,0.0,0.0,0.0,0.0,0.0,-0.7637756503384109,-0.33856179009556076,1.293524138819,-0.7423449410224133,-0.4353006138022342,1.338913558741428,0.0,0.0,0.0
2.5499999999999896,0.0,0.0,0.3767786221382192,0.0,0.0,0.0,0.0,0.0,0.0,-0.7642462577710878,-0.32031145054344423,1.2899045504335922,-0.7433215381120608,-0.4179428815758447,1.3345782991080442,0.0,0.0,0.0
2.5599999999999894,0.0,0.0,0.3740287349442372,0.0,0.0,0.0,0.0,0.0,0.0,-0.7646765265048001,-0.3021407792674937,1.286438253415039,-0.7442402195751747,-0.4006098749006006,1.3303832999945022,0.0,0.0,0.0
2.569999999999989,0.0,0.0,0.3706281354291051,0.0,0.0,0.0,0.0,0.0,0.0,-0.7650760739797331,-0.2840631624571843,1.2831095109178703,-0.7451075270296229,-0.3833162780841308,1.326317162521232,0.0,0.0,0.0
2.579999999999989,0.0,0.0,0.3665843279347184,0.0,0.0,0.0,0.0,0.0,0.0,-0.7654587984266852,-0.26609107372622653,1.2798979137069246,-0.7459317892020851,-0.36607638373775636,1.3223654630064159,0.0,0.0,0.0
2.5899999999999888,0.0,0.0,0.36190624914906644,0.0,0.0,0.0,0.0,0.0,0.0,-0.7658403693172785,-0.2482360661415401,1.2767773449231896,-0.7467234201112274,-0.34890404305263845,1.3185098576741954,0.0,0.0,0.0
2.5999999999999885,0.0,0.0,0.35660425969484505,0.0,0.0,0.0,0.0,0.0,0.0,-0.7662355042585784,-0.2305087760712612,1.2737148560021463,-0.7474945237222359,-0.3318126311073782,1.3147272727777257,0.0,0.0,0.0
2.6099999999999883,0.0,0.0,0.350690132312776,0.0,0.0,0.0,0.0,0.0,0.0,-0.7666555823005066,-0.2129189331586654,1.2706695969972206,-0.7482580376358263,-0.31481502597706124,1.310989023610829,0.0,0.0,0.0
2.619999999999988,0.0,0.0,0.3441770260783182,0.0,0.0,0.0,0.0,0.0,0.0,-0.7671069538065873,-0.19547537157142864,1.267591906179595,-0.7490266436505809,-0.29792359693798554,1.3072599466364094,0.0,0.0,0.0
2.629999999999988,0.0,0.0,0.33707943889331077,0.0,0.0,0.0,0.0,0.0,0.0,-0.767590055976302,-0.178186031756552,1.2644227256844844,-0.7498116719321687,-0.281150197189878,1.3034976114197216,0.0,0.0,0.0
2.6399999999999877,0.0,0.0,0.3293883434481457,0.0,0.0,0.0,0.0,0.0,0.0,-0.7681944342717268,-0.16116740803822321,1.261112807927857,-0.750622161170432,-0.26450615326820814,1.299651738884162,0.0,0.0,0.0
2.6499999999999875,0.0,0.0,0.32112927644313605,0.0,0.0,0.0,0.0,0.0,0.0,-0.7688894630466111,-0.14439838745882727,1.2575618230650647,-0.7514853668591829,-0.24802176335920004,1.2956687815459174,0.0,0.0,0.0
2.6599999999999873,0.0,0.0,0.3123507903171354,0.0,0.0,0.0,0.0,0.0,0.0,-0.7695429396918689,-0.12774752752909602,1.2536665644422726,-0.7524342539320471,-0.2317338074718951,1.2914741861056962,0.0,0.0,0.0
2.669999999999987,0.0,0.0,0.3030692163041421,0.0,0.0,0.0,0.0,0.0,0.0,-0.7701350906340616,-0.11122221666119803,1.2493667948658056,-0.7534198754637333,-0.2156068926218365,1.2869873584883829,0.0,0.0,0.0
2.679999999999987,0.0,0.0,0.29330157970807014,0.0,0.0,0.0,0.0,0.0,0.0,-0.7706476754286838,-0.09483199787733843,1.2445696050537183,-0.7544291060181649,-0.1996425006010578,1.2821506371890354,0.0,0.0,0.0
2.6899999999999866,0.0,0.0,0.2830656851161039,0.0,0.0,0.0,0.0,0.0,0.0,-0.7710588587323037,-0.0785831959430181,1.2391938841819576,-0.7554495310221888,-0.18384455125378782,1.2768820856632503,0.0,0.0,0.0
2.6999999999999864,0.0,0.0,0.27237992877315553,0.0,0.0,0.0,0.0,0.0,0.0,-0.7713451409920554,-0.06247984566613429,1.233160636808907,-0.7564661114210809,-0.16821670076511902,1.2711074993653857,0.0,0.0,0.0
2.709999999999986,0.0,0.0,0.26126311397992397,0.0,0.0,0.0,0.0,0.0,0.0,-0.7714827861143686,-0.046524432754776135,1.2263879545740595,-0.7574619796035327,-0.1527623999141374,1.2647539249842337,0.0,0.0,0.0
2.719999999999986,0.0,0.0,0.24973430707112362,0.0,0.0,0.0,0.0,0.0,0.0,-0.7714507235945218,-0.030720408493496332,1.2187726668269276,-0.7584191383914898,-0.13748494989951815,1.257746102641726,0.0,0.0,0.0
2.7299999999999858,0.0,0.0,0.23781275211285374,0.0,0.0,0.0,0.0,0.0,0.0,-0.771233127918102,-0.015074754316079853,1.2101736802260756,-0.7593203746340974,-0.12238852945350928,1.2499927146517829,0.0,0.0,0.0
2.7399999999999856,0.0,0.0,0.22551775939665616,0.0,0.0,0.0,0.0,0.0,0.0,-0.7708154466281624,0.00040614723958110055,1.2004473565441658,-0.7601512444938424,-0.1074794095208477,1.241373193290535,0.0,0.0,0.0
2.7499999999999853,0.0,0.0,0.2128682546459889,0.0,0.0,0.0,0.0,0.0,0.0,-0.7701591393155424,0.015743898435116588,1.1896499691297453,-0.7608977227770949,-0.09276401171758397,1.2317628633454227,0.0,0.0,0.0
2.759999999999985,0.0,0.0,0.19988146891625813,0.0,0.0,0.0,0.0,0.0,0.0,-0.7691412907513366,0.031055508851519642,1.1785078447055024,-0.7615287504348887,-0.0782354408502441,1.2211840467273751,0.0,0.0,0.0
2.769999999999985,0.0,0.0,0.186570503564321,0.0,0.0,0.0,0.0,0.0,0.0,-0.7674899077011348,0.04662994293152534,1.1689241298599407,-0.761952599552048,-0.06383953294111176,1.2101633940883683,0.0,0.0,0.0
2.7799999999999847,0.0,0.0,0.17294144416615084,0.0,0.0,0.0,0.0,0.0,0.0,-0.7648287787719463,0.06289048337889946,1.1637454168732284,-0.761965327210954,-0.04943353493389062,1.20013200115396,0.0,0.0,0.0
2.7899999999999845,0.0,0.0,0.15899240133749826,0.0,0.0,0.0,0.0,0.0,0.0,-0.7608984041429843,0.08016298057501525,1.1653813983823074,-0.7612665304390975,-0.03479417242635234,1.1932931362175137,0.0,0.0,0.0
2.7999999999999843,0.0,0.0,0.14471804413146452,0.0,0.0,0.0,0.0,0.0,0.0,-0.7557663226998144,0.0984341855319315,1.1744021034597067,-0.7595961528236286,-0.019717051377302553,1.1916307916885032,0.0,0.0,0.0
2.809999999999984,0.0,0.0,0.13004040798165128,0.0,0.0,0.0,0.0,0.0,0.0,-0.7498034638538504,0.11657718214215174,1.1895241121083202,-0.7568919803160441,0.022569617871048865,1.1958456716009744,0.0,0.0,0.0
2.819999999999984,0.0,0.0,0.11500644830442874,0.0,0.0,0.0,0.0,0.0,0.0,-0.7435252594584096,0.13419174326587457,1.2079272034064321,-0.7533195658434361,0.03547786546567447,1.20518935182026,0.0,0.0,0.0
2.8299999999999836,0.0,0.0,0.09973687079574835,0.0,0.0,0.0,0.0,0.0,0.0,-0.737352219532057,0.15166693609125392,1.22665720598177,-0.7492031179758284,0.04909535308878445,1.217801034463105,0.0,0.0,0.0
2.8399999999999834,0.0,0.0,0.08425653778522052,0.0,0.0,0.0,0.0,0.0,0.0,-0.7317854957613261,0.1682358864413689,1.2416153731131023,-0.7448705948866634,0.06334558426125568,1.2315362692398975,0.0,0.0,0.0
2.849999999999983,0.0,0.0,0.06859796738061238,0.0,0.0,0.0,0.0,0.0,0.0,-0.7268392420167202,0.18368970441258115,1.2513319287577045,-0.7407602267237078,0.07778767798667399,1.243195783597896,0.0,0.0,0.0
2.859999999999983,0.0,0.0,0.05279408506411588,0.0,0.0,0.0,0.0,0.0,0.0,-0.7224638247721316,0.19792125158944196,1.2546376488568665,-0.7370198688206154,0.09216313673689455,1.2513653531255926,0.0,0.0,0.0
2.869999999999983,0.0,0.0,0.03687228725095955,0.0,0.0,0.0,0.0,0.0,0.0,-0.718206986576045,0.21138603675207945,1.2533361754956753,-0.7337337980574812,0.1062446070595633,1.2548469889057905,0.0,0.0,0.0
2.8799999999999826,0.0,0.0,0.020851605246497325,0.0,0.0,0.0,0.0,0.0,0.0,-0.7135396505891749,0.22470402689121594,1.2502988785374298,-0.7306745661096309,0.12009014690288827,1.2546758959341828,0.0,0.0,0.0
2.8899999999999824,0.0,0.0,0.004745169813366975,0.0,0.0,0.0,0.0,0.0,0.0,-0.7080727753194052,0.2383583048656439,1.2479002000090131,-0.7274984498165816,0.13390865233805285,1.2528300790872553,0.0,0.0,0.0
2.899999999999982,0.0,0.0,-0.011436430366189344,0.0,0.0,0.0,0.0,0.0,0.0,-0.701636556946142,0.2525686001521872,1.2473236367125586,-0.7239053285620413,0.14791673312970638,1.2510773948584837,0.0,0.0,0.0
2.909999999999982,0.0,0.0,-0.027682942866329798,0.0,0.0,0.0,0.0,0.0,0.0,-0.6942195121589283,0.2673566381359347,1.2488715419402496,-0.7197155723391255,0.16225095631812783,1.2504026703050695,0.0,0.0,0.0
2.9199999999999817,0.0,0.0,-0.043983166480952886,0.0,0.0,0.0,0.0,0.0,0.0,-0.6858906964372304,0.28264131208505794,1.2524155035649465,-0.7148500884218785,0.1769691767700924,1.2511658252802922,0.0,0.0,0.0
2.9299999999999815,0.0,0.0,-0.060324258667138315,0.0,0.0,0.0,0.0,0.0,0.0,-0.6767465675598596,0.2983052157305186,1.2576861240093171,-0.7092910870261725,0.19207687489988878,1.2533928716395528,0.0,0.0,0.0
2.9399999999999813,0.0,0.0,-0.07669152467067618,0.0,0.0,0.0,0.0,0.0,0.0,-0.666883272674268,0.31422939324307286,1.2644052485340262,-0.703052627005001,0.20754989093331344,1.256975664466808,0.0,0.0,0.0
2.949999999999981,0.0,0.0,-0.09306855444263457,0.0,0.0,0.0,0.0,0.0,0.0,-0.6563848445142606,0.33030820930598104,1.272331712849249,-0.6961635490609839,0.22334844875169763,1.261770132783039,0.0,0.0,0.0
2.959999999999981,0.0,0.0,-0.10943754920146341,0.0,0.0,0.0,0.0,0.0,0.0,-0.6453197671890727,0.34645398236864167,1.2812693773305825,-0.6886583489290111,0.2394251103376506,1.267635893059612,0.0,0.0,0.0
2.9699999999999807,0.0,0.0,-0.125779714834211,0.0,0.0,0.0,0.0,0.0,0.0,-0.6337413678877317,0.36259705323748737,1.2910619683881643,-0.680572409648004,0.2557293340653122,1.2744486117209004,0.0,0.0,0.0
2.9799999999999804,0.0,0.0,-0.1420756495949284,0.0,0.0,0.0,0.0,0.0,0.0,-0.6216896860591967,0.3786840954995201,1.301584940680582,-0.6719395043854411,0.2722102814814592,1.2821015669849403,0.0,0.0,0.0
2.9899999999999802,0.0,0.0,-0.1583056906720434,0.0,0.0,0.0,0.0,0.0,0.0,-0.6091937227727389,0.3946759145019971,1.3127379795648515,-0.6627905026896224,0.2888186984590055,1.2905036502579277,0.0,0.0,0.0
2.99999999999998,0.0,0.0,-0.1744502055760762,0.0,0.0,0.0,0.0,0.0,0.0,-0.5962736105560822,0.41054522967790996,1.324439060312286,-0.6531527510427251,0.30550825026060735,1.2995766552805983,0.0,0.0,0.0
3.00999999999998,0.0,0.0,-0.19048982530612205,0.0,0.0,0.0,0.0,0.0,0.0,-0.5829425385577903,0.4262746106342119,1.3366200244950195,-0.6430498603296273,0.3222364755548158,1.309252814071075,0.0,0.0,0.0
3.0199999999999796,0.0,0.0,-0.20640562169890855,0.0,0.0,0.0,0.0,0.0,0.0,-0.5692083938170146,0.44185461167841256,1.3492233746257547,-0.6325017535062009,0.33896543382651584,1.319472808191665,0.0,0.0,0.0
3.0299999999999794,0.0,0.0,-0.22217923405149517,0.0,0.0,0.0,0.0,0.0,0.0,-0.5550751286862456,0.45728210817922066,1.3621999780954894,-0.6215248828761719,0.35566208773593355,1.3301842354079578,0.0,0.0,0.0
3.039999999999979,0.0,0.0,-0.23779295141616935,0.0,0.0,0.0,0.0,0.0,0.0,-0.5405438813947274,0.4725588285560196,1.3755074313741886,-0.6101325544863995,0.3722984537163543,1.3413404495662558,0.0,0.0,0.0
3.049999999999979,0.0,0.0,-0.2532297575179297,0.0,0.0,0.0,0.0,0.0,0.0,-0.5256138809935703,0.4876900754511104,1.3891089010871707,-0.598335313609257,0.38885155465352556,1.3528996922823442,0.0,0.0,0.0
3.0599999999999787,0.0,0.0,-0.26847334531819966,0.0,0.0,0.0,0.0,0.0,0.0,-0.5102831675996942,0.5026836302526747,1.4029723109825,-0.586141356830655,0.4053032108206155,1.3648244515702925,0.0,0.0,0.0
3.0699999999999785,0.0,0.0,-0.283508107978714,0.0,0.0,0.0,0.0,0.0,0.0,-0.49454915701556224,0.5175488341178656,1.4170697806176213,-0.5735569454529369,0.42163970643678217,1.3770809985234032,0.0,0.0,0.0
3.0799999999999783,0.0,0.0,-0.29831911245355597,0.0,0.0,0.0,0.0,0.0,0.0,-0.47840907645992803,0.5322958359580929,1.4313772456709704,-0.5605868025967099,0.437851368330158,1.389639064358805,0.0,0.0,0.0
3.089999999999978,0.0,0.0,-0.312892061230894,0.0,0.0,0.0,0.0,0.0,0.0,-0.46186029557300534,0.5469349943211976,1.44587420497945,-0.5472344827633636,0.45393209022271275,1.4024716266447073,0.0,0.0,0.0
3.099999999999978,0.0,0.0,-0.3272132469339917,0.0,0.0,0.0,0.0,0.0,0.0,-0.4449005743448121,0.5614764168421251,1.4605435491598657,-0.533502707739365,0.46987883158496574,1.4155547767450947,0.0,0.0,0.0
3.1099999999999777,0.0,0.0,-0.3412695036523197,0.0,0.0,0.0,0.0,0.0,0.0,-0.4275283023719628,0.5759296509629945,1.4753714326025618,-0.5193936666646983,0.48569111452159097,1.4288676420118256,0.0,0.0,0.0
3.1199999999999775,0.0,0.0,-0.35504815802429823,0.0,0.0,0.0,0.0,0.0,0.0,-0.4097427323544225,0.590303496110911,1.4903471565695574,-0.5049092922301289,0.5013705430599728,1.442392337352355,0.0,0.0,0.0
3.1299999999999772,0.0,0.0,-0.3685369822583727,0.0,0.0,0.0,0.0,0.0,0.0,-0.3915441071921656,0.60460585154236,1.5054630374470228,-0.4900515303511471,0.5169203660927718,1.4561139224420887,0.0,0.0,0.0
3.139999999999977,0.0,0.0,-0.38172415068227855,0.0,0.0,0.0,0.0,0.0,0.0,-0.3729336972149101,0.6188435890478989,1.520714241001204,-0.47482257102022796,0.5323450709843798,1.4700203437284483,0.0,0.0,0.0
3.149999999999977,0.0,0.0,-0.3945880297631938,0.0,0.0,0.0,0.0,0.0,0.0,-0.35391334219298043,0.6328699894960317,1.5361396371508216,-0.4592250270783685,0.5476500019700422,1.4841023443534218,0.0,0.0,0.0
3.1599999999999766,0.0,0.0,-0.40711612815181997,0.0,0.0,0.0,0.0,0.0,0.0,-0.33449251398748814,0.6466802760696586,1.5516940676025455,-0.44326198530978084,0.5628091341835509,1.498363930529263,0.0,0.0,0.0
3.1699999999999764,0.0,0.0,-0.41930783022277485,0.0,0.0,0.0,0.0,0.0,0.0,-0.3146738553825994,0.6604378545089911,1.567343074582994,-0.4269410184300573,0.5777695726528864,1.5127826005921015,0.0,0.0,0.0
3.179999999999976,0.0,0.0,-0.43115301716602666,0.0,0.0,0.0,0.0,0.0,0.0,-0.2944550657529744,0.6741615664212373,1.5831388211362911,-0.4102662423896006,0.5925918059519463,1.5273398924058204,0.0,0.0,0.0
3.189999999999976,0.0,0.0,-0.44264165651115384,0.0,0.0,0.0,0.0,0.0,0.0,-0.2738442858907201,0.6878502916397595,1.5990755979241944,-0.393238825015573,0.6072962595699162,1.54207039771634,0.0,0.0,0.0
3.1999999999999758,0.0,0.0,-0.4537639241249204,0.0,0.0,0.0,0.0,0.0,0.0,-0.25284851041118594,0.7015049653545615,1.615162888913025,-0.3758658570903224,0.6218920859185275,1.5569668417745626,0.0,0.0,0.0
3.2099999999999755,0.0,0.0,-0.4645102005342345,0.0,0.0,0.0,0.0,0.0,0.0,-0.23147613132348333,0.7151238343838116,1.631407021053389,-0.3581543597604834,0.6363891333947174,1.5720338857866445,0.0,0.0,0.0
3.2199999999999753,0.0,0.0,-0.47487107435657305,0.0,0.0,0.0,0.0,0.0,0.0,-0.2097361944552637,0.7287038517322091,1.6478153164692528,-0.34011268086396496,0.6507950069245819,1.5872745266792316,0.0,0.0,0.0
3.229999999999975,0.0,0.0,-0.4848373504111643,0.0,0.0,0.0,0.0,0.0,0.0,-0.18763847759037156,0.742240505554359,1.6643946019099787,-0.3217501387783795,0.665115743211166,1.602693074224588,0.0,0.0,0.0
3.239999999999975,0.0,0.0,-0.49440006267429537,0.0,0.0,0.0,0.0,0.0,0.0,-0.16519336299787635,0.7557280445870176,1.6811511829965315,-0.30307708640279346,0.6793556112739692,1.61829395464308,0.0,0.0,0.0
3.2499999999999747,0.0,0.0,-0.5035504912012314,0.0,0.0,0.0,0.0,0.0,0.0,-0.142411762845287,0.7691596068952733,1.6980905002052182,-0.28410486015504777,0.6935171794316515,1.6340815959528174,0.0,0.0,0.0
3.2599999999999745,0.0,0.0,-0.5122801824168544,0.0,0.0,0.0,0.0,0.0,0.0,-0.11930503489566158,0.7825273798888928,1.7152169238062642,-0.2648457493715611,0.7076013536439955,1.6500600777955114,0.0,0.0,0.0
3.2699999999999743,0.0,0.0,-0.520580972085084,0.0,0.0,0.0,0.0,0.0,0.0,-0.09588490616959011,0.7958227600017418,1.7325335752647828,-0.2453129557514502,0.7216074589659344,1.6662328877034565,0.0,0.0,0.0
3.279999999999974,0.0,0.0,-0.5284450102473222,0.0,0.0,0.0,0.0,0.0,0.0,-0.07216340189109516,0.8090365192462863,1.7500422041876424,-0.22552055349956196,0.7355333421511568,1.6826027025009478,0.0,0.0,0.0
3.289999999999974,0.0,0.0,-0.5358647873727849,0.0,0.0,0.0,0.0,0.0,0.0,-0.04815278177436255,0.8221589743356268,1.7677431117616818,-0.20548345054300074,0.7493754971851792,1.699171218351625,0.0,0.0,0.0
3.2999999999999736,0.0,0.0,-0.5428331609317186,0.0,0.0,0.0,0.0,0.0,0.0,-0.02386548406529987,0.8351801557228264,1.7856351196728621,-0.18521735354047253,0.7631292090170516,1.7159390240499035,0.0,0.0,0.0
3.3099999999999734,0.0,0.0,-0.5493433815910849,0.0,0.0,0.0,0.0,0.0,0.0,0.0006859223111714829,0.8480899726290287,1.8037155802491824,-0.1647387385472719,0.7767887119470837,1.732905517693577,0.0,0.0,0.0
3.319999999999973,0.0,0.0,-0.555389118252427,0.0,0.0,0.0,0.0,0.0,0.0,0.02548877758761736,0.8608783700741056,1.8219804235455284,-0.14406482909689897,0.7903473583750533,1.7500688640307023,0.0,0.0,0.0
3.329999999999973,0.0,0.0,-0.5609644812076887,0.0,0.0,0.0,0.0,0.0,0.0,0.050530363354620356,0.8735354740017711,1.8404242364636298,-0.12321358316021784,0.8037977934776397,1.7674259894046362,0.0,0.0,0.0
3.3399999999999728,0.0,0.0,-0.5660640427806336,0.0,0.0,0.0,0.0,0.0,0.0,0.07579792775997407,0.8860517210198187,1.8590403686498247,-0.10220369021016287,0.8171321312612024,1.7849726104648012,0.0,0.0,0.0
3.3499999999999726,0.0,0.0,-0.5706828549446364,0.0,0.0,0.0,0.0,0.0,0.0,0.10127870452399557,0.8984179699087216,1.8778210595486824,-0.08105457941081805,0.8303421275116682,1.802703292315662,0.0,0.0,0.0
3.3599999999999723,0.0,0.0,-0.5748164635540232,0.0,0.0,0.0,0.0,0.0,0.0,0.1269599267128576,0.9106255928240441,1.896757580662442,-0.05978643979209024,0.84341934539403,1.820611531311936,0.0,0.0,0.0
3.369999999999972,0.0,0.0,-0.5784609189857497,0.0,0.0,0.0,0.0,0.0,0.0,0.1528288362868363,0.9226665449496099,1.9158403867844709,-0.03842025316867543,0.8563553098372296,1.8386898572998378,0.0,0.0,0.0
3.379999999999972,0.0,0.0,-0.5816127831502247,0.0,0.0,0.0,0.0,0.0,0.0,0.17887269047994114,0.9345334121887525,1.9350592697978097,-0.016977840519676168,0.8691416473499677,1.8569299497488214,0.0,0.0,0.0
3.3899999999999717,0.0,0.0,-0.584248718158469,0.0,0.0,0.0,0.0,0.0,0.0,0.2041522330105182,0.9462215611706921,1.9545016123717571,0.03235573786303015,0.8817702085237261,1.875322761955407,0.0,0.0,0.0
3.3999999999999715,0.0,0.0,-0.5863712339044728,0.0,0.0,0.0,0.0,0.0,0.0,0.2288019278105694,0.9576947823692561,1.974024236566779,0.051321018902652636,0.8942336354112762,1.8938851105447503,0.0,0.0,0.0
3.4099999999999713,0.0,0.0,-0.5880023662338276,0.0,0.0,0.0,0.0,0.0,0.0,0.25387751219020516,0.9689600295569196,1.9935429144200425,0.0711381105787581,0.9065034281062135,1.9125535013215345,0.0,0.0,0.0
3.419999999999971,0.0,0.0,-0.589139425245983,0.0,0.0,0.0,0.0,0.0,0.0,0.2793289936295593,0.9800509374285546,2.0131802336653433,0.09199646000828256,0.918579434015315,1.9312866557991275,0.0,0.0,0.0
3.429999999999971,0.0,0.0,-0.5897799058294503,0.0,0.0,0.0,0.0,0.0,0.0,0.30508483478072745,0.9909497762271169,2.032892475109703,0.11384692224252675,0.9304818538967368,1.9501689577580015,0.0,0.0,0.0
3.4399999999999706,0.0,0.0,-0.5899188247556968,0.0,0.0,0.0,0.0,0.0,0.0,0.3309205945699243,1.0016527301277462,2.052692854569319,0.13662458933482577,0.9421977698136027,1.9691585124740336,0.0,0.0,0.0
3.4499999999999704,0.0,0.0,-0.5895552956319168,0.0,0.0,0.0,0.0,0.0,0.0,0.3567729755605695,1.012148510523387,2.072550071983664,0.16023274378863833,0.9537227589499309,1.9882513454600264,0.0,0.0,0.0
3.45999999999997,0.0,0.0,-0.5886920897676411,0.0,0.0,0.0,0.0,0.0,0.0,0.38274478131397327,1.0224333951306885,2.0924415519220907,0.1845492363906897,0.9650471180928484,2.007423932911375,0.0,0.0,0.0
3.46999999999997,0.0,0.0,-0.587329383581344,0.0,0.0,0.0,0.0,0.0,0.0,0.4087843695992245,1.0325085043460458,2.1123731245723096,0.2095354030011998,0.9761659829130096,2.026658119878904,0.0,0.0,0.0
3.47999999999997,0.0,0.0,-0.5854679494888966,0.0,0.0,0.0,0.0,0.0,0.0,0.43484300258454534,1.042368722146536,2.1323286445376484,0.23511302494068803,0.987078044500815,2.0459540521348503,0.0,0.0,0.0
3.4899999999999696,0.0,0.0,-0.5831121764701324,0.0,0.0,0.0,0.0,0.0,0.0,0.4607787406150946,1.0516370144918876,2.1509843291434763,0.2612016961106625,0.997777988192123,2.0652955334779493,0.0,0.0,0.0
3.4999999999999694,0.0,0.0,-0.5802633576088632,0.0,0.0,0.0,0.0,0.0,0.0,0.4868210458411455,1.0612826387550376,2.1715663492794914,0.28766325721698327,1.0079851708640024,2.0836063521376573,0.0,0.0,0.0
3.509999999999969,0.0,0.0,-0.5769204948077762,0.0,0.0,0.0,0.0,0.0,0.0,0.5127244055488791,1.0705289386341312,2.1915865822553062,0.31456317074422474,1.01837984012885,2.103454939193396,0.0,0.0,0.0
3.519999999999969,0.0,0.0,-0.5730869104390315,0.0,0.0,0.0,0.0,0.0,0.0,0.5385193718239569,1.0795767502482967,2.211699246306544,0.34172153843012576,1.0284459699879545,2.1228972841373315,0.0,0.0,0.0
3.5299999999999687,0.0,0.0,-0.5687663585686022,0.0,0.0,0.0,0.0,0.0,0.0,0.5641731263935814,1.0883722111507694,2.2317167895966374,0.36909446312796185,1.038312866885433,2.142436706555075,0.0,0.0,0.0
3.5399999999999685,0.0,0.0,-0.5639630831546776,0.0,0.0,0.0,0.0,0.0,0.0,0.5896746741324559,1.0969305904862345,2.251679173802562,0.3966090537815909,1.047940457740736,2.1619221509719626,0.0,0.0,0.0
3.5499999999999683,0.0,0.0,-0.5586817407052229,0.0,0.0,0.0,0.0,0.0,0.0,0.615011444551966,1.1052483962343373,2.271564633782548,0.4242072161296158,1.0573358106970387,2.18138061113522,0.0,0.0,0.0
3.559999999999968,0.0,0.0,-0.5529273758120001,0.0,0.0,0.0,0.0,0.0,0.0,0.6401744420864202,1.1133271753800256,2.2913683164199563,0.4518342845116911,1.066494085981434,2.2007914412561065,0.0,0.0,0.0
3.569999999999968,0.0,0.0,-0.5467053893335097,0.0,0.0,0.0,0.0,0.0,0.0,0.6651559629970288,1.1211670140214594,2.3110811105730926,0.4794420974888082,1.075414426526955,2.220147589569082,0.0,0.0,0.0
3.5799999999999677,0.0,0.0,-0.5400215150377519,0.0,0.0,0.0,0.0,0.0,0.0,0.6899493658437471,1.1287682950756426,2.330695596081908,0.5069879669417338,1.0840954829899152,2.2394389631309313,0.0,0.0,0.0
3.5899999999999674,0.0,0.0,-0.5328818001522608,0.0,0.0,0.0,0.0,0.0,0.0,0.7145484211184361,1.1361312168125708,2.350204587334924,0.534434545508318,1.0925365175502322,2.2586570170688565,0.0,0.0,0.0
3.5999999999999672,0.0,0.0,-0.5252925904254595,0.0,0.0,0.0,0.0,0.0,0.0,0.7389468993695418,1.143255928785063,2.369601671288865,0.5617493073647444,1.1007370060693882,2.2777935775000393,0.0,0.0,0.0
3.609999999999967,0.0,0.0,-0.5172605188011553,0.0,0.0,0.0,0.0,0.0,0.0,0.7631382233019743,1.150142501135166,2.388881168407769,0.5889040355416506,1.1086966687972435,2.296841244666883,0.0,0.0,0.0
3.619999999999967,0.0,0.0,-0.5087924971603621,0.0,0.0,0.0,0.0,0.0,0.0,0.7871152220982427,1.1567909387830237,2.408038215920353,0.6158742557616986,1.1164153972012512,2.31579335679793,0.0,0.0,0.0
3.6299999999999666,0.0,0.0,-0.49989571050732234,0.0,0.0,0.0,0.0,0.0,0.0,0.8108699657148021,1.1632011807151605,2.427068780423258,0.6426386712952418,1.123893219192624,2.3346440578500607,0.0,0.0,0.0
3.6399999999999664,0.0,0.0,-0.4905776130547989,0.0,0.0,0.0,0.0,0.0,0.0,0.8343936704009305,1.1693730999549388,2.4459696537533215,0.6691786153557749,1.1311302607541647,2.353388313802958,0.0,0.0,0.0
3.649999999999966,0.0,0.0,-0.48084592572288487,0.0,0.0,0.0,0.0,0.0,0.0,0.8576766622956694,1.1753064999582872,2.4647384204370564,0.6954775402206441,1.138126713391271,2.3720219167885466,0.0,0.0,0.0
3.659999999999966,0.0,0.0,-0.4707086346383592,0.0,0.0,0.0,0.0,0.0,0.0,0.8807083874632455,1.1810011092455333,2.4833734047074567,0.7215205545201168,1.1448828034780465,2.390541465684272,0.0,0.0,0.0
3.6699999999999657,0.0,0.0,-0.46017399029074896,0.0,0.0,0.0,0.0,0.0,0.0,0.9034774574623834,1.186456574793465,2.5018736007177274,0.7472940159661992,1.1513987639265375,2.4089443280221845,0.0,0.0,0.0
3.6799999999999655,0.0,0.0,-0.4492505070693219,0.0,0.0,0.0,0.0,0.0,0.0,0.9259717209284443,1.1916724552626201,2.5202385912267338,0.7727851826452656,1.157674807932588,2.4272285852825553,0.0,0.0,0.0
3.6899999999999653,0.0,0.0,-0.43794696318285686,0.0,0.0,0.0,0.0,0.0,0.0,0.9481783530391912,1.1966482164751846,2.5384684590475093,0.7979819228780051,1.1637111051028584,2.4453929654580944,0.0,0.0,0.0
3.699999999999965,0.0,0.0,-0.426272417458335,0.0,0.0,0.0,0.0,0.0,0.0,0.9700839558020213,1.20138334224789,2.5565636621650163,0.8228724812522031,1.1695077606926176,2.463436766622257,0.0,0.0,0.0
3.709999999999965,0.0,0.0,-0.41423623383848984,0.0,0.0,0.0,0.0,0.0,0.0,0.9916746654732123,1.2058775128924362,2.5745249321434382,0.8474452966769256,1.1750648266636514,2.4813597662397817,0.0,0.0,0.0
3.7199999999999647,0.0,0.0,-0.40184808390270677,0.0,0.0,0.0,0.0,0.0,0.0,1.0129362620286615,1.2101306461605787,2.5923532333896686,0.87168886816248,1.1803823817560581,2.49916214150747,0.0,0.0,0.0
3.7299999999999645,0.0,0.0,-0.389117935732495,0.0,0.0,0.0,0.0,0.0,0.0,1.0338542747360235,1.214142836752404,2.610049702294929,0.8955916621033326,1.1854605847163873,2.5168444154069514,0.0,0.0,0.0
3.7399999999999642,0.0,0.0,-0.3760560418681625,0.0,0.0,0.0,0.0,0.0,0.0,1.0544140826493567,1.2179142903543996,2.627615576313638,0.9191420534964411,1.1902996723440153,2.534407380646182,0.0,0.0,0.0
3.749999999999964,0.0,0.0,-0.3626729268022978,0.0,0.0,0.0,0.0,0.0,0.0,1.0746010089575735,1.2214452614638782,2.6450521347018703,0.9423282959886494,1.194899943152395,2.551852017438313,0.0,0.0,0.0
3.759999999999964,0.0,0.0,-0.34897937433882736,0.0,0.0,0.0,0.0,0.0,0.0,1.0944004076833744,1.224735995245302,2.6623606457895836,0.9651385156272171,1.1992617342863914,2.5691794225882925,0.0,0.0,0.0
3.7699999999999636,0.0,0.0,-0.33498641511215177,0.0,0.0,0.0,0.0,0.0,0.0,1.1137977418952036,1.2277866754737143,2.679542322362238,0.987560722994767,1.2033853932332645,2.586390746051163,0.0,0.0,0.0
3.7799999999999634,0.0,0.0,-0.3207053145152136,0.0,0.0,0.0,0.0,0.0,0.0,1.132778652884312,1.2305973796595087,2.6965982844475844,1.0095828390618897,1.2072712470636744,2.603487136353151,0.0,0.0,0.0
3.789999999999963,0.0,0.0,-0.3061475612305361,0.0,0.0,0.0,0.0,0.0,0.0,1.1513290200522717,1.2331680422397007,2.7135295291472095,1.0311927306012276,1.2109195712115197,2.6204696943878383,0.0,0.0,0.0
3.799999999999963,0.0,0.0,-0.2913248564980653,0.0,0.0,0.0,0.0,0.0,0.0,1.169435011466124,1.2354984262983768,2.7303369068756838,1.052378251580406,1.2143305595942573,2.637339435292858,0.0,0.0,0.0
3.8099999999999627,0.0,0.0,-0.276249104192537,0.0,0.0,0.0,0.0,0.0,0.0,1.1870831252024954,1.2375881039319867,2.747021103349294,1.0731272875004272,1.2175042975116932,2.654097257821051,0.0,0.0,0.0
3.8199999999999625,0.0,0.0,-0.2609324017249947,0.0,0.0,0.0,0.0,0.0,0.0,1.204260221717854,1.239436445045048,2.763582626637065,1.0934278001688484,1.2204407384376827,2.6707439205420678,0.0,0.0,0.0
3.8299999999999623,0.0,0.0,-0.24538703173146775,0.0,0.0,0.0,0.0,0.0,0.0,1.2209535475559985,1.2410426140828177,2.780021798604559,1.1132678708759587,1.2231396854928447,2.6872800241399744,0.0,0.0,0.0
3.839999999999962,0.0,0.0,-0.22962545446871202,0.0,0.0,0.0,0.0,0.0,0.0,1.2371507507386288,1.242405573982658,2.7963387501154013,1.1326357403703038,1.2256007780814269,2.703705999053871,0.0,0.0,0.0
3.849999999999962,0.0,0.0,-0.21366030080381548,0.0,0.0,0.0,0.0,0.0,0.0,1.2528398881830938,1.243524096460618,2.81253341940375,1.151519844400776,1.2278234838968163,2.7200220977180494,0.0,0.0,0.0
3.8599999999999617,0.0,0.0,-0.19750436566129692,0.0,0.0,0.0,0.0,0.0,0.0,1.2680094254562073,1.244396777640846,2.828605553086317,1.1699088439042231,1.2298070962558312,2.736228390691268,0.0,0.0,0.0
3.8699999999999615,0.0,0.0,-0.18117060177088426,0.0,0.0,0.0,0.0,0.0,0.0,1.2826482291087915,1.2450220579285194,2.8445547093547976,1.1877916491695133,1.2315507365157154,2.7523247660138592,0.0,0.0,0.0
3.8799999999999613,0.0,0.0,-0.16467211367835255,0.0,0.0,0.0,0.0,0.0,0.0,1.2967455517600182,1.245398245920533,2.8603802626576647,1.2051574375026999,1.2330533611485814,2.768310931194392,0.0,0.0,0.0
3.889999999999961,0.0,0.0,-0.14802215182692813,0.0,0.0,0.0,0.0,0.0,0.0,1.310291010056038,1.2455235451587439,2.8760814098713663,1.2219956640607155,1.2343137731243659,2.7841864172092645,0.0,0.0,0.0
3.899999999999961,0.0,0.0,-0.13123410634854754,0.0,0.0,0.0,0.0,0.0,0.0,1.323274556759185,1.245396081115509,2.8916571779980353,1.238296065632838,1.2353306373180495,2.7999505841881276,0.0,0.0,0.0
3.9099999999999606,0.0,0.0,-0.11432150052760208,0.0,0.0,0.0,0.0,0.0,0.0,1.3356867101193615,1.2450139264520317,2.9071064319231485,1.2540486575281284,1.2361024985688607,2.8156026285071407,0.0,0.0,0.0
3.9199999999999604,0.0,0.0,-0.09729798387771549,0.0,0.0,0.0,0.0,0.0,0.0,1.3475190247479931,1.2443751251939337,2.9224278840771447,1.2692437898314306,1.236627801077799,2.831141590390923,0.0,0.0,0.0
3.92999999999996,0.0,0.0,-0.08017732476939093,0.0,0.0,0.0,0.0,0.0,0.0,1.3587643340123299,1.2434777174362583,2.9376201054185858,1.283872362619161,1.236904908570909,2.8465663625486655,0.0,0.0,0.0
3.93999999999996,0.0,0.0,-0.06297340268145857,0.0,0.0,0.0,0.0,0.0,0.0,1.3694167686208494,1.2423197636842684,2.9526815347957847,1.2979260302376485,1.2369321253272272,2.861875699278281,0.0,0.0,0.0
3.9499999999999598,0.0,0.0,-0.04570020006521865,0.0,0.0,0.0,0.0,0.0,0.0,1.3794717476176919,1.2408993679835318,2.9676104876135723,1.3113973055055004,1.23670771776574,2.8770682245340704,0.0,0.0,0.0
3.9599999999999596,0.0,0.0,-0.028371793765013253,0.0,0.0,0.0,0.0,0.0,0.0,1.3889259392415834,1.2392146997903142,2.9824051643194824,1.3242796379823893,1.2362299361554971,2.8921424398768623,0.0,0.0,0.0
3.9699999999999593,0.0,0.0,-0.011002345942155156,0.0,0.0,0.0,0.0,0.0,0.0,1.3977771896276672,1.2372640143645643,2.9970636585135115,1.3365674645797607,1.2354970362264157,2.9070967326415458,0.0,0.0,0.0
3.979999999999959,0.0,0.0,0.0063939055450504545,0.0,0.0,0.0,0.0,0.0,0.0,1.4060244195600051,1.2350456715760472,3.011583964719419,1.3482562307383883,1.2345073003463682,2.921929384100695,0.0,0.0,0.0
3.989999999999959,0.0,0.0,0.02380265734467024,0.0,0.0,0.0,0.0,0.0,0.0,1.4136674921198826,1.2325581530341219,3.025963985833118,1.3593423812415788,1.233259058015538,2.9366385775860406,0.0,0.0,0.0
3.9999999999999587,0.0,0.0,0.04120955142645548,0.0,0.0,0.0,0.0,0.0,0.0,1.4207070567372502,1.2298000774829752,3.040201540303725,1.3698233210260673,1.2317507054549652,2.951222406503287,0.0,0.0,0.0
4.009999999999959,0.0,0.0,0.05860018652261262,0.0,0.0,0.0,0.0,0.0,0.0,1.4271443778570898,1.2267702144231394,3.054294369114001,1.379697347944314,1.2299807241006728,2.9656788821958857,0.0,0.0,0.0
4.019999999999959,0.0,0.0,0.07596013018834832,0.0,0.0,0.0,0.0,0.0,0.0,1.4329811613293848,1.223467495928959,3.0682401426380284,1.3889635612230053,1.2279476978404342,2.9800059416119486,0.0,0.0,0.0
4.0299999999999585,0.0,0.0,0.09327493145458259,0.0,0.0,0.0,0.0,0.0,0.0,1.4382193861790615,1.2198910266816831,3.0820364674128378,1.3976217519212573,1.2256503288520089,2.9942014547288083,0.0,0.0,0.0
4.039999999999958,0.0,0.0,0.11053013402342886,0.0,0.0,0.0,0.0,0.0,0.0,1.442861144354619,1.216040092290796,3.095680892841174,1.405672282581465,1.2230874519287802,3.0082632316756044,0.0,0.0,0.0
4.049999999999958,0.0,0.0,0.12771128993558545,0.0,0.0,0.0,0.0,0.0,0.0,1.4469084971046433,1.2119141659838366,3.1091709178609817,1.413115959867209,1.220258047230937,3.022189029494981,0.0,0.0,0.0
4.059999999999958,0.0,0.0,0.14480397361977682,0.0,0.0,0.0,0.0,0.0,0.0,1.4503633560383336,1.2075129137713074,3.122503997570038,1.4199539063104345,1.2171612514296979,3.035976558511536,0.0,0.0,0.0
4.069999999999958,0.0,0.0,0.16179197987358465,0.0,0.0,0.0,0.0,0.0,0.0,1.4532289491129269,1.2024257966920655,3.134185563473086,1.4261874382180098,1.213796367240918,3.0496234882651034,0.0,0.0,0.0
4.079999999999957,0.0,0.0,0.1786611807898267,0.0,0.0,0.0,0.0,0.0,0.0,1.4555031216389498,1.1976206528467506,3.147572042828614,1.4318192359960769,1.209848578007691,3.061903357043475,0.0,0.0,0.0
4.089999999999957,0.0,0.0,0.1953991847040126,0.0,0.0,0.0,0.0,0.0,0.0,1.4571891715824645,1.1923911675581316,3.160278951196129,1.436847903345843,1.2060241961062517,3.0755192514059995,0.0,0.0,0.0
4.099999999999957,0.0,0.0,0.2119917753233666,0.0,0.0,0.0,0.0,0.0,0.0,1.4582875328703624,1.1869248603745057,3.1729531358128917,1.441276452245305,1.2018329622012736,3.0885883550423308,0.0,0.0,0.0
4.109999999999957,0.0,0.0,0.22842487403024947,0.0,0.0,0.0,0.0,0.0,0.0,1.4587985912285755,1.181171351496951,3.1854146177834615,1.445105800763275,1.1974042667542688,3.1016182879891794,0.0,0.0,0.0
4.119999999999957,0.0,0.0,0.24468449057497307,0.0,0.0,0.0,0.0,0.0,0.0,1.4587225207434258,1.1751455511030358,3.1977098029919175,1.4483369387889822,1.192701643793971,3.114465734965958,0.0,0.0,0.0
4.129999999999956,0.0,0.0,0.26075675827206546,0.0,0.0,0.0,0.0,0.0,0.0,1.4580592374455597,1.1688448151342117,3.20982299291317,1.4509706851489796,1.1877344200407212,3.127165909275385,0.0,0.0,0.0
4.139999999999956,0.0,0.0,0.2766279454016759,0.0,0.0,0.0,0.0,0.0,0.0,1.4568085531229895,1.1622715268024875,3.2217554080888626,1.4530076403811718,1.1824999018232278,3.1397053414468434,0.0,0.0,0.0
4.149999999999956,0.0,0.0,0.29228447919090716,0.0,0.0,0.0,0.0,0.0,0.0,1.4549702155115212,1.155426813877452,3.2335036133040878,1.4544482600069644,1.176999096536957,3.1520840267952726,0.0,0.0,0.0
4.159999999999956,0.0,0.0,0.3077129643819286,0.0,0.0,0.0,0.0,0.0,0.0,1.4525440065090354,1.148312123357739,3.2450654378213764,1.4552928640100258,1.1712323571874073,3.1642983988733517,0.0,0.0,0.0
4.1699999999999555,0.0,0.0,0.32290019373674,0.0,0.0,0.0,0.0,0.0,0.0,1.4495298188880232,1.140928744717717,3.256438349413039,1.4555416936452275,1.1652004633954385,3.176345953637711,0.0,0.0,0.0
4.179999999999955,0.0,0.0,0.33783315695664673,0.0,0.0,0.0,0.0,0.0,0.0,1.4459277381745892,1.1332779328594307,3.2676199076056824,1.4551949615531263,1.1589042537447516,3.1882239522918474,0.0,0.0,0.0
4.189999999999955,0.0,0.0,0.3524990488379062,0.0,0.0,0.0,0.0,0.0,0.0,1.4417381552043913,1.1253608732028115,3.2786076483833617,1.4542529126409582,1.152344678328474,3.1999297639023982,0.0,0.0,0.0
4.199999999999955,0.0,0.0,0.3668852766944054,0.0,0.0,0.0,0.0,0.0,0.0,1.4369619426449831,1.1171786895670905,3.2893991223908277,1.4527158956324968,1.1455227473629213,3.211460764760806,0.0,0.0,0.0
4.209999999999955,0.0,0.0,0.3809794671253586,0.0,0.0,0.0,0.0,0.0,0.0,1.4316005658103308,1.1087324421713967,3.299991890025559,1.4505844688956988,1.138439515023427,3.2228143611512907,0.0,0.0,0.0
4.2199999999999545,0.0,0.0,0.3947694721989183,0.0,0.0,0.0,0.0,0.0,0.0,1.4256560879938691,1.1000231339773712,3.3103835274914233,1.4478595100964438,1.1310960594554758,3.2339879803894322,0.0,0.0,0.0
4.229999999999954,0.0,0.0,0.4082433751492117,0.0,0.0,0.0,0.0,0.0,0.0,1.4191311606626447,1.0910517196590694,3.320571629091497,1.4445422753977137,1.123493470718091,3.2449790720602767,0.0,0.0,0.0
4.239999999999954,0.0,0.0,0.4213894957405095,0.0,0.0,0.0,0.0,0.0,0.0,1.4120290105402853,1.0818191177282919,3.3305538100502963,1.4406344411609318,1.1156328429883384,3.255785107525749,0.0,0.0,0.0
4.249999999999954,0.0,0.0,0.4341963954140436,0.0,0.0,0.0,0.0,0.0,0.0,1.404353425016434,1.072326225360761,3.3403277087701073,1.436138134523781,1.1075152713037455,3.2664035807352354,0.0,0.0,0.0
4.259999999999954,0.0,0.0,0.44665288231802736,0.0,0.0,0.0,0.0,0.0,0.0,1.3961087371125211,1.062573936144675,3.3498909888302117,1.4310559549574835,1.0991418522147263,3.2768320092689733,0.0,0.0,0.0
4.269999999999953,0.0,0.0,0.45874801635024054,0.0,0.0,0.0,0.0,0.0,0.0,1.3872998109319332,1.0525631603285435,3.359241340858209,1.4253909886550453,1.0905136882186188,3.287067935700886,0.0,0.0,0.0
4.279999999999953,0.0,0.0,0.4704711143439284,0.0,0.0,0.0,0.0,0.0,0.0,1.3779320282115064,1.0422948468145443,3.368376484386155,1.419146817437837,1.0816318956650186,3.2971089291992937,0.0,0.0,0.0
4.289999999999953,0.0,0.0,0.48181175550393746,0.0,0.0,0.0,0.0,0.0,0.0,1.3680112766810255,1.0317700061653488,3.377294169688166,1.4123275235369583,1.072497615615543,3.306952587302502,0.0,0.0,0.0
4.299999999999953,0.0,0.0,0.49275978717984464,0.0,0.0,0.0,0.0,0.0,0.0,1.3575439407436765,1.0209897338634242,3.385992179639825,1.404937691510017,1.0631120271127352,3.3165965377568916,0.0,0.0,0.0
4.3099999999999525,0.0,0.0,0.5033053310393919,0.0,0.0,0.0,0.0,0.0,0.0,1.3465368946831844,1.0099552330522377,3.3944683316124777,1.3969824083910682,1.0534763622739098,3.326038440365217,0.0,0.0,0.0
4.319999999999952,0.0,0.0,0.5134387896799855,0.0,0.0,0.0,0.0,0.0,0.0,1.334997498370484,0.9986678360229981,3.402720479406609,1.3884672629270165,1.0435919225916874,3.33527598879392,0.0,0.0,0.0
4.329999999999952,0.0,0.0,0.5231508536899784,0.0,0.0,0.0,0.0,0.0,0.0,1.3229335952428152,0.987129023784306,3.4107465152162533,1.3793983445316624,1.0334600958126234,3.3443069123014606,0.0,0.0,0.0
4.339999999999952,0.0,0.0,0.532432509146895,0.0,0.0,0.0,0.0,0.0,0.0,1.310353512175206,0.9753404431606729,3.4185443716080584,1.3697822423764212,1.0230823727797553,3.353128977358419,0.0,0.0,0.0
4.349999999999952,0.0,0.0,0.5412750455179414,0.0,0.0,0.0,0.0,0.0,0.0,1.2972660607688826,0.9633039209989636,3.426112023491711,1.3596260448447466,1.0124603636644174,3.361739989139536,0.0,0.0,0.0
4.3599999999999515,0.0,0.0,0.5496700639105933,0.0,0.0,0.0,0.0,0.0,0.0,1.283680539546201,0.9510214752083881,3.433447490054394,1.3489373394158115,1.0015958130751839,3.370137792876266,0.0,0.0,0.0
4.369999999999951,0.0,0.0,0.5576094856083367,0.0,0.0,0.0,0.0,0.0,0.0,1.2696067365621775,0.9384953225082655,3.44054883662993,1.337724212918652,0.9904906136129444,3.3783202750663874,0.0,0.0,0.0
4.379999999999951,0.0,0.0,0.5650855608191577,0.0,0.0,0.0,0.0,0.0,0.0,1.2550549320086903,0.9257278828982971,3.447414176473459,1.32599525201403,0.9791468175345336,3.3862853645441295,0.0,0.0,0.0
4.389999999999951,0.0,0.0,0.572090877561969,0.0,0.0,0.0,0.0,0.0,0.0,1.240035900485187,0.9127217809903014,3.454041672414342,1.3137595437166452,0.9675666462875734,3.3940310334201746,0.0,0.0,0.0
4.399999999999951,0.0,0.0,0.5786183706182583,0.0,0.0,0.0,0.0,0.0,0.0,1.2245609127249344,0.8994798444426311,3.460429538363177,1.3010266757606912,0.9557524977794557,3.4015552979057233,0.0,0.0,0.0
4.40999999999995,0.0,0.0,0.584661330482128,0.0,0.0,0.0,0.0,0.0,0.0,1.2086417366847122,0.8860050998158358,3.466576040653124,1.2878067366309502,0.9437069513384675,3.4088562190379763,0.0,0.0,0.0
4.41999999999995,0.0,0.0,0.5902134122505036,0.0,0.0,0.0,0.0,0.0,0.0,1.192290638016986,0.8723007662196465,3.472479499200228,1.27411031512109,0.9314327704106015,3.4159319033268454,0.0,0.0,0.0
4.42999999999995,0.0,0.0,0.5952686444056322,0.0,0.0,0.0,0.0,0.0,0.0,1.1755203800386136,0.8583702471485588,3.4781382884726177,1.2599484993331298,0.9189329031082196,3.4227805033433985,0.0,0.0,0.0
4.43999999999995,0.0,0.0,0.5998214374530922,0.0,0.0,0.0,0.0,0.0,0.0,1.1583442233835122,0.8442171209086582,3.483550838263059,1.2453328750889672,0.9062104807848571,3.429400218270664,0.0,0.0,0.0
4.4499999999999496,0.0,0.0,0.6038665923894032,0.0,0.0,0.0,0.0,0.0,0.0,1.1407759255765393,0.8298451300255458,3.488715634264099,1.230275523780294,0.8932688148531895,3.4357892944362183,0.0,0.0,0.0
4.459999999999949,0.0,0.0,0.6073993089832834,0.0,0.0,0.0,0.0,0.0,0.0,1.122829740792396,0.8152581699962493,3.493631218448839,1.2147890197321787,0.8801113920910293,3.441946025844546,0.0,0.0,0.0
4.469999999999949,0.0,0.0,0.6104151938630363,0.0,0.0,0.0,0.0,0.0,0.0,1.1045204200696646,0.8004602777108527,3.4982961892639746,1.1988864271945225,0.8667418686943757,3.4478687547247517,0.0,0.0,0.0
4.479999999999949,0.0,0.0,0.6129102684090958,0.0,0.0,0.0,0.0,0.0,0.0,1.0858632122415122,0.7854556198260914,3.5027092016441395,1.1825812971034066,0.8531640633383161,3.4535558721068793,0.0,0.0,0.0
4.489999999999949,0.0,0.0,0.6148809764553159,0.0,0.0,0.0,0.0,0.0,0.0,1.0668738658285712,0.7702484813264949,3.5068689668581348,1.1658876637708815,0.8393819494987245,3.4590058184372237,0.0,0.0,0.0
4.4999999999999485,0.0,0.0,0.6163249876609471,0.0,0.0,0.0,0.0,0.0,0.0,1.047602042572916,0.7548433136438966,3.510771168738919,1.1488200416694294,0.8253996472715925,3.4642170842404894,0.0,0.0,0.0
4.509999999999948,0.0,0.0,0.617239312587453,0.0,0.0,0.0,0.0,0.0,0.0,1.0280487746954143,0.739245277387464,3.514419224242551,1.1314015803394148,0.8112214272118914,3.469187383553418,0.0,0.0,0.0
4.519999999999948,0.0,0.0,0.6176205987145672,0.0,0.0,0.0,0.0,0.0,0.0,1.0081864987911358,0.7234583597281292,3.5178145226764377,1.1136566470364169,0.7968521863064426,3.4739170734579514,0.0,0.0,0.0
4.529999999999948,0.0,0.0,0.6174672030146637,0.0,0.0,0.0,0.0,0.0,0.0,0.9880411941781702,0.7074862410386522,3.520950642818225,1.0955782630464332,0.7822961164386968,3.478405861297495,0.0,0.0,0.0
4.539999999999948,0.0,0.0,0.6167779486480455,0.0,0.0,0.0,0.0,0.0,0.0,0.9676389038139938,0.6913341504851003,3.5238278319794163,1.0771818860598361,0.767557151577049,3.4826487606519216,0.0,0.0,0.0
4.549999999999947,0.0,0.0,0.6155521023374352,0.0,0.0,0.0,0.0,0.0,0.0,0.9470042757943546,0.6750069796298828,3.5264447637743594,1.0584852421319462,0.7526402743323508,3.4866458664156186,0.0,0.0,0.0
4.559999999999947,0.0,0.0,0.6137893715894974,0.0,0.0,0.0,0.0,0.0,0.0,0.9261607866777337,0.6585097245738676,3.528800671024164,1.0395069964645516,0.7375503459356185,3.4903959516471628,0.0,0.0,0.0
4.569999999999947,0.0,0.0,0.6114899030422277,0.0,0.0,0.0,0.0,0.0,0.0,0.905130731774911,0.6418473570956398,3.530894760749744,1.0202664624324174,0.7222923706427352,3.4938981391232824,0.0,0.0,0.0
4.579999999999947,0.0,0.0,0.6086542820339051,0.0,0.0,0.0,0.0,0.0,0.0,0.8839353166356287,0.6250248521586079,3.5327263609056816,1.0007832281499747,0.7068714051666144,3.4971514618449517,0.0,0.0,0.0
4.589999999999947,0.0,0.0,0.605283533208824,0.0,0.0,0.0,0.0,0.0,0.0,0.862594742643044,0.6080471775395313,3.534294872250465,0.9810769181832507,0.6912925662410695,3.500154989754471,0.0,0.0,0.0
4.599999999999946,0.0,0.0,0.6013791220776906,0.0,0.0,0.0,0.0,0.0,0.0,0.8411283063908309,0.5909192960793941,3.5355997737946545,0.9611670092743716,0.6755610162013989,3.502907803765282,0.0,0.0,0.0
4.609999999999946,0.0,0.0,0.5969429573891337,0.0,0.0,0.0,0.0,0.0,0.0,0.8195544994063313,0.5736461664482317,3.5366406151018186,0.9410727048110467,0.6596819576754288,3.5054090099639503,0.0,0.0,0.0
4.619999999999946,0.0,0.0,0.5919773941700687,0.0,0.0,0.0,0.0,0.0,0.0,0.7978911058715519,0.5562327455045462,3.53741701320353,0.9208128514247682,0.6436606286942833,3.507657742323335,0.0,0.0,0.0
4.629999999999946,0.0,0.0,0.5864852372881464,0.0,0.0,0.0,0.0,0.0,0.0,0.7761552946247429,0.5386839909066221,3.5379286492370774,0.9004058892352171,0.6275023000051975,3.5096531678011518,0.0,0.0,0.0
4.6399999999999455,0.0,0.0,0.5804721013967795,0.0,0.0,0.0,0.0,0.0,0.0,0.7544290029258143,0.5210049813055115,3.5381658590672096,0.879869827110882,0.6112122736543679,3.5113944901333993,0.0,0.0,0.0
4.649999999999945,0.0,0.0,0.5739425249562495,0.0,0.0,0.0,0.0,0.0,0.0,0.7327491314658383,0.5032023759410094,3.538135214460917,0.8592372234440507,0.5947959058951189,3.512878426775812,0.0,0.0,0.0
4.659999999999945,0.0,0.0,0.566899226028502,0.0,0.0,0.0,0.0,0.0,0.0,0.7110898381397881,0.4852810683197608,3.537844612386947,0.8385537616018384,0.5782597144606549,3.514107720076302,0.0,0.0,0.0
4.669999999999945,0.0,0.0,0.5593471692845551,0.0,0.0,0.0,0.0,0.0,0.0,0.6894734791596719,0.46724451781169707,3.537285138537215,0.8178229998310654,0.5616092558366597,3.5150862321709924,0.0,0.0,0.0
4.679999999999945,0.0,0.0,0.5512918263447101,0.0,0.0,0.0,0.0,0.0,0.0,0.6679245331602288,0.4490981556941287,3.5364587516515598,0.7970649588598744,0.5448491129117276,3.5158069035688047,0.0,0.0,0.0
4.689999999999944,0.0,0.0,0.5427391303414014,0.0,0.0,0.0,0.0,0.0,0.0,0.6464666974140258,0.4308469357049678,3.535364726012708,0.7763011438021622,0.5279850184785092,3.516271105570497,0.0,0.0,0.0
4.699999999999944,0.0,0.0,0.5336954625282349,0.0,0.0,0.0,0.0,0.0,0.0,0.6251231784367455,0.4124959199914944,3.534003189315885,0.755552864962411,0.51102246701042,3.5164780971667335,0.0,0.0,0.0
4.709999999999944,0.0,0.0,0.5241676370681294,0.0,0.0,0.0,0.0,0.0,0.0,0.6039162798710571,0.3940501170007946,3.532374185438659,0.7348413923278211,0.49396704855025186,3.5164277588866732,0.0,0.0,0.0
4.719999999999944,0.0,0.0,0.5141628854166796,0.0,0.0,0.0,0.0,0.0,0.0,0.5828671733428767,0.3755145169645918,3.5304779338762047,0.7141876674473062,0.47682435484965086,3.5161198578782598,0.0,0.0,0.0
4.729999999999944,0.0,0.0,0.5036888407197383,0.0,0.0,0.0,0.0,0.0,0.0,0.5619956194626767,0.35689407722924593,3.5283147682897025,0.6936121258989922,0.45959999764566356,3.5155542393145645,0.0,0.0,0.0
4.739999999999943,0.0,0.0,0.49275352325694033,0.0,0.0,0.0,0.0,0.0,0.0,0.5413197187564069,0.3381937224618524,3.5258851584060382,0.6731344838487747,0.4422995989731924,3.5147307690090863,0.0,0.0,0.0
4.749999999999943,0.0,0.0,0.4813653279289789,0.0,0.0,0.0,0.0,0.0,0.0,0.5208556888958387,0.3194183431217015,3.523189706304617,0.6527735358971867,0.42492879013925433,3.5136493413743946,0.0,0.0,0.0
4.759999999999943,0.0,0.0,0.4695330148300343,0.0,0.0,0.0,0.0,0.0,0.0,0.5006176883158937,0.30057279683379934,3.5202291452644854,0.6325469605678885,0.40749321022690954,3.5123098692870496,0.0,0.0,0.0
4.769999999999943,0.0,0.0,0.45726570384478793,0.0,0.0,0.0,0.0,0.0,0.0,0.4806176989686035,0.28166191166647947,3.517004332980096,0.6124711449617763,0.38999850681643383,3.5107122786958636,0.0,0.0,0.0
4.7799999999999425,0.0,0.0,0.44457287400984224,0.0,0.0,0.0,0.0,0.0,0.0,0.4608654802607881,0.26269049162531677,3.5135162410082925,0.5925610365694771,0.37245033850306636,3.5088565025536016,0.0,0.0,0.0
4.789999999999942,0.0,0.0,0.43146436807150734,0.0,0.0,0.0,0.0,0.0,0.0,0.44136860189119753,0.24366332413309166,3.5097659400679424,0.5728300308645975,0.3548543794961373,3.5067424762617754,0.0,0.0,0.0
4.799999999999942,0.0,0.0,0.417950402280218,0.0,0.0,0.0,0.0,0.0,0.0,0.4221325584434723,0.22458518917486503,3.505754581900999,0.5532899017946035,0.3372163262688339,3.504370134798199,0.0,0.0,0.0
4.809999999999942,0.0,0.0,0.40404158102029486,0.0,0.0,0.0,0.0,0.0,0.0,0.40316096288308234,0.2054608695744462,3.5014833785952484,0.5339507803801111,0.3195419061463573,3.5017394121714704,0.0,0.0,0.0
4.819999999999942,0.0,0.0,0.38974891542949075,0.0,0.0,0.0,0.0,0.0,0.0,0.3844558103579876,0.1862951617115466,3.4969535806245426,0.5148211840029351,0.30183688756399,3.4988502435730426,0.0,0.0,0.0
4.8299999999999415,0.0,0.0,0.3750838447685437,0.0,0.0,0.0,0.0,0.0,0.0,0.3660177985260611,0.16709288587217952,3.4921664550328595,0.4959080959607941,0.2841070915949191,3.495702570443934,0.0,0.0,0.0
4.839999999999941,0.0,0.0,0.3600582590072187,0.0,0.0,0.0,0.0,0.0,0.0,0.34784668668914476,0.14785889537913144,3.4871232652148882,0.4772170917564169,0.26635840423578777,3.49229634842312,0.0,0.0,0.0
4.849999999999941,0.0,0.0,0.3446845209388935,0.0,0.0,0.0,0.0,0.0,0.0,0.3299416738120846,0.12859808368471382,3.4818252535919267,0.45875250571279974,0.24859678886776818,3.4886315578847906,0.0,0.0,0.0
4.859999999999941,0.0,0.0,0.32897548614006156,0.0,0.0,0.0,0.0,0.0,0.0,0.31230177532546377,0.1093153887265993,3.47627362816866,0.4405176291823629,0.2308282982931497,3.4847082165191807,0.0,0.0,0.0
4.869999999999941,0.0,0.0,0.3129445192493903,0.0,0.0,0.0,0.0,0.0,0.0,0.29492618043765617,0.09001579403801829,3.4704695535280363,0.422514930102876,0.2130590857877537,3.4805263932073234,0.0,0.0,0.0
4.87999999999994,0.0,0.0,0.29660550532521973,0.0,0.0,0.0,0.0,0.0,0.0,0.27781457520545816,0.07070432634274304,3.4644141463444864,0.40474628309648286,0.19529541470520434,3.476086222316032,0.0,0.0,0.0
4.88999999999994,0.0,0.0,0.27997285540481975,0.0,0.0,0.0,0.0,0.0,0.0,0.2609674212928177,0.0513860496224432,3.458108475042294,0.38721319972733637,0.1775436663094504,3.4713879175169877,0.0,0.0,0.0
4.89999999999994,0.0,0.0,0.2630615057796688,0.0,0.0,0.0,0.0,0.0,0.0,0.24438618552766878,0.03206605588603989,3.451553562857855,0.3699170498156748,0.15981034568047386,3.4664317843178583,0.0,0.0,0.0
4.90999999999994,0.0,0.0,0.2458869108666085,0.0,0.0,0.0,0.0,0.0,0.0,0.22807352039518736,0.012749453068704453,3.444750393323549,0.3528592666370776,0.1421020857138798,3.46121823066824,0.0,0.0,0.0
4.9199999999999395,0.0,0.0,0.22846502985268743,0.0,0.0,0.0,0.0,0.0,0.0,0.2120333998954138,-0.006558649378267611,3.4376999171044407,0.3360415311426772,0.12442564939919903,3.455747775240684,0.0,0.0,0.0
4.929999999999939,0.0,0.0,0.21081230748635846,0.0,0.0,0.0,0.0,0.0,0.0,0.19627121796815827,-0.025853156588557358,3.4304030592781105,0.31946593272804846,0.106787930697949,3.450021053252503,0.0,0.0,0.0
4.939999999999939,0.0,0.0,0.19294564171746315,0.0,0.0,0.0,0.0,0.0,0.0,0.18079354703940842,-0.04512900731323344,3.4228608129353937,0.3031351062160424,0.0891959544400879,3.4440388199747205,0.0,0.0,0.0
4.949999999999939,0.0,0.0,0.17488231843968036,0.0,0.0,0.0,0.0,0.0,0.0,0.16560647120647864,-0.06438120537136369,3.4150746340813543,0.2870522895399323,0.07165687542331708,3.437801975671464,0.0,0.0,0.0
4.959999999999939,0.0,0.0,0.1566399678984466,0.0,0.0,0.0,0.0,0.0,0.0,0.15071399100891592,-0.08360486181341789,3.407046392818963,0.2712210102369193,0.05417797380890514,3.4313116554790173,0.0,0.0,0.0
4.9699999999999385,0.0,0.0,0.13823656815150454,0.0,0.0,0.0,0.0,0.0,0.0,0.1361179585139678,-0.10279520777758056,3.3987779981027204,0.2556443831454541,0.03676664291608815,3.4245691133806346,0.0,0.0,0.0
4.979999999999938,0.0,0.0,0.11969045445474685,0.0,0.0,0.0,0.0,0.0,0.0,0.12181845905548583,-0.12194758028508057,3.390271379107893,0.2403248290219859,0.019430388501810045,3.4175754841086037,0.0,0.0,0.0
4.989999999999938,0.0,0.0,0.101102435756848,0.0,0.0,0.0,0.0,0.0,0.0,0.10781193143020529,-0.1403780636114374,3.3815120217611123,0.22526400532302074,-0.025357797754258584,3.410331840799855,0.0,0.0,0.0
4.999999999999938,0.0,0.0,0.08246755469125433,0.0,0.0,0.0,0.0,0.0,0.0,0.09410397576866947,-0.15824366904648046,3.372532253408087,0.21046238089902675,-0.03947213445180997,3.40283455845031,0.0,0.0,0.0
5.009999999999938,0.0,0.0,0.06370778965771096,0.0,0.0,0.0,0.0,0.0,0.0,0.0806896419632972,-0.1763427619967804,3.3633369561656954,0.19592293684363174,-0.05411902279547346,3.3950968302190354,0.0,0.0,0.0
5.019999999999937,0.0,0.0,0.04485270452930787,0.0,0.0,0.0,0.0,0.0,0.0,0.06756080062665082,-0.1945994134934108,3.3539032341868396,0.18164413699241036,-0.06943730527699467,3.3871192665762972,0.0,0.0,0.0
5.029999999999937,0.0,0.0,0.025930788020881314,0.0,0.0,0.0,0.0,0.0,0.0,0.05471993584606394,-0.21294499935157063,3.3442391925193595,0.16762249546835173,-0.08537419679786598,3.3788869526477012,0.0,0.0,0.0
5.039999999999937,0.0,0.0,0.006968954475493249,0.0,0.0,0.0,0.0,0.0,0.0,0.04216804947818931,-0.23132310494679337,3.3343450114298125,0.1538589782280133,-0.10187158346626637,3.3704082297558653,0.0,0.0,0.0
5.049999999999937,0.0,0.0,-0.012007245891274705,0.0,0.0,0.0,0.0,0.0,0.0,0.02990797865832695,-0.24968762711962855,3.3242229597941373,0.14035358045620522,-0.11886916061899558,3.361684629806783,0.0,0.0,0.0
5.0599999999999365,0.0,0.0,-0.030973432027554308,0.0,0.0,0.0,0.0,0.0,0.0,0.017943623724898217,-0.26800115050333473,3.3138747165018243,0.12710690777472938,-0.1363057109641235,3.3527189329877745,0.0,0.0,0.0
5.069999999999936,0.0,0.0,-0.04990622375195206,0.0,0.0,0.0,0.0,0.0,0.0,0.006280155990232572,-0.28623347547867733,3.3033020807479625,0.11411992216963636,-0.15412025716677571,3.3435132518810406,0.0,0.0,0.0
5.079999999999936,0.0,0.0,-0.0687831019658566,0.0,0.0,0.0,0.0,0.0,0.0,-0.005076115767207234,-0.3043603578414796,3.292506795285382,0.10139412408753484,-0.1722530178741058,3.3340697008454967,0.0,0.0,0.0
5.089999999999936,0.0,0.0,-0.08758229555623105,0.0,0.0,0.0,0.0,0.0,0.0,-0.016117859780593324,-0.3223624508726306,3.2814906184435073,0.08893157511018399,-0.19064619935241237,3.3243903295457744,0.0,0.0,0.0
5.099999999999936,0.0,0.0,-0.10628269125989247,0.0,0.0,0.0,0.0,0.0,0.0,-0.026836901605930663,-0.34022443012360937,3.2702553331698865,0.0767349193600989,-0.20924463401268578,3.314477217503385,0.0,0.0,0.0
5.1099999999999355,0.0,0.0,-0.12486376230066148,0.0,0.0,0.0,0.0,0.0,0.0,-0.03722442718978147,-0.35793427610698036,3.2588027711010543,0.06480736330433065,-0.2279962779910482,3.304332496638056,0.0,0.0,0.0
5.119999999999935,0.0,0.0,-0.14330551183061366,0.0,0.0,0.0,0.0,0.0,0.0,-0.047271200928153956,-0.37548268837031196,3.247134828895681,0.053152630686583144,-0.24685257977564884,3.2939583709474847,0.0,0.0,0.0
5.129999999999935,0.0,0.0,-0.16158842778463456,0.0,0.0,0.0,0.0,0.0,0.0,-0.056967784434812874,-0.39286260642113774,3.235253481903477,0.04177489561216812,-0.26576873157885234,3.283357121711749,0.0,0.0,0.0
5.139999999999935,0.0,0.0,-0.17969344645892715,0.0,0.0,0.0,0.0,0.0,0.0,-0.06630474678106113,-0.41006881573017556,3.223160793680715,0.03067870072959606,-0.284703815497994,3.272531106598929,0.0,0.0,0.0
5.149999999999935,0.0,0.0,-0.1976019228286636,0.0,0.0,0.0,0.0,0.0,0.0,-0.07527285891747093,-0.4270976204146846,3.210858922086887,0.019868866118383604,-0.3036208566386635,3.2614827544908023,0.0,0.0,0.0
5.159999999999934,0.0,0.0,-0.21532144685842639,0.0,0.0,0.0,0.0,0.0,0.0,-0.0831481882877223,-0.4439459597808629,3.198102561403855,-0.01664807393735755,-0.3224867954438348,3.250214558475738,0.0,0.0,0.0
5.169999999999934,0.0,0.0,-0.23283224339950037,0.0,0.0,0.0,0.0,0.0,0.0,-0.09004860688977745,-0.4606294839518189,3.1852388407660177,-0.02355607389365334,-0.3412722688070064,3.2386615609278113,0.0,0.0,0.0
5.179999999999934,0.0,0.0,-0.25008187537191545,0.0,0.0,0.0,0.0,0.0,0.0,-0.09691112587721751,-0.47712045018158644,3.172468790392543,-0.030391357249852168,-0.35996106216898277,3.226964350307297,0.0,0.0,0.0
5.189999999999934,0.0,0.0,-0.2670530852855086,0.0,0.0,0.0,0.0,0.0,0.0,-0.10377893572289398,-0.49339897899421226,3.1594231165976985,-0.03734278381315192,-0.3785253915386725,3.215209228170502,0.0,0.0,0.0
5.199999999999934,0.0,0.0,-0.28373099675156904,0.0,0.0,0.0,0.0,0.0,0.0,-0.11052651390643975,-0.5094980721191513,3.14618866063675,-0.04443211481808779,-0.39692722049764456,3.203133833618655,0.0,0.0,0.0
5.209999999999933,0.0,0.0,-0.30010008754384465,0.0,0.0,0.0,0.0,0.0,0.0,-0.11708242430752946,-0.5254170604113104,3.13274428848106,-0.051606186233015126,-0.4151620818513953,3.1908279884740125,0.0,0.0,0.0
5.219999999999933,0.0,0.0,-0.3161454191399593,0.0,0.0,0.0,0.0,0.0,0.0,-0.12337822426302969,-0.5411576003028924,3.1190977168203577,-0.05882384987288666,-0.4332169088504062,3.1782904444595057,0.0,0.0,0.0
5.229999999999933,0.0,0.0,-0.3318524972800583,0.0,0.0,0.0,0.0,0.0,0.0,-0.12936019502051543,-0.5567209884885411,3.1052505773443766,-0.06603782912914974,-0.45108209377275116,3.1655380951718164,0.0,0.0,0.0
5.239999999999933,0.0,0.0,-0.34720718455396465,0.0,0.0,0.0,0.0,0.0,0.0,-0.13498495975708158,-0.5721087020311543,3.0912071007864874,-0.07320136807058569,-0.4687498574581304,3.1525795811533,0.0,0.0,0.0
5.2499999999999325,0.0,0.0,-0.3621956410659132,0.0,0.0,0.0,0.0,0.0,0.0,-0.14021911563803302,-0.5873220151029407,3.0769714577832756,-0.08026822600608484,-0.48621432690493993,3.1394229657929706,0.0,0.0,0.0
5.259999999999932,0.0,0.0,-0.3768042940683393,0.0,0.0,0.0,0.0,0.0,0.0,-0.14503771714855374,-0.6023618263334306,3.0625481907104666,-0.0871940804229528,-0.5034711243087234,3.1260743373546918,0.0,0.0,0.0
5.269999999999932,0.0,0.0,-0.39101982814402664,0.0,0.0,0.0,0.0,0.0,0.0,-0.14942311462099367,-0.617228486002722,3.0479419167693504,-0.09393722630343089,-0.5205170865499853,3.1125386962247403,0.0,0.0,0.0
5.279999999999932,0.0,0.0,-0.40482919070901424,0.0,0.0,0.0,0.0,0.0,0.0,-0.15336384734957642,-0.6319217823581449,3.033157282600305,-0.10045917489669265,-0.5373499507772084,3.098820146430106,0.0,0.0,0.0
5.289999999999932,0.0,0.0,-0.4182196084340579,0.0,0.0,0.0,0.0,0.0,0.0,-0.15685367501494074,-0.6464409602852456,3.018198894365002,-0.10672504477095335,-0.5539681143046052,3.0849221840051073,0.0,0.0,0.0
5.299999999999931,0.0,0.0,-0.4311786118349728,0.0,0.0,0.0,0.0,0.0,0.0,-0.15989071282942424,-0.6607847609985976,3.0030712827145174,-0.11270380823562522,-0.5703704320312011,3.070847885545288,0.0,0.0,0.0
5.309999999999931,0.0,0.0,-0.4436940659483371,0.0,0.0,0.0,0.0,0.0,0.0,-0.16247666566908547,-0.6749514756004936,2.987778878438794,-0.11836840471983073,-0.5865560506189273,3.056600061418315,0.0,0.0,0.0
5.319999999999931,0.0,0.0,-0.45575420547752654,0.0,0.0,0.0,0.0,0.0,0.0,-0.16461614746536224,-0.6889390086267012,2.972325999427282,-0.12369574408663855,-0.6025242763568404,3.0421813690871615,0.0,0.0,0.0
5.329999999999931,0.0,0.0,-0.4673476730321833,0.0,0.0,0.0,0.0,0.0,0.0,-0.16631607643260526,-0.7027449474273039,2.956716845195275,-0.12866661741145752,-0.6182744743936481,3.027594398471731,0.0,0.0,0.0
5.339999999999931,0.0,0.0,-0.47846355918012856,0.0,0.0,0.0,0.0,0.0,0.0,-0.16758513936388608,-0.7163666339474443,2.9409554977624315,-0.133265532394305,-0.6338059960555233,3.0128417350936982,0.0,0.0,0.0
5.34999999999993,0.0,0.0,-0.4890914430609976,0.0,0.0,0.0,0.0,0.0,0.0,-0.168433321312218,-0.7298012357260982,2.925045927754675,-0.1374804895040275,-0.64911813071072,2.9979260064981412,0.0,0.0,0.0
5.35999999999993,0.0,0.0,-0.4992214323437805,0.0,0.0,0.0,0.0,0.0,0.0,-0.16887149890877096,-0.743045813263346,2.9089920048879554,-0.14130271433635866,-0.6642100783737381,2.982849915801337,0.0,0.0,0.0
5.36999999999993,0.0,0.0,-0.5088442013873543,0.0,0.0,0.0,0.0,0.0,0.0,-0.1689110964386149,-0.7560973814557626,2.892797511962309,-0.1447263608418544,-0.6790809390960437,2.9676162652281213,0.0,0.0,0.0
5.37999999999993,0.0,0.0,-0.5179510266014615,0.0,0.0,0.0,0.0,0.0,0.0,-0.16856380355939127,-0.7689529633753416,2.8764661614349287,-0.14774819901723274,-0.6937297152624229,2.9522279716800126,0.0,0.0,0.0
5.3899999999999295,0.0,0.0,-0.5265338182014034,0.0,0.0,0.0,0.0,0.0,0.0,-0.16784135253824983,-0.7816096352636945,2.860001613585788,-0.15036729923574482,-0.7081553231322053,2.9366880758354688,0.0,0.0,0.0
5.399999999999929,0.0,0.0,-0.5345851477827513,0.0,0.0,0.0,0.0,0.0,0.0,-0.16675535148146903,-0.7940645622055758,2.8434074952955357,-0.15258472364788128,-0.7223566103125298,2.920999745944506,0.0,0.0,0.0
5.409999999999929,0.0,0.0,-0.542098271386155,0.0,0.0,0.0,0.0,0.0,0.0,-0.16531716860255719,-0.8063150244965978,2.826687418531643,-0.15440323310395032,-0.7363323762999338,2.9051662772933655,0.0,0.0,0.0
5.419999999999929,0.0,0.0,-0.5490671479515157,0.0,0.0,0.0,0.0,0.0,0.0,-0.1635378613899543,-0.8183584351960889,2.8098449977758655,-0.15582701596673276,-0.7500813937393209,2.889191088219355,0.0,0.0,0.0
5.429999999999929,0.0,0.0,-0.5554864532559965,0.0,0.0,0.0,0.0,0.0,0.0,-0.1614281437552072,-0.830192349733047,2.792883865802211,-0.15686144313372194,-0.7636024285877802,2.8730777135031533,0.0,0.0,0.0
5.4399999999999284,0.0,0.0,-0.5613515895802947,0.0,0.0,0.0,0.0,0.0,0.0,-0.15899838392074317,-0.8418144686985685,2.7758076874055337,-0.15751285169532617,-0.7768942578985919,2.8568297959201945,0.0,0.0,0.0
5.449999999999928,0.0,0.0,-0.5666586914487874,0.0,0.0,0.0,0.0,0.0,0.0,-0.15625862591741502,-0.853222635111053,2.75862017086534,-0.1577883580071626,-0.7899556844281267,2.8404510766742845,0.0,0.0,0.0
5.459999999999928,0.0,0.0,-0.5714046278444852,0.0,0.0,0.0,0.0,0.0,0.0,-0.15321862802898734,-0.8644148274897361,2.7413250770921476,-0.1576956996038516,-0.8027855476930305,2.8239453853581096,0.0,0.0,0.0
5.469999999999928,0.0,0.0,-0.5755870013160868,0.0,0.0,0.0,0.0,0.0,0.0,-0.14988791224383924,-0.8753891500335855,2.723926226535923,-0.15724310434737418,-0.8153827314541017,2.8073166299881196,0.0,0.0,0.0
5.479999999999928,0.0,0.0,-0.5792026475748107,0.0,0.0,0.0,0.0,0.0,0.0,-0.1462906373230437,-0.8861437973642878,2.7064327612994394,-0.15643918447569585,-0.8277461678703386,2.790568787551896,0.0,0.0,0.0
5.489999999999927,0.0,0.0,-0.5822508386166046,0.0,0.0,0.0,0.0,0.0,0.0,-0.14243571356711593,-0.8966758987796648,2.6888419812129833,-0.15529534326214534,-0.8398748333999124,2.773707343163146,0.0,0.0,0.0
5.499999999999927,0.0,0.0,-0.5847330742365565,0.0,0.0,0.0,0.0,0.0,0.0,-0.13831429523120864,-0.9069843656915251,2.6711535215174087,-0.15382539849914967,-0.8517669032609599,2.756733616752409,0.0,0.0,0.0
5.509999999999927,0.0,0.0,-0.5866498273904943,0.0,0.0,0.0,0.0,0.0,0.0,-0.13393314614973661,-0.9170692474553352,2.6533783658620154,-0.1520334763302962,-0.8634216792524122,2.739649832675279,0.0,0.0,0.0
5.519999999999927,0.0,0.0,-0.5880022358861648,0.0,0.0,0.0,0.0,0.0,0.0,-0.129302547157637,-0.9269286710211257,2.635519130893076,-0.14992712510786327,-0.8748393345533232,2.7224652988629483,0.0,0.0,0.0
5.5299999999999265,0.0,0.0,-0.5887921164616483,0.0,0.0,0.0,0.0,0.0,0.0,-0.12443214338271558,-0.9365612861217016,2.617580557350962,-0.14751564932371133,-0.8860188230354438,2.705182714314828,0.0,0.0,0.0
5.539999999999926,0.0,0.0,-0.5890219528492662,0.0,0.0,0.0,0.0,0.0,0.0,-0.11933189093236196,-0.9459656667163259,2.5995668782402253,-0.14480828586692246,-0.896959408185993,2.687806501652287,0.0,0.0,0.0
5.549999999999926,0.0,0.0,-0.5886947900850058,0.0,0.0,0.0,0.0,0.0,0.0,-0.11387638332875438,-0.9552412144731626,2.5819208683461534,-0.14181459059200652,-0.9076602819735069,2.6703407143338307,0.0,0.0,0.0
5.559999999999926,0.0,0.0,-0.587814712904224,0.0,0.0,0.0,0.0,0.0,0.0,-0.10843799599507875,-0.9641258099969263,2.563580093077371,-0.13847211518075977,-0.9181934747695901,2.6531479762117267,0.0,0.0,0.0
5.569999999999926,0.0,0.0,-0.5863862275675294,0.0,0.0,0.0,0.0,0.0,0.0,-0.10273155638495357,-0.9728241781873088,2.5453459862118883,-0.1349677747501427,-0.928379257755709,2.6353716373614513,0.0,0.0,0.0
5.5799999999999255,0.0,0.0,-0.5844141450469327,0.0,0.0,0.0,0.0,0.0,0.0,-0.0968409234920431,-0.9812832566862806,2.5270199068173156,-0.13118197932941233,-0.9383494650908659,2.617649419752719,0.0,0.0,0.0
5.589999999999925,0.0,0.0,-0.5819039925939301,0.0,0.0,0.0,0.0,0.0,0.0,-0.09075987699540677,-0.9895149343113774,2.508658957747511,-0.12715545403186423,-0.9480706900269706,2.5998254438882853,0.0,0.0,0.0
5.599999999999925,0.0,0.0,-0.578861867829123,0.0,0.0,0.0,0.0,0.0,0.0,-0.08450560796773265,-0.9975139058331799,2.490253500472268,-0.12288980194636948,-0.9575515396115386,2.581946112542947,0.0,0.0,0.0
5.609999999999925,0.0,0.0,-0.5752944484850792,0.0,0.0,0.0,0.0,0.0,0.0,-0.07808913186338162,-1.0052795546093785,2.4718113440869556,-0.11839726541654684,-0.9667891988284952,2.564004937055487,0.0,0.0,0.0
5.619999999999925,0.0,0.0,-0.5712089614905367,0.0,0.0,0.0,0.0,0.0,0.0,-0.07152297295593035,-1.0128101609093323,2.4533357949418715,-0.11368771912931508,-0.9757837385104156,2.5460091778513925,0.0,0.0,0.0
5.629999999999924,0.0,0.0,-0.5666131612003894,0.0,0.0,0.0,0.0,0.0,0.0,-0.06481918583826829,-1.020104442720048,2.4348313749138066,-0.10877195461450721,-0.9845343575787848,2.5279624872749236,0.0,0.0,0.0
5.639999999999924,0.0,0.0,-0.5615153045593222,0.0,0.0,0.0,0.0,0.0,0.0,-0.05798988769040969,-1.0271611511335828,2.416302327855225,-0.10366076612132111,-0.9930404205542666,2.5098694414179015,0.0,0.0,0.0
5.649999999999924,0.0,0.0,-0.5559200376590026,0.0,0.0,0.0,0.0,0.0,0.0,-0.05109265626283088,-1.0339790572588599,2.397767983619052,-0.09836513321164461,-1.0013012149371616,2.491734364743847,0.0,0.0,0.0
5.659999999999924,0.0,0.0,-0.5498384104960368,0.0,0.0,0.0,0.0,0.0,0.0,-0.04412548751979317,-1.0405526377849004,2.379209616187854,-0.09290341318974399,-1.0093160134811199,2.473565760427588,0.0,0.0,0.0
5.6699999999999235,0.0,0.0,-0.5432853135827123,0.0,0.0,0.0,0.0,0.0,0.0,-0.03703646951100392,-1.0468842753290113,2.3606212796483463,-0.08729797073982229,-1.0170807190171929,2.4553589823025743,0.0,0.0,0.0
5.679999999999923,0.0,0.0,-0.5362698614484341,0.0,0.0,0.0,0.0,0.0,0.0,-0.02983973451961841,-1.0529795593057636,2.3420319632195263,-0.0815398455288863,-1.024596624446677,2.4371143197810303,0.0,0.0,0.0
5.689999999999923,0.0,0.0,-0.528801717102178,0.0,0.0,0.0,0.0,0.0,0.0,-0.022558891907674683,-1.0588349220323956,2.323440303413302,-0.07563543623744366,-1.031867749351073,2.418853101674844,0.0,0.0,0.0
5.699999999999923,0.0,0.0,-0.520891067371802,0.0,0.0,0.0,0.0,0.0,0.0,-0.015213237617833553,-1.0644493577343317,2.304852189311197,-0.06959674820168373,-1.0388919040311617,2.4005733467944137,0.0,0.0,0.0
5.709999999999923,0.0,0.0,-0.5125485780684745,0.0,0.0,0.0,0.0,0.0,0.0,-0.007820999201949341,-1.0698216005294292,2.286271487750956,-0.06343542378394426,-1.0456684364312734,2.382279409737058,0.0,0.0,0.0
5.7199999999999225,0.0,0.0,-0.503785353255231,0.0,0.0,0.0,0.0,0.0,0.0,-0.0003987032825027992,-1.0749508509759422,2.2677025184443185,-0.05716374750635929,-1.0521964005076216,2.363974504307997,0.0,0.0,0.0
5.729999999999922,0.0,0.0,-0.4946128948103191,0.0,0.0,0.0,0.0,0.0,0.0,0.007038441073816459,-1.0798365565081771,2.2491494494639706,-0.05079408694363738,-1.058475088207828,2.3456625302817367,0.0,0.0,0.0
5.739999999999922,0.0,0.0,-0.48504306369747807,0.0,0.0,0.0,0.0,0.0,0.0,0.014476428044914114,-1.0844784392874058,2.230616481313314,-0.04433880827632318,-1.0645039185035172,2.327347499305581,0.0,0.0,0.0
5.749999999999922,0.0,0.0,-0.4750880429842282,0.0,0.0,0.0,0.0,0.0,0.0,0.02190228491092583,-1.0888764594457245,2.21210781701458,-0.03781012751339484,-1.070282483919357,2.3090336053972784,0.0,0.0,0.0
5.759999999999922,0.0,0.0,-0.4647603028055608,0.0,0.0,0.0,0.0,0.0,0.0,0.02930393412404464,-1.0930307972346274,2.193627680836908,-0.031220024907523118,-1.0758105465388588,2.290725145209885,0.0,0.0,0.0
5.769999999999921,0.0,0.0,-0.45407256728662226,0.0,0.0,0.0,0.0,0.0,0.0,0.036670067011255414,-1.0969418330613236,2.175180319217742,-0.02458018042612657,-1.0810880408503785,2.2724264912229817,0.0,0.0,0.0
5.779999999999921,0.0,0.0,-0.44303778338375277,0.0,0.0,0.0,0.0,0.0,0.0,0.043990035052625,-1.1006101314887444,2.15677000251336,-0.017901933037025225,-1.0861150704332745,2.2541420624279547,0.0,0.0,0.0
5.789999999999921,0.0,0.0,-0.4316690915517307,0.0,0.0,0.0,0.0,0.0,0.0,0.05125375678596633,-1.1040364278802581,2.1384010238365594,-0.011196256353340598,-1.090891903602239,2.235876304621924,0.0,0.0,0.0
5.799999999999921,0.0,0.0,-0.4199446600300657,0.0,0.0,0.0,0.0,0.0,0.0,0.057870913949702674,-1.1072195076236957,2.1202500515193745,0.012673547960480177,-1.0954189680059003,2.2176336752908634,0.0,0.0,0.0
5.809999999999921,0.0,0.0,-0.4078892363480631,0.0,0.0,0.0,0.0,0.0,0.0,0.0639154215357518,-1.1100972135498397,2.1020866635466,0.017292756094996514,-1.099696316130126,2.1994657289694635,0.0,0.0,0.0
5.81999999999992,0.0,0.0,-0.39555746195848607,0.0,0.0,0.0,0.0,0.0,0.0,0.07010867034175572,-1.1127030505362,2.0837822075116126,0.021973952386013428,-1.1036765379988944,2.181282428682602,0.0,0.0,0.0
5.82999999999992,0.0,0.0,-0.38295680787752945,0.0,0.0,0.0,0.0,0.0,0.0,0.07643011288116663,-1.1151200806302084,2.0655957552642237,0.02687075439219071,-1.107378999931706,2.163032603736533,0.0,0.0,0.0
5.83999999999992,0.0,0.0,-0.3700978821743739,0.0,0.0,0.0,0.0,0.0,0.0,0.08279562994849576,-1.1173180128236737,2.047464670338866,0.03199398422561624,-1.1108639897089614,2.1448976264341812,0.0,0.0,0.0
5.84999999999992,0.0,0.0,-0.35699530362257004,0.0,0.0,0.0,0.0,0.0,0.0,0.08934043298557515,-1.1195017228065502,2.029982210788945,0.03730565788486163,-1.1141139431143245,2.1268204217154922,0.0,0.0,0.0
5.8599999999999195,0.0,0.0,-0.343661109493216,0.0,0.0,0.0,0.0,0.0,0.0,0.09568119756934945,-1.1212341851636767,2.011964537221708,0.04286521681752724,-1.1172832545855433,2.109274878194767,0.0,0.0,0.0
5.869999999999919,0.0,0.0,-0.3301063448921562,0.0,0.0,0.0,0.0,0.0,0.0,0.10201135817594054,-1.1228058844271804,1.9941996355790435,0.04849943101311477,-1.1200631291796823,2.0913144551246607,0.0,0.0,0.0
5.879999999999919,0.0,0.0,-0.316343822884966,0.0,0.0,0.0,0.0,0.0,0.0,0.10823643947148565,-1.1241408569007385,1.9764935945324265,0.05427475868604782,-1.122651747482374,2.0735510206614785,0.0,0.0,0.0
5.889999999999919,0.0,0.0,-0.3023814066854661,0.0,0.0,0.0,0.0,0.0,0.0,0.1143416373766395,-1.1252735996126098,1.958894598461913,0.06014008105334209,-1.124998240558477,2.05583170634017,0.0,0.0,0.0
5.899999999999919,0.0,0.0,-0.288232910908597,0.0,0.0,0.0,0.0,0.0,0.0,0.12029749443164728,-1.126199702420923,1.941401832128179,0.06607325194151203,-1.1271191533651965,2.0381970238651737,0.0,0.0,0.0
5.909999999999918,0.0,0.0,-0.27391795796528723,0.0,0.0,0.0,0.0,0.0,0.0,0.12607821206996528,-1.1268997378505192,1.9240291387231623,0.07204602380916406,-1.129019158096727,2.0206434761936287,0.0,0.0,0.0
5.919999999999918,0.0,0.0,-0.2594508369138094,0.0,0.0,0.0,0.0,0.0,0.0,0.13166253819529028,-1.1273682549989954,1.9067704844761573,0.07803001737131138,-1.1306902779200927,2.0031804401504503,0.0,0.0,0.0
5.929999999999918,0.0,0.0,-0.24484589572849993,0.0,0.0,0.0,0.0,0.0,0.0,0.13703648928222978,-1.1276050297202889,1.8896317937263563,0.08399715015979256,-1.1321281522146764,1.9858046475138884,0.0,0.0,0.0
5.939999999999918,0.0,0.0,-0.2301175398548036,0.0,0.0,0.0,0.0,0.0,0.0,0.1421885274718524,-1.1276090155576237,1.8726159797851176,0.08992217611424232,-1.1333319720491266,1.968522345904914,0.0,0.0,0.0
5.949999999999918,0.0,0.0,-0.2152801747676858,0.0,0.0,0.0,0.0,0.0,0.0,0.14711017045728036,-1.12737974590081,1.8557266926661415,0.09578114074108411,-1.1343004212252865,1.9513375570051132,0.0,0.0,0.0
5.959999999999917,0.0,0.0,-0.20034815480179285,0.0,0.0,0.0,0.0,0.0,0.0,0.1517953620276884,-1.126916926782719,1.8389673585617032,0.10155196862168288,-1.1350326451100639,1.9342549012739558,0.0,0.0,0.0
5.969999999999917,0.0,0.0,-0.1853357378599321,0.0,0.0,0.0,0.0,0.0,0.0,0.15624020684109707,-1.1262205050486065,1.822341428681153,0.10721446048103454,-1.1355279742553868,1.9172788027749916,0.0,0.0,0.0
5.979999999999917,0.0,0.0,-0.17025704615274984,0.0,0.0,0.0,0.0,0.0,0.0,0.16044265604754848,-1.1252906168531331,1.8058523140347473,0.11275037958517034,-1.1357859711837126,1.9004136449299578,0.0,0.0,0.0
5.989999999999917,0.0,0.0,-0.15512603298067745,0.0,0.0,0.0,0.0,0.0,0.0,0.16440224487840793,-1.1241275685794658,1.7895034000703172,0.11814346179382969,-1.1358063935728875,1.8836636962927917,0.0,0.0,0.0
5.9999999999999165,0.0,0.0,-0.13995529376778232,0.0,0.0,0.0,0.0,0.0,0.0,0.16805089616125324,-1.1227317023563028,1.7733147578714623,0.12337939980656264,-1.1355891791417065,1.8670331068849209,0.0,0.0,0.0
6.009999999999916,0.0,0.0,-0.1247587012810411,0.0,0.0,0.0,0.0,0.0,0.0,0.17139100194245893,-1.12109659759287,1.7572694336174326,0.12843442182230938,-1.1351343955739561,1.8505303790023149,0.0,0.0,0.0
6.019999999999916,0.0,0.0,-0.1095506403275524,0.0,0.0,0.0,0.0,0.0,0.0,0.17450125662269222,-1.1192256630552269,1.741356817784921,0.13327780650412582,-1.1344368933982947,1.834151049385275,0.0,0.0,0.0
6.029999999999916,0.0,0.0,-0.09434400006528046,0.0,0.0,0.0,0.0,0.0,0.0,0.17739039497892728,-1.1171284956766296,1.72560084990971,0.13792102573959814,-1.1334984053124177,1.817892828021179,0.0,0.0,0.0
6.039999999999916,0.0,0.0,-0.07915153720887835,0.0,0.0,0.0,0.0,0.0,0.0,0.18006048133353847,-1.1148037523973087,1.7100001235708921,0.14236172368537234,-1.1323257485458804,1.8017743505845771,0.0,0.0,0.0
6.0499999999999154,0.0,0.0,-0.06398572687169396,0.0,0.0,0.0,0.0,0.0,0.0,0.1825154646160072,-1.1122526809189401,1.6945592083617935,0.14659570915273415,-1.1309183397089422,1.7857948734655822,0.0,0.0,0.0
6.059999999999915,0.0,0.0,-0.04885875042544663,0.0,0.0,0.0,0.0,0.0,0.0,0.1847592475728188,-1.1094760008651647,1.6792810129371656,0.15062047734897765,-1.1292773191956675,1.7699582774436993,0.0,0.0,0.0
6.069999999999915,0.0,0.0,-0.03378248785004315,0.0,0.0,0.0,0.0,0.0,0.0,0.1867960591472917,-1.1064747361170806,1.6641687619891503,0.154434312337234,-1.1274034177751258,1.7542672270607957,0.0,0.0,0.0
6.079999999999915,0.0,0.0,-0.018768514402309422,0.0,0.0,0.0,0.0,0.0,0.0,0.188630249572328,-1.1032500185393563,1.6492255028633807,0.1580364014776779,-1.1252975386002353,1.7387246580390747,0.0,0.0,0.0
6.089999999999915,0.0,0.0,-0.0038281001068239673,0.0,0.0,0.0,0.0,0.0,0.0,0.19026624398219893,-1.099803152058609,1.6344542423932271,0.16142668834104573,-1.1229606340692448,1.723333390361889,0.0,0.0,0.0
6.099999999999914,0.0,0.0,0.011027788037055897,0.0,0.0,0.0,0.0,0.0,0.0,0.19170846997639335,-1.0961356063828855,1.6198579216718916,0.1646057918401346,-1.1203937609941472,1.7080962238605428,0.0,0.0,0.0
6.109999999999914,0.0,0.0,0.025788481609636232,0.0,0.0,0.0,0.0,0.0,0.0,0.1929613062395159,-1.0922490254037407,1.6054394313868634,0.16757491110302963,-1.1175980872084441,1.6930159138620946,0.0,0.0,0.0
6.119999999999914,0.0,0.0,0.040443604486468054,0.0,0.0,0.0,0.0,0.0,0.0,0.19402904041072788,-1.08814522867808,1.591201616131529,0.1703357386510679,-1.1145749077143137,1.6780951797765533,0.0,0.0,0.0
6.129999999999914,0.0,0.0,0.05498306513483034,0.0,0.0,0.0,0.0,0.0,0.0,0.19491583879204177,-1.0838262117413917,1.577147280943998,0.1728903780171335,-1.1113256554282103,1.6633367069943203,0.0,0.0,0.0
6.1399999999999135,0.0,0.0,0.0693970478894926,0.0,0.0,0.0,0.0,0.0,0.0,0.19562572647384013,-1.0792941440200514,1.563279196746926,0.17524126824136887,-1.1078519103376319,1.6487431516311677,0.0,0.0,0.0
6.149999999999913,0.0,0.0,0.08366823174564308,0.0,0.0,0.0,0.0,0.0,0.0,0.1961626226650186,-1.0745158665278018,1.5496153933763832,0.17739111570709679,-1.1041554061244787,1.634317145231875,0.0,0.0,0.0
6.159999999999913,0.0,0.0,0.09778919097284623,0.0,0.0,0.0,0.0,0.0,0.0,0.19652712083010226,-1.0694923350212089,1.5361393902573692,0.1793428431269486,-1.10022941607497,1.6200653024483838,0.0,0.0,0.0
6.169999999999913,0.0,0.0,0.11176007711636629,0.0,0.0,0.0,0.0,0.0,0.0,0.19672426045164015,-1.0642699878989337,1.522840661225953,0.18109783703641028,-1.0960585863550067,1.6059826384433569,0.0,0.0,0.0
6.179999999999913,0.0,0.0,0.125571858730694,0.0,0.0,0.0,0.0,0.0,0.0,0.19676152015832526,-1.0588602856238296,1.5097421825875745,0.18265973879503838,-1.0916647735663356,1.5920661214356857,0.0,0.0,0.0
6.1899999999999125,0.0,0.0,0.139215508112704,0.0,0.0,0.0,0.0,0.0,0.0,0.1966409923736956,-1.0532628664416,1.4968423125414865,0.18403385289946222,-1.0870592104922652,1.578332618707792,0.0,0.0,0.0
6.199999999999912,0.0,0.0,0.15268223414398505,0.0,0.0,0.0,0.0,0.0,0.0,0.19636583506301064,-1.0474799222015574,1.4841450939650165,0.18522311706618091,-1.0822448179889717,1.5647807287566027,0.0,0.0,0.0
6.209999999999912,0.0,0.0,0.1659634880336753,0.0,0.0,0.0,0.0,0.0,0.0,0.19593887335119797,-1.0415131270742433,1.4716530343807517,0.18623097148462797,-1.0772257566411363,1.5514134472174044,0.0,0.0,0.0
6.219999999999912,0.0,0.0,0.1790509637533576,0.0,0.0,0.0,0.0,0.0,0.0,0.19536298891167103,-1.035364468144293,1.4593689572003108,0.18706070045545678,-1.0720054226385185,1.5382327759011503,0.0,0.0,0.0
6.229999999999912,0.0,0.0,0.19193659552773923,0.0,0.0,0.0,0.0,0.0,0.0,0.19464105738752768,-1.0290360612959124,1.4472955504859102,0.18771559870383406,-1.0665870911109003,1.525241072130446,0.0,0.0,0.0
6.239999999999911,0.0,0.0,0.20461255411396898,0.0,0.0,0.0,0.0,0.0,0.0,0.1937759963565775,-1.0225302102613494,1.435435492746035,0.18819893448471198,-1.06097386073133,1.512440694161455,0.0,0.0,0.0
6.249999999999911,0.0,0.0,0.21707124223879354,0.0,0.0,0.0,0.0,0.0,0.0,0.19277078400020908,-1.0158493943778328,1.423791430922594,0.18851396670970116,-1.0551687532788787,1.4998340769316312,0.0,0.0,0.0
6.259999999999911,0.0,0.0,0.22930528972035008,0.0,0.0,0.0,0.0,0.0,0.0,0.19162848318704007,-1.008996266607546,1.4123659932382735,0.18866395144897077,-1.0491747558551998,1.4874237012839984,0.0,0.0,0.0
6.269999999999911,0.0,0.0,0.24130754862880094,0.0,0.0,0.0,0.0,0.0,0.0,0.19035226229183544,-1.001973643295813,1.401161791273231,0.1886521533042997,-1.0429948617517946,1.4752120912124584,0.0,0.0,0.0
6.2799999999999105,0.0,0.0,0.25307108876130496,0.0,0.0,0.0,0.0,0.0,0.0,0.1889454148389751,-0.9947844920096642,1.3901814229776295,0.1884818572697699,-1.0366320982862156,1.4632018051538087,0.0,0.0,0.0
6.28999999999991,0.0,0.0,0.2645891936197602,0.0,0.0,0.0,0.0,0.0,0.0,0.18741137740150315,-0.987431917264233,1.3794274739259458,0.18815638168077894,-1.0300895467291924,1.4513954296596285,0.0,0.0,0.0
6.29999999999991,0.0,0.0,0.27585535701028485,0.0,0.0,0.0,0.0,0.0,0.0,0.18575374585591353,-0.9799191453198972,1.3689025177106118,0.18767909166358107,-1.0233703550162445,1.439795573223846,0.0,0.0,0.0
6.30999999999991,0.0,0.0,0.28686328032523745,0.0,0.0,0.0,0.0,0.0,0.0,0.18397628990881176,-0.9722495086651661,1.358609115456494,0.1870534128379933,-1.0164777448269526,1.4284048607106568,0.0,0.0,0.0
6.31999999999991,0.0,0.0,0.29760687052525864,0.0,0.0,0.0,0.0,0.0,0.0,0.18208295208756553,-0.9644264359480892,1.3485498146364503,0.18628284497978284,-1.0094150141783658,1.4172259281826747,0.0,0.0,0.0
6.3299999999999095,0.0,0.0,0.30808023879778434,0.0,0.0,0.0,0.0,0.0,0.0,0.18007775785939684,-0.9564534747869353,1.3387271472789477,0.1853709730249588,-1.0021855378235769,1.4062614181044761,0.0,0.0,0.0
6.339999999999909,0.0,0.0,0.3182776997506306,0.0,0.0,0.0,0.0,0.0,0.0,0.1779647322695479,-0.948334309752572,1.3291436280183868,0.18432145877099068,-0.9947927746884968,1.3955139748625653,0.0,0.0,0.0
6.349999999999909,0.0,0.0,0.32819377116780457,0.0,0.0,0.0,0.0,0.0,0.0,0.17574791951318947,-0.9400727397725532,1.3198017522317576,0.18313801051365308,-0.9872402831715184,1.3849862406437556,0.0,0.0,0.0
6.359999999999909,0.0,0.0,0.3378231746851374,0.0,0.0,0.0,0.0,0.0,0.0,0.17343142380375287,-0.9316726479800601,1.3107039934783056,0.18182437756473105,-0.9795317193867847,1.3746808516785292,0.0,0.0,0.0
6.369999999999909,0.0,0.0,0.3471608374748403,0.0,0.0,0.0,0.0,0.0,0.0,0.17101944745336883,-0.9231379743368984,1.3018528004694085,0.18038435555726098,-0.9716708276775013,1.3646004343997011,0.0,0.0,0.0
6.379999999999908,0.0,0.0,0.3562018947495922,0.0,0.0,0.0,0.0,0.0,0.0,0.16851632489812118,-0.9144726916879478,1.2932505938908687,0.17882179580518667,-0.9636614283380847,1.354747601707719,0.0,0.0,0.0
6.389999999999908,0.0,0.0,0.36494169286263534,0.0,0.0,0.0,0.0,0.0,0.0,0.16592655241525778,-0.9056807851527515,1.2848997631583126,0.17714061738321485,-0.9555074039432843,1.3451249495024098,0.0,0.0,0.0
6.399999999999908,0.0,0.0,0.3733757927929173,0.0,0.0,0.0,0.0,0.0,0.0,0.1632548131501741,-0.8967662347561447,1.2768026631684724,0.17534482095267426,-0.9472126851472604,1.335735053458239,0.0,0.0,0.0
6.409999999999908,0.0,0.0,0.38149997382303885,0.0,0.0,0.0,0.0,0.0,0.0,0.16050599736461812,-0.8877330010735638,1.26896161109472,0.17343850342097059,-0.9387812366272332,1.326580466018214,0.0,0.0,0.0
6.419999999999908,0.0,0.0,0.3893102372405161,0.0,0.0,0.0,0.0,0.0,0.0,0.1576852177892909,-0.8785850136758202,1.2613788832637072,0.17142587263638054,-0.9302170436685194,1.3176637135826303,0.0,0.0,0.0
6.429999999999907,0.0,0.0,0.39680280991783956,0.0,0.0,0.0,0.0,0.0,0.0,0.1547978197510842,-0.86932616224294,1.254056712139253,0.1693112614746958,-0.9215240997221739,1.3089872938715703,0.0,0.0,0.0
6.439999999999907,0.0,0.0,0.4039741476528592,0.0,0.0,0.0,0.0,0.0,0.0,0.15184938597381903,-0.8599602901486696,1.2469972834340703,0.16709914065004022,-0.9127063952148863,1.3005536734424537,0.0,0.0,0.0
6.449999999999907,0.0,0.0,0.4108209381777359,0.0,0.0,0.0,0.0,0.0,0.0,0.14884573607393148,-0.850491190291117,1.2402027333641985,0.16479412970490273,-0.9037679077838146,1.2923652853478564,0.0,0.0,0.0
6.459999999999907,0.0,0.0,0.4173401037708608,0.0,0.0,0.0,0.0,0.0,0.0,0.14579292090014762,-0.8409226029212253,1.2336751460557418,0.16240100573409227,-0.8947125940292985,1.2844245269212327,0.0,0.0,0.0
6.4699999999999065,0.0,0.0,0.4235288034308115,0.0,0.0,0.0,0.0,0.0,0.0,0.1426972119911879,-0.8312582151996106,1.2274165511098059,0.15992470950148133,-0.8855443828105737,1.2767337576798297,0.0,0.0,0.0
6.479999999999906,0.0,0.0,0.4293844345937833,0.0,0.0,0.0,0.0,0.0,0.0,0.13956508653599453,-0.8215016621966291,1.221428921328718,0.15737034871474997,-0.8762671700516138,1.2692952973357974,0.0,0.0,0.0
6.489999999999906,0.0,0.0,0.4349046343953784,0.0,0.0,0.0,0.0,0.0,0.0,0.13640320830645558,-0.8116565290429572,1.2157141706038073,0.15474319832777086,-0.8668848149754944,1.2621114239076872,0.0,0.0,0.0
6.499999999999906,0.0,0.0,0.4400872804937661,0.0,0.0,0.0,0.0,0.0,0.0,0.13321840508899985,-0.8017263539399502,1.2102741519630584,0.15204869783802671,-0.8574011376465973,1.2551843719253115,0.0,0.0,0.0
6.509999999999906,0.0,0.0,0.4449304914838343,0.0,0.0,0.0,0.0,0.0,0.0,0.1300176431694352,-0.7917146317507675,1.2051106557744686,0.14929244563359922,-0.8478199176705838,1.2485163307216012,0.0,0.0,0.0
6.519999999999905,0.0,0.0,0.4494326269413536,0.0,0.0,0.0,0.0,0.0,0.0,0.1268079994369431,-0.7816248179142473,1.2002254080976784,0.14648019051807745,-0.8381448938824603,1.2421094428052726,0.0,0.0,0.0
6.529999999999905,0.0,0.0,0.45359228714382316,0.0,0.0,0.0,0.0,0.0,0.0,0.12359663172543467,-0.7714603324523792,1.195620069166727,0.1436178206028424,-0.828379764842954,1.2359658023082531,0.0,0.0,0.0
6.539999999999905,0.0,0.0,0.45740831339946614,0.0,0.0,0.0,0.0,0.0,0.0,0.12039078331118447,-0.7612245637445021,1.1912962274104955,0.14071134981537112,-0.818528189962391,1.2300874535003699,0.0,0.0,0.0
6.549999999999905,0.0,0.0,0.4608797917096994,0.0,0.0,0.0,0.0,0.0,0.0,0.11719793130854728,-0.7509208733633899,1.1872553805251465,0.13776690818411974,-0.8085937910505093,1.2244763882265908,0.0,0.0,0.0
6.559999999999905,0.0,0.0,0.46400605577674325,0.0,0.0,0.0,0.0,0.0,0.0,0.11402592161879599,-0.7405526074137243,1.1834989397906124,0.1347907639405953,-0.7985801553540062,1.2191345408860557,0.0,0.0,0.0
6.569999999999904,0.0,0.0,0.4667866862978762,0.0,0.0,0.0,0.0,0.0,0.0,0.11088296018812416,-0.7301231035280016,1.180028247315713,0.1317893776452771,-0.7884908436831417,1.214063792816939,0.0,0.0,0.0
6.579999999999904,0.0,0.0,0.46922150962932113,0.0,0.0,0.0,0.0,0.0,0.0,0.10777758016730565,-0.7196356880918362,1.1768445748070748,0.12876942121287163,-0.7783293964513339,1.2092659806397885,0.0,0.0,0.0
6.589999999999904,0.0,0.0,0.4713105961727895,0.0,0.0,0.0,0.0,0.0,0.0,0.10471860347980388,-0.7090936740872333,1.173949124382904,0.12573778550380474,-0.7680993333729053,1.2047428916392293,0.0,0.0,0.0
6.599999999999904,0.0,0.0,0.4730542584971753,0.0,0.0,0.0,0.0,0.0,0.0,0.10171509701835713,-0.698500358575795,1.1713430286460307,0.12270158166731245,-0.7578041531275502,1.200496261068147,0.0,0.0,0.0
6.6099999999999035,0.0,0.0,0.47445304921641424,0.0,0.0,0.0,0.0,0.0,0.0,0.09877632427653649,-0.6878590201979469,1.169027350733258,0.11966813643347161,-0.7474473324221333,1.1965277693658276,0.0,0.0,0.0
6.619999999999903,0.0,0.0,0.4755077586503352,0.0,0.0,0.0,0.0,0.0,0.0,0.09591169331750193,-0.677172916692347,1.1670030841724315,0.1166449818088169,-0.7370323247487549,1.192839039739536,0.0,0.0,0.0
6.629999999999903,0.0,0.0,0.47621941230018994,0.0,0.0,0.0,0.0,0.0,0.0,0.09313070219967357,-0.666445282521217,1.1652711525890935,0.11363983966711273,-0.7265625589009278,1.1894316359565453,0.0,0.0,0.0
6.639999999999903,0.0,0.0,0.4765892681740075,0.0,0.0,0.0,0.0,0.0,0.0,0.09044288311516002,-0.6556793266583623,1.1638324092590207,0.11066060183261256,-0.7160414373560008,1.1863070603513017,0.0,0.0,0.0
6.649999999999903,0.0,0.0,0.47661881399851763,0.0,0.0,0.0,0.0,0.0,0.0,0.08785774657812695,-0.6448782305895562,1.1626876365208243,0.1077153063396188,-0.7054723346098668,1.183466752026341,0.0,0.0,0.0
6.659999999999902,0.0,0.0,0.47630976435485894,0.0,0.0,0.0,0.0,0.0,0.0,0.08538472705285349,-0.6340451465589121,1.1618375450615637,0.10481211062831197,-0.6948585955416208,1.1809120852396124,0.0,0.0,0.0
6.669999999999902,0.0,0.0,0.4756640577878449,0.0,0.0,0.0,0.0,0.0,0.0,0.0830331320493739,-0.6231831960769525,1.161282773023687,0.10195926249797065,-0.6842035338716231,1.1786443679706153,0.0,0.0,0.0
6.679999999999902,0.0,0.0,0.47468385391825824,0.0,0.0,0.0,0.0,0.0,0.0,0.08081209593221439,-0.6122954687220932,1.1610238850523902,0.099165069790076,-0.6735104307619271,1.1766648406420408,0.0,0.0,0.0
6.689999999999902,0.0,0.0,0.4733715305431607,0.0,0.0,0.0,0.0,0.0,0.0,0.07873053766562566,-0.6013850212197069,1.1610613715038938,0.09643786984628441,-0.6627825336117504,1.1749746750260297,0.0,0.0,0.0
6.699999999999902,0.0,0.0,0.47172968073106814,0.0,0.0,0.0,0.0,0.0,0.0,0.07679712267348693,-0.5904548766903748,1.161395647675034,0.0937859992254043,-0.6520230550625663,1.1735749733837362,0.0,0.0,0.0
6.709999999999901,0.0,0.0,0.4697611099361998,0.0,0.0,0.0,0.0,0.0,0.0,0.07502022996767588,-0.5795080240312758,1.162027052984747,0.09121776403638947,-0.6412351721617948,1.1724667677267808,0.0,0.0,0.0
6.719999999999901,0.0,0.0,0.46746883313471854,0.0,0.0,0.0,0.0,0.0,0.0,0.07340792486061776,-0.5685474174335305,1.1629558502243431,0.08874141161752733,-0.6304220256701091,1.171651019143222,0.0,0.0,0.0
6.729999999999901,0.0,0.0,0.4648560719775596,0.0,0.0,0.0,0.0,0.0,0.0,0.07196793723909756,-0.5575759759883274,1.1641822248914167,0.0863651040840049,-0.6195867195174756,1.1711286172360018,0.0,0.0,0.0
6.739999999999901,0.0,0.0,0.4619262519486854,0.0,0.0,0.0,0.0,0.0,0.0,0.07070764517402406,-0.5465965833382969,1.1657062846287427,0.08409689412627504,-0.6087323203787732,1.1709003796486344,0.0,0.0,0.0
6.7499999999999005,0.0,0.0,0.45868299951297686,0.0,0.0,0.0,0.0,0.0,0.0,0.06963406347886147,-0.5356120873321348,1.1675280587799994,0.08194470332443206,-0.5978618573374201,1.1709670516598114,0.0,0.0,0.0
6.7599999999999,0.0,0.0,0.45513862549809403,0.0,0.0,0.0,0.0,0.0,0.0,0.068753994748045,-0.524586308688574,1.169661700752145,0.07991630312941049,-0.586978321602559,1.1713293058261935,0.0,0.0,0.0
6.7699999999999,0.0,0.0,0.4512978533722396,0.0,0.0,0.0,0.0,0.0,0.0,0.0680722026402032,-0.5135162101734698,1.1720912639546617,0.07801932486212959,-0.576076493835731,1.1719912426098125,0.0,0.0,0.0
6.7799999999999,0.0,0.0,0.44715568490260427,0.0,0.0,0.0,0.0,0.0,0.0,0.06758199853865254,-0.5023968853643623,1.174658613117704,0.0762605046986945,-0.5651428446337506,1.1729473056732587,0.0,0.0,0.0
6.7899999999999,0.0,0.0,0.4427165118124745,0.0,0.0,0.0,0.0,0.0,0.0,0.06732208572218634,-0.4913540866577697,1.1777066803312148,0.0746406515598754,-0.5541626511937321,1.1740858980881732,0.0,0.0,0.0
6.7999999999998995,0.0,0.0,0.43798598479400624,0.0,0.0,0.0,0.0,0.0,0.0,0.06727441455245164,-0.48030378384155714,1.1810095753342789,0.07318195352708438,-0.5432152718803129,1.1756518789950638,0.0,0.0,0.0
6.809999999999899,0.0,0.0,0.4329690062167343,0.0,0.0,0.0,0.0,0.0,0.0,0.0674487899943711,-0.46926650856494945,1.1846187628867455,0.07188172859910862,-0.5322561316930483,1.1774886064471513,0.0,0.0,0.0
6.819999999999899,0.0,0.0,0.4276706888487707,0.0,0.0,0.0,0.0,0.0,0.0,0.06784844904353748,-0.45823982571042343,1.1885215439349845,0.0707486567635144,-0.5212989143598338,1.1796318317467533,0.0,0.0,0.0
6.829999999999899,0.0,0.0,0.4220963201486756,0.0,0.0,0.0,0.0,0.0,0.0,0.06847773190632345,-0.44722664311867266,1.192720219523382,0.06978862281099255,-0.5103441031254394,1.1820729501599634,0.0,0.0,0.0
6.839999999999899,0.0,0.0,0.4162513665085863,0.0,0.0,0.0,0.0,0.0,0.0,0.06934031063863422,-0.43622859187321605,1.1972134421363183,0.06900789297224996,-0.499395032243839,1.1848137905929486,0.0,0.0,0.0
6.849999999999898,0.0,0.0,0.4101414638503292,0.0,0.0,0.0,0.0,0.0,0.0,0.0704396081763049,-0.4252475792484134,1.2020006109631929,0.06841237801636506,-0.4884541858476855,1.1878536852382051,0.0,0.0,0.0
6.859999999999898,0.0,0.0,0.40377241174161593,0.0,0.0,0.0,0.0,0.0,0.0,0.07177870952557153,-0.4142854322833833,1.2070808424636612,0.06800780344286828,-0.4775240868095107,1.1911925044345955,0.0,0.0,0.0
6.869999999999898,0.0,0.0,0.3971501668243534,0.0,0.0,0.0,0.0,0.0,0.0,0.07336038923013632,-0.40334398398838367,1.2124532170388314,0.06779967030844003,-0.46660711546602807,1.1948299337044501,0.0,0.0,0.0
6.879999999999898,0.0,0.0,0.3902808365065519,0.0,0.0,0.0,0.0,0.0,0.0,0.07518711071336392,-0.3924250543568033,1.2181167244902023,0.067793264402839,-0.4557055720973073,1.1987656371256437,0.0,0.0,0.0
6.8899999999998975,0.0,0.0,0.3831706726143833,0.0,0.0,0.0,0.0,0.0,0.0,0.07726103088419278,-0.3815304545320881,1.224070279798473,0.06799365395994521,-0.4448216789872457,1.2029992129373492,0.0,0.0,0.0
6.899999999999897,0.0,0.0,0.3758260650171058,0.0,0.0,0.0,0.0,0.0,0.0,0.07958400233294172,-0.37066198466090405,1.2303127218323986,0.06840568949975982,-0.43395759322498195,1.2075301989927274,0.0,0.0,0.0
6.909999999999897,0.0,0.0,0.3682535351707216,0.0,0.0,0.0,0.0,0.0,0.0,0.08215757496805698,-0.35982143266626876,1.2368428156714497,0.06903400247503041,-0.4231154142788927,1.2123580672092924,0.0,0.0,0.0
6.919999999999897,0.0,0.0,0.3604597295528987,0.0,0.0,0.0,0.0,0.0,0.0,0.08498299677142918,-0.3490105725274879,1.243659253746879,0.06988300334247051,-0.4122971905224788,1.217482221249822,0.0,0.0,0.0
6.929999999999897,0.0,0.0,0.352451412965263,0.0,0.0,0.0,0.0,0.0,0.0,0.08806121387244936,-0.3382311625993153,1.2507606569980436,0.0709568788030639,-0.40150492415731937,1.2229019939813124,0.0,0.0,0.0
6.9399999999998965,0.0,0.0,0.3442354616878156,0.0,0.0,0.0,0.0,0.0,0.0,0.09139287003462315,-0.32748494399031713,1.2581455758166349,0.07225958819254452,-0.39074057501852505,1.2286166454466538,0.0,0.0,0.0
6.949999999999896,0.0,0.0,0.335818856476906,0.0,0.0,0.0,0.0,0.0,0.0,0.09497830568173704,-0.3167736390927187,1.2658124908779576,0.07379485898106354,-0.3800060634533645,1.2346253611083102,0.0,0.0,0.0
6.959999999999896,0.0,0.0,0.3272086754044874,0.0,0.0,0.0,0.0,0.0,0.0,0.09881755658644958,-0.3060989503013163,1.2737598138735127,0.07556618137648453,-0.36930327248304395,1.2409272503643753,0.0,0.0,0.0
6.969999999999896,0.0,0.0,0.31841208654190256,0.0,0.0,0.0,0.0,0.0,0.0,0.10291035234440832,-0.2954625589419715,1.281985888172367,0.07757680204575931,-0.3586340494095335,1.2475213452895626,0.0,0.0,0.0
6.979999999999896,0.0,0.0,0.30943634049624325,0.0,0.0,0.0,0.0,0.0,0.0,0.10725611475244928,-0.28486612441116055,1.2904889894302374,0.07982971699014474,-0.34800020700143736,1.2544065995725946,0.0,0.0,0.0
6.989999999999895,0.0,0.0,0.3002887628114165,0.0,0.0,0.0,0.0,0.0,0.0,0.11185395620297944,-0.27431128351501455,1.299267326162362,0.08232766362869494,-0.3374035243655793,1.261581887623534,0.0,0.0,0.0
6.999999999999895,0.0,0.0,0.2909767462494691,0.0,0.0,0.0,0.0,0.0,0.0,0.1167026781981716,-0.26379964998655137,1.3083190402931089,0.08507311216137252,-0.3268457475878419,1.2690460038295277,0.0,0.0,0.0
7.009999999999895,0.0,0.0,0.28150774297053693,0.0,0.0,0.0,0.0,0.0,0.0,0.12180077007762702,-0.2533328141531035,1.3176422076926513,0.08806825629834703,-0.3163285902073158,1.2767976619408297,0.0,0.0,0.0
7.019999999999895,0.0,0.0,0.2718892566319685,0.0,0.0,0.0,0.0,0.0,0.0,0.1271464080421928,-0.24291234272174167,1.3272348387088742,0.09131500345503837,-0.3058537335712034,1.2848354945720803,0.0,0.0,0.0
7.0299999999998946,0.0,0.0,0.2621288344288758,0.0,0.0,0.0,0.0,0.0,0.0,0.13273745454494235,-0.23253977864821707,1.3370948787008996,0.0948149645240252,-0.29542282710427914,1.2931580528063282,0.0,0.0,0.0
7.039999999999894,0.0,0.0,0.25223405909953994,0.0,0.0,0.0,0.0,0.0,0.0,0.13857145810812277,-0.22221664105438332,1.347220208579063,0.09856944334421955,-0.28503748851553806,1.3017638058913559,0.0,0.0,0.0
7.049999999999894,0.0,0.0,0.24221254091985406,0.0,0.0,0.0,0.0,0.0,0.0,0.14464565361281623,-0.21194442515975842,1.3576086453549074,0.10257942599529597,-0.27469930395588626,1.3106511410197692,0.0,0.0,0.0
7.059999999999894,0.0,0.0,0.2320719097113288,0.0,0.0,0.0,0.0,0.0,0.0,0.1509569630958622,-0.20172460219463928,1.3682579427036439,0.10684557005095525,-0.26440982813377273,1.3198183631856673,0.0,0.0,0.0
7.069999999999894,0.0,0.0,0.22181980688717004,0.0,0.0,0.0,0.0,0.0,0.0,0.15750199707696072,-0.19155861926479245,1.379165791540654,0.1113681939281657,-0.25417058439033613,1.3292636951121142,0.0,0.0,0.0
7.0799999999998935,0.0,0.0,0.2114638775605879,0.0,0.0,0.0,0.0,0.0,0.0,0.16427705642769724,-0.1814478991409858,1.3903298206128152,0.11614726647114136,-0.24398306473209405,1.3389852772445374,0.0,0.0,0.0
7.089999999999893,0.0,0.0,0.20101176273890564,0.0,0.0,0.0,0.0,0.0,0.0,0.17127813478366577,-0.17139383995033453,1.4017475971047695,0.12118239690836918,-0.2338487298166267,1.348981167806207,0.0,0.0,0.0
7.099999999999893,0.0,0.0,0.1904710916260674,0.0,0.0,0.0,0.0,0.0,0.0,0.17850092149128438,-0.16139781475052706,1.4134166272597322,0.1264728253184404,-0.22376900888528706,1.3592493429125858,0.0,0.0,0.0
7.109999999999893,0.0,0.0,0.17984947405514007,0.0,0.0,0.0,0.0,0.0,0.0,0.18594080507208197,-0.15146117097227174,1.425334357013962,0.13201741373609116,-0.2137452996365113,1.3697876967419977,0.0,0.0,0.0
7.119999999999893,0.0,0.0,0.16915449307101152,0.0,0.0,0.0,0.0,0.0,0.0,0.1935928771795017,-0.14158522971972376,1.4374981726436633,0.1378146380231079,-0.2037789680334523,1.3805940417606095,0.0,0.0,0.0
7.129999999999892,0.0,0.0,0.15839369768208295,0.0,0.0,0.0,0.0,0.0,0.0,0.20145193701655165,-0.13177128492305745,1.449905401422794,0.14386258062058158,-0.19387134804051176,1.391666109000122,0.0,0.0,0.0
7.139999999999892,0.0,0.0,0.1475745957981321,0.0,0.0,0.0,0.0,0.0,0.0,0.2095124961770921,-0.1220206023416821,1.4625533122899763,0.1501589242885794,-0.18402374128449162,1.4030015483869411,0.0,0.0,0.0
7.149999999999892,0.0,0.0,0.13670464736984284,0.0,0.0,0.0,0.0,0.0,0.0,0.21776878386904194,-0.11233441842078995,1.4754391165226244,0.1567009469274656,-0.17423741663770875,1.4145979291219413,0.0,0.0,0.0
7.159999999999892,0.0,0.0,0.12579125774374972,0.0,0.0,0.0,0.0,0.0,0.0,0.22621475247456121,-0.10271393900781955,1.4885599684161825,0.16348551756181182,-0.1645136097222881,1.426452740110132,0.0,0.0,0.0
7.169999999999892,0.0,0.0,0.11484177124452313,0.0,0.0,0.0,0.0,0.0,0.0,0.2348440834000183,-0.09316033793908018,1.5019129659664554,0.1705090935530597,-0.1548535223365861,1.4385633904397102,0.0,0.0,0.0
7.179999999999891,0.0,0.0,0.10386346499471732,0.0,0.0,0.0,0.0,0.0,0.0,0.24365019316758663,-0.0836747555099997,1.5154951515527892,0.17776771909161695,-0.14525832180686074,1.4509272099103112,0.0,0.0,0.0
7.189999999999891,0.0,0.0,0.09286354298034039,0.0,0.0,0.0,0.0,0.0,0.0,0.25262623970036235,-0.07425829684531138,1.5293035126201835,0.18525702500270505,-0.13572914026910526,1.4635414496100723,0.0,0.0,0.0
7.199999999999891,0.0,0.0,0.08184913036878874,0.0,0.0,0.0,0.0,0.0,0.0,0.26176512875394653,-0.0649120301878463,1.54333498235818,0.19297222988352988,-0.12626707388792577,1.47640328254159,0.0,0.0,0.0
7.209999999999891,0.0,0.0,0.0708272680840823,0.0,0.0,0.0,0.0,0.0,0.0,0.2710595204495623,-0.05563698512650728,1.557586440374787,0.2009081425726018,-0.11687318202090102,1.4895098042965187,0.0,0.0,0.0
7.2199999999998905,0.0,0.0,0.0598049076425953,0.0,0.0,0.0,0.0,0.0,0.0,0.2805018358667868,-0.046434150785323425,1.5720547133636182,0.20905916593559343,-0.10754848633849551,1.5028580337788533,0.0,0.0,0.0
7.22999999999989,0.0,0.0,0.04878890625115287,0.0,0.0,0.0,0.0,0.0,0.0,0.29008426365772505,-0.0373044739963746,1.5867365757627745,0.21741930193621614,-0.09829396991076558,1.5164449139767928,0.0,0.0,0.0
7.23999999999989,0.0,0.0,0.03778602216773519,0.0,0.0,0.0,0.0,0.0,0.0,0.29979876664905974,-0.028248857479677092,1.6016287504041071,0.225982157945697,-0.08911057627312222,1.5302673127829967,0.0,0.0,0.0
7.24999999999989,0.0,0.0,0.026802910323984824,0.0,0.0,0.0,0.0,0.0,0.0,0.30963708840356857,-0.01926815805297366,1.6167279091518183,0.2347409542307077,-0.07999920848415777,1.544322023863127,0.0,0.0,0.0
7.25999999999989,0.0,0.0,0.015846118207378218,0.0,0.0,0.0,0.0,0.0,0.0,0.31959075971830975,-0.010363184893712685,1.6320306735295227,0.24368853254766965,-0.07096072818893011,1.5586057675722924,0.0,0.0,0.0
7.269999999999889,0.0,0.0,0.004922081999981731,0.0,0.0,0.0,0.0,0.0,0.0,0.3296511050428082,-0.0015346978744330553,1.6475336153352536,0.25281736576064284,-0.06199595470126105,1.5731151919190693,0.0,0.0,0.0
7.279999999999889,0.0,0.0,-0.005962877030114111,0.0,0.0,0.0,0.0,0.0,0.0,0.33980924880676855,0.007216594008718102,1.6632332572441089,0.262119568391983,-0.053105664118451995,1.5878468735764983,0.0,0.0,0.0
7.289999999999889,0.0,0.0,-0.016802555889512308,0.0,0.0,0.0,0.0,0.0,0.0,0.35005612165333155,0.015890034096415206,1.6791260733985856,0.27158690800819374,-0.04429058848141058,1.6027973189393634,0.0,0.0,0.0
7.299999999999889,0.0,0.0,-0.027590872977615602,0.0,0.0,0.0,0.0,0.0,0.0,0.3603824665802543,0.024485019399755448,1.6952084899868216,0.2812108173394933,-0.03555141499247155,1.6179629652269798,0.0,0.0,0.0
7.309999999999889,0.0,0.0,-0.03832187096811092,0.0,0.0,0.0,0.0,0.0,0.0,0.37077884499758135,0.03300100179354459,1.7114768858093892,0.2909824070294945,-0.02688878530231817,1.6333401816303994,0.0,0.0,0.0
7.319999999999888,0.0,0.0,-0.04898971945999338,0.0,0.0,0.0,0.0,0.0,0.0,0.3812356427164834,0.041437489058341326,1.7279275928354543,0.30089247891137383,-0.01830329487636547,1.6489252705028412,0.0,0.0,0.0
7.329999999999888,0.0,0.0,-0.059773291615117054,0.0,0.0,0.0,0.0,0.0,0.0,0.3917433789131457,0.04928267764851946,1.7444962401812352,0.31093153970927656,0.013250832428095062,1.6647144685920585,0.0,0.0,0.0
7.339999999999888,0.0,0.0,-0.07061382310919632,0.0,0.0,0.0,0.0,0.0,0.0,0.40228998812538097,0.05667347449899274,1.7612696105405565,0.3210898692475571,0.018757870869020046,1.6806877833277367,0.0,0.0,0.0
7.349999999999888,0.0,0.0,-0.08127738243340299,0.0,0.0,0.0,0.0,0.0,0.0,0.4128656815828402,0.0642472180175746,1.7782822925812607,0.3313563964436015,0.024434041144436147,1.696876000634098,0.0,0.0,0.0
7.3599999999998875,0.0,0.0,-0.09177613698499607,0.0,0.0,0.0,0.0,0.0,0.0,0.4234630390890702,0.0719648270344646,1.7954420246361367,0.34172094386426516,0.030406951769030813,1.7132897569736913,0.0,0.0,0.0
7.369999999999887,0.0,0.0,-0.10212169328103549,0.0,0.0,0.0,0.0,0.0,0.0,0.43407088600812777,0.07977688511608705,1.812765933760427,0.3521744331679111,0.036660900434564866,1.7298654974996688,0.0,0.0,0.0
7.379999999999887,0.0,0.0,-0.11232458097759164,0.0,0.0,0.0,0.0,0.0,0.0,0.4446983560189549,0.08768396810036072,1.829774614194457,0.36270577803624987,0.04317156871354215,1.7466200280518487,0.0,0.0,0.0
7.389999999999887,0.0,0.0,-0.12239179306673897,0.0,0.0,0.0,0.0,0.0,0.0,0.4552860479618566,0.09554689346364009,1.8475926659237107,0.3733154095969639,0.04993430667104132,1.7631744100616602,0.0,0.0,0.0
7.399999999999887,0.0,0.0,-0.13232756831376058,0.0,0.0,0.0,0.0,0.0,0.0,0.4658599166320349,0.10341933972488637,1.8653859881648425,0.3839656681205015,0.05687545700110193,1.780405877686397,0.0,0.0,0.0
7.4099999999998865,0.0,0.0,-0.1421360995757312,0.0,0.0,0.0,0.0,0.0,0.0,0.4763993843223379,0.11125804593628053,1.883360839842687,0.39466399338459124,0.06400203682096088,1.7976814497592148,0.0,0.0,0.0
7.419999999999886,0.0,0.0,-0.15182005612006988,0.0,0.0,0.0,0.0,0.0,0.0,0.48689589702581754,0.11904755484167812,1.9014610782931243,0.40539395222331026,0.07128035192084908,1.8151559627232112,0.0,0.0,0.0
7.429999999999886,0.0,0.0,-0.16138090823777543,0.0,0.0,0.0,0.0,0.0,0.0,0.49733751942411525,0.12677065733855047,1.9196967991553466,0.41614526884178143,0.07868686532363774,1.8327849400426044,0.0,0.0,0.0
7.439999999999886,0.0,0.0,-0.17081906476402356,0.0,0.0,0.0,0.0,0.0,0.0,0.5077131111065074,0.13441478558551118,1.9380611875772815,0.4269057954043138,0.08619663454283948,1.850574133792351,0.0,0.0,0.0
7.449999999999886,0.0,0.0,-0.18013403513193305,0.0,0.0,0.0,0.0,0.0,0.0,0.5180112170849123,0.14196995581720445,1.9565515834410396,0.43766371543268934,0.09378642530242035,1.868516369411513,0.0,0.0,0.0
7.459999999999885,0.0,0.0,-0.18932456912131085,0.0,0.0,0.0,0.0,0.0,0.0,0.5282203786221874,0.14942875884364254,1.9751641339636974,0.44840696924656814,0.10143424327283913,1.8866076360476074,0.0,0.0,0.0
7.469999999999885,0.0,0.0,-0.19838855610308453,0.0,0.0,0.0,0.0,0.0,0.0,0.5383754945134961,0.1567859365713497,1.993898483834991,0.459123430173506,0.10911964614750926,1.9048430395630718,0.0,0.0,0.0
7.479999999999885,0.0,0.0,-0.20732359579306286,0.0,0.0,0.0,0.0,0.0,0.0,0.5484539285148606,0.1640381725558358,2.0127467353895194,0.4698102219943261,0.11682381138652906,1.9232187500375024,0.0,0.0,0.0
7.489999999999885,0.0,0.0,-0.21612715958715828,0.0,0.0,0.0,0.0,0.0,0.0,0.5583871985910224,0.17118347539903553,2.0317018209187263,0.48046806693111965,0.12452967144684579,1.941728377909076,0.0,0.0,0.0
7.4999999999998845,0.0,0.0,-0.22479613584282335,0.0,0.0,0.0,0.0,0.0,0.0,0.5681656412423484,0.1782211393026405,2.050764279641349,0.4910636336193323,0.13222175098122504,1.960365735267825,0.0,0.0,0.0
7.509999999999884,0.0,0.0,-0.23332717068243716,0.0,0.0,0.0,0.0,0.0,0.0,0.5777805296633122,0.1851517742842937,2.069928977550331,0.5015814845271848,0.13988623409463655,1.9791293766162648,0.0,0.0,0.0
7.519999999999884,0.0,0.0,-0.2417167511709402,0.0,0.0,0.0,0.0,0.0,0.0,0.5872228794851792,0.19197683168370105,2.0891920866820106,0.512007358552083,0.1475110719110252,1.9980135759939455,0.0,0.0,0.0
7.529999999999884,0.0,0.0,-0.24996127289789788,0.0,0.0,0.0,0.0,0.0,0.0,0.5964835525870851,0.19869846506105726,2.1085493455255557,0.5223275797870356,0.15508580517429021,2.0170137058161286,0.0,0.0,0.0
7.539999999999884,0.0,0.0,-0.2580570992720183,0.0,0.0,0.0,0.0,0.0,0.0,0.605553202517254,0.20531934513514224,2.127996517016135,0.5325290234386519,0.16260150796682643,2.0361248869341866,0.0,0.0,0.0
7.5499999999998835,0.0,0.0,-0.26600061297844213,0.0,0.0,0.0,0.0,0.0,0.0,0.6144222724746327,0.21184252192685385,2.147529280622396,0.542598999807365,0.17005068406132495,2.055342333101272,0.0,0.0,0.0
7.559999999999883,0.0,0.0,-0.27378826008867835,0.0,0.0,0.0,0.0,0.0,0.0,0.6230809919587151,0.21827130552667523,2.1671432695053405,0.5525251739481432,0.17742716212687756,2.074661258410363,0.0,0.0,0.0
7.569999999999883,0.0,0.0,-0.281416587566035,0.0,0.0,0.0,0.0,0.0,0.0,0.6315193866663085,0.22460916442883105,2.186834069605799,0.5622954903751387,0.18472598409228405,2.0940768971492636,0.0,0.0,0.0
7.579999999999883,0.0,0.0,-0.28888227462026544,0.0,0.0,0.0,0.0,0.0,0.0,0.6397272954561843,0.23085963949213104,2.20659722781007,0.5718981117563927,0.19194329052802178,2.113584494583887,0.0,0.0,0.0
7.589999999999883,0.0,0.0,-0.29618215833503186,0.0,0.0,0.0,0.0,0.0,0.0,0.6476943936553354,0.2370262724066554,2.22642825699777,0.5813213688051158,0.19907620541322102,2.133179305328282,0.0,0.0,0.0
7.599999999999882,0.0,0.0,-0.30331607889895074,0.0,0.0,0.0,0.0,0.0,0.0,0.6554102335850943,0.24310325223922308,2.246322922066628,0.5905537212912706,0.2061227226150036,2.1528565899459617,0.0,0.0,0.0
7.609999999999882,0.0,0.0,-0.31028100914048506,0.0,0.0,0.0,0.0,0.0,0.0,0.6628642654468473,0.24909439048194898,2.2662765142394785,0.59958373225989,0.21307996814697197,2.1726116853546715,0.0,0.0,0.0
7.619999999999882,0.0,0.0,-0.3170713117498525,0.0,0.0,0.0,0.0,0.0,0.0,0.6700458475716629,0.25501285898334614,2.2862840968337546,0.6084000622979412,0.21994475311312417,2.1924397772802227,0.0,0.0,0.0
7.629999999999882,0.0,0.0,-0.32368452107313417,0.0,0.0,0.0,0.0,0.0,0.0,0.6769442635342635,0.26086208050720383,2.306341387565086,0.6169914229063745,0.22671983972497337,2.212335926650091,0.0,0.0,0.0
7.6399999999998816,0.0,0.0,-0.3301184284596854,0.0,0.0,0.0,0.0,0.0,0.0,0.6835488377035686,0.26664516417002626,2.3264437095073847,0.6253465619554722,0.23340607688945136,2.232295639422726,0.0,0.0,0.0
7.649999999999881,0.0,0.0,-0.33637106426030644,0.0,0.0,0.0,0.0,0.0,0.0,0.689848910618798,0.27236497267643944,2.346586472167918,0.6334543182007075,0.2400046512990168,2.252314117714713,0.0,0.0,0.0
7.659999999999881,0.0,0.0,-0.34244069356952217,0.0,0.0,0.0,0.0,0.0,0.0,0.6958338847629104,0.2780241202184959,2.3667650500731034,0.6413035945887345,0.24651702893677943,2.2723866336689653,0.0,0.0,0.0
7.669999999999881,0.0,0.0,-0.3483258100023307,0.0,0.0,0.0,0.0,0.0,0.0,0.7014932504912426,0.2836249821207433,2.3869748160981117,0.6488833764824418,0.2529448825267033,2.292508432296228,0.0,0.0,0.0
7.679999999999881,0.0,0.0,-0.3540251279579334,0.0,0.0,0.0,0.0,0.0,0.0,0.7068166148108388,0.2891697065799479,2.4072111340276914,0.6561827421967978,0.25929003156662933,2.3126747561671945,0.0,0.0,0.0
7.6899999999998805,0.0,0.0,-0.3595375737720467,0.0,0.0,0.0,0.0,0.0,0.0,0.7117937266811916,0.2946602300322031,2.4274693614129847,0.663190878509362,0.2655543904746279,2.332880838786473,0.0,0.0,0.0
7.69999999999988,0.0,0.0,-0.36486227613633754,0.0,0.0,0.0,0.0,0.0,0.0,0.716414500392794,0.3000982944645688,2.4477448494808307,0.6698970968143745,0.2717399254877492,2.3531219065784836,0.0,0.0,0.0
7.70999999999988,0.0,0.0,-0.3699985561057715,0.0,0.0,0.0,0.0,0.0,0.0,0.7206690365828496,0.3054854660726254,2.468032943625802,0.676290850273816,0.2778486192949088,2.3733931790098257,0.0,0.0,0.0
7.71999999999988,0.0,0.0,-0.37494591696592056,0.0,0.0,0.0,0.0,0.0,0.0,0.7245476410698495,0.3108231545114667,2.4883289836283393,0.682361751193392,0.2838824427823443,2.3936898695337154,0.0,0.0,0.0
7.72999999999988,0.0,0.0,-0.379704034182978,0.0,0.0,0.0,0.0,0.0,0.0,0.7280408415950681,0.31611263218511787,2.5086283038809727,0.6880995882784906,0.2898433331095644,2.4140071866025776,0.0,0.0,0.0
7.739999999999879,0.0,0.0,-0.3842727456137124,0.0,0.0,0.0,0.0,0.0,0.0,0.7311394026397904,0.32135505310910595,2.5289262335987437,0.6934943434301817,0.29573317736690036,2.4343403348952397,0.0,0.0,0.0
7.749999999999879,0.0,0.0,-0.38865204211073756,0.0,0.0,0.0,0.0,0.0,0.0,0.733834338505212,0.32655147098983694,2.5492180970618556,0.6985362078503554,0.30155380107099217,2.454684516671746,0.0,0.0,0.0
7.759999999999879,0.0,0.0,-0.392842058621291,0.0,0.0,0.0,0.0,0.0,0.0,0.7361169248619861,0.33170285625426343,2.569499213911668,0.7032155972954363,0.307306960789066,2.4750349332330086,0.0,0.0,0.0
7.769999999999879,0.0,0.0,-0.3968430658451253,0.0,0.0,0.0,0.0,0.0,0.0,0.737978708982477,0.3368101118435759,2.589764899520755,0.7075231663865234,0.3129943402256669,2.4953867864494623,0.0,0.0,0.0
7.779999999999879,0.0,0.0,-0.40065446399248067,0.0,0.0,0.0,0.0,0.0,0.0,0.7394901275888557,0.3418083018133202,2.6094579462813483,0.7114498219395262,0.318617549157037,2.5157352803307536,0.0,0.0,0.0
7.789999999999878,0.0,0.0,-0.40427561383991034,0.0,0.0,0.0,0.0,0.0,0.0,0.7405121497895395,0.34684741463444335,2.629756436448791,0.7150414475728416,0.32413998163172963,2.5356207572430307,0.0,0.0,0.0
7.799999999999878,0.0,0.0,-0.4077077736126156,0.0,0.0,0.0,0.0,0.0,0.0,0.7411754555104768,0.3518213444708953,2.6498560792452195,0.7181833973404201,0.3296429804597303,2.555988775681058,0.0,0.0,0.0
7.809999999999878,0.0,0.0,-0.41095257260067,0.0,0.0,0.0,0.0,0.0,0.0,0.7413975923774037,0.3567589169451615,2.6699528149398066,0.7209650272100613,0.3350748285175071,2.576204225967545,0.0,0.0,0.0
7.819999999999878,0.0,0.0,-0.4140107950542381,0.0,0.0,0.0,0.0,0.0,0.0,0.7411814001841455,0.36165435469967977,2.689995440894278,0.723344508896795,0.340450759428288,2.5964224520669674,0.0,0.0,0.0
7.8299999999998775,0.0,0.0,-0.416883279050419,0.0,0.0,0.0,0.0,0.0,0.0,0.7405215372665217,0.36651017571941313,2.7099917560200684,0.7253195349629612,0.34576865782568456,2.6166013998744786,0.0,0.0,0.0
7.839999999999877,0.0,0.0,-0.4195709562737664,0.0,0.0,0.0,0.0,0.0,0.0,0.7394157561781647,0.37132659762268916,2.729933889322359,0.7268829985335473,0.35103057113025665,2.636745738916384,0.0,0.0,0.0
7.849999999999877,0.0,0.0,-0.4220748408021918,0.0,0.0,0.0,0.0,0.0,0.0,0.7378616399654649,0.3761044791975836,2.7498180938343877,0.7280300440907521,0.35623734054230544,2.6568478399419893,0.0,0.0,0.0
7.859999999999877,0.0,0.0,-0.4243960305246308,0.0,0.0,0.0,0.0,0.0,0.0,0.7358574194147811,0.38084452396777846,2.7696395324826475,0.7287560683869039,0.3613900970360136,2.676903415949705,0.0,0.0,0.0
7.869999999999877,0.0,0.0,-0.42653570612451847,0.0,0.0,0.0,0.0,0.0,0.0,0.7334017017873171,0.38554750397751847,2.7893936584770307,0.7290572068945543,0.36648985972608983,2.6969073879804863,0.0,0.0,0.0
7.879999999999876,0.0,0.0,-0.4284951314931397,0.0,0.0,0.0,0.0,0.0,0.0,0.7304934854292378,0.390214204030338,2.80907585429384,0.7289301551955598,0.3715376544892567,2.716854969631368,0.0,0.0,0.0
7.889999999999876,0.0,0.0,-0.4302756545132565,0.0,0.0,0.0,0.0,0.0,0.0,0.7271320924065547,0.39484544141584044,2.828681529534123,0.7283721648192785,0.3765344898732444,2.736741375947405,0.0,0.0,0.0
7.899999999999876,0.0,0.0,-0.43187870840636355,0.0,0.0,0.0,0.0,0.0,0.0,0.7233171165149963,0.3994420643837093,2.848206096968391,0.7273809889602016,0.38148137184028086,2.7565618969516557,0.0,0.0,0.0
7.909999999999876,0.0,0.0,-0.43330581349100705,0.0,0.0,0.0,0.0,0.0,0.0,0.7190483605256628,0.40400495582371354,2.8676449803292074,0.7259548375184539,0.3863793076043869,2.7763118760187884,0.0,0.0,0.0
7.919999999999876,0.0,0.0,-0.43455857926173536,0.0,0.0,0.0,0.0,0.0,0.0,0.714325770066496,0.4085350350100494,2.886993613491353,0.7240923253049283,0.3912293121225858,2.795986714282202,0.0,0.0,0.0
7.929999999999875,0.0,0.0,-0.4356387066532059,0.0,0.0,0.0,0.0,0.0,0.0,0.7091493632605279,0.4130332593857369,2.9062474419099473,0.7217924176593816,0.39603241350075485,2.8155818688533683,0.0,0.0,0.0
7.939999999999875,0.0,0.0,-0.43654799033570674,0.0,0.0,0.0,0.0,0.0,0.0,0.7035191581210367,0.41750062584734615,2.925401923644842,0.7190543726180902,0.40078965829688223,2.835092853189473,0.0,0.0,0.0
7.949999999999875,0.0,0.0,-0.4372883208648393,0.0,0.0,0.0,0.0,0.0,0.0,0.6974350995872081,0.42193817163882064,2.9444525308676823,0.7158776805181009,0.4055021164053949,2.8545152372458205,0.0,0.0,0.0
7.959999999999875,0.0,0.0,-0.43786168649045876,0.0,0.0,0.0,0.0,0.0,0.0,0.6908969886981455,0.42634697475370653,2.9633947517838424,0.7122620018865927,0.41017088554418624,2.8738446478879442,0.0,0.0,0.0
7.9699999999998745,0.0,0.0,-0.4382701744182291,0.0,0.0,0.0,0.0,0.0,0.0,0.6839044167077057,0.43072815377419205,2.9822240931239925,0.708207104912998,0.41479709525383174,2.8930767692940007,0.0,0.0,0.0
7.979999999999874,0.0,0.0,-0.4385159713145204,0.0,0.0,0.0,0.0,0.0,0.0,0.6764567071653214,0.4350828670482769,3.0009360832569145,0.7037128040998508,0.4193819103279508,2.9122073432793747,0.0,0.0,0.0
7.989999999999874,0.0,0.0,-0.43860136285362095,0.0,0.0,0.0,0.0,0.0,0.0,0.6685528690235303,0.4394123111065602,3.019526275946981,0.698778901970368,0.42392653357204485,2.9312321694269725,0.0,0.0,0.0
7.999999999999874,0.0,0.0,-0.43852873212700555,0.0,0.0,0.0,0.0,0.0,0.0,0.660191563674833,0.4437177182274952,3.0379902547232973,0.6934051359053411,0.4284322077801041,2.9501471049277046,0.0,0.0,0.0
8.009999999999874,0.0,0.0,-0.4383005567681235,0.0,0.0,0.0,0.0,0.0,0.0,0.6513710884519381,0.44800035308152997,3.0563236377738248,0.6875911322746693,0.43290021681548324,2.9689480640431514,0.0,0.0,0.0
8.019999999999873,0.0,0.0,-0.4379194046923058,0.0,0.0,0.0,0.0,0.0,0.0,0.6420893785527739,0.4522615084189523,3.0745220832242715,0.681336369996011,0.4373318856892637,2.987631017120141,0.0,0.0,0.0
8.029999999999873,0.0,0.0,-0.43738792840818774,0.0,0.0,0.0,0.0,0.0,0.0,0.632344028598784,0.456502499812502,3.0925812946150235,0.6746401554841007,0.44172857954734546,3.0061919891087645,0.0,0.0,0.0
8.039999999999873,0.0,0.0,-0.4367088579213507,0.0,0.0,0.0,0.0,0.0,0.0,0.6221323341451261,0.460724659520964,3.110497026353811,0.6675016106466514,0.44609170150661653,3.0246270575633796,0.0,0.0,0.0
8.049999999999873,0.0,0.0,-0.4358849923188218,0.0,0.0,0.0,0.0,0.0,0.0,0.6114513524939473,0.46492932960030986,3.128265088902257,0.6599196751468095,0.45042268932062357,3.0429323501377006,0.0,0.0,0.0
8.059999999999873,0.0,0.0,-0.4349191901899457,0.0,0.0,0.0,0.0,0.0,0.0,0.6002979811878308,0.46911785444917786,3.145881353452926,0.651893123610003,0.45472301090432754,3.0611040416192674,0.0,0.0,0.0
8.069999999999872,0.0,0.0,-0.43381435910002736,0.0,0.0,0.0,0.0,0.0,0.0,0.5886690516550841,0.47329157303036284,3.1633417558716124,0.6434205978378267,0.45899415880237926,3.079138350582044,0.0,0.0,0.0
8.079999999999872,0.0,0.0,-0.43257344438356743,0.0,0.0,0.0,0.0,0.0,0.0,0.5765614347135839,0.47745181105402956,3.1806422997162294,0.6345006534442479,0.46323764374264104,3.0970315357662765,0.0,0.0,0.0
8.089999999999872,0.0,0.0,-0.43119941756015784,0.0,0.0,0.0,0.0,0.0,0.0,0.5639721540758944,0.4815998734370295,3.1977790581953256,0.6251318196957402,0.4674549874710714,3.1147798923189214,0.0,0.0,0.0
8.099999999999872,0.0,0.0,-0.4296952646957418,0.0,0.0,0.0,0.0,0.0,0.0,0.5508985036767233,0.4857370373629024,3.2147481749918403,0.6153126707620857,0.47164771511180104,3.1323797480432316,0.0,0.0,0.0
8.109999999999872,0.0,0.0,-0.4280639750338805,0.0,0.0,0.0,0.0,0.0,0.0,0.5373381645836346,0.4898645462574591,3.231545863944775,0.6050419061100772,0.4758173473325253,3.1498274598112843,0.0,0.0,0.0
8.119999999999871,0.0,0.0,-0.42630853020665427,0.0,0.0,0.0,0.0,0.0,0.0,0.5232893174473825,0.49398360496601024,3.2481684076470794,0.5943184374287874,0.4799653926175486,3.167119410286984,0.0,0.0,0.0
8.129999999999871,0.0,0.0,-0.4244318943049075,0.0,0.0,0.0,0.0,0.0,0.0,0.5087507468702864,0.4980953763731,3.264612155076333,0.5831414792838221,0.48409333995664544,3.1842520050905168,0.0,0.0,0.0
8.139999999999871,0.0,0.0,-0.42243700504577464,0.0,0.0,0.0,0.0,0.0,0.0,0.4937219346727951,0.5022009796482751,3.2808735184213367,0.5715106406642201,0.4882026522474376,3.2012216705093315,0.0,0.0,0.0
8.14999999999987,0.0,0.0,-0.42032676622592574,0.0,0.0,0.0,0.0,0.0,0.0,0.47820313976066353,0.5063014902373704,3.296948969298965,0.5594260147031606,0.4922947606830357,3.218024851828567,0.0,0.0,0.0
8.15999999999987,0.0,0.0,-0.418104041595877,0.0,0.0,0.0,0.0,0.0,0.0,0.4621954630745473,0.5103979416541109,3.3128350345712483,0.5468882641035056,0.49637106035854933,3.234658012318113,0.0,0.0,0.0
8.16999999999987,0.0,0.0,-0.4157716502380844,0.0,0.0,0.0,0.0,0.0,0.0,0.4457008968802555,0.5144913290669311,3.328528291972277,0.5338987001541251,0.5004329072824745,3.251117632877677,0.0,0.0,0.0
8.17999999999987,0.0,0.0,-0.41333236348302227,0.0,0.0,0.0,0.0,0.0,0.0,0.4287223583795169,0.5185826146259211,3.3440253657408627,0.5204593536506698,0.5044816169270281,3.2674002123083232,0.0,0.0,0.0
8.18999999999987,0.0,0.0,-0.41078890335571594,0.0,0.0,0.0,0.0,0.0,0.0,0.4112637082491297,0.522672734438371,3.359322922430551,0.5065730365005927,0.5085184643990279,3.2835022681513144,0.0,0.0,0.0
8.19999999999987,0.0,0.0,-0.4081439425125165,0.0,0.0,0.0,0.0,0.0,0.0,0.3933297552263171,0.5267626070808298,3.374417667036978,0.4922433932657203,0.5125446862643148,3.2994203380145555,0.0,0.0,0.0
8.20999999999987,0.0,0.0,-0.4054001056049743,0.0,0.0,0.0,0.0,0.0,0.0,0.3749262482390775,0.5308531435321084,3.389306339547283,0.4774749423480614,0.5165614840172578,3.315150981293984,0.0,0.0,0.0
8.21999999999987,0.0,0.0,-0.40255997199541715,0.0,0.0,0.0,0.0,0.0,0.0,0.35605985783424354,0.5349452584249255,3.4039857119801766,0.4622731069351222,0.520570029155342,3.3306907811921875,0.0,0.0,0.0
8.229999999999869,0.0,0.0,-0.39962607974657316,0.0,0.0,0.0,0.0,0.0,0.0,0.33673814879312025,0.539039882542971,3.418452585950809,0.44664423617484483,0.5245714697993189,3.346036346938101,0.0,0.0,0.0
8.239999999999869,0.0,0.0,-0.39660093081499836,0.0,0.0,0.0,0.0,0.0,0.0,0.316969545862288,0.5431379765333113,3.432703790763627,0.4305956173389541,0.5285669387920024,3.3611843161190973,0.0,0.0,0.0
8.249999999999869,0.0,0.0,-0.39348699739418636,0.0,0.0,0.0,0.0,0.0,0.0,0.2967632944857863,0.5472405458589495,3.446736182009902,0.41413547995511796,0.5325575632148545,3.3761313570483775,0.0,0.0,0.0
8.259999999999868,0.0,0.0,-0.39028672937665987,0.0,0.0,0.0,0.0,0.0,0.0,0.27612941832518134,0.5513486570800352,3.4605466406256027,0.3972729930448418,0.5365444752795936,3.3908741711046813,0.0,0.0,0.0
8.269999999999868,0.0,0.0,-0.3870025629338202,0.0,0.0,0.0,0.0,0.0,0.0,0.255078675216601,0.5554634556190354,3.4741320723501983,0.3800182567012099,0.5405288245817601,3.405409494997156,0.0,0.0,0.0
8.279999999999868,0.0,0.0,-0.3836369302435899,0.0,0.0,0.0,0.0,0.0,0.0,0.23362251305645632,0.5595861852211859,3.4874894075211103,0.36238228928705807,0.5445117917418758,3.419734102923938,0.0,0.0,0.0
8.289999999999868,0.0,0.0,-0.3801922704168648,0.0,0.0,0.0,0.0,0.0,0.0,0.21177302694329825,0.5637182093102071,3.5006156011556664,0.3443770115383309,0.5484946035028243,3.4338448086091007,0.0,0.0,0.0
8.299999999999867,0.0,0.0,-0.37667103822026443,0.0,0.0,0.0,0.0,0.0,0.0,0.1895429177135869,0.5678610175524983,3.5135076393099585,0.3260152288296051,0.5524785493819785,3.44773846722105,0.0,0.0,0.0
8.309999999999867,0.0,0.0,-0.37307566191574254,0.0,0.0,0.0,0.0,0.0,0.0,0.16694544022382707,0.5720159933509499,3.5261626256897385,0.30731061261699,0.5564649964687624,3.461411978814076,0.0,0.0,0.0
8.319999999999867,0.0,0.0,-0.369408471290169,0.0,0.0,0.0,0.0,0.0,0.0,0.14399436456097403,0.5761840705058217,3.53857780753178,0.28827767996084774,0.5604553489724303,3.474862312251839,0.0,0.0,0.0
8.329999999999867,0.0,0.0,-0.36567166167913534,0.0,0.0,0.0,0.0,0.0,0.0,0.12070395699915504,0.580365605825302,3.5507505018206533,0.2689317773812651,0.5644508933700635,3.4880864963923996,0.0,0.0,0.0
8.339999999999867,0.0,0.0,-0.36186727519475215,0.0,0.0,0.0,0.0,0.0,0.0,0.09708895679919416,0.5845603737211094,3.5626780834989047,0.24928907139189263,0.5684526836579264,3.5010815657865697,0.0,0.0,0.0
8.349999999999866,0.0,0.0,-0.3579971861429425,0.0,0.0,0.0,0.0,0.0,0.0,0.07316455958389056,0.5887675796364773,3.574357981402237,0.22936653644050564,0.5724614801220805,3.513844561766475,0.0,0.0,0.0
8.359999999999866,0.0,0.0,-0.35406309158851546,0.0,0.0,0.0,0.0,0.0,0.0,0.048946410379356875,0.5929858889629909,3.5857876722579984,0.209181946671837,0.5764777037133243,3.52637253903923,0.0,0.0,0.0
8.369999999999866,0.0,0.0,-0.35006650795860855,0.0,0.0,0.0,0.0,0.0,0.0,0.024450607430645643,0.5972134724035083,3.5969646752633677,0.18875387343561406,0.5805014045731215,3.5386625704953234,0.0,0.0,0.0
8.379999999999866,0.0,0.0,-0.3460128364879267,0.0,0.0,0.0,0.0,0.0,0.0,-0.0001997199092269586,0.6011453276837835,3.607072318186702,0.1681016894466522,0.5845322457859463,3.5507117522920844,0.0,0.0,0.0
8.389999999999866,0.0,0.0,-0.3419032510044842,0.0,0.0,0.0,0.0,0.0,0.0,-0.025239768146566144,0.6054907746180254,3.6179303579940534,0.14730085844493515,0.5883726160605003,3.561861222136832,0.0,0.0,0.0
8.399999999999865,0.0,0.0,-0.33773476600286056,0.0,0.0,0.0,0.0,0.0,0.0,-0.05046976709171069,0.6097330801376439,3.6282663495951297,0.12625068322784697,0.5924573929228258,3.5735495219253433,0.0,0.0,0.0
8.409999999999865,0.0,0.0,-0.3335084363234719,0.0,0.0,0.0,0.0,0.0,0.0,-0.07591674082268496,0.6139995010084456,3.6384067248146454,0.10505397259140586,0.5964903425462517,3.584789281734764,0.0,0.0,0.0
8.419999999999865,0.0,0.0,-0.32922502302181816,0.0,0.0,0.0,0.0,0.0,0.0,-0.10155797486928009,0.6182522999466298,3.6482623224568718,0.08371391729779815,0.6005443765746081,3.5958310260840203,0.0,0.0,0.0
8.429999999999865,0.0,0.0,-0.32488519283711015,0.0,0.0,0.0,0.0,0.0,0.0,-0.12737735281479845,0.6224977290860263,3.6578546173628292,0.06225831294776979,0.604596760077739,3.606604859514624,0.0,0.0,0.0
8.439999999999864,0.0,0.0,-0.3204894657877225,0.0,0.0,0.0,0.0,0.0,0.0,-0.1533475881320705,0.6267301804866245,3.6671762181323526,0.04070883430852851,0.6086501758905767,3.6171256173003856,0.0,0.0,0.0
8.449999999999864,0.0,0.0,-0.31603853071076576,0.0,0.0,0.0,0.0,0.0,0.0,-0.1794518762500268,0.6309469120822633,3.6762250426777694,0.019093446934427032,0.6127003132256349,3.6273862141630606,0.0,0.0,0.0
8.459999999999864,0.0,0.0,-0.31152254743523716,0.0,0.0,0.0,0.0,0.0,0.0,-0.20489184016602802,0.6351446307657116,3.68509274368653,-0.030150624688049174,0.6167444010041979,3.637384182166151,0.0,0.0,0.0
8.469999999999864,0.0,0.0,-0.3069467859348186,0.0,0.0,0.0,0.0,0.0,0.0,-0.2297992812326507,0.6392814478544016,3.6936473566545693,-0.049237172063940064,0.6207795269967696,3.647142339709759,0.0,0.0,0.0
8.479999999999864,0.0,0.0,-0.30232606705343607,0.0,0.0,0.0,0.0,0.0,0.0,-0.25507757705415446,0.6433778469554134,3.7018184396805625,-0.06922710204798642,0.6247762362361835,3.656606271054516,0.0,0.0,0.0
8.489999999999863,0.0,0.0,-0.29766054572642797,0.0,0.0,0.0,0.0,0.0,0.0,-0.2806673920967634,0.6474839644733925,3.7097352875432925,-0.09027073667702576,0.6287427938438854,3.665745624589195,0.0,0.0,0.0
8.499999999999863,0.0,0.0,-0.29294945323530214,0.0,0.0,0.0,0.0,0.0,0.0,-0.3064919012671884,0.6515793949043021,3.717364938699343,-0.11230932859051249,0.6327100874507104,3.6746505077091065,0.0,0.0,0.0
8.509999999999863,0.0,0.0,-0.28819248401106956,0.0,0.0,0.0,0.0,0.0,0.0,-0.3324869525555424,0.655661705241215,3.724714135603368,-0.1352679377264479,0.636667468833263,3.6832882666367612,0.0,0.0,0.0
8.519999999999863,0.0,0.0,-0.2833897505636816,0.0,0.0,0.0,0.0,0.0,0.0,-0.3585948615877639,0.6597251429464874,3.7317787873073787,-0.15906828470617076,0.6406140228823993,3.6916588304207925,0.0,0.0,0.0
8.529999999999863,0.0,0.0,-0.2785417843843314,0.0,0.0,0.0,0.0,0.0,0.0,-0.38476545885436053,0.6637661873249043,3.738557335276946,-0.1836278768808705,0.6445462510022039,3.6997553583542575,0.0,0.0,0.0
8.539999999999862,0.0,0.0,-0.27364950360656626,0.0,0.0,0.0,0.0,0.0,0.0,-0.41095522021161357,0.6677819947945776,3.745047424853479,-0.20886224849800636,0.6484615313262744,3.707574117114645,0.0,0.0,0.0
8.549999999999862,0.0,0.0,-0.2687141795208188,0.0,0.0,0.0,0.0,0.0,0.0,-0.4371268771821285,0.6717706632128593,3.7512468779278985,-0.23468634091961163,0.6523573661695593,3.7151116133461417,0.0,0.0,0.0
8.559999999999862,0.0,0.0,-0.2637373969534239,0.0,0.0,0.0,0.0,0.0,0.0,-0.4632489390672294,0.67573100134973,3.7571535189961,-0.2610160045006262,0.6562316730342098,3.722365098972187,0.0,0.0,0.0
8.569999999999862,0.0,0.0,-0.25872101265563324,0.0,0.0,0.0,0.0,0.0,0.0,-0.4892952563175942,0.6796624196337939,3.7627652796577253,-0.2877693245906377,0.6600827548039336,3.7293322513990024,0.0,0.0,0.0
8.579999999999862,0.0,0.0,-0.25366711305663936,0.0,0.0,0.0,0.0,0.0,0.0,-0.5152445521402214,0.6835647894016104,3.7680802169232424,-0.3148678083101026,0.6639093151976905,3.736011109682828,0.0,0.0,0.0
8.589999999999861,0.0,0.0,-0.24857797355842784,0.0,0.0,0.0,0.0,0.0,0.0,-0.541079923201771,0.6874383160233211,3.7730965403337025,-0.34223737682579924,0.667710431639478,3.742399977643524,0.0,0.0,0.0
8.599999999999861,0.0,0.0,-0.24345602099908903,0.0,0.0,0.0,0.0,0.0,0.0,-0.5667882874184401,0.6912834195249733,3.777812626649911,-0.3698091470400642,0.671485515310956,3.748497360016367,0.0,0.0,0.0
8.60999999999986,0.0,0.0,-0.238303800692016,0.0,0.0,0.0,0.0,0.0,0.0,-0.5923597667210851,0.6951006278195084,3.782227028884015,-0.39751998544343864,0.6752342577425604,3.754301909877995,0.0,0.0,0.0
8.61999999999986,0.0,0.0,-0.2331239491770953,0.0,0.0,0.0,0.0,0.0,0.0,-0.6177870078922776,0.6988904837720766,3.7863384781911424,-0.42531282601511294,0.6789565701718351,3.7598123886111314,0.0,0.0,0.0
8.62999999999986,0.0,0.0,-0.22792113111680987,0.0,0.0,0.0,0.0,0.0,0.0,-0.6430645083639247,0.7026577822262112,3.790143981347998,-0.453136754671656,0.6826525195200168,3.76502763462954,0.0,0.0,0.0
8.63999999999986,0.0,0.0,-0.2226979073913616,0.0,0.0,0.0,0.0,0.0,0.0,-0.6681879205212701,0.7064032191189575,3.7936449370673007,-0.48094688432373595,0.6863232067808887,3.769946032321415,0.0,0.0,0.0
8.64999999999986,0.0,0.0,-0.21745481928762048,0.0,0.0,0.0,0.0,0.0,0.0,-0.6931529967428431,0.7101217358181957,3.7968422155536974,-0.5087041147565214,0.6899707963825372,3.7745674602809234,0.0,0.0,0.0
8.65999999999986,0.0,0.0,-0.21219465508268376,0.0,0.0,0.0,0.0,0.0,0.0,-0.7179551941033517,0.7138121267737225,3.7997327295429137,-0.5363743986428617,0.6935934377971706,3.778891588338663,0.0,0.0,0.0
8.66999999999986,0.0,0.0,-0.2069203301711935,0.0,0.0,0.0,0.0,0.0,0.0,-0.7425894143309227,0.7174744753824398,3.8023164648309207,-0.5639282399977832,0.6971902312880066,3.7829156097577092,0.0,0.0,0.0
8.67999999999986,0.0,0.0,-0.20163483169976187,0.0,0.0,0.0,0.0,0.0,0.0,-0.7670493044732872,0.7211083741210631,3.804592791322032,-0.5913402268467158,0.7007610907550814,3.786638998253914,0.0,0.0,0.0
8.68999999999986,0.0,0.0,-0.1963412253815876,0.0,0.0,0.0,0.0,0.0,0.0,-0.7913270286937197,0.7247133247442048,3.8065613473112228,-0.6185881895813987,0.704305682093945,3.7900606925903486,0.0,0.0,0.0
8.699999999999859,0.0,0.0,-0.1910426625477828,0.0,0.0,0.0,0.0,0.0,0.0,-0.8154130870539237,0.7282886438724652,3.8082217910727816,-0.6456525594523028,0.7078236429868052,3.7931797925995685,0.0,0.0,0.0
8.709999999999859,0.0,0.0,-0.18574238753060163,0.0,0.0,0.0,0.0,0.0,0.0,-0.8392962662658988,0.7318335047087201,3.809573850562078,-0.6725157261079606,0.7113145074651435,3.795995389871748,0.0,0.0,0.0
8.719999999999859,0.0,0.0,-0.18044374368641508,0.0,0.0,0.0,0.0,0.0,0.0,-0.8629636817296547,0.7353469466143014,3.8106173006924484,-0.6991614715164909,0.7147777168008269,3.7985066243811674,0.0,0.0,0.0
8.729999999999858,0.0,0.0,-0.17515017755126483,0.0,0.0,0.0,0.0,0.0,0.0,-0.8864008975756055,0.7388278929354435,3.811351963502727,-0.725574480927896,0.7182126150160869,3.8007126831069127,0.0,0.0,0.0
8.739999999999858,0.0,0.0,-0.1698652406922917,0.0,0.0,0.0,0.0,0.0,0.0,-0.909592103469083,0.7422751643526779,3.811777706012622,-0.7517399416062287,0.7216184530243842,3.802612812911044,0.0,0.0,0.0
8.749999999999858,0.0,0.0,-0.1645925891369786,0.0,0.0,0.0,0.0,0.0,0.0,-0.9325203297736613,0.7456874895342156,3.811894441533701,-0.7776432295864152,0.7249943930829951,3.8042063282890277,0.0,0.0,0.0
8.759999999999858,0.0,0.0,-0.1593359804582702,0.0,0.0,0.0,0.0,0.0,0.0,-0.9551676841825185,0.7490635118383779,3.8117021321832842,-0.8032696809465423,0.7283395139281849,3.8054926185424542,0.0,0.0,0.0
8.769999999999857,0.0,0.0,-0.15409926875213054,0.0,0.0,0.0,0.0,0.0,0.0,-0.9775155955302812,0.7524017921790898,3.8112007924643816,-0.8286044402643237,0.7316528151099131,3.8064711530063557,0.0,0.0,0.0
8.779999999999857,0.0,0.0,-0.14888639784177543,0.0,0.0,0.0,0.0,0.0,0.0,-0.9995450531608867,0.7557008082549594,3.810390493322133,-0.8536323766453553,0.7349332199262019,3.807141484698808,0.0,0.0,0.0
8.789999999999857,0.0,0.0,-0.14370139309208613,0.0,0.0,0.0,0.0,0.0,0.0,-1.0212368329014176,0.7589589506154635,3.8092713663191597,-0.8783380563982232,0.7381795765045025,3.8075032524650054,0.0,0.0,0.0
8.799999999999857,0.0,0.0,-0.13852848092654474,0.0,0.0,0.0,0.0,0.0,0.0,-1.0425711395456179,0.76213521311315,3.8078609717306477,-0.9027057610131916,0.7413906568613756,3.8075561818605985,0.0,0.0,0.0
8.809999999999857,0.0,0.0,-0.13337932567851196,0.0,0.0,0.0,0.0,0.0,0.0,-1.0635286480258945,0.7652344084274127,3.806133805657275,-0.9267194096076307,0.7445564166616189,3.8073047201622314,0.0,0.0,0.0
8.819999999999856,0.0,0.0,-0.12828448597848469,0.0,0.0,0.0,0.0,0.0,0.0,-1.0840919898201171,0.7683110241178284,3.8040771911887634,-0.9503623264408505,0.7476593352764093,3.8067388877618287,0.0,0.0,0.0
8.829999999999856,0.0,0.0,-0.12324539154781233,0.0,0.0,0.0,0.0,0.0,0.0,-1.1042434621285904,0.7713683339735198,3.80171918175989,-0.973619025663902,0.7507231495625724,3.8058534684072765,0.0,0.0,0.0
8.839999999999856,0.0,0.0,-0.118263106509295,0.0,0.0,0.0,0.0,0.0,0.0,-1.1239647648706632,0.7743937741397517,3.7990541561275655,-0.996473951961246,0.7537557941696238,3.8046673518828515,0.0,0.0,0.0
8.849999999999856,0.0,0.0,-0.11333921387443358,0.0,0.0,0.0,0.0,0.0,0.0,-1.1432385769590225,0.7773793223399341,3.7960843830770585,-1.0189108710423604,0.7567539610151927,3.8031742517062725,0.0,0.0,0.0
8.859999999999856,0.0,0.0,-0.1084758080797526,0.0,0.0,0.0,0.0,0.0,0.0,-1.1620483012263239,0.7803170483551205,3.7928100028154104,-1.0409139184653602,0.7597155444941969,3.801374462990443,0.0,0.0,0.0
8.869999999999855,0.0,0.0,-0.10367547445212977,0.0,0.0,0.0,0.0,0.0,0.0,-1.1803781609053068,0.7832002152172137,3.789231681816401,-1.0624675038249438,0.7626372343342147,3.799267101420235,0.0,0.0,0.0
8.879999999999855,0.0,0.0,-0.09894125165666512,0.0,0.0,0.0,0.0,0.0,0.0,-1.1982131858592937,0.7860229008579802,3.785349972890356,-1.0835564456996813,0.7655154870677539,3.7968520257285627,0.0,0.0,0.0
8.889999999999855,0.0,0.0,-0.09427658947887013,0.0,0.0,0.0,0.0,0.0,0.0,-1.2155392080980545,0.7887799819312225,3.7811655124648036,-1.1041660290774744,0.76834653756927,3.7941292666848963,0.0,0.0,0.0
8.899999999999855,0.0,0.0,-0.08968530318987844,0.0,0.0,0.0,0.0,0.0,0.0,-1.2323428423421547,0.7914670167865419,3.7766789932154454,-1.1242820620130574,0.7711265901701185,3.791099111467937,0.0,0.0,0.0
8.909999999999854,0.0,0.0,-0.08517152743061568,0.0,0.0,0.0,0.0,0.0,0.0,-1.2486114615920612,0.7940801539628835,3.771891187397632,-1.1438909142232532,0.7738519084764816,3.787762030731756,0.0,0.0,0.0
8.919999999999854,0.0,0.0,-0.08073967123725345,0.0,0.0,0.0,0.0,0.0,0.0,-1.2643331687395525,0.7966160389313242,3.7668029514985872,-1.1629795437643553,0.7765188869637352,3.784118656077096,0.0,0.0,0.0
8.929999999999854,0.0,0.0,-0.07639437542562788,0.0,0.0,0.0,0.0,0.0,0.0,-1.279496766799832,0.7990717295433103,3.7614152313904508,-1.181535512552055,0.7791240923901664,3.78016975292071,0.0,0.0,0.0
8.939999999999854,0.0,0.0,-0.07214047305430094,0.0,0.0,0.0,0.0,0.0,0.0,-1.2940917293909506,0.8014446195550318,3.7557290641242096,-1.1995469929266653,0.7816642861462181,3.7759162015987524,0.0,0.0,0.0
8.949999999999854,0.0,0.0,-0.06798295334198795,0.0,0.0,0.0,0.0,0.0,0.0,-1.308108172788602,0.8037323713809639,3.749745578238085,-1.217002767106855,0.7841364314177084,3.771358982207669,0.0,0.0,0.0
8.959999999999853,0.0,0.0,-0.0639269291474091,0.0,0.0,0.0,0.0,0.0,0.0,-1.3215368304891917,0.8059328579863152,3.7434659927991354,-1.2338922213436814,0.7865376897058556,3.7664991632933416,0.0,0.0,0.0
8.969999999999853,0.0,0.0,-0.059977607930944254,0.0,0.0,0.0,0.0,0.0,0.0,-1.3343690309076741,0.8080441135942968,3.736891615670724,-1.250205336400636,0.7888654100063662,3.7613378934466155,0.0,0.0,0.0
8.979999999999853,0.0,0.0,-0.056140265989594984,0.0,0.0,0.0,0.0,0.0,0.0,-1.3465966785757273,0.8100642925775268,3.730023841299553,-1.265932675789553,0.7911171133345988,3.755876395261766,0.0,0.0,0.0
8.989999999999853,0.0,0.0,-0.052420225677887955,0.0,0.0,0.0,0.0,0.0,0.0,-1.3582122389988347,0.8119916357604522,3.722864148261105,-1.2810653729750943,0.7932904746427527,3.750115961129976,0.0,0.0,0.0
8.999999999999853,0.0,0.0,-0.04879756179894523,0.0,0.0,0.0,0.0,0.0,0.0,-1.3692080020638777,0.8137711363686373,3.71543618930413,-1.2955951185440524,0.7953833036690668,3.744057950444072,0.0,0.0,0.0
9.009999999999852,0.0,0.0,-0.04527371362027349,0.0,0.0,0.0,0.0,0.0,0.0,-1.379577324909647,0.8153813602224371,3.7077210516005037,-1.309513966651717,0.7973814912652768,3.7377097104308317,0.0,0.0,0.0
9.019999999999852,0.0,0.0,-0.041874950072845696,0.0,0.0,0.0,0.0,0.0,0.0,-1.3893151462844955,0.8168635895909033,3.6997016634914237,-1.3228142613809462,0.7992550311601333,3.7310633868119023,0.0,0.0,0.0
9.029999999999852,0.0,0.0,-0.03860593475048524,0.0,0.0,0.0,0.0,0.0,0.0,-1.3984163126834435,0.8182228695962115,3.691402001881289,-1.3354896419721531,0.8010158097221466,3.7241112436892814,0.0,0.0,0.0
9.039999999999852,0.0,0.0,-0.03547071644903643,0.0,0.0,0.0,0.0,0.0,0.0,-1.4068759183670492,0.8194513587979544,3.682818873083787,-1.3475341117470203,0.8026667418998,3.71687142861824,0.0,0.0,0.0
9.049999999999851,0.0,0.0,-0.03247339996843507,0.0,0.0,0.0,0.0,0.0,0.0,-1.4146896507616986,0.8205438932569811,3.6739556407177734,-1.3589419965866838,0.8042027195818967,3.7093412688994056,0.0,0.0,0.0
9.059999999999851,0.0,0.0,-0.029618179352370433,0.0,0.0,0.0,0.0,0.0,0.0,-1.421853736394617,0.8214946986701404,3.6648139744583403,-1.3697081581453954,0.8056200049428767,3.701523244635148,0.0,0.0,0.0
9.069999999999851,0.0,0.0,-0.026909365533486773,0.0,0.0,0.0,0.0,0.0,0.0,-1.428364965984608,0.8222983513267552,3.6553960020080467,-1.3798279543737537,0.806914195553509,3.6934186573043237,0.0,0.0,0.0
9.07999999999985,0.0,0.0,-0.024351406181804147,0.0,0.0,0.0,0.0,0.0,0.0,-1.4342207011753114,0.8229496262015275,3.6457037590869756,-1.3892972548762053,0.8080808628154112,3.6850292679764687,0.0,0.0,0.0
9.08999999999985,0.0,0.0,-0.0219489026969103,0.0,0.0,0.0,0.0,0.0,0.0,-1.439418887301059,0.8234436263202847,3.6357393367462025,-1.398112444808841,0.8091154925336308,3.676356865819763,0.0,0.0,0.0
9.09999999999985,0.0,0.0,-0.019706622986146116,0.0,0.0,0.0,0.0,0.0,0.0,-1.4439580662191673,0.8237758358189593,3.6255048478555247,-1.4062704336167902,0.810013601235965,3.667403372769891,0.0,0.0,0.0
9.10999999999985,0.0,0.0,-0.01762950991635387,0.0,0.0,0.0,0.0,0.0,0.0,-1.4478373906557296,0.8239421879997684,3.615002440182392,-1.413768664572355,0.8107708037885825,3.6581708104876496,0.0,0.0,0.0
9.11999999999985,0.0,0.0,-0.015722684865213554,0.0,0.0,0.0,0.0,0.0,0.0,-1.4510566396598528,0.8239391237547982,3.604234297477536,-1.4206051260359396,0.8113828896666336,3.648661303771081,0.0,0.0,0.0
9.12999999999985,0.0,0.0,-0.013991445846033623,0.0,0.0,0.0,0.0,0.0,0.0,-1.453616235209216,0.8237636450517591,3.5932026439214995,-1.4267783641300629,0.8118458925194467,3.63887707514156,0.0,0.0,0.0
9.13999999999985,0.0,0.0,-0.012441259684031925,0.0,0.0,0.0,0.0,0.0,0.0,-1.4555172598843242,0.823413360329381,3.5819097480816735,-1.4322874968147958,0.8121561560856988,3.6288204421275108,0.0,0.0,0.0
9.14999999999985,0.0,0.0,-0.01106162329549748,0.0,0.0,0.0,0.0,0.0,0.0,-1.4567609810958564,0.8228447368540661,3.5703734657302313,-1.4371322292694246,0.8123103945321093,3.618493814068714,0.0,0.0,0.0
9.15999999999985,0.0,0.0,-0.009861489295585446,0.0,0.0,0.0,0.0,0.0,0.0,-1.4573499306505413,0.8220563563944596,3.558576507299031,-1.441312743495459,0.8122962749458168,3.6079038834352253,0.0,0.0,0.0
9.169999999999849,0.0,0.0,-0.008865559926317268,0.0,0.0,0.0,0.0,0.0,0.0,-1.4572879980698543,0.8210984499052305,3.5465084746688955,-1.4448297467972153,0.8120935222017973,3.5970452036509974,0.0,0.0,0.0
9.179999999999849,0.0,0.0,-0.008079633280194398,0.0,0.0,0.0,0.0,0.0,0.0,-1.456616344856414,0.8199791243636181,3.534191710551472,-1.4476851517700076,0.8117209669663445,3.5859149408073674,0.0,0.0,0.0
9.189999999999849,0.0,0.0,-0.007509073688066692,0.0,0.0,0.0,0.0,0.0,0.0,-1.4553199518075033,0.8186966268082587,3.5216246751513207,-1.4498908803791708,0.8111851688315023,3.574530420333527,0.0,0.0,0.0
9.199999999999848,0.0,0.0,-0.007159235633657779,0.0,0.0,0.0,0.0,0.0,0.0,-1.4533534563440305,0.8172517425829282,3.5088117049730343,-1.4514596467747398,0.8104864065881782,3.5628903725366743,0.0,0.0,0.0
9.209999999999848,0.0,0.0,-0.007035384834196523,0.0,0.0,0.0,0.0,0.0,0.0,-1.4507344424067639,0.8156451886872467,3.4957549077023993,-1.4523671374354716,0.80962619352994,3.5509982931357404,0.0,0.0,0.0
9.219999999999848,0.0,0.0,-0.007142699130202462,0.0,0.0,0.0,0.0,0.0,0.0,-1.447479674624586,0.8138785535353432,3.482457370033192,-1.452617354675664,0.8086057075458927,3.538856213162099,0.0,0.0,0.0
9.229999999999848,0.0,0.0,-0.007486215602428625,0.0,0.0,0.0,0.0,0.0,0.0,-1.4436042294796974,0.8119538116016307,3.4689220012178934,-1.4522167798522287,0.8074264962480594,3.526467022391353,0.0,0.0,0.0
9.239999999999847,0.0,0.0,-0.00807078081359941,0.0,0.0,0.0,0.0,0.0,0.0,-1.4391216899998518,0.8098733667375875,3.455151835776766,-1.4511732654002059,0.806090248180052,3.513833545268211,0.0,0.0,0.0
9.249999999999847,0.0,0.0,-0.008901000435833417,0.0,0.0,0.0,0.0,0.0,0.0,-1.4340443687808742,0.8076399539878207,3.441149964021123,-1.449495513875115,0.804598879983268,3.5009587523729304,0.0,0.0,0.0
9.259999999999847,0.0,0.0,-0.009981190226543146,0.0,0.0,0.0,0.0,0.0,0.0,-1.4283835328218837,0.8052565680322696,3.4269195569049984,-1.4471927074676034,0.8029545229096381,3.4878456879412183,0.0,0.0,0.0
9.269999999999847,0.0,0.0,-0.01131532984502892,0.0,0.0,0.0,0.0,0.0,0.0,-1.4221496182318805,0.8027263793759065,3.41246386370584,-1.4442742540652405,0.8011595149883362,3.4744974738853895,0.0,0.0,0.0
9.279999999999847,0.0,0.0,-0.012907020787764567,0.0,0.0,0.0,0.0,0.0,0.0,-1.4153524285543004,0.800052652521575,3.397786214476139,-1.440749622669945,0.7992163750507659,3.4609172960343173,0.0,0.0,0.0
9.289999999999846,0.0,0.0,-0.014759449387347384,0.0,0.0,0.0,0.0,0.0,0.0,-1.4080013128240836,0.7972386661604767,3.3828900192617297,-1.4366282466253892,0.7971277684166364,3.4471083970569585,0.0,0.0,0.0
9.299999999999846,0.0,0.0,-0.01687535552271116,0.0,0.0,0.0,0.0,0.0,0.0,-1.4001053217097188,0.7942876384928343,3.3677787665083527,-1.4319194767414087,0.7948964652732718,3.4330740695802247,0.0,0.0,0.0
9.309999999999846,0.0,0.0,-0.019257007400332787,0.0,0.0,0.0,0.0,0.0,0.0,-1.3916733415583256,0.7912026593932389,3.352456020362204,-1.426632569992634,0.7925252948191945,3.4188176510720325,0.0,0.0,0.0
9.319999999999846,0.0,0.0,-0.021906172898246173,0.0,0.0,0.0,0.0,0.0,0.0,-1.382781117330536,0.7879866699478484,3.33692393708837,-1.4207767024628661,0.7900170974253767,3.40434251993981,0.0,0.0,0.0
9.329999999999846,0.0,0.0,-0.024824129142702822,0.0,0.0,0.0,0.0,0.0,0.0,-1.3734571816889285,0.7846427973436683,3.3211870365716276,-1.4143781029506508,0.7873746847344404,3.389651698433294,0.0,0.0,0.0
9.339999999999845,0.0,0.0,-0.02801163437452643,0.0,0.0,0.0,0.0,0.0,0.0,-1.3636668451073601,0.7811734505681018,3.3052504199018458,-1.4074774594065949,0.7846011188219562,3.3747490879414976,0.0,0.0,0.0
9.349999999999845,0.0,0.0,-0.03146893761046608,0.0,0.0,0.0,0.0,0.0,0.0,-1.3534271541732545,0.7775803108152188,3.2891164960888712,-1.4000678274964102,0.7816990881041106,3.3596389830214637,0.0,0.0,0.0
9.359999999999845,0.0,0.0,-0.03519579119874834,0.0,0.0,0.0,0.0,0.0,0.0,-1.342756380312407,0.7738652662653371,3.2727893661396297,-1.3921631345824068,0.7786708031672419,3.3443239144785424,0.0,0.0,0.0
9.369999999999845,0.0,0.0,-0.03919145112270585,0.0,0.0,0.0,0.0,0.0,0.0,-1.331672957066139,0.7700297447009827,3.2562727757271444,-1.3837784940070954,0.7755186101930037,3.3288077413342307,0.0,0.0,0.0
9.379999999999844,0.0,0.0,-0.043454688854511245,0.0,0.0,0.0,0.0,0.0,0.0,-1.3201952646358879,0.7660748558320409,3.2395706257202552,-1.374929680219466,0.7722445648813011,3.3130940490652043,0.0,0.0,0.0
9.389999999999844,0.0,0.0,-0.047983806111088864,0.0,0.0,0.0,0.0,0.0,0.0,-1.3083413986703547,0.7620013530592766,3.2226868377867213,-1.3656329488639116,0.7688505021424069,3.2971865494210966,0.0,0.0,0.0
9.399999999999844,0.0,0.0,-0.05277665169955577,0.0,0.0,0.0,0.0,0.0,0.0,-1.2961289376760796,0.75780965069539,3.2056253907411834,-1.3559048397785132,0.7653379938926278,3.2810889764454685,0.0,0.0,0.0
9.409999999999844,0.0,0.0,-0.057830639632720504,0.0,0.0,0.0,0.0,0.0,0.0,-1.2835747082896485,0.7534998341098469,3.188390313349993,-1.3457619757620825,0.7617083428967785,3.264805114684803,0.0,0.0,0.0
9.419999999999844,0.0,0.0,-0.06314276779945938,0.0,0.0,0.0,0.0,0.0,0.0,-1.2706945583484912,0.7490716777355308,3.1709856895316664,-1.335220855126032,0.7579625740516023,3.248338792254457,0.0,0.0,0.0
9.429999999999843,0.0,0.0,-0.06870963651216715,0.0,0.0,0.0,0.0,0.0,0.0,-1.2575031470846514,0.7445246659944798,3.153415660981281,-1.3242976434306348,0.7541014326337465,3.2316938824964363,0.0,0.0,0.0
9.439999999999843,0.0,0.0,-0.07452746632477421,0.0,0.0,0.0,0.0,0.0,0.0,-1.2440137634888206,0.7398580174302418,3.1356844307425407,-1.3130079695596997,0.7501253865773373,3.2148743026755326,0.0,0.0,0.0
9.449999999999843,0.0,0.0,-0.08059211459587547,0.0,0.0,0.0,0.0,0.0,0.0,-1.2302381839303695,0.7350707111090027,3.1177962663303815,-1.3013667329422292,0.7460346330231019,3.197884012720843,0.0,0.0,0.0
9.459999999999843,0.0,0.0,-0.08689909036771386,0.0,0.0,0.0,0.0,0.0,0.0,-1.2161865793993927,0.7301615147900788,3.099755502263842,-1.2893879294347528,0.7418291085639821,3.1807270132647236,0.0,0.0,0.0
9.469999999999843,0.0,0.0,-0.0934435672398155,0.0,0.0,0.0,0.0,0.0,0.0,-1.2018674809032897,0.7251290143615514,3.0815665415519935,-1.2770845037395866,0.7375085028433331,3.1634073432875027,0.0,0.0,0.0
9.479999999999842,0.0,0.0,-0.10021985403088704,0.0,0.0,0.0,0.0,0.0,0.0,-1.1873125816466878,0.720068831655367,3.0637029288300086,-1.264468235930807,0.733072275129945,3.145929077468765,0.0,0.0,0.0
9.489999999999842,0.0,0.0,-0.10722285540934057,0.0,0.0,0.0,0.0,0.0,0.0,-1.1724601785340956,0.7147263257363816,3.0450440680583766,-1.2515696583613332,0.728588456053,3.1286802597580303,0.0,0.0,0.0
9.499999999999842,0.0,0.0,-0.11444743275931318,0.0,0.0,0.0,0.0,0.0,0.0,-1.1573697013375788,0.7092993151923457,3.026426956781018,-1.2383477988329938,0.7238893216340071,3.1107598730366153,0.0,0.0,0.0
9.509999999999842,0.0,0.0,-0.12188736679560461,0.0,0.0,0.0,0.0,0.0,0.0,-1.1420296221348434,0.703737203913573,3.0076395215278318,-1.2248486412814115,0.7190947484959661,3.092828244382617,0.0,0.0,0.0
9.519999999999841,0.0,0.0,-0.12953615575175909,0.0,0.0,0.0,0.0,0.0,0.0,-1.1264456731837846,0.6980499418903432,2.988743045936206,-1.2110694699951228,0.7141747120409376,3.074720048463266,0.0,0.0,0.0
9.529999999999841,0.0,0.0,-0.13738701021740626,0.0,0.0,0.0,0.0,0.0,0.0,-1.11061800180447,0.6922318926469648,2.9697271180425915,-1.1970189928354495,0.7091359643423913,3.0564847229998047,0.0,0.0,0.0
9.539999999999841,0.0,0.0,-0.14543285706588202,0.0,0.0,0.0,0.0,0.0,0.0,-1.0945478945071068,0.6862814668927608,2.9506002395582174,-1.1827014719522306,0.7039754607661418,3.038115127343167,0.0,0.0,0.0
9.54999999999984,0.0,0.0,-0.15366633744535008,0.0,0.0,0.0,0.0,0.0,0.0,-1.0782363327836788,0.6801961298153929,2.931366002144663,-1.1681213566074455,0.6986923896135305,3.0196188867464335,0.0,0.0,0.0
9.55999999999984,0.0,0.0,-0.16207980479398518,0.0,0.0,0.0,0.0,0.0,0.0,-1.061684784330279,0.6739737198362785,2.912029330816271,-1.1532822945552041,0.6932851646980618,3.0009996703023636,0.0,0.0,0.0
9.56999999999984,0.0,0.0,-0.17066532249895647,0.0,0.0,0.0,0.0,0.0,0.0,-1.0448953473386662,0.6676121411582674,2.8925948272356368,-1.1381877040623516,0.6877522625988486,2.982262137233849,0.0,0.0,0.0
9.57999999999984,0.0,0.0,-0.1794146619755596,0.0,0.0,0.0,0.0,0.0,0.0,-1.0278710272367815,0.661109466544233,2.8730671932311074,-1.1228409203220169,0.6820920682493514,2.963410655327896,0.0,0.0,0.0
9.58999999999984,0.0,0.0,-0.1883193016073813,0.0,0.0,0.0,0.0,0.0,0.0,-1.010615922297843,0.6544639283097993,2.8534511098109343,-1.1072454493478678,0.6763029672407788,2.9444496544768928,0.0,0.0,0.0
9.59999999999984,0.0,0.0,-0.19737042692451634,0.0,0.0,0.0,0.0,0.0,0.0,-0.9931353749686216,0.6476739317935183,2.833751261989411,-1.0914051724927893,0.6703833678156311,2.9253835471323932,0.0,0.0,0.0
9.60999999999984,0.0,0.0,-0.20655893229204847,0.0,0.0,0.0,0.0,0.0,0.0,-0.9754360733309279,0.6407380574576844,2.813972327420883,-1.0753245360768768,0.6643317337965863,2.90621676031021,0.0,0.0,0.0
9.61999999999984,0.0,0.0,-0.21587542429153433,0.0,0.0,0.0,0.0,0.0,0.0,-0.9575261109387192,0.6336550609783524,2.794118976355005,-1.0590087107998156,0.6581466079146172,2.886953735958544,0.0,0.0,0.0
9.62999999999984,0.0,0.0,-0.22531022690344346,0.0,0.0,0.0,0.0,0.0,0.0,-0.9394150098395786,0.6264238697031004,2.7741958699397076,-1.0424637219544464,0.6518266311624344,2.867598937577486,0.0,0.0,0.0
9.639999999999839,0.0,0.0,-0.23485338854034843,0.0,0.0,0.0,0.0,0.0,0.0,-0.921113714687842,0.6190435767127775,2.754207659809469,-1.0256965495861199,0.645370557227609,2.848156853286721,0.0,0.0,0.0
9.649999999999839,0.0,0.0,-0.24449469094164955,0.0,0.0,0.0,0.0,0.0,0.0,-0.9026345662965222,0.6115134329957193,2.734158987709695,-1.0087152005481888,0.6387772628329926,2.828631998129026,0.0,0.0,0.0
9.659999999999838,0.0,0.0,-0.2542236599199521,0.0,0.0,0.0,0.0,0.0,0.0,-0.883991263441662,0.6038328383932916,2.714054485033309,-0.9915287555347417,0.6320457544249564,2.809028915108724,0.0,0.0,0.0
9.669999999999838,0.0,0.0,-0.2640295779478968,0.0,0.0,0.0,0.0,0.0,0.0,-0.865198821715488,0.5960013318698552,2.693898771876108,-0.9741473953341174,0.6251751717833867,2.789352175355966,0.0,0.0,0.0
9.679999999999838,0.0,0.0,-0.2739014985908467,0.0,0.0,0.0,0.0,0.0,0.0,-0.8462735380954685,0.588018581597444,2.673696455310849,-0.9565824113081675,0.6181647890982851,2.7696063775869675,0.0,0.0,0.0
9.689999999999838,0.0,0.0,-0.2838282628257635,0.0,0.0,0.0,0.0,0.0,0.0,-0.8272329697409213,0.5798843752586336,2.653452126568807,-0.9388462056528902,0.6110140140437996,2.7497961470914354,0.0,0.0,0.0
9.699999999999838,0.0,0.0,-0.2937985173366784,0.0,0.0,0.0,0.0,0.0,0.0,-0.8080959353470059,0.5715986108848183,2.633170356838093,-0.9209522873717368,0.6037223853411471,2.72992613445683,0.0,0.0,0.0
9.709999999999837,0.0,0.0,-0.3038007349219886,0.0,0.0,0.0,0.0,0.0,0.0,-0.7888825461512501,0.5631612884554036,2.6128556915539414,-0.9029152701402257,0.5962895692528248,2.710001014239043,0.0,0.0,0.0
9.719999999999837,0.0,0.0,-0.3138232209734286,0.0,0.0,0.0,0.0,0.0,0.0,-0.7696134025243515,0.5545724993760877,2.5925127749694235,-0.8847508781232056,0.5887153553900941,2.690025483824936,0.0,0.0,0.0
9.729999999999837,0.0,0.0,-0.3238540902437764,0.0,0.0,0.0,0.0,0.0,0.0,-0.7503074688159139,0.5458323983965535,2.572146556595048,-0.8664757651744024,0.5809996515208918,2.670004298771692,0.0,0.0,0.0
9.739999999999837,0.0,0.0,-0.3338812464470843,0.0,0.0,0.0,0.0,0.0,0.0,-0.7309807065962728,0.5369411646109838,2.5517621970694697,-0.8481067226909741,0.5731424671608398,2.649942309052256,0.0,0.0,0.0
9.749999999999837,0.0,0.0,-0.3438923817316622,0.0,0.0,0.0,0.0,0.0,0.0,-0.7116460698601068,0.527898992764227,2.5313649109135774,-0.8296597339256847,0.5651438855280834,2.6298443513964274,0.0,0.0,0.0
9.759999999999836,0.0,0.0,-0.3538749800727068,0.0,0.0,0.0,0.0,0.0,0.0,-0.6923137235917991,0.5187061076908807,2.5109599636667697,-0.8111495810384834,0.5570040507055943,2.6097151498788804,0.0,0.0,0.0
9.769999999999836,0.0,0.0,-0.36381632636109346,0.0,0.0,0.0,0.0,0.0,0.0,-0.6729914368970922,0.5093627773560022,2.4905526241168143,-0.7925896168746681,0.5487231699285701,2.5895593463044984,0.0,0.0,0.0
9.779999999999836,0.0,0.0,-0.3737035223533838,0.0,0.0,0.0,0.0,0.0,0.0,-0.6536851281878799,0.49986932817709906,2.4701481270689873,-0.7739916803639881,0.5403015172556762,2.569381501715818,0.0,0.0,0.0
9.789999999999836,0.0,0.0,-0.38352350978431804,0.0,0.0,0.0,0.0,0.0,0.0,-0.6343995065822712,0.4902261595959826,2.449751637762245,-0.7553661531321951,0.5317394406785299,2.5491861107468683,0.0,0.0,0.0
9.799999999999836,0.0,0.0,-0.39326310004202575,0.0,0.0,0.0,0.0,0.0,0.0,-0.6151387436719855,0.4804337564892461,2.4293682253463853,-0.7367221360027145,0.5230373706911272,2.5289776182496864,0.0,0.0,0.0
9.809999999999835,0.0,0.0,-0.40290900907318566,0.0,0.0,0.0,0.0,0.0,0.0,-0.5959071097705162,0.47049269791919224,2.4090028466531397,-0.7180677152645719,0.5141958291392394,2.508760439934935,0.0,0.0,0.0
9.819999999999835,0.0,0.0,-0.4124478957501676,0.0,0.0,0.0,0.0,0.0,0.0,-0.5767095211785005,0.4604036613920595,2.388660340786941,-0.699410282307817,0.5052154370113427,2.48853898424608,0.0,0.0,0.0
9.829999999999835,0.0,0.0,-0.42186640181485596,0.0,0.0,0.0,0.0,0.0,0.0,-0.5575519636528115,0.45016742242892943,2.3683454332041687,-0.6807568701333109,0.4960969201603596,2.4683176732351275,0.0,0.0,0.0
9.839999999999835,0.0,0.0,-0.43115119130861046,0.0,0.0,0.0,0.0,0.0,0.0,-0.538441766538196,0.4397848498191303,2.3480627491511026,-0.6621144747589771,0.48684111232541327,2.4481009601846444,0.0,0.0,0.0
9.849999999999834,0.0,0.0,-0.4402888963706939,0.0,0.0,0.0,0.0,0.0,0.0,-0.5194898682390137,0.42927634775289547,2.328385111407754,-0.6434903347714306,0.47744895523940456,2.427893343010726,0.0,0.0,0.0
9.859999999999834,0.0,0.0,-0.44926630864383543,0.0,0.0,0.0,0.0,0.0,0.0,-0.5004721801699381,0.4185975038485874,2.308125872844898,-0.6249611507476458,0.46793443510633864,2.4081660036953547,0.0,0.0,0.0
9.869999999999834,0.0,0.0,-0.4580703778503462,0.0,0.0,0.0,0.0,0.0,0.0,-0.4815662433553758,0.40778056199413426,2.2880861912910007,-0.6063888800956935,0.458271163501565,2.387964693207673,0.0,0.0,0.0
9.879999999999834,0.0,0.0,-0.46668811772137486,0.0,0.0,0.0,0.0,0.0,0.0,-0.4627430118571023,0.39681991883937245,2.2680620537820326,-0.5878781884327275,0.4484774643840068,2.3679231058682735,0.0,0.0,0.0
9.889999999999834,0.0,0.0,-0.47510676924512774,0.0,0.0,0.0,0.0,0.0,0.0,-0.4440278611245867,0.38571823857419807,2.24811297483739,-0.5694146422444908,0.438550927623933,2.34788213525124,0.0,0.0,0.0
9.899999999999833,0.0,0.0,-0.48331375968957774,0.0,0.0,0.0,0.0,0.0,0.0,-0.4254327430344915,0.37447640622406975,2.228229001871703,-0.5510155271750257,0.4284937990453223,2.3278902548584433,0.0,0.0,0.0
9.909999999999833,0.0,0.0,-0.49129674205855073,0.0,0.0,0.0,0.0,0.0,0.0,-0.4069741053701288,0.3630957113654598,2.208418436037296,-0.5326905347815775,0.4183073846656283,2.3079412069481537,0.0,0.0,0.0
9.919999999999833,0.0,0.0,-0.499043608172861,0.0,0.0,0.0,0.0,0.0,0.0,-0.3886678330441604,0.35157738438488423,2.18868473817583,-0.5144521317303423,0.40799326356692434,2.2880430606494047,0.0,0.0,0.0
9.929999999999833,0.0,0.0,-0.5065425066266322,0.0,0.0,0.0,0.0,0.0,0.0,-0.37053033680630465,0.3399226803173352,2.169032606592846,-0.4963127015964641,0.39755302724844616,2.2682000356703265,0.0,0.0,0.0
9.939999999999833,0.0,0.0,-0.5137818571848735,0.0,0.0,0.0,0.0,0.0,0.0,-0.3525780165016321,0.3281328600637308,2.149466376180034,-0.47828517145393906,0.386988324602402,2.248417276321414,0.0,0.0,0.0
9.949999999999832,0.0,0.0,-0.5207503645438648,0.0,0.0,0.0,0.0,0.0,0.0,-0.3348271805921579,0.31620918962157374,2.1299904361819557,-0.46038270282903626,0.37630084932605623,2.228699589390706,0.0,0.0,0.0
9.959999999999832,0.0,0.0,-0.527437031108169,0.0,0.0,0.0,0.0,0.0,0.0,-0.3172938706847439,0.304152938437856,2.110609116107912,-0.44261862514691663,0.3654923380390278,2.2090517692783282,0.0,0.0,0.0
9.969999999999832,0.0,0.0,-0.5338311693134815,0.0,0.0,0.0,0.0,0.0,0.0,-0.2999937399035657,0.2919653780233016,2.091326710711103,-0.4250063064788185,0.35456456818125937,2.1894785069842135,0.0,0.0,0.0
9.979999999999832,0.0,0.0,-0.5399224137140883,0.0,0.0,0.0,0.0,0.0,0.0,-0.28294194580292853,0.2796477810621025,2.0721474680375738,-0.4075590472603974,0.34351935659140953,2.1699844096061622,0.0,0.0,0.0
9.989999999999831,0.0,0.0,-0.5457354696296598,0.0,0.0,0.0,0.0,0.0,0.0,-0.26615338566015856,0.2671098266132241,2.0530722453041297,-0.3902899781398701,0.3323585588350043,2.150573992189362,0.0,0.0,0.0
9.999999999999831,0.0,0.0,-0.5512608715779863,0.0,0.0,0.0,0.0,0.0,0.0,-0.24964257335904927,0.2543557103084391,2.0341076393309114,-0.3732120354610971,0.32106699705552094,2.1312507996121646,0.0,0.0,0.0
10.009999999999831,0.0,0.0,-0.5564533856212027,0.0,0.0,0.0,0.0,0.0,0.0,-0.23342246905860087,0.24148205956804414,2.0152617427937445,-0.35633826349449327,0.30962008359126925,2.112020283319616,0.0,0.0,0.0
10.01999999999983,0.0,0.0,-0.5613034275962313,0.0,0.0,0.0,0.0,0.0,0.0,0.6194104332532173,0.2939866502757843,-1.8822967186383197,-0.3396807645847548,0.29804932082821983,2.0928887935932514,0.0,0.0,0.0
10.02999999999983,0.0,0.0,-0.5658020631461896,0.0,0.0,0.0,0.0,0.0,0.0,0.6353052820529834,0.3016862634764722,-1.8934607194800837,-0.3232506354147903,0.28636030783388683,2.0738575591909183,0.0,0.0,0.0
10.03999999999983,0.0,0.0,-0.5694174945969692,0.0,0.0,0.0,0.0,0.0,0.0,0.6923803708477663,0.319041825150798,-2.076820124223067,-0.1955460061995756,0.2852247302889252,1.2930643501089147,0.0,0.0,0.0
10.04999999999983,0.0,0.0,-0.5718360507869459,0.0,0.0,0.0,0.0,0.0,0.0,0.7339129588817266,0.3329951058718911,-2.2043307640591916,-0.11171445934898065,0.2799222642120146,0.8413164355695862,0.0,0.0,0.0
10.05999999999983,0.0,0.0,-0.5734094418489869,0.0,0.0,0.0,0.0,0.0,0.0,0.770896506203542,0.3460970603997304,-2.318318625491841,-0.02973618291908988,0.27934998152239754,0.44686334832985686,0.0,0.0,0.0
10.06999999999983,0.0,0.0,-0.5744228891725386,0.0,0.0,0.0,0.0,0.0,0.0,0.8020207767488976,0.3577727288707071,-2.4085963956507777,0.08101142410311225,0.28109127734948725,0.14067598607865664,0.0,0.0,0.0
10.07999999999983,0.0,0.0,-0.5750086487549853,0.0,0.0,0.0,0.0,0.0,0.0,0.8325985323884155,0.36942382545058416,-2.4947117287627676,0.15655840230656604,0.28510068998888466,-0.16958781593225275,0.0,0.0,0.0
10.08999999999983,0.0,0.0,-0.575170124011814,0.0,0.0,0.0,0.0,0.0,0.0,0.8600230442904042,0.38039474306231075,-2.5679711862733914,0.231128260754685,0.29015384670141287,-0.43492874005631266,0.0,0.0,0.0
10.09999999999983,0.0,0.0,-0.5749244110582855,0.0,0.0,0.0,0.0,0.0,0.0,0.8876427209583311,0.3917000077019709,-2.641935574938153,0.3051426048822504,0.29648545702548323,-0.7186309351258514,0.0,0.0,0.0
10.109999999999829,0.0,0.0,-0.5742592505885449,0.0,0.0,0.0,0.0,0.0,0.0,0.9140616377871011,0.4029178894276765,-2.711565545484948,0.37554815818232923,0.30328412920894937,-0.9933642607171509,0.0,0.0,0.0
10.119999999999829,0.0,0.0,-0.5731778622624928,0.0,0.0,0.0,0.0,0.0,0.0,0.9389723351207997,0.4139395657645544,-2.7758972245762825,0.44280420872634707,0.31076811330550935,-1.252363506566046,0.0,0.0,0.0
10.129999999999828,0.0,0.0,-0.5716917900331193,0.0,0.0,0.0,0.0,0.0,0.0,0.9621894775767164,0.42467996069128144,-2.8342353277251293,0.5067228142897465,0.318899899279446,-1.4905454609772149,0.0,0.0,0.0
10.139999999999828,0.0,0.0,-0.5698144448185928,0.0,0.0,0.0,0.0,0.0,0.0,0.983708157638036,0.43510795513198897,-2.886524782335126,0.5671665443832209,0.3276200286292581,-1.7062466248754962,0.0,0.0,0.0
10.149999999999828,0.0,0.0,-0.5675580819818576,0.0,0.0,0.0,0.0,0.0,0.0,1.0035956412728462,0.445218295349887,-2.933002747608263,0.6239833008756218,0.33683414795494426,-1.8994807189855425,0.0,0.0,0.0
10.159999999999828,0.0,0.0,-0.5649342610135241,0.0,0.0,0.0,0.0,0.0,0.0,1.0219519757836353,0.45502539855339674,-2.9740774562865515,0.6770759132409789,0.34643991410079217,-2.0713116272129852,0.0,0.0,0.0
10.169999999999828,0.0,0.0,-0.5619545505159429,0.0,0.0,0.0,0.0,0.0,0.0,1.0388829183558523,0.46455688163772724,-3.010227326225805,0.7264154595082137,0.35633590148258454,-2.223324615769477,0.0,0.0,0.0
10.179999999999827,0.0,0.0,-0.5586341761821605,0.0,0.0,0.0,0.0,0.0,0.0,1.0542300639891957,0.4737346578983921,-3.0408308016099315,0.7720438039802907,0.36642814762447723,-2.357323874476774,0.0,0.0,0.0
10.189999999999827,0.0,0.0,-0.5549819567214433,0.0,0.0,0.0,0.0,0.0,0.0,1.0687401571021886,0.4828706230381884,-3.0689830962663307,0.8142502024055127,0.37670052071756627,-2.4760622214130033,0.0,0.0,0.0
10.199999999999827,0.0,0.0,-0.5510017054758862,0.0,0.0,0.0,0.0,0.0,0.0,1.0819873563506546,0.49179676362143976,-3.0932770627140895,0.8526521490522818,0.3868996375975878,-2.578734588721122,0.0,0.0,0.0
10.209999999999827,0.0,0.0,-0.5467014791290333,0.0,0.0,0.0,0.0,0.0,0.0,1.0941520045065398,0.5005927297102304,-3.114546764130246,0.8878928131233497,0.3971268250031647,-2.6691618887287314,0.0,0.0,0.0
10.219999999999827,0.0,0.0,-0.5420878870698389,0.0,0.0,0.0,0.0,0.0,0.0,1.105268125504777,0.5092744156492095,-3.1330426839337644,0.9200590638822936,0.40730231488244756,-2.7483084213235274,0.0,0.0,0.0
10.229999999999826,0.0,0.0,-0.5371665900565123,0.0,0.0,0.0,0.0,0.0,0.0,1.1153982278311902,0.5178687601408427,-3.1491071193471374,0.9493784676982012,0.41740480225907833,-2.817630915599763,0.0,0.0,0.0
10.239999999999826,0.0,0.0,-0.5319423179073228,0.0,0.0,0.0,0.0,0.0,0.0,1.1245928854264382,0.5263950330368856,-3.1630138740959426,0.9760457939217743,0.4274109488357286,-2.8782828915676433,0.0,0.0,0.0
10.249999999999826,0.0,0.0,-0.5264190355213234,0.0,0.0,0.0,0.0,0.0,0.0,1.1329021369782177,0.5348697768463504,-3.1750110401399874,1.0002581103282338,0.43730840246715086,-2.9313183733218575,0.0,0.0,0.0
10.259999999999826,0.0,0.0,-0.5206000569921285,0.0,0.0,0.0,0.0,0.0,0.0,1.1403737670272425,0.5433059981021113,-3.185315012855518,1.0222012828769396,0.447090440443799,-2.9776571907580176,0.0,0.0,0.0
10.269999999999825,0.0,0.0,-0.5144881498872077,0.0,0.0,0.0,0.0,0.0,0.0,1.147054289855911,0.5517138489316982,-3.194116250220826,1.042050458329965,0.45675541881761283,-3.0181090467362215,0.0,0.0,0.0
10.279999999999825,0.0,0.0,-0.5080856176064945,0.0,0.0,0.0,0.0,0.0,0.0,1.1529889088489789,0.5601009382371898,-3.2015819400305374,1.0599686559902095,0.46630526305129977,-3.053383216804508,0.0,0.0,0.0
10.289999999999825,0.0,0.0,-0.5013943653898811,0.0,0.0,0.0,0.0,0.0,0.0,1.1582214663560033,0.5684727072035036,-3.2078590732987005,1.076106863568577,0.4757444568497212,-3.0841008702435957,0.0,0.0,0.0
10.299999999999825,0.0,0.0,-0.4944159530033496,0.0,0.0,0.0,0.0,0.0,0.0,1.162794236937676,0.5768327481667177,-3.2130770513146008,1.0906044217009776,0.4850791526527034,-3.1108055700560953,0.0,0.0,0.0
10.309999999999825,0.0,0.0,-0.48715163830668123,0.0,0.0,0.0,0.0,0.0,0.0,1.1667476809910524,0.5851830941512768,-3.217350044547711,1.1035897058761952,0.4943164746728256,-3.1339729003629215,0.0,0.0,0.0
10.319999999999824,0.0,0.0,-0.47960241535378306,0.0,0.0,0.0,0.0,0.0,0.0,1.1701201929385547,0.5935244748321582,-3.220779074041574,1.1151809021473755,0.5034639682953871,-3.154018989724543,0.0,0.0,0.0
10.329999999999824,0.0,0.0,-0.4717690501403469,0.0,0.0,0.0,0.0,0.0,0.0,1.1729478800802196,0.6018565449241464,-3.2234538508537147,1.1254867947078047,0.5125291783067817,-3.171308052107875,0.0,0.0,0.0
10.339999999999824,0.0,0.0,-0.4636521164322861,0.0,0.0,0.0,0.0,0.0,0.0,1.1752643912765564,0.610178088962636,-3.225454392023754,1.134607507487324,0.5215193331626349,-3.1861590172212453,0.0,0.0,0.0
10.349999999999824,0.0,0.0,-0.4552520335035385,0.0,0.0,0.0,0.0,0.0,0.0,1.1771008045612756,0.6184872063527918,-3.2268524308402986,1.1426351751230082,0.5304411170360587,-3.198851349229365,0.0,0.0,0.0
10.359999999999824,0.0,0.0,-0.44656910713778475,0.0,0.0,0.0,0.0,0.0,0.0,1.1784855738154718,0.6267814794750233,-3.22771263335769,1.1496545372455649,0.5393005139380391,-3.2096301491353594,0.0,0.0,0.0
10.369999999999823,0.0,0.0,-0.43760357493551194,0.0,0.0,0.0,0.0,0.0,0.0,1.179444528447493,0.6350581267329385,-3.2280936291711146,1.1557434621011564,0.5481027111557246,-3.2187106320303362,0.0,0.0,0.0
10.379999999999823,0.0,0.0,-0.4283556567966619,0.0,0.0,0.0,0.0,0.0,0.0,1.1800009162671938,0.6433141417688208,-3.2280488620899863,1.1609734113587464,0.5568520516594231,-3.2262820612639147,0.0,0.0,0.0
10.389999999999823,0.0,0.0,-0.4188256113711418,0.0,0.0,0.0,0.0,0.0,0.0,1.1801754782965928,0.6515464198783611,-3.227627266513525,1.1654098595247593,0.5655520270224643,-3.2325112102999545,0.0,0.0,0.0
10.399999999999823,0.0,0.0,-0.4090137992201735,0.0,0.0,0.0,0.0,0.0,0.0,1.1799865446875355,0.6597518729912162,-3.2268737780439665,1.1691126800652587,0.5742053037053665,-3.2375454103426042,0.0,0.0,0.0
10.409999999999823,0.0,0.0,-0.3989207533489434,0.0,0.0,0.0,0.0,0.0,0.0,1.1794501426592854,0.6679275354113259,-3.225829691731996,1.1721365074084034,0.5828137763504702,-3.241515229013562,0.0,0.0,0.0
10.419999999999822,0.0,0.0,-0.388547257610963,0.0,0.0,0.0,0.0,0.0,0.0,1.178580109785273,0.6760706636843612,-3.2245328873613746,1.1745310805117677,0.5913786421577456,-3.2445368136527013,0.0,0.0,0.0
10.429999999999822,0.0,0.0,-0.3778944332301962,0.0,0.0,0.0,0.0,0.0,0.0,1.1773882084302145,0.6841788352499507,-3.2230179470547333,1.1763415704384512,0.5999004906670601,-3.2467139234023836,0.0,0.0,0.0
10.439999999999822,0.0,0.0,-0.3669638333397932,0.0,0.0,0.0,0.0,0.0,0.0,1.1758842391631399,0.6922500516552539,-3.221316194899638,1.1776088919304537,0.6083794035752003,-3.248139668058138,0.0,0.0,0.0
10.449999999999822,0.0,0.0,-0.35575754495504686,0.0,0.0,0.0,0.0,0.0,0.0,1.1740761522301404,0.700282852640639,-3.2194556902442226,1.1783699975587965,0.6168150597627464,-3.248897969179636,0.0,0.0,0.0
10.459999999999821,0.0,0.0,-0.3442774060459687,0.0,0.0,0.0,0.0,0.0,0.0,1.171947101327433,0.7082765216937212,-3.2174674175810325,1.178658152668369,0.6252068416520091,-3.2490647599746585,0.0,0.0,0.0
10.469999999999821,0.0,0.0,-0.3325270532525729,0.0,0.0,0.0,0.0,0.0,0.0,1.1695150733932946,0.7162284027874422,-3.215362409261513,1.1785088731354965,0.633553924295704,-3.248707248819503,0.0,0.0,0.0
10.479999999999821,0.0,0.0,-0.32051025484992696,0.0,0.0,0.0,0.0,0.0,0.0,1.166816175957889,0.7241366115946151,-3.213156346964772,1.1779467018615257,0.6418566473889122,-3.247894447789472,0.0,0.0,0.0
10.48999999999982,0.0,0.0,-0.30822837205821096,0.0,0.0,0.0,0.0,0.0,0.0,1.1638428248109172,0.7319974783621763,-3.2108767456356873,1.1769746445421603,0.6501139196365093,-3.2466820678627477,0.0,0.0,0.0
10.49999999999982,0.0,0.0,-0.2956822825560928,0.0,0.0,0.0,0.0,0.0,0.0,1.1605859402356793,0.7398011736472268,-3.2085334678545143,1.1756238684414462,0.6583250284604061,-3.245111386786113,0.0,0.0,0.0
10.50999999999982,0.0,0.0,-0.28287255962827235,0.0,0.0,0.0,0.0,0.0,0.0,1.157040409704329,0.7475362382230077,-3.206136779735112,1.1739209527296062,0.6664921284414146,-3.2432352802305227,0.0,0.0,0.0
10.51999999999982,0.0,0.0,-0.2697996098165126,0.0,0.0,0.0,0.0,0.0,0.0,1.153203366754754,0.7551888852505129,-3.2036935421688035,1.1718844545103895,0.6746159506162245,-3.2410974384864764,0.0,0.0,0.0
10.52999999999982,0.0,0.0,-0.2564638670060298,0.0,0.0,0.0,0.0,0.0,0.0,1.1490739750282466,0.7627436434874166,-3.20120839687179,1.1695281545009995,0.6826963095643079,-3.238737496665486,0.0,0.0,0.0
10.53999999999982,0.0,0.0,-0.2428660192593769,0.0,0.0,0.0,0.0,0.0,0.0,1.1446530229828724,0.7701837964757021,-3.1986837616729744,1.1668623247302958,0.6907315788494542,-3.2361902172385313,0.0,0.0,0.0
10.54999999999982,0.0,0.0,-0.2290072459958559,0.0,0.0,0.0,0.0,0.0,0.0,1.1399426962011763,0.7774919472262893,-3.1961201332918145,1.1638949030403598,0.6987185054908706,-3.2334860318736127,0.0,0.0,0.0
10.55999999999982,0.0,0.0,-0.21488847254584528,0.0,0.0,0.0,0.0,0.0,0.0,1.1349091300261738,0.7846506132133095,-3.193526445398715,1.1606322726725022,0.7066520500990289,-3.2306512020202436,0.0,0.0,0.0
10.569999999999819,0.0,0.0,-0.20051011553292591,0.0,0.0,0.0,0.0,0.0,0.0,1.1295907994821652,0.7916992815773565,-3.191120239643102,1.1570889894466934,0.7145253383872062,-3.227705286177975,0.0,0.0,0.0
10.579999999999819,0.0,0.0,-0.18587682943275213,0.0,0.0,0.0,0.0,0.0,0.0,1.1238828079049092,0.7984911767979654,-3.1884368810541144,1.1532337627991975,0.722290561184568,-3.224490534198795,0.0,0.0,0.0
10.589999999999819,0.0,0.0,-0.17099584506855522,0.0,0.0,0.0,0.0,0.0,0.0,1.1178639932125054,0.8050980782252548,-3.1857599745997645,1.1491602453414258,0.7300404590733208,-3.2214820331779825,0.0,0.0,0.0
10.599999999999818,0.0,0.0,-0.1558735392434902,0.0,0.0,0.0,0.0,0.0,0.0,1.1115095718071895,0.8114858505825584,-3.1830170723775884,1.144784374823528,0.737684314183331,-3.2183513296548525,0.0,0.0,0.0
10.609999999999818,0.0,0.0,-0.14051775301799116,0.0,0.0,0.0,0.0,0.0,0.0,1.1048178264460922,0.8176465605360734,-3.180218417903717,1.1401268902237494,0.7452278149862739,-3.215187547184232,0.0,0.0,0.0
10.619999999999818,0.0,0.0,-0.12493770362351486,0.0,0.0,0.0,0.0,0.0,0.0,1.0977823548870087,0.8235681180799665,-3.1773536193569774,1.1351834844286988,0.7526532752906986,-3.211978788193304,0.0,0.0,0.0
10.629999999999818,0.0,0.0,-0.10914397976577764,0.0,0.0,0.0,0.0,0.0,0.0,1.090399155485521,0.8292419058815272,-3.1744167859857546,1.1299541344441575,0.7599479739464458,-3.208734322282445,0.0,0.0,0.0
10.639999999999818,0.0,0.0,-0.09314846573349742,0.0,0.0,0.0,0.0,0.0,0.0,1.0826653049913393,0.8346609799814888,-3.1714006269260575,1.1244363347396584,0.767097584745081,-3.205455380637988,0.0,0.0,0.0
10.649999999999817,0.0,0.0,-0.07696425107673005,0.0,0.0,0.0,0.0,0.0,0.0,1.0745796932633809,0.839820518982139,-3.1682980000695133,1.118627057972733,0.7740882087779595,-3.202142511991472,0.0,0.0,0.0
10.659999999999817,0.0,0.0,-0.06060551809148851,0.0,0.0,0.0,0.0,0.0,0.0,1.0661432760944334,0.8447176758352648,-3.1651016527357436,1.1125226170688312,0.7809062643983126,-3.1987941235893493,0.0,0.0,0.0
10.669999999999817,0.0,0.0,-0.04408741412760131,0.0,0.0,0.0,0.0,0.0,0.0,1.0573594258798225,0.8493515346786289,-3.161804385616937,1.1061190430214927,0.787538861510716,-3.195407126754612,0.0,0.0,0.0
10.679999999999817,0.0,0.0,-0.027425912077526815,0.0,0.0,0.0,0.0,0.0,0.0,1.0482342094631978,0.8537230067026873,-3.1583991063402284,1.099412361943743,0.7939740125658309,-3.1919770593252985,0.0,0.0,0.0
10.689999999999817,0.0,0.0,-0.010637663314916501,0.0,0.0,0.0,0.0,0.0,0.0,1.0387766036201644,0.8578347100395693,-3.1548789030480355,1.0923989230547841,0.800200837291664,-3.1884983184695312,0.0,0.0,0.0
10.699999999999816,0.0,0.0,0.006260152756450532,0.0,0.0,0.0,0.0,0.0,0.0,1.0289986192117193,0.861690826737282,-3.151237107656773,1.0850757383518947,0.8062097228861793,-3.1849643537010683,0.0,0.0,0.0
10.709999999999816,0.0,0.0,0.023249978291962403,0.0,0.0,0.0,0.0,0.0,0.0,1.018915321282989,0.8652969425335737,-3.1474673559956763,1.0774408339742938,0.8119924501003632,-3.1813678585085117,0.0,0.0,0.0
10.719999999999816,0.0,0.0,0.040314021590707794,0.0,0.0,0.0,0.0,0.0,0.0,1.0085447375283234,0.8686598724142818,-3.1435636420948145,1.0694935982754978,0.8175422842098496,-3.1777009532805067,0.0,0.0,0.0
10.729999999999816,0.0,0.0,0.05743439282875612,0.0,0.0,0.0,0.0,0.0,0.0,0.9979076566286063,0.8717874761433557,-3.1395203656617583,1.0612351110324756,0.822854032832981,-3.1739553623178045,0.0,0.0,0.0
10.739999999999815,0.0,0.0,0.07459322761851783,0.0,0.0,0.0,0.0,0.0,0.0,0.9870273262092351,0.8746884682059726,-3.1353323711218732,1.0526684361214242,0.8279240718873384,-3.170122584117901,0.0,0.0,0.0
10.749999999999815,0.0,0.0,0.09177279579870673,0.0,0.0,0.0,0.0,0.0,0.0,0.9759290674984693,0.8773722269318913,-3.1309949769028727,1.0437988605147226,0.8327503412282228,-3.1661940537281374,0.0,0.0,0.0
10.759999999999815,0.0,0.0,0.10895559373348396,0.0,0.0,0.0,0.0,0.0,0.0,0.9646398291643936,0.8798486075876317,-3.1265039940501516,1.0346340646811683,0.8373323116726819,-3.1621612949522206,0.0,0.0,0.0
10.769999999999815,0.0,0.0,0.1261244193372818,0.0,0.0,0.0,0.0,0.0,0.0,0.9531877058175704,0.882127763963684,-3.121855733872748,1.025184213385948,0.8416709254689437,-3.158016059679452,0.0,0.0,0.0
10.779999999999815,0.0,0.0,0.1432624299535513,0.0,0.0,0.0,0.0,0.0,0.0,0.941601447121982,0.8842199824241033,-3.117047004985446,1.015461960977027,0.8457685127380477,-3.153750451445976,0.0,0.0,0.0
10.789999999999814,0.0,0.0,0.16035318401778914,0.0,0.0,0.0,0.0,0.0,0.0,0.9299099815621661,0.8861355315852091,-3.1120751007382146,1.0054823709163467,0.8496286869510129,-3.1493570306096683,0.0,0.0,0.0
10.799999999999814,0.0,0.0,0.1773806680666553,0.0,0.0,0.0,0.0,0.0,0.0,0.9181419751531696,0.8878845298296318,-3.1069377785224814,0.9952627549048487,0.8532562230291348,-3.1448288991618623,0.0,0.0,0.0
10.809999999999814,0.0,0.0,0.19432931108140436,0.0,0.0,0.0,0.0,0.0,0.0,0.906325440413597,0.8894768318411321,-3.101633232764253,0.9848224418499402,0.8566569220860648,-3.140159764108826,0.0,0.0,0.0
10.819999999999814,0.0,0.0,0.21118398837146338,0.0,0.0,0.0,0.0,0.0,0.0,0.8944874054643188,0.890921934361316,-3.096160063539124,0.9741824906580554,0.8598374670988324,-3.135343979396641,0.0,0.0,0.0
10.829999999999814,0.0,0.0,0.2279300172326557,0.0,0.0,0.0,0.0,0.0,0.0,0.882653647818227,0.892228900503059,-3.090517242690343,0.9633653631215188,0.8628052738551889,-3.1303765673837503,0.0,0.0,0.0
10.839999999999813,0.0,0.0,0.24455314649189946,0.0,0.0,0.0,0.0,0.0,0.0,0.8708484927942024,0.8934063012622877,-3.0847040791358746,0.9523945739374295,0.8655683413618481,-3.1252532217629083,0.0,0.0,0.0
10.849999999999813,0.0,0.0,0.2610395418217775,0.0,0.0,0.0,0.0,0.0,0.0,0.8590946728350706,0.8944621723766315,-3.078720184764311,0.9412943342694419,0.8681351055274386,-3.119970294511672,0.0,0.0,0.0
10.859999999999813,0.0,0.0,0.2773757684188215,0.0,0.0,0.0,0.0,0.0,0.0,0.8474132414558766,0.8954039843856885,-3.0725654419926904,0.9300892035102086,0.8705142993947342,-3.114524769864115,0.0,0.0,0.0
10.869999999999813,0.0,0.0,0.293548772328643,0.0,0.0,0.0,0.0,0.0,0.0,0.8358235340572069,0.8962386236316209,-3.066239973734325,0.9188037613747703,0.8727148225445713,-3.1089142284447573,0.0,0.0,0.0
10.879999999999812,0.0,0.0,0.309545861398132,0.0,0.0,0.0,0.0,0.0,0.0,0.8243431672621475,0.8969723819641819,-3.0597441162320793,0.9074623095234374,0.874745621589884,-3.1031368046210166,0.0,0.0,0.0
10.889999999999812,0.0,0.0,0.3253546865601882,0.0,0.0,0.0,0.0,0.0,0.0,0.8129880685851418,0.8976109530324985,-3.053078394969404,0.8960886089118509,0.8766155829798404,-3.0971911398660272,0.0,0.0,0.0
10.899999999999812,0.0,0.0,0.34096322392045353,0.0,0.0,0.0,0.0,0.0,0.0,0.8017725310484083,0.8981594320534918,-3.046243503686415,0.8847056562571136,0.8783334386902649,-3.091076334541064,0.0,0.0,0.0
10.909999999999812,0.0,0.0,0.35636019797188523,0.0,0.0,0.0,0.0,0.0,0.0,0.7907225106012121,0.8986222651290436,-3.0392374204318324,0.8733355000787751,0.8799076850887947,-3.0847919000646518,0.0,0.0,0.0
10.919999999999812,0.0,0.0,0.3715342260845015,0.0,0.0,0.0,0.0,0.0,0.0,0.7798493682811902,0.8990043453712944,-3.032064471656127,0.8619960570874768,0.8813465264404877,-3.078338500622518,0.0,0.0,0.0
10.929999999999811,0.0,0.0,0.3864737229750551,0.0,0.0,0.0,0.0,0.0,0.0,0.7691490112409309,0.899308215873746,-3.024728162828622,0.8507065553829571,0.8826569894286672,-3.0717137768494043,0.0,0.0,0.0
10.939999999999811,0.0,0.0,0.4011677618381287,0.0,0.0,0.0,0.0,0.0,0.0,0.7586295759348796,0.8995348140337223,-3.0172264436753853,0.8394948061709221,0.8838471694566592,-3.064917603434974,0.0,0.0,0.0
10.949999999999811,0.0,0.0,0.415609768666937,0.0,0.0,0.0,0.0,0.0,0.0,0.7482996989574717,0.8996673749096962,-3.009569122169901,0.8283772673676589,0.8849252051146678,-3.057954500260503,0.0,0.0,0.0
10.95999999999981,0.0,0.0,0.4297865907657017,0.0,0.0,0.0,0.0,0.0,0.0,0.7381647495001848,0.8997140403616743,-3.001744794107475,0.8173682423764218,0.885901417361171,-3.050822359466112,0.0,0.0,0.0
10.96999999999981,0.0,0.0,0.44368255007416896,0.0,0.0,0.0,0.0,0.0,0.0,0.7282320196388641,0.8997035483633398,-2.9937500525091716,0.8064824457564047,0.8867819130291469,-3.0435303347808995,0.0,0.0,0.0
10.97999999999981,0.0,0.0,0.45728937575666545,0.0,0.0,0.0,0.0,0.0,0.0,0.718509266756681,0.8996334871384604,-2.985600047730818,0.7957312031336652,0.8875546007198044,-3.036078905079279,0.0,0.0,0.0
10.98999999999981,0.0,0.0,0.4705985375625311,0.0,0.0,0.0,0.0,0.0,0.0,0.7089999539323282,0.8994952364910715,-2.977293341778286,0.7851243587482962,0.8882284033241938,-3.028456396697433,0.0,0.0,0.0
10.99999999999981,0.0,0.0,0.4836011540062464,0.0,0.0,0.0,0.0,0.0,0.0,0.6997077582447289,0.8992834044161695,-2.968832022866656,0.7746737853045614,0.8888149655453237,-3.020670222628459,0.0,0.0,0.0
11.00999999999981,0.0,0.0,0.4962881154254549,0.0,0.0,0.0,0.0,0.0,0.0,0.6906356379848964,0.8989936218208427,-2.960217371801884,0.7643893186166144,0.8893206920293593,-3.0127229121119,0.0,0.0,0.0
11.01999999999981,0.0,0.0,0.5086501828274164,0.0,0.0,0.0,0.0,0.0,0.0,0.6817860249641567,0.8986226983712458,-2.9514509181933883,0.7542797831321606,0.8897496323846823,-3.004617449618113,0.0,0.0,0.0
11.02999999999981,0.0,0.0,0.5206780660894067,0.0,0.0,0.0,0.0,0.0,0.0,0.6731607656282947,0.8981682894094805,-2.9425341953161412,0.7443529263636731,0.8901038692814501,-2.996356181959412,0.0,0.0,0.0
11.039999999999809,0.0,0.0,0.5323624859154629,0.0,0.0,0.0,0.0,0.0,0.0,0.664761137022301,0.8976287506790666,-2.9334688024551516,0.7346155679964594,0.8903842267248987,-2.9879412287689586,0.0,0.0,0.0
11.049999999999809,0.0,0.0,0.5436942238729261,0.0,0.0,0.0,0.0,0.0,0.0,0.6565878566361021,0.8970030009953751,-2.9242563929494065,0.7250736652911342,0.8905906840028464,-2.9793744978415093,0.0,0.0,0.0
11.059999999999809,0.0,0.0,0.5546641634668964,0.0,0.0,0.0,0.0,0.0,0.0,0.6486411021515945,0.8962904218505603,-2.9148986790816767,0.7157323753899272,0.8907226991021024,-2.970657766084736,0.0,0.0,0.0
11.069999999999808,0.0,0.0,0.5652668928264538,0.0,0.0,0.0,0.0,0.0,0.0,0.6409214006368935,0.8954602392131097,-2.9054108111842005,0.7065961030128912,0.8907794353597156,-2.9617927237150674,0.0,0.0,0.0
11.079999999999808,0.0,0.0,0.5754940493541818,0.0,0.0,0.0,0.0,0.0,0.0,0.6334256975966259,0.8944942719850619,-2.895785859819072,0.6976683519005586,0.8907669966643292,-2.952777338838434,0.0,0.0,0.0
11.089999999999808,0.0,0.0,0.5853342966398096,0.0,0.0,0.0,0.0,0.0,0.0,0.6261519743032442,0.8934069049872413,-2.8860155167489636,0.6889537828258485,0.8906920461282447,-2.943623247952778,0.0,0.0,0.0
11.099999999999808,0.0,0.0,0.5947790557701635,0.0,0.0,0.0,0.0,0.0,0.0,0.6191005511449013,0.8921956425664099,-2.8761128333581114,0.6804548130569618,0.8905358281383484,-2.9343386176381263,0.0,0.0,0.0
11.109999999999808,0.0,0.0,0.6038198017461291,0.0,0.0,0.0,0.0,0.0,0.0,0.6122687589389435,0.8908510636632068,-2.8660779967749024,0.6721714290813177,0.8902917280068727,-2.924913432438676,0.0,0.0,0.0
11.119999999999807,0.0,0.0,0.6124479653352889,0.0,0.0,0.0,0.0,0.0,0.0,0.6056541052438529,0.8893648451141027,-2.8559139463491303,0.6641053504776149,0.8899583955886696,-2.915353201651122,0.0,0.0,0.0
11.129999999999807,0.0,0.0,0.6206549262243845,0.0,0.0,0.0,0.0,0.0,0.0,0.5992536649112745,0.8877283558211992,-2.8456229462517206,0.6562572259839723,0.8895322764067275,-2.905660124227155,0.0,0.0,0.0
11.139999999999807,0.0,0.0,0.6284320110863705,0.0,0.0,0.0,0.0,0.0,0.0,0.5930642603067988,0.8859331649538342,-2.8352073926643118,0.6486272518435308,0.8890091952552391,-2.895837137673272,0.0,0.0,0.0
11.149999999999807,0.0,0.0,0.6357704976874387,0.0,0.0,0.0,0.0,0.0,0.0,0.5870824499519081,0.8839711255991283,-2.824669603172164,0.6412150724717026,0.8883840999380749,-2.8858869343976754,0.0,0.0,0.0
11.159999999999807,0.0,0.0,0.6426616270766805,0.0,0.0,0.0,0.0,0.0,0.0,0.5813045601905562,0.8818345981815341,-2.8140118486643244,0.6340198492221233,0.8876512420585971,-2.875812180547437,0.0,0.0,0.0
11.169999999999806,0.0,0.0,0.6490966259719217,0.0,0.0,0.0,0.0,0.0,0.0,0.5757267039453882,0.879516670011248,-2.8032363301583576,0.6270402863608453,0.8868042526340582,-2.8656154420294113,0.0,0.0,0.0
11.179999999999806,0.0,0.0,0.655066740867634,0.0,0.0,0.0,0.0,0.0,0.0,0.5703447991850836,0.8770113930205516,-2.7923451727097293,0.6202746644142402,0.8858362519818995,-2.855299174820435,0.0,0.0,0.0
11.189999999999806,0.0,0.0,0.6605632847204052,0.0,0.0,0.0,0.0,0.0,0.0,0.5651545836979077,0.8743140200668735,-2.781340420635436,0.6137208695506763,0.8847399688717498,-2.844865697286968,0.0,0.0,0.0
11.199999999999806,0.0,0.0,0.6655776962368568,0.0,0.0,0.0,0.0,0.0,0.0,0.5601516266848077,0.8714212284675051,-2.770224038936002,0.607376421949719,0.8835078805010271,-2.8343171668372906,0.0,0.0,0.0
11.209999999999805,0.0,0.0,0.6701016108653004,0.0,0.0,0.0,0.0,0.0,0.0,0.55533133689179,0.8683313167541193,-2.758997920506963,0.6012385026258921,0.8821323734000129,-2.823655558515681,0.0,0.0,0.0
11.219999999999805,0.0,0.0,0.67412694164635,0.0,0.0,0.0,0.0,0.0,0.0,0.5506889673170019,0.8650443617781729,-2.7476638994703,0.5953039788986112,0.8806059251797963,-2.8128826490268772,0.0,0.0,0.0
11.229999999999805,0.0,0.0,0.6776459672016966,0.0,0.0,0.0,0.0,0.0,0.0,0.5462196165799778,0.8615623248867328,-2.73622377018034,0.589569428448713,0.8789213040656865,-2.802000008095138,0.0,0.0,0.0
11.239999999999805,0.0,0.0,0.6806514234300416,0.0,0.0,0.0,0.0,0.0,0.0,0.5419182271488663,0.8578890986946393,-2.7246793110269625,0.5840311618883662,0.8770717809086609,-2.7910089990143776,0.0,0.0,0.0
11.249999999999805,0.0,0.0,0.6831365950202396,0.0,0.0,0.0,0.0,0.0,0.0,0.5377795807033017,0.8540304896043196,-2.713032311706511,0.5786852437082903,0.8750513462327257,-2.779910789589975,0.0,0.0,0.0
11.259999999999804,0.0,0.0,0.6850954027438182,0.0,0.0,0.0,0.0,0.0,0.0,0.5337982909755938,0.8499941353827918,-2.7012846023163783,0.5735275114256277,0.8728549232602422,-2.7687063739515003,0.0,0.0,0.0
11.269999999999804,0.0,0.0,0.6865224826752314,0.0,0.0,0.0,0.0,0.0,0.0,0.5299687944489189,0.8457893613680154,-2.68943808247175,0.5685535927262049,0.8704785669125599,-2.7573966048715848,0.0,0.0,0.0
11.279999999999804,0.0,0.0,0.6874132539905456,0.0,0.0,0.0,0.0,0.0,0.0,0.5262853392937843,0.8414269828048795,-2.677494748667107,0.5637589203856879,0.8679196386640471,-2.745982235374462,0.0,0.0,0.0
11.289999999999804,0.0,0.0,0.6877639727557484,0.0,0.0,0.0,0.0,0.0,0.0,0.5227419728907661,0.8369190640058592,-2.665456718302873,0.5591387447670049,0.8651769478905729,-2.7344639676470694,0.0,0.0,0.0
11.299999999999804,0.0,0.0,0.6875717700473235,0.0,0.0,0.0,0.0,0.0,0.0,0.5193325282218788,0.8322786471966657,-2.65332624913742,0.5546881437267039,0.862250851956291,-2.722842506667311,0.0,0.0,0.0
11.309999999999803,0.0,0.0,0.6868346737461793,0.0,0.0,0.0,0.0,0.0,0.0,0.5160506093238313,0.8275194648883186,-2.6411057533565168,0.550402029816827,0.859143309579419,-2.711118615606183,0.0,0.0,0.0
11.319999999999803,0.0,0.0,0.6855516143088016,0.0,0.0,0.0,0.0,0.0,0.0,0.5128895759030259,0.8226556494162001,-2.6287978059163635,0.5462751547344105,0.8558578847779934,-2.6992931699793723,0.0,0.0,0.0
11.329999999999803,0.0,0.0,0.6837224156602274,0.0,0.0,0.0,0.0,0.0,0.0,0.509842527166676,0.8177014520479542,-2.616405147250743,0.5423021110374123,0.8523997016370322,-2.6873672077182804,0.0,0.0,0.0
11.339999999999803,0.0,0.0,0.6813477733287919,0.0,0.0,0.0,0.0,0.0,0.0,0.5069022912681695,0.8126709820822304,-2.603930679773974,0.5384773311971934,0.848775352964211,-2.6753419727635332,0.0,0.0,0.0
11.349999999999802,0.0,0.0,0.6784292321547366,0.0,0.0,0.0,0.0,0.0,0.0,0.5040616230834598,0.8075779756418697,-2.591377427503888,0.5347950827820204,0.8449927683361076,-2.6632189506673845,0.0,0.0,0.0
11.359999999999802,0.0,0.0,0.6749691600133351,0.0,0.0,0.0,0.0,0.0,0.0,0.5013135150881907,0.8024356125072032,-2.5787485120155065,0.5312494179866197,0.8410610482730065,-2.650999903167282,0.0,0.0,0.0
11.369999999999802,0.0,0.0,0.6709707039790808,0.0,0.0,0.0,0.0,0.0,0.0,0.4986513099822929,0.7972563686030645,-2.566047171178014,0.5278340942429562,0.8369902633315313,-2.6386868682988593,0.0,0.0,0.0
11.379999999999802,0.0,0.0,0.6664377362048715,0.0,0.0,0.0,0.0,0.0,0.0,0.49606869667754605,0.7920518842428619,-2.553276755631145,0.5245426143972021,0.8327912408693925,-2.6262821286076203,0.0,0.0,0.0
11.389999999999802,0.0,0.0,0.6613747971870967,0.0,0.0,0.0,0.0,0.0,0.0,0.493559695329854,0.7868328624261878,-2.5404407141537906,0.5213683251855233,0.828475362533526,-2.6137882074493746,0.0,0.0,0.0
11.399999999999801,0.0,0.0,0.6557870384296458,0.0,0.0,0.0,0.0,0.0,0.0,0.4911186339481186,0.7816090006906498,-2.527542580841628,0.5183045025483326,0.824054364088314,-2.6012078692055693,0.0,0.0,0.0
11.409999999999801,0.0,0.0,0.6496801660435174,0.0,0.0,0.0,0.0,0.0,0.0,0.4887401164510523,0.7763889516036002,-2.514585962101909,0.5153444229267241,0.8195401393970916,-2.588544110115038,0.0,0.0,0.0
11.419999999999801,0.0,0.0,0.6430603865058306,0.0,0.0,0.0,0.0,0.0,0.0,0.48641898298052677,0.7711803080006674,-2.5015745244134306,0.5124814218290963,0.8149445559622991,-2.575800144337784,0.0,0.0,0.0
11.4299999999998,0.0,0.0,0.635936867950561,0.0,0.0,0.0,0.0,0.0,0.0,0.48410850121746507,0.7658719532046874,-2.488212286388003,0.5097089402778047,0.8102792864638558,-2.562979386084115,0.0,0.0,0.0
11.4399999999998,0.0,0.0,0.6283162734789867,0.0,0.0,0.0,0.0,0.0,0.0,0.48190518996452303,0.7607617724464526,-2.4751859564359413,0.5070471192683315,0.8056401096490555,-2.550329987626478,0.0,0.0,0.0
11.4499999999998,0.0,0.0,0.6202029794194888,0.0,0.0,0.0,0.0,0.0,0.0,0.4797310277268092,0.7556379713270274,-2.462032569428851,0.504416454829207,0.8008016352856033,-2.537182373526061,0.0,0.0,0.0
11.4599999999998,0.0,0.0,0.6116048267733409,0.0,0.0,0.0,0.0,0.0,0.0,0.47759712329937987,0.7505503795254214,-2.448860903720185,0.5018714834653122,0.7959737942021677,-2.5240940407741213,0.0,0.0,0.0
11.4699999999998,0.0,0.0,0.6025299261228736,0.0,0.0,0.0,0.0,0.0,0.0,0.47549503221608536,0.7454914257996341,-2.4356490264276403,0.4993924373489182,0.7911198985800516,-2.5109393853285105,0.0,0.0,0.0
11.4799999999998,0.0,0.0,0.5929866578396155,0.0,0.0,0.0,0.0,0.0,0.0,0.4734208740450705,0.7404660047423612,-2.4224061908186276,0.4969761886310329,0.7862564923001725,-2.4977490070172443,0.0,0.0,0.0
11.4899999999998,0.0,0.0,0.5829836190299947,0.0,0.0,0.0,0.0,0.0,0.0,0.4713695736242818,0.7354749762444079,-2.4091344020456837,0.4946159856998839,0.7813872835881809,-2.484517132962129,0.0,0.0,0.0
11.4999999999998,0.0,0.0,0.5725296125125214,0.0,0.0,0.0,0.0,0.0,0.0,0.46933615686804786,0.7305191538972657,-2.395837476322769,0.49230619697090955,0.7765186020295101,-2.4712472071646987,0.0,0.0,0.0
11.509999999999799,0.0,0.0,0.5616336307192769,0.0,0.0,0.0,0.0,0.0,0.0,0.46731539906697006,0.7255984675903426,-2.3825188811640357,0.49004115727684344,0.771655611291909,-2.457941018297352,0.0,0.0,0.0
11.519999999999799,0.0,0.0,0.5503048451871481,0.0,0.0,0.0,0.0,0.0,0.0,0.4653018682943819,0.7207122541527808,-2.3691822291963778,0.48781539226363546,0.7668030890866616,-2.4446011804375973,0.0,0.0,0.0
11.529999999999799,0.0,0.0,0.5385525987845565,0.0,0.0,0.0,0.0,0.0,0.0,0.46328988525076475,0.7158592764490197,-2.3558311471892797,0.485623517520172,0.7619651732885373,-2.4312304720216935,0.0,0.0,0.0
11.539999999999798,0.0,0.0,0.5263864010887181,0.0,0.0,0.0,0.0,0.0,0.0,0.4612735119480258,0.7110378008462988,-2.3424692945195105,0.4834602129975385,0.7571453812285632,-2.4178319277838822,0.0,0.0,0.0
11.549999999999798,0.0,0.0,0.5138159264843173,0.0,0.0,0.0,0.0,0.0,0.0,0.4592465427007759,0.7062456560251498,-2.329100348016744,0.48132018034074914,0.7523465885754229,-2.4044087620946306,0.0,0.0,0.0
11.559999999999798,0.0,0.0,0.5008510147293461,0.0,0.0,0.0,0.0,0.0,0.0,0.4572025031725375,0.7014802915904861,-2.3157279962312094,0.47919810610980795,0.7475710361052583,-2.3909643399064935,0.0,0.0,0.0
11.569999999999798,0.0,0.0,0.4875016736728829,0.0,0.0,0.0,0.0,0.0,0.0,0.45513465544489307,0.6967388323887311,-2.302355932804959,0.47708862671754204,0.7428203441379786,-2.377502143140034,0.0,0.0,0.0
11.579999999999798,0.0,0.0,0.4737780838164203,0.0,0.0,0.0,0.0,0.0,0.0,0.4530360087485916,0.6920181296586092,-2.2889878512397903,0.4749862970800829,0.7380955360362464,-2.36402574389163,0.0,0.0,0.0
11.589999999999797,0.0,0.0,0.45969060440902426,0.0,0.0,0.0,0.0,0.0,0.0,0.4508993350133512,0.6873148088689147,-2.275627440392845,0.47288556332306564,0.7333970677591739,-2.3505387810095724,0.0,0.0,0.0
11.599999999999797,0.0,0.0,0.4452497807737461,0.0,0.0,0.0,0.0,0.0,0.0,0.448717188466057,0.6826253143661454,-2.2622783807416154,0.47078074005452303,0.7287248620183934,-2.3370449402101654,0.0,0.0,0.0
11.609999999999797,0.0,0.0,0.4304663525728998,0.0,0.0,0.0,0.0,0.0,0.0,0.44648192849216206,0.6779459508751691,-2.2489443413023924,0.4686659924610732,0.7240783456339615,-2.3235479371502303,0.0,0.0,0.0
11.619999999999797,0.0,0.0,0.4153512627331103,0.0,0.0,0.0,0.0,0.0,0.0,0.44418574501297003,0.6732729219075022,-2.2356289771323286,0.4665353233428044,0.7194564890058412,-2.310051503129608,0.0,0.0,0.0
11.629999999999797,0.0,0.0,0.3999154813192998,0.0,0.0,0.0,0.0,0.0,0.0,0.4418118862154947,0.6686023658888653,-2.2223370324525167,0.4643825650547372,0.7148578468064672,-2.2965593731000173,0.0,0.0,0.0
11.639999999999796,0.0,0.0,0.3841704439543528,0.0,0.0,0.0,0.0,0.0,0.0,0.43935267199350725,0.6639299734290778,-2.209070850121392,0.4622031367603358,0.7102805991573095,-2.283074972753905,0.0,0.0,0.0
11.649999999999796,0.0,0.0,0.3681336822403062,0.0,0.0,0.0,0.0,0.0,0.0,0.4368094336978112,0.6592654313959367,-2.195827969818664,0.45999066995927246,0.705722881762145,-2.2696029935707767,0.0,0.0,0.0
11.659999999999796,0.0,0.0,0.3518167842897415,0.0,0.0,0.0,0.0,0.0,0.0,0.4341747536584305,0.6546062683886715,-2.1826192296360065,0.457733164242231,0.7011790922663564,-2.2561487700109826,0.0,0.0,0.0
11.669999999999796,0.0,0.0,0.33522551090261316,0.0,0.0,0.0,0.0,0.0,0.0,0.43143990184743775,0.6499329722793998,-2.1694522553545923,0.4554239437707653,0.6966448129765205,-2.242709979231682,0.0,0.0,0.0
11.679999999999795,0.0,0.0,0.31837196090529385,0.0,0.0,0.0,0.0,0.0,0.0,0.42859586690564233,0.6452390681007363,-2.1563247829742673,0.453057023759093,0.6921272038248638,-2.22928952489796,0.0,0.0,0.0
11.689999999999795,0.0,0.0,0.30126868220518255,0.0,0.0,0.0,0.0,0.0,0.0,0.42563463584773675,0.6405213311910583,-2.1432415088803287,0.45062629489150025,0.687623749792822,-2.215897747529392,0.0,0.0,0.0
11.699999999999795,0.0,0.0,0.2839285130418515,0.0,0.0,0.0,0.0,0.0,0.0,0.4225480732578075,0.6357761072337818,-2.130205601461046,0.44812470647072816,0.6831292786592921,-2.2025366190518985,0.0,0.0,0.0
11.709999999999795,0.0,0.0,0.2663645864952636,0.0,0.0,0.0,0.0,0.0,0.0,0.4193281696303863,0.6310000308791719,-2.1172205701320386,0.4455452241740824,0.6786392658935663,-2.1892098695162625,0.0,0.0,0.0
11.719999999999795,0.0,0.0,0.24859033426746996,0.0,0.0,0.0,0.0,0.0,0.0,0.4159670073449354,0.6261898676374482,-2.1042898241195416,0.4428806743089539,0.674149189696096,-2.1759207825666738,0.0,0.0,0.0
11.729999999999794,0.0,0.0,0.23061948946558486,0.0,0.0,0.0,0.0,0.0,0.0,0.41245679235760224,0.6213425597775615,-2.091416776129132,0.44012381692447794,0.6696546840631422,-2.16267271461796,0.0,0.0,0.0
11.739999999999794,0.0,0.0,0.21246608747800416,0.0,0.0,0.0,0.0,0.0,0.0,0.40878986957924035,0.616455221399085,-2.0786048184107115,0.43726736389228127,0.6651515069431844,-2.149468972440565,0.0,0.0,0.0
11.749999999999794,0.0,0.0,0.1941444652022962,0.0,0.0,0.0,0.0,0.0,0.0,0.4049587408223876,0.6115251424076433,-2.065857328690293,0.4343040086423154,0.6606355535572259,-2.136312841759192,0.0,0.0,0.0
11.759999999999794,0.0,0.0,0.1756692586321267,0.0,0.0,0.0,0.0,0.0,0.0,0.4009560808801591,0.6065497879711899,-2.0531776690691306,0.4312264521509546,0.6561028603618981,-2.1232075811289066,0.0,0.0,0.0
11.769999999999794,0.0,0.0,0.1570553988698973,0.0,0.0,0.0,0.0,0.0,0.0,0.3967747527377923,0.6015267969663065,-2.040569186513065,0.42802742872682015,0.6515496114588976,-2.110156424377794,0.0,0.0,0.0
11.779999999999793,0.0,0.0,0.13831810661866634,0.0,0.0,0.0,0.0,0.0,0.0,0.39240782168762167,0.5964539789346315,-2.028035212903822,0.4246997307372179,0.6469721441115976,-2.0971625813435653,0.0,0.0,0.0
11.789999999999793,0.0,0.0,0.11947288521174307,0.0,0.0,0.0,0.0,0.0,0.0,0.38784856842496485,0.5913293099496824,-2.0155790651185184,0.4212362324268441,0.6423669537282118,-2.084229239191309,0.0,0.0,0.0
11.799999999999793,0.0,0.0,0.10053551223916768,0.0,0.0,0.0,0.0,0.0,0.0,0.3830905011486131,0.5861509275532111,-2.0032040450229576,0.41762991274676337,0.6377306979561811,-2.071359563688336,0.0,0.0,0.0
11.809999999999793,0.0,0.0,0.08152202983219767,0.0,0.0,0.0,0.0,0.0,0.0,0.37812736671402836,0.5809171249452381,-1.9909134394022936,0.4138738771697579,0.6330601998049441,-2.0585567005118426,0.0,0.0,0.0
11.819999999999792,0.0,0.0,0.0624487336682682,0.0,0.0,0.0,0.0,0.0,0.0,0.3729531608898644,0.5756263445800536,-1.9787105198221324,0.40996137846316805,0.6283524497319987,-2.045823776517625,0.0,0.0,0.0
11.829999999999792,0.0,0.0,0.04333216076008228,0.0,0.0,0.0,0.0,0.0,0.0,0.3675621377724019,0.5702771713052535,-1.9665985424220946,0.4058858364015249,0.6236046066830815,-2.03316390094516,0.0,0.0,0.0
11.839999999999792,0.0,0.0,0.024192924726804288,0.0,0.0,0.0,0.0,0.0,0.0,0.3619215449135391,0.5647729099150407,-1.9542616412085976,0.40164085641000025,0.6188139981089272,-2.0205801665337604,0.0,0.0,0.0
11.849999999999792,0.0,0.0,0.00504805452365259,0.0,0.0,0.0,0.0,0.0,0.0,0.35608849257575814,0.5593231597979926,-1.9423453967933733,0.3972375371183273,0.6140426262346004,-2.0083325424166287,0.0,0.0,0.0
11.859999999999792,0.0,0.0,-0.014088967762562465,0.0,0.0,0.0,0.0,0.0,0.0,0.3500156261862982,0.5537873817100478,-1.9304529425521633,0.3926262660451135,0.6091262188631834,-1.9957878753463278,0.0,0.0,0.0
11.869999999999791,0.0,0.0,-0.03320069582994206,0.0,0.0,0.0,0.0,0.0,0.0,0.3437073007933279,0.5481943771723303,-1.9186782956079813,0.3878344238910851,0.604184115757617,-1.9834163757386702,0.0,0.0,0.0
11.879999999999791,0.0,0.0,-0.052269609174852516,0.0,0.0,0.0,0.0,0.0,0.0,0.3371571736806118,0.5425365557278572,-1.9070032727687392,0.38284927567932114,0.5991876955902389,-1.9711142020402963,0.0,0.0,0.0
11.889999999999791,0.0,0.0,-0.07127802060400429,0.0,0.0,0.0,0.0,0.0,0.0,0.33036172197104685,0.5368148451297423,-1.895435839067861,0.37766706600181793,0.5941407047740086,-1.9589083369969869,0.0,0.0,0.0
11.89999999999979,0.0,0.0,-0.09020813565333774,0.0,0.0,0.0,0.0,0.0,0.0,0.3233171433734179,0.5310283164174283,-1.8839779085619526,0.3722823569992902,0.5890397189878223,-1.9467954209114555,0.0,0.0,0.0
11.90999999999979,0.0,0.0,-0.1090420613852614,0.0,0.0,0.0,0.0,0.0,0.0,0.31602007100509366,0.525176558762031,-1.8726328205360296,0.3666904771316025,0.5838832212551178,-1.9347792232132157,0.0,0.0,0.0
11.91999999999979,0.0,0.0,-0.12776182759108545,0.0,0.0,0.0,0.0,0.0,0.0,0.3084674167563918,0.5192591285767922,-1.8614036014329487,0.3608869702574557,0.5786694991051057,-1.9228619359774435,0.0,0.0,0.0
11.92999999999979,0.0,0.0,-0.14634940611206199,0.0,0.0,0.0,0.0,0.0,0.0,0.30065641252812003,0.5132756691086251,-1.8502933658385579,0.3548677278177161,0.573397105041239,-1.9110461844603488,0.0,0.0,0.0
11.93999999999979,0.0,0.0,-0.16478673141660433,0.0,0.0,0.0,0.0,0.0,0.0,0.2925846056345771,0.507225876232412,-1.839305221202053,0.34862896584126785,0.5680647330222205,-1.8993345533819956,0.0,0.0,0.0
11.94999999999979,0.0,0.0,-0.18305591544764138,0.0,0.0,0.0,0.0,0.0,0.0,0.2842727399671362,0.501109501699621,-1.8284405016347862,0.3421672371425036,0.5626712304491933,-1.8877296902290754,0.0,0.0,0.0
11.95999999999979,0.0,0.0,-0.20113886590205887,0.0,0.0,0.0,0.0,0.0,0.0,0.27571118921727245,0.49492681287051976,-1.8177049656296593,0.3354751358338949,0.5572155797570467,-1.8762347571206313,0.0,0.0,0.0
11.96999999999979,0.0,0.0,-0.21901729429905412,0.0,0.0,0.0,0.0,0.0,0.0,0.2668692884295153,0.4886772789731961,-1.8071029167676356,0.3285509011072025,0.5516965750593268,-1.8648507650307258,0.0,0.0,0.0
11.979999999999789,0.0,0.0,-0.2366732031940566,0.0,0.0,0.0,0.0,0.0,0.0,0.25774910039624166,0.48236017602284376,-1.7966348978598181,0.3214059506327332,0.5461137839048769,-1.8535804941710774,0.0,0.0,0.0
11.989999999999789,0.0,0.0,-0.25408865244399254,0.0,0.0,0.0,0.0,0.0,0.0,0.24835287481220159,0.475975714779465,-1.7863046033483438,0.31403382587597195,0.5404669379457033,-1.8424293085866181,0.0,0.0,0.0
11.999999999999789,0.0,0.0,-0.2712458075004722,0.0,0.0,0.0,0.0,0.0,0.0,0.23868247170847956,0.4695238969984352,-1.7761150468900764,0.306429487945438,0.5347551547299831,-1.8313990520394048,0.0,0.0,0.0
12.009999999999788,0.0,0.0,-0.28812695746412365,0.0,0.0,0.0,0.0,0.0,0.0,0.22873955582696615,0.4630047557036514,-1.7660693973898034,0.29858942108052217,0.528977879412483,-1.8204924689422566,0.0,0.0,0.0
12.019999999999788,0.0,0.0,-0.30471453498033046,0.0,0.0,0.0,0.0,0.0,0.0,0.21852568921667526,0.4564183085858229,-1.756170780969668,0.29051128605848076,0.523134653393271,-1.8097122109502934,0.0,0.0,0.0
12.029999999999788,0.0,0.0,-0.32099113704114507,0.0,0.0,0.0,0.0,0.0,0.0,0.2080424195763526,0.44976457411168136,-1.7464223226199478,0.2821937034549194,0.5172251343423525,-1.7990610407040886,0.0,0.0,0.0
12.039999999999788,0.0,0.0,-0.33693954667886633,0.0,0.0,0.0,0.0,0.0,0.0,0.19729134707762602,0.4430435711921876,-1.7368271327290843,0.27363607974724147,0.5112490668182277,-1.7885417643046895,0.0,0.0,0.0
12.049999999999788,0.0,0.0,-0.35254275522931516,0.0,0.0,0.0,0.0,0.0,0.0,0.18627417835471516,0.43625532106916154,-1.7273883064060551,0.2648384796632402,0.5052062699437428,-1.778157230699938,0.0,0.0,0.0
12.059999999999787,0.0,0.0,-0.3677839849749819,0.0,0.0,0.0,0.0,0.0,0.0,0.17499276118702956,0.4293998497603586,-1.718108919908543,0.25580153091947383,0.4990966255014801,-1.7679103189964673,0.0,0.0,0.0
12.069999999999787,0.0,0.0,-0.38264671200896905,0.0,0.0,0.0,0.0,0.0,0.0,0.16344904745088246,0.4224772053040269,-1.7089920277519548,0.24652635583178134,0.492920068635339,-1.7578039310473428,0.0,0.0,0.0
12.079999999999787,0.0,0.0,-0.39711469004650113,0.0,0.0,0.0,0.0,0.0,0.0,0.15164506040545955,0.41548747016631915,-1.7000406597574396,0.23701453345479917,0.4866765770766955,-1.747840984692141,0.0,0.0,0.0
12.089999999999787,0.0,0.0,-0.411171975821449,0.0,0.0,0.0,0.0,0.0,0.0,0.1395829424318517,0.4084307510259908,-1.6912578183123481,0.2272680722751428,0.48036616323539,-1.7380244082044696,0.0,0.0,0.0
12.099999999999786,0.0,0.0,-0.4248029545116763,0.0,0.0,0.0,0.0,0.0,0.0,0.12726501701130466,0.4013071638817314,-1.6826464755643287,0.2172893580558043,0.4739888774942433,-1.728357135449465,0.0,0.0,0.0
12.109999999999786,0.0,0.0,-0.4379923639241904,0.0,0.0,0.0,0.0,0.0,0.0,0.11469384121694598,0.3941168210858741,-1.6742095705838527,0.20708111092497153,0.46754481145164867,-1.7188421017826145,0.0,0.0,0.0
12.119999999999786,0.0,0.0,-0.4507253173748419,0.0,0.0,0.0,0.0,0.0,0.0,0.10187224872026379,0.3868598206526026,-1.6659500065363337,0.1966463603188087,0.4610340978323084,-1.709482240425689,0.0,0.0,0.0
12.129999999999786,0.0,0.0,-0.4629873254280458,0.0,0.0,0.0,0.0,0.0,0.0,0.08880338459785403,0.3795362377426732,-1.6578706478828975,0.18598843380958008,0.4544569077523405,-1.7002804791390016,0.0,0.0,0.0
12.139999999999786,0.0,0.0,-0.4747643166570428,0.0,0.0,0.0,0.0,0.0,0.0,0.07549073284372904,0.37214611823992216,-1.6499743176287929,0.1751109559876046,0.44781344614935,-1.6912397370860262,0.0,0.0,0.0
12.149999999999785,0.0,0.0,-0.4860426575787156,0.0,0.0,0.0,0.0,0.0,0.0,0.06193813734703635,0.3646894743054463,-1.6422637946377456,0.164017854450502,0.4411039460354585,-1.6823629218208835,0.0,0.0,0.0
12.159999999999785,0.0,0.0,-0.49680917190701057,0.0,0.0,0.0,0.0,0.0,0.0,0.048149816935912415,0.35716628177843224,-1.6347418110293783,0.15271337059172982,0.43432866211694326,-1.6736529263545192,0.0,0.0,0.0
12.169999999999785,0.0,0.0,-0.5070511592548941,0.0,0.0,0.0,0.0,0.0,0.0,0.03413037494918986,0.34957647927651636,-1.6274110496749787,0.14120207338266738,0.42748786422626217,-1.665112626274279,0.0,0.0,0.0
12.179999999999785,0.0,0.0,-0.5167564133977496,0.0,0.0,0.0,0.0,0.0,0.0,0.019884803842574794,0.3419199687991268,-1.6202741418051083,0.12948887476644524,0.4205818309199848,-1.6567448769048858,0.0,0.0,0.0
12.189999999999785,0.0,0.0,-0.5259132401902507,0.0,0.0,0.0,0.0,0.0,0.0,0.005418485407532148,0.33419661759145325,-1.613333664740572,0.1175790455666032,0.41361084353000804,-1.6485525105082706,0.0,0.0,0.0
12.199999999999784,0.0,0.0,-0.5345104752033737,0.0,0.0,0.0,0.0,0.0,0.0,-0.009262812754934846,0.32640626099267744,-1.6065921397557488,0.1054782310531312,0.4065751808915728,-1.6405383335259636,0.0,0.0,0.0
12.209999999999784,0.0,0.0,-0.5425375011198849,0.0,0.0,0.0,0.0,0.0,0.0,-0.024152943817328187,0.3185487059717169,-1.6000520300809786,0.09319246552289637,0.3994751149085189,-1.632705123871928,0.0,0.0,0.0
12.219999999999784,0.0,0.0,-0.549984264897336,0.0,0.0,0.0,0.0,0.0,0.0,-0.03924539066015087,0.3106237350484886,-1.5937157390480958,0.0807281854455017,0.3923109070543421,-1.6250556282858761,0.0,0.0,0.0
12.229999999999784,0.0,0.0,-0.5568412946787216,0.0,0.0,0.0,0.0,0.0,0.0,-0.05453327646918221,0.30263111030821355,-1.5875856083810236,0.06809224090214883,0.38508280584909077,-1.6175925597579193,0.0,0.0,0.0
12.239999999999783,0.0,0.0,-0.5630997164044802,0.0,0.0,0.0,0.0,0.0,0.0,-0.07000937635612256,0.2945705772381071,-1.5816639166307733,0.05529190520352653,0.37779104529808677,-1.610318595034921,0.0,0.0,0.0
12.249999999999783,0.0,0.0,-0.5687552586213327,0.0,0.0,0.0,0.0,0.0,0.0,-0.08566616733455382,0.28642886027513415,-1.5759546584723834,0.042334882711301716,0.37043584423174086,-1.6032363722179315,0.0,0.0,0.0
12.259999999999783,0.0,0.0,-0.5738005140835092,0.0,0.0,0.0,0.0,0.0,0.0,-0.10149579658159097,0.2782034633885204,-1.570458149736,0.02922932040395931,0.3630198865299214,-1.5963480186509296,0.0,0.0,0.0
12.269999999999783,0.0,0.0,-0.5782249089872535,0.0,0.0,0.0,0.0,0.0,0.0,-0.11749000144108485,0.2699051382625077,-1.5651750792478953,0.015983816250172585,0.35554411900410376,-1.5896575429274165,0.0,0.0,0.0
12.279999999999783,0.0,0.0,-0.5820217700695492,0.0,0.0,0.0,0.0,0.0,0.0,-0.13394218797724577,0.26153386214539176,-1.5601114097585778,-0.020593133231184804,0.34800186680781425,-1.5831679113314565,0.0,0.0,0.0
12.289999999999782,0.0,0.0,-0.5851860207051963,0.0,0.0,0.0,0.0,0.0,0.0,-0.15072560787228745,0.25308866888185233,-1.5552634868567217,-0.031481716494926794,0.34039313348152317,-1.5768790447511811,0.0,0.0,0.0
12.299999999999782,0.0,0.0,-0.5877128948131516,0.0,0.0,0.0,0.0,0.0,0.0,-0.16746824899062593,0.2445688920249246,-1.5506344282758426,-0.043079064026764015,0.33271830532159036,-1.5707965796913734,0.0,0.0,0.0
12.309999999999782,0.0,0.0,-0.5895977358973692,0.0,0.0,0.0,0.0,0.0,0.0,-0.184239139235826,0.2359742590881947,-1.5462291387050557,-0.05548060753329344,0.3249774674718822,-1.564920614959746,0.0,0.0,0.0
12.319999999999782,0.0,0.0,-0.590836735201791,0.0,0.0,0.0,0.0,0.0,0.0,-0.20106634402084553,0.22730404045521146,-1.5420481883334984,-0.06858776680038232,0.31717055356711027,-1.5592511313891209,0.0,0.0,0.0
12.329999999999782,0.0,0.0,-0.5914268643115967,0.0,0.0,0.0,0.0,0.0,0.0,-0.2179691848008969,0.21855770842056665,-1.538093268526148,-0.08232882499769087,0.3092977791643498,-1.5537922195901583,0.0,0.0,0.0
12.339999999999781,0.0,0.0,-0.5913658645753466,0.0,0.0,0.0,0.0,0.0,0.0,-0.23496039127311807,0.2097347453344749,-1.5343657636382397,-0.09664219391863296,0.3013591826664158,-1.5485462718041179,0.0,0.0,0.0
12.349999999999781,0.0,0.0,-0.5906522395746528,0.0,0.0,0.0,0.0,0.0,0.0,-0.2520475007536446,0.20083465288277336,-1.5308670655258396,-0.11147415058165104,0.29335478465284615,-1.5435156845584517,0.0,0.0,0.0
12.359999999999781,0.0,0.0,-0.5892852496708999,0.0,0.0,0.0,0.0,0.0,0.0,-0.2692339261679894,0.19185692600721715,-1.5275984983549893,-0.12677722671409233,0.28528458562133635,-1.5387025788074233,0.0,0.0,0.0
12.36999999999978,0.0,0.0,-0.5872649075751041,0.0,0.0,0.0,0.0,0.0,0.0,-0.2865197784953989,0.18280103876898857,-1.5245613324956153,-0.1425089727149087,0.2771485853551636,-1.5341089329834419,0.0,0.0,0.0
12.37999999999978,0.0,0.0,-0.5845919742803042,0.0,0.0,0.0,0.0,0.0,0.0,-0.30390250517977424,0.1736664299191396,-1.521756779047162,-0.15863100014444345,0.2689467894167149,-1.5297366010226108,0.0,0.0,0.0
12.38999999999978,0.0,0.0,-0.5812679548709255,0.0,0.0,0.0,0.0,0.0,0.0,-0.32137739016627376,0.1644524892428404,-1.5191859891184973,-0.17510823379769894,0.2606792129208412,-1.525587341149726,0.0,0.0,0.0
12.39999999999978,0.0,0.0,-0.5772950938534892,0.0,0.0,0.0,0.0,0.0,0.0,-0.33893794909356073,0.15515854328528317,-1.5168500522468829,-0.19190832267656577,0.2523458812506042,-1.5216628317158465,0.0,0.0,0.0
12.40999999999978,0.0,0.0,-0.5726763697322597,0.0,0.0,0.0,0.0,0.0,0.0,-0.3565762444664611,0.14578383980304926,-1.5147499951082786,-0.20900117257029885,0.24394682893633263,-1.5179646825546498,0.0,0.0,0.0
12.41999999999978,0.0,0.0,-0.5674154886018812,0.0,0.0,0.0,0.0,0.0,0.0,-0.3742831392476216,0.13632753025169592,-1.5128867801898447,-0.22635857251498254,0.2354820971534645,-1.5144944421012843,0.0,0.0,0.0
12.42999999999978,0.0,0.0,-0.5615168765533728,0.0,0.0,0.0,0.0,0.0,0.0,-0.39204850267082425,0.1267886497076458,-1.511261304449785,-0.2439538943648178,0.22695173015996292,-1.5112536017034461,0.0,0.0,0.0
12.43999999999978,0.0,0.0,-0.554985670688442,0.0,0.0,0.0,0.0,0.0,0.0,-0.40986137868293226,0.11716609375774173,-1.5098743979177858,-0.26176184977581624,0.21835577081500745,-1.5082435978365063,0.0,0.0,0.0
12.449999999999779,0.0,0.0,-0.5478277036911058,0.0,0.0,0.0,0.0,0.0,0.0,-0.4277101246001043,0.10745863663143057,-1.5087268210210074,-0.27975829263013174,0.209694255191032,-1.5054658127841587,0.0,0.0,0.0
12.459999999999779,0.0,0.0,-0.5400494566535207,0.0,0.0,0.0,0.0,0.0,0.0,-0.44558252406491833,0.09766527594081642,-1.5078192575943696,-0.29792005775011027,0.20096719846498892,-1.5029215744828361,0.0,0.0,0.0
12.469999999999779,0.0,0.0,-0.5316580273535341,0.0,0.0,0.0,0.0,0.0,0.0,-0.46346588144262935,0.0877856252914036,-1.507152325225021,-0.31622482911880956,0.192174522155279,-1.5006121559705505,0.0,0.0,0.0
12.479999999999778,0.0,0.0,-0.5226611445777309,0.0,0.0,0.0,0.0,0.0,0.0,-0.4813471033639553,0.07782000202046174,-1.506726589400512,-0.3346510314448689,0.18331598097589719,-1.498538766273775,0.0,0.0,0.0
12.489999999999778,0.0,0.0,-0.5130671911772691,0.0,0.0,0.0,0.0,0.0,0.0,-0.49921276832354433,0.06776943997825485,-1.5065425658046845,-0.35317773980417394,0.17439124435775785,-1.4967025467263604,0.0,0.0,0.0
12.499999999999778,0.0,0.0,-0.5028852268250399,0.0,0.0,0.0,0.0,0.0,0.0,-0.5170491865993134,0.057635688881911666,-1.506600722450146,-0.3717846049737454,0.16540000066796537,-1.495104580528653,0.0,0.0,0.0
12.509999999999778,0.0,0.0,-0.492125009372285,0.0,0.0,0.0,0.0,0.0,0.0,-0.5348424522851396,0.0474211992502198,-1.5069014809901269,-0.39045179161558463,0.15634204975394791,-1.4937459008486749,0.0,0.0,0.0
12.519999999999778,0.0,0.0,-0.4807970136630116,0.0,0.0,0.0,0.0,0.0,0.0,-0.5525784888813314,0.037129092345850295,-1.5074452172719575,-0.4091599271021717,0.14721738401521645,-1.4926274980195926,0.0,0.0,0.0
12.529999999999777,0.0,0.0,-0.4689124466608748,0.0,0.0,0.0,0.0,0.0,0.0,-0.570243089588785,0.02676311538742035,-1.5082322610663739,-0.42789005918597306,0.13802625800048532,-1.4917503255746605,0.0,0.0,0.0
12.539999999999777,0.0,0.0,-0.4564832578223654,0.0,0.0,0.0,0.0,0.0,0.0,-0.5878219532220572,0.016327583174332694,-1.5092628949895517,-0.4466236210564247,0.128769246290355,-1.4911153050168322,0.0,0.0,0.0
12.549999999999777,0.0,0.0,-0.4435221438123383,0.0,0.0,0.0,0.0,0.0,0.0,-0.6053007164714117,0.005827308074579152,-1.5105373526755907,-0.4653424025926715,0.11944728932304219,-1.4907233291781865,0.0,0.0,0.0
12.559999999999777,0.0,0.0,-0.43004254689003274,0.0,0.0,0.0,0.0,0.0,0.0,-0.6226649830967392,-0.00473247902340429,-1.5120558163049056,-0.4840285268317716,0.11006172686497974,-1.4905752640571717,0.0,0.0,0.0
12.569999999999776,0.0,0.0,-0.4160586465740187,0.0,0.0,0.0,0.0,0.0,0.0,-0.6399003505191043,-0.015346213719548418,-1.5138184136325417,-0.5026644308406223,0.10061431900459576,-1.4906719490666331,0.0,0.0,0.0
12.579999999999776,0.0,0.0,-0.4015853445184883,0.0,0.0,0.0,0.0,0.0,0.0,-0.6569924341775882,-0.02600808415542194,-1.5158252147613998,-0.5212328503153328,0.0911072548203928,-1.4910141956887477,0.0,0.0,0.0
12.589999999999776,0.0,0.0,-0.3866382430409979,0.0,0.0,0.0,0.0,0.0,0.0,-0.6739268899339962,-0.03671210834114569,-1.518076229160797,-0.5397168073421994,0.08154314895560535,-1.4916027845871953,0.0,0.0,0.0
12.599999999999776,0.0,0.0,-0.37123361802585503,0.0,0.0,0.0,0.0,0.0,0.0,-0.6906894347912594,-0.04745220733611333,-1.5205714025788193,-0.5580996008485615,0.07192502591761822,-1.4924384612762613,0.0,0.0,0.0
12.609999999999776,0.0,0.0,-0.35538838653117905,0.0,0.0,0.0,0.0,0.0,0.0,-0.7072658661614142,-0.05822228175008681,-1.5233106135910093,-0.5763647993427853,0.06225629489113814,-1.4935219309000163,0.0,0.0,0.0
12.619999999999775,0.0,0.0,-0.3391200695977776,0.0,0.0,0.0,0.0,0.0,0.0,-0.723642079853975,-0.06901628506823554,-1.526293670489514,-0.5944962355759836,0.05254072006547429,-1.4948538524448514,0.0,0.0,0.0
12.629999999999775,0.0,0.0,-0.32244675104912696,0.0,0.0,0.0,0.0,0.0,0.0,-0.7398040869004685,-0.07982829023709825,-1.52952030852365,-0.6124780028236405,0.04278238539679553,-1.4964348320516638,0.0,0.0,0.0
12.639999999999775,0.0,0.0,-0.3053870331417078,0.0,0.0,0.0,0.0,0.0,0.0,-0.7557380293259924,-0.09065254846361948,-1.5329901875344922,-0.6302944525530529,0.032985654249698515,-1.4982654158438808,0.0,0.0,0.0
12.649999999999775,0.0,0.0,-0.28795998993207716,0.0,0.0,0.0,0.0,0.0,0.0,-0.7714301949654455,-0.10148353969194945,-1.536702890042994,-0.647930193264254,0.023155125439950082,-1.5003460825766444,0.0,0.0,0.0
12.659999999999775,0.0,0.0,-0.27018511919613747,0.0,0.0,0.0,0.0,0.0,0.0,-0.7868670314082299,-0.11231601459732588,-1.5406579198203634,-0.6653700903193629,0.013295587206544127,-1.502677236349578,0.0,0.0,0.0
12.669999999999774,0.0,0.0,-0.25206249286806726,0.0,0.0,0.0,0.0,0.0,0.0,-0.802034661171158,-0.12339044453972747,-1.544831631564563,-0.6825992666016107,-0.018941487671165512,-1.5052591996081919,0.0,0.0,0.0
12.679999999999774,0.0,0.0,-0.2336134177919693,0.0,0.0,0.0,0.0,0.0,0.0,-0.8169217579741731,-0.13463566788763304,-1.549250717969677,-0.6996032034545229,-0.02619811791158287,-1.5080980939969222,0.0,0.0,0.0
12.689999999999774,0.0,0.0,-0.21488337022527149,0.0,0.0,0.0,0.0,0.0,0.0,-0.8315153782754529,-0.14574578895832646,-1.5539364617984734,-0.7163662372624254,-0.03389980211343373,-1.511175135459927,0.0,0.0,0.0
12.699999999999774,0.0,0.0,-0.19589290159223835,0.0,0.0,0.0,0.0,0.0,0.0,-0.8458000191135158,-0.15674146269958866,-1.558856821805684,-0.7328747727772458,-0.04211888707703387,-1.514484084907202,0.0,0.0,0.0
12.709999999999773,0.0,0.0,-0.17666218796381827,0.0,0.0,0.0,0.0,0.0,0.0,-0.8597639143341393,-0.16764497694932423,-1.5640171062609907,-0.7491171589272189,-0.05078652357870702,-1.518057525074078,0.0,0.0,0.0
12.719999999999773,0.0,0.0,-0.15721129279521376,0.0,0.0,0.0,0.0,0.0,0.0,-0.8733870841546537,-0.17847371886926622,-1.569415310725593,-0.7650789021912019,-0.059840578926479086,-1.521886399476279,0.0,0.0,0.0
12.729999999999773,0.0,0.0,-0.13756032691465683,0.0,0.0,0.0,0.0,0.0,0.0,-0.8866583878916199,-0.18924184939407152,-1.5750496294578276,-0.7807482851221778,-0.06922801187050515,-1.5259704794693396,0.0,0.0,0.0
12.739999999999773,0.0,0.0,-0.11772944557098222,0.0,0.0,0.0,0.0,0.0,0.0,-0.8995746015216567,-0.1999608472627803,-1.580918010920748,-0.7961120949327218,-0.07890293852356658,-1.5303083995289255,0.0,0.0,0.0
12.749999999999773,0.0,0.0,-0.09773878279921139,0.0,0.0,0.0,0.0,0.0,0.0,-0.9121241335157576,-0.21063998192148192,-1.5870200379557264,-0.8111521346234447,-0.08882556124046816,-1.534898886794484,0.0,0.0,0.0
12.759999999999772,0.0,0.0,-0.07760851351257615,0.0,0.0,0.0,0.0,0.0,0.0,-0.9242954796371318,-0.22128647124859402,-1.593354177292841,-0.8258566908695838,-0.0989612713929371,-1.5397394509101252,0.0,0.0,0.0
12.769999999999772,0.0,0.0,-0.05735885099888107,0.0,0.0,0.0,0.0,0.0,0.0,-0.9360774563179969,-0.23190597813761005,-1.5999191012512577,-0.8402143383429446,-0.10928002635465145,-1.5448288585155534,0.0,0.0,0.0
12.779999999999772,0.0,0.0,-0.03701003810817909,0.0,0.0,0.0,0.0,0.0,0.0,-0.9474591727840082,-0.2425028416182542,-1.6067133968826175,-0.8542137775779757,-0.11975561045409322,-1.5501656399049268,0.0,0.0,0.0
12.789999999999772,0.0,0.0,-0.01658219176596884,0.0,0.0,0.0,0.0,0.0,0.0,-0.95842069375515,-0.25306773187437526,-1.6136470481513372,-0.8678438945221382,-0.13036512625336494,-1.5557483993254015,0.0,0.0,0.0
12.799999999999772,0.0,0.0,0.003904420159300849,0.0,0.0,0.0,0.0,0.0,0.0,-0.9689735949829903,-0.2636326793326089,-1.6209154247008566,-0.881100469661466,-0.14109503294172204,-1.5616448320277285,0.0,0.0,0.0
12.809999999999771,0.0,0.0,0.024429412209222644,0.0,0.0,0.0,0.0,0.0,0.0,-0.9790926132375297,-0.2741783604906205,-1.628385579268795,-0.8939547875566906,-0.1519105086381953,-1.5676690949669814,0.0,0.0,0.0
12.819999999999771,0.0,0.0,0.04497260645585879,0.0,0.0,0.0,0.0,0.0,0.0,-0.9887713923250514,-0.28471039800820463,-1.6360850226542318,-0.9064109720790573,-0.16280981471562075,-1.5739660404940612,0.0,0.0,0.0
12.829999999999771,0.0,0.0,0.06551388431476159,0.0,0.0,0.0,0.0,0.0,0.0,-0.9979998366791314,-0.2952282575679013,-1.6440055075810371,-0.9184555322067698,-0.1737762569187147,-1.5805009723599743,0.0,0.0,0.0
12.83999999999977,0.0,0.0,0.08603322630746588,0.0,0.0,0.0,0.0,0.0,0.0,-1.0067690922602106,-0.3057323275293491,-1.6521467516138784,-0.9300792163958239,-0.18479854919337527,-1.5872792328271046,0.0,0.0,0.0
12.84999999999977,0.0,0.0,0.10651010756120811,0.0,0.0,0.0,0.0,0.0,0.0,-1.015102826170514,-0.3162692947699641,-1.6607889214409728,-0.9412721754397386,-0.19586592617720344,-1.594297237979641,0.0,0.0,0.0
12.85999999999977,0.0,0.0,0.12692490130084516,0.0,0.0,0.0,0.0,0.0,0.0,-1.0229143158015679,-0.32672413033848646,-1.6692817759378018,-0.9520014455617929,-0.2069435521795333,-1.6013323790597978,0.0,0.0,0.0
12.86999999999977,0.0,0.0,0.147258756074643,0.0,0.0,0.0,0.0,0.0,0.0,-1.0302520187095272,-0.33717985429177344,-1.6780693391174797,-0.9623235904305709,-0.2180930435046259,-1.6089896733628373,0.0,0.0,0.0
12.87999999999977,0.0,0.0,0.1674922336191561,0.0,0.0,0.0,0.0,0.0,0.0,-1.037096040034935,-0.3476175188359818,-1.687051435496688,-0.9721751240412362,-0.2292495512766936,-1.6167699979001355,0.0,0.0,0.0
12.88999999999977,0.0,0.0,0.18760615617753984,0.0,0.0,0.0,0.0,0.0,0.0,-1.043441748640255,-0.3580404975285476,-1.6962489084494299,-0.9815602957899396,-0.24041973248572052,-1.6247859056499392,0.0,0.0,0.0
12.89999999999977,0.0,0.0,0.2075815690654968,0.0,0.0,0.0,0.0,0.0,0.0,-1.0492814786614333,-0.3684469551935021,-1.7056552921405437,-0.990468777326319,-0.2515951117963836,-1.633013217178383,0.0,0.0,0.0
12.90999999999977,0.0,0.0,0.22739977654748667,0.0,0.0,0.0,0.0,0.0,0.0,-1.054608691064666,-0.3788362041485476,-1.7152700934006293,-0.9988938625488326,-0.2627714661390392,-1.6414579783249568,0.0,0.0,0.0
12.919999999999769,0.0,0.0,0.24704235772297875,0.0,0.0,0.0,0.0,0.0,0.0,-1.0594170313107645,-0.38920727183435533,-1.7250913328780408,-1.006828347113875,-0.2739442455733543,-1.6501190205777299,0.0,0.0,0.0
12.929999999999769,0.0,0.0,0.26649118547486644,0.0,0.0,0.0,0.0,0.0,0.0,-1.063700545286979,-0.3995592484450583,-1.735117229842222,-1.014265488094169,-0.28510955420214157,-1.6589964116813478,0.0,0.0,0.0
12.939999999999769,0.0,0.0,0.28572844322133883,0.0,0.0,0.0,0.0,0.0,0.0,-1.0674536321884107,-0.40989122124364563,-1.7453458319068047,-1.0211988043696842,-0.29626385654724513,-1.668089591497097,0.0,0.0,0.0
12.949999999999768,0.0,0.0,0.3047366407168286,0.0,0.0,0.0,0.0,0.0,0.0,-1.0706710568444993,-0.4202022994435577,-1.75577510603956,-1.0276221378931263,-0.30740398772304023,-1.6773978233577693,0.0,0.0,0.0
12.959999999999768,0.0,0.0,0.3234986286740392,0.0,0.0,0.0,0.0,0.0,0.0,-1.073347948066361,-0.4304916147862605,-1.7664029250433875,-1.0335296531907567,-0.31852710106043414,-1.6869201207976179,0.0,0.0,0.0
12.969999999999768,0.0,0.0,0.3419976123298602,0.0,0.0,0.0,0.0,0.0,0.0,-1.0754797995312684,-0.44075832482824184,-1.7772270769446639,-1.0389158489457637,-0.32963063663505376,-1.6966552894225255,0.0,0.0,0.0
12.979999999999768,0.0,0.0,0.36021716400598824,0.0,0.0,0.0,0.0,0.0,0.0,-1.0770624692975233,-0.45100161331631705,-1.7882452686456274,-1.043775565162031,-0.3407122903371565,-1.7066019401470287,0.0,0.0,0.0
12.989999999999768,0.0,0.0,0.3781412347359719,0.0,0.0,0.0,0.0,0.0,0.0,-1.0780921787534994,-0.4612206894187709,-1.799455130359569,-1.0481039898949382,-0.35176998729286313,-1.7167585065421829,0.0,0.0,0.0
12.999999999999767,0.0,0.0,0.39575416503608773,0.0,0.0,0.0,0.0,0.0,0.0,-1.0785655465276454,-0.47141476484288036,-1.8108542194207187,-1.0518966647880243,-0.3628018580120651,-1.7271232591791865,0.0,0.0,0.0
13.009999999999767,0.0,0.0,0.41304069518409714,0.0,0.0,0.0,0.0,0.0,0.0,-1.0784797045296757,-0.4815829836527694,-1.8224400237192555,-1.05514948109133,-0.3738062210585692,-1.7376943188132459,0.0,0.0,0.0
13.019999999999767,0.0,0.0,0.42998597591911114,0.0,0.0,0.0,0.0,0.0,0.0,-1.077832380341946,-0.4917243764763728,-1.8342099643589198,-1.0578586540493256,-0.38478157735765683,-1.7484696682316754,0.0,0.0,0.0
13.029999999999767,0.0,0.0,0.446575579788548,0.0,0.0,0.0,0.0,0.0,0.0,-1.076621889309289,-0.501837871121507,-1.84616139781888,-1.060020719409864,-0.39572659503171365,-1.7594471630337973,0.0,0.0,0.0
13.039999999999766,0.0,0.0,0.4627955120442621,0.0,0.0,0.0,0.0,0.0,0.0,-1.074847116648959,-0.5119223088187703,-1.8582916183552203,-1.0616325866994132,-0.4066400681321938,-1.7706245411259063,0.0,0.0,0.0
13.049999999999766,0.0,0.0,0.47863222030218844,0.0,0.0,0.0,0.0,0.0,0.0,-1.0725074974422626,-0.5219764596545606,-1.8705978604923255,-1.062691586106781,-0.41752087919786424,-1.781999430717576,0.0,0.0,0.0
13.059999999999766,0.0,0.0,0.49407260297536976,0.0,0.0,0.0,0.0,0.0,0.0,-1.0696029945367176,-0.5319990369777461,-1.8830773013755815,-1.0631955044594465,-0.4283679687113381,-1.793569357387446,0.0,0.0,0.0
13.069999999999766,0.0,0.0,0.5091040165392269,0.0,0.0,0.0,0.0,0.0,0.0,-1.0661340747378723,-0.5419887105696959,-1.895727063037212,-1.06314261177448,-0.43918031076152386,-1.8053317506125892,0.0,0.0,0.0
13.079999999999766,0.0,0.0,0.5237142817018952,0.0,0.0,0.0,0.0,0.0,0.0,-1.0621016837530821,-0.5519441183497364,-1.9085442145728284,-1.0625316795471278,-0.44995689417435014,-1.817283949801067,0.0,0.0,0.0
13.089999999999765,0.0,0.0,0.5378916885671257,0.0,0.0,0.0,0.0,0.0,0.0,-1.0575072203699607,-0.561863876431711,-1.921525774233303,-1.061361991715312,-0.46069670844356614,-1.8294232099087835,0.0,0.0,0.0
13.099999999999765,0.0,0.0,0.5516250008885561,0.0,0.0,0.0,0.0,0.0,0.0,-1.0523525108182479,-0.5717465871442884,-1.9346687114322696,-1.059633349237811,-0.47139873376248,-1.8417467066951116,0.0,0.0,0.0
13.109999999999765,0.0,0.0,0.5649034595244057,0.0,0.0,0.0,0.0,0.0,0.0,-1.0466397843331796,-0.5815908446575158,-1.9479699486667554,-1.0573460689702663,-0.4820619345613501,-1.854251541661163,0.0,0.0,0.0
13.119999999999765,0.0,0.0,0.5777167852108009,0.0,0.0,0.0,0.0,0.0,0.0,-1.0403716507948801,-0.5913952380034528,-1.9614263633454314,-1.0545009775304495,-0.49268525595368257,-1.8669347467034738,0.0,0.0,0.0
13.129999999999765,0.0,0.0,0.5900551807750016,0.0,0.0,0.0,0.0,0.0,0.0,-1.0335510811657684,-0.6011583514122179,-1.9750347895195073,-1.0510994009683892,-0.503267622450425,-1.8797932885064907,0.0,0.0,0.0
13.139999999999764,0.0,0.0,0.601909332906585,0.0,0.0,0.0,0.0,0.0,0.0,-1.0261813912401798,-0.6108787620258589,-1.988792019512844,-1.0471431511256868,-0.513807938293714,-1.8928240726872307,0.0,0.0,0.0
13.149999999999764,0.0,0.0,0.613270413595497,0.0,0.0,0.0,0.0,0.0,0.0,-1.0182662289866478,-0.6205550351837572,-2.002694805450214,-1.0426345096156795,-0.5243050887757696,-1.9060239476983432,0.0,0.0,0.0
13.159999999999764,0.0,0.0,0.624130081331711,0.0,0.0,0.0,0.0,0.0,0.0,-1.0098095655325467,-0.6301857175793897,-2.0167398606856737,-1.0375762103654942,-0.5347579419481298,-1.9193897084910723,0.0,0.0,0.0
13.169999999999764,0.0,0.0,0.6344804821435763,0.0,0.0,0.0,0.0,0.0,0.0,-1.0008156896363285,-0.6397693286599901,-2.0309238611363454,-1.0319714216243554,-0.5451653501915223,-1.9329180999375255,0.0,0.0,0.0
13.179999999999763,0.0,0.0,0.6443129395080629,0.0,0.0,0.0,0.0,0.0,0.0,-0.991333829820185,-0.6493924451418516,-2.045569980185502,-1.0258237282597589,-0.5555261512036291,-1.9466058200117302,0.0,0.0,0.0
13.189999999999763,0.0,0.0,0.653620519421529,0.0,0.0,0.0,0.0,0.0,0.0,-0.9812765561625344,-0.6588672670295654,-2.0600369576202584,-1.019104113216924,-0.5657812895021876,-1.9601867852293768,0.0,0.0,0.0
13.199999999999763,0.0,0.0,0.6623980111554075,0.0,0.0,0.0,0.0,0.0,0.0,-0.9707077767567285,-0.6683129124653076,-2.074713187287989,-1.0118973899090806,-0.5760702120399678,-1.974291457272981,0.0,0.0,0.0
13.209999999999763,0.0,0.0,0.6706394552180148,0.0,0.0,0.0,0.0,0.0,0.0,-0.9596201744496404,-0.6777012750925722,-2.0895067198040116,-1.0041496694961787,-0.5862889823234684,-1.98846173212403,0.0,0.0,0.0
13.219999999999763,0.0,0.0,0.6783394262219464,0.0,0.0,0.0,0.0,0.0,0.0,-0.9480226086472137,-0.687036738007484,-2.1044353720479565,-0.9958791884049093,-0.5964595459035448,-2.0027988545185558,0.0,0.0,0.0
13.229999999999762,0.0,0.0,0.6854891496989699,0.0,0.0,0.0,0.0,0.0,0.0,-0.9359210349770404,-0.6962937120703345,-2.1194981022001436,-0.9870885567134,-0.6065755723929491,-2.0172762331130367,0.0,0.0,0.0
13.239999999999762,0.0,0.0,0.6920858031465908,0.0,0.0,0.0,0.0,0.0,0.0,-0.9233210094375703,-0.7054769948283646,-2.134683418477904,-0.9777842920382409,-0.6166420413649258,-2.0318950834195344,0.0,0.0,0.0
13.249999999999762,0.0,0.0,0.698130428112067,0.0,0.0,0.0,0.0,0.0,0.0,-0.9102288513378762,-0.714613379013449,-2.1499790331739197,-0.967973216449096,-0.6266576032839738,-2.0466577812887756,0.0,0.0,0.0
13.259999999999762,0.0,0.0,0.7036187927665631,0.0,0.0,0.0,0.0,0.0,0.0,-0.8966547733661376,-0.7237028776683263,-2.1654036379696686,-0.9576619600167481,-0.6366050337248788,-2.061565427535161,0.0,0.0,0.0
13.269999999999762,0.0,0.0,0.7085472283352299,0.0,0.0,0.0,0.0,0.0,0.0,-0.8826045799878608,-0.7327354577859948,-2.1809430099982148,-0.9468549618997272,-0.6464840434219593,-2.076593928950164,0.0,0.0,0.0
13.279999999999761,0.0,0.0,0.7129127577621305,0.0,0.0,0.0,0.0,0.0,0.0,-0.8680864585561503,-0.7417061858276393,-2.1965964005873704,-0.9355613002985568,-0.6563010820660812,-2.0917545170380074,0.0,0.0,0.0
13.289999999999761,0.0,0.0,0.7167130373067806,0.0,0.0,0.0,0.0,0.0,0.0,-0.8531085398965903,-0.750609728194128,-2.212359817991745,-0.9237883164564579,-0.6660569842351882,-2.1070421616110706,0.0,0.0,0.0
13.299999999999761,0.0,0.0,0.7199463342814407,0.0,0.0,0.0,0.0,0.0,0.0,-0.8376794458364198,-0.7594414542580474,-2.22822990181348,-0.9115440526108769,-0.6757521292313106,-2.122455219227697,0.0,0.0,0.0
13.30999999999976,0.0,0.0,0.7226115068390355,0.0,0.0,0.0,0.0,0.0,0.0,-0.8218081576239478,-0.768197059106325,-2.244203018397105,-0.898836732564792,-0.6853856856362011,-2.1379909456505475,0.0,0.0,0.0
13.31999999999976,0.0,0.0,0.7247079872589046,0.0,0.0,0.0,0.0,0.0,0.0,-0.8055040433493286,-0.7768725602473361,-2.2602754745263747,-0.8856749071129166,-0.6949561246570569,-2.153646593073715,0.0,0.0,0.0
13.32999999999976,0.0,0.0,0.7262357673515969,0.0,0.0,0.0,0.0,0.0,0.0,-0.7887768482511652,-0.7854642255324982,-2.2764434689007524,-0.8720674387805339,-0.7044613577413474,-2.1694191883441136,0.0,0.0,0.0
13.33999999999976,0.0,0.0,0.7271953855478342,0.0,0.0,0.0,0.0,0.0,0.0,-0.771636693426544,-0.7939685327471371,-2.292703105091279,-0.8580235193198597,-0.7138989040964335,-2.1853056122421854,0.0,0.0,0.0
13.34999999999976,0.0,0.0,0.727587915177954,0.0,0.0,0.0,0.0,0.0,0.0,-0.7540940721208149,-0.8023821339476696,-2.309050390248278,-0.8435526759037347,-0.7232660047898166,-2.2013026016824817,0.0,0.0,0.0
13.35999999999976,0.0,0.0,0.7274149535916183,0.0,0.0,0.0,0.0,0.0,0.0,-0.7361598459914283,-0.8107018283390612,-2.325481237500437,-0.8286647769624425,-0.7325597132864342,-2.2174067650139078,0.0,0.0,0.0
13.36999999999976,0.0,0.0,0.7266786118401984,0.0,0.0,0.0,0.0,0.0,0.0,-0.7178452406856568,-0.81892454074594,-2.3419914679455056,-0.8133700356204016,-0.7417769633496274,-2.233614590379317,0.0,0.0,0.0
13.37999999999976,0.0,0.0,0.7253815047126407,0.0,0.0,0.0,0.0,0.0,0.0,-0.6991618408129345,-0.8270473047467575,-2.3585768132820677,-0.7976790115820922,-0.7509146204053684,-2.249922452788796,0.0,0.0,0.0
13.389999999999759,0.0,0.0,0.7235267409678374,0.0,0.0,0.0,0.0,0.0,0.0,-0.6801215842360904,-0.8350672494013134,-2.3752329188904335,-0.7816026115448478,-0.7599695198904565,-2.26632661933931,0.0,0.0,0.0
13.399999999999759,0.0,0.0,0.7211179136483324,0.0,0.0,0.0,0.0,0.0,0.0,-0.6607367556536763,-0.8429815888050931,-2.391955347437163,-0.7651520883247799,-0.7689384956438068,-2.282823253335635,0.0,0.0,0.0
13.409999999999759,0.0,0.0,0.718155131287775,0.0,0.0,0.0,0.0,0.0,0.0,-0.6410206953096742,-0.850756178940208,-2.4087501777012816,-0.7483390388048098,-0.7778184006578802,-2.2994084176378826,0.0,0.0,0.0
13.419999999999758,0.0,0.0,0.7146422679770752,0.0,0.0,0.0,0.0,0.0,0.0,-0.6209850895618747,-0.8583769783323905,-2.4256042764534316,-0.7311752423483636,-0.7866132033231423,-2.3160751804059423,0.0,0.0,0.0
13.429999999999758,0.0,0.0,0.7105873812244968,0.0,0.0,0.0,0.0,0.0,0.0,-0.6006426765933635,-0.8658636876424124,-2.442504327394727,-0.7136738877509909,-0.7953248103142402,-2.332827743324824,0.0,0.0,0.0
13.439999999999758,0.0,0.0,0.7059956858121827,0.0,0.0,0.0,0.0,0.0,0.0,-0.5800083159463822,-0.8732135738564324,-2.4594552352335217,-0.6958476374287489,-0.8039307322146453,-2.3496663523648555,0.0,0.0,0.0
13.449999999999758,0.0,0.0,0.7008727893757377,0.0,0.0,0.0,0.0,0.0,0.0,-0.5590955986447421,-0.8804192531329433,-2.4764502643679522,-0.6777083132398978,-0.8124247425839182,-2.3665758875617358,0.0,0.0,0.0
13.459999999999757,0.0,0.0,0.6952247617407907,0.0,0.0,0.0,0.0,0.0,0.0,-0.5379187477539951,-0.8874741999548474,-2.493485192479599,-0.6592694789175728,-0.8208042175502483,-2.3835549188379304,0.0,0.0,0.0
13.469999999999757,0.0,0.0,0.6890581271187981,0.0,0.0,0.0,0.0,0.0,0.0,-0.5164921919630825,-0.8943716687522762,-2.510555113973036,-0.6405446851334022,-0.8290651446269178,-2.400598828726054,0.0,0.0,0.0
13.479999999999757,0.0,0.0,0.6823798566757949,0.0,0.0,0.0,0.0,0.0,0.0,-0.4948306505313165,-0.9011049860484657,-2.5276552100327336,-0.6215478411847092,-0.83720323616237,-2.4177036077472818,0.0,0.0,0.0
13.489999999999757,0.0,0.0,0.6751973611405373,0.0,0.0,0.0,0.0,0.0,0.0,-0.4729490956077449,-0.9076675245090642,-2.5447805698909076,-0.6022931198394004,-0.8452137445344747,-2.434864954209398,0.0,0.0,0.0
13.499999999999757,0.0,0.0,0.6675184835848922,0.0,0.0,0.0,0.0,0.0,0.0,-0.45086274256393066,-0.9140527662131293,-2.561926238146982,-0.5827949702787651,-0.853091579012174,-2.452078495723804,0.0,0.0,0.0
13.509999999999756,0.0,0.0,0.6593514920265068,0.0,0.0,0.0,0.0,0.0,0.0,-0.4285870326637846,-0.9202543562134573,-2.579087208201137,-0.5630681037271236,-0.860831341576356,-2.4693397412674734,0.0,0.0,0.0
13.519999999999756,0.0,0.0,0.6507050716266254,0.0,0.0,0.0,0.0,0.0,0.0,-0.4061376164523829,-0.9262661682497471,-2.5962584287431953,-0.5431274837824879,-0.8684273775701392,-2.4866440960366067,0.0,0.0,0.0
13.529999999999756,0.0,0.0,0.6415883162462357,0.0,0.0,0.0,0.0,0.0,0.0,-0.3835303358381683,-0.9320823752248741,-2.6134348074574807,-0.5229883141239643,-0.8758738214987747,-2.503986860226676,0.0,0.0,0.0
13.539999999999756,0.0,0.0,0.6320107191483162,0.0,0.0,0.0,0.0,0.0,0.0,-0.3607812053232693,-0.9376975236963334,-2.6306112158893846,-0.502666025466188,-0.8831646453387586,-2.5213632310149,0.0,0.0,0.0
13.549999999999756,0.0,0.0,0.6219821626578319,0.0,0.0,0.0,0.0,0.0,0.0,-0.33790639226521235,-0.9431066096755849,-2.6477824946875654,-0.4821762614412262,-0.8902937095810721,-2.5387683035596558,0.0,0.0,0.0
13.559999999999755,0.0,0.0,0.6115129066249264,0.0,0.0,0.0,0.0,0.0,0.0,-0.3149221962066011,-0.9483051531801729,-2.6649434595518047,-0.4615348635811119,-0.897254818342271,-2.556197072443994,0.0,0.0,0.0
13.569999999999755,0.0,0.0,0.6006135755798703,0.0,0.0,0.0,0.0,0.0,0.0,-0.2918450272998798,-0.9532892687254346,-2.682088907916551,-0.4407578554423031,-0.9040417790158504,-2.5736444336497515,0.0,0.0,0.0
13.579999999999755,0.0,0.0,0.5892951445212051,0.0,0.0,0.0,0.0,0.0,0.0,-0.26869138392743674,-0.9580557289225275,-2.6992136264195374,-0.41986142593151365,-0.910648466549893,-2.591105187465497,0.0,0.0,0.0
13.589999999999755,0.0,0.0,0.57756892389673,0.0,0.0,0.0,0.0,0.0,0.0,-0.24547785378994735,-0.9626020186199007,-2.7163123964306806,-0.3988619118706082,-0.9170688919382166,-2.608574042636536,0.0,0.0,0.0
13.599999999999755,0.0,0.0,0.565446544780027,0.0,0.0,0.0,0.0,0.0,0.0,-0.2222211871309554,-0.9669263783960558,-2.7333799953595896,-0.37777577520230415,-0.9232972740121419,-2.6260456227912754,0.0,0.0,0.0
13.609999999999754,0.0,0.0,0.5529399421257298,0.0,0.0,0.0,0.0,0.0,0.0,-0.19893835829633355,-0.9710278361936906,-2.750411208631701,-0.35661956540526535,-0.9293281124446895,-2.6435144744207912,0.0,0.0,0.0
13.619999999999754,0.0,0.0,0.5400613352489352,0.0,0.0,0.0,0.0,0.0,0.0,-0.1756465611396969,-0.9749062209879202,-2.7674008463114714,-0.3354098915670864,-0.9351562596293385,-2.6609750693687864,0.0,0.0,0.0
13.629999999999754,0.0,0.0,0.5268232073552481,0.0,0.0,0.0,0.0,0.0,0.0,-0.15236319750412863,-0.9785621568881595,-2.784343752858118,-0.31416343136073493,-0.9407769933434917,-2.6784218100545556,0.0,0.0,0.0
13.639999999999754,0.0,0.0,0.5132382845342182,0.0,0.0,0.0,0.0,0.0,0.0,-0.12910586382245248,-0.9819970409419554,-2.8012348179581092,-0.29289693897889996,-0.9461860879935925,-2.695849045295232,0.0,0.0,0.0
13.649999999999753,0.0,0.0,0.4993195145271798,0.0,0.0,0.0,0.0,0.0,0.0,-0.10589233536912879,-0.985213004694037,-2.818068986677624,-0.27162724901654883,-0.951379878934689,-2.713251086385346,0.0,0.0,0.0
13.659999999999753,0.0,0.0,0.48508004559025136,0.0,0.0,0.0,0.0,0.0,0.0,-0.08274054791466345,-0.98821286088556,-2.8348412690104254,-0.25037127681924426,-0.9563553182753823,-2.7306222249223406,0.0,0.0,0.0
13.669999999999753,0.0,0.0,0.4705332057674989,0.0,0.0,0.0,0.0,0.0,0.0,-0.05966857655999602,-0.9910000371279528,-2.8515467484648918,-0.22914601554332392,-0.9611100201299086,-2.7479567515869845,0.0,0.0,0.0
13.679999999999753,0.0,0.0,0.4556924828666834,0.0,0.0,0.0,0.0,0.0,0.0,-0.036694611637037244,-0.9935784989076959,-2.8681805894796497,-0.20796853010561384,-0.9656422937405958,-2.7652489755363954,0.0,0.0,0.0
13.689999999999753,0.0,0.0,0.44057150539320294,0.0,0.0,0.0,0.0,0.0,0.0,-0.013836931674936714,-0.9959526645962953,-2.8847380434824954,-0.18685594811581857,-0.9699511632682338,-2.7824932438782635,0.0,0.0,0.0
13.699999999999752,0.0,0.0,0.4251840246513189,0.0,0.0,0.0,0.0,0.0,0.0,0.008886126326388855,-0.9981273153033197,-2.9012144534631403,-0.16582544783903405,-0.9740363735495462,-2.799683960698645,0.0,0.0,0.0
13.709999999999752,0.0,0.0,0.4095438981676108,0.0,0.0,0.0,0.0,0.0,0.0,0.031456198818299974,-1.0001075024117174,-2.917605256994947,-0.14489424319578245,-0.9778983816542994,-2.8168156051175957,0.0,0.0,0.0
13.719999999999752,0.0,0.0,0.3936650745244027,0.0,0.0,0.0,0.0,0.0,0.0,0.05385492975972883,-1.0018984554837544,-2.9339059877703133,-0.12407956579035073,-0.9815383346128198,-2.833882747880475,0.0,0.0,0.0
13.729999999999752,0.0,0.0,0.37756157963255915,0.0,0.0,0.0,0.0,0.0,0.0,0.07606400686185144,-1.0035054929340088,-2.9501122757280687,-0.10339864411057005,-0.9849580341936133,-2.8508800660339553,0.0,0.0,0.0
13.739999999999752,0.0,0.0,0.36124750442868925,0.0,0.0,0.0,0.0,0.0,0.0,0.09806519948152359,-1.0049339375122992,-2.966219845839083,-0.08286868015357217,-0.9881598900732291,-2.867802355371571,0.0,0.0,0.0
13.749999999999751,0.0,0.0,0.34473699393526563,0.0,0.0,0.0,0.0,0.0,0.0,0.11984039751825226,-1.006189038252935,-2.9822245157103016,-0.06250682354839322,-0.9911468630901862,-2.884644540464263,0.0,0.0,0.0
13.759999999999751,0.0,0.0,0.3280442375822856,0.0,0.0,0.0,0.0,0.0,0.0,0.1413716507587952,-1.0072759001137346,-2.9981221921952117,-0.04233014328621089,-0.9939224005064158,-2.901401682133088,0.0,0.0,0.0
13.76999999999975,0.0,0.0,0.31118346066011565,0.0,0.0,0.0,0.0,0.0,0.0,0.1626412081156916,-1.0081994221058928,-3.0139088672021614,-0.022355597287698713,-0.9964903653479273,-2.918068982330974,0.0,0.0,0.0
13.77999999999975,0.0,0.0,0.2941654609867007,0.0,0.0,0.0,0.0,0.0,0.0,0.1840248048999551,-1.0089644430853415,-3.0296141486074024,0.026147398292273496,-0.9988549619359192,-2.9346417865079166,0.0,0.0,0.0
13.78999999999975,0.0,0.0,0.2770059615564588,0.0,0.0,0.0,0.0,0.0,0.0,0.2054254739334398,-1.009563814576703,-3.0451896967434573,0.04262420853201407,-1.0010206199148617,-2.9511063350154494,0.0,0.0,0.0
13.79999999999975,0.0,0.0,0.25972325412046404,0.0,0.0,0.0,0.0,0.0,0.0,0.22636981751955432,-1.0100078040391383,-3.0606074956205123,0.05984033662792887,-1.0030006112239014,-2.9674898299350536,0.0,0.0,0.0
13.80999999999975,0.0,0.0,0.2423310408819489,0.0,0.0,0.0,0.0,0.0,0.0,0.2468792019671744,-1.010314101983544,-3.075908195636182,0.07787649474892136,-1.0047920670920858,-2.983790957619894,0.0,0.0,0.0
13.81999999999975,0.0,0.0,0.22484316136400567,0.0,0.0,0.0,0.0,0.0,0.0,0.26697473308303743,-1.0104803340802984,-3.091078133707548,0.09659328128511549,-1.0063885788418097,-2.99995830424265,0.0,0.0,0.0
13.82999999999975,0.0,0.0,0.20727360334129485,0.0,0.0,0.0,0.0,0.0,0.0,0.28666941833070037,-1.010508676728266,-3.1061160980468694,0.1158592218392801,-1.0078021050549437,-3.0160039955945854,0.0,0.0,0.0
13.83999999999975,0.0,0.0,0.18963645889283517,0.0,0.0,0.0,0.0,0.0,0.0,0.3059708876037175,-1.0104003190699093,-3.1210178655921768,0.13555469171458792,-1.0090388260031666,-3.0319243422230815,0.0,0.0,0.0
13.84999999999975,0.0,0.0,0.17194589026445034,0.0,0.0,0.0,0.0,0.0,0.0,0.32488219641252547,-1.0101566379981062,-3.1357799584493464,0.15557005254228437,-1.01010489896616,-3.047718465791843,0.0,0.0,0.0
13.859999999999749,0.0,0.0,0.1542161026681596,0.0,0.0,0.0,0.0,0.0,0.0,0.3434027771463277,-1.0097787961030416,-3.1503987441837227,0.17580506097533502,-1.0110054186205553,-3.063384069412464,0.0,0.0,0.0
13.869999999999749,0.0,0.0,0.13646132221426194,0.0,0.0,0.0,0.0,0.0,0.0,0.36152911986499947,-1.009267758884504,-3.1648706586413207,0.19616818784176282,-1.0117449076030722,-3.078918668288356,0.0,0.0,0.0
13.879999999999749,0.0,0.0,0.11869577750909097,0.0,0.0,0.0,0.0,0.0,0.0,0.3792553412772621,-1.0086242399488672,-3.17919215627946,0.21657608118007757,-1.0123273561164774,-3.0943194472157813,0.0,0.0,0.0
13.889999999999748,0.0,0.0,0.10093368391823646,0.0,0.0,0.0,0.0,0.0,0.0,0.3965736476716757,-1.007848684648729,-3.193359725083359,0.23695305307109782,-1.012756314356628,-3.1095834090363788,0.0,0.0,0.0
13.899999999999748,0.0,0.0,0.08318922977190221,0.0,0.0,0.0,0.0,0.0,0.0,0.4134747225928619,-1.006941259934834,-3.2073698849182843,0.25723058212971306,-1.0130349351530312,-3.1247074230314125,0.0,0.0,0.0
13.909999999999748,0.0,0.0,0.06547656399152056,0.0,0.0,0.0,0.0,0.0,0.0,0.4299480557708273,-1.0059018540804692,-3.2212191891061166,0.277346814909007,-1.0131660045202247,-3.1396882753651587,0.0,0.0,0.0
13.919999999999748,0.0,0.0,0.047809784756659916,0.0,0.0,0.0,0.0,0.0,0.0,0.4459822269729974,-1.0047300824108931,-3.234904224618395,0.2972460640719091,-1.0131519600062882,-3.1545227026012106,0.0,0.0,0.0
13.929999999999747,0.0,0.0,0.03020292893015354,0.0,0.0,0.0,0.0,0.0,0.0,0.46156515437813406,-1.0034252977787692,-3.2484216121346057,0.3168783056807002,-1.0129949029851575,-3.1692074170340003,0.0,0.0,0.0
13.939999999999747,0.0,0.0,0.012669962028901093,0.0,0.0,0.0,0.0,0.0,0.0,0.4766843143994943,-1.0019866044755736,-3.2617680057757816,0.33619868154054194,-1.0126966075379698,-3.1837391248045117,0.0,0.0,0.0
13.949999999999747,0.0,0.0,-0.0047752314230226165,0.0,0.0,0.0,0.0,0.0,0.0,0.491326937736668,-1.0004128746975876,-3.2749400926522987,0.3551670138752361,-1.0122585280145522,-3.1981145388492207,0.0,0.0,0.0
13.959999999999747,0.0,0.0,-0.022118837868433935,0.0,0.0,0.0,0.0,0.0,0.0,0.5055252284240521,-0.9987028083307252,-3.2879376023139444,0.3737473397423297,-1.0116818065283284,-3.212330387887414,0.0,0.0,0.0
13.969999999999747,0.0,0.0,-0.03934711336509933,0.0,0.0,0.0,0.0,0.0,0.0,0.5192654247217867,-0.9968538968651437,-3.3007538744249194,0.39189873914677587,-1.0109672720259466,-3.2263825977615976,0.0,0.0,0.0
13.979999999999746,0.0,0.0,-0.056446482471325006,0.0,0.0,0.0,0.0,0.0,0.0,0.5324885288758212,-0.994864743815409,-3.3133832509767047,0.4095913489491222,-1.0101161973904496,-3.2402705993798073,0.0,0.0,0.0
13.989999999999746,0.0,0.0,-0.0734034849577706,0.0,0.0,0.0,0.0,0.0,0.0,0.5451821301259704,-0.9927346167812439,-3.3258258935684673,0.4268253697248114,-1.0091283528415167,-3.253991870761187,0.0,0.0,0.0
13.999999999999746,0.0,0.0,-0.09020478536907331,0.0,0.0,0.0,0.0,0.0,0.0,0.557334835182183,-0.9904612253121061,-3.3380779074198226,0.4435754493446387,-1.0080027699561485,-3.2675394169653353,0.0,0.0,0.0
14.009999999999746,0.0,0.0,-0.10683718409512785,0.0,0.0,0.0,0.0,0.0,0.0,0.5689356417987111,-0.9880424858781103,-3.3501363611274972,0.4598184887964307,-1.0067395980028793,-3.2809110945617133,0.0,0.0,0.0
14.019999999999746,0.0,0.0,-0.12328762702204896,0.0,0.0,0.0,0.0,0.0,0.0,0.5799741034052497,-0.9854761621688226,-3.3619981235914587,0.4755338549567714,-1.0053383919685523,-3.2941036646299278,0.0,0.0,0.0
14.029999999999745,0.0,0.0,-0.13954321528240643,0.0,0.0,0.0,0.0,0.0,0.0,0.5904403856364491,-0.9827599760564953,-3.373660144794246,0.49070305540118925,-1.0037985197087589,-3.307114164118462,0.0,0.0,0.0
14.039999999999745,0.0,0.0,-0.15559121511378937,0.0,0.0,0.0,0.0,0.0,0.0,0.6003253314028919,-0.9798916051591422,-3.3851193889108413,0.5053095256378446,-1.0021190958947879,-3.319939577278743,0.0,0.0,0.0
14.049999999999745,0.0,0.0,-0.17141906784788596,0.0,0.0,0.0,0.0,0.0,0.0,0.6096205069568746,-0.976868707290171,-3.3963728511125453,0.519338431595079,-1.0002990284312099,-3.332576915688431,0.0,0.0,0.0
14.059999999999745,0.0,0.0,-0.1870144000249426,0.0,0.0,0.0,0.0,0.0,0.0,0.6183182367376372,-0.9736889379730123,-3.407417554472853,0.5327765069891206,-0.998337036889399,-3.3450231995816724,0.0,0.0,0.0
14.069999999999744,0.0,0.0,-0.20236337736337204,0.0,0.0,0.0,0.0,0.0,0.0,0.6264117198851122,-0.9703050659123158,-3.418264602413484,0.545611916267183,-0.9962316768062642,-3.3572754625271677,0.0,0.0,0.0
14.079999999999744,0.0,0.0,-0.21745412878823056,0.0,0.0,0.0,0.0,0.0,0.0,0.6338956877425668,-0.9667188461252239,-3.428893191341876,0.5578341220885046,-0.9939920188074078,-3.369326925581749,0.0,0.0,0.0
14.089999999999744,0.0,0.0,-0.23227685639708545,0.0,0.0,0.0,0.0,0.0,0.0,0.6407642425392932,-0.9629828299891328,-3.4392892476891888,0.5694332662342507,-0.9916183568437686,-3.381187482509877,0.0,0.0,0.0
14.099999999999744,0.0,0.0,-0.24682004921099188,0.0,0.0,0.0,0.0,0.0,0.0,0.6470118307532413,-0.9590984485317522,-3.4494678387398356,0.5804017350813943,-0.9890728421421513,-3.392856244057333,0.0,0.0,0.0
14.109999999999744,0.0,0.0,-0.2610723953482606,0.0,0.0,0.0,0.0,0.0,0.0,0.6526350973608916,-0.9550598607547776,-3.4594223064342677,0.5907331846641868,-0.9863569707858839,-3.404310666791012,0.0,0.0,0.0
14.119999999999743,0.0,0.0,-0.2750228297062468,0.0,0.0,0.0,0.0,0.0,0.0,0.6576311253733617,-0.9508632499351752,-3.4691509376703142,0.6004211342957013,-0.9834773703516919,-3.415553625227293,0.0,0.0,0.0
14.129999999999743,0.0,0.0,-0.28866054475501174,0.0,0.0,0.0,0.0,0.0,0.0,0.6619977953111623,-0.9465048667915097,-3.4786508484524346,0.609460398321996,-0.9804371901042281,-3.4265820005696006,0.0,0.0,0.0
14.139999999999743,0.0,0.0,-0.3019750009367267,0.0,0.0,0.0,0.0,0.0,0.0,0.6657336748303888,-0.9419814287732673,-3.487919459905961,0.6178467037398173,-0.9772384534505197,-3.437393897128456,0.0,0.0,0.0
14.149999999999743,0.0,0.0,-0.3149559368238008,0.0,0.0,0.0,0.0,0.0,0.0,0.6688380163857367,-0.9372899703192288,-3.4969541524343875,0.6255767183043323,-0.9738819718857443,-3.447986959699471,0.0,0.0,0.0
14.159999999999743,0.0,0.0,-0.3275933791671146,0.0,0.0,0.0,0.0,0.0,0.0,0.6713107257426358,-0.9324278369986407,-3.5057523546693985,0.6326479868129813,-0.9703677386858294,-3.4583588155157705,0.0,0.0,0.0
14.169999999999742,0.0,0.0,-0.3398776527842326,0.0,0.0,0.0,0.0,0.0,0.0,0.6731524036188445,-0.9273926695062666,-3.514311527871296,0.6390588945559741,-0.9666951269178089,-3.4685070008300207,0.0,0.0,0.0
14.179999999999742,0.0,0.0,-0.3517993902441584,0.0,0.0,0.0,0.0,0.0,0.0,0.6743644327539948,-0.9221824113904251,-3.5226291748387526,0.6448086131637922,-0.9628630671560158,-3.4784290046681474,0.0,0.0,0.0
14.189999999999742,0.0,0.0,-0.3633495412685917,0.0,0.0,0.0,0.0,0.0,0.0,0.674948973932297,-0.9167953015028898,-3.530702842594151,0.6498970380821812,-0.9588701772455789,-3.488122279954405,0.0,0.0,0.0
14.199999999999742,0.0,0.0,-0.3745193818205793,0.0,0.0,0.0,0.0,0.0,0.0,0.6749088893181646,-0.9112298550109825,-3.538530126199054,0.6543247741062829,-0.9547148748050763,-3.497584258824679,0.0,0.0,0.0
14.209999999999742,0.0,0.0,-0.38530052290052685,0.0,0.0,0.0,0.0,0.0,0.0,0.6742476675256555,-0.9054848462801055,-3.546108671942289,0.6580931542065854,-0.9503954736141941,-3.5068123641709925,0.0,0.0,0.0
14.219999999999741,0.0,0.0,-0.39568491905093583,0.0,0.0,0.0,0.0,0.0,0.0,0.6729693555222401,-0.8995592940961927,-3.55343618035278,0.6612042435350215,-0.9459102587869372,-3.5158040199242073,0.0,0.0,0.0
14.229999999999741,0.0,0.0,-0.40566487655067984,0.0,0.0,0.0,0.0,0.0,0.0,0.6710784970843315,-0.8934524485748963,-3.5605104089767217,0.6636608287704705,-0.9412575445342126,-3.5245566599005165,0.0,0.0,0.0
14.23999999999974,0.0,0.0,-0.41523306128268855,0.0,0.0,0.0,0.0,0.0,0.0,0.6685800776687372,-0.8871637793258951,-3.5673291749556055,0.6654663962070024,-0.9364357183046659,-3.533067735566253,0.0,0.0,0.0
14.24999999999974,0.0,0.0,-0.42438250626211543,0.0,0.0,0.0,0.0,0.0,0.0,0.665479475572938,-0.8806929645639108,-3.573890357414817,0.6666251014571524,-0.9314432742067164,-3.5413347228971475,0.0,0.0,0.0
14.25999999999974,0.0,0.0,-0.43310661881467105,0.0,0.0,0.0,0.0,0.0,0.0,0.6617824192023014,-0.8740398809499692,-3.580191899676103,0.6671417332007631,-0.9262788379682918,-3.5493551284901654,0.0,0.0,0.0
14.26999999999974,0.0,0.0,-0.4413991873970822,0.0,0.0,0.0,0.0,0.0,0.0,0.6574949503671375,-0.8672045940519881,-3.586231811304458,0.6670216730769954,-0.9209411852002759,-3.5571264950448485,0.0,0.0,0.0
14.27999999999974,0.0,0.0,-0.4492543880534433,0.0,0.0,0.0,0.0,0.0,0.0,0.6526233935057701,-0.8601873493767518,-3.5920081699989104,0.6662708534430898,-0.9154292543367101,-3.5646464063063714,0.0,0.0,0.0
14.28999999999974,0.0,0.0,-0.45666679050250725,0.0,0.0,0.0,0.0,0.0,0.0,0.6471743305767639,-0.8529885639455674,-3.5975191233358683,0.6648957144392555,-0.9097421553323873,-3.5719124915426974,0.0,0.0,0.0
14.29999999999974,0.0,0.0,-0.46363136385197734,0.0,0.0,0.0,0.0,0.0,0.0,0.6411545812252718,-0.8456088183953008,-3.602762890372602,0.6629031616036608,-0.9038791749886501,-3.578922429613421,0.0,0.0,0.0
14.30999999999974,0.0,0.0,-0.47014348193643,0.0,0.0,0.0,0.0,0.0,0.0,0.634571187698842,-0.8380488495854781,-3.607737763117691,0.6603005250788059,-0.8978397796132485,-3.5856739526767054,0.0,0.0,0.0
14.31999999999974,0.0,0.0,-0.4761989282761026,0.0,0.0,0.0,0.0,0.0,0.0,0.6274314038787994,-0.8303095436844719,-3.612442107874449,0.657095521249875,-0.8916236155902516,-3.592164849572416,0.0,0.0,0.0
14.329999999999739,0.0,0.0,-0.48179390065401284,0.0,0.0,0.0,0.0,0.0,0.0,0.6197426877156587,-0.8223919296973579,-3.6168743664625804,0.6532962174564669,-0.88523050833201,-3.5983929689127003,0.0,0.0,0.0
14.339999999999739,0.0,0.0,-0.486925015309162,0.0,0.0,0.0,0.0,0.0,0.0,0.6115126963167641,-0.814297173388141,-3.6210330573226788,0.6489110002222697,-0.878660459999156,-3.604356221906374,0.0,0.0,0.0
14.349999999999739,0.0,0.0,-0.4915893107438063,0.0,0.0,0.0,0.0,0.0,0.0,0.6027492829322603,-0.8060265715413535,-3.6249167765076056,0.6439485472569002,-0.8719136463027192,-3.610052584938996,0.0,0.0,0.0
14.359999999999738,0.0,0.0,-0.4957842511428924,0.0,0.0,0.0,0.0,0.0,0.0,0.5934604951179143,-0.797581546504075,-3.6285241985641568,0.6384178033060925,-0.8649904126405061,-3.6154801019273974,0.0,0.0,0.0
14.369999999999738,0.0,0.0,-0.4995077294039943,0.0,0.0,0.0,0.0,0.0,0.0,0.5836545734131395,-0.7889636409491052,-3.6318540773081853,0.6323279597672911,-0.8578912697667176,-3.6206368864643563,0.0,0.0,0.0
14.379999999999738,0.0,0.0,-0.5027580697762408,0.0,0.0,0.0,0.0,0.0,0.0,0.5733399499515932,-0.7801745128032587,-3.634905246495615,0.6256884378528044,-0.8506168891481002,-3.6255211237668523,0.0,0.0,0.0
14.389999999999738,0.0,0.0,-0.5055342664997022,0.0,0.0,0.0,0.0,0.0,0.0,0.5625069755631389,-0.7712159297661891,-3.6376752665293255,0.6185088749759298,-0.8431680981212805,-3.6301310724393385,0.0,0.0,0.0
14.399999999999737,0.0,0.0,-0.5078354315342648,0.0,0.0,0.0,0.0,0.0,0.0,0.5511714272430193,-0.7620900817895073,-3.6401650503294274,0.6108029977248259,-0.8355458750179926,-3.6344654290725114,0.0,0.0,0.0
14.409999999999737,0.0,0.0,-0.509660884128479,0.0,0.0,0.0,0.0,0.0,0.0,0.5393658836302668,-0.7527987240660647,-3.6423747097195003,0.6025797147364953,-0.8277511145427076,-3.638521336931352,0.0,0.0,0.0
14.419999999999737,0.0,0.0,-0.5110107298045433,0.0,0.0,0.0,0.0,0.0,0.0,0.5270962808719393,-0.7433435114746705,-3.644301369795609,0.5938366588530728,-0.8197853145406144,-3.6422971911422413,0.0,0.0,0.0
14.429999999999737,0.0,0.0,-0.5118855122678964,0.0,0.0,0.0,0.0,0.0,0.0,0.5143689666136078,-0.7337267990526364,-3.6459447082083747,0.5845888232983206,-0.8116501825674546,-3.6457936296769966,0.0,0.0,0.0
14.439999999999737,0.0,0.0,-0.5122862074054211,0.0,0.0,0.0,0.0,0.0,0.0,0.5011911140375067,-0.7239508729589095,-3.6473039372579956,0.5748501082254887,-0.8033470214801761,-3.64900855964539,0.0,0.0,0.0
14.449999999999736,0.0,0.0,-0.5122142234930858,0.0,0.0,0.0,0.0,0.0,0.0,0.48757059374265155,-0.7140181127213232,-3.6483784898574956,0.5646333366339009,-0.7948774337154333,-3.6519406633760956,0.0,0.0,0.0
14.459999999999736,0.0,0.0,-0.5116714008831157,0.0,0.0,0.0,0.0,0.0,0.0,0.4735159219976841,-0.7039309522226476,-3.6491678560881344,0.5539506218090242,-0.7862431472833371,-3.6545885942423157,0.0,0.0,0.0
14.469999999999736,0.0,0.0,-0.5106600111998374,0.0,0.0,0.0,0.0,0.0,0.0,0.4590362035890929,-0.693691886780897,-3.649671620793133,0.5428136092713363,-0.7774460360067088,-3.6569511581748753,0.0,0.0,0.0
14.479999999999736,0.0,0.0,-0.5091827560438404,0.0,0.0,0.0,0.0,0.0,0.0,0.44414108660684737,-0.6833034686340715,-3.6498894538608733,0.5312336767135796,-0.7684880982479769,-3.659027263890725,0.0,0.0,0.0
14.489999999999736,0.0,0.0,-0.507242765233784,0.0,0.0,0.0,0.0,0.0,0.0,0.4288407226518933,-0.672768304497398,-3.6498211117489694,0.519222086518951,-0.759371448190602,-3.660815929138806,0.0,0.0,0.0
14.499999999999735,0.0,0.0,-0.5048435946046334,0.0,0.0,0.0,0.0,0.0,0.0,0.41314573215231687,-0.6620890522018401,-3.6494664364083955,0.50679010406557,-0.7500983063594114,-3.6623162748797453,0.0,0.0,0.0
14.509999999999735,0.0,0.0,-0.5019892233801725,0.0,0.0,0.0,0.0,0.0,0.0,0.397067173397609,-0.651268417260829,-3.648825354848146,0.49394908811783533,-0.740670991905467,-3.663527523205136,0.0,0.0,0.0
14.519999999999735,0.0,0.0,-0.4986840511348335,0.0,0.0,0.0,0.0,0.0,0.0,0.380616514486557,-0.640309149289163,-3.6478978785590828,0.4807105592803905,-0.7310919156544786,-3.6644489950698693,0.0,0.0,0.0
14.529999999999735,0.0,0.0,-0.49493289435793486,0.0,0.0,0.0,0.0,0.0,0.0,0.36380560750507174,-0.629214038388215,-3.6466841029680133,0.46708625100614576,-0.721363573848573,-3.665080108603761,0.0,0.0,0.0
14.539999999999734,0.0,0.0,-0.4907409826316415,0.0,0.0,0.0,0.0,0.0,0.0,0.3466466644270554,-0.6179859115478816,-3.6451842068718308,0.4530881467687877,-0.7114885423802922,-3.6654203776959564,0.0,0.0,0.0
14.549999999999734,0.0,0.0,-0.4861142813484553,0.0,0.0,0.0,0.0,0.0,0.0,0.3291320921973502,-0.6066276357632092,-3.6433965493659226,0.43872850624651377,-0.7014694714113684,-3.665469410824595,0.0,0.0,0.0
14.559999999999734,0.0,0.0,-0.48105894299319135,0.0,0.0,0.0,0.0,0.0,0.0,0.31126816388578504,-0.595142459619713,-3.641322787148776,0.4240238415754308,-0.6913090789766221,-3.665227419164052,0.0,0.0,0.0
14.569999999999734,0.0,0.0,-0.47558121194629394,0.0,0.0,0.0,0.0,0.0,0.0,0.2930802048440242,-0.5835333005833614,-3.6389648562890162,0.4089886677020884,-0.6810099035663976,-3.6646927925935144,0.0,0.0,0.0
14.579999999999734,0.0,0.0,-0.46968797518282573,0.0,0.0,0.0,0.0,0.0,0.0,0.2745786234420915,-0.5718028077370509,-3.636321614841738,0.39362633023345545,-0.6705748686853298,-3.6638645051998773,0.0,0.0,0.0
14.589999999999733,0.0,0.0,-0.46338651449382445,0.0,0.0,0.0,0.0,0.0,0.0,0.25577355533834734,-0.559954039097937,-3.633393942398336,0.37794970413096046,-0.6600071390474243,-3.6627442538928543,0.0,0.0,0.0
14.599999999999733,0.0,0.0,-0.4566844955184328,0.0,0.0,0.0,0.0,0.0,0.0,0.23667524052705935,-0.5479899856408723,-3.6301823554673307,0.36197187257684543,-0.6493095881573177,-3.6613315619930202,0.0,0.0,0.0
14.609999999999733,0.0,0.0,-0.449589960301426,0.0,0.0,0.0,0.0,0.0,0.0,0.21729398179503767,-0.5359136690160031,-3.6266875535310885,0.3457058778699333,-0.6384852181704663,-3.659626550547116,0.0,0.0,0.0
14.619999999999733,0.0,0.0,-0.4421113192819715,0.0,0.0,0.0,0.0,0.0,0.0,0.19764017656252308,-0.5237281153967399,-3.6229102907893678,0.3291647844309441,-0.6275370635948438,-3.65762930603173,0.0,0.0,0.0
14.629999999999733,0.0,0.0,-0.4342573427578722,0.0,0.0,0.0,0.0,0.0,0.0,0.17772434052954544,-0.5114363581021273,-3.6188514067050166,0.31236168756435634,-0.6164682072916945,-3.655340029013524,0.0,0.0,0.0
14.639999999999732,0.0,0.0,-0.4260371518213022,0.0,0.0,0.0,0.0,0.0,0.0,0.1575571429142093,-0.4990414337276803,-3.6145118194399473,0.29530973385431764,-0.6052817711406235,-3.652758999548734,0.0,0.0,0.0
14.649999999999732,0.0,0.0,-0.4174602087975992,0.0,0.0,0.0,0.0,0.0,0.0,0.13714944819250063,-0.4865463799298593,-3.6098925281737415,0.2780221391179285,-0.5939809129663639,-3.649886586115083,0.0,0.0,0.0
14.659999999999732,0.0,0.0,-0.4085363072235959,0.0,0.0,0.0,0.0,0.0,0.0,0.11651236476753768,-0.47395423302240136,-3.604994613466131,0.2605122087208527,-0.582568822421145,-3.6467232448076157,0.0,0.0,0.0
14.669999999999732,0.0,0.0,-0.399275561415027,0.0,0.0,0.0,0.0,0.0,0.0,0.09565729918684629,-0.461268025839646,-3.599819238152695,0.24279336035426263,-0.5710487174435424,-3.64326952130412,0.0,0.0,0.0
14.679999999999731,0.0,0.0,-0.3896883956840986,0.0,0.0,0.0,0.0,0.0,0.0,0.07459601442259567,-0.44849078579590085,-3.594367648116668,0.22487915023721144,-0.5594238408820594,-3.6395260526423976,0.0,0.0,0.0
14.689999999999731,0.0,0.0,-0.3797803273487694,0.0,0.0,0.0,0.0,0.0,0.0,0.053340618356268577,-0.43554801233344587,-3.5886518964286473,0.20678330323765326,-0.5476974573451219,-3.635493569460505,0.0,0.0,0.0
14.699999999999731,0.0,0.0,-0.36956273881522217,0.0,0.0,0.0,0.0,0.0,0.0,0.03190507440689716,-0.4224416469744019,-3.582661047418989,0.1885197601389057,-0.5358888450020008,-3.63116999239092,0.0,0.0,0.0
14.70999999999973,0.0,0.0,-0.3590522810624051,0.0,0.0,0.0,0.0,0.0,0.0,0.010302192417459555,-0.40925286835568286,-3.5763883678888977,0.1701020091074495,-0.5240033554913686,-3.626565636052622,0.0,0.0,0.0
14.71999999999973,0.0,0.0,-0.3482605092283615,0.0,0.0,0.0,0.0,0.0,0.0,-0.011455694756197676,-0.39598566098518484,-3.5698470697422953,0.15154493362211424,-0.5119971691992773,-3.6216835812451973,0.0,0.0,0.0
14.72999999999973,0.0,0.0,-0.33719920052495395,0.0,0.0,0.0,0.0,0.0,0.0,-0.03335381098851409,-0.38264150653204543,-3.5630362539542966,0.13286417192141353,-0.4998775404678096,-3.61651189752218,0.0,0.0,0.0
14.73999999999973,0.0,0.0,-0.3258803933561209,0.0,0.0,0.0,0.0,0.0,0.0,-0.055377134624441826,-0.369222471302898,-3.555958321949802,0.11407454463552326,-0.48765265392356755,-3.611055209386343,0.0,0.0,0.0
14.74999999999973,0.0,0.0,-0.3143163735423256,0.0,0.0,0.0,0.0,0.0,0.0,-0.07750987996942205,-0.3557306507231186,-3.548614992134934,0.09519160006153095,-0.475329353942725,-3.6053144372017076,0.0,0.0,0.0
14.75999999999973,0.0,0.0,-0.30251966146554393,0.0,0.0,0.0,0.0,0.0,0.0,-0.09973561267154851,-0.3421682579219061,-3.5410082334160773,0.07623132490803036,-0.4629137877196272,-3.5992914341795474,0.0,0.0,0.0
14.76999999999973,0.0,0.0,-0.29050299993128376,0.0,0.0,0.0,0.0,0.0,0.0,-0.12203723442451464,-0.3285375741084824,-3.5331400445713372,0.057210265957350286,-0.45041146752422756,-3.5929879136432783,0.0,0.0,0.0
14.77999999999973,0.0,0.0,-0.2782793427370199,0.0,0.0,0.0,0.0,0.0,0.0,-0.14439702019429368,-0.31484093798947144,-3.525012503173152,0.03814555352121413,-0.4378274204147209,-3.5864057118752117,0.0,0.0,0.0
14.78999999999973,0.0,0.0,-0.265861843775872,0.0,0.0,0.0,0.0,0.0,0.0,-0.1667966638020466,-0.30108073244571165,-3.5166277506204775,0.019054944145738488,-0.4251662833279954,-3.579546734395008,0.0,0.0,0.0
14.799999999999729,0.0,0.0,-0.25327034743847154,0.0,0.0,0.0,0.0,0.0,0.0,-0.18970720869059354,-0.28725851538368197,-3.5079178249181,-0.026581791961888233,-0.4124323832702853,-3.572412973318261,0.0,0.0,0.0
14.809999999999729,0.0,0.0,-0.2405168079451952,0.0,0.0,0.0,0.0,0.0,0.0,-0.2130477610787087,-0.27338298021150287,-3.4989658391631764,-0.04298014860744385,-0.39962997173900056,-3.56502536002734,0.0,0.0,0.0
14.819999999999729,0.0,0.0,-0.22760749809902114,0.0,0.0,0.0,0.0,0.0,0.0,-0.23624943780022645,-0.2594542401389751,-3.4898333411981,-0.06027195153174356,-0.3867591271896066,-3.5573254259305673,0.0,0.0,0.0
14.829999999999728,0.0,0.0,-0.21455668152793797,0.0,0.0,0.0,0.0,0.0,0.0,-0.2593060106793943,-0.24546767654370127,-3.480438166417349,-0.07860553672761925,-0.3738262120924082,-3.5492987893422296,0.0,0.0,0.0
14.839999999999728,0.0,0.0,-0.20137875866488164,0.0,0.0,0.0,0.0,0.0,0.0,-0.2822261762312641,-0.2314281879286224,-3.470801185935293,-0.09787304387346164,-0.36083957169097675,-3.5410409662261535,0.0,0.0,0.0
14.849999999999728,0.0,0.0,-0.18808819517661876,0.0,0.0,0.0,0.0,0.0,0.0,-0.3050124111200636,-0.21733853735522057,-3.460919723775035,-0.1179626551474763,-0.34780029371288873,-3.532528163703308,0.0,0.0,0.0
14.859999999999728,0.0,0.0,-0.1746995108682182,0.0,0.0,0.0,0.0,0.0,0.0,-0.3276652754589424,-0.20320182711600743,-3.450796888906183,-0.13877091406433353,-0.33471131156470096,-3.5237648549663154,0.0,0.0,0.0
14.869999999999727,0.0,0.0,-0.16122726973571871,0.0,0.0,0.0,0.0,0.0,0.0,-0.35018237096549587,-0.18902097487576663,-3.4404346678060165,-0.16019984285682543,-0.32157540769562815,-3.5147495636947483,0.0,0.0,0.0
14.879999999999727,0.0,0.0,-0.14768607224150423,0.0,0.0,0.0,0.0,0.0,0.0,-0.37255872012720603,-0.17479885358474934,-3.429835508434069,-0.1821575226206576,-0.30839558817266804,-3.505482849551493,0.0,0.0,0.0
14.889999999999727,0.0,0.0,-0.13409054861442388,0.0,0.0,0.0,0.0,0.0,0.0,-0.39478692011766636,-0.16053828327742237,-3.4190019161748038,-0.20455782692296318,-0.2951749496248538,-3.4959653921560814,0.0,0.0,0.0
14.899999999999727,0.0,0.0,-0.12045535258820245,0.0,0.0,0.0,0.0,0.0,0.0,-0.41685743216408744,-0.1462420534516386,-3.4079365178248113,-0.22732032816844305,-0.2819166694236556,-3.4861983887040693,0.0,0.0,0.0
14.909999999999727,0.0,0.0,-0.10679512058893594,0.0,0.0,0.0,0.0,0.0,0.0,-0.4387539174295523,-0.13191293337855414,-3.3966428788903236,-0.2503701169816004,-0.2686239790230877,-3.476183404563472,0.0,0.0,0.0
14.919999999999726,0.0,0.0,-0.0931245442986048,0.0,0.0,0.0,0.0,0.0,0.0,-0.46046321002597224,-0.11755365984560157,-3.385122927775736,-0.2736385007658155,-0.2553001497627857,-3.4659221175353307,0.0,0.0,0.0
14.929999999999726,0.0,0.0,-0.07945834570538658,0.0,0.0,0.0,0.0,0.0,0.0,-0.4819762434857753,-0.10316703123276105,-3.3733787123264496,-0.29706120639676015,-0.2419484999433832,-3.4554174347614843,0.0,0.0,0.0
14.939999999999726,0.0,0.0,-0.06581120251003357,0.0,0.0,0.0,0.0,0.0,0.0,-0.5032785556658128,-0.08875587599907692,-3.3614139372463696,-0.32057583989519356,-0.22857233480718353,-3.4446721010979586,0.0,0.0,0.0
14.949999999999726,0.0,0.0,-0.0521977730702689,0.0,0.0,0.0,0.0,0.0,0.0,-0.5243548632068882,-0.07432300334115424,-3.3492312769626267,-0.34412716726851755,-0.21517497525167698,-3.4336877454225285,0.0,0.0,0.0
14.959999999999726,0.0,0.0,-0.03863268464463287,0.0,0.0,0.0,0.0,0.0,0.0,-0.5451895844100738,-0.05987125883980221,-3.3368336605170463,-0.36766441720907334,-0.201759792184933,-3.422467399994524,0.0,0.0,0.0
14.969999999999725,0.0,0.0,-0.025130520008401675,0.0,0.0,0.0,0.0,0.0,0.0,-0.5657670163618405,-0.045403519097062486,-3.324223964450632,-0.3911408041317247,-0.1883301718235074,-3.4110139467079454,0.0,0.0,0.0
14.979999999999725,0.0,0.0,-0.011705802778554387,0.0,0.0,0.0,0.0,0.0,0.0,-0.58607154856768,-0.03092269630265343,-3.311405075893768,-0.41451328919759656,-0.17488952546896494,-3.3993304361251293,0.0,0.0,0.0
14.989999999999725,0.0,0.0,0.0016270184582165307,0.0,0.0,0.0,0.0,0.0,0.0,-0.6060878312203111,-0.016431739251899277,-3.298379870264427,-0.4377423024453366,-0.16144129190111176,-3.387419978935691,0.0,0.0,0.0
14.999999999999725,0.0,0.0,0.014853587089786475,0.0,0.0,0.0,0.0,0.0,0.0,-0.625800919226654,-0.0019336336121735867,-3.2851512101270757,-0.4607914918725518,-0.14798894190026654,-3.375285742679384,0.0,0.0,0.0
15.009999999999724,0.0,0.0,0.02795965666000728,0.0,0.0,0.0,0.0,0.0,0.0,-0.6451492482433858,0.012566689198877698,-3.2714755251136896,-0.4836274863030667,-0.13453598268564015,-3.362930928370181,0.0,0.0,0.0
15.019999999999724,0.0,0.0,0.04093111178358989,0.0,0.0,0.0,0.0,0.0,0.0,-0.6642349122535969,0.027070289271194953,-3.2579420216856003,-0.5062491543989216,-0.12108528429996787,-3.3505597009452948,0.0,0.0,0.0
15.029999999999724,0.0,0.0,0.0537539793384437,0.0,0.0,0.0,0.0,0.0,0.0,-0.682958907009108,0.04157130648486254,-3.2441325398787813,-0.528545394945066,-0.10764238114367405,-3.337605664243173,0.0,0.0,0.0
15.039999999999724,0.0,0.0,0.06641445009895197,0.0,0.0,0.0,0.0,0.0,0.0,-0.7013278420324829,0.056067703237353717,-3.2301474556266996,-0.550561171035284,-0.09420925007765171,-3.3245600636143604,0.0,0.0,0.0
15.049999999999724,0.0,0.0,0.07889889556430528,0.0,0.0,0.0,0.0,0.0,0.0,-0.7193238058687657,0.0705558736773727,-3.215966051678408,-0.5722559459629882,-0.08079020733706019,-3.3113057095914695,0.0,0.0,0.0
15.059999999999723,0.0,0.0,0.09119388316379601,0.0,0.0,0.0,0.0,0.0,0.0,-0.736934843498231,0.085032694565771,-3.2015962545254673,-0.5936121256131305,-0.06738870891296124,-3.2978687226309167,0.0,0.0,0.0
15.069999999999723,0.0,0.0,0.1032861933411722,0.0,0.0,0.0,0.0,0.0,0.0,-0.7541478281734677,0.09949486960399406,-3.1870394523807386,-0.6146090325546599,-0.054008595222825445,-3.2842423755294403,0.0,0.0,0.0
15.079999999999723,0.0,0.0,0.11516283675156457,0.0,0.0,0.0,0.0,0.0,0.0,-0.7709502862959345,0.11393913623997709,-3.1722987311885973,-0.6352288277394399,-0.04065368833922735,-3.2704283644606447,0.0,0.0,0.0
15.089999999999723,0.0,0.0,0.12681107207300998,0.0,0.0,0.0,0.0,0.0,0.0,-0.7873300985893024,0.1283622176401138,-3.1573769167829733,-0.6554548006501915,-0.02732791416587401,-3.256427017953192,0.0,0.0,0.0
15.099999999999723,0.0,0.0,0.1382184242077631,0.0,0.0,0.0,0.0,0.0,0.0,-0.803275705826596,0.14276084850530413,-3.1422770150816053,-0.6752715360174066,-0.014035269091326782,-3.242239513706618,0.0,0.0,0.0
15.109999999999722,0.0,0.0,0.1493461383359639,0.0,0.0,0.0,0.0,0.0,0.0,-0.8187746307750889,0.157508002599539,-3.1269795260531805,-0.6946646755107293,0.024418011005406477,-3.2278672818217333,0.0,0.0,0.0
15.119999999999722,0.0,0.0,0.16018048905608523,0.0,0.0,0.0,0.0,0.0,0.0,-0.8338206013551521,0.17255324545483297,-3.1115086449847547,-0.7136211403931915,0.03477729143250233,-3.2133181109498334,0.0,0.0,0.0
15.129999999999722,0.0,0.0,0.17073849646214526,0.0,0.0,0.0,0.0,0.0,0.0,-0.8484050192850523,0.18747750751967318,-3.095890990053997,-0.7321253181029224,0.045664613339701815,-3.198576108390313,0.0,0.0,0.0
15.139999999999722,0.0,0.0,0.1810090472468713,0.0,0.0,0.0,0.0,0.0,0.0,-0.8625134348858401,0.2022892286586767,-3.080103950117101,-0.7501659685061247,0.05719544500683505,-3.1836332759679076,0.0,0.0,0.0
15.149999999999721,0.0,0.0,0.19098121305905594,0.0,0.0,0.0,0.0,0.0,0.0,-0.8761398582866713,0.21699837496501806,-3.0641565751787985,-0.7677370666085557,0.06929407831842666,-3.168522374571406,0.0,0.0,0.0
15.159999999999721,0.0,0.0,0.20064440841079006,0.0,0.0,0.0,0.0,0.0,0.0,-0.8892776258120367,0.23161243150903288,-3.048050684122127,-0.7848266266331398,0.08189015391558258,-3.153238786589811,0.0,0.0,0.0
15.169999999999721,0.0,0.0,0.2099884301703348,0.0,0.0,0.0,0.0,0.0,0.0,-0.9019214762777708,0.24613729765705683,-3.031789885179874,-0.8014250892361937,0.0949201520209789,-3.1377865927281308,0.0,0.0,0.0
15.17999999999972,0.0,0.0,0.21900349605059904,0.0,0.0,0.0,0.0,0.0,0.0,-0.9140670609796087,0.2605773125955695,-3.0153774493670364,-0.8175234194041613,0.10832629401266318,-3.122167919740044,0.0,0.0,0.0
15.18999999999972,0.0,0.0,0.22768028164747656,0.0,0.0,0.0,0.0,0.0,0.0,-0.925711049849383,0.27493545266278985,-2.9988168131343125,-0.8331135780099778,0.12205607283714452,-3.106385460790737,0.0,0.0,0.0
15.19999999999972,0.0,0.0,0.23600995613310505,0.0,0.0,0.0,0.0,0.0,0.0,-0.9368510819481353,0.2892134463031575,-2.982111461360765,-0.848188427387071,0.13606174516608105,-3.0904418865102725,0.0,0.0,0.0
15.20999999999972,0.0,0.0,0.24398421632425882,0.0,0.0,0.0,0.0,0.0,0.0,-0.9474857410168211,0.3034118802586172,-2.965264956539049,-0.862741771768865,0.15029992117509558,-3.0743399889738336,0.0,0.0,0.0
15.21999999999972,0.0,0.0,0.25159531881695385,0.0,0.0,0.0,0.0,0.0,0.0,-0.9576145151276196,0.3175302864637437,-2.9482809332411968,-0.8767683620175903,0.16473119105676232,-3.0580826526011333,0.0,0.0,0.0
15.22999999999972,0.0,0.0,0.2588361097704715,0.0,0.0,0.0,0.0,0.0,0.0,-0.9672377485308865,0.33156722617240586,-2.9311631003009464,-0.8902639031775513,0.17931978537508048,-3.0416728659249914,0.0,0.0,0.0
15.23999999999972,0.0,0.0,0.26569988125064636,0.0,0.0,0.0,0.0,0.0,0.0,-0.9762690422455877,0.345471920630112,-2.9135358986815634,-0.9032250549116873,0.1940332563020106,-3.0251137236660464,0.0,0.0,0.0
15.24999999999972,0.0,0.0,0.27218066668771124,0.0,0.0,0.0,0.0,0.0,0.0,-0.9848865188563254,0.35933544168286247,-2.8961155220675665,-0.9157131220836761,0.20886781437403673,-3.0087199642505826,0.0,0.0,0.0
15.25999999999972,0.0,0.0,0.27827328991127465,0.0,0.0,0.0,0.0,0.0,0.0,-0.9929813757233035,0.37309486429718963,-2.8784719778152468,-0.9275763959503752,0.22373827062629614,-2.9917665599935015,0.0,0.0,0.0
15.269999999999719,0.0,0.0,0.283973108407411,0.0,0.0,0.0,0.0,0.0,0.0,-1.0005818007662133,0.3867598309808742,-2.860708883586446,-0.938921736618363,0.2386610999451016,-2.974768558448199,0.0,0.0,0.0
15.279999999999719,0.0,0.0,0.2892761795472571,0.0,0.0,0.0,0.0,0.0,0.0,-1.0076853213366626,0.40032179729563055,-2.842804459852889,-0.9497244751853783,0.25360420103043657,-2.9576071528452608,0.0,0.0,0.0
15.289999999999718,0.0,0.0,0.2941792358669887,0.0,0.0,0.0,0.0,0.0,0.0,-1.0142974307524377,0.41377612374119366,-2.8247668594222777,-0.9599913947774039,0.2685498635392768,-2.9403126141518627,0.0,0.0,0.0
15.299999999999718,0.0,0.0,0.2986796948228486,0.0,0.0,0.0,0.0,0.0,0.0,-1.0204223049283416,0.4271167070200428,-2.8065973371774207,-0.9697227627159368,0.28347901911444384,-2.9228799258846765,0.0,0.0,0.0
15.309999999999718,0.0,0.0,0.3027756532643577,0.0,0.0,0.0,0.0,0.0,0.0,-1.0260649627906715,0.4403374016518351,-2.788299013254411,-0.9789213611968688,0.29837491697900764,-2.905312547517188,0.0,0.0,0.0
15.319999999999718,0.0,0.0,0.3064658787729849,0.0,0.0,0.0,0.0,0.0,0.0,-1.0312307012714008,0.45343177745807584,-2.769874813755987,-0.9875902609155217,0.31322196803315105,-2.88761203349905,0.0,0.0,0.0
15.329999999999718,0.0,0.0,0.30974979545282255,0.0,0.0,0.0,0.0,0.0,0.0,-1.0359251845856097,0.46639329261590246,-2.7513279811376443,-0.9957332870707951,0.32800581261035994,-2.869780508430688,0.0,0.0,0.0
15.339999999999717,0.0,0.0,0.3126274653976721,0.0,0.0,0.0,0.0,0.0,0.0,-1.0401543813051788,0.47921536679169474,-2.732661972302792,-1.0033548417253637,0.34271310655301285,-2.8518200891873664,0.0,0.0,0.0
15.349999999999717,0.0,0.0,0.31509956612940404,0.0,0.0,0.0,0.0,0.0,0.0,-1.0439245416089573,0.4918914790650639,-2.7138805000700095,-1.0104598816353256,0.35733140227813,-2.8337330343249714,0.0,0.0,0.0
15.359999999999717,0.0,0.0,0.3171673646900759,0.0,0.0,0.0,0.0,0.0,0.0,-1.0472421685768412,0.5044152575349548,-2.694987537745526,-1.0170538610530566,0.3718490317733734,-2.8155217220315283,0.0,0.0,0.0
15.369999999999717,0.0,0.0,0.31883268907564355,0.0,0.0,0.0,0.0,0.0,0.0,-1.0501139942686946,0.5167805663379053,-2.6759873291549514,-1.0231426857087216,0.3862550146605277,-2.7971886702660878,0.0,0.0,0.0
15.379999999999717,0.0,0.0,0.32009789775832803,0.0,0.0,0.0,0.0,0.0,0.0,-1.0525469576931132,0.5289815864080762,-2.6568843935586135,-1.0287326674017556,0.40053898494006773,-2.7787365480462145,0.0,0.0,0.0
15.389999999999716,0.0,0.0,0.32096584804833905,0.0,0.0,0.0,0.0,0.0,0.0,-1.0545481850040632,0.5410128888791581,-2.6376835275544517,-1.0338304820951025,0.41469113673743285,-2.7601681897651242,0.0,0.0,0.0
15.399999999999716,0.0,0.0,0.3214398640251151,0.0,0.0,0.0,0.0,0.0,0.0,-1.0561249714862813,0.5528694997300319,-2.618389803152824,-1.0384431310493998,0.4287021871528751,-2.7414866093435095,0.0,0.0,0.0
15.409999999999716,0.0,0.0,0.3215237047220901,0.0,0.0,0.0,0.0,0.0,0.0,-1.0572847650889416,0.5645469547233413,-2.599008562027399,-1.0425779052108513,0.4425633544082378,-2.7226950145236564,0.0,0.0,0.0
15.419999999999716,0.0,0.0,0.32122153318422975,0.0,0.0,0.0,0.0,0.0,0.0,-1.0580351512449746,0.576041343962487,-2.5795454058914125,-1.0462423527880769,0.456266349114721,-2.7037968206977867,0.0,0.0,0.0
15.429999999999715,0.0,0.0,0.3205378869397279,0.0,0.0,0.0,0.0,0.0,0.0,-1.0583838387524094,0.5873493457008818,-2.560006183111815,-1.0494442499187964,0.4698033763506904,-2.684795663820607,0.0,0.0,0.0
15.439999999999715,0.0,0.0,0.31947765034124753,0.0,0.0,0.0,0.0,0.0,0.0,-1.0583386465238336,0.5984682493121434,-2.5403969717859387,-1.0521915742520298,0.4831671461631114,-2.6656954118849447,0.0,0.0,0.0
15.449999999999715,0.0,0.0,0.31804602914229957,0.0,0.0,0.0,0.0,0.0,0.0,-1.0579074910451831,0.6093959675779979,-2.520724059621088,-1.0544924812253587,0.4963508901256826,-2.6465001744565173,0.0,0.0,0.0
15.459999999999715,0.0,0.0,0.3162485275840732,0.0,0.0,0.0,0.0,0.0,0.0,-1.0570983744237104,0.6201310386659311,-2.5009939210554135,-1.0563552827825424,0.5093483816787836,-2.6272143097950544,0.0,0.0,0.0
15.469999999999715,0.0,0.0,0.31409092818012724,0.0,0.0,0.0,0.0,0.0,0.0,-1.0559193729596554,0.6306726183521394,-2.4812131921332696,-1.0577884282567576,0.5221539581303896,-2.6078424291519005,0.0,0.0,0.0
15.479999999999714,0.0,0.0,0.31157927430501753,0.0,0.0,0.0,0.0,0.0,0.0,-1.054378626315789,0.6410204631988399,-2.461388643681425,-1.0588004871337702,0.5347625423982588,-2.588389397920412,0.0,0.0,0.0
15.489999999999714,0.0,0.0,0.30871985750508,0.0,0.0,0.0,0.0,0.0,0.0,-1.0524843808388304,0.6511749053461928,-2.4415271393075426,-1.0594001333898042,0.547169662808354,-2.568860333423325,0.0,0.0,0.0
15.499999999999714,0.0,0.0,0.30551921207166033,0.0,0.0,0.0,0.0,0.0,0.0,-1.050245165504624,0.6611368234399366,-2.4216355741851476,-1.0595961182434153,0.5593714695545418,-2.5492606030864953,0.0,0.0,0.0
15.509999999999714,0.0,0.0,0.30198411013427495,0.0,0.0,0.0,0.0,0.0,0.0,-1.0476699170071517,0.6709076160688427,-2.4017208635956244,-1.059397209550266,0.5713647441818888,-2.529595816209962,0.0,0.0,0.0
15.519999999999714,0.0,0.0,0.2981215543387069,0.0,0.0,0.0,0.0,0.0,0.0,-1.0447679559938936,0.680489163637982,-2.381789947781523,-1.0588121646138706,0.5831468986150147,-2.509871778774217,0.0,0.0,0.0
15.529999999999713,0.0,0.0,0.2939387723599521,0.0,0.0,0.0,0.0,0.0,0.0,-1.0415489440438304,0.6898837755796512,-2.361849764051681,-1.0578498020707143,0.5947159747191818,-2.490094453791882,0.0,0.0,0.0
15.539999999999713,0.0,0.0,0.2894432130692571,0.0,0.0,0.0,0.0,0.0,0.0,-1.0380228411670331,0.6990941362125112,-2.341907226060612,-1.056519068335436,0.6060706451595457,-2.4702699594691224,0.0,0.0,0.0
15.549999999999713,0.0,0.0,0.2846425440686389,0.0,0.0,0.0,0.0,0.0,0.0,-1.034199862762461,0.7081232483304003,-2.321969202997929,-1.0548290838322387,0.6172102051187993,-2.450404556909315,0.0,0.0,0.0
15.559999999999713,0.0,0.0,0.2795446502861914,0.0,0.0,0.0,0.0,0.0,0.0,-1.0300904373345814,0.7169743761573621,-2.3020425008025684,-1.0527891736799833,0.6281345568394923,-2.4305046367987133,0.0,0.0,0.0
15.569999999999713,0.0,0.0,0.27415763331361975,0.0,0.0,0.0,0.0,0.0,0.0,-1.0257051655872798,0.7256509885825313,-2.282133845145102,-1.0504088847617683,0.6388441869165602,-2.4105767033451446,0.0,0.0,0.0
15.579999999999712,0.0,0.0,0.2684898111622785,0.0,0.0,0.0,0.0,0.0,0.0,-1.021054781565626,0.7341567036679928,-2.2622498664081943,-1.0476979914973332,0.649340137005841,-2.390627356489645,0.0,0.0,0.0
15.589999999999712,0.0,0.0,0.26254971811828687,0.0,0.0,0.0,0.0,0.0,0.0,-1.0161501163654936,0.7424952352847751,-2.2423970867029897,-1.04466649228706,0.6596239686153348,-2.3706632727546544,0.0,0.0,0.0
15.599999999999712,0.0,0.0,0.25634610439033456,0.0,0.0,0.0,0.0,0.0,0.0,-1.0110020648184443,0.7506703426291064,-2.222581908936547,-1.041324598453038,0.66969772279177,-2.3506911852357346,0.0,0.0,0.0
15.609999999999712,0.0,0.0,0.24988793526975372,0.0,0.0,0.0,0.0,0.0,0.0,-1.0056215555962804,0.7586857832459781,-2.2028106078498255,-1.0376827173255738,0.6795638755881915,-2.3307178631817504,0.0,0.0,0.0
15.619999999999711,0.0,0.0,0.24318438955778868,0.0,0.0,0.0,0.0,0.0,0.0,-1.0000195253442306,0.7665452700726294,-2.183089322884607,-1.0337514309219915,0.6892252902515382,-2.3107500915936843,0.0,0.0,0.0
15.629999999999711,0.0,0.0,0.23624485701735354,0.0,0.0,0.0,0.0,0.0,0.0,-0.9942068963004222,0.7742524329104894,-2.1634240530538147,-1.0295414714280662,0.6986851670813101,-2.2907946512107125,0.0,0.0,0.0
15.639999999999711,0.0,0.0,0.229078934641931,0.0,0.0,0.0,0.0,0.0,0.0,-0.9881945564562074,0.7818107845065128,-2.1438206537162405,-1.0250636948473264,0.7079469918925251,-2.270858299068755,0.0,0.0,0.0
15.64999999999971,0.0,0.0,0.22169642160716999,0.0,0.0,0.0,0.0,0.0,0.0,-0.9819933423368992,0.789223691298448,-2.124284834834453,-1.0203290542707468,0.7170144840618966,-2.250947750007161,0.0,0.0,0.0
15.65999999999971,0.0,0.0,0.2141073128097061,0.0,0.0,0.0,0.0,0.0,0.0,-0.9756140244631999,0.7964943488807816,-2.1048221606214206,-1.0153485733320105,0.7258915450715152,-2.231069659591517,0.0,0.0,0.0
15.66999999999971,0.0,0.0,0.20632179093401584,0.0,0.0,0.0,0.0,0.0,0.0,-0.9690672952626558,0.8036257621193701,-2.0854380504523764,-1.0101333202605882,0.734582208300399,-2.211230608505419,0.0,0.0,0.0
15.67999999999971,0.0,0.0,0.19835021702853076,0.0,0.0,0.0,0.0,0.0,0.0,-0.9623637591459255,0.810620729739798,-2.0661377808771286,-1.004694383019264,0.7430905907611245,-2.191437088490684,0.0,0.0,0.0
15.68999999999971,0.0,0.0,0.19020311960979353,0.0,0.0,0.0,0.0,0.0,0.0,-0.9555139244509598,0.8174818331449405,-2.0469264885772,-0.9990428459089695,0.7514208473977197,-2.171695489922401,0.0,0.0,0.0
15.69999999999971,0.0,0.0,0.1818911823471812,0.0,0.0,0.0,0.0,0.0,0.0,-0.948528196958518,0.8242114291598948,-2.0278091741164053,-0.9931897679065859,0.7595771284558611,-2.1520120910570393,0.0,0.0,0.0
15.70999999999971,0.0,0.0,0.17342523041000527,0.0,0.0,0.0,0.0,0.0,0.0,-0.9414168746932767,0.8308116463601074,-2.00879070634176,-0.9871461628988275,0.7675635403304184,-2.1323930489573386,0.0,0.0,0.0
15.71999999999971,0.0,0.0,0.1648162155834093,0.0,0.0,0.0,0.0,0.0,0.0,-0.9341901437427962,0.8372843846093625,-1.989875827301601,-0.980922981886818,0.7753841101895802,-2.112844392065619,0.0,0.0,0.0
15.729999999999709,0.0,0.0,0.15607520027894933,0.0,0.0,0.0,0.0,0.0,0.0,-0.9268580748494013,0.8436313174172727,-1.9710691575583819,-0.974531097162807,0.7830427545723387,-2.0933720143703507,0.0,0.0,0.0
15.739999999999709,0.0,0.0,0.14721334058051283,0.0,0.0,0.0,0.0,0.0,0.0,-0.9194306205555964,0.849853896719432,-1.9523752017850926,-0.967981288401904,0.7905432520603873,-2.0739816710892476,0.0,0.0,0.0
15.749999999999709,0.0,0.0,0.13824186847602563,0.0,0.0,0.0,0.0,0.0,0.0,-0.9119176127109676,0.855953359686084,-1.9337983545458035,-0.9612842305668889,0.7978892200375133,-2.054678975775312,0.0,0.0,0.0
15.759999999999708,0.0,0.0,0.12917207343101014,0.0,0.0,0.0,0.0,0.0,0.0,-0.9043287601755261,0.8619307371751908,-1.9153429061722764,-0.9544504834916449,0.8050840954714501,-2.0354693987397714,0.0,0.0,0.0
15.769999999999708,0.0,0.0,0.12001528346148149,0.0,0.0,0.0,0.0,0.0,0.0,-0.8966736465810805,0.8677868634619625,-1.8970130486595913,-0.9474904829872142,0.8121311195852865,-2.0163582666777673,0.0,0.0,0.0
15.779999999999708,0.0,0.0,0.11078284586166298,0.0,0.0,0.0,0.0,0.0,0.0,-0.8889617280373576,0.8735223868974749,-1.8788128815142808,-0.940414533302066,0.8190333262285103,-1.9973507633777527,0.0,0.0,0.0
15.789999999999708,0.0,0.0,0.10148610773682779,0.0,0.0,0.0,0.0,0.0,0.0,-0.8812023306928907,0.8791377811731382,-1.8607464174983934,-0.9332328007635553,0.8257935337114722,-1.9784519313942024,0.0,0.0,0.0
15.799999999999708,0.0,0.0,0.0921363964837966,0.0,0.0,0.0,0.0,0.0,0.0,-0.873404648081896,0.884633356893874,-1.8428175882218834,-0.9259553084290131,0.8324143398311097,-1.9596666745638913,0.0,0.0,0.0
15.809999999999707,0.0,0.0,0.08274500035179355,0.0,0.0,0.0,0.0,0.0,0.0,-0.865577738207524,0.8900092731904543,-1.8250302495440627,-0.9185919315812361,0.8388981197896822,-1.940999761249426,0.0,0.0,0.0
15.819999999999707,0.0,0.0,0.07332314920475541,0.0,0.0,0.0,0.0,0.0,0.0,-0.8577305203286445,0.8952655491295376,-1.8073881867525177,-0.9111523939130625,0.8452470266908843,-1.9224558281982165,0.0,0.0,0.0
15.829999999999707,0.0,0.0,0.06388199559343613,0.0,0.0,0.0,0.0,0.0,0.0,-0.8498717714319892,0.9004020747077641,-1.7898951194942767,-0.9036462642580446,0.851462994288542,-1.904039384911121,0.0,0.0,0.0
15.839999999999707,0.0,0.0,0.05443259623200153,0.0,0.0,0.0,0.0,0.0,0.0,-0.842010122384246,0.9054186212437898,-1.7725547064403664,-0.8960829537382214,0.8575477416608374,-1.8857548184219688,0.0,0.0,0.0
15.849999999999707,0.0,0.0,0.04498589395962402,0.0,0.0,0.0,0.0,0.0,0.0,-0.8341540537692986,0.9103148510083305,-1.7553705496697949,-0.8884717132148611,0.8635027794868032,-1.86760639839642,0.0,0.0,0.0
15.859999999999706,0.0,0.0,0.03555270025339097,0.0,0.0,0.0,0.0,0.0,0.0,-0.8263118914247349,0.9150903259573742,-1.7383461987637183,-0.880821630943144,0.8693294176105785,-1.8495982824665078,0.0,0.0,0.0
15.869999999999706,0.0,0.0,0.026143678344563465,0.0,0.0,0.0,0.0,0.0,0.0,-0.8184918016992859,0.9197445154572494,-1.7214851546045338,-0.8731416303465498,0.8750287735919484,-1.8317345217250287,0.0,0.0,0.0
15.879999999999706,0.0,0.0,0.016769326976617094,0.0,0.0,0.0,0.0,0.0,0.0,-0.8107017864585015,0.9242768029118644,-1.7047908728779182,-0.8654404678411172,0.8806017819577043,-1.8140190663115607,0.0,0.0,0.0
15.889999999999706,0.0,0.0,0.007439964830134954,0.0,0.0,0.0,0.0,0.0,0.0,-0.8029496778708516,0.9286864912222943,-1.6882667672789917,-0.8577267306532264,0.8860492038872161,-1.7964557710296596,0.0,0.0,0.0
15.899999999999705,0.0,0.0,-0.0018342843725531466,0.0,0.0,0.0,0.0,0.0,0.0,-0.7952431330097514,0.9329728070264052,-1.6719162124261775,-0.8500088345868955,0.8913716370857999,-1.7790484009417473,0.0,0.0,0.0
15.909999999999705,0.0,0.0,-0.011043512740083777,0.0,0.0,0.0,0.0,0.0,0.0,-0.7875928918989221,0.9371349046287647,-1.6557417522298663,-0.84229502170816,0.8965695256212679,-1.7618006368952899,0.0,0.0,0.0
15.919999999999705,0.0,0.0,-0.020178034448798052,0.0,0.0,0.0,0.0,0.0,0.0,-0.7800065417685484,0.9411722320203819,-1.6397475330840208,-0.8345926134808959,0.9016431692748137,-1.7447162917466341,0.0,0.0,0.0
15.929999999999705,0.0,0.0,-0.02922532185787928,0.0,0.0,0.0,0.0,0.0,0.0,-0.7724883143855195,0.9450645422160409,-1.6239464669478774,-0.8269092860782451,0.9065924653664551,-1.7277982325963226,0.0,0.0,0.0
15.939999999999705,0.0,0.0,-0.03817783737515322,0.0,0.0,0.0,0.0,0.0,0.0,-0.7650426660617815,0.9488140679874286,-1.6083277108525311,-0.8192549027879127,0.9114220789653071,-1.7110473340815522,0.0,0.0,0.0
15.949999999999704,0.0,0.0,-0.047030581509374295,0.0,0.0,0.0,0.0,0.0,0.0,-0.7576774928903551,0.9524476457736615,-1.5928879937099003,-0.811638506263226,0.9161338432942648,-1.6944763392338775,0.0,0.0,0.0
15.959999999999704,0.0,0.0,-0.055774013394171235,0.0,0.0,0.0,0.0,0.0,0.0,-0.7504022485786832,0.9559658935833801,-1.5776445095052998,-0.8040658390337678,0.9207096819876526,-1.6780885973151618,0.0,0.0,0.0
15.969999999999704,0.0,0.0,-0.06439899808879135,0.0,0.0,0.0,0.0,0.0,0.0,-0.7432219554255792,0.9593614823743004,-1.5625976398691594,-0.7965417310060134,0.9251507314110227,-1.661873650340072,0.0,0.0,0.0
15.979999999999704,0.0,0.0,-0.07289692304696441,0.0,0.0,0.0,0.0,0.0,0.0,-0.7361424163551584,0.9626297644186721,-1.5477510891948543,-0.7890745512733509,0.9294637748660699,-1.6458397082527747,0.0,0.0,0.0
15.989999999999704,0.0,0.0,-0.08125965803546699,0.0,0.0,0.0,0.0,0.0,0.0,-0.7291691612073399,0.9657665824745374,-1.5331077089011593,-0.7816713644105621,0.9336516016431784,-1.629990579242748,0.0,0.0,0.0
15.999999999999703,0.0,0.0,-0.08947952158992759,0.0,0.0,0.0,0.0,0.0,0.0,-0.7223076401896771,0.9687685776071286,-1.5186704852059774,-0.7743389890177936,0.9377156377442483,-1.6143305235297887,0.0,0.0,0.0
16.009999999999703,0.0,0.0,-0.0975492544839738,0.0,0.0,0.0,0.0,0.0,0.0,-0.7155631366880266,0.9716329481445265,-1.5044423202035728,-0.7670838540911614,0.9416559979792969,-1.5988632415450499,0.0,0.0,0.0
16.019999999999705,0.0,0.0,-0.10546199895078927,0.0,0.0,0.0,0.0,0.0,0.0,-0.70894075406567,0.9743573735635622,-1.4904260872079322,-0.7599121036353608,0.9454719807722954,-1.5835922024627087,0.0,0.0,0.0
16.029999999999706,0.0,0.0,-0.11321128198986459,0.0,0.0,0.0,0.0,0.0,0.0,-0.70244539311207,0.9769399302017829,-1.476624621783575,-0.7528296205463206,0.9491623294576147,-1.5685206441917616,0.0,0.0,0.0
16.039999999999708,0.0,0.0,-0.12079252411396965,0.0,0.0,0.0,0.0,0.0,0.0,-0.6959637606628719,0.9791226889107558,-1.462482995650227,-0.7458420517345223,0.9527254483098919,-1.5536516312337094,0.0,0.0,0.0
16.04999999999971,0.0,0.0,-0.12819910449350966,0.0,0.0,0.0,0.0,0.0,0.0,-0.6897868875366593,0.9815292426301077,-1.449253067995099,-0.7390371425650905,0.9563495061877368,-1.539416406830218,0.0,0.0,0.0
16.05999999999971,0.0,0.0,-0.13542381211482604,0.0,0.0,0.0,0.0,0.0,0.0,-0.6837138209244173,0.9837076735215895,-1.4361076660781156,-0.7321932365007285,0.9595063168756793,-1.524657351643082,0.0,0.0,0.0
16.069999999999713,0.0,0.0,-0.14246191897779134,0.0,0.0,0.0,0.0,0.0,0.0,-0.6777896326125155,0.9857477966005468,-1.4232239146273913,-0.725501983430026,0.962630779753844,-1.5103046098791388,0.0,0.0,0.0
16.079999999999714,0.0,0.0,-0.14930897377974395,0.0,0.0,0.0,0.0,0.0,0.0,-0.6720091996112056,0.9876300532595939,-1.4105633500812966,-0.7189279218323038,0.9656255390258726,-1.4961597478753077,0.0,0.0,0.0
16.089999999999716,0.0,0.0,-0.15596078651017886,0.0,0.0,0.0,0.0,0.0,0.0,-0.666378468026918,0.9893600095509534,-1.398136904113842,-0.712482026986156,0.9685035022640603,-1.4822648992703513,0.0,0.0,0.0
16.099999999999717,0.0,0.0,-0.16241307544741942,0.0,0.0,0.0,0.0,0.0,0.0,-0.6609014150877024,0.9909086778265905,-1.3859592320808916,-0.7061650264664837,0.97125403201893,-1.4686081956028871,0.0,0.0,0.0
16.10999999999972,0.0,0.0,-0.16866302224898982,0.0,0.0,0.0,0.0,0.0,0.0,-0.6555781672885774,0.992262211119388,-1.3740207942775529,-0.6999799673105844,0.9738802287098965,-1.4551869102259476,0.0,0.0,0.0
16.11999999999972,0.0,0.0,-0.17470814789242678,0.0,0.0,0.0,0.0,0.0,0.0,-0.6504109287861106,0.9934414317903091,-1.362311276139581,-0.6939318630743411,0.976385926689917,-1.4420107508669935,0.0,0.0,0.0
16.129999999999722,0.0,0.0,-0.18054582377962147,0.0,0.0,0.0,0.0,0.0,0.0,-0.6454053795688877,0.9944507054315794,-1.3508463859630164,-0.6880233407688143,0.9787483859321643,-1.4290855006033254,0.0,0.0,0.0
16.139999999999723,0.0,0.0,-0.18617382032383464,0.0,0.0,0.0,0.0,0.0,0.0,-0.6405630741654695,0.9952848404465149,-1.3396259533805042,-0.6822545619367169,0.9809583908047432,-1.4163970522819895,0.0,0.0,0.0
16.149999999999725,0.0,0.0,-0.19159031862689,0.0,0.0,0.0,0.0,0.0,0.0,-0.6358860062890734,0.9959403138427625,-1.3286528891067628,-0.6766290352709293,0.9830156812953639,-1.403949335139765,0.0,0.0,0.0
16.159999999999727,0.0,0.0,-0.19679390288723114,0.0,0.0,0.0,0.0,0.0,0.0,-0.6313757637778004,0.9964133309952174,-1.317929382071684,-0.6711494376328387,0.9849179643446013,-1.3917430475192474,0.0,0.0,0.0
16.169999999999728,0.0,0.0,-0.20178355068121048,0.0,0.0,0.0,0.0,0.0,0.0,-0.627033743474374,0.9967002947105694,-1.3074577528639484,-0.6658183785825823,0.9866629560556663,-1.379779780572208,0.0,0.0,0.0
16.17999999999973,0.0,0.0,-0.20655862055452373,0.0,0.0,0.0,0.0,0.0,0.0,-0.6228611598677496,0.9967977149053802,-1.2972402494756614,-0.6606382169812476,0.9882480012263989,-1.3680610482306295,0.0,0.0,0.0
16.18999999999973,0.0,0.0,-0.21111883603876955,0.0,0.0,0.0,0.0,0.0,0.0,-0.6188590809481718,0.9967022681800772,-1.2872790784589025,-0.6556110860061681,0.9896702403698515,-1.3565884758305424,0.0,0.0,0.0
16.199999999999733,0.0,0.0,-0.21546426546990666,0.0,0.0,0.0,0.0,0.0,0.0,-0.6150284160079877,0.9964108566545713,-1.2775763850571926,-0.6507388842050229,0.9909266350250951,-1.3453637315343712,0.0,0.0,0.0
16.209999999999734,0.0,0.0,-0.219595297511991,0.0,0.0,0.0,0.0,0.0,0.0,-0.6113699074797043,0.9959206803969387,-1.268134246844488,-0.6460232966077704,0.992014006460129,-1.334388514420975,0.0,0.0,0.0
16.219999999999736,0.0,0.0,-0.22351261252770802,0.0,0.0,0.0,0.0,0.0,0.0,-0.6078841258607817,0.9952293114177051,-1.258954666511249,-0.6414658081726644,0.992929069933533,-1.3236645300604117,0.0,0.0,0.0
16.229999999999738,0.0,0.0,-0.22721715000691212,0.0,0.0,0.0,0.0,0.0,0.0,-0.6045714681248091,0.9943347683501349,-1.2500395667737947,-0.6370677126856704,0.9936684752025301,-1.3131934699966128,0.0,0.0,0.0
16.23999999999974,0.0,0.0,-0.23071007245734254,0.0,0.0,0.0,0.0,0.0,0.0,-0.6014321593795908,0.993235588897253,-1.2413907868609053,-0.6328301181331445,0.9942288524135939,-1.3029769923881502,0.0,0.0,0.0
16.24999999999974,0.0,0.0,-0.23399272636400548,0.0,0.0,0.0,0.0,0.0,0.0,-0.5984662578403044,0.9919308973914802,-1.2330100807891176,-0.6287539499111116,0.9946068639039336,-1.2930167048416403,0.0,0.0,0.0
16.259999999999742,0.0,0.0,-0.23706660101829402,0.0,0.0,0.0,0.0,0.0,0.0,-0.5956736632242139,0.9904204646818595,-1.2248991174091137,-0.6248399528035228,0.9947992615978055,-1.2833141496023748,0.0,0.0,0.0
16.269999999999744,0.0,0.0,-0.23993328618679918,0.0,0.0,0.0,0.0,0.0,0.0,-0.5930541286734139,0.9887047576794039,-1.2170594821944944,-0.6210886925094565,0.9948029493504578,-1.2738707914358651,0.0,0.0,0.0
16.279999999999745,0.0,0.0,-0.2425944281089626,0.0,0.0,0.0,0.0,0.0,0.0,-0.590607216900457,0.9867849760889671,-1.2094926931117351,-0.6175005573695083,0.9946150491563781,-1.2646880084471477,0.0,0.0,0.0
16.289999999999747,0.0,0.0,-0.24505168073326167,0.0,0.0,0.0,0.0,0.0,0.0,-0.5883320486148567,0.9846630676174923,-1.2022002477697002,-0.6140757734876396,0.9942329697689509,-1.255767082927614,0.0,0.0,0.0
16.29999999999975,0.0,0.0,-0.24730665895982337,0.0,0.0,0.0,0.0,0.0,0.0,-0.5862270666787324,0.982341706331626,-1.1951836208734044,-0.6108144681848092,0.9936544808713991,-1.2471091944347963,0.0,0.0,0.0
16.30999999999975,0.0,0.0,-0.2493608993693165,0.0,0.0,0.0,0.0,0.0,0.0,-0.5842899952235239,0.9798242659959575,-1.188444234328766,-0.6077167149687026,0.992877799569513,-1.2387154516813663,0.0,0.0,0.0
16.31999999999975,0.0,0.0,-0.2512158254360716,0.0,0.0,0.0,0.0,0.0,0.0,-0.5825178319060773,0.9771148010732915,-1.181983465923048,-0.6047824549246642,0.9919016577688553,-1.2305869292016907,0.0,0.0,0.0
16.329999999999753,0.0,0.0,-0.25287271816545703,0.0,0.0,0.0,0.0,0.0,0.0,-0.5809068478936885,0.974218008481909,-1.1758026540192619,-0.6020114098946449,0.9907253426841354,-1.2227246640206162,0.0,0.0,0.0
16.339999999999755,0.0,0.0,-0.25433269294586014,0.0,0.0,0.0,0.0,0.0,0.0,-0.5794525974056599,0.9711391742585738,-1.169903102867646,-0.599403006870155,0.9893487353767971,-1.2151296599104988,0.0,0.0,0.0
16.349999999999756,0.0,0.0,-0.25559668309184735,0.0,0.0,0.0,0.0,0.0,0.0,-0.5781499371270169,0.9678841068279365,-1.1642860869588079,-0.5969563119245611,0.9877723417196956,-1.207802893240832,0.0,0.0,0.0
16.359999999999758,0.0,0.0,-0.25666543027176036,0.0,0.0,0.0,0.0,0.0,0.0,-0.5769930556602438,0.9644590597802187,-1.1589528544470746,-0.5946699734408465,0.9859973138783088,-1.2007453209326415,0.0,0.0,0.0
16.36999999999976,0.0,0.0,-0.2575394817338402,0.0,0.0,0.0,0.0,0.0,0.0,-0.5759755126005726,0.9608706471062267,-1.1539046294298232,-0.5925421744318182,0.9840254602974418,-1.193957889425121,0.0,0.0,0.0
16.37999999999976,0.0,0.0,-0.25821919398730464,0.0,0.0,0.0,0.0,0.0,0.0,-0.5750902863672365,0.9571257539462206,-1.1491426130154196,-0.5905705940280717,0.9818592430974464,-1.1874415439623496,0.0,0.0,0.0
16.389999999999763,0.0,0.0,-0.25870474233457585,0.0,0.0,0.0,0.0,0.0,0.0,-0.5743298281955753,0.9532314458205984,-1.1446679834420754,-0.58875237829433,0.9795017624627835,-1.1811972375183164,0.0,0.0,0.0
16.399999999999764,0.0,0.0,-0.25899613543857386,0.0,0.0,0.0,0.0,0.0,0.0,-0.5736861181366628,0.9491948789565332,-1.1404818955264782,-0.5870841208044685,0.976956728280257,-1.1752259387315995,0.0,0.0,0.0
16.409999999999766,0.0,0.0,-0.25909323416357155,0.0,0.0,0.0,0.0,0.0,0.0,-0.5731507252986026,0.9450232139408499,-1.1365854782123506,-0.5855618536232425,0.9742284199784959,-1.169528638485139,0.0,0.0,0.0
16.419999999999767,0.0,0.0,-0.2589957738158977,0.0,0.0,0.0,0.0,0.0,0.0,-0.5727148730664713,0.9407235352760428,-1.1329798308806365,-0.5841810472830876,0.9713216360307763,-1.164106355412015,0.0,0.0,0.0
16.42999999999977,0.0,0.0,-0.25870338876162535,0.0,0.0,0.0,0.0,0.0,0.0,-0.5723695046520054,0.9363027785592313,-1.129666019590983,-0.5829366178001854,0.9682416343543435,-1.1589601395172004,0.0,0.0,0.0
16.43999999999977,0.0,0.0,-0.2582156385077139,0.0,0.0,0.0,0.0,0.0,0.0,-0.5721053471214887,0.9317676659705687,-1.1266450727108306,-0.5818229421399757,0.9649940655487373,-1.154091073208684,0.0,0.0,0.0
16.449999999999772,0.0,0.0,-0.2575320343895767,0.0,0.0,0.0,0.0,0.0,0.0,-0.5719129724440959,0.9271246508184214,-1.123917976259441,-0.5808338815003687,0.9615849014948166,-1.1495002705564228,0.0,0.0,0.0
16.459999999999773,0.0,0.0,-0.2566520661001896,0.0,0.0,0.0,0.0,0.0,0.0,-0.5717828543403463,0.9223798713958109,-1.1214856691064332,-0.5799628114362536,0.958020361351122,-1.1451888747555283,0.0,0.0,0.0
16.469999999999775,0.0,0.0,-0.2555752274058415,0.0,0.0,0.0,0.0,0.0,0.0,-0.571705420026023,0.9175391140759288,-1.119349038179273,-0.5792026577341438,0.9543068369873998,-1.1411580540187194,0.0,0.0,0.0
16.479999999999777,0.0,0.0,-0.254301040511798,0.0,0.0,0.0,0.0,0.0,0.0,-0.5716710962550966,0.9126077852899779,-1.1175089138019758,-0.5785459368406263,0.9504508197046359,-1.1374089961295208,0.0,0.0,0.0
16.489999999999778,0.0,0.0,-0.2528290786595101,0.0,0.0,0.0,0.0,0.0,0.0,-0.5716703493535016,0.9075908918179079,-1.1159660652636747,-0.5779847996080486,0.946458829861863,-1.1339429019194602,0.0,0.0,0.0
16.49999999999978,0.0,0.0,-0.25115898664984637,0.0,0.0,0.0,0.0,0.0,0.0,-0.5716937191863622,0.9024930286729722,-1.1147211966910233,-0.5775110771345922,0.9423373507572421,-1.1307609779364975,0.0,0.0,0.0
16.50999999999978,0.0,0.0,-0.24929049908955664,0.0,0.0,0.0,0.0,0.0,0.0,-0.571731847207039,0.8973183737691675,-1.1137749432758075,-0.5771163275396484,0.9380927678216485,-1.1278644285638528,0.0,0.0,0.0
16.519999999999783,0.0,0.0,-0.24722345624838213,0.0,0.0,0.0,0.0,0.0,0.0,-0.5717754988945118,0.8920706885183431,-1.1131278678893102,-0.5767918826180908,0.9337313138939245,-1.1252544478293307,0.0,0.0,0.0
16.529999999999784,0.0,0.0,-0.24495781749074266,0.0,0.0,0.0,0.0,0.0,0.0,-0.571815580998075,0.8867533235015101,-1.1127804580979497,-0.576528893447935,0.9292590210726805,-1.1229322111190367,0.0,0.0,0.0
16.539999999999786,0.0,0.0,-0.24249367230822583,0.0,0.0,0.0,0.0,0.0,0.0,-0.5718431540799429,0.8813692283877188,-1.1127331235809257,-0.5763183741729749,0.9246816793909142,-1.1208988669790423,0.0,0.0,0.0
16.549999999999788,0.0,0.0,-0.23983124902876618,0.0,0.0,0.0,0.0,0.0,0.0,-0.5718494408831829,0.8759209653248279,-1.112986193939689,-0.5761512433355581,0.9200048023430659,-1.1191555291563986,0.0,0.0,0.0
16.55999999999979,0.0,0.0,-0.23697092131542608,0.0,0.0,0.0,0.0,0.0,0.0,-0.5718258310615612,0.8704107250922255,-1.1135399168810531,-0.576018362285672,0.9152335991135734,-1.1177032689991555,0.0,0.0,0.0
16.56999999999979,0.0,0.0,-0.23391321259504883,0.0,0.0,0.0,0.0,0.0,0.0,-0.5717638827951748,0.8648403453793385,-1.1143944567500148,-0.5759105703349431,0.9103729532120353,-1.1165431083049389,0.0,0.0,0.0
16.579999999999792,0.0,0.0,-0.2306587985748177,0.0,0.0,0.0,0.0,0.0,0.0,-0.5716553217879468,0.8592113306307829,-1.1155498933849848,-0.5758187164528438,0.9054274071115543,-1.1156760126803302,0.0,0.0,0.0
16.589999999999794,0.0,0.0,-0.2272085080160371,0.0,0.0,0.0,0.0,0.0,0.0,-0.571492038104048,0.8535248729749911,-1.1170062212662784,-0.575733687415349,0.9004011524108323,-1.1151028854493297,0.0,0.0,0.0
16.599999999999795,0.0,0.0,-0.2235633219394696,0.0,0.0,0.0,0.0,0.0,0.0,-0.5712660812550121,0.8477818738255425,-1.118763348928417,-0.5756464324115813,0.8952980249934367,-1.1148245621288926,0.0,0.0,0.0
16.609999999999797,0.0,0.0,-0.21972437143750184,0.0,0.0,0.0,0.0,0.0,0.0,-0.5709696539000921,0.8419829658112703,-1.1208210986075442,-0.5755479841920101,0.8901215046349958,-1.1148418054729676,0.0,0.0,0.0
16.6199999999998,0.0,0.0,-0.21569293426592334,0.0,0.0,0.0,0.0,0.0,0.0,-0.5705951044720674,0.8361285347512188,-1.1231792060967496,-0.5754294769027626,0.8848747185063462,-1.1151553010733797,0.0,0.0,0.0
16.6299999999998,0.0,0.0,-0.21147043038333235,0.0,0.0,0.0,0.0,0.0,0.0,-0.5701349189906881,0.8302187414436095,-1.1258373207842083,-0.5752821607965638,0.8795604480339357,-1.1157656534962415,0.0,0.0,0.0
16.6399999999998,0.0,0.0,-0.20705841659982527,0.0,0.0,0.0,0.0,0.0,0.0,-0.5695817122774607,0.824253543083564,-1.128795005851428,-0.5750974140423086,0.8741811386035577,-1.1166733829256976,0.0,0.0,0.0
16.649999999999803,0.0,0.0,-0.2024585804892517,0.0,0.0,0.0,0.0,0.0,0.0,-0.5689282187392863,0.8182327141632051,-1.1320517386114624,-0.5748667518751758,0.8687389116267774,-1.117878922282524,0.0,0.0,0.0
16.659999999999805,0.0,0.0,-0.19767273371137006,0.0,0.0,0.0,0.0,0.0,0.0,-0.5681672828450233,0.8121558667400888,-1.1356069109694151,-0.5745818333381578,0.8632355785278191,-1.1193826147829395,0.0,0.0,0.0
16.669999999999806,0.0,0.0,-0.19270280488208164,0.0,0.0,0.0,0.0,0.0,0.0,-0.5672918493788601,0.8060224699865786,-1.1394598299902152,-0.5742344658666504,0.8576726562498921,-1.1211847119024958,0.0,0.0,0.0
16.679999999999808,0.0,0.0,-0.1875508321216655,0.0,0.0,0.0,0.0,0.0,0.0,-0.5662949535168669,0.7998318689543362,-1.143609718560648,-0.5738166079607658,0.8520513839219669,-1.1232853717106397,0.0,0.0,0.0
16.68999999999981,0.0,0.0,-0.18221895540276306,0.0,0.0,0.0,0.0,0.0,0.0,-0.5651697107393463,0.7935833025054437,-1.14805571613496,-0.5733203701778704,0.8463727403682166,-1.1256846575434414,0.0,0.0,0.0
16.69999999999981,0.0,0.0,-0.17670940881193364,0.0,0.0,0.0,0.0,0.0,0.0,-0.5639093065604714,0.787275920375397,-1.1527968795549837,-0.5727380146608356,0.840637462181719,-1.1283825369842648,0.0,0.0,0.0
16.709999999999813,0.0,0.0,-0.17102451283066206,0.0,0.0,0.0,0.0,0.0,0.0,-0.5625069860286263,0.7809087993440893,-1.1578321839372743,-0.5720619533972536,0.8348460621207613,-1.1313788811249983,0.0,0.0,0.0
16.719999999999814,0.0,0.0,-0.16516666673407343,0.0,0.0,0.0,0.0,0.0,0.0,-0.5609560429255582,0.7744809584995074,-1.1631605236211502,-0.5712847453822965,0.8289988476197762,-1.1346734640834488,0.0,0.0,0.0
16.729999999999816,0.0,0.0,-0.15913834119800124,0.0,0.0,0.0,0.0,0.0,0.0,-0.559249808569092,0.7679913735857045,-1.1687807131724657,-0.5703990928336975,0.823095939237223,-1.1382659627553195,0.0,0.0,0.0
16.739999999999817,0.0,0.0,-0.15294207119758035,0.0,0.0,0.0,0.0,0.0,0.0,-0.5573816401024907,0.7614389904322012,-1.1746914884389177,-0.5693978365824688,0.8171372888898345,-1.1421559567820534,0.0,0.0,0.0
16.74999999999982,0.0,0.0,-0.14658004554287596,0.0,0.0,0.0,0.0,0.0,0.0,-0.5553169702529419,0.7548227033827488,-1.180896232794594,-0.5682739507377796,0.8111226977463716,-1.146342928718341,0.0,0.0,0.0
16.75999999999982,0.0,0.0,-0.14005506040679305,0.0,0.0,0.0,0.0,0.0,0.0,-0.5530599916893291,0.7481395696056659,-1.1873864172838755,-0.5670263757512337,0.80505184186564,-1.1508251039814434,0.0,0.0,0.0
16.769999999999822,0.0,0.0,-0.1333702505707725,0.0,0.0,0.0,0.0,0.0,0.0,-0.5506413808962924,0.7413899662887986,-1.194157232660724,-0.5656469661449648,0.7989256068927412,-1.1556058914916452,0.0,0.0,0.0
16.779999999999824,0.0,0.0,-0.12652825907454252,0.0,0.0,0.0,0.0,0.0,0.0,-0.5480498370330154,0.7345752924647688,-1.2012144964911082,-0.5641093955551822,0.7927419703513229,-1.1606845401081474,0.0,0.0,0.0
16.789999999999825,0.0,0.0,-0.11953184845061599,0.0,0.0,0.0,0.0,0.0,0.0,-0.5452731303523886,0.7276933268673078,-1.2085551423306218,-0.5624137754904563,0.7864985401820838,-1.1660535047288967,0.0,0.0,0.0
16.799999999999827,0.0,0.0,-0.1123838034638473,0.0,0.0,0.0,0.0,0.0,0.0,-0.5423004394681354,0.7207427338885899,-1.2161776854037225,-0.5605593424776358,0.78019601595369,-1.1717141551009378,0.0,0.0,0.0
16.809999999999828,0.0,0.0,-0.10508693115371737,0.0,0.0,0.0,0.0,0.0,0.0,-0.5391218121754897,0.7137222245535164,-1.2240802105499797,-0.5585430890847419,0.7738340494783141,-1.1776657686998446,0.0,0.0,0.0
16.81999999999983,0.0,0.0,-0.09764406272471932,0.0,0.0,0.0,0.0,0.0,0.0,-0.535728070575866,0.706630695205527,-1.2322608056615492,-0.5563606240197264,0.7674121373647584,-1.1839077017168051,0.0,0.0,0.0
16.82999999999983,0.0,0.0,-0.09005805477235573,0.0,0.0,0.0,0.0,0.0,0.0,-0.532110671233319,0.6994671688836149,-1.2407174714670322,-0.5540065470625006,0.7609295594518788,-1.1904389866007248,0.0,0.0,0.0
16.839999999999833,0.0,0.0,-0.08233178996776847,0.0,0.0,0.0,0.0,0.0,0.0,-0.5282616155827979,0.6922307867555904,-1.2494481422098584,-0.551474790289301,0.7543854850097921,-1.1972584663044232,0.0,0.0,0.0
16.849999999999834,0.0,0.0,-0.0744681775471921,0.0,0.0,0.0,0.0,0.0,0.0,-0.5241733808092648,0.6849207952473777,-1.2584506828393398,-0.5487588616075864,0.747779018073968,-1.2043648028934815,0.0,0.0,0.0
16.859999999999836,0.0,0.0,-0.06646733056530968,0.0,0.0,0.0,0.0,0.0,0.0,-0.5198390426149386,0.6775424999728554,-1.2677207449360428,-0.5458520301814863,0.7411092369672344,-1.2117565039803717,0.0,0.0,0.0
16.869999999999838,0.0,0.0,-0.05833224543268123,0.0,0.0,0.0,0.0,0.0,0.0,-0.5152521820244653,0.6700961210020258,-1.2772584288107365,-0.5427474298623708,0.7343739018310063,-1.219432473045984,0.0,0.0,0.0
16.87999999999984,0.0,0.0,-0.050068865162812004,0.0,0.0,0.0,0.0,0.0,0.0,-0.5104061118501906,0.6625747962972182,-1.2870632417779109,-0.5394380272047875,0.7275714812604204,-1.2273892714062133,0.0,0.0,0.0
16.88999999999984,0.0,0.0,-0.04168036206145154,0.0,0.0,0.0,0.0,0.0,0.0,-0.5052944633542346,0.654976980054967,-1.2971304889154864,-0.5359173407355935,0.7207053700137911,-1.2356244906164178,0.0,0.0,0.0
16.899999999999842,0.0,0.0,-0.033169870658995515,0.0,0.0,0.0,0.0,0.0,0.0,-0.4999116660036561,0.6473023336182266,-1.307458144814948,-0.5321790188864244,0.7137750957603411,-1.2441385962656986,0.0,0.0,0.0
16.909999999999844,0.0,0.0,-0.024540449711837664,0.0,0.0,0.0,0.0,0.0,0.0,-0.49422260846178256,0.6395504143086517,-1.3180478941036537,-0.5282165231852013,0.7067792862759247,-1.2529290208859238,0.0,0.0,0.0
16.919999999999845,0.0,0.0,-0.015795255028219435,0.0,0.0,0.0,0.0,0.0,0.0,-0.48821171201411717,0.6317195720544517,-1.3288938394237741,-0.5240297435199304,0.6997168506597554,-1.2619925949971815,0.0,0.0,0.0
16.929999999999847,0.0,0.0,-0.006937511235343474,0.0,0.0,0.0,0.0,0.0,0.0,-0.4818914670592427,0.6238097095964625,-1.3399899785430691,-0.5196157127446406,0.6925877141740056,-1.2713300600797568,0.0,0.0,0.0
16.93999999999985,0.0,0.0,0.002029582966486032,0.0,0.0,0.0,0.0,0.0,0.0,-0.47525197978338063,0.6158219369706326,-1.3513373558549076,-0.5149535404333608,0.6853905947439,-1.2809407832092339,0.0,0.0,0.0
16.94999999999985,0.0,0.0,0.01110275518872203,0.0,0.0,0.0,0.0,0.0,0.0,-0.46828213847258926,0.6077559422093284,-1.3629325596414472,-0.5100367329224553,0.6781236355198443,-1.2908186224031388,0.0,0.0,0.0
16.95999999999985,0.0,0.0,0.02027868809470268,0.0,0.0,0.0,0.0,0.0,0.0,-0.46097080168748006,0.5996118077027219,-1.3747729855464483,-0.5048591529864849,0.6707864393688842,-1.3009620777952757,0.0,0.0,0.0
16.969999999999853,0.0,0.0,0.029554013264231044,0.0,0.0,0.0,0.0,0.0,0.0,-0.4533066890215347,0.5913896653536024,-1.3868557729119504,-0.4994141549843689,0.6633784204549668,-1.311368611184766,0.0,0.0,0.0
16.979999999999855,0.0,0.0,0.038925305096502494,0.0,0.0,0.0,0.0,0.0,0.0,-0.44527847617014804,0.5830897640241322,-1.3991780332496313,-0.4936947585784172,0.6558991235141489,-1.3220357874036375,0.0,0.0,0.0
16.989999999999856,0.0,0.0,0.04838907516485852,0.0,0.0,0.0,0.0,0.0,0.0,-0.43687488075653824,0.5747124493634566,-1.4117367981638071,-0.48769366219510796,0.6483481644164819,-1.3329610288584888,0.0,0.0,0.0
16.999999999999858,0.0,0.0,0.057941767342272216,0.0,0.0,0.0,0.0,0.0,0.0,-0.4280847866899017,0.5662581628971295,-1.4245290279612557,-0.4814032850439724,0.6407252484165742,-1.3441416692009407,0.0,0.0,0.0
17.00999999999986,0.0,0.0,0.06757975378920522,0.0,0.0,0.0,0.0,0.0,0.0,-0.41889739610914634,0.557727437312233,-1.4375516075236972,-0.4748158028035505,0.6330301694792557,-1.3555749401421755,0.0,0.0,0.0
17.01999999999986,0.0,0.0,0.07729933192639532,0.0,0.0,0.0,0.0,0.0,0.0,-0.4093024089152275,0.5491208924848152,-1.4508013456828843,-0.4679231902395582,0.6252628118869752,-1.3672579711117026,0.0,0.0,0.0
17.029999999999863,0.0,0.0,0.08709672247707512,0.0,0.0,0.0,0.0,0.0,0.0,-0.3992902256049755,0.5404392309390964,-1.4642749749587747,-0.4607172731165742,0.6174231502015063,-1.3791877850002294,0.0,0.0,0.0
17.039999999999864,0.0,0.0,0.0969680686215072,0.0,0.0,0.0,0.0,0.0,0.0,-0.3888521677975537,0.5316832326942058,-1.4779691527296461,-0.4531897933834917,0.6095112488329933,-1.3913612942044262,0.0,0.0,0.0
17.049999999999866,0.0,0.0,0.10690943624984214,0.0,0.0,0.0,0.0,0.0,0.0,-0.3779807088086462,0.5228537492144105,-1.4918804639570493,-0.44533249045518697,0.6015272612459075,-1.4037752967029244,0.0,0.0,0.0
17.059999999999867,0.0,0.0,0.11691681523342415,0.0,0.0,0.0,0.0,0.0,0.0,-0.3666697049156008,0.5139516962793995,-1.5060054257179711,-0.43713720065389333,0.5934714289845584,-1.4164264729365428,0.0,0.0,0.0
17.06999999999987,0.0,0.0,0.12698612156550407,0.0,0.0,0.0,0.0,0.0,0.0,-0.35491461662558677,0.5049780456432673,-1.520340493647789,-0.4285959757866667,0.5853440805711964,-1.4293113840833025,0.0,0.0,0.0
17.07999999999987,0.0,0.0,0.13711320015630452,0.0,0.0,0.0,0.0,0.0,0.0,-0.34271270856774216,0.49593381543877557,-1.5348820702704569,-0.4197012205669952,0.5771456302679874,-1.4424264723623574,0.0,0.0,0.0
17.089999999999872,0.0,0.0,0.14729382801287935,0.0,0.0,0.0,0.0,0.0,0.0,-0.3300632167474593,0.48682005938575257,-1.5496265150353659,-0.4104458471447795,0.5688765766258428,-1.455768063936314,0.0,0.0,0.0
17.099999999999874,0.0,0.0,0.15752371749808208,0.0,0.0,0.0,0.0,0.0,0.0,-0.3169674729279577,0.47763785497562017,-1.5645701557234308,-0.400823443477665,0.5605375006883512,-1.4693323748701568,0.0,0.0,0.0
17.109999999999875,0.0,0.0,0.1677985193514502,0.0,0.0,0.0,0.0,0.0,0.0,-0.30342897783797085,0.4683882909166104,-1.5797093007453267,-0.39082845077240863,0.5521290636792919,-1.4831155204303939,0.0,0.0,0.0
17.119999999999877,0.0,0.0,0.17811382517090624,0.0,0.0,0.0,0.0,0.0,0.0,-0.2894534176304263,0.4590724542238549,-1.5950402517519982,-0.3804563438898487,0.5436520039828883,-1.4971135277814545,0.0,0.0,0.0
17.129999999999878,0.0,0.0,0.188465169097669,0.0,0.0,0.0,0.0,0.0,0.0,-0.2750486213141944,0.4496914174124387,-1.6105593159272413,-0.36970380759021143,0.5351071332315822,-1.5113223518742973,0.0,0.0,0.0
17.13999999999988,0.0,0.0,0.198847105780109,0.0,0.0,0.0,0.0,0.0,0.0,-0.26024676230022015,0.4402996254660114,-1.6265394307121976,-0.35856890093265625,0.5264953313487194,-1.5257378940503326,0.0,0.0,0.0
17.14999999999988,0.0,0.0,0.20925533042012803,0.0,0.0,0.0,0.0,0.0,0.0,-0.24500314500751008,0.4307671631542631,-1.6423326830723985,-0.3470375899678018,0.5177832350216613,-1.5401409912847948,0.0,0.0,0.0
17.159999999999883,0.0,0.0,0.21968629103611131,0.0,0.0,0.0,0.0,0.0,0.0,-0.22937370993281514,0.4211902348831491,-1.6583842670628526,-0.3351491326330961,0.5090671628464184,-1.5551245780377958,0.0,0.0,0.0
17.169999999999884,0.0,0.0,0.23013518172356406,0.0,0.0,0.0,0.0,0.0,0.0,-0.2133646580916856,0.41154981253636413,-1.6745921155580659,-0.3228743797540425,0.5002687321238687,-1.570189101916756,0.0,0.0,0.0
17.179999999999886,0.0,0.0,0.24059717816613158,0.0,0.0,0.0,0.0,0.0,0.0,-0.19699370083371792,0.4018509833752151,-1.6909754166082585,-0.31022519433927864,0.49140678193365833,-1.5854450621080654,0.0,0.0,0.0
17.189999999999888,0.0,0.0,0.2510673878955507,0.0,0.0,0.0,0.0,0.0,0.0,-0.18027725803023753,0.3920935226742015,-1.7075261567661726,-0.2972071363575753,0.4824795732824329,-1.600866975873701,0.0,0.0,0.0
17.19999999999989,0.0,0.0,0.261540856314814,0.0,0.0,0.0,0.0,0.0,0.0,-0.16323287925503738,0.38227828943161546,-1.7242423262047601,-0.28382911640916636,0.4734896754122237,-1.6164593470400628,0.0,0.0,0.0
17.20999999999989,0.0,0.0,0.27201255857399437,0.0,0.0,0.0,0.0,0.0,0.0,-0.14587842505270132,0.3724058333971032,-1.7411204893934749,-0.270101285176192,0.46443859489922784,-1.6322195637353087,0.0,0.0,0.0
17.219999999999892,0.0,0.0,0.28247739475644984,0.0,0.0,0.0,0.0,0.0,0.0,-0.12823196658068303,0.3624766954562917,-1.7581574569755372,-0.25603537883633043,0.4553279498672414,-1.6481462893317111,0.0,0.0,0.0
17.229999999999894,0.0,0.0,0.2929301849630829,0.0,0.0,0.0,0.0,0.0,0.0,-0.11031155975273227,0.35249134172451724,-1.7753499122798997,-0.24164450679886823,0.44615922497996563,-1.6642376296818504,0.0,0.0,0.0
17.239999999999895,0.0,0.0,0.30336566523248576,0.0,0.0,0.0,0.0,0.0,0.0,-0.09213507992615272,0.3424501789363461,-1.7926944960808031,-0.2269430317373799,0.43693383083865267,-1.6804915888277436,0.0,0.0,0.0
17.249999999999897,0.0,0.0,0.3137784842500469,0.0,0.0,0.0,0.0,0.0,0.0,-0.07372008042320533,0.33235355323261406,-1.8101877869753873,-0.21194641183941498,0.42765309550297853,-1.6969059995498061,0.0,0.0,0.0
17.2599999999999,0.0,0.0,0.3241632009679896,0.0,0.0,0.0,0.0,0.0,0.0,-0.05508368338705655,0.3222017532070838,-1.8278263047140735,-0.1966710408324046,0.41831826960190727,-1.7134785641630976,0.0,0.0,0.0
17.2699999999999,0.0,0.0,0.33451428318135107,0.0,0.0,0.0,0.0,0.0,0.0,-0.03624249985224842,0.31199501223923964,-1.8456065081469162,-0.18113408599279457,0.4089305279598171,-1.7302068634119683,0.0,0.0,0.0
17.2799999999999,0.0,0.0,0.3448261070897789,0.0,0.0,0.0,0.0,0.0,0.0,-0.017212576860310524,0.30173351086483935,-1.8635247945031355,-0.1653533310877611,0.39949097186064336,-1.74708836694379,0.0,0.0,0.0
17.289999999999903,0.0,0.0,0.3550929578757819,0.0,0.0,0.0,0.0,0.0,0.0,0.0019906316933584467,0.29141737885325725,-1.881577498680588,-0.14934702875143052,0.3900006313050771,-1.7641204390367313,0.0,0.0,0.0
17.299999999999905,0.0,0.0,0.36530904441806145,0.0,0.0,0.0,0.0,0.0,0.0,0.02135227414151525,0.2810467484436646,-1.8997608872686294,-0.13313376606774732,0.3804604675088206,-1.7813003421674534,0.0,0.0,0.0
17.309999999999906,0.0,0.0,0.37546852645898915,0.0,0.0,0.0,0.0,0.0,0.0,0.040858093274102614,0.2706218630255637,-1.918071154950765,-0.11673234600917881,0.3708713657504137,-1.7986252403618948,0.0,0.0,0.0
17.319999999999908,0.0,0.0,0.3855655269694066,0.0,0.0,0.0,0.0,0.0,0.0,0.06049440512234633,0.26014313927994126,-1.936504432890111,-0.10016168623700414,0.3612341167082708,-1.816092197824374,0.0,0.0,0.0
17.32999999999991,0.0,0.0,0.39559413080820555,0.0,0.0,0.0,0.0,0.0,0.0,0.08024806807996276,0.24961117667908816,-1.9550567949863427,-0.08344073607288155,0.35154942482627755,-1.833698171470896,0.0,0.0,0.0
17.33999999999991,0.0,0.0,0.4055481946558556,0.0,0.0,0.0,0.0,0.0,0.0,0.10017042221662106,0.23902686303387122,-1.9737252686701576,-0.06658841190677088,0.341817944247188,-1.8514400103032336,0.0,0.0,0.0
17.349999999999913,0.0,0.0,0.4154218674596456,0.0,0.0,0.0,0.0,0.0,0.0,0.12023588354379969,0.2283911152147593,-1.9925039184720041,-0.049633368770459416,0.3320402939440254,-1.8693141750428632,0.0,0.0,0.0
17.359999999999914,0.0,0.0,0.4252093337661979,0.0,0.0,0.0,0.0,0.0,0.0,0.14035657740668656,0.21770507115471283,-2.011388537084827,-0.032593230323559715,0.3222171610023608,-1.8873184456141614,0.0,0.0,0.0
17.369999999999916,0.0,0.0,0.43490446546650635,0.0,0.0,0.0,0.0,0.0,0.0,0.16052460364333593,0.20697017026689346,-2.030376374735237,-0.015456705407009117,0.312349224110726,-1.9054488705559858,0.0,0.0,0.0
17.379999999999917,0.0,0.0,0.44450080470705133,0.0,0.0,0.0,0.0,0.0,0.0,0.1812312583804241,0.1961888690788003,-2.0494639549358573,0.02713249442843604,0.30243718033542866,-1.9237006415971971,0.0,0.0,0.0
17.38999999999992,0.0,0.0,0.4539931673452267,0.0,0.0,0.0,0.0,0.0,0.0,0.20239051832983349,0.1853629837403321,-2.0686409361555094,0.041794756598286284,0.29248172693599017,-1.9420703477069268,0.0,0.0,0.0
17.39999999999992,0.0,0.0,0.4633757020366837,0.0,0.0,0.0,0.0,0.0,0.0,0.22342791397121792,0.17449350571535416,-2.087907314085858,0.05726923175348731,0.2824837427165347,-1.9605571338907801,0.0,0.0,0.0
17.409999999999922,0.0,0.0,0.47264172394819914,0.0,0.0,0.0,0.0,0.0,0.0,0.2443651524349839,0.16359699552598506,-2.107572109530575,0.07371570486102515,0.2724446715272436,-1.9791523937299762,0.0,0.0,0.0
17.419999999999924,0.0,0.0,0.4817847217701298,0.0,0.0,0.0,0.0,0.0,0.0,0.26521721343399135,0.15264421482526075,-2.1270367084839656,0.09102523914800441,0.262357042592777,-1.9975995328243688,0.0,0.0,0.0
17.429999999999925,0.0,0.0,0.4907983256349657,0.0,0.0,0.0,0.0,0.0,0.0,0.28600320360092596,0.14165678597729342,-2.1466603868042835,0.10909949555175849,0.2522427769052636,-2.0164910496753414,0.0,0.0,0.0
17.439999999999927,0.0,0.0,0.49967604973725055,0.0,0.0,0.0,0.0,0.0,0.0,0.3067354039714803,0.13063305384667823,-2.166355271090026,0.12784435135223715,0.24208888451640795,-2.035402966301852,0.0,0.0,0.0
17.44999999999993,0.0,0.0,0.5084114215435029,0.0,0.0,0.0,0.0,0.0,0.0,0.32742428060201234,0.11957626478359687,-2.186137761863466,0.14717549455742704,0.23189973147996723,-2.0544316003802696,0.0,0.0,0.0
17.45999999999993,0.0,0.0,0.5169979627338637,0.0,0.0,0.0,0.0,0.0,0.0,0.34807692191078726,0.10848877048689287,-2.205999836267469,0.1670149799396255,0.22167628495174196,-2.073551376818321,0.0,0.0,0.0
17.46999999999993,0.0,0.0,0.5254291853869997,0.0,0.0,0.0,0.0,0.0,0.0,0.3686976620096397,0.09737318422928437,-2.2259391303158678,0.18729182239474382,0.21142035851519886,-2.092764974639548,0.0,0.0,0.0
17.479999999999933,0.0,0.0,0.5336985868766202,0.0,0.0,0.0,0.0,0.0,0.0,0.38928814939526846,0.08623211773537104,-2.2459518880902833,0.20794126996253692,0.20113374815492344,-2.1120682589994013,0.0,0.0,0.0
17.489999999999934,0.0,0.0,0.5417996473577332,0.0,0.0,0.0,0.0,0.0,0.0,0.4098476283551647,0.07506820650150701,-2.266034603365485,0.2289044549455732,0.1908184020713356,-2.131458557345936,0.0,0.0,0.0
17.499999999999936,0.0,0.0,0.5497258291309308,0.0,0.0,0.0,0.0,0.0,0.0,0.4303731943263564,0.06388408183312996,-2.286183620502229,0.2501279198372108,0.18047637903402086,-2.150932759638237,0.0,0.0,0.0
17.509999999999938,0.0,0.0,0.5574705780411107,0.0,0.0,0.0,0.0,0.0,0.0,0.45086006786691923,0.05268235584484788,-2.306395213160612,0.27156316909267675,0.17010984461102407,-2.1704877946436048,0.0,0.0,0.0
17.51999999999994,0.0,0.0,0.5650273268102487,0.0,0.0,0.0,0.0,0.0,0.0,0.47130186011546654,0.041465606815739534,-2.3266655499686753,0.2931662151588356,0.15972105805735182,-2.19012053653977,0.0,0.0,0.0
17.52999999999994,0.0,0.0,0.5723895002023577,0.0,0.0,0.0,0.0,0.0,0.0,0.4916908261274917,0.030236366896465278,-2.346990686795077,0.31489713783521733,0.14931235958174952,-2.2098278362132264,0.0,0.0,0.0
17.539999999999942,0.0,0.0,0.5795505218819885,0.0,0.0,0.0,0.0,0.0,0.0,0.5120181001423976,0.018997111674751738,-2.3673665533109425,0.33671966134479536,0.13888615699640303,-2.2296065153661297,0.0,0.0,0.0
17.549999999999944,0.0,0.0,0.5865038228112905,0.0,0.0,0.0,0.0,0.0,0.0,0.53227391052926,0.0077502514977514925,-2.3877889419701823,0.3586007557064479,0.12844491244967068,-2.2494533630914937,0.0,0.0,0.0
17.559999999999945,0.0,0.0,0.5932428510207992,0.0,0.0,0.0,0.0,0.0,0.0,0.5524477735894412,-0.003501875574906721,-2.40825349792753,0.3805102664475266,0.11799112955955046,-2.2693651269013246,0.0,0.0,0.0
17.569999999999947,0.0,0.0,0.5997610825859417,0.0,0.0,0.0,0.0,0.0,0.0,0.5725286667820209,-0.014757009307773683,-2.4287557106184594,0.4024205754079047,0.10752734121136977,-2.289338501306306,0.0,0.0,0.0
17.57999999999995,0.0,0.0,0.6060520336428842,0.0,0.0,0.0,0.0,0.0,0.0,0.5925051828189937,-0.02601297142792841,-2.4492909071377897,0.42430629395220004,0.09705609821659521,-2.309370114280068,0.0,0.0,0.0
17.58999999999995,0.0,0.0,0.6121092732828181,0.0,0.0,0.0,0.0,0.0,0.0,0.6123656666779358,-0.03726766847654761,-2.469854247625763,0.44614398878352446,0.08657995897366509,-2.3294565124697773,0.0,0.0,0.0
17.59999999999995,0.0,0.0,0.61792643717198,0.0,0.0,0.0,0.0,0.0,0.0,0.6320983379436517,-0.04851909348461769,-2.4904407227836445,0.4679119396549302,0.07610148022920853,-2.3495941457759315,0.0,0.0,0.0
17.609999999999953,0.0,0.0,0.6234972417553414,0.0,0.0,0.0,0.0,0.0,0.0,0.6516914010937138,-0.05976532658463907,-2.5110451535894436,0.4895899276234922,0.06562320900247819,-2.369779351879261,0.0,0.0,0.0
17.619999999999955,0.0,0.0,0.6288153399473548,0.0,0.0,0.0,0.0,0.0,0.0,0.6711331488307957,-0.07101532020119561,-2.531661563469633,0.5111590520565983,0.05514767570724552,-2.390008341211145,0.0,0.0,0.0
17.629999999999956,0.0,0.0,0.6338748949394954,0.0,0.0,0.0,0.0,0.0,0.0,0.6904120876095242,-0.08226791807374578,-2.5522849256633164,0.5326015736411753,0.04467903766792919,-2.4102773521203136,0.0,0.0,0.0
17.639999999999958,0.0,0.0,0.6386702071348944,0.0,0.0,0.0,0.0,0.0,0.0,0.709516959339247,-0.09351113851820925,-2.5729102113905378,0.5539007575585997,0.03422006889771053,-2.4305818236103804,0.0,0.0,0.0
17.64999999999996,0.0,0.0,0.6431954868845864,0.0,0.0,0.0,0.0,0.0,0.0,0.7284368158056336,-0.10474333981966066,-2.593530976363809,0.5750408233118802,0.023768587251004107,-2.4509171635655767,0.0,0.0,0.0
17.65999999999996,0.0,0.0,0.6474450989442994,0.0,0.0,0.0,0.0,0.0,0.0,0.7471611293287966,-0.11596305156018383,-2.614141419245009,0.5960068547111532,0.013327246333681118,-2.4712796926084897,0.0,0.0,0.0
17.669999999999963,0.0,0.0,0.6514194623569952,0.0,0.0,0.0,0.0,0.0,0.0,0.765679000074708,-0.1274258400537136,-2.6347145921865556,0.6167846672824057,-0.020398725306283578,-2.4916646249979655,0.0,0.0,0.0
17.679999999999964,0.0,0.0,0.6551171057174262,0.0,0.0,0.0,0.0,0.0,0.0,0.7839803391650112,-0.13907001009840403,-2.655268545510667,0.637360988280154,-0.028064488049391517,-2.5120728556286402,0.0,0.0,0.0
17.689999999999966,0.0,0.0,0.6585255081163305,0.0,0.0,0.0,0.0,0.0,0.0,0.8020522050628482,-0.1505855269846672,-2.6758170620486537,0.6577223991250797,-0.03616981840145201,-2.532481219799376,0.0,0.0,0.0
17.699999999999967,0.0,0.0,0.6616382017286947,0.0,0.0,0.0,0.0,0.0,0.0,0.8198786465929945,-0.16199323653055542,-2.6963263344220456,0.6778579586876408,-0.04479048896290659,-2.5528784251122887,0.0,0.0,0.0
17.70999999999997,0.0,0.0,0.6644495010041643,0.0,0.0,0.0,0.0,0.0,0.0,0.8374457716784657,-0.1733145447628721,-2.7167961887784275,0.6977584147212847,-0.053858631412701946,-2.5732903043590705,0.0,0.0,0.0
17.71999999999997,0.0,0.0,0.6669543190082304,0.0,0.0,0.0,0.0,0.0,0.0,0.8547381328615907,-0.18456617047721502,-2.7372185850095114,0.7174121675922233,-0.06331339397061515,-2.593702661460681,0.0,0.0,0.0
17.729999999999972,0.0,0.0,0.6691480749598612,0.0,0.0,0.0,0.0,0.0,0.0,0.8717397186694137,-0.19576175700068577,-2.7575874313827407,0.7368083280991538,-0.0731026578409249,-2.6141107347973964,0.0,0.0,0.0
17.739999999999974,0.0,0.0,0.671026623862103,0.0,0.0,0.0,0.0,0.0,0.0,0.8884338819644237,-0.206912221035364,-2.777896222438968,0.7559357351551191,-0.08318119804595707,-2.634507548449452,0.0,0.0,0.0
17.749999999999975,0.0,0.0,0.6725862039884102,0.0,0.0,0.0,0.0,0.0,0.0,0.9048035597308797,-0.21802627240524153,-2.7981386128780334,0.7747829917921241,-0.09350976649506297,-2.6548867229649113,0.0,0.0,0.0
17.759999999999977,0.0,0.0,0.6738233981071629,0.0,0.0,0.0,0.0,0.0,0.0,0.9208314393710377,-0.229110773599968,-2.8183082837419144,0.7933382956145256,-0.10405419137268196,-2.6752417946102542,0.0,0.0,0.0
17.76999999999998,0.0,0.0,0.6747351055790218,0.0,0.0,0.0,0.0,0.0,0.0,0.9365001460439806,-0.24017104902219444,-2.838398979697763,0.8115893715342921,-0.11478466788404294,-2.695566374135166,0.0,0.0,0.0
17.77999999999998,0.0,0.0,0.6753185227517876,0.0,0.0,0.0,0.0,0.0,0.0,0.9517924155123167,-0.25121113614740254,-2.858404506133314,0.8295234305137162,-0.12567515312331193,-2.7158541018275058,0.0,0.0,0.0
17.78999999999998,0.0,0.0,0.6755711298859647,0.0,0.0,0.0,0.0,0.0,0.0,0.9666912561212215,-0.26223399526250035,-2.87831873595269,0.8471271731942243,-0.13670285566948945,-2.736098651501735,0.0,0.0,0.0
17.799999999999983,0.0,0.0,0.6754906833870451,0.0,0.0,0.0,0.0,0.0,0.0,0.9811801049560754,-0.273241684764586,-2.8981356130401204,0.864386828835097,-0.14784779885837696,-2.7562937239963565,0.0,0.0,0.0
17.809999999999985,0.0,0.0,0.6750752120086744,0.0,0.0,0.0,0.0,0.0,0.0,0.9952429717047274,-0.28423550897803973,-2.9178491568155698,0.8812882199344801,-0.1590924453725596,-2.7764330452389916,0.0,0.0,0.0
17.819999999999986,0.0,0.0,0.6743230158924716,0.0,0.0,0.0,0.0,0.0,0.0,1.0088645643578333,-0.29521614330058665,-2.937453466873821,0.8978168493823826,-0.17042137268704574,-2.796510364180563,0.0,0.0,0.0
17.829999999999988,0.0,0.0,0.6732326675751353,0.0,0.0,0.0,0.0,0.0,0.0,1.0220303952176086,-0.3061837405158969,-2.9569427275970783,0.9139580068865956,-0.18182099159232412,-2.816519452138905,0.0,0.0,0.0
17.83999999999999,0.0,0.0,0.6718030142547022,0.0,0.0,0.0,0.0,0.0,0.0,1.0347268668262557,-0.3171380212970809,-2.9763112126528166,0.9296968888767009,-0.1932793015708435,-2.8364541036687068,0.0,0.0,0.0
17.84999999999999,0.0,0.0,0.6700331807427162,0.0,0.0,0.0,0.0,0.0,0.0,1.046941338206335,-0.32807835131329344,-2.9955532892957497,0.9450187261797542,-0.20478567800238823,-2.8563081389395384,0.0,0.0,0.0
17.859999999999992,0.0,0.0,0.6679225726443587,0.0,0.0,0.0,0.0,0.0,0.0,1.0586621723455498,-0.33900380689063714,-3.0146634224011977,0.9599089142175327,-0.21633068706056768,-2.8760754075227926,0.0,0.0,0.0
17.869999999999994,0.0,0.0,0.6654708794074812,0.0,0.0,0.0,0.0,0.0,0.0,1.069878766203046,-0.349913230828907,-3.033636178168226,0.9743531411266477,-0.22790592482509228,-2.8957497934316487,0.0,0.0,0.0
17.879999999999995,0.0,0.0,0.662678076966549,0.0,0.0,0.0,0.0,0.0,0.0,1.080581564711053,-0.3608052797081436,-3.0524662274425336,0.9883375099560783,-0.2395038776375251,-2.9153252212208898,0.0,0.0,0.0
17.889999999999997,0.0,0.0,0.6595444297808919,0.0,0.0,0.0,0.0,0.0,0.0,1.0907620603396389,-0.3716784638117241,-3.071148348620043,1.0018486518774918,-0.2511178011189472,-2.934795662932093,0.0,0.0,0.0
17.9,0.0,0.0,0.6560704921297458,0.0,0.0,0.0,0.0,0.0,0.0,1.1004127798218946,-0.38253118063006464,-3.0896774301019985,1.014873828097299,-0.2627416155797743,-2.9541551456626687,0.0,0.0,0.0
17.91,0.0,0.0,0.6522571085809121,0.0,0.0,0.0,0.0,0.0,0.0,1.1095272596307746,-0.39336174277924973,-3.1080484722810042,1.0274010188512017,-0.27436981580819614,-2.9733977595392624,0.0,0.0,0.0
17.92,0.0,0.0,0.6481054135960493,0.0,0.0,0.0,0.0,0.0,0.0,1.1181000117762796,-0.4041684010636435,-3.1262565890446075,1.0394189984715954,-0.2859973934406077,-2.9925176658858197,0.0,0.0,0.0
17.930000000000003,0.0,0.0,0.643616830274413,0.0,0.0,0.0,0.0,0.0,0.0,1.1261264814627836,-0.41494936332458776,-3.144297008790014,1.0509173960402203,-0.2976197703061386,-3.01150910539066,0.0,0.0,0.0
17.940000000000005,0.0,0.0,0.6387954569955607,0.0,0.0,0.0,0.0,0.0,0.0,1.133676826514922,-0.42570261236575657,-3.162155070655544,1.061886741575058,-0.30923274130535944,-3.0303664060935263,0.0,0.0,0.0
17.950000000000006,0.0,0.0,0.6336430484874156,0.0,0.0,0.0,0.0,0.0,0.0,1.140742874730436,-0.43642828218859897,-3.179837584203007,1.0723006621434952,-0.32083246288375267,-3.049086728853337,0.0,0.0,0.0
17.960000000000008,0.0,0.0,0.6281591938143583,0.0,0.0,0.0,0.0,0.0,0.0,1.1472410596067875,-0.4471242264587718,-3.1973487735750865,1.0821506520965318,-0.3324142199425488,-3.0676558029070313,0.0,0.0,0.0
17.97000000000001,0.0,0.0,0.6223464384395273,0.0,0.0,0.0,0.0,0.0,0.0,1.153169077418888,-0.45778633703072913,-3.214672583385717,1.0914853280646049,-0.34397521678777876,-3.0860657284306847,0.0,0.0,0.0
17.98000000000001,0.0,0.0,0.6162076558144629,0.0,0.0,0.0,0.0,0.0,0.0,1.158528182196416,-0.468413340143341,-3.2318073920347503,1.1002913163256056,-0.35551388014671864,-3.104324695902994,0.0,0.0,0.0
17.990000000000013,0.0,0.0,0.6097459718520881,0.0,0.0,0.0,0.0,0.0,0.0,1.163319315057584,-0.47900332790152245,-3.248748427772721,1.1085553680764395,-0.3670267108170057,-3.122424030457256,0.0,0.0,0.0
18.000000000000014,0.0,0.0,0.6029647642176419,0.0,0.0,0.0,0.0,0.0,0.0,1.1675437128474617,-0.48955454905689777,-3.2654918263892165,1.1162674780311885,-0.37851089325550047,-3.140359139863964,0.0,0.0,0.0
18.010000000000016,0.0,0.0,0.5958676595331956,0.0,0.0,0.0,0.0,0.0,0.0,1.1712028134752621,-0.5000652186230887,-3.282033642076185,1.1234198381223885,-0.38996366704135504,-3.1581246932903593,0.0,0.0,0.0
18.020000000000017,0.0,0.0,0.5884585302282682,0.0,0.0,0.0,0.0,0.0,0.0,1.174298310962332,-0.5105335681015677,-3.2983700819711324,1.1300065914173998,-0.4013824541720988,-3.1757157713426185,0.0,0.0,0.0
18.03000000000002,0.0,0.0,0.5807414905399119,0.0,0.0,0.0,0.0,0.0,0.0,1.1768321528683587,-0.5209578351625526,-3.3144974452219467,1.1360234912356262,-0.41276480276060973,-3.1931275727036406,0.0,0.0,0.0
18.04000000000002,0.0,0.0,0.5727208920291642,0.0,0.0,0.0,0.0,0.0,0.0,1.1788065369170135,-0.5313362669767536,-3.3304121334975774,1.1414676645854256,-0.4241083797531892,-3.2103554724539314,0.0,0.0,0.0
18.050000000000022,0.0,0.0,0.5644013187249259,0.0,0.0,0.0,0.0,0.0,0.0,1.1802238978777333,-0.5416671192811928,-3.3461106443226574,1.1463374118544891,-0.4354109545497105,-3.2273949977637977,0.0,0.0,0.0
18.060000000000024,0.0,0.0,0.5557875820248869,0.0,0.0,0.0,0.0,0.0,0.0,1.1810868904357479,-0.5519486557950128,-3.3615895686479025,1.1506320446691596,-0.4466703873197307,-3.244241825107441,0.0,0.0,0.0
18.070000000000025,0.0,0.0,0.5468847154404839,0.0,0.0,0.0,0.0,0.0,0.0,1.1813983691537613,-0.5621791470384192,-3.376845587518968,1.1543517505500764,-0.45788461816410414,-3.2608917733613834,0.0,0.0,0.0
18.080000000000027,0.0,0.0,0.5376979692513544,0.0,0.0,0.0,0.0,0.0,0.0,1.1811613668953602,-0.5723568689310965,-3.391875469121277,1.1574974790499433,-0.469051657708937,-3.27734079861479,0.0,0.0,0.0
18.09000000000003,0.0,0.0,0.5282328051137282,0.0,0.0,0.0,0.0,0.0,0.0,1.1803790723265069,-0.5824801011891436,-3.406676065935147,1.1600708446837495,-0.48016957869900545,-3.2935849890475213,0.0,0.0,0.0
18.10000000000003,0.0,0.0,0.518494890651386,0.0,0.0,0.0,0.0,0.0,0.0,1.1790548067441415,-0.5925471255975436,-3.4212443121080565,1.1620740433481094,-0.4912365084689614,-3.30962056012428,0.0,0.0,0.0
18.11000000000003,0.0,0.0,0.5084900940455623,0.0,0.0,0.0,0.0,0.0,0.0,1.1771920001359606,-0.6025562241956011,-3.435577221059144,1.1635097796990757,-0.5022506221434664,-3.3254438499670362,0.0,0.0,0.0
18.120000000000033,0.0,0.0,0.4982244786317741,0.0,0.0,0.0,0.0,0.0,0.0,1.174794166122894,-0.6125056774007382,-3.4496718833490627,1.1643812035543069,-0.5132101364634297,-3.3410513149127157,0.0,0.0,0.0
18.130000000000035,0.0,0.0,0.48770429750603184,0.0,0.0,0.0,0.0,0.0,0.0,1.1718648752435787,-0.6223937620804447,-3.4635254648383764,1.1646918537803703,-0.5241133041549688,-3.3564395252654022,0.0,0.0,0.0
18.140000000000036,0.0,0.0,0.47693598814034727,0.0,0.0,0.0,0.0,0.0,0.0,1.1684077259033643,-0.6322187495704847,-3.477135205153753,1.1644456083902428,-0.5349584087766306,-3.371605161277214,0.0,0.0,0.0
18.150000000000038,0.0,0.0,0.46592616700710343,0.0,0.0,0.0,0.0,0.0,0.0,1.16442631221878,-0.6419789036274164,-3.490498416475372,1.1636466397414047,-0.5457437599930081,-3.3865450094013427,0.0,0.0,0.0
18.16000000000004,0.0,0.0,0.45468162421333014,0.0,0.0,0.0,0.0,0.0,0.0,1.1599241879334727,-0.6516724782952372,-3.503612482653457,1.1622993738239475,-0.5564676892321305,-3.401255958866365,0.0,0.0,0.0
18.17000000000004,0.0,0.0,0.44320931814892434,0.0,0.0,0.0,0.0,0.0,0.0,1.1549048255539232,-0.6612977156592854,-3.5164748586571513,1.1604084526820444,-0.5671285456899096,-3.415734998621425,0.0,0.0,0.0
18.180000000000042,0.0,0.0,0.4315163701564643,0.0,0.0,0.0,0.0,0.0,0.0,1.149371569840545,-0.6708528434549628,-3.5290830703551967,1.157978699039941,-0.5777246926481165,-3.429979214698811,0.0,0.0,0.0
18.190000000000044,0.0,0.0,0.41961005923454586,0.0,0.0,0.0,0.0,0.0,0.0,1.1433275847740478,-0.6803360724940504,-3.541434714626436,1.155015082218818,-0.5882545040741642,-3.44398578803519,0.0,0.0,0.0
18.200000000000045,0.0,0.0,0.4074971984507434,0.0,0.0,0.0,0.0,0.0,0.0,1.13674822579919,-0.6897457065488983,-3.553531708600972,1.151522684444006,-0.598716361470828,-3.4577519927860307,0.0,0.0,0.0
18.210000000000047,0.0,0.0,0.3951857781173595,0.0,0.0,0.0,0.0,0.0,0.0,1.129651453517694,-0.6990787019043578,-3.565364805527216,1.1475134217579155,-0.6091086268174906,-3.471274044851502,0.0,0.0,0.0
18.22000000000005,0.0,0.0,0.38268436067393946,0.0,0.0,0.0,0.0,0.0,0.0,1.12207764776538,-0.7083339363041232,-3.5769292950291316,1.142989557523115,-0.6194304432040132,-3.4845536841387483,0.0,0.0,0.0
18.23000000000005,0.0,0.0,0.3700005152020768,0.0,0.0,0.0,0.0,0.0,0.0,1.1140182404253367,-0.7175110824533797,-3.5882306448397325,1.1379330769283844,-0.6296794270045729,-3.497587984100613,0.0,0.0,0.0
18.24000000000005,0.0,0.0,0.3571420100986313,0.0,0.0,0.0,0.0,0.0,0.0,1.105465300637567,-0.7266073785008049,-3.599264976200656,1.1323610449525348,-0.6398529069114165,-3.5103675122853857,0.0,0.0,0.0
18.250000000000053,0.0,0.0,0.34411683822651695,0.0,0.0,0.0,0.0,0.0,0.0,1.096413847661131,-0.7356206915402002,-3.610030505936546,1.1262865268415208,-0.6499501580044217,-3.5228933751725653,0.0,0.0,0.0
18.260000000000055,0.0,0.0,0.3309331911074817,0.0,0.0,0.0,0.0,0.0,0.0,1.0868609773319067,-0.744548822775287,-3.6205249911278905,1.1197178160359773,-0.659969750396187,-3.5351638766392717,0.0,0.0,0.0
18.270000000000056,0.0,0.0,0.3175994400120575,0.0,0.0,0.0,0.0,0.0,0.0,1.0768055830965757,-0.7533896575704522,-3.6307463481725493,1.1126603356023304,-0.6699102018914233,-3.5471776129038237,0.0,0.0,0.0
18.280000000000058,0.0,0.0,0.30412414689269673,0.0,0.0,0.0,0.0,0.0,0.0,1.0662480488883808,-0.7621411899605097,-3.6406924912698884,1.1051176293794818,-0.6797698761825508,-3.558932838800605,0.0,0.0,0.0
18.29000000000006,0.0,0.0,0.2905160851607044,0.0,0.0,0.0,0.0,0.0,0.0,1.0551900422073688,-0.7708016207984469,-3.65036136684598,1.0970921694623261,-0.6895470330160807,-3.570427705480961,0.0,0.0,0.0
18.30000000000006,0.0,0.0,0.27678423594993506,0.0,0.0,0.0,0.0,0.0,0.0,1.0436343537793524,-0.7793693752803579,-3.659750965323551,1.0885859080307343,-0.6992398199482945,-3.5816602563396223,0.0,0.0,0.0
18.310000000000063,0.0,0.0,0.2629370318528128,0.0,0.0,0.0,0.0,0.0,0.0,1.0315342739086542,-0.7878432895767684,-3.668867255005776,1.0796006724242062,-0.7088463141815401,-3.5926284528300116,0.0,0.0,0.0
18.320000000000064,0.0,0.0,0.24898363509118218,0.0,0.0,0.0,0.0,0.0,0.0,1.0188690403663876,-0.7962199942901202,-3.677703668012312,1.0701506287118785,-0.7183645294122301,-3.603328065370104,0.0,0.0,0.0
18.330000000000066,0.0,0.0,0.23493407484131945,0.0,0.0,0.0,0.0,0.0,0.0,1.0056624484195873,-0.8044978273298984,-3.686252617928965,1.0602456999127545,-0.727794077000978,-3.613762661195799,0.0,0.0,0.0
18.340000000000067,0.0,0.0,0.22079804117583457,0.0,0.0,0.0,0.0,0.0,0.0,0.9919043543143586,-0.8126773226060844,-3.694518787413665,1.0498608259254967,-0.7371330440166212,-3.6239341802682343,0.0,0.0,0.0
18.35000000000007,0.0,0.0,0.20658539530706138,0.0,0.0,0.0,0.0,0.0,0.0,0.9775818044683697,-0.8207569889523443,-3.7024994744518147,1.038996028719391,-0.7463781751629681,-3.633834298689389,0.0,0.0,0.0
18.36000000000007,0.0,0.0,0.1923062049097911,0.0,0.0,0.0,0.0,0.0,0.0,0.9626814931608298,-0.8287359538382284,-3.710193615469391,1.0276514549460347,-0.7555282462529928,-3.643463391282134,0.0,0.0,0.0
18.370000000000072,0.0,0.0,0.17796982475508888,0.0,0.0,0.0,0.0,0.0,0.0,0.9472171060528154,-0.8366661873824048,-3.717791104510664,1.0158253800641737,-0.7645816509050167,-3.652819939320511,0.0,0.0,0.0
18.380000000000074,0.0,0.0,0.16358668103766716,0.0,0.0,0.0,0.0,0.0,0.0,0.9311139929212597,-0.8444344488151572,-3.724900453751525,1.0034938528747512,-0.7735005013620623,-3.6617491635247137,0.0,0.0,0.0
18.390000000000075,0.0,0.0,0.14916826537093347,0.0,0.0,0.0,0.0,0.0,0.0,0.9144015034524464,-0.8521135425789681,-3.731765983397717,0.990705282136021,-0.7823744897617813,-3.6706334920961985,0.0,0.0,0.0
18.400000000000077,0.0,0.0,0.13472537135551457,0.0,0.0,0.0,0.0,0.0,0.0,0.897060003544518,-0.8596865322506395,-3.7383288652078646,0.9774127530615883,-0.7911342814834623,-3.67918694146433,0.0,0.0,0.0
18.41000000000008,0.0,0.0,0.1202689828682045,0.0,0.0,0.0,0.0,0.0,0.0,0.8790835110392268,-0.8671573719264556,-3.744601027146295,0.9636184338609761,-0.7997943392929469,-3.6874747823666505,0.0,0.0,0.0
18.42000000000008,0.0,0.0,0.10581020366326047,0.0,0.0,0.0,0.0,0.0,0.0,0.8604668569426206,-0.8745253354546723,-3.7505775174601452,0.9493124299931194,-0.8083498257644544,-3.6954801250463745,0.0,0.0,0.0
18.43000000000008,0.0,0.0,0.09136023714623528,0.0,0.0,0.0,0.0,0.0,0.0,0.8412097301869084,-0.8817911197314374,-3.7562572406854127,0.9344868420355873,-0.816800591117104,-3.7032052400432116,0.0,0.0,0.0
18.440000000000083,0.0,0.0,0.07693034373904506,0.0,0.0,0.0,0.0,0.0,0.0,0.8213165981622987,-0.8889554062424296,-3.7616380873074844,0.9191330029328578,-0.8251454614833695,-3.7106475634057,0.0,0.0,0.0
18.450000000000085,0.0,0.0,0.06253179603632436,0.0,0.0,0.0,0.0,0.0,0.0,0.8007973909012485,-0.8960191995724793,-3.766718126106815,0.9032427939320556,-0.8333836168503282,-3.717805331685707,0.0,0.0,0.0
18.460000000000086,0.0,0.0,0.048175828592767256,0.0,0.0,0.0,0.0,0.0,0.0,0.779667733559767,-0.902983727748059,-3.771495378523163,0.8868091003025602,-0.841514287439806,-3.7246762404675833,0.0,0.0,0.0
18.470000000000088,0.0,0.0,0.03387358631041171,0.0,0.0,0.0,0.0,0.0,0.0,0.7579489700512694,-0.9098504294926584,-3.775967935644575,0.8698265311981288,-0.8495368559051009,-3.7312577719805438,0.0,0.0,0.0
18.48000000000009,0.0,0.0,0.019636073702677337,0.0,0.0,0.0,0.0,0.0,0.0,0.7356679082195008,-0.9166209045386395,-3.7801339972703074,0.8522920943341785,-0.8574508662098245,-3.737547155466114,0.0,0.0,0.0
18.49000000000009,0.0,0.0,0.0054741076720921655,0.0,0.0,0.0,0.0,0.0,0.0,0.7128563217687778,-0.9232968583226153,-3.7839919261336963,0.8342058424502277,-0.8652560546829515,-3.7435414400116827,0.0,0.0,0.0
18.500000000000092,0.0,0.0,-0.00860172396741049,0.0,0.0,0.0,0.0,0.0,0.0,0.6895502481587319,-0.9298800372550304,-3.7875402898146513,0.8155714298246849,-0.8729523722777952,-3.749237563712705,0.0,0.0,0.0
18.510000000000094,0.0,0.0,-0.0225810965518915,0.0,0.0,0.0,0.0,0.0,0.0,0.6657891420764415,-0.9363721601789687,-3.790777892574287,0.7963965401193177,-0.8805400015723589,-3.754632440548068,0.0,0.0,0.0
18.520000000000095,0.0,0.0,-0.03645398603203276,0.0,0.0,0.0,0.0,0.0,0.0,0.6416281933807042,-0.9427748222366592,-3.7937019357547554,0.7766931528728059,-0.8880193641911738,-3.7597230518976748,0.0,0.0,0.0
18.530000000000097,0.0,0.0,-0.05021070142415107,0.0,0.0,0.0,0.0,0.0,0.0,0.6171114284463082,-0.9490900656063426,-3.796313764538316,0.7564746790200936,-0.8953911233194015,-3.764507035432709,0.0,0.0,0.0
18.5400000000001,0.0,0.0,-0.06384184692976597,0.0,0.0,0.0,0.0,0.0,0.0,0.592269331282933,-0.9553190019953695,-3.7986145617446514,0.7357613404880521,-0.9026557380303953,-3.7689801904772366,0.0,0.0,0.0
18.5500000000001,0.0,0.0,-0.07733832903029542,0.0,0.0,0.0,0.0,0.0,0.0,0.5671446135185694,-0.9614619447873931,-3.8006022070348635,0.7145866097694136,-0.9098145217264362,-3.7731397132672937,0.0,0.0,0.0
18.5600000000001,0.0,0.0,-0.0906913500454079,0.0,0.0,0.0,0.0,0.0,0.0,0.5417797702744156,-0.967519688334793,-3.8022771414151704,0.6929783720163804,-0.916869260975549,-3.776985922871537,0.0,0.0,0.0
18.570000000000103,0.0,0.0,-0.10389241683429068,0.0,0.0,0.0,0.0,0.0,0.0,0.5162159480156399,-0.9734925439327649,-3.8036394787365335,0.6709671525952432,-0.9238210996597425,-3.7805167866788985,0.0,0.0,0.0
18.580000000000105,0.0,0.0,-0.11693333106482184,0.0,0.0,0.0,0.0,0.0,0.0,0.4904926583667777,-0.9793805229286918,-3.804689615032827,0.6485860706564558,-0.9306713984391649,-3.7837312553328086,0.0,0.0,0.0
18.590000000000106,0.0,0.0,-0.1298061781436523,0.0,0.0,0.0,0.0,0.0,0.0,0.4646475014797815,-0.9851832838914802,-3.805428054330333,0.6258701492477395,-0.9374214868339377,-3.7866285249375204,0.0,0.0,0.0
18.600000000000108,0.0,0.0,-0.14250331542209166,0.0,0.0,0.0,0.0,0.0,0.0,0.43871601414750594,-0.9909001446084211,-3.805855420830042,0.6028557339803203,-0.9440726551249558,-3.78920818873392,0.0,0.0,0.0
18.61000000000011,0.0,0.0,-0.15501736050671716,0.0,0.0,0.0,0.0,0.0,0.0,0.41273159640010615,-0.9965300859208224,-3.8059724303661184,0.579579925012248,-0.9506260929561837,-3.7914701674239066,0.0,0.0,0.0
18.62000000000011,0.0,0.0,-0.1673411800667417,0.0,0.0,0.0,0.0,0.0,0.0,0.38672550718437537,-1.0020717629811737,-3.8057798749228224,0.5560800669382819,-0.9570828461970344,-3.793414683349367,0.0,0.0,0.0
18.630000000000113,0.0,0.0,-0.179467879388643,0.0,0.0,0.0,0.0,0.0,0.0,0.36072691165185966,-1.007523518893132,-3.8052786077993233,0.5323933010547303,-0.9634437765427306,-3.795042219939846,0.0,0.0,0.0
18.640000000000114,0.0,0.0,-0.19139079276757992,0.0,0.0,0.0,0.0,0.0,0.0,0.33476296623848145,-1.0128834007886414,-3.8044695322297377,0.5085561868783788,-0.9697095282624137,-3.7963534831991135,0.0,0.0,0.0
18.650000000000116,0.0,0.0,-0.20310347471969764,0.0,0.0,0.0,0.0,0.0,0.0,0.3088589293909585,-1.018149177463291,-3.8033535925206317,0.48460439342894673,-0.9758805013140652,-3.797349363743407,0.0,0.0,0.0
18.660000000000117,0.0,0.0,-0.21459969192891815,0.0,0.0,0.0,0.0,0.0,0.0,0.2830382881587725,-1.0233183581541163,-3.80193176754585,0.4605724576575429,-0.9819568308686917,-3.79803090153596,0.0,0.0,0.0
18.67000000000012,0.0,0.0,-0.22587341580480624,0.0,0.0,0.0,0.0,0.0,0.0,0.2573228929806146,-1.0283882121409174,-3.8002050662184423,0.43649360483033633,-0.9879383728062888,-3.7983992540126725,0.0,0.0,0.0
18.68000000000012,0.0,0.0,-0.23691881551598776,0.0,0.0,0.0,0.0,0.0,0.0,0.23173309488161076,-1.0333557889889549,-3.798174524613729,0.41239962417002085,-0.9938246946784526,-3.798455668118797,0.0,0.0,0.0
18.690000000000122,0.0,0.0,-0.2477302513698283,0.0,0.0,0.0,0.0,0.0,0.0,0.2062878808719124,-1.0382179393324926,-3.7958412044326053,0.38832079231210687,-0.9996150715576715,-3.798201456406702,0.0,0.0,0.0
18.700000000000124,0.0,0.0,-0.2583022684274369,0.0,0.0,0.0,0.0,0.0,0.0,0.18100500460665803,-1.0429713361521742,-3.7932061925313505,0.3642858369949642,-1.0053084861892567,-3.797637977124218,0.0,0.0,0.0
18.710000000000125,0.0,0.0,-0.26862959026802724,0.0,0.0,0.0,0.0,0.0,0.0,0.15590111036583654,-1.0476124965234548,-3.7902706012813177,0.3403219336888577,-1.0109036328897698,-3.796766618061378,0.0,0.0,0.0
18.720000000000127,0.0,0.0,-0.27870711284446753,0.0,0.0,0.0,0.0,0.0,0.0,0.13099184923726348,-1.0521378037987144,-3.787035569558868,0.31645472842859046,-1.0163989246866632,-3.7955887838257274,0.0,0.0,0.0
18.73000000000013,0.0,0.0,-0.2885298984238597,0.0,0.0,0.0,0.0,0.0,0.0,0.10629203085419658,-1.0565435163696675,-3.7835022642289124,0.2927083808166144,-1.021792503259044,-3.7941058861654775,0.0,0.0,0.0
18.74000000000013,0.0,0.0,-0.29809316938191305,0.0,0.0,0.0,0.0,0.0,0.0,0.08181582310284585,-1.060825759891078,-3.7796718822250934,0.26910561401839095,-1.027082254611152,-3.7923193369375494,0.0,0.0,0.0
18.75000000000013,0.0,0.0,-0.3073923012536118,0.0,0.0,0.0,0.0,0.0,0.0,0.05757688138102224,-1.0649805392941092,-3.7755456532334466,0.2456677649700163,-1.0322658311101593,-3.7902305432754066,0.0,0.0,0.0
18.760000000000133,0.0,0.0,-0.31642281517767423,0.0,0.0,0.0,0.0,0.0,0.0,0.03358839023357363,-1.0690037736629203,-3.7711248423362154,0.2224148673370094,-1.0373406646162777,-3.787840904721669,0.0,0.0,0.0
18.770000000000135,0.0,0.0,-0.32518037070947814,0.0,0.0,0.0,0.0,0.0,0.0,0.009863095318771498,-1.0728913306004015,-3.7664107521253705,0.19936576838747636,-1.0423039689345655,-3.785151812361927,0.0,0.0,0.0
18.780000000000136,0.0,0.0,-0.3336607594314838,0.0,0.0,0.0,0.0,0.0,0.0,-0.013586666532731329,-1.076639059220811,-3.7614047245731843,0.17653823494810075,-1.0471527484677658,-3.782164649596741,0.0,0.0,0.0
18.790000000000138,0.0,0.0,-0.34185989932666644,0.0,0.0,0.0,0.0,0.0,0.0,-0.03674893959181036,-1.0802428220286728,-3.756108142943134,0.1539490461366189,-1.05188381228557,-3.7788807937536184,0.0,0.0,0.0
18.80000000000014,0.0,0.0,-0.34977382989259825,0.0,0.0,0.0,0.0,0.0,0.0,-0.05961212404144134,-1.0836985257710214,-3.7505224336363447,0.13161407491477453,-1.056493792289482,-3.7753016180772363,0.0,0.0,0.0
18.81000000000014,0.0,0.0,-0.3573987079840227,0.0,0.0,0.0,0.0,0.0,0.0,-0.08216495327924567,-1.087002151366676,-3.7446490679574587,0.10954836004456653,-1.0609791645286768,-3.771428494090594,0.0,0.0,0.0
18.820000000000142,0.0,0.0,-0.364730804377131,0.0,0.0,0.0,0.0,0.0,0.0,-0.10439647358891624,-1.0901497830339015,-3.738489563770363,0.08776616964790802,-1.06533627288387,-3.7672627942234467,0.0,0.0,0.0
18.830000000000144,0.0,0.0,-0.371766501051646,0.0,0.0,0.0,0.0,0.0,0.0,-0.12629602589786826,-1.0931376367350616,-3.732045487022004,0.06628105734793255,-1.0695613544819313,-3.762805894629036,0.0,0.0,0.0
18.840000000000146,0.0,0.0,-0.37850228918805784,0.0,0.0,0.0,0.0,0.0,0.0,-0.14785322923787647,-1.095962088068012,-3.725318453114372,0.045105911788643614,-1.073650566330431,-3.7580591781108024,0.0,0.0,0.0
18.850000000000147,0.0,0.0,-0.3849347678775119,0.0,0.0,0.0,0.0,0.0,0.0,-0.16905796558438557,-1.0986196997856985,-3.718310128107001,0.024253000196279954,-1.077600012770181,-3.753024037088307,0.0,0.0,0.0
18.86000000000015,0.0,0.0,-0.39105392321791344,0.0,0.0,0.0,0.0,0.0,0.0,-0.19049274951321027,-1.1011067135422579,-3.711073127585768,-0.025864622274648676,-1.0814057734163975,-3.747701876537748,0.0,0.0,0.0
18.87000000000015,0.0,0.0,-0.39685771664351455,0.0,0.0,0.0,0.0,0.0,0.0,-0.2120273975049538,-1.1034027882088768,-3.703542440230735,-0.042845935643152505,-1.0850640612812241,-3.742080444533957,0.0,0.0,0.0
18.88000000000015,0.0,0.0,-0.40235066160242644,0.0,0.0,0.0,0.0,0.0,0.0,-0.23295962164349215,-1.1055141752110327,-3.695682343406082,-0.06048598780357563,-1.088583916936858,-3.7362074815536626,0.0,0.0,0.0
18.890000000000153,0.0,0.0,-0.40752925349692304,0.0,0.0,0.0,0.0,0.0,0.0,-0.25332632972226654,-1.1074590275351968,-3.687560943483316,-0.07895363529837274,-1.0919499252131075,-3.730089690822698,0.0,0.0,0.0
18.900000000000155,0.0,0.0,-0.412390307281783,0.0,0.0,0.0,0.0,0.0,0.0,-0.27316908321758415,-1.1092282375145204,-3.6791658609921,-0.0980877613560727,-1.0951414383583793,-3.723659098542478,0.0,0.0,0.0
18.910000000000156,0.0,0.0,-0.4169307636939962,0.0,0.0,0.0,0.0,0.0,0.0,-0.29252044247250497,-1.110819543062652,-3.670502662554854,-0.11773615210858768,-1.0981646203985864,-3.7169394628638392,0.0,0.0,0.0
18.920000000000158,0.0,0.0,-0.4211477894553285,0.0,0.0,0.0,0.0,0.0,0.0,-0.311405892528001,-1.1122297209188297,-3.6615726830215225,-0.13776242340159053,-1.1010180906638165,-3.709932499426316,0.0,0.0,0.0
18.93000000000016,0.0,0.0,-0.425038881288597,0.0,0.0,0.0,0.0,0.0,0.0,-0.3298438740615752,-1.113455852270572,-3.6523783350524615,-0.15804416609964625,-1.1037010557218092,-3.702643808006644,0.0,0.0,0.0
18.94000000000016,0.0,0.0,-0.4286018836220201,0.0,0.0,0.0,0.0,0.0,0.0,-0.3478465816099463,-1.1144947047105638,-3.6429218442250155,-0.17847236527756788,-1.1062119676535065,-3.6950770644088475,0.0,0.0,0.0
18.950000000000163,0.0,0.0,-0.4318349667376167,0.0,0.0,0.0,0.0,0.0,0.0,-0.3654207460706771,-1.115342790202753,-3.6332055403958345,-0.1989503549993407,-1.1085491287844627,-3.6872356926701704,0.0,0.0,0.0
18.960000000000164,0.0,0.0,-0.43473659983311214,0.0,0.0,0.0,0.0,0.0,0.0,-0.3825684740876083,-1.1159963254992906,-3.6232318106734382,-0.2193927817352341,-1.1107106177135007,-3.67912268273008,0.0,0.0,0.0
18.970000000000166,0.0,0.0,-0.43730552039834736,0.0,0.0,0.0,0.0,0.0,0.0,-0.399288057254523,-1.1164512331053174,-3.613003122704844,-0.23972451855211696,-1.1126943149807575,-3.6707407711787563,0.0,0.0,0.0
18.980000000000167,0.0,0.0,-0.4395407010818968,0.0,0.0,0.0,0.0,0.0,0.0,-0.4155747254015598,-1.116703152630825,-3.6025220243885134,-0.259879590473127,-1.1144978920772717,-3.6620925144123944,0.0,0.0,0.0
18.99000000000017,0.0,0.0,-0.441441205319592,0.0,0.0,0.0,0.0,0.0,0.0,-0.43143101531931793,-1.1167474548634782,-3.5917918532692807,-0.27980013708110707,-1.1161188000643263,-3.653180364928257,0.0,0.0,0.0
19.00000000000017,0.0,0.0,-0.4430063156258873,0.0,0.0,0.0,0.0,0.0,0.0,-0.4468530351066915,-1.1165790740457444,-3.5808148983831467,-0.2994336492172691,-1.117554257663458,-3.6440065348707584,0.0,0.0,0.0
19.010000000000172,0.0,0.0,-0.44423555083807953,0.0,0.0,0.0,0.0,0.0,0.0,-0.46182628704300543,-1.1161930073521966,-3.5695933459083418,-0.31873442820326503,-1.1188014110832762,-3.634573928391287,0.0,0.0,0.0
19.020000000000174,0.0,0.0,-0.4451284759837836,0.0,0.0,0.0,0.0,0.0,0.0,-0.47634048156790154,-1.115584395972237,-3.5581304886133234,-0.3376675190582684,-1.1198569238374667,-3.6248853414291444,0.0,0.0,0.0
19.030000000000175,0.0,0.0,-0.4456847344600817,0.0,0.0,0.0,0.0,0.0,0.0,-0.49038494595789306,-1.1147481948707068,-3.546429116325157,-0.3561997500378764,-1.1207170342302184,-3.6149426740818114,0.0,0.0,0.0
19.040000000000177,0.0,0.0,-0.4459040256961741,0.0,0.0,0.0,0.0,0.0,0.0,-0.5039488089788027,-1.1136794973002155,-3.5344921971995333,-0.37430195569952646,-1.121377933649012,-3.604748531415644,0.0,0.0,0.0
19.05000000000018,0.0,0.0,-0.44578608839471806,0.0,0.0,0.0,0.0,0.0,0.0,-0.5170212442240394,-1.1123735736126314,-3.522322715573324,-0.3919484931553964,-1.1218355379993097,-3.594305425026219,0.0,0.0,0.0
19.06000000000018,0.0,0.0,-0.4453306892974851,0.0,0.0,0.0,0.0,0.0,0.0,-0.5295916538308199,-1.1108259763690982,-3.5099237030515344,-0.4091167587880284,-1.1220855685867435,-3.5836159527193976,0.0,0.0,0.0
19.07000000000018,0.0,0.0,-0.4445376181040884,0.0,0.0,0.0,0.0,0.0,0.0,-0.5416498164852445,-1.109032627835946,-3.4972982260207752,-0.4257867857376162,-1.122123576982026,-3.572682751755886,0.0,0.0,0.0
19.080000000000183,0.0,0.0,-0.44340668866479066,0.0,0.0,0.0,0.0,0.0,0.0,-0.553186002690875,-1.1069899052925662,-3.4844493847875295,-0.4419409018002686,-1.1219449962045787,-3.561508502302782,0.0,0.0,0.0
19.090000000000185,0.0,0.0,-0.4419377463302823,0.0,0.0,0.0,0.0,0.0,0.0,-0.5641910643036917,-1.1046947173386652,-3.4713803113975406,-0.4575634430271749,-1.1215451980407387,-3.550095918206976,0.0,0.0,0.0
19.100000000000186,0.0,0.0,-0.4401306811241377,0.0,0.0,0.0,0.0,0.0,0.0,-0.5746565034730245,-1.1021445702011157,-3.458094169077647,-0.4726405148724775,-1.1209195592054162,-3.5384477409828468,0.0,0.0,0.0
19.110000000000188,0.0,0.0,-0.437985446221203,0.0,0.0,0.0,0.0,0.0,0.0,-0.5845745256857565,-1.0993376222879858,-3.4445941524731962,-0.48715979414269606,-1.1200635332104971,-3.526566734151682,0.0,0.0,0.0
19.12000000000019,0.0,0.0,-0.4355020810662415,0.0,0.0,0.0,0.0,0.0,0.0,-0.5939380809326198,-1.0962727259973377,-3.4308834887029267,-0.5011103654651424,-1.1189727258831201,-3.514455679196762,0.0,0.0,0.0
19.13000000000019,0.0,0.0,-0.43268073835353876,0.0,0.0,0.0,0.0,0.0,0.0,-0.6027408965039233,-1.0929494561502615,-3.4169654390370647,-0.5144825867746157,-1.1176429721110355,-3.502117373202235,0.0,0.0,0.0
19.140000000000192,0.0,0.0,-0.4295217140077849,0.0,0.0,0.0,0.0,0.0,0.0,-0.6109775044931408,-1.0893681248129772,-3.402843301050084,-0.5272679790531511,-1.1160704115119309,-3.4895546283313554,0.0,0.0,0.0
19.150000000000194,0.0,0.0,-0.4260254792572173,0.0,0.0,0.0,0.0,0.0,0.0,-0.6186432667628455,-1.0855297825955454,-3.3885204110931935,-0.5394591362836272,-1.1142515608501748,-3.47677027312332,0.0,0.0,0.0
19.160000000000196,0.0,0.0,-0.42219271386806356,0.0,0.0,0.0,0.0,0.0,0.0,-0.6257343999026937,-1.0814362067898786,-3.374000146944147,-0.5510496522554935,-1.1121833812397184,-3.463767155508918,0.0,0.0,0.0
19.170000000000197,0.0,0.0,-0.41802433961169744,0.0,0.0,0.0,0.0,0.0,0.0,-0.6322480025826958,-1.077089876936042,-3.3592859305049783,-0.5620340614825288,-1.1098633384289505,-3.4505481473754664,0.0,0.0,0.0
19.1800000000002,0.0,0.0,-0.4135215530592479,0.0,0.0,0.0,0.0,0.0,0.0,-0.638182087673224,-1.0724939385887038,-3.3443812304347356,-0.5724077920535495,-1.1072894547481975,-3.437116150467612,0.0,0.0,0.0
19.1900000000002,0.0,0.0,-0.4086858568400562,0.0,0.0,0.0,0.0,0.0,0.0,-0.6435356215576938,-1.0676521561989984,-3.3292895646222247,-0.5821671287399924,-1.10446035159619,-3.4234741033846654,0.0,0.0,0.0
19.200000000000202,0.0,0.0,-0.4035190885575132,0.0,0.0,0.0,0.0,0.0,0.0,-0.6483085731755748,-1.0625688561332942,-3.314014502422216,-0.5913091851368268,-1.1013752816366127,-3.409624989424751,0.0,0.0,0.0
19.210000000000203,0.0,0.0,-0.3980234466271815,0.0,0.0,0.0,0.0,0.0,0.0,-0.6525019753870436,-1.0572488609221478,-3.298559666591392,-0.5998318840290224,-1.0980341501609288,-3.395571845028979,0.0,0.0,0.0
19.220000000000205,0.0,0.0,-0.39220151239050505,0.0,0.0,0.0,0.0,0.0,0.0,-0.656118000488959,-1.051697415875719,-3.282928734827503,-0.6077339455877221,-1.0944375253421945,-3.381317768592775,0.0,0.0,0.0
19.230000000000206,0.0,0.0,-0.38605627270514664,0.0,0.0,0.0,0.0,0.0,0.0,-0.6591594808817465,-1.0459201124412494,-3.2671254051606033,-0.6150148835718244,-1.0905866373503577,-3.3668659294424823,0.0,0.0,0.0
19.240000000000208,0.0,0.0,-0.379591144643939,0.0,0.0,0.0,0.0,0.0,0.0,-0.6616285441557334,-1.0399228221704728,-3.2511533429337516,-0.6216751320076488,-1.086483365730903,-3.3522195864791438,0.0,0.0,0.0
19.25000000000021,0.0,0.0,-0.3728099897459639,0.0,0.0,0.0,0.0,0.0,0.0,-0.663525735711246,-1.0337116367041213,-3.2350162107032756,-0.6277163870389765,-1.0821302066284768,-3.337382091364593,0.0,0.0,0.0
19.26000000000021,0.0,0.0,-0.36571711481823166,0.0,0.0,0.0,0.0,0.0,0.0,-0.6648500020272406,-1.027292782704892,-3.218717708234622,-0.6331416431706081,-1.0775302249489196,-3.3223568354973296,0.0,0.0,0.0
19.270000000000213,0.0,0.0,-0.35831726587419827,0.0,0.0,0.0,0.0,0.0,0.0,-0.6655987643617223,-1.0206725181770997,-3.2022615673082537,-0.6379547209813976,-1.0726870189364381,-3.3071472210377726,0.0,0.0,0.0
19.280000000000214,0.0,0.0,-0.350615615305667,0.0,0.0,0.0,0.0,0.0,0.0,-0.6657680712282965,-1.0138570298263434,-3.185651555655049,-0.6421598315475424,-1.0676046879943093,-3.2917566845564017,0.0,0.0,0.0
19.290000000000216,0.0,0.0,-0.3426183359489517,0.0,0.0,0.0,0.0,0.0,0.0,-0.6653679165073819,-1.006778224070393,-3.1686255014439273,-0.6457611945512117,-1.0622877861672289,-3.276188708673434,0.0,0.0,0.0
19.300000000000217,0.0,0.0,-0.33433133950898347,0.0,0.0,0.0,0.0,0.0,0.0,-0.6643546124617427,-0.9996297209618845,-3.1518150805014855,-0.6487525654611964,-1.0567976684689866,-3.2606634831797225,0.0,0.0,0.0
19.31000000000022,0.0,0.0,-0.3257601568545039,0.0,0.0,0.0,0.0,0.0,0.0,-0.6627499747638869,-0.9922739121358246,-3.1347784875873463,-0.6511660738279528,-1.0509779645142026,-3.2445730772841492,0.0,0.0,0.0
19.32000000000022,0.0,0.0,-0.3169114073801005,0.0,0.0,0.0,0.0,0.0,0.0,-0.66054110244588,-0.9847471796454395,-3.117621409749071,-0.6529796008358316,-1.0449753178707244,-3.2284410591701937,0.0,0.0,0.0
19.330000000000222,0.0,0.0,-0.3077919867197128,0.0,0.0,0.0,0.0,0.0,0.0,-0.6577230373876365,-0.9770470487474379,-3.100322924064656,-0.654200826970084,-1.038761257301408,-3.2121451782030706,0.0,0.0,0.0
19.340000000000224,0.0,0.0,-0.29840591492098967,0.0,0.0,0.0,0.0,0.0,0.0,-0.6542895430030081,-0.9691590157610008,-3.0828981444589294,-0.6548295996022866,-1.0323468127684716,-3.195713527066416,0.0,0.0,0.0
19.350000000000225,0.0,0.0,-0.2887617873343998,0.0,0.0,0.0,0.0,0.0,0.0,-0.6502360121738051,-0.9610957749462901,-3.065339652564726,-0.6548665408787742,-1.0257392801554306,-3.1791380030200176,0.0,0.0,0.0
19.360000000000227,0.0,0.0,-0.27887149851458615,0.0,0.0,0.0,0.0,0.0,0.0,-0.6455581726144618,-0.9528883778921076,-3.047648428841794,-0.654310902434234,-1.0189423517595217,-3.162427108525402,0.0,0.0,0.0
19.37000000000023,0.0,0.0,-0.2687415139706777,0.0,0.0,0.0,0.0,0.0,0.0,-0.6402530497147146,-0.9445318006581571,-3.029838700990836,-0.6531619974708485,-1.0119429883234174,-3.1455810774654562,0.0,0.0,0.0
19.38000000000023,0.0,0.0,-0.25837827057390644,0.0,0.0,0.0,0.0,0.0,0.0,-0.6343200349693264,-0.9360181829278318,-3.0119121678750993,-0.6514187269463955,-1.004753172796774,-3.1285923739320562,0.0,0.0,0.0
19.39000000000023,0.0,0.0,-0.2477883198158497,0.0,0.0,0.0,0.0,0.0,0.0,-0.6277600185365779,-0.9273418557393991,-2.993873337511274,-0.6490792050894229,-0.9973842037010916,-3.1114681093974834,0.0,0.0,0.0
19.400000000000233,0.0,0.0,-0.2369783391062667,0.0,0.0,0.0,0.0,0.0,0.0,-0.620575734284798,-0.9184980981827691,-2.975726113316229,-0.6461418733663421,-0.9898428323320674,-3.094211862715556,0.0,0.0,0.0
19.410000000000235,0.0,0.0,-0.2259551388305302,0.0,0.0,0.0,0.0,0.0,0.0,-0.6127717981761921,-0.9094831581357186,-2.9574746052852965,-0.6426055126479999,-0.9821332952037054,-3.0768278143266654,0.0,0.0,0.0
19.420000000000236,0.0,0.0,-0.21472566785619052,0.0,0.0,0.0,0.0,0.0,0.0,-0.6043547719503548,-0.9002940325226336,-2.9391229375883148,-0.6384694944680139,-0.9742578680666342,-3.0593198589211337,0.0,0.0,0.0
19.430000000000238,0.0,0.0,-0.20329701859471425,0.0,0.0,0.0,0.0,0.0,0.0,-0.5953331751757222,-0.8909283523985367,-2.9206752923113095,-0.6337339685582148,-0.9662175064608978,-3.041691885169,0.0,0.0,0.0
19.44000000000024,0.0,0.0,-0.19166778277500407,0.0,0.0,0.0,0.0,0.0,0.0,-0.5857176274369541,-0.8813501671391477,-2.9021451118057935,-0.6284000505119914,-0.9580122665435472,-3.023947760251468,0.0,0.0,0.0
19.45000000000024,0.0,0.0,-0.1798391398235903,0.0,0.0,0.0,0.0,0.0,0.0,-0.5755211598290176,-0.8715356506928407,-2.8835320198168644,-0.6224699531817618,-0.9496496391513765,-3.0060888347033563,0.0,0.0,0.0
19.460000000000242,0.0,0.0,-0.16781895105690897,0.0,0.0,0.0,0.0,0.0,0.0,-0.5647579989320294,-0.8614896938579153,-2.8648343662499736,-0.6159467688161591,-0.9411357182739476,-2.988125555817615,0.0,0.0,0.0
19.470000000000244,0.0,0.0,-0.15560904673054052,0.0,0.0,0.0,0.0,0.0,0.0,-0.5534437004372208,-0.8511964394896414,-2.8460635626995474,-0.6088355222416221,-0.932452545398101,-2.9700668151843623,0.0,0.0,0.0
19.480000000000246,0.0,0.0,-0.1432101137083846,0.0,0.0,0.0,0.0,0.0,0.0,-0.5415959873248749,-0.8406356496819707,-2.8272232091430736,-0.6011429824363872,-0.9235952812541942,-2.951910345849406,0.0,0.0,0.0
19.490000000000247,0.0,0.0,-0.1306218274766599,0.0,0.0,0.0,0.0,0.0,0.0,-0.5292338614126404,-0.8297860317597987,-2.8083185713191603,-0.5928769756779401,-0.9145596095761013,-2.9336633154900724,0.0,0.0,0.0
19.50000000000025,0.0,0.0,-0.11784292993073607,0.0,0.0,0.0,0.0,0.0,0.0,-0.5163775755471238,-0.8186251013125445,-2.789354383475419,-0.584047048991232,-0.9053387669661092,-2.915330894300445,0.0,0.0,0.0
19.51000000000025,0.0,0.0,-0.10487138351298742,0.0,0.0,0.0,0.0,0.0,0.0,-0.5030483990237085,-0.8071299117396102,-2.770335309814996,-0.5746643398152386,-0.8959240606424278,-2.8969187562757175,0.0,0.0,0.0
19.520000000000252,0.0,0.0,-0.0917046108604748,0.0,0.0,0.0,0.0,0.0,0.0,-0.48926841775203633,-0.7952777809380907,-2.751265775125261,-0.5647415849371498,-0.8863047223241666,-2.8784324081309265,0.0,0.0,0.0
19.530000000000253,0.0,0.0,-0.07834247663610727,0.0,0.0,0.0,0.0,0.0,0.0,-0.47508771774142144,-0.7829604586817589,-2.731759993187647,-0.5542930626482516,-0.8764679747720796,-2.8598772572379727,0.0,0.0,0.0
19.540000000000255,0.0,0.0,-0.06478289711550558,0.0,0.0,0.0,0.0,0.0,0.0,-0.46047113866849654,-0.7703400943575724,-2.712555872361218,-0.54331622468622,-0.8664630186871052,-2.8415789111004255,0.0,0.0,0.0
19.550000000000257,0.0,0.0,-0.05102178791702877,0.0,0.0,0.0,0.0,0.0,0.0,-0.44548028939191675,-0.7572838464704246,-2.6932096464251405,-0.5318719209655942,-0.856120485209355,-2.822790905173398,0.0,0.0,0.0
19.560000000000258,0.0,0.0,-0.037058550925648664,0.0,0.0,0.0,0.0,0.0,0.0,-0.4301297002843991,-0.7438052169086782,-2.6738272538436862,-0.5199464330557254,-0.84553359339355,-2.8040468807815344,0.0,0.0,0.0
19.57000000000026,0.0,0.0,-0.0228942034233601,0.0,0.0,0.0,0.0,0.0,0.0,-0.4144444027322802,-0.7298913891252181,-2.654385032483358,-0.5075666988114526,-0.8346587801653774,-2.7852246427333585,0.0,0.0,0.0
19.58000000000026,0.0,0.0,-0.008531838893777621,0.0,0.0,0.0,0.0,0.0,0.0,-0.3984463891899106,-0.7155424634130321,-2.634890057882103,-0.49475152345343526,-0.8234824388836964,-2.76635536195894,0.0,0.0,0.0
19.590000000000263,0.0,0.0,0.006023028681475945,0.0,0.0,0.0,0.0,0.0,0.0,-0.38215769956543877,-0.7007626868797674,-2.615342051883146,-0.4815226771867343,-0.8119844448639418,-2.7474329573368332,0.0,0.0,0.0
19.600000000000264,0.0,0.0,0.020762209137405147,0.0,0.0,0.0,0.0,0.0,0.0,-0.36559947572709817,-0.6855626169132929,-2.595742590300486,-0.4679020035322846,-0.8001476273008697,-2.7284595443162742,0.0,0.0,0.0
19.610000000000266,0.0,0.0,0.035674712662656344,0.0,0.0,0.0,0.0,0.0,0.0,-0.3487920134978755,-0.669958343841214,-2.576093045394379,-0.45391190768833123,-0.7879565081857931,-2.7094346696482905,0.0,0.0,0.0
19.620000000000267,0.0,0.0,0.05074675868156206,0.0,0.0,0.0,0.0,0.0,0.0,-0.3317545874158012,-0.6539710546930295,-2.556395206823072,-0.43957502652956554,-0.775398523776525,-2.6903579894472367,0.0,0.0,0.0
19.63000000000027,0.0,0.0,0.06596191112298797,0.0,0.0,0.0,0.0,0.0,0.0,-0.31450534161919763,-0.6376262314577805,-2.5366512466477316,-0.42491409876381553,-0.7624645694551955,-2.671228783845688,0.0,0.0,0.0
19.64000000000027,0.0,0.0,0.08130132153877745,0.0,0.0,0.0,0.0,0.0,0.0,-0.29706117044840497,-0.6209527340557832,-2.5168638165435,-0.4099517934983365,-0.749149540611077,-2.652046255642944,0.0,0.0,0.0
19.650000000000272,0.0,0.0,0.09674405420877241,0.0,0.0,0.0,0.0,0.0,0.0,-0.2794376019793927,-0.6039818040039244,-2.497036084944828,-0.394710558866888,-0.7354526625090981,-2.632809656070892,0.0,0.0,0.0
19.660000000000274,0.0,0.0,0.1122674636290927,0.0,0.0,0.0,0.0,0.0,0.0,-0.2616486758921335,-0.5867460724775146,-2.477171759105925,-0.3792124779749009,-0.7213776280001819,-2.613518450172342,0.0,0.0,0.0
19.670000000000275,0.0,0.0,0.12784770381309182,0.0,0.0,0.0,0.0,0.0,0.0,-0.24369002322414457,-0.5692786385236768,-2.4572733572876206,-0.3634791362626793,-0.7069325322313906,-2.5941724564856203,0.0,0.0,0.0
19.680000000000277,0.0,0.0,0.14345986580650408,0.0,0.0,0.0,0.0,0.0,0.0,-0.22558495985723992,-0.551612531785199,-2.4373487252042025,-0.3475346738351291,-0.692129621196451,-2.574772437762584,0.0,0.0,0.0
19.69000000000028,0.0,0.0,0.15907838924502324,0.0,0.0,0.0,0.0,0.0,0.0,-0.20736476699367623,-0.5337791099877311,-2.417403843794676,-0.33139724410759425,-0.6769846810301217,-2.5553174186841865,0.0,0.0,0.0
19.70000000000028,0.0,0.0,0.1746777192481981,0.0,0.0,0.0,0.0,0.0,0.0,-0.18902467102357168,-0.5158081684716955,-2.3974409291610685,-0.3150757718329823,-0.661517230728654,-2.5358092783049813,0.0,0.0,0.0
19.71000000000028,0.0,0.0,0.19023237265282605,0.0,0.0,0.0,0.0,0.0,0.0,-0.17056239205185864,-0.4977282676044157,-2.3774671465598844,-0.2985961257487313,-0.6457493333936675,-2.5162531515672866,0.0,0.0,0.0
19.720000000000283,0.0,0.0,0.20571718645035184,0.0,0.0,0.0,0.0,0.0,0.0,-0.151978664315372,-0.47956545712397913,-2.3574890662537746,-0.28197914405106467,-0.6297044905317201,-2.4966499220769336,0.0,0.0,0.0
19.730000000000285,0.0,0.0,0.22110749032634894,0.0,0.0,0.0,0.0,0.0,0.0,-0.13327656107434982,-0.46134338886205395,-2.337513851697988,-0.2652414997444726,-0.6134078837432023,-2.477002689064342,0.0,0.0,0.0
19.740000000000286,0.0,0.0,0.23637923839323113,0.0,0.0,0.0,0.0,0.0,0.0,-0.1144610899266425,-0.44308324841571456,-2.3175488980164447,-0.24839706027175268,-0.5968855261210864,-2.457315180200896,0.0,0.0,0.0
19.750000000000288,0.0,0.0,0.25150969228403874,0.0,0.0,0.0,0.0,0.0,0.0,-0.09549213483703967,-0.42480382964130925,-2.297596416331904,-0.23145780084694081,-0.5801637277443102,-2.4375920085837475,0.0,0.0,0.0
19.76000000000029,0.0,0.0,0.26647688331379815,0.0,0.0,0.0,0.0,0.0,0.0,-0.07634630242591767,-0.4065222999735163,-2.2776661134042997,-0.21444265576454127,-0.5632685858798675,-2.417839974552074,0.0,0.0,0.0
19.77000000000029,0.0,0.0,0.28125932385378694,0.0,0.0,0.0,0.0,0.0,0.0,-0.057035761378872785,-0.38825307606976045,-2.2577691315816346,-0.19736792795433572,-0.5462251100221662,-2.398061424832708,0.0,0.0,0.0
19.780000000000292,0.0,0.0,0.29583683138585914,0.0,0.0,0.0,0.0,0.0,0.0,-0.037544139677396116,-0.37000799730264844,-2.2379091783316154,-0.1802278671798674,-0.5290578751815173,-2.3782594735468616,0.0,0.0,0.0
19.790000000000294,0.0,0.0,0.3101902268149199,0.0,0.0,0.0,0.0,0.0,0.0,-0.01785219749568001,-0.3517976148664266,-2.2180943586266055,-0.1630292372451649,-0.5117906111964039,-2.358444131361655,0.0,0.0,0.0
19.800000000000296,0.0,0.0,0.32430134460748394,0.0,0.0,0.0,0.0,0.0,0.0,0.0020604001355684076,-0.33363057065794544,-2.1983318010032558,-0.14577724467571618,-0.494445168132797,-2.338620447400199,0.0,0.0,0.0
19.810000000000297,0.0,0.0,0.3381530086317648,0.0,0.0,0.0,0.0,0.0,0.0,0.022214214844074487,-0.3155139222768154,-2.1786289066922553,-0.12847490016458155,-0.4770420453151844,-2.318794862528027,0.0,0.0,0.0
19.8200000000003,0.0,0.0,0.3517289906901128,0.0,0.0,0.0,0.0,0.0,0.0,0.04262870330248236,-0.29745329027735645,-2.158993062614818,-0.11112319204746002,-0.4596001780915481,-2.2989737095016567,0.0,0.0,0.0
19.8300000000003,0.0,0.0,0.36501395481874516,0.0,0.0,0.0,0.0,0.0,0.0,0.0633207572732617,-0.2794530209105446,-2.139431730473131,-0.09372120017897927,-0.4421369284357363,-2.2791635597691395,0.0,0.0,0.0
19.840000000000302,0.0,0.0,0.37799338863429993,0.0,0.0,0.0,0.0,0.0,0.0,0.084303145927624,-0.2615163069077451,-2.1199524467067605,-0.07626635368659898,-0.42466808374348797,-2.25937114959392,0.0,0.0,0.0
19.850000000000303,0.0,0.0,0.3906535216357259,0.0,0.0,0.0,0.0,0.0,0.0,0.10558297897239455,-0.2436453061875934,-2.100562838583736,-0.0587548156066241,-0.40720790216094543,-2.2396034283901893,0.0,0.0,0.0
19.860000000000305,0.0,0.0,0.4029812327566103,0.0,0.0,0.0,0.0,0.0,0.0,0.12716033572286856,-0.22584125892000784,-2.081270624639663,-0.04118200734523576,-0.38976917126045113,-2.2198675944845903,0.0,0.0,0.0
19.870000000000307,0.0,0.0,0.41496395198418734,0.0,0.0,0.0,0.0,0.0,0.0,0.14902720985121265,-0.20810460405327358,-2.0620836016972564,-0.02354327115562667,-0.37236327692578863,-2.2001711435416755,0.0,0.0,0.0
19.880000000000308,0.0,0.0,0.42660328872321507,0.0,0.0,0.0,0.0,0.0,0.0,0.171698440829948,-0.19043501384170813,-2.0429316302886003,0.02033875498186811,-0.3550002790211582,-2.180521914199504,0.0,0.0,0.0
19.89000000000031,0.0,0.0,0.4378857766741571,0.0,0.0,0.0,0.0,0.0,0.0,0.19500917489616554,-0.17283614591109497,-2.023922476675466,0.035183520748722365,-0.3376890050390371,-2.160949236901523,0.0,0.0,0.0
19.90000000000031,0.0,0.0,0.44878326120117784,0.0,0.0,0.0,0.0,0.0,0.0,0.21828037317862625,-0.15530330581595275,-2.0051273882016476,0.05095241651397702,-0.32043432123917387,-2.141390842583443,0.0,0.0,0.0
19.910000000000313,0.0,0.0,0.4592855859013948,0.0,0.0,0.0,0.0,0.0,0.0,0.24152964281575318,-0.1378295354065171,-1.986446967211861,0.06785280176036468,-0.3032456101602818,-2.1218433456306207,0.0,0.0,0.0
19.920000000000314,0.0,0.0,0.46938273576034556,0.0,0.0,0.0,0.0,0.0,0.0,0.2647811369421367,-0.12041567741421233,-1.9679119518521087,0.08577893348988433,-0.2861317001895816,-2.102429742479894,0.0,0.0,0.0
19.930000000000316,0.0,0.0,0.47906484066105537,0.0,0.0,0.0,0.0,0.0,0.0,0.2880362886673278,-0.10306031177971964,-1.9495231775907136,0.10462507895076406,-0.26909485208350215,-2.083122251042977,0.0,0.0,0.0
19.940000000000317,0.0,0.0,0.488322148138367,0.0,0.0,0.0,0.0,0.0,0.0,0.3112838697728153,-0.08576194177949137,-1.9312884882425088,0.12430018061475358,-0.252138378473722,-2.0639303173673818,0.0,0.0,0.0
19.95000000000032,0.0,0.0,0.4971450009385064,0.0,0.0,0.0,0.0,0.0,0.0,0.3345021449221217,-0.06851872839695805,-1.9132138176002977,0.14472055798816363,-0.23526501605596256,-2.044856702018227,0.0,0.0,0.0
19.96000000000032,0.0,0.0,0.5055238362221074,0.0,0.0,0.0,0.0,0.0,0.0,0.3576622756673977,-0.05132870654956023,-1.8953052345334092,0.16580802802957245,-0.21847719323899356,-2.025907376492761,0.0,0.0,0.0
19.970000000000322,0.0,0.0,0.5134491966513657,0.0,0.0,0.0,0.0,0.0,0.0,0.3807307501034187,-0.03418986550945069,-1.8775684043225427,0.18748764405116797,-0.20177695468172874,-2.0070886796953014,0.0,0.0,0.0
19.980000000000324,0.0,0.0,0.5209117507872321,0.0,0.0,0.0,0.0,0.0,0.0,0.4036714297699089,-0.017100228642471654,-1.8600086857905884,0.2096863554041517,-0.1851659964254055,-1.9884075843500504,0.0,0.0,0.0
19.990000000000325,0.0,0.0,0.527935635594015,0.0,0.0,0.0,0.0,0.0,0.0,0.4264474156166089,4.759905223625238e-06,-1.842631197986139,0.23233212895227923,-0.1686457039947889,-1.969871298524921,0.0,0.0,0.0
20.000000000000327,0.0,0.0,0.5345034003523266,0.0,0.0,0.0,0.0,0.0,0.0,0.4490214456036621,0.01711145269448222,-1.8254395080902257,0.2553534647614183,-0.15222767054755612,-1.9514870399344808,0.0,0.0,0.0
20.01000000000033,0.0,0.0,0.5405660166064908,0.0,0.0,0.0,0.0,0.0,0.0,0.014046898865990087,0.01609445610953089,0.6438738509006603,0.2786794678884714,-0.13591110280511545,-1.93326243407518,0.0,0.0,0.0
20.02000000000033,0.0,0.0,0.5461172634939327,0.0,0.0,0.0,0.0,0.0,0.0,0.03168707048266883,0.02051226896164754,0.6549807265767598,0.30223984375369684,-0.11966465912817936,-1.9152033694930832,0.0,0.0,0.0
20.03000000000033,0.0,0.0,0.5513761477833543,0.0,0.0,0.0,0.0,0.0,0.0,0.04909317731497609,0.024938160278486943,0.6659191855950746,0.2628865343566442,-0.10647518458443665,-1.4155579876556916,0.0,0.0,0.0
20.040000000000333,0.0,0.0,0.5564868503932849,0.0,0.0,0.0,0.0,0.0,0.0,0.06625545835543312,0.0293701007635242,0.6766864396997305,0.24776640012349022,-0.09324606373653263,-1.1412978684324513,0.0,0.0,0.0
20.050000000000335,0.0,0.0,0.561358559500421,0.0,0.0,0.0,0.0,0.0,0.0,0.08316445645417447,0.03380605134955511,0.6872797446809722,0.23041175590955848,-0.08139436850314148,-0.8845761637162105,0.0,0.0,0.0
20.060000000000336,0.0,0.0,0.5659411761882164,0.0,0.0,0.0,0.0,0.0,0.0,0.09981102503839168,0.03824396415264075,0.6976964010742738,0.2168769513661298,-0.07037285341733367,-0.6779648019739414,0.0,0.0,0.0
20.070000000000338,0.0,0.0,0.5701626478007937,0.0,0.0,0.0,0.0,0.0,0.0,0.11618633450799676,0.04268178343294132,0.7079337548479814,0.2056882480850223,-0.06024812069572866,-0.5042630979758794,0.0,0.0,0.0
20.08000000000034,0.0,0.0,0.5739575779202691,0.0,0.0,0.0,0.0,0.0,0.0,0.13228187830228721,0.04711744656197514,0.7179891980792114,0.19708864762019904,-0.05088707657026888,-0.3590638556320472,0.0,0.0,0.0
20.09000000000034,0.0,0.0,0.5772666607761406,0.0,0.0,0.0,0.0,0.0,0.0,0.1480894786324729,0.05154888499584254,0.7278601696179129,0.19088396672033162,-0.04220549790792959,-0.23688405766260054,0.0,0.0,0.0
20.100000000000342,0.0,0.0,0.5800430991473914,0.0,0.0,0.0,0.0,0.0,0.0,0.16360129187539663,0.05597402525397088,0.7375441557388687,0.186912377647384,-0.03411318321885561,-0.13360790782574328,0.0,0.0,0.0
20.110000000000344,0.0,0.0,0.5822426915413966,0.0,0.0,0.0,0.0,0.0,0.0,0.17880981362409853,0.06039078990286262,0.74703869078154,0.18509119457312662,-0.026504540234962362,-0.04627016083268551,0.0,0.0,0.0
20.120000000000346,0.0,0.0,0.5838965974973076,0.0,0.0,0.0,0.0,0.0,0.0,0.19370788339116007,0.06479709854444571,0.756341357777503,0.1849403304426803,-0.019374781657222246,0.08026581297346551,0.0,0.0,0.0
20.130000000000347,0.0,0.0,0.5852496502831261,0.0,0.0,0.0,0.0,0.0,0.0,0.2082886889611637,0.06919086880847158,0.7654497890653894,0.18809182776653927,0.013207806930367006,0.14311550330865203,0.0,0.0,0.0
20.14000000000035,0.0,0.0,0.5861497306240792,0.0,0.0,0.0,0.0,0.0,0.0,0.22254577038896883,0.07357001734855506,0.774361666893123,0.19064809533283275,0.016210642333691006,0.21135906264419815,0.0,0.0,0.0
20.15000000000035,0.0,0.0,0.5862681134930826,0.0,0.0,0.0,0.0,0.0,0.0,0.23647302364068867,0.07793246084132344,0.7830747240073654,0.19503268440189175,0.0193710007401745,0.2746944303355286,0.0,0.0,0.0
20.160000000000352,0.0,0.0,0.5856146837680133,0.0,0.0,0.0,0.0,0.0,0.0,0.25006470387492374,0.08227611698821813,0.7915867442299368,0.20061694992301674,0.022760675350136268,0.3341026111562509,0.0,0.0,0.0
20.170000000000353,0.0,0.0,0.5841992920976509,0.0,0.0,0.0,0.0,0.0,0.0,0.26331542836181177,0.08659890551944871,0.7998955630211347,0.20724182890209947,0.026350978220711137,0.38915442861037064,0.0,0.0,0.0
20.180000000000355,0.0,0.0,0.5820304071539866,0.0,0.0,0.0,0.0,0.0,0.0,0.276220179038007,0.09089874919962848,0.807999068029754,0.21471298023208762,0.030097969959278693,0.43987607705041565,0.0,0.0,0.0
20.190000000000357,0.0,0.0,0.5791157362508961,0.0,0.0,0.0,0.0,0.0,0.0,0.2887743046960827,0.09517357483458277,0.8158951996297538,0.22287731252980603,0.03396894395947841,0.48636821232874294,0.0,0.0,0.0
20.200000000000358,0.0,0.0,0.5754626956444208,0.0,0.0,0.0,0.0,0.0,0.0,0.3009735228070767,0.09942131427884404,0.8235819514432864,0.23160351259774412,0.03793685045700383,0.5288212591983996,0.0,0.0,0.0
20.21000000000036,0.0,0.0,0.571078829675942,0.0,0.0,0.0,0.0,0.0,0.0,0.3128139209753624,0.1036399054433641,0.8310573708501404,0.24077956120881217,0.04198002169861714,0.5674758295676009,0.0,0.0,0.0
20.22000000000036,0.0,0.0,0.5659721301062657,0.0,0.0,0.0,0.0,0.0,0.0,0.3242919580253547,0.10782729330289742,0.8383195594832965,0.25030865123664764,0.04608106199479599,0.6026010753356466,0.0,0.0,0.0
20.230000000000363,0.0,0.0,0.560151254798414,0.0,0.0,0.0,0.0,0.0,0.0,0.3354044647199177,0.11198143090263235,0.8453666737106214,0.26010637846660056,0.050226019354944834,0.6344773609351928,0.0,0.0,0.0
20.240000000000364,0.0,0.0,0.5536256705431409,0.0,0.0,0.0,0.0,0.0,0.0,0.346148644110714,0.11610028036349829,0.8521969251024206,0.27009854824686946,0.05440365355765329,0.6633842010262212,0.0,0.0,0.0
20.250000000000366,0.0,0.0,0.5464057395860024,0.0,0.0,0.0,0.0,0.0,0.0,0.3565220715210775,0.12018181388572291,0.8588085808848979,0.28021950288113,0.05860483491069217,0.6895919700200936,0.0,0.0,0.0
20.260000000000367,0.0,0.0,0.5385027562987895,0.0,0.0,0.0,0.0,0.0,0.0,0.3665226941623687,0.12422401475009304,0.8651999643792687,0.290410788647186,0.06282205118578331,0.7133565623405688,0.0,0.0,0.0
20.27000000000037,0.0,0.0,0.529928944965522,0.0,0.0,0.0,0.0,0.0,0.0,0.3761488303851266,0.12822487831645257,0.8713694554264991,0.30062010716628523,0.06704900877099919,0.734916258806713,0.0,0.0,0.0
20.28000000000037,0.0,0.0,0.5206974283669812,0.0,0.0,0.0,0.0,0.0,0.0,0.38539916856665535,0.13218241301892353,0.8773154907975136,0.3108004904112434,0.07128031544059579,0.7544901835960334,0.0,0.0,0.0
20.290000000000372,0.0,0.0,0.5108248853750987,0.0,0.0,0.0,0.0,0.0,0.0,0.3942727656371212,0.1360946413573787,0.883036564588823,0.32090964785469206,0.0755112307295432,0.7722778891768459,0.0,0.0,0.0
20.300000000000374,0.0,0.0,0.5003253999234125,0.0,0.0,0.0,0.0,0.0,0.0,0.4027690452464401,0.13995960088464754,0.8885312286034067,0.33090272643485374,0.07973747277176256,0.7884572555605546,0.0,0.0,0.0
20.310000000000375,0.0,0.0,0.4892110996233465,0.0,0.0,0.0,0.0,0.0,0.0,0.41088779557477384,0.14377534518897206,0.8937980927168078,0.3407387557864414,0.0839539059021369,0.8031965696669608,0.0,0.0,0.0
20.320000000000377,0.0,0.0,0.4774981675821064,0.0,0.0,0.0,0.0,0.0,0.0,0.41862916678964934,0.147539944871242,0.8988358252283057,0.3504050874960937,0.08815719548585671,0.8166435642873717,0.0,0.0,0.0
20.33000000000038,0.0,0.0,0.46520340410932004,0.0,0.0,0.0,0.0,0.0,0.0,0.42599366815309203,0.15125148851646975,0.9036431531971301,0.35987531664896766,0.09234522003329387,0.8289164545458004,0.0,0.0,0.0
20.34000000000038,0.0,0.0,0.4523440511636323,0.0,0.0,0.0,0.0,0.0,0.0,0.4329821647825769,0.15490808365908548,0.9082188627635684,0.3691225674666403,0.09651395415412856,0.8401323628948711,0.0,0.0,0.0
20.35000000000038,0.0,0.0,0.4389377148689634,0.0,0.0,0.0,0.0,0.0,0.0,0.4395958740698447,0.15850785774149334,0.9125617994549398,0.37812348077057456,0.10065977075493825,0.8503927022887031,0.0,0.0,0.0
20.360000000000383,0.0,0.0,0.42500228855038125,0.0,0.0,0.0,0.0,0.0,0.0,0.4458363617619878,0.1620489590654739,0.9166708684763167,0.38685721459484324,0.10477894827894886,0.859787676068357,0.0,0.0,0.0
20.370000000000385,0.0,0.0,0.41055588277442673,0.0,0.0,0.0,0.0,0.0,0.0,0.45170553770958977,0.16552955773589995,0.9205450349859685,0.3953054251717212,0.10886775684417374,0.8683968897268797,0.0,0.0,0.0
20.380000000000386,0.0,0.0,0.39561676192767947,0.0,0.0,0.0,0.0,0.0,0.0,0.45720565128694135,0.16894784659631834,0.9241833243554024,0.40345206525616084,0.11292243507394305,0.87629064399968,0.0,0.0,0.0
20.390000000000388,0.0,0.0,0.38020328820197336,0.0,0.0,0.0,0.0,0.0,0.0,0.4623392864897302,0.17230204215590383,0.9275848224139834,0.41128323698096536,0.11693920115516193,0.8835309581958732,0.0,0.0,0.0
20.40000000000039,0.0,0.0,0.364333873375135,0.0,0.0,0.0,0.0,0.0,0.0,0.4671093567159086,0.1755903855073373,0.9307486756780387,0.41878704709444753,0.12091426548642857,0.8901725180849468,0.0,0.0,0.0
20.41000000000039,0.0,0.0,0.3480269386729514,0.0,0.0,0.0,0.0,0.0,0.0,0.47151909923569546,0.17881114323511138,0.9336740915644215,0.4259534732316298,0.12484384976006603,0.8962635124863142,0.0,0.0,0.0
20.420000000000393,0.0,0.0,0.3313008828105801,0.0,0.0,0.0,0.0,0.0,0.0,0.4755720693570109,0.1819626083138175,0.9363603385884469,0.4327742377505838,0.12872420938485507,0.9018463743920874,0.0,0.0,0.0
20.430000000000394,0.0,0.0,0.3141740581269432,0.0,0.0,0.0,0.0,0.0,0.0,0.4792721342930273,0.18504310099596344,0.9388067465461769,0.4392426885996985,0.13255165789691775,0.9069584340291286,0.0,0.0,0.0
20.440000000000396,0.0,0.0,0.29666475452724395,0.0,0.0,0.0,0.0,0.0,0.0,0.4826234667385414,0.18805096968882262,0.9410127066809899,0.4453536863873806,0.13632259172678587,0.9116324940187177,0.0,0.0,0.0
20.450000000000397,0.0,0.0,0.2787911907498822,0.0,0.0,0.0,0.0,0.0,0.0,0.4856305381624404,0.19098459181993377,0.9429776718344172,0.4511034971493459,0.1400335139067227,0.9158973362570834,0.0,0.0,0.0
20.4600000000004,0.0,0.0,0.26057151228545417,0.0,0.0,0.0,0.0,0.0,0.0,0.4882981118236591,0.1938423746907203,0.9447011565811811,0.4564896904565265,0.143681055478566,0.9197781696348678,0.0,0.0,0.0
20.4700000000004,0.0,0.0,0.24202379511052183,0.0,0.0,0.0,0.0,0.0,0.0,0.4906312355182918,0.19662275631787418,0.9461827373484242,0.4615110426477932,0.14726199360165443,0.9232970267980022,0.0,0.0,0.0
20.480000000000402,0.0,0.0,0.2231660542680292,0.0,0.0,0.0,0.0,0.0,0.0,0.49263523406581,0.1993242062619851,0.9474220525190851,0.4661674450696735,0.1507732656200647,0.9264731171202871,0.0,0.0,0.0
20.490000000000403,0.0,0.0,0.20401625623661823,0.0,0.0,0.0,0.0,0.0,0.0,0.49431570154260296,0.20194522644305435,0.9484188025194107,0.47045981726703273,0.15421197861350294,0.9293231419995476,0.0,0.0,0.0
20.500000000000405,0.0,0.0,0.18459233398565775,0.0,0.0,0.0,0.0,0.0,0.0,0.4956784932712024,0.20448435194242176,0.94917274989057,0.47439002509502814,0.1575754142052498,0.9318615775906681,0.0,0.0,0.0
20.510000000000407,0.0,0.0,0.16491220360966685,0.0,0.0,0.0,0.0,0.0,0.0,0.496729717573936,0.20694015179069725,0.9496837193443581,0.4779608037183635,0.1608610286171937,0.9341009291990047,0.0,0.0,0.0
20.520000000000408,0.0,0.0,0.14500618574853438,0.0,0.0,0.0,0.0,0.0,0.0,0.49747572729986156,0.2093112297413029,0.9499515978029831,0.48117568543461425,0.16406644813487356,0.9360519607987586,0.0,0.0,0.0
20.53000000000041,0.0,0.0,0.12488996471144315,0.0,0.0,0.0,0.0,0.0,0.0,0.497923111134007,0.21159622502918296,0.9499763344229151,0.4840393784901784,0.16717792663776973,0.9377185357029666,0.0,0.0,0.0
20.54000000000041,0.0,0.0,0.10456821346676398,0.0,0.0,0.0,0.0,0.0,0.0,0.49807868469836736,0.21379381311431844,0.9497579406028067,0.48655251414912654,0.1701790552334539,0.9391211972515133,0.0,0.0,0.0
20.550000000000413,0.0,0.0,0.0840589555884125,0.0,0.0,0.0,0.0,0.0,0.0,0.49794948145404927,0.21590270640961062,0.9492964899754699,0.48872088286172366,0.17309484532393424,0.9402746197549762,0.0,0.0,0.0
20.560000000000414,0.0,0.0,0.06338037140958912,0.0,0.0,0.0,0.0,0.0,0.0,0.49754274341420457,0.21792165499280003,0.9485921183839268,0.4905562621048301,0.17592819226476206,0.9411637506522218,0.0,0.0,0.0
20.570000000000416,0.0,0.0,0.04255063946798424,0.0,0.0,0.0,0.0,0.0,0.0,0.49686591167776406,0.21984944730197142,0.9476450238415319,0.492063940276731,0.17867575056650659,0.9417978786680185,0.0,0.0,0.0
20.580000000000418,0.0,0.0,0.021587896358633916,0.0,0.0,0.0,0.0,0.0,0.0,0.4959266167938665,0.2216849108143477,0.9464554664761813,0.4932510542780615,0.18133567252788912,0.9421804139301725,0.0,0.0,0.0
20.59000000000042,0.0,0.0,0.0005102507669425133,0.0,0.0,0.0,0.0,0.0,0.0,0.49473266896720514,0.22342691270793535,0.9450237684586251,0.4941248735582686,0.1839061971259002,0.9423151728199506,0.0,0.0,0.0
20.60000000000042,0.0,0.0,-0.020662529823845283,0.0,0.0,0.0,0.0,0.0,0.0,0.49329204811465477,0.22507436050571883,0.9433503139148998,0.49469313204674553,0.18638602984172453,0.9422050812997507,0.0,0.0,0.0
20.610000000000422,0.0,0.0,-0.04191301779511846,0.0,0.0,0.0,0.0,0.0,0.0,0.4916128937835502,0.2266262027020285,0.94143554882291,0.4951734220532006,0.18899407662257314,0.9410763120437265,0.0,0.0,0.0
20.620000000000424,0.0,0.0,-0.06322477870505981,0.0,0.0,0.0,0.0,0.0,0.0,0.4897034949423098,0.2280814293707274,0.9392799808931818,0.4950789074358115,0.19121786920747058,0.9407398957311934,0.0,0.0,0.0
20.630000000000425,0.0,0.0,-0.08457937819561817,0.0,0.0,0.0,0.0,0.0,0.0,0.48757227965408445,0.2294390727549276,0.9368841794338236,0.49476531948403607,0.193411209259716,0.939939901629962,0.0,0.0,0.0
20.640000000000427,0.0,0.0,-0.10595834236331782,0.0,0.0,0.0,0.0,0.0,0.0,0.4852278046441052,0.23069820783785477,0.9342487751997268,0.49417170833588714,0.1955016163505397,0.9389365809806095,0.0,0.0,0.0
20.65000000000043,0.0,0.0,-0.12734299269349658,0.0,0.0,0.0,0.0,0.0,0.0,0.48267874477187056,0.23185795289459055,0.9313744602260499,0.4933213033097369,0.19750480549239327,0.9376780071933323,0.0,0.0,0.0
20.66000000000043,0.0,0.0,-0.1487144598390468,0.0,0.0,0.0,0.0,0.0,0.0,0.47993388241895674,0.23291747002434748,0.9282619876460296,0.4922198766212208,0.1994178750091828,0.9361773052511506,0.0,0.0,0.0
20.67000000000043,0.0,0.0,-0.17005367343178251,0.0,0.0,0.0,0.0,0.0,0.0,0.4770020968035644,0.2338759656630245,0.9249121714931672,0.49087702696238344,0.2012420329062057,0.9344335568235596,0.0,0.0,0.0
20.680000000000433,0.0,0.0,-0.1913413732196352,0.0,0.0,0.0,0.0,0.0,0.0,0.4738923532329542,0.23473269107568662,0.9213258864878351,0.48930167805563923,0.20297767096242444,0.9324484574140429,0.0,0.0,0.0
20.690000000000435,0.0,0.0,-0.212558131871377,0.0,0.0,0.0,0.0,0.0,0.0,0.4706136923049158,0.23548694282875848,0.9175040678083737,0.4875029689210193,0.20462532394202348,0.9302229315374191,0.0,0.0,0.0
20.700000000000436,0.0,0.0,-0.23368438961070087,0.0,0.0,0.0,0.0,0.0,0.0,0.4671752190694032,0.2361380632416048,0.9134477108467225,0.4854900267442585,0.20618539206517844,0.9277579235423923,0.0,0.0,0.0
20.710000000000438,0.0,0.0,-0.25470049906113446,0.0,0.0,0.0,0.0,0.0,0.0,0.46358609216171365,0.2366854408172725,0.9091578709486727,0.4832719802501243,0.2076581347506768,0.9250543051101866,0.0,0.0,0.0
20.72000000000044,0.0,0.0,-0.27558677774835355,0.0,0.0,0.0,0.0,0.0,0.0,0.4598555129182811,0.23712851065211682,0.9046356631387711,0.4808579298956029,0.209043620973743,0.9221129586547425,0.0,0.0,0.0
20.73000000000044,0.0,0.0,-0.29632356539911464,0.0,0.0,0.0,0.0,0.0,0.0,0.4559927144864815,0.23746675482408586,0.8998822618299909,0.47825693459651303,0.21034170666360458,0.9189348122333364,0.0,0.0,0.0
20.740000000000443,0.0,0.0,-0.3168912832762767,0.0,0.0,0.0,0.0,0.0,0.0,0.4520069509396276,0.23769970275942853,0.8948989005182115,0.47547800208835383,0.21155202446851318,0.9155208721901149,0.0,0.0,0.0
20.750000000000444,0.0,0.0,-0.3372704931026683,0.0,0.0,0.0,0.0,0.0,0.0,0.4479074864083421,0.2378269315775876,0.8896868714616177,0.47253008457248574,0.21267398760956138,0.9118722445014613,0.0,0.0,0.0
20.760000000000446,0.0,0.0,-0.3574419535731016,0.0,0.0,0.0,0.0,0.0,0.0,0.443703584239614,0.23784806641409428,0.8842475253450461,0.46942207802728964,0.2137068051107265,0.9079901478076724,0.0,0.0,0.0
20.770000000000447,0.0,0.0,-0.3773866729534489,0.0,0.0,0.0,0.0,0.0,0.0,0.4394044961946115,0.23776278072123036,0.8785822709294597,0.4661628241302431,0.21464950605118588,0.9038759190210224,0.0,0.0,0.0
20.78000000000045,0.0,0.0,-0.3970859567562092,0.0,0.0,0.0,0.0,0.0,0.0,0.43501945169636413,0.23757079654629765,0.8726925746865293,0.46276111365031636,0.21550097021113218,0.8995310130403827,0.0,0.0,0.0
20.79000000000045,0.0,0.0,-0.4165214499441914,0.0,0.0,0.0,0.0,0.0,0.0,0.4305576471383985,0.23727188478728323,0.8665799604185231,0.4592256903458742,0.2162599626200707,0.8949569980102201,0.0,0.0,0.0
20.800000000000452,0.0,0.0,-0.4356751735747421,0.0,0.0,0.0,0.0,0.0,0.0,0.4260282352652984,0.23686586542578203,0.8602460088634991,0.4555652690207171,0.2169251619180141,0.8901555474722272,0.0,0.0,0.0
20.810000000000453,0.0,0.0,-0.4545295559763649,0.0,0.0,0.0,0.0,0.0,0.0,0.4214403146360426,0.23635260773698397,0.8536923572860253,0.45178859018876627,0.21749516865761262,0.8851284306535436,0.0,0.0,0.0
20.820000000000455,0.0,0.0,-0.47306745835435426,0.0,0.0,0.0,0.0,0.0,0.0,0.41680291918094126,0.2357320304766053,0.8469206990533984,0.44790445901771975,0.21796852117537296,0.879877502113747,0.0,0.0,0.0
20.830000000000457,0.0,0.0,-0.4912721948914461,0.0,0.0,0.0,0.0,0.0,0.0,0.412125007862874,0.23500410204461586,0.8399327831975807,0.44392171801231606,0.2183437447387541,0.874404691141191,0.0,0.0,0.0
20.840000000000458,0.0,0.0,-0.5091275478447141,0.0,0.0,0.0,0.0,0.0,0.0,0.4074154544533757,0.23416884062562193,0.8327304139629095,0.4398492167125985,0.21861939783661685,0.8687119908664608,0.0,0.0,0.0
20.85000000000046,0.0,0.0,-0.5266177784010988,0.0,0.0,0.0,0.0,0.0,0.0,0.4026830374340675,0.23322631430582108,0.8253154503397264,0.43569578430308165,0.21879411114443403,0.8628014482981547,0.0,0.0,0.0
20.86000000000046,0.0,0.0,-0.5437276340404933,0.0,0.0,0.0,0.0,0.0,0.0,0.3979364300336583,0.23217664116638925,0.8176898055840063,0.431470204883262,0.21886661910901056,0.8566751557938684,0.0,0.0,0.0
20.870000000000463,0.0,0.0,-0.5604423531110224,0.0,0.0,0.0,0.0,0.0,0.0,0.3931841904107931,0.2310199893532321,0.8098554467231667,0.4271811953211693,0.21883578443956145,0.850335244078164,0.0,0.0,0.0
20.880000000000464,0.0,0.0,-0.5767476672578287,0.0,0.0,0.0,0.0,0.0,0.0,0.3884347519927007,0.2297565771230059,0.8018143940481384,0.42283738572519974,0.21870061592271814,0.8437838768351351,0.0,0.0,0.0
20.890000000000466,0.0,0.0,-0.5926298022719398,0.0,0.0,0.0,0.0,0.0,0.0,0.38369641397945875,0.22838667286534609,0.7935687205918627,0.41844730252522183,0.21846028014322916,0.8370232468101503,0.0,0.0,0.0
20.900000000000468,0.0,0.0,-0.6080754778440955,0.0,0.0,0.0,0.0,0.0,0.0,0.37897733202360673,0.226910595101236,0.7851205515943063,0.4140193542366448,0.21811410773199322,0.8300555732957383,0.0,0.0,0.0
20.91000000000047,0.0,0.0,-0.623071906623065,0.0,0.0,0.0,0.0,0.0,0.0,0.37428550909454494,0.22532871245747543,0.7764720639541873,0.409561819962081,0.21766159481305883,0.822883100838227,0.0,0.0,0.0
20.92000000000047,0.0,0.0,-0.6376067928928046,0.0,0.0,0.0,0.0,0.0,0.0,0.3696287865370471,0.22364144361720673,0.7676254856675073,0.4050828405397572,0.2171024004005685,0.8155080989799611,0.0,0.0,0.0
20.930000000000472,0.0,0.0,-0.6516683311004954,0.0,0.0,0.0,0.0,0.0,0.0,0.3650148353328999,0.2218492572464843,0.7585830952530781,0.40059041211750107,0.216436340540139,0.8079328628418939,0.0,0.0,0.0
20.940000000000474,0.0,0.0,-0.6652452043915125,0.0,0.0,0.0,0.0,0.0,0.0,0.36045114757464125,0.21995267189685874,0.7493472211651233,0.3960923818165502,0.21566338000165716,0.8001597143512682,0.0,0.0,0.0
20.950000000000475,0.0,0.0,-0.6783265832393947,0.0,0.0,0.0,0.0,0.0,0.0,0.3559450281599297,0.21795225588398814,0.7399202411931944,0.391596445064865,0.2147836223108113,0.7921910039271127,0.0,0.0,0.0
20.960000000000477,0.0,0.0,-0.6909021242014424,0.0,0.0,0.0,0.0,0.0,0.0,0.3515035867150722,0.21584862714228104,0.7303045818494793,0.38711014413429334,0.2137972988554423,0.7840291124501999,0.0,0.0,0.0
20.97000000000048,0.0,0.0,-0.7029619687837501,0.0,0.0,0.0,0.0,0.0,0.0,0.34713372975581613,0.21364245305560026,0.720502717743728,0.38264086741249226,0.21270475772347885,0.7756764533625139,0.0,0.0,0.0
20.98000000000048,0.0,0.0,-0.7144967423644342,0.0,0.0,0.0,0.0,0.0,0.0,0.34284215309336563,0.21133445026403974,0.710517170945872,0.3781958489738131,0.21150645282893032,0.767135474762892,0.0,0.0,0.0
20.99000000000048,0.0,0.0,-0.7254975530991423,0.0,0.0,0.0,0.0,0.0,0.0,0.33863533449331196,0.20892538444685327,0.7003505103365977,0.37378216807501,0.21020293376952784,0.758408661389057,0.0,0.0,0.0
21.000000000000483,0.0,0.0,-0.735955990718077,0.0,0.0,0.0,0.0,0.0,0.0,0.33451952659485196,0.20641607008156226,0.6900053509459676,0.36940674828070064,0.20879483674279692,0.749498536400429,0.0,0.0,0.0
21.010000000000485,0.0,0.0,-0.7458641251169049,0.0,0.0,0.0,0.0,0.0,0.0,0.33050075009748947,0.20380737017932482,0.679484353280317,0.3650763560094084,0.20728287673490142,0.7404076628997874,0.0,0.0,0.0
21.020000000000486,0.0,0.0,-0.7552145046432903,0.0,0.0,0.0,0.0,0.0,0.0,0.3265847872220735,0.20110019599664852,0.66879022263752,0.36079759837493364,0.20566784109472713,0.7311386451540601,0.0,0.0,0.0
21.030000000000488,0.0,0.0,-0.7640001539848946,0.0,0.0,0.0,0.0,0.0,0.0,0.3227771754527329,0.19829550672352658,0.6579257084109007,0.3565769202729902,0.203950584518753,0.7216941294942583,0.0,0.0,0.0
21.04000000000049,0.0,0.0,-0.7722145715715796,0.0,0.0,0.0,0.0,0.0,0.0,0.31908320156605363,0.1953943091481154,0.6468936033818888,0.3524206007256647,0.20213202540266897,0.7120768048914442,0.0,0.0,0.0
21.05000000000049,0.0,0.0,-0.7798517264131604,0.0,0.0,0.0,0.0,0.0,0.0,0.31550789595345563,0.19239765729806013,0.6356967430016618,0.34833474854416524,0.20021314346385116,0.7022894032191835,0.0,0.0,0.0
21.060000000000493,0.0,0.0,-0.7869060543032469,0.0,0.0,0.0,0.0,0.0,0.0,0.3120560272424977,0.18930665205859754,0.6243380046618816,0.3443252974039154,0.19819497850381224,0.6923346992231593,0.0,0.0,0.0
21.070000000000494,0.0,0.0,-0.7933724533286493,0.0,0.0,0.0,0.0,0.0,0.0,0.30873209722248696,0.186122440767563,0.6128203069548064,0.34039800044622487,0.19607863015958532,0.6822155102257526,0.0,0.0,0.0
21.080000000000496,0.0,0.0,-0.7992462786318694,0.0,0.0,0.0,0.0,0.0,0.0,0.30554033607949127,0.1828462167874756,0.6011466089228965,0.3365584245295878,0.19386525848535038,0.6719346955977072,0.0,0.0,0.0
21.090000000000497,0.0,0.0,-0.8045233363809169,0.0,0.0,0.0,0.0,0.0,0.0,0.3024846979454783,0.17947921905483089,0.5893199092981589,0.3328119442535777,0.19155608520778777,0.6614951560309639,0.0,0.0,0.0
21.1000000000005,0.0,0.0,-0.809199876904979,0.0,0.0,0.0,0.0,0.0,0.0,0.29956885676607015,0.1760227316068086,0.5773432457313556,0.32916373587148146,0.18915239550837168,0.650899832646831,0.0,0.0,0.0
21.1100000000005,0.0,0.0,-0.8132608365128794,0.0,0.0,0.0,0.0,0.0,0.0,0.29679620249099825,0.17247808308553303,0.5652196940113634,0.3256187711964586,0.18665554020121652,0.6401517059723804,0.0,0.0,0.0
21.120000000000502,0.0,0.0,-0.8167083827663759,0.0,0.0,0.0,0.0,0.0,0.0,0.2941698375910313,0.16884664622013368,0.5529523672748149,0.32218736971608036,0.18407152943481903,0.6292586115190023,0.0,0.0,0.0
21.130000000000503,0.0,0.0,-0.819556276070044,0.0,0.0,0.0,0.0,0.0,0.0,0.2916925739048548,0.16512983728676378,0.5405444152062797,0.3188805810924919,0.18141028436080975,0.6182101775001985,0.0,0.0,0.0
21.140000000000505,0.0,0.0,-0.821799905951315,0.0,0.0,0.0,0.0,0.0,0.0,0.2893669298189865,0.16132911554682305,0.5279990232291107,0.31568494227967314,0.1786543595786374,0.6070062045541629,0.0,0.0,0.0
21.150000000000507,0.0,0.0,-0.8234348150408721,0.0,0.0,0.0,0.0,0.0,0.0,0.2871951277835081,0.15744598266359944,0.5153194116872657,0.31260171396726294,0.17579904960675344,0.5956733836476138,0.0,0.0,0.0
21.160000000000508,0.0,0.0,-0.8244576369585664,0.0,0.0,0.0,0.0,0.0,0.0,0.2851790921660411,0.1534819820975697,0.5025088350182334,0.3096384960877496,0.17285306586308197,0.5842075907292243,0.0,0.0,0.0
21.17000000000051,0.0,0.0,-0.8248660154197676,0.0,0.0,0.0,0.0,0.0,0.0,0.2833204474460338,0.14943869848061553,0.4895705809173394,0.30680084783307715,0.16982144502060653,0.5726103347077228,0.0,0.0,0.0
21.18000000000051,0.0,0.0,-0.8246585153911717,0.0,0.0,0.0,0.0,0.0,0.0,0.2816205167511099,0.1453177569693933,0.47650796949355767,0.30409362561735087,0.16670832110314177,0.5608830961665986,0.0,0.0,0.0
21.190000000000513,0.0,0.0,-0.8238345454655568,0.0,0.0,0.0,0.0,0.0,0.0,0.2800803207368465,0.1411208225781584,0.46332435241715664,0.30152092125103447,0.1635168078220077,0.5490281536349276,0.0,0.0,0.0
21.200000000000514,0.0,0.0,-0.8223942953831526,0.0,0.0,0.0,0.0,0.0,0.0,0.27870057681102,0.13684959949129816,0.45002311205931145,0.2990862241542673,0.16024934588903997,0.537048239426645,0.0,0.0,0.0
21.210000000000516,0.0,0.0,-0.8203386855636841,0.0,0.0,0.0,0.0,0.0,0.0,0.27748169870299666,0.13250583035586683,0.43660766062396617,0.29679250745751234,0.15690789017063927,0.524946450145036,0.0,0.0,0.0
21.220000000000518,0.0,0.0,-0.8176693265651929,0.0,0.0,0.0,0.0,0.0,0.0,0.2764237963785996,0.12809129555444887,0.42308143927208186,0.29464229895883104,0.15349406440342764,0.512726148584026,0.0,0.0,0.0
21.23000000000052,0.0,0.0,-0.8143884865260744,0.0,0.0,0.0,0.0,0.0,0.0,0.27552667630041894,0.1236078124586264,0.4094479172386092,0.29263773266643817,0.1500092744076259,0.500390895717798,0.0,0.0,0.0
21.24000000000052,0.0,0.0,-0.8104990649814037,0.0,0.0,0.0,0.0,0.0,0.0,0.2747898420331958,0.11905723466338713,0.39571059094231775,0.2907805868962792,0.14645479237896228,0.48794439923627864,0.0,0.0,0.0
21.250000000000522,0.0,0.0,-0.8059894631302363,0.0,0.0,0.0,0.0,0.0,0.0,0.2742124951935403,0.11444145120281313,0.38187298308879125,0.28907231194149935,0.14283181861565034,0.4753904757947071,0.0,0.0,0.0
21.260000000000524,0.0,0.0,-0.8008584221338836,0.0,0.0,0.0,0.0,0.0,0.0,0.2737935367429085,0.10976238574737085,0.3679386417666759,0.287513889743218,0.13914794593250562,0.4627372791167175,0.0,0.0,0.0
21.270000000000525,0.0,0.0,-0.7951197784811003,0.0,0.0,0.0,0.0,0.0,0.0,0.2735315686224067,0.10502199578316418,0.35391113953766506,0.28610873659835834,0.13541813307659617,0.44998023531289627,0.0,0.0,0.0
21.280000000000527,0.0,0.0,-0.7887763230852163,0.0,0.0,0.0,0.0,0.0,0.0,0.27342489572762996,0.10022227177350373,0.33979407252014404,0.2848575920998905,0.13163375006309674,0.43711579854126853,0.0,0.0,0.0
21.29000000000053,0.0,0.0,-0.7818306863663136,0.0,0.0,0.0,0.0,0.0,0.0,0.2734715282214264,0.09536523630316296,0.3255910594670204,0.28375818171291123,0.12779158616969666,0.4241599429319509,0.0,0.0,0.0
21.30000000000053,0.0,0.0,-0.7742859356045199,0.0,0.0,0.0,0.0,0.0,0.0,0.2736691841820733,0.09045294320570196,0.31130574083770934,0.282811084445661,0.12389539788729725,0.4111144361130223,0.0,0.0,0.0
21.31000000000053,0.0,0.0,-0.766145627575383,0.0,0.0,0.0,0.0,0.0,0.0,0.2740152925841186,0.08548747667422507,0.2969417778648058,0.2820161690348492,0.11994794108353746,0.39798304882412283,0.0,0.0,0.0
21.320000000000533,0.0,0.0,-0.7574138565370293,0.0,0.0,0.0,0.0,0.0,0.0,0.2745069966086531,0.08047095035599394,0.2825028516153696,0.2813730475473839,0.11595194562188836,0.38476934116224554,0.0,0.0,0.0
21.330000000000535,0.0,0.0,-0.7480881404127813,0.0,0.0,0.0,0.0,0.0,0.0,0.2751411572795637,0.07540550643127553,0.26799266204731587,0.2808810014903989,0.11190993044165701,0.3714770488191404,0.0,0.0,0.0
21.340000000000536,0.0,0.0,-0.7381762147696694,0.0,0.0,0.0,0.0,0.0,0.0,0.2759143574219509,0.07029331467685296,0.253414927061012,0.28050040748285554,0.10773886290350757,0.35830254985365595,0.0,0.0,0.0
21.350000000000538,0.0,0.0,-0.7276934678632022,0.0,0.0,0.0,0.0,0.0,0.0,0.2768229059385181,0.06513657151459551,0.2387733815464046,0.2803288775082546,0.10365937979384357,0.34477537691385374,0.0,0.0,0.0
21.36000000000054,0.0,0.0,-0.7166459163181327,0.0,0.0,0.0,0.0,0.0,0.0,0.27786284239948067,0.05993749904554946,0.22407177642582043,0.2802920479519606,0.09951308389861678,0.3312332406568071,0.0,0.0,0.0
21.37000000000054,0.0,0.0,-0.7050404150219747,0.0,0.0,0.0,0.0,0.0,0.0,0.2790299419411888,0.05469834406994334,0.20931387769281207,0.28039818955764173,0.09532405986492001,0.3176327300585597,0.0,0.0,0.0
21.380000000000543,0.0,0.0,-0.6928849848413359,0.0,0.0,0.0,0.0,0.0,0.0,0.28031972046833054,0.04942137709357031,0.19450346544719488,0.28064436693192646,0.09109213461550263,0.30398369228250477,0.0,0.0,0.0
21.390000000000544,0.0,0.0,-0.6801888809419304,0.0,0.0,0.0,0.0,0.0,0.0,0.2817274401543166,0.04410889132101925,0.17964433292659754,0.2810289469201547,0.08682036939213085,0.29028775168063337,0.0,0.0,0.0
21.400000000000546,0.0,0.0,-0.6669626149612853,0.0,0.0,0.0,0.0,0.0,0.0,0.2832481152340922,0.03876320163614633,0.16474028553467246,0.28154955364322637,0.08251056216612651,0.27654834660043837,0.0,0.0,0.0
21.410000000000547,0.0,0.0,-0.6532179723518541,0.0,0.0,0.0,0.0,0.0,0.0,0.2848765180833186,0.03338664357033139,0.1497951398663444,0.28220343629435457,0.07816405263830944,0.26276908599318743,0.0,0.0,0.0
21.42000000000055,0.0,0.0,-0.6389680161674188,0.0,0.0,0.0,0.0,0.0,0.0,0.28660718557768483,0.027981572258917176,0.13481272273024247,0.2829874532631,0.07378169417332908,0.24895393947042804,0.0,0.0,0.0
21.43000000000055,0.0,0.0,-0.6242270737800312,0.0,0.0,0.0,0.0,0.0,0.0,0.2884344257256197,0.022550361386350026,0.11979687016864404,0.28389810983043595,0.06936395090973307,0.235107149303039,0.0,0.0,0.0
21.440000000000552,0.0,0.0,-0.6090107038003444,0.0,0.0,0.0,0.0,0.0,0.0,0.2903523245675943,0.01709540212048921,0.10475142647507907,0.28493158272996677,0.06491097447574005,0.2212331912375528,0.0,0.0,0.0
21.450000000000554,0.0,0.0,-0.5933333557550874,0.0,0.0,0.0,0.0,0.0,0.0,0.2923547533348083,0.011619102036585005,0.08968024320997436,0.28608374316731855,0.06042268491548202,0.20733673147239162,0.0,0.0,0.0
21.460000000000555,0.0,0.0,-0.577213184248334,0.0,0.0,0.0,0.0,0.0,0.0,0.29443537585984014,0.006123884031384641,0.07458717821448713,0.28735707716364306,0.055898852117305955,0.19342387810405087,0.0,0.0,0.0
21.470000000000557,0.0,0.0,-0.5606716131205264,0.0,0.0,0.0,0.0,0.0,0.0,0.2965876562315348,0.0006121852279243889,0.05947609462285919,0.288753996265277,0.05134092648291884,0.17949661476040915,0.0,0.0,0.0
21.480000000000558,0.0,0.0,-0.5437284680999889,0.0,0.0,0.0,0.0,0.0,0.0,0.29880486668624906,-0.004913544128548164,0.044350859873438564,0.2902542531905823,0.04674803443047493,0.16555807001833991,0.0,0.0,0.0
21.49000000000056,0.0,0.0,-0.5264041667556154,0.0,0.0,0.0,0.0,0.0,0.0,0.30108009572716443,-0.010450841782982057,0.02921534471875198,0.2918521364812339,0.042117905181731044,0.15161787021599346,0.0,0.0,0.0
21.50000000000056,0.0,0.0,-0.5087198156150058,0.0,0.0,0.0,0.0,0.0,0.0,0.30340625646333574,-0.015997234590719334,0.014073422234780919,0.29354297333372387,0.037450923281643164,0.1376804034638163,0.0,0.0,0.0
21.510000000000563,0.0,0.0,-0.49069708709787924,0.0,0.0,0.0,0.0,0.0,0.0,0.3057760951597637,-0.02155023964504732,-0.0010710331702306064,0.2953216540876822,0.03274739108208655,0.12375065177878629,0.0,0.0,0.0
21.520000000000564,0.0,0.0,-0.47235809086207176,0.0,0.0,0.0,0.0,0.0,0.0,0.30818219998961816,-0.02710736541146508,-0.016214146747286717,0.2971827974212788,0.028007871712584086,0.10983350380513862,0.0,0.0,0.0
21.530000000000566,0.0,0.0,-0.4537252529205855,0.0,0.0,0.0,0.0,0.0,0.0,0.31061700997957753,-0.03266611286824661,-0.03135204439808392,0.2991207548522137,0.023233190614445426,0.09593383106719353,0.0,0.0,0.0
21.540000000000568,0.0,0.0,-0.43482120560568926,0.0,0.0,0.0,0.0,0.0,0.0,0.31307282413893756,-0.03822397665269506,-0.04648085366623711,0.3011296349660186,0.018424472387215125,0.08205645693080978,0.0,0.0,0.0
21.55000000000057,0.0,0.0,-0.4156686902443031,0.0,0.0,0.0,0.0,0.0,0.0,0.315541810763031,-0.04377844621259408,-0.06159670472796064,0.30320332007745626,0.013583155860216635,0.06820614811799959,0.0,0.0,0.0
21.56000000000057,0.0,0.0,-0.3962904735539635,0.0,0.0,0.0,0.0,0.0,0.0,0.3180160169013575,-0.04932700696228709,-0.07669573138205132,0.30533548003408123,0.008710996682289435,0.054387610194559656,0.0,0.0,0.0
21.570000000000572,0.0,0.0,-0.37653929797738617,0.0,0.0,0.0,0.0,0.0,0.0,0.3204873779804951,-0.05486714144288074,-0.0917740720387914,0.30751958338809005,-0.012768696470540563,0.04060548876560995,0.0,0.0,0.0
21.580000000000574,0.0,0.0,-0.35648238245064684,0.0,0.0,0.0,0.0,0.0,0.0,0.32294772757184664,-0.060396330485989136,-0.10682787070762068,0.3097480722814454,-0.015662953458471233,0.026889724172644396,0.0,0.0,0.0
21.590000000000575,0.0,0.0,-0.33635219175857645,0.0,0.0,0.0,0.0,0.0,0.0,0.32538880729412134,-0.06591205438049696,-0.12185327798325085,0.31203100810853074,-0.018711407958383802,0.013180828890672718,0.0,0.0,0.0
21.600000000000577,0.0,0.0,-0.31605729932637694,0.0,0.0,0.0,0.0,0.0,0.0,0.3278022768401565,-0.07141179404179754,-0.1368464520300705,0.3143528270721544,-0.022054575058179177,-0.025944057466724166,0.0,0.0,0.0
21.61000000000058,0.0,0.0,-0.2956208475988524,0.0,0.0,0.0,0.0,0.0,0.0,0.33017972411774155,-0.0768930321829151,-0.1518035595644598,0.3160644872334083,-0.026903218843258893,-0.03389958516094604,0.0,0.0,0.0
21.62000000000058,0.0,0.0,-0.2751735011372355,0.0,0.0,0.0,0.0,0.0,0.0,0.33251267549385743,-0.08235325448702646,-0.16672077683486997,0.3186548767038436,-0.030349955085506072,-0.0460972712996094,0.0,0.0,0.0
21.63000000000058,0.0,0.0,-0.2547267739067658,0.0,0.0,0.0,0.0,0.0,0.0,0.3347926061316979,-0.08778995078074736,-0.18159429059933418,0.3211386611152467,-0.03420698307686609,-0.058448006577880955,0.0,0.0,0.0
21.640000000000583,0.0,0.0,-0.23428492487562946,0.0,0.0,0.0,0.0,0.0,0.0,0.3370109504096457,-0.09320061620769637,-0.1964202991002697,0.32357765674531885,-0.03831885390255462,-0.07118245388942099,0.0,0.0,0.0
21.650000000000585,0.0,0.0,-0.21385456933197705,0.0,0.0,0.0,0.0,0.0,0.0,0.3391591124115021,-0.09858275240174796,-0.2111950130361877,0.3259697914010181,-0.042656556330705524,-0.08422811327287907,0.0,0.0,0.0
21.660000000000586,0.0,0.0,-0.19344461026300402,0.0,0.0,0.0,0.0,0.0,0.0,0.34122847647686916,-0.1039338686594129,-0.2259146565301684,0.3283195027883202,-0.047178495119605014,-0.09755868738350303,0.0,0.0,0.0
21.670000000000588,0.0,0.0,-0.17306601094333557,0.0,0.0,0.0,0.0,0.0,0.0,0.34321041780074846,-0.1092514831108038,-0.24057546809477515,0.3306271658791624,-0.051850955938257254,-0.11114280344064051,0.0,0.0,0.0
21.68000000000059,0.0,0.0,-0.1527315337490527,0.0,0.0,0.0,0.0,0.0,0.0,0.34509631307138755,-0.11453312388863024,-0.2551737015932667,0.3328910698271483,-0.05664466694427708,-0.12495081782767811,0.0,0.0,0.0
21.69000000000059,0.0,0.0,-0.13245548462917994,0.0,0.0,0.0,0.0,0.0,0.0,0.3468775511351032,-0.11977633029463597,-0.26970562719672864,0.33510770673649776,-0.06153447868955363,-0.13895403439314105,0.0,0.0,0.0
21.700000000000593,0.0,0.0,-0.1122588555014615,0.0,0.0,0.0,0.0,0.0,0.0,0.34854554367711144,-0.12497865396296426,-0.28416753233698633,0.3372721851363958,-0.06649872522352747,-0.15312493607952396,0.0,0.0,0.0
21.710000000000594,0.0,0.0,-0.09215792621355567,0.0,0.0,0.0,0.0,0.0,0.0,0.3500917359070641,-0.13013766001986804,-0.29855572265497843,0.3393785488052952,-0.07152082035255747,-0.16743810931660263,0.0,0.0,0.0
21.720000000000596,0.0,0.0,-0.07216433772122419,0.0,0.0,0.0,0.0,0.0,0.0,0.35150761723816437,-0.13525092823919893,-0.31286652294444894,0.34141953989267887,-0.07658735628886347,-0.18186661311237154,0.0,0.0,0.0
21.730000000000597,0.0,0.0,-0.05229602874570194,0.0,0.0,0.0,0.0,0.0,0.0,0.3527847319487363,-0.14031605419316273,-0.3270962780905913,0.34338794002024603,-0.0816791119576618,-0.19638557461893616,0.0,0.0,0.0
21.7400000000006,0.0,0.0,-0.0325716668748309,0.0,0.0,0.0,0.0,0.0,0.0,0.35391468981496343,-0.14533065039773208,-0.3412413540035051,0.3452764869039916,-0.08678266797286008,-0.21097605925408114,0.0,0.0,0.0
21.7500000000006,0.0,0.0,-0.013010378897810343,0.0,0.0,0.0,0.0,0.0,0.0,0.35488917670371123,-0.15029234745221753,-0.3552981385461522,0.34707686827188855,-0.09188757057808662,-0.22561689304380667,0.0,0.0,0.0
21.760000000000602,0.0,0.0,0.00636839022718827,0.0,0.0,0.0,0.0,0.0,0.0,0.355699965114326,-0.15519879517241275,-0.3692630424566763,0.34878062225541684,-0.09698457593486258,-0.24028872332997941,0.0,0.0,0.0
21.770000000000604,0.0,0.0,0.025545000097895065,0.0,0.0,0.0,0.0,0.0,0.0,0.35633892465829553,-0.16004766371678336,-0.3831325002647237,0.35037912687818795,-0.10206561156306913,-0.2549734655455805,0.0,0.0,0.0
21.780000000000605,0.0,0.0,0.0444997235945091,0.0,0.0,0.0,0.0,0.0,0.0,0.3567980324656712,-0.16483664470513704,-0.396902971201631,0.3518636787746784,-0.10712356952085124,-0.2696543454743096,0.0,0.0,0.0
21.790000000000607,0.0,0.0,0.06321284311647524,0.0,0.0,0.0,0.0,0.0,0.0,0.3570693835075076,-0.16956345232927417,-0.4105709401041704,0.35322554288250674,-0.11215215740979914,-0.28431583737105004,0.0,0.0,0.0
21.80000000000061,0.0,0.0,0.08166473568664778,0.0,0.0,0.0,0.0,0.0,0.0,0.3571452008231659,-0.17422582445501344,-0.42413291831175925,0.35445599463666166,-0.11714576840312081,-0.29894360735585657,0.0,0.0,0.0
21.81000000000061,0.0,0.0,0.09983594815618427,0.0,0.0,0.0,0.0,0.0,0.0,0.3570178456418269,-0.17882152371512294,-0.43758544455665516,0.35554635424350234,-0.12209937207028218,-0.3135244481691255,0.0,0.0,0.0
21.82000000000061,0.0,0.0,0.11770726361807451,0.0,0.0,0.0,0.0,0.0,0.0,0.35667982738751847,-0.18334833859259758,-0.450925085847222,0.3564880152706337,-0.12700842229521636,-0.3280462098405271,0.0,0.0,0.0
21.830000000000613,0.0,0.0,0.1352597600174238,0.0,0.0,0.0,0.0,0.0,0.0,0.3561238135569593,-0.1878040844937252,-0.4641484383437482,0.35727246891023645,-0.1318687798765131,-0.34249772774845616,0.0,0.0,0.0
21.840000000000614,0.0,0.0,0.15247486183535225,0.0,0.0,0.0,0.0,0.0,0.0,0.35534263945981703,-0.19218660481048966,-0.4772521282268616,0.35789132502127624,-0.13667664761342202,-0.3568687497569594,0.0,0.0,0.0
21.850000000000616,0.0,0.0,0.1693343856230141,0.0,0.0,0.0,0.0,0.0,0.0,0.35432931781099986,-0.19649377197170015,-0.490232812558028,0.358336330785377,-0.14142851600808815,-0.3711498638081833,0.0,0.0,0.0
21.860000000000618,0.0,0.0,0.1858205800732372,0.0,0.0,0.0,0.0,0.0,0.0,0.3530770481647414,-0.2007234884824216,-0.5030871801322223,0.35859938760556326,-0.1461211179775823,-0.385332427122269,0.0,0.0,0.0
21.87000000000062,0.0,0.0,0.2019161612385786,0.0,0.0,0.0,0.0,0.0,0.0,0.35157922618045956,-0.20487368795112726,-0.5158119523223093,0.35867256671230335,-0.15075139120057968,-0.3994084979278614,0.0,0.0,0.0
21.88000000000062,0.0,0.0,0.21760434343614615,0.0,0.0,0.0,0.0,0.0,0.0,0.3498294527104773,-0.2089423361041023,-0.5284038839150529,0.3585481238115402,-0.15531644692320448,-0.41337077043469833,0.0,0.0,0.0
21.890000000000622,0.0,0.0,0.2328688663193553,0.0,0.0,0.0,0.0,0.0,0.0,0.34782154269975707,-0.2129274317865888,-0.5408597639384709,0.35821851300762625,-0.15981354422112684,-0.42721251356692025,0.0,0.0,0.0
21.900000000000624,0.0,0.0,0.24769401854440146,0.0,0.0,0.0,0.0,0.0,0.0,0.34554953388826326,-0.21682700795019194,-0.5531764164804078,0.35767640015526747,-0.164240068863179,-0.44092751380428835,0.0,0.0,0.0
21.910000000000625,0.0,0.0,0.26206465841318693,0.0,0.0,0.0,0.0,0.0,0.0,0.34300769530646225,-0.2206391326260233,-0.5653507014980108,0.3569146757344828,-0.16859351604934286,-0.4545100223297495,0.0,0.0,0.0
21.920000000000627,0.0,0.0,0.2759662318335695,0.0,0.0,0.0,0.0,0.0,0.0,0.34019053555479306,-0.22436190988314264,-0.5773795156179884,0.3559264672975752,-0.17287147640492445,-0.46795470655576477,0.0,0.0,0.0
21.93000000000063,0.0,0.0,0.2893847879015686,0.0,0.0,0.0,0.0,0.0,0.0,0.33709281085817966,-0.2279934807718056,-0.5892597929273837,0.35470515150474957,-0.17707162470597299,-0.4812566059980134,0.0,0.0,0.0
21.94000000000063,0.0,0.0,0.3023069923774626,0.0,0.0,0.0,0.0,0.0,0.0,0.33370953288681093,-0.2315320242510155,-0.6009885057547462,0.35324436574239615,-0.18119171089037034,-0.4944110923821657,0.0,0.0,0.0
21.95000000000063,0.0,0.0,0.3147201392980321,0.0,0.0,0.0,0.0,0.0,0.0,0.3300359763346412,-0.23497575809998672,-0.6125626654413963,0.3515380193035009,-0.18522955297630822,-0.5074138338056633,0.0,0.0,0.0
21.960000000000633,0.0,0.0,0.3266121609398436,0.0,0.0,0.0,0.0,0.0,0.0,0.32606768624738214,-0.23832293981298447,-0.6239793231026725,0.3495803041009885,-0.1891830315668539,-0.520260762729906,0.0,0.0,0.0
21.970000000000635,0.0,0.0,0.3379716363237197,0.0,0.0,0.0,0.0,0.0,0.0,0.3218004850918317,-0.24157186747716564,-0.6352355703789023,0.3473657048787112,-0.19305008566632925,-0.5329480475467687,0.0,0.0,0.0
21.980000000000636,0.0,0.0,0.348787798462746,0.0,0.0,0.0,0.0,0.0,0.0,0.317230479558823,-0.24472088063291286,-0.6463285401759911,0.34488900880374757,-0.19682870953833476,-0.5454720674445647,0.0,0.0,0.0
21.990000000000638,0.0,0.0,0.35905054016271315,0.0,0.0,0.0,0.0,0.0,0.0,0.312354067092248,-0.24776836111628997,-0.6572554073953337,0.3421453055360397,-0.20051694640221288,-0.5578293902906395,0.0,0.0,0.0
22.00000000000064,0.0,0.0,0.36875041796914276,0.0,0.0,0.0,0.0,0.0,0.0,0.30716794213677023,-0.25071273388315074,-0.6680133896529495,0.33912997538480166,-0.20411287737411377,-0.570016753219775,0.0,0.0,0.0
22.01000000000064,0.0,0.0,0.3778786549238602,0.0,0.0,0.0,0.0,0.0,0.0,0.30166910209734077,-0.2535524678144938,-0.6785997479875949,0.3358386976916571,-0.2076146196529605,-0.582031045682931,0.0,0.0,0.0
22.020000000000643,0.0,0.0,0.3864271431625378,0.0,0.0,0.0,0.0,0.0,0.0,0.29585485300376424,-0.25628607650267465,-0.689011787557752,0.33226747540743706,-0.21102033266174144,-0.5938692948355317,0.0,0.0,0.0
22.030000000000644,0.0,0.0,0.39438844660693295,0.0,0.0,0.0,0.0,0.0,0.0,0.28972281487379303,-0.25891211901804523,-0.6992468583272199,0.328412655754896,-0.21432822366415333,-0.6055286529711497,0.0,0.0,0.0
22.040000000000646,0.0,0.0,0.4017558036260036,0.0,0.0,0.0,0.0,0.0,0.0,0.2832709267687179,-0.2614292006556542,-0.7093023557392092,0.32427094607904516,-0.2175365524243943,-0.6170063865831212,0.0,0.0,0.0
22.050000000000647,0.0,0.0,0.4085231295313169,0.0,0.0,0.0,0.0,0.0,0.0,0.27649745153551397,-0.26383597366160094,-0.7191757213787159,0.31983942570286766,-0.2206436349782091,-0.6282998668186834,0.0,0.0,0.0
22.06000000000065,0.0,0.0,0.41468501876978575,0.0,0.0,0.0,0.0,0.0,0.0,0.2694009802300521,-0.2661311379387048,-0.7288644436230748,0.3151155544665824,-0.22364784655932116,-0.6394065611845094,0.0,0.0,0.0
22.07000000000065,0.0,0.0,0.4202367466801864,0.0,0.0,0.0,0.0,0.0,0.0,0.26198043621612543,-0.2683134417310815,-0.7383660582804422,0.31009717853066504,-0.22654762373599324,-0.6503240263603045,0.0,0.0,0.0
22.080000000000652,0.0,0.0,0.42517427068981833,0.0,0.0,0.0,0.0,0.0,0.0,0.25423507893538266,-0.2703816822873175,-0.747678149216109,0.3047825340050536,-0.22934146584682963,-0.6610499019919532,0.0,0.0,0.0
22.090000000000654,0.0,0.0,0.42949423084090793,0.0,0.0,0.0,0.0,0.0,0.0,0.24616450734356077,-0.2723347065018531,-0.7567983489664432,0.2991702488306391,-0.23202793579820521,-0.671581905347985,0.0,0.0,0.0
22.100000000000655,0.0,0.0,0.43319394955257473,0.0,0.0,0.0,0.0,0.0,0.0,0.23776866300878785,-0.27417141153428104,-0.7657243393403657,0.29325934330039805,-0.23460566029702212,-0.6819178267352805,0.0,0.0,0.0
22.110000000000657,0.0,0.0,0.4362714305436806,0.0,0.0,0.0,0.0,0.0,0.0,0.22904783286796426,-0.2758907454062065,-0.7744538520081268,0.28704922958934936,-0.23707332960905653,-0.692055525581317,0.0,0.0,0.0
22.12000000000066,0.0,0.0,0.4387253568631663,0.0,0.0,0.0,0.0,0.0,0.0,0.22000265163768784,-0.2774917075753627,-0.7829846690772968,0.2805397106290448,-0.23942969693979388,-0.701992927101248,0.0,0.0,0.0
22.13000000000066,0.0,0.0,0.4405550879959482,0.0,0.0,0.0,0.0,0.0,0.0,0.2106341038763846,-0.2789733494866835,-0.791314623655783,0.27373097862561185,-0.24167357753726212,-0.7117280194775137,0.0,0.0,0.0
22.14000000000066,0.0,0.0,0.44176065603291637,0.0,0.0,0.0,0.0,0.0,0.0,0.20094352569482266,-0.280334775100034,-0.7994416004017852,0.26662361347899255,-0.2438038476145133,-0.7212588514881212,0.0,0.0,0.0
22.150000000000663,0.0,0.0,0.4423427609120638,0.0,0.0,0.0,0.0,0.0,0.0,0.19093260611236118,-0.28157514139431083,-0.8073635360604764,0.2592185813161245,-0.24581944318288787,-0.7305835305270437,0.0,0.0,0.0
22.160000000000664,0.0,0.0,0.44230276475349095,0.0,0.0,0.0,0.0,0.0,0.0,0.18060338805668907,-0.28269365884765096,-0.8150784199873352,0.2515172333030309,-0.2477193588770456,-0.7397002209664394,0.0,0.0,0.0
22.170000000000666,0.0,0.0,0.44164268532359063,0.0,0.0,0.0,0.0,0.0,0.0,0.1699582690053027,-0.28368959189348497,-0.8225842946579496,0.24352130485282728,-0.2495026468393908,-0.7486071428159252,0.0,0.0,0.0
22.180000000000668,0.0,0.0,0.4403651886729915,0.0,0.0,0.0,0.0,0.0,0.0,0.1590000012670887,-0.2845622593521713,-0.8298792561642252,0.23523291530129373,-0.25116841571687554,-0.7573025706390206,0.0,0.0,0.0
22.19000000000067,0.0,0.0,0.43847358099885264,0.0,0.0,0.0,0.0,0.0,0.0,0.14773169190283109,-0.2853110348379999,-0.836961454696795,0.22665456808023685,-0.2527158298076713,-0.7657848326910532,0.0,0.0,0.0
22.20000000000067,0.0,0.0,0.43597179978531536,0.0,0.0,0.0,0.0,0.0,0.0,0.1361568022839737,-0.28593534714129976,-0.8438290950135681,0.21778915138410312,-0.2541441083806543,-0.7740523102467125,0.0,0.0,0.0
22.210000000000672,0.0,0.0,0.43286441057987524,0.0,0.0,0.0,0.0,0.0,0.0,0.12427914728902612,-0.2864346805854827,-0.8504804368942618,0.2086399392976628,-0.25545252517707173,-0.7821034370888574,0.0,0.0,0.0
22.220000000000674,0.0,0.0,0.42915659662168876,0.0,0.0,0.0,0.0,0.0,0.0,0.11210289413761226,-0.28680857535876614,-0.8569137955808471,0.19921328080356393,-0.25663471566180573,-0.7900031014471379,0.0,0.0,0.0
22.230000000000675,0.0,0.0,0.4248541254602537,0.0,0.0,0.0,0.0,0.0,0.0,0.09963256086240291,-0.28705662782042385,-0.8631275422037363,0.18950689597206175,-0.25770343202927976,-0.7975963664600331,0.0,0.0,0.0
22.240000000000677,0.0,0.0,0.4199633562434957,0.0,0.0,0.0,0.0,0.0,0.0,0.0868730144195296,-0.2871784907813696,-0.8691201041936564,0.17952957200148778,-0.25864894907976616,-0.8049867289688492,0.0,0.0,0.0
22.25000000000068,0.0,0.0,0.4144912258423249,0.0,0.0,0.0,0.0,0.0,0.0,0.07382946843853166,-0.2871738737588906,-0.8748899656790635,0.16928535247784707,-0.25947246132397833,-0.8121517068737947,0.0,0.0,0.0
22.26000000000068,0.0,0.0,0.40844511472342726,0.0,0.0,0.0,0.0,0.0,0.0,0.06050748061307709,-0.2870425432054058,-0.8804356678690519,0.15877962147156038,-0.2601731774313158,-0.8190942798336758,0.0,0.0,0.0
22.27000000000068,0.0,0.0,0.40183310451968035,0.0,0.0,0.0,0.0,0.0,0.0,0.046912949734225384,-0.2867843227110617,-0.8857558094215954,0.14802134911999804,-0.2607507524108774,-0.8258121479941115,0.0,0.0,0.0
22.280000000000683,0.0,0.0,0.39466391984097454,0.0,0.0,0.0,0.0,0.0,0.0,0.03305211236828065,-0.28639909318008794,-0.8908490467970782,0.13701977165993906,-0.2612047878620256,-0.8323047450113129,0.0,0.0,0.0
22.290000000000685,0.0,0.0,0.3869466899698943,0.0,0.0,0.0,0.0,0.0,0.0,0.018931539181567147,-0.28588679298072717,-0.8957140945969932,0.1257743494164116,-0.2615350256555371,-0.8385710537908038,0.0,0.0,0.0
22.300000000000686,0.0,0.0,0.3786910568793057,0.0,0.0,0.0,0.0,0.0,0.0,0.004558130914966596,-0.2852474180686957,-0.9003497258877754,0.11429197074224334,-0.26174127166809663,-0.8446093348230764,0.0,0.0,0.0
22.310000000000688,0.0,0.0,0.36990716213585,0.0,0.0,0.0,0.0,0.0,0.0,-0.01006088598869656,-0.28448102208403114,-0.9047547725095909,0.10257997983333553,-0.26182334040854477,-0.8504186714607475,0.0,0.0,0.0
22.32000000000069,0.0,0.0,0.3606056326037396,0.0,0.0,0.0,0.0,0.0,0.0,-0.02491796410102512,-0.2835877164212691,-0.9089281253701285,0.09064611394118369,-0.2617811126340491,-0.85599804177395,0.0,0.0,0.0
22.33000000000069,0.0,0.0,0.35079756584181043,0.0,0.0,0.0,0.0,0.0,0.0,-0.04000524006432374,-0.28256767027287755,-0.9128687347232042,0.07849851174899913,-0.2616145249271204,-0.8613465052473832,0.0,0.0,0.0
22.340000000000693,0.0,0.0,0.3404945152087475,0.0,0.0,0.0,0.0,0.0,0.0,-0.05531453998365382,-0.28142111064586833,-0.9165756104322089,0.06614571667173585,-0.26132357172090737,-0.8664631649114397,0.0,0.0,0.0
22.350000000000694,0.0,0.0,0.3297070012273873,0.0,0.0,0.0,0.0,0.0,0.0,-0.0708373851502507,-0.28014832235157994,-0.9200478222182329,0.05359668093066029,-0.2609083048973653,-0.8713471755519369,0.0,0.0,0.0
22.360000000000696,0.0,0.0,0.31844702431314,0.0,0.0,0.0,0.0,0.0,0.0,-0.08656499809140206,-0.27874964796856133,-0.923284499892907,0.04086077048697494,-0.2603664634200646,-0.8759976210348213,0.0,0.0,0.0
22.370000000000697,0.0,0.0,0.3067286225549132,0.0,0.0,0.0,0.0,0.0,0.0,-0.102488308941766,-0.2772254877785556,-0.9262848335758206,0.027947771619306443,-0.2596958953399235,-0.8804140846331111,0.0,0.0,0.0
22.3800000000007,0.0,0.0,0.2945649846257809,0.0,0.0,0.0,0.0,0.0,0.0,-0.11859796213061562,-0.2755762996755794,-0.9290480738965109,0.014867881278742244,-0.2589017233836221,-0.8845959415322017,0.0,0.0,0.0
22.3900000000007,0.0,0.0,0.28196981516363434,0.0,0.0,0.0,0.0,0.0,0.0,-0.13488432337922426,-0.27380259904808846,-0.9315735321809457,-0.02042272756096736,-0.2579842196618277,-0.8885421149484702,0.0,0.0,0.0
22.400000000000702,0.0,0.0,0.2689574970245716,0.0,0.0,0.0,0.0,0.0,0.0,-0.1513374870024073,-0.27190495863426856,-0.933860580622479,-0.03133872179331443,-0.25694345652245504,-0.8922519603337665,0.0,0.0,0.0
22.410000000000704,0.0,0.0,0.255542132049502,0.0,0.0,0.0,0.0,0.0,0.0,-0.16794728350769705,-0.26988400835045573,-0.9359086524372114,-0.04286792188736266,-0.2557796321265631,-0.895726491600975,0.0,0.0,0.0
22.420000000000705,0.0,0.0,0.24173816657080288,0.0,0.0,0.0,0.0,0.0,0.0,-0.18470328748556378,-0.2677404350927566,-0.9377172420037336,-0.055140088115550635,-0.2544937605622515,-0.8989622106336115,0.0,0.0,0.0
22.430000000000707,0.0,0.0,0.2275604012079657,0.0,0.0,0.0,0.0,0.0,0.0,-0.20159482578365642,-0.26547498251191753,-0.9392859049872102,-0.06810157336548907,-0.253086286004667,-0.9019585204159205,0.0,0.0,0.0
22.44000000000071,0.0,0.0,0.21302396471231722,0.0,0.0,0.0,0.0,0.0,0.0,-0.21861098595780037,-0.26308845076148935,-0.9406142584477869,-0.08170083592155787,-0.25155771310801855,-0.9047157824092109,0.0,0.0,0.0
22.45000000000071,0.0,0.0,0.19814428919919688,0.0,0.0,0.0,0.0,0.0,0.0,-0.2357406249921986,-0.2605816962194118,-0.9417019809332747,-0.09588880223023437,-0.24990862024843727,-0.907234032534318,0.0,0.0,0.0
22.46000000000071,0.0,0.0,0.18293708634170436,0.0,0.0,0.0,0.0,0.0,0.0,-0.2529723782810049,-0.25795563118306886,-0.9425488125561043,-0.11061861218433734,-0.24813965179276673,-0.9095132895605388,0.0,0.0,0.0
22.470000000000713,0.0,0.0,0.16741832446758567,0.0,0.0,0.0,0.0,0.0,0.0,-0.27029466886320025,-0.25521122353796344,-0.943154555054526,-0.1258454370341269,-0.2462515141911973,-0.9115535254436206,0.0,0.0,0.0
22.480000000000715,0.0,0.0,0.15160420652679876,0.0,0.0,0.0,0.0,0.0,0.0,-0.28769571690234735,-0.2523494964000872,-0.9435190718380477,-0.14152635458121388,-0.24424497253415048,-0.9133547001540832,0.0,0.0,0.0
22.490000000000716,0.0,0.0,0.13551114892323174,0.0,0.0,0.0,0.0,0.0,0.0,-0.30516354940274787,-0.24937152773215945,-0.9436422880170893,-0.15762026456444284,-0.24212084775484777,-0.9149167782413241,0.0,0.0,0.0
22.500000000000718,0.0,0.0,0.11915576122508291,0.0,0.0,0.0,0.0,0.0,0.0,-0.32268601015301157,-0.2462784499338616,-0.9435241904168576,-0.17408783067011255,-0.2398800143136863,-0.9162397452826714,0.0,0.0,0.0
22.51000000000072,0.0,0.0,0.10255483052978262,0.0,0.0,0.0,0.0,0.0,0.0,-0.34025076988805536,-0.24307144940620953,-0.9431648275754354,-0.19089143786141832,-0.23752339824774157,-0.9173236211122922,0.0,0.0,0.0
22.52000000000072,0.0,0.0,0.08572532758682888,0.0,0.0,0.0,0.0,0.0,0.0,-0.357845336660203,-0.2397517660902706,-0.942564309726089,-0.20799515594090415,-0.23505197892100743,-0.9181684708397561,0.0,0.0,0.0
22.530000000000722,0.0,0.0,0.06868441639082253,0.0,0.0,0.0,0.0,0.0,0.0,-0.3754570664098354,-0.23632069298037095,-0.9417228087637954,-0.22536470217371873,-0.23246681211555564,-0.9187744132597035,0.0,0.0,0.0
22.540000000000724,0.0,0.0,0.051449446293774265,0.0,0.0,0.0,0.0,0.0,0.0,-0.393073173725869,-0.23277957561201018,-0.940640558196006,-0.24296739789664398,-0.22976906479173717,-0.9191416291968262,0.0,0.0,0.0
22.550000000000725,0.0,0.0,0.03403794109012924,0.0,0.0,0.0,0.0,0.0,0.0,-0.41068074278616595,-0.22912981152469047,-0.939317853077656,-0.2607721159957781,-0.2269600128179212,-0.9192703706104116,0.0,0.0,0.0
22.560000000000727,0.0,0.0,0.016467587632983643,0.0,0.0,0.0,0.0,0.0,0.0,-0.42826673846768953,-0.22537284969985127,-0.9377550499304391,-0.2787492172171615,-0.2240410331424103,-0.9191609661921712,0.0,0.0,0.0
22.57000000000073,0.0,0.0,-0.0012437762428405344,0.0,0.0,0.0,0.0,0.0,0.0,-0.4458180176161952,-0.2215101899741896,-0.9359525666463689,-0.2968704763177694,-0.2210135963614212,-0.9188138251682941,0.0,0.0,0.0
22.58000000000073,0.0,0.0,-0.019078174729350087,0.0,0.0,0.0,0.0,0.0,0.0,-0.4633213404649021,-0.21754338242855087,-0.9339108823756559,-0.31510900060414143,-0.21787925956201426,-0.9182294394213031,0.0,0.0,0.0
22.59000000000073,0.0,0.0,-0.03701750823534404,0.0,0.0,0.0,0.0,0.0,0.0,-0.48076338219152526,-0.21347402675270077,-0.9316305373989286,-0.33343913907941725,-0.2146396592989717,-0.917408384333198,0.0,0.0,0.0
22.600000000000733,0.0,0.0,-0.055043568966853244,0.0,0.0,0.0,0.0,0.0,0.0,-0.498130744602987,-0.2093037715862004,-0.9291121329838282,-0.3518363832629734,-0.21129650458363736,-0.916351318016174,0.0,0.0,0.0
22.610000000000735,0.0,0.0,-0.07313805804102949,0.0,0.0,0.0,0.0,0.0,0.0,-0.5154099679367413,-0.2050343138356835,-0.9263563312260256,-0.37027726578169884,-0.2078515698412986,-0.9150589788833596,0.0,0.0,0.0
22.620000000000736,0.0,0.0,-0.09128260420339579,0.0,0.0,0.0,0.0,0.0,0.0,-0.5325875427677874,-0.20066739796883915,-0.9233638548746904,-0.3887392598694868,-0.20430668784113942,-0.9135321820848192,0.0,0.0,0.0
22.630000000000738,0.0,0.0,-0.10945878413584179,0.0,0.0,0.0,0.0,0.0,0.0,-0.5496499220101316,-0.19620481528534783,-0.9201354871424753,-0.4072006827346956,-0.2006637426295328,-0.9117718149903277,0.0,0.0,0.0
22.64000000000074,0.0,0.0,-0.1276481442523512,0.0,0.0,0.0,0.0,0.0,0.0,-0.5665835330014662,-0.19164840316515974,-0.9166720715000395,-0.42564060529409065,-0.19692466253757654,-0.9097788320182795,0.0,0.0,0.0
22.65000000000074,0.0,0.0,-0.14583222366070914,0.0,0.0,0.0,0.0,0.0,0.0,-0.5833747896596574,-0.18700004429436434,-0.9129745114551926,-0.44403877015898363,-0.19309141336661778,-0.9075542491007125,0.0,0.0,0.0
22.660000000000743,0.0,0.0,-0.16399257787107757,0.0,0.0,0.0,0.0,0.0,0.0,-0.6000101046996537,-0.18226166586903492,-0.9090437703167011,-0.46237551909266034,-0.18916599198402376,-0.9050991380558251,0.0,0.0,0.0
22.670000000000744,0.0,0.0,-0.1821108033468634,0.0,0.0,0.0,0.0,0.0,0.0,-0.6164759018991732,-0.17743523877737644,-0.9048808709428292,-0.48063173051514824,-0.18515042067480011,-0.90241462113443,0.0,0.0,0.0
22.680000000000746,0.0,0.0,-0.20016856288204207,0.0,0.0,0.0,0.0,0.0,0.0,-0.6327586284017187,-0.17252277676051286,-0.9004868954746579,-0.4987887670724353,-0.18104674206260027,-0.8995018660397764,0.0,0.0,0.0
22.690000000000747,0.0,0.0,-0.21814761129269744,0.0,0.0,0.0,0.0,0.0,0.0,-0.6488447670451334,-0.16752633555233287,-0.8958629850542874,-0.5168284328224156,-0.17685701416820437,-0.8963620815390367,0.0,0.0,0.0
22.70000000000075,0.0,0.0,-0.236029821033163,0.0,0.0,0.0,0.0,0.0,0.0,-0.6647208487041103,-0.16244801199869285,-0.8910103395279639,-0.5347329392464201,-0.17258330599754163,-0.892996513670202,0.0,0.0,0.0
22.71000000000075,0.0,0.0,-0.2537972074208421,0.0,0.0,0.0,0.0,0.0,0.0,-0.6803734646348745,-0.15728994315644385,-0.8859302171342324,-0.5524848790940459,-0.16822769384698658,-0.8894064426750314,0.0,0.0,0.0
22.720000000000752,0.0,0.0,-0.2714319531847632,0.0,0.0,0.0,0.0,0.0,0.0,-0.6957892788103571,-0.15205430537261821,-0.8806239341771691,-0.5700672069567988,-0.16379225838224595,-0.8855931806894105,0.0,0.0,0.0
22.730000000000754,0.0,0.0,-0.288916432090288,0.0,0.0,0.0,0.0,0.0,0.0,-0.7109550402340359,-0.14674331334421375,-0.8750928646848118,-0.5874632254429827,-0.15927908251340817,-0.8815580701820747,0.0,0.0,0.0
22.740000000000755,0.0,0.0,-0.30623323143564307,0.0,0.0,0.0,0.0,0.0,0.0,-0.7258575952208196,-0.14135921915897987,-0.8693384400528482,-0.6046565758677865,-0.15469025006182893,-0.8773024831045569,0.0,0.0,0.0
22.750000000000757,0.0,0.0,-0.32336517326247294,0.0,0.0,0.0,0.0,0.0,0.0,-0.7404838996331177,-0.13590431131763414,-0.8633621486736814,-0.6216312324586768,-0.1500278451899017,-0.8728278206941968,0.0,0.0,0.0
22.76000000000076,0.0,0.0,-0.3402953341697783,0.0,0.0,0.0,0.0,0.0,0.0,-0.7548210310604961,-0.13038091373794392,-0.8571655355509301,-0.6383714991894048,-0.14529395254359104,-0.8681355138575338,0.0,0.0,0.0
22.77000000000076,0.0,0.0,-0.35700706366612156,0.0,0.0,0.0,0.0,0.0,0.0,-0.7688562009312062,-0.12479138474110885,-0.8507502018995103,-0.654862008483645,-0.14049065803918578,-0.8632270240525817,0.0,0.0,0.0
22.78000000000076,0.0,0.0,-0.3734840009958116,0.0,0.0,0.0,0.0,0.0,0.0,-0.7825767665440025,-0.11913811602091418,-0.8441178047313667,-0.6710877211710562,-0.13562005020411436,-0.8581038445846431,0.0,0.0,0.0
22.790000000000763,0.0,0.0,-0.3897100901261846,0.0,0.0,0.0,0.0,0.0,0.0,-0.795970243008654,-0.11342353159608742,-0.8372700564269893,-0.6870339340014032,-0.13068421776797196,-0.8527675022306882,0.0,0.0,0.0
22.800000000000765,0.0,0.0,-0.40566959243648765,0.0,0.0,0.0,0.0,0.0,0.0,-0.8090243150837579,-0.10765008674636234,-0.8302087242927703,-0.7026863023383936,-0.1256852386072193,-0.8472195591421079,0.0,0.0,0.0
22.810000000000766,0.0,0.0,-0.42134709721659197,0.0,0.0,0.0,0.0,0.0,0.0,-0.8217268489003177,-0.10182026693269841,-0.8229356301044223,-0.7180308545379328,-0.12062517389314682,-0.8414616149380729,0.0,0.0,0.0
22.820000000000768,0.0,0.0,-0.4367275307363914,0.0,0.0,0.0,0.0,0.0,0.0,-0.834065903559938,-0.09593658670215044,-0.8154526496364398,-0.7330539845953187,-0.11550607473144986,-0.8354953087363707,0.0,0.0,0.0
22.83000000000077,0.0,0.0,-0.45179616448095683,0.0,0.0,0.0,0.0,0.0,0.0,-0.8460297425963049,-0.09000158857789997,-0.8077617121778558,-0.7477424432129304,-0.11032998943538423,-0.8293223209687397,0.0,0.0,0.0
22.84000000000077,0.0,0.0,-0.4665386227552859,0.0,0.0,0.0,0.0,0.0,0.0,-0.8576068452889432,-0.08401784193491046,-0.7998648000342945,-0.7620833295319102,-0.10509897058772846,-0.8229443751316527,0.0,0.0,0.0
22.850000000000772,0.0,0.0,-0.4809408898437419,0.0,0.0,0.0,0.0,0.0,0.0,-0.868785917818265,-0.07798794186174374,-0.7917639480165931,-0.7760640835980714,-0.09981508176730117,-0.8163632395649852,0.0,0.0,0.0
22.860000000000774,0.0,0.0,-0.49498931688455133,0.0,0.0,0.0,0.0,0.0,0.0,-0.8795559042510979,-0.07191450800906973,-0.7834612429159654,-0.7896724796503084,-0.09448040379120755,-0.8095807291948708,0.0,0.0,0.0
22.870000000000775,0.0,0.0,-0.5086706285897146,0.0,0.0,0.0,0.0,0.0,0.0,-0.8899059973459847,-0.06580018342531635,-0.7749588229659711,-0.8028966203541023,-0.08909704033316987,-0.802598707211056,0.0,0.0,0.0
22.880000000000777,0.0,0.0,-0.5219719299078939,0.0,0.0,0.0,0.0,0.0,0.0,-0.899825649167818,-0.05964763338009571,-0.7662588772913606,-0.8157249320848643,-0.0836671228071469,-0.795419086648616,0.0,0.0,0.0
22.89000000000078,0.0,0.0,-0.5348807126936159,0.0,0.0,0.0,0.0,0.0,0.0,-0.9093045815013582,-0.053459544175840534,-0.7573636453439765,-0.8281461614021326,-0.07819281440322946,-0.7880438318499767,0.0,0.0,0.0
22.90000000000078,0.0,0.0,-0.5473848624122927,0.0,0.0,0.0,0.0,0.0,0.0,-0.9183327960535161,-0.04723862194826056,-0.7482754163258012,-0.8401493728456976,-0.07267631318381546,-0.780474959787675,0.0,0.0,0.0
22.91000000000078,0.0,0.0,-0.5594726648800818,0.0,0.0,0.0,0.0,0.0,0.0,-0.926900584434456,-0.04098759145613151,-0.7389965285993741,-0.8517239481283085,-0.06711985419062151,-0.7727145412327496,0.0,0.0,0.0
22.920000000000783,0.0,0.0,-0.5711328130126853,0.0,0.0,0.0,0.0,0.0,0.0,-0.9349985379076355,-0.034709194860977455,-0.7295293690856693,-0.8628595867388512,-0.061525710555646984,-0.7647647017572883,0.0,0.0,0.0
22.930000000000785,0.0,0.0,-0.582354413537694,0.0,0.0,0.0,0.0,0.0,0.0,-0.9426175568993,-0.02840619049721438,-0.7198763726496351,-0.8735463079064261,-0.055896193652262866,-0.75662762256314,0.0,0.0,0.0
22.940000000000786,0.0,0.0,-0.5931269936126564,0.0,0.0,0.0,0.0,0.0,0.0,-0.9497488602579981,-0.022081351633295387,-0.7100400214734921,-0.8837744538169283,-0.05023365236218851,-0.7483055411326054,0.0,0.0,0.0
22.950000000000788,0.0,0.0,-0.6034405072844528,0.0,0.0,0.0,0.0,0.0,0.0,-0.956383994255016,-0.015737465224455516,-0.7000228444180293,-0.8935346939259233,-0.04454047156721684,-0.7398007517005611,0.0,0.0,0.0
22.96000000000079,0.0,0.0,-0.61328534172454,0.0,0.0,0.0,0.0,0.0,0.0,-0.9625148413168486,-0.009377330657584615,-0.6898274163719987,-0.9028180301801993,-0.03881906999869352,-0.7311156055516972,0.0,0.0,0.0
22.97000000000079,0.0,0.0,-0.6226523231783188,0.0,0.0,0.0,0.0,0.0,0.0,-0.9681336284809888,-0.0030037584888624735,-0.679456357589825,-0.9116158029461471,-0.03307189759185291,-0.7222525111504214,0.0,0.0,0.0
22.980000000000793,0.0,0.0,-0.6315327225739245,0.0,0.0,0.0,0.0,0.0,0.0,-0.9732329355666616,0.0033804308253069237,-0.6689123330177362,-0.9199196974465385,-0.027301432496225693,-0.7132139341150835,0.0,0.0,0.0
22.990000000000794,0.0,0.0,-0.639918260745171,0.0,0.0,0.0,0.0,0.0,0.0,-0.9778057030523831,0.009772408203489125,-0.6581980516085684,-0.9277217505249566,-0.021510177888860574,-0.7040023970520435,0.0,0.0,0.0
23.000000000000796,0.0,0.0,-0.6478011132339734,0.0,0.0,0.0,0.0,0.0,0.0,-0.9818452396524078,0.016169337219878788,-0.6473162656253564,-0.9350143575856726,-0.01570065872506525,-0.6946204792682882,0.0,0.0,0.0
23.010000000000797,0.0,0.0,-0.655173914648632,0.0,0.0,0.0,0.0,0.0,0.0,-0.9853452295844944,0.022568375389941497,-0.6362697699339437,-0.9417902795912944,-0.009875418544590073,-0.6850708163842139,0.0,0.0,0.0
23.0200000000008,0.0,0.0,-0.6619645442271642,0.0,0.0,0.0,0.0,0.0,0.0,-0.9882997395216637,0.0289666754603366,-0.625061401284714,-0.9480426500376079,0.013618778341876636,-0.6753560998699606,0.0,0.0,0.0
23.0300000000008,0.0,0.0,-0.6681830808462503,0.0,0.0,0.0,0.0,0.0,0.0,-0.990703225220916,0.03536138670261746,-0.6136940375837283,-0.9537646442690124,0.017308897487648692,-0.6654610252906913,0.0,0.0,0.0
23.040000000000802,0.0,0.0,-0.6739004410613587,0.0,0.0,0.0,0.0,0.0,0.0,-0.9925505378221677,0.04174965621004212,-0.6021705971533788,-0.9589593502860408,0.021191294745148442,-0.655433434044156,0.0,0.0,0.0
23.050000000000804,0.0,0.0,-0.6791069020019839,0.0,0.0,0.0,0.0,0.0,0.0,-0.9938369298109875,0.04812863019692504,-0.5904940379828014,-0.9636166871643798,0.025382522484085623,-0.6452981893786787,0.0,0.0,0.0
23.060000000000805,0.0,0.0,-0.6837930599260027,0.0,0.0,0.0,0.0,0.0,0.0,-0.9945580606390129,0.05449545529992905,-0.5786673569681722,-0.967718538979268,0.02985687975938092,-0.6349816179427286,0.0,0.0,0.0
23.070000000000807,0.0,0.0,-0.6879505208067965,0.0,0.0,0.0,0.0,0.0,0.0,-0.9947100019962252,0.06084727988068783,-0.5666935891431688,-0.9712645278479967,0.03457727550185501,-0.6245043618983501,0.0,0.0,0.0
23.08000000000081,0.0,0.0,-0.6915718847493837,0.0,0.0,0.0,0.0,0.0,0.0,-0.9942892427296268,0.067181255329134,-0.5545758068997253,-0.9742511998525045,0.03951265082525919,-0.613869512678337,0.0,0.0,0.0
23.09000000000081,0.0,0.0,-0.6946507221887611,0.0,0.0,0.0,0.0,0.0,0.0,-0.9932926934031407,0.07349453736696265,-0.5423171191993363,-0.9766756986551377,0.04463455358284712,-0.6030829654469071,0.0,0.0,0.0
23.10000000000081,0.0,0.0,-0.6971787653568156,0.0,0.0,0.0,0.0,0.0,0.0,-0.9917176904939373,0.07978428735061005,-0.5299206707750321,-0.9785351744156994,0.04991741769927742,-0.5921496590771816,0.0,0.0,0.0
23.110000000000813,0.0,0.0,-0.6991527315488997,0.0,0.0,0.0,0.0,0.0,0.0,-0.9895620002206912,0.08604767357310861,-0.5173896413243324,-0.9798269987397537,0.05533514259674475,-0.5810733473458916,0.0,0.0,0.0
23.120000000000815,0.0,0.0,-0.7005724525433228,0.0,0.0,0.0,0.0,0.0,0.0,-0.9868238219996053,0.09228187256426512,-0.5047272446933027,-0.9805493577424239,0.060864805798035056,-0.5698611819894079,0.0,0.0,0.0
23.130000000000816,0.0,0.0,-0.7014343632358355,0.0,0.0,0.0,0.0,0.0,0.0,-0.9835017915244554,0.09848407038851237,-0.4919367280519884,-0.980699717819107,0.06649664865647592,-0.5585183062676633,0.0,0.0,0.0
23.140000000000818,0.0,0.0,-0.7017357379997319,0.0,0.0,0.0,0.0,0.0,0.0,-0.9795949834671527,0.10465146393984748,-0.47902137106134934,-0.9802755617850016,0.07221319350405554,-0.547044076592483,0.0,0.0,0.0
23.15000000000082,0.0,0.0,-0.7014746936475404,0.0,0.0,0.0,0.0,0.0,0.0,-0.9751029137957831,0.11078126223324514,-0.4659844850320174,-0.9792759616872753,0.07799763183248597,-0.5354437899699028,0.0,0.0,0.0
23.16000000000082,0.0,0.0,-0.7006491609652237,0.0,0.0,0.0,0.0,0.0,0.0,-0.9700255417073349,0.11687068769194697,-0.4528294120750078,-0.9777001376102189,0.08383501425187462,-0.523721502858524,0.0,0.0,0.0
23.170000000000822,0.0,0.0,-0.6992593352245264,0.0,0.0,0.0,0.0,0.0,0.0,-0.9643632711727792,0.12291697742999785,-0.4395595242446657,-0.9755532159400877,0.08971185265155365,-0.5118804927704919,0.0,0.0,0.0
23.180000000000824,0.0,0.0,-0.6973069265150185,0.0,0.0,0.0,0.0,0.0,0.0,-0.9581169520924808,0.12891738452948953,-0.42617822267398253,-0.9728373076903893,0.09561547294060481,-0.4999270126981194,0.0,0.0,0.0
23.190000000000826,0.0,0.0,-0.6947926188398542,0.0,0.0,0.0,0.0,0.0,0.0,-0.9512878810602683,0.13486917931181308,-0.41268893670260853,-0.9695353862593563,0.10153528840142885,-0.4878653623330595,0.0,0.0,0.0
23.200000000000827,0.0,0.0,-0.6917177796665499,0.0,0.0,0.0,0.0,0.0,0.0,-0.9438778017348901,0.14076965060243163,-0.3990951229977051,-0.9656524154839623,0.10746208299566459,-0.47569520311896246,0.0,0.0,0.0
23.21000000000083,0.0,0.0,-0.6880844665856063,0.0,0.0,0.0,0.0,0.0,0.0,-0.9358889048179497,0.14661610698850103,-0.38540026466792177,-0.9611936611093702,0.1133864301828471,-0.4634217128590804,0.0,0.0,0.0
23.22000000000083,0.0,0.0,-0.6838953880872555,0.0,0.0,0.0,0.0,0.0,0.0,-0.9273238276377369,0.15240587806876293,-0.37160787037063936,-0.9561632947741434,0.11929997530752108,-0.45104894107539634,0.0,0.0,0.0
23.23000000000083,0.0,0.0,-0.6791538683108823,0.0,0.0,0.0,0.0,0.0,0.0,-0.918185653338828,0.15813631569515652,-0.35772147341281824,-0.9505649471079688,0.1251951097271438,-0.4385809226069523,0.0,0.0,0.0
23.240000000000833,0.0,0.0,-0.6738638159998868,0.0,0.0,0.0,0.0,0.0,0.0,-0.9084779096775808,0.1638047952055004,-0.3437446308455945,-0.9444019377398687,0.1310649116440927,-0.4260215380132412,0.0,0.0,0.0
23.250000000000835,0.0,0.0,-0.6680296971506573,0.0,0.0,0.0,0.0,0.0,0.0,-0.898204567424139,0.16940871664673196,-0.3296809225529238,-0.937677488274824,0.13690305301494407,-0.4133745836120029,0.0,0.0,0.0
23.260000000000836,0.0,0.0,-0.66165422901096,0.0,0.0,0.0,0.0,0.0,0.0,-0.8873700383718184,0.17494550598806136,-0.31553395033441056,-0.9303948785717683,0.14270372533354062,-0.40064379617275997,0.0,0.0,0.0
23.270000000000838,0.0,0.0,-0.6547426371031853,0.0,0.0,0.0,0.0,0.0,0.0,-0.875979172955226,0.18041261632351935,-0.30130733698267975,-0.9225575477566104,0.14845653777106302,-0.3878312415821552,0.0,0.0,0.0
23.28000000000084,0.0,0.0,-0.6473011452880839,0.0,0.0,0.0,0.0,0.0,0.0,-0.8640372574787198,0.18580752906328213,-0.28700472535542865,-0.9141702585433212,0.15414920764364143,-0.37494382406067245,0.0,0.0,0.0
23.29000000000084,0.0,0.0,-0.6393356315422383,0.0,0.0,0.0,0.0,0.0,0.0,-0.8515500109573062,0.19112775511325886,-0.2726297774424786,-0.905246059367938,0.15978489718622857,-0.36198690992818666,0.0,0.0,0.0
23.300000000000843,0.0,0.0,-0.6308538429919219,0.0,0.0,0.0,0.0,0.0,0.0,-0.8385235815722822,0.19637083604231975,-0.25818617342792094,-0.8958003861331807,0.16535857424577516,-0.3489621600396969,0.0,0.0,0.0
23.310000000000844,0.0,0.0,-0.6218629314890829,0.0,0.0,0.0,0.0,0.0,0.0,-0.8249645427444503,0.20153434523667402,-0.2436776107478531,-0.8858254862304039,0.1708648837227931,-0.3358766771443849,0.0,0.0,0.0
23.320000000000846,0.0,0.0,-0.6123705265130699,0.0,0.0,0.0,0.0,0.0,0.0,-0.8108798888279898,0.20661588904081274,-0.22910780314362844,-0.8753280867673093,0.176299887688726,-0.3227311240405117,0.0,0.0,0.0
23.330000000000847,0.0,0.0,-0.6023847657690731,0.0,0.0,0.0,0.0,0.0,0.0,-0.7962770304284357,0.21161310788445453,-0.21448047971116324,-0.8643164039062656,0.18165881234026235,-0.3095303005053217,0.0,0.0,0.0
23.34000000000085,0.0,0.0,-0.591914297644067,0.0,0.0,0.0,0.0,0.0,0.0,-0.7811637893486663,0.2165236773950241,-0.19979938394626373,-0.8527987812154729,0.1869373035926149,-0.29627843009209,0.0,0.0,0.0
23.35000000000085,0.0,0.0,-0.5809687582725335,0.0,0.0,0.0,0.0,0.0,0.0,-0.7655483931669615,0.22134530949504416,-0.18506827278652938,-0.840783801408384,0.19213125673134948,-0.28297983262558546,0.0,0.0,0.0
23.360000000000852,0.0,0.0,-0.5695576006100711,0.0,0.0,0.0,0.0,0.0,0.0,-0.7494394694517679,0.2260757534839999,-0.17029091564974275,-0.8283191421757354,0.1971862769038955,-0.2698198837741026,0.0,0.0,0.0
23.370000000000854,0.0,0.0,-0.5576904113276241,0.0,0.0,0.0,0.0,0.0,0.0,-0.7328460396179461,0.2307127971040912,-0.1554710934692638,-0.8153137647685301,0.2022258420678367,-0.25636173802147927,0.0,0.0,0.0
23.380000000000855,0.0,0.0,-0.5453779473239982,0.0,0.0,0.0,0.0,0.0,0.0,-0.7157775124297601,0.23525426758941093,-0.1406125977265209,-0.8018504675218694,0.2071554320530398,-0.24291723511672808,0.0,0.0,0.0
23.390000000000857,0.0,0.0,-0.5326314675138158,0.0,0.0,0.0,0.0,0.0,0.0,-0.6982436771561065,0.23969803269801604,-0.12571922948093373,-0.7879271873238359,0.2119856287751947,-0.22944460559040752,0.0,0.0,0.0
23.40000000000086,0.0,0.0,-0.519462683043285,0.0,0.0,0.0,0.0,0.0,0.0,-0.6802546963839002,0.24404200172641,-0.11079479839741313,-0.7735534408142517,0.21671245761939611,-0.21595373735080425,0.0,0.0,0.0
23.41000000000086,0.0,0.0,-0.5058837407007664,0.0,0.0,0.0,0.0,0.0,0.0,-0.6618210984957271,0.24828412650593545,-0.09584312177181165,-0.7587370142168477,0.22133454162342053,-0.20244667914257541,0.0,0.0,0.0
23.42000000000086,0.0,0.0,-0.4919071959000801,0.0,0.0,0.0,0.0,0.0,0.0,-0.6429537698183221,0.2524224023806245,-0.08086802355447742,-0.7434859389035421,0.22585043068342803,-0.1889267281721115,0.0,0.0,0.0
23.430000000000863,0.0,0.0,-0.4775459790076346,0.0,0.0,0.0,0.0,0.0,0.0,-0.6236639464486944,0.25645486916599847,-0.06587333337223278,-0.7278081343811671,0.2302590277972542,-0.17539702667816415,0.0,0.0,0.0
23.440000000000865,0.0,0.0,-0.46281335508368004,0.0,0.0,0.0,0.0,0.0,0.0,-0.6039632057649309,0.26037961208837856,-0.05086288554892704,-0.7117114446868827,0.23455952884072642,-0.1618607477221602,0.0,0.0,0.0
23.450000000000866,0.0,0.0,-0.4477228783598237,0.0,0.0,0.0,0.0,0.0,0.0,-0.583863457629243,0.26419476270426,-0.03584051812494371,-0.6952036595892295,0.23875142319057907,-0.1483210531257772,0.0,0.0,0.0
23.460000000000868,0.0,0.0,-0.43228834312968717,0.0,0.0,0.0,0.0,0.0,0.0,-0.563376935290808,0.26789849979926394,-0.020810071875807967,-0.6782925800919538,0.24283447173747416,-0.13478109496173135,0.0,0.0,0.0
23.47000000000087,0.0,0.0,-0.41652373308943075,0.0,0.0,0.0,0.0,0.0,0.0,-0.5425161859965129,0.27148905026629055,-0.0057753893302245896,-0.6609861148273474,0.2468086753785057,-0.12124402014657731,0.0,0.0,0.0
23.48000000000087,0.0,0.0,-0.4004431713315049,0.0,0.0,0.0,0.0,0.0,0.0,-0.5212940613177912,0.27496468996238566,0.00925968621230977,-0.6432924016199705,0.2506742334360652,-0.10771298320742029,0.0,0.0,0.0
23.490000000000872,0.0,0.0,-0.38406087316093246,0.0,0.0,0.0,0.0,0.0,0.0,-0.4997237072021212,0.2783237445439539,0.024291311663932946,-0.6252199448071907,0.25443149429128753,-0.0941911650806915,0.0,0.0,0.0
23.500000000000874,0.0,0.0,-0.3673911036674055,0.0,0.0,0.0,0.0,0.0,0.0,-0.4778185537579984,0.28156459027988046,0.03931564513074215,-0.6067777577901644,0.2580809007549919,-0.08068179637493067,0.0,0.0,0.0
23.510000000000876,0.0,0.0,-0.3504481415798092,0.0,0.0,0.0,0.0,0.0,0.0,-0.45559230478239066,0.2846856548421721,0.054328846894680316,-0.5879755000000425,0.2616229330831664,-0.06718818313078025,0.0,0.0,0.0
23.520000000000877,0.0,0.0,-0.33324625040830863,0.0,0.0,0.0,0.0,0.0,0.0,-0.4330589270399958,0.2876854180737336,0.06932708039484758,-0.5688235983404695,0.26505805262404275,-0.05371373305833041,0.0,0.0,0.0
23.53000000000088,0.0,0.0,-0.31579965731009013,0.0,0.0,0.0,0.0,0.0,0.0,-0.41023263930381626,0.2905624127329056,0.08430651320784444,-0.5493333450365724,0.26838664891738856,-0.04026198035339773,0.0,0.0,0.0
23.54000000000088,0.0,0.0,-0.2981225395675389,0.0,0.0,0.0,0.0,0.0,0.0,-0.38712790116680984,0.29331522521438647,0.09926331802701172,-0.5295169664049241,0.2716089926757757,-0.026836607495517886,0.0,0.0,0.0
23.550000000000882,0.0,0.0,-0.2802290180977395,0.0,0.0,0.0,0.0,0.0,0.0,-0.3637594016345873,0.2959424962461852,0.11419367364023025,-0.5093876599773367,0.2747251965216592,-0.013441462860408461,0.0,0.0,0.0
23.560000000000883,0.0,0.0,-0.2621301524926493,0.0,0.0,0.0,0.0,0.0,0.0,-0.3401420475093042,0.29844292156228436,0.12909376590614174,-0.4889596002649203,0.27773518470660863,0.025099774820269437,0.0,0.0,0.0
23.570000000000885,0.0,0.0,-0.24383934439847355,0.0,0.0,0.0,0.0,0.0,0.0,-0.31629095157521614,0.30081525255063024,0.14395978872840476,-0.4687983872653619,0.27955152289320423,0.03278421364770418,0.0,0.0,0.0
23.580000000000886,0.0,0.0,-0.22537416595609397,0.0,0.0,0.0,0.0,0.0,0.0,-0.29222142059631984,0.303058296876189,0.1587879450278462,-0.4475679558297933,0.2828183813849852,0.044871636146706716,0.0,0.0,0.0
23.590000000000888,0.0,0.0,-0.2067489173462887,0.0,0.0,0.0,0.0,0.0,0.0,-0.26794894313691886,0.305170919078702,0.17357444771217945,-0.42622775759227477,0.2857129542600638,0.05691639415494688,0.0,0.0,0.0
23.60000000000089,0.0,0.0,-0.18797747875353926,0.0,0.0,0.0,0.0,0.0,0.0,-0.2434891772160448,0.3071520411448807,0.18831552064314594,-0.4046813890617514,0.2884550377879699,0.06940494269051892,0.0,0.0,0.0
23.61000000000089,0.0,0.0,-0.16907367043964774,0.0,0.0,0.0,0.0,0.0,0.0,-0.21885793780669172,0.30900064305473496,0.20300739960070402,-0.3829504733158395,0.29103129626884583,0.08223037357642676,0.0,0.0,0.0
23.620000000000893,0.0,0.0,-0.15005126648929026,0.0,0.0,0.0,0.0,0.0,0.0,-0.19407118419117975,0.31071576330176454,0.2176463332441212,-0.36104463352686883,0.2934560624673601,0.09536645787910357,0.0,0.0,0.0
23.630000000000894,0.0,0.0,-0.1309240292772947,0.0,0.0,0.0,0.0,0.0,0.0,-0.16914500718398817,0.31229649938674253,0.2322285840696483,-0.3389777105556263,0.2957371164537158,0.10877790965374842,0.0,0.0,0.0
23.640000000000896,0.0,0.0,-0.11170531125804674,0.0,0.0,0.0,0.0,0.0,0.0,-0.14409561623346412,0.31374200828485943,0.24675042936463454,-0.31676511882666175,0.2978807054341827,0.1224323387385867,0.0,0.0,0.0
23.650000000000897,0.0,0.0,-0.09240877658442273,0.0,0.0,0.0,0.0,0.0,0.0,-0.11893932641410543,0.3150515068859625,0.26120816215770937,-0.2944517327329387,0.2998225731947328,0.1361043208644393,0.0,0.0,0.0
23.6600000000009,0.0,0.0,-0.07304859756226949,0.0,0.0,0.0,0.0,0.0,0.0,-0.09369254532100246,0.3162242724076818,0.2755980921648924,-0.2719963683691754,0.30171115296731327,0.15015460509361958,0.0,0.0,0.0
23.6700000000009,0.0,0.0,-0.05363866237300379,0.0,0.0,0.0,0.0,0.0,0.0,-0.06837175987830468,0.31725964278122776,0.28991654673131406,-0.2494532855006545,0.3034610902866128,0.1643295082194668,0.0,0.0,0.0
23.680000000000902,0.0,0.0,-0.034192892787749,0.0,0.0,0.0,0.0,0.0,0.0,-0.04299352307367443,0.3181570170096415,0.3041598717684082,-0.2268376673791544,0.30508449544993677,0.17863277454660348,0.0,0.0,0.0
23.690000000000904,0.0,0.0,-0.014725269775670354,0.0,0.0,0.0,0.0,0.0,0.0,-0.01757444063034197,0.3189158554983398,0.31832443268620847,-0.20417016738898028,0.3065803589891358,0.19303531868427082,0.0,0.0,0.0
23.700000000000905,0.0,0.0,0.004750169132567074,0.0,0.0,0.0,0.0,0.0,0.0,0.007868842370780005,0.3195356803577436,0.332406615320616,-0.1814711898987589,0.3079489019154459,0.2075146138411949,0.0,0.0,0.0
23.710000000000907,0.0,0.0,0.0242193329332005,0.0,0.0,0.0,0.0,0.0,0.0,0.033319654907228546,0.32001607567785495,0.3464028268553212,-0.15876158774259,0.30918965212121585,0.22204894523173563,0.0,0.0,0.0
23.72000000000091,0.0,0.0,0.04366808281900552,0.0,0.0,0.0,0.0,0.0,0.0,0.058761313457112996,0.3203566877746198,0.3603094967382514,-0.13606248952458008,0.310301849436753,0.23661819872349757,0.0,0.0,0.0
23.73000000000091,0.0,0.0,0.06308224018430042,0.0,0.0,0.0,0.0,0.0,0.0,0.08417713545515304,0.32055722540793763,0.37412307759217867,-0.11339527009838428,0.3112844938289195,0.2512036870720677,0.0,0.0,0.0
23.74000000000091,0.0,0.0,0.08244759850989636,0.0,0.0,0.0,0.0,0.0,0.0,0.10955045275049713,0.32061745997119884,0.38784004611935874,-0.09078149232878907,0.31213642779262446,0.26578810578108664,0.0,0.0,0.0
23.750000000000913,0.0,0.0,0.10174993844458743,0.0,0.0,0.0,0.0,0.0,0.0,0.13486462505420183,0.32053722565224074,0.40145690399989853,-0.06824277333786094,0.31285640162594375,0.28035546075572043,0.0,0.0,0.0
23.760000000000915,0.0,0.0,0.12097504319786778,0.0,0.0,0.0,0.0,0.0,0.0,0.16010305336422848,0.32031641956562273,0.414970178783717,-0.045800669748725605,0.31344313701392074,0.2948910211198858,0.0,0.0,0.0
23.770000000000916,0.0,0.0,0.14010871409733233,0.0,0.0,0.0,0.0,0.0,0.0,0.18524919335587264,0.31995500185612524,0.42837642477575133,-0.02347674337055439,0.31389537402539397,0.30938126911543307,0.0,0.0,0.0
23.780000000000918,0.0,0.0,0.15913315504157077,0.0,0.0,0.0,0.0,0.0,0.0,0.21028656872555618,0.31945299577343045,0.4416722239142814,0.027811713629563542,0.3142118989789949,0.3238138145719596,0.0,0.0,0.0
23.79000000000092,0.0,0.0,0.17803407756118228,0.0,0.0,0.0,0.0,0.0,0.0,0.23519878447588893,0.3188104877178928,0.4548541866420699,0.04693751477939624,0.3143916114946929,0.33818894152931267,0.0,0.0,0.0
23.80000000000092,0.0,0.0,0.19679729719756262,0.0,0.0,0.0,0.0,0.0,0.0,0.2599695401302131,0.31802762725738143,0.4679189527702339,0.06698330213404438,0.3144219506233063,0.3524666225185056,0.0,0.0,0.0
23.810000000000922,0.0,0.0,0.21540965362052317,0.0,0.0,0.0,0.0,0.0,0.0,0.28458264286444535,0.31710462711515497,0.4808631923343789,0.08806563276659377,0.314296735536648,0.36662857129218196,0.0,0.0,0.0
23.820000000000924,0.0,0.0,0.23386242896887421,0.0,0.0,0.0,0.0,0.0,0.0,0.3090220205446046,0.316041763128744,0.49368360644309117,0.11006181940817984,0.31401846378178205,0.3807049884105756,0.0,0.0,0.0
23.830000000000926,0.0,0.0,0.25214153392694694,0.0,0.0,0.0,0.0,0.0,0.0,0.33327173465823656,0.31483937417985874,0.5063769281182746,0.13284836242299988,0.313613375965272,0.3946717846204487,0.0,0.0,0.0
23.840000000000927,0.0,0.0,0.27023290875536443,0.0,0.0,0.0,0.0,0.0,0.0,0.3573159931280083,0.3134978620953075,0.5189399231273881,0.1563083638754205,0.31308233998136453,0.4085370474302219,0.0,0.0,0.0
23.85000000000093,0.0,0.0,0.288122644102376,0.0,0.0,0.0,0.0,0.0,0.0,0.38113916299605144,0.3120176915189665,0.5313693908070849,0.18032832097476142,0.31241999938950676,0.42228859567620985,0.0,0.0,0.0
23.86000000000093,0.0,0.0,0.30579653074740665,0.0,0.0,0.0,0.0,0.0,0.0,0.40472578296753614,0.31039938975483805,0.5436621648783435,0.20480067607310146,0.3116230689243915,0.4359187046618638,0.0,0.0,0.0
23.870000000000932,0.0,0.0,0.3232410929976221,0.0,0.0,0.0,0.0,0.0,0.0,0.4280605758023015,0.30864354658123316,0.5558151142526433,0.2296158405065688,0.3106889396778811,0.44942088895679505,0.0,0.0,0.0
23.880000000000933,0.0,0.0,0.34044359718825007,0.0,0.0,0.0,0.0,0.0,0.0,0.4511284605433056,0.30675081403616655,0.5678251438291126,0.2546728127739984,0.3096149620818849,0.4627865616917011,0.0,0.0,0.0
23.890000000000935,0.0,0.0,0.3573909605758916,0.0,0.0,0.0,0.0,0.0,0.0,0.4739145645710183,0.30472190617401473,0.5796891952823775,0.27990450348303914,0.308400367886144,0.47600912705587706,0.0,0.0,0.0
23.900000000000936,0.0,0.0,0.37407033197396955,0.0,0.0,0.0,0.0,0.0,0.0,0.49640423547277923,0.30255759879355226,0.5914042478409898,0.30522837087955834,0.3070454383384367,0.4890870647117721,0.0,0.0,0.0
23.910000000000938,0.0,0.0,0.39046912087731567,0.0,0.0,0.0,0.0,0.0,0.0,0.5185830527167088,0.3002587291374641,0.6029673190561358,0.33056836648615684,0.3055494937575529,0.5020149463443699,0.0,0.0,0.0
23.92000000000094,0.0,0.0,0.4065750094822446,0.0,0.0,0.0,0.0,0.0,0.0,0.5404368391194265,0.2978261955634345,0.614375465560512,0.3558554145213791,0.3039124596123231,0.5147885337372068,0.0,0.0,0.0
23.93000000000094,0.0,0.0,0.42237596306970027,0.0,0.0,0.0,0.0,0.0,0.0,0.5619516720975446,0.2952609571869784,0.6256257838171138,0.38102717996563884,0.3021345393754238,0.5274038562788853,0.0,0.0,0.0
23.940000000000943,0.0,0.0,0.4378602389459735,0.0,0.0,0.0,0.0,0.0,0.0,0.5831138946927424,0.2925640334961237,0.6367154108578283,0.40602777530336154,0.30021621047123687,0.5398573007424113,0.0,0.0,0.0
23.950000000000944,0.0,0.0,0.45301639384847064,0.0,0.0,0.0,0.0,0.0,0.0,0.6039101263606087,0.289736503938137,0.6476415250115388,0.4308073561135454,0.29815818084463147,0.5521455319211844,0.0,0.0,0.0
23.960000000000946,0.0,0.0,0.46783328993568457,0.0,0.0,0.0,0.0,0.0,0.0,0.6243272735136094,0.28677950747842695,0.6584013466216445,0.4553216633822627,0.29596136052780925,0.5642654526944848,0.0,0.0,0.0
23.970000000000947,0.0,0.0,0.4823000995827087,0.0,0.0,0.0,0.0,0.0,0.0,0.644352539808788,0.2836942421318449,0.6689921387527429,0.479531530384593,0.293626835643186,0.5762141648124949,0.0,0.0,0.0
23.98000000000095,0.0,0.0,0.4964063092391158,0.0,0.0,0.0,0.0,0.0,0.0,0.6639734361710338,0.2804819644665635,0.6794112078863834,0.5034023735209178,0.29115584609673284,0.5879889362782524,0.0,0.0,0.0
23.99000000000095,0.0,0.0,0.5101417226222725,0.0,0.0,0.0,0.0,0.0,0.0,0.6831777905429874,0.27714398908073257,0.6896559046056114,0.5269036843912368,0.2885497660709081,0.5995871735059017,0.0,0.0,0.0
24.000000000000952,0.0,0.0,0.5234964635129392,0.0,0.0,0.0,0.0,0.0,0.0,0.7019537573529869,0.27368168805216264,0.6997236242682101,0.5500085381195629,0.28581008698210175,0.6110063979879111,0.0,0.0,0.0
24.010000000000954,0.0,0.0,0.5364609783929327,0.0,0.0,0.0,0.0,0.0,0.0,0.7202898266925667,0.2700964903612464,0.7096118076684095,0.5726931299793105,0.2829384025997031,0.6222442270203438,0.0,0.0,0.0
24.020000000000955,0.0,0.0,0.5490260391218051,0.0,0.0,0.0,0.0,0.0,0.0,0.7381748331955014,0.2663898812873815,0.7193179416869728,0.5949363495079711,0.2799363960450412,0.6332983581146423,0.0,0.0,0.0
24.030000000000957,0.0,0.0,0.5611827457981986,0.0,0.0,0.0,0.0,0.0,0.0,0.7555979646104828,0.2625634017791554,0.7288395599293982,0.6167193980540793,0.27680582844984997,0.6441665567169618,0.0,0.0,0.0
24.04000000000096,0.0,0.0,0.5729225298972367,0.0,0.0,0.0,0.0,0.0,0.0,0.7725487700598686,0.2586186477985457,0.7381742433521499,0.6380254527254823,0.2735485290892325,0.6548466468455258,0.0,0.0,0.0
24.05000000000096,0.0,0.0,0.5842371577254596,0.0,0.0,0.0,0.0,0.0,0.0,0.789017167977348,0.2545572696394651,0.7473196208767083,0.6588393771166321,0.27016638682927413,0.6653365042430024,0.0,0.0,0.0
24.06000000000096,0.0,0.0,0.5951187341921229,0.0,0.0,0.0,0.0,0.0,0.0,0.8049934537174567,0.2503809712208911,0.7562733699913471,0.6791474770944897,0.2666613427503039,0.6756340516363742,0.0,0.0,0.0
24.070000000000963,0.0,0.0,0.6055597068634673,0.0,0.0,0.0,0.0,0.0,0.0,0.8204683068303475,0.24609150935494073,0.7650332173404042,0.6989372983687141,0.2630353838242437,0.6857372557064242,0.0,0.0,0.0
24.080000000000965,0.0,0.0,0.6155528702442856,0.0,0.0,0.0,0.0,0.0,0.0,0.8354327979955316,0.24169069299018764,0.7735969393009641,0.7181974615531523,0.25929053753900805,0.695644125393508,0.0,0.0,0.0
24.090000000000966,0.0,0.0,0.6250913702182992,0.0,0.0,0.0,0.0,0.0,0.0,0.8498783956084637,0.23718038243055295,0.7819623625467509,0.736917529887138,0.2554288673745878,0.7053527112038912,0.0,0.0,0.0
24.100000000000968,0.0,0.0,0.634168708573754,0.0,0.0,0.0,0.0,0.0,0.0,0.8637969720144125,0.23256248853013783,0.7901273645991644,0.755087904643464,0.2514524690442281,0.7148611052269486,0.0,0.0,0.0
24.11000000000097,0.0,0.0,0.642778747541453,0.0,0.0,0.0,0.0,0.0,0.0,0.8771808093841901,0.22783897186431057,0.798089874365226,0.7726997434114704,0.24736346742056037,0.7241674416237354,0.0,0.0,0.0
24.12000000000097,0.0,0.0,0.6509157142772525,0.0,0.0,0.0,0.0,0.0,0.0,0.8900226052267306,0.22301184187748158,0.8058478726623741,0.7897448968155587,0.2431640140709704,0.733269897397303,0.0,0.0,0.0
24.130000000000972,0.0,0.0,0.6585742052281809,0.0,0.0,0.0,0.0,0.0,0.0,0.9023154775338753,0.21808315600786354,0.8133993927299215,0.8062158597298563,0.23885628532979958,0.7421666933015836,0.0,0.0,0.0
24.140000000000974,0.0,0.0,0.6657491903297486,0.0,0.0,0.0,0.0,0.0,0.0,0.9140529695530147,0.21305501878969135,0.8207425207271097,0.8221057336111476,0.23444248083745764,0.7508560947864316,0.0,0.0,0.0
24.150000000000976,0.0,0.0,0.6724360169906345,0.0,0.0,0.0,0.0,0.0,0.0,0.925229054183568,0.20792958093323444,0.8278753962175587,0.8374081971431936,0.22992482247914947,0.7593364129104601,0.0,0.0,0.0
24.160000000000977,0.0,0.0,0.6786304138291581,0.0,0.0,0.0,0.0,0.0,0.0,0.9358381379937444,0.20270903838305054,0.8347962126400472,0.8521174829300009,0.22530555365878183,0.767606005180456,0.0,0.0,0.0
24.17000000000098,0.0,0.0,0.6843284941333723,0.0,0.0,0.0,0.0,0.0,0.0,0.9458750648542598,0.19739563135489968,0.8415032177654653,0.8662283584702081,0.2205869388470297,0.7756632762967611,0.0,0.0,0.0
24.18000000000098,0.0,0.0,0.6895267590231124,0.0,0.0,0.0,0.0,0.0,0.0,0.9553351191861049,0.19199164335171437,0.8479947141398743,0.8797361100767588,0.21577126334664176,0.7835066787988436,0.0,0.0,0.0
24.190000000000982,0.0,0.0,0.6942221002979762,0.0,0.0,0.0,0.0,0.0,0.0,0.9642140288198403,0.18649940015913513,0.854269059513499,0.8926365287705863,0.2108608332226348,0.7911347136153061,0.0,0.0,0.0
24.200000000000983,0.0,0.0,0.6984118029596112,0.0,0.0,0.0,0.0,0.0,0.0,0.9725079674641709,0.1809212688209949,0.8603246672555918,0.9049258974747221,0.20585797535018602,0.7985459305287229,0.0,0.0,0.0
24.210000000000985,0.0,0.0,0.7020935474004527,0.0,0.0,0.0,0.0,0.0,0.0,0.9802135567820461,0.17525965659524978,0.8661600067550341,0.9166009790706185,0.20076503753824548,0.8057389285689577,0.0,0.0,0.0
24.220000000000987,0.0,0.0,0.7052654112539757,0.0,0.0,0.0,0.0,0.0,0.0,0.9873278680727718,0.16951700989082852,0.8717736038066117,0.9276590050579219,0.19558438869236353,0.812712356349771,0.0,0.0,0.0
24.230000000000988,0.0,0.0,0.7079258709037312,0.0,0.0,0.0,0.0,0.0,0.0,0.9938484235590995,0.16369581318586146,0.877164040982819,0.9380976646902422,0.19031841898548665,0.8194649123630628,0.0,0.0,0.0
24.24000000000099,0.0,0.0,0.7100738026501496,0.0,0.0,0.0,0.0,0.0,0.0,0.9997731972785215,0.15779858792779278,0.8823299579911348,0.9479150945502369,0.18496954001056168,0.8259953452439277,0.0,0.0,0.0
24.25000000000099,0.0,0.0,0.7117084835354542,0.0,0.0,0.0,0.0,0.0,0.0,1.0051006155784616,0.1518278914158655,0.8872700520166528,0.9571098685856814,0.17954018489345067,0.8323024540178302,0.0,0.0,0.0
24.260000000000993,0.0,0.0,0.7128295918278781,0.0,0.0,0.0,0.0,0.0,0.0,1.0098295572153821,0.1457863156664887,0.8919830780500235,0.9656809886605501,0.17403280834904936,0.8383850883391865,0.0,0.0,0.0
24.270000000000994,0.0,0.0,0.713437207167119,0.0,0.0,0.0,0.0,0.0,0.0,1.0139593530581696,0.13967648626201168,0.8964678492005662,0.9736278756883472,0.16844988666725527,0.8442421487285938,0.0,0.0,0.0
24.280000000000996,0.0,0.0,0.7135318103733855,0.0,0.0,0.0,0.0,0.0,0.0,1.0174897853965987,0.13350106118339466,0.9007232369945228,0.9809503614136807,0.1627939176188958,0.8498725868140112,0.0,0.0,0.0
24.290000000000997,0.0,0.0,0.7131142829227891,0.0,0.0,0.0,0.0,0.0,0.0,1.0204210868559822,0.12726272962734564,0.904748171658339,0.9876486808976493,0.15706742027458703,0.8552754055794267,0.0,0.0,0.0
24.300000000001,0.0,0.0,0.7121859060920058,0.0,0.0,0.0,0.0,0.0,0.0,1.0227539389195113,0.12096421080843722,0.908541642386961,0.9937234657457189,0.1512729347320389,0.8604496596231099,0.0,0.0,0.0
24.310000000001,0.0,0.0,0.7107483597752771,0.0,0.0,0.0,0.0,0.0,0.0,1.0244894700601472,0.11460825274675912,0.9121026975969835,0.9991757380971729,0.14541302174938572,0.8653944554262621,0.0,0.0,0.0
24.320000000001002,0.0,0.0,0.7088037209769574,0.0,0.0,0.0,0.0,0.0,0.0,1.0256292534842875,0.10819763104163593,0.9154304451647011,1.0040069053742764,0.13949026228384967,0.8701089516318935,0.0,0.0,0.0
24.330000000001004,0.0,0.0,0.7063544619828405,0.0,0.0,0.0,0.0,0.0,0.0,1.0261753044897972,0.1017351476320063,0.9185240526489036,1.0082187557693287,0.13350725693644866,0.874592359333049,0.0,0.0,0.0
24.340000000001005,0.0,0.0,0.7034034482135595,0.0,0.0,0.0,0.0,0.0,0.0,1.0261300774413706,0.09522362954400876,0.9213827474984382,1.0118134544292152,0.127466625304586,0.8788439423689244,0.0,0.0,0.0
24.350000000001007,0.0,0.0,0.6999539357633588,0.0,0.0,0.0,0.0,0.0,0.0,1.025496462366493,0.08866592762631287,0.924005817244413,1.0147935402811907,0.1213710052452972,0.8828630176270743,0.0,0.0,0.0
24.36000000000101,0.0,0.0,0.6960095686275732,0.0,0.0,0.0,0.0,0.0,0.0,1.0242777811756671,0.08206491527385751,0.9263926096770674,1.0171619234304807,0.11522305205247972,0.8866489553497398,0.0,0.0,0.0
24.37000000000101,0.0,0.0,0.6915743756221219,0.0,0.0,0.0,0.0,0.0,0.0,1.0224777835109324,0.07542348714046998,0.928542533007211,1.0189218830499924,0.10902543755210743,0.890201179442192,0.0,0.0,0.0
24.38000000000101,0.0,0.0,0.6866527669983318,0.0,0.0,0.0,0.0,0.0,0.0,1.0201006422269976,0.06874455784107036,0.9304550560122191,1.0200770656753861,0.10278084911960743,0.8935191677811166,0.0,0.0,0.0
24.390000000001013,0.0,0.0,0.6812495307563595,0.0,0.0,0.0,0.0,0.0,0.0,1.0171509485096726,0.062031060643943814,0.9321297081665334,1.0206314838141213,0.09649198862399327,0.8966024525210847,0.0,0.0,0.0
24.400000000001015,0.0,0.0,0.6753698286604194,0.0,0.0,0.0,0.0,0.0,0.0,1.0136337066366554,0.05528594615375537,0.9335660797566563,1.0205895147752602,0.09016157130334515,0.8994506203973649,0.0,0.0,0.0
24.410000000001016,0.0,0.0,0.6690191919589165,0.0,0.0,0.0,0.0,0.0,0.0,1.0095543283859962,0.04851218098590637,0.9347638219805865,1.0199558996272338,0.08379232457638396,0.9020633130235546,0.0,0.0,0.0
24.420000000001018,0.0,0.0,0.66220351681252,0.0,0.0,0.0,0.0,0.0,0.0,1.0049186270979387,0.041712746432773784,0.9357226470316906,1.0187357421928018,0.07738698679486046,0.9044402271827016,0.0,0.0,0.0
24.43000000000102,0.0,0.0,0.6549290594329694,0.0,0.0,0.0,0.0,0.0,0.0,0.9997328113961204,0.03489063712253593,0.9364423281669783,1.0169345079944423,0.0709483059413973,0.9065811151108311,0.0,0.0,0.0
24.44000000000102,0.0,0.0,0.6472024309352096,0.0,0.0,0.0,0.0,0.0,0.0,0.9940034785744803,0.028048859671124138,0.936922699759781,1.0145580230684068,0.06447903827736737,0.9084857847720618,0.0,0.0,0.0
24.450000000001022,0.0,0.0,0.6390305919052416,0.0,0.0,0.0,0.0,0.0,0.0,0.9877376076564441,0.02119043132797227,0.937163657336801,1.0116124725716387,0.0579819469452341,0.9101541001246463,0.0,0.0,0.0
24.460000000001024,0.0,0.0,0.6304208466856572,0.0,0.0,0.0,0.0,0.0,0.0,0.9809425521333637,0.014318378616145377,0.9371651575995404,1.008104399112544,0.05145980052969802,0.9115859813775563,0.0,0.0,0.0
24.470000000001026,0.0,0.0,0.6213808373806003,0.0,0.0,0.0,0.0,0.0,0.0,0.9736260323893926,0.0074357359675056856,0.9369272184300982,1.0040407007436258,0.04491537158169639,0.9127814052373198,0.0,0.0,0.0
24.480000000001027,0.0,0.0,0.6119185375813099,0.0,0.0,0.0,0.0,0.0,0.0,0.9657961278203164,0.0005455443535140603,0.9364499188813363,0.9994286285614273,0.03835143510929753,0.913740405144985,0.0,0.0,0.0
24.49000000000103,0.0,0.0,0.6020422821175039,0.0,0.0,0.0,0.0,0.0,0.0,0.9574612686541336,-0.006349150087668232,0.9357333991514223,0.9942757838666343,0.03177076703915284,0.9144630715032674,0.0,0.0,0.0
24.50000000000103,0.0,0.0,0.5917613909595796,0.0,0.0,0.0,0.0,0.0,0.0,0.948630227481398,-0.013245297427183722,0.9347778605427479,0.9885901216440102,0.025160615723876924,0.9149553686814585,0.0,0.0,0.0
24.510000000001032,0.0,0.0,0.5810849532580594,0.0,0.0,0.0,0.0,0.0,0.0,0.9393121105037108,-0.0201398453239392,0.9335835654052485,0.9823785459791088,0.018508354846430153,0.9152031470921067,0.0,0.0,0.0
24.520000000001033,0.0,0.0,0.5700226844440601,0.0,0.0,0.0,0.0,0.0,0.0,0.9295163485089136,-0.0270297404048625,0.9321508370641258,0.9756502904306421,0.011853573201794303,0.9151997634858426,0.0,0.0,0.0
24.530000000001035,0.0,0.0,0.5585814074988023,0.0,0.0,0.0,0.0,0.0,0.0,0.9192526875817603,-0.033911929646361916,0.9304800597320051,0.9684226985167563,-0.013666622875096728,0.9149676146308062,0.0,0.0,0.0
24.540000000001037,0.0,0.0,0.5467692283299582,0.0,0.0,0.0,0.0,0.0,0.0,0.9085311795592228,-0.04078336175633446,0.9285716784055409,0.9607080958685541,-0.01801784892273971,0.9144895000982658,0.0,0.0,0.0
24.550000000001038,0.0,0.0,0.5345995519718393,0.0,0.0,0.0,0.0,0.0,0.0,0.8973621722396612,-0.047640988556066244,0.9264261987465139,0.9525003914348169,-0.022619932843227525,0.913804302862977,0.0,0.0,0.0
24.56000000000104,0.0,0.0,0.5220833721544142,0.0,0.0,0.0,0.0,0.0,0.0,0.8857562993554027,-0.054481766361409,0.9240441869474266,0.9438085895076215,-0.027548048104738196,0.9129200300913435,0.0,0.0,0.0
24.57000000000104,0.0,0.0,0.5092317164189079,0.0,0.0,0.0,0.0,0.0,0.0,0.8737244703184461,-0.06130265736260743,0.9214262695816617,0.9346413155120449,-0.032769344674826645,0.9117755041151668,0.0,0.0,0.0
24.580000000001043,0.0,0.0,0.49605570552801975,0.0,0.0,0.0,0.0,0.0,0.0,0.8612778597492645,-0.06810063100208841,0.9185731334382224,0.925013419923688,-0.03824347038845424,0.9103895634741066,0.0,0.0,0.0
24.590000000001044,0.0,0.0,0.48256657858001994,0.0,0.0,0.0,0.0,0.0,0.0,0.8484278967987464,-0.07487266534964787,0.9154855253411094,0.9149376535419078,-0.04393672031455378,0.9087638199425595,0.0,0.0,0.0
24.600000000001046,0.0,0.0,0.4687757123881977,0.0,0.0,0.0,0.0,0.0,0.0,0.835186254273717,-0.08161574847431563,0.9121642519533731,0.9044265514367551,-0.04981875234872374,0.90690236570837,0.0,0.0,0.0
24.610000000001047,0.0,0.0,0.4546946350917182,0.0,0.0,0.0,0.0,0.0,0.0,0.8215648375763762,-0.08832687981235332,0.908610179565902,0.8934922661518716,-0.05586262744446448,0.90480792142851,0.0,0.0,0.0
24.62000000000105,0.0,0.0,0.4403350353508872,0.0,0.0,0.0,0.0,0.0,0.0,0.8075757734684288,-0.09500307153068532,0.9048242338709964,0.8821467810719138,-0.06204426320918166,0.9024828297078403,0.0,0.0,0.0
24.63000000000105,0.0,0.0,0.42570876783813694,0.0,0.0,0.0,0.0,0.0,0.0,0.7932313986706265,-0.10164134988514362,0.9008073997207956,0.8704020005424534,-0.0683420893387833,0.8999290080629324,0.0,0.0,0.0
24.640000000001052,0.0,0.0,0.4108278556671476,0.0,0.0,0.0,0.0,0.0,0.0,0.7785442483086984,-0.10823875657293835,0.8965607208705991,0.858269831635661,-0.07473672860938484,0.8971480868808399,0.0,0.0,0.0
24.650000000001054,0.0,0.0,0.39570449025237564,0.0,0.0,0.0,0.0,0.0,0.0,0.7635270442167329,-0.1147923500786665,0.8920852997071816,0.8457622406497126,-0.08121072792317435,0.8941414840275707,0.0,0.0,0.0
24.660000000001055,0.0,0.0,0.3803510289975892,0.0,0.0,0.0,0.0,0.0,0.0,0.7481926831092285,-0.12129920701329144,0.8873822969621442,0.8328912936975402,-0.08774832509839085,0.8909104720163131,0.0,0.0,0.0
24.670000000001057,0.0,0.0,0.3647799911352539,0.0,0.0,0.0,0.0,0.0,0.0,0.7325542246330687,-0.1277564234454165,0.8824529314104018,0.8196691840340457,-0.09433524688020177,0.8874562299169864,0.0,0.0,0.0
24.68000000000106,0.0,0.0,0.3490040519806489,0.0,0.0,0.0,0.0,0.0,0.0,0.7166248793108947,-0.13416111622431193,0.877298479553848,0.8061082492221829,-0.10095853309534758,0.8837798847196411,0.0,0.0,0.0
24.69000000000106,0.0,0.0,0.33303661358414577,0.0,0.0,0.0,0.0,0.0,0.0,0.7004179963873454,-0.14051042429397764,0.8719202752903288,0.792220980374636,-0.10760638312442236,0.8798825437299626,0.0,0.0,0.0
24.70000000000106,0.0,0.0,0.3168907324453619,0.0,0.0,0.0,0.0,0.0,0.0,0.6839470515896826,-0.14680150999774333,0.8663197095679648,0.7780282402622468,-0.114268019290565,0.87576440280995,0.0,0.0,0.0
24.710000000001063,0.0,0.0,0.30057905600645785,0.0,0.0,0.0,0.0,0.0,0.0,0.6672256348145349,-0.15303156037270726,0.8604982300249551,0.7635517788208571,-0.1209332275492522,0.8714284853499923,0.0,0.0,0.0
24.720000000001065,0.0,0.0,0.28411481891802026,0.0,0.0,0.0,0.0,0.0,0.0,0.6502674377523916,-0.1591977884334681,0.8544573406149015,0.74878958375012,-0.12759297406723466,0.8668776097721755,0.0,0.0,0.0
24.730000000001066,0.0,0.0,0.26751135776244594,0.0,0.0,0.0,0.0,0.0,0.0,0.6330862414615872,-0.16529743444455058,0.848198601217812,0.7337551983898336,-0.13423923737806492,0.8621102242541498,0.0,0.0,0.0
24.740000000001068,0.0,0.0,0.2507820938658733,0.0,0.0,0.0,0.0,0.0,0.0,0.6156959039035947,-0.17132776718087794,0.8417236272368372,0.7184626940075545,-0.1408642197575754,0.8571282867628913,0.0,0.0,0.0
24.75000000000107,0.0,0.0,0.23394020426504616,0.0,0.0,0.0,0.0,0.0,0.0,0.5981103474513199,-0.17728608517580313,0.835034089180875,0.7029260290257769,-0.14746076514436215,0.8519331441359531,0.0,0.0,0.0
24.76000000000107,0.0,0.0,0.2169992098906139,0.0,0.0,0.0,0.0,0.0,0.0,0.5803435463823228,-0.18316971795601145,0.8281317122331159,0.6871138563021633,-0.15406492590571216,0.8461229312632527,0.0,0.0,0.0
24.770000000001072,0.0,0.0,0.19997302399167305,0.0,0.0,0.0,0.0,0.0,0.0,0.5624095143686894,-0.18897602726280294,0.8210182758056835,0.6711489710079576,-0.1605697154100658,0.8406386542029853,0.0,0.0,0.0
24.780000000001074,0.0,0.0,0.18287526286185857,0.0,0.0,0.0,0.0,0.0,0.0,0.5443222919753077,-0.19470240825914154,0.8136956130804524,0.6549672683374893,-0.16703927277274905,0.8348308450389599,0.0,0.0,0.0
24.790000000001076,0.0,0.0,0.16571956425136644,0.0,0.0,0.0,0.0,0.0,0.0,0.5260959341784273,-0.20034629072192423,0.8061656105361912,0.638598146732273,-0.17345472661662867,0.8288333173189779,0.0,0.0,0.0
24.800000000001077,0.0,0.0,0.14851955921729876,0.0,0.0,0.0,0.0,0.0,0.0,0.5077444979161154,-0.20590514021891015,0.7984302074620893,0.6220523622478942,-0.17981354599181726,0.8226219788885203,0.0,0.0,0.0
24.81000000000108,0.0,0.0,0.13128886115804136,0.0,0.0,0.0,0.0,0.0,0.0,0.48928202968234435,-0.2113764592697679,0.7904913954579135,0.6053443433160474,-0.18611031892161362,0.8162046734826559,0.0,0.0,0.0
24.82000000000108,0.0,0.0,0.11404105159233555,0.0,0.0,0.0,0.0,0.0,0.0,0.47072255317632417,-0.21675778849068816,0.7823512179207693,0.588487593951124,-0.19234052413167607,0.8095827439474688,0.0,0.0,0.0
24.830000000001082,0.0,0.0,0.09678966717109512,0.0,0.0,0.0,0.0,0.0,0.0,0.4520800570186416,-0.22204670772204016,0.7740117695187511,0.57149563390119,-0.19849975908496087,0.8027588098951148,0.0,0.0,0.0
24.840000000001083,0.0,0.0,0.07954818713819915,0.0,0.0,0.0,0.0,0.0,0.0,0.4333684825456414,-0.2272408371385446,0.7654751956514655,0.5543818044605189,-0.20458386598161518,0.7957352085049041,0.0,0.0,0.0
24.850000000001085,0.0,0.0,0.06233002141550398,0.0,0.0,0.0,0.0,0.0,0.0,0.4146017116934906,-0.23233783834142352,0.7567436918977436,0.5371593074888825,-0.21058888457142425,0.7885143155254082,0.0,0.0,0.0
24.860000000001087,0.0,0.0,0.04514849926413131,0.0,0.0,0.0,0.0,0.0,0.0,0.3957935549831548,-0.2373354154320626,0.7478195034504932,0.5198411987742902,-0.21651104143219127,0.7810984869095703,0.0,0.0,0.0
24.870000000001088,0.0,0.0,0.028016858472027353,0.0,0.0,0.0,0.0,0.0,0.0,0.37695773961748813,-0.24223131606662784,0.73870492453899,0.5024403929902064,-0.2223467344424651,0.7734900757167033,0.0,0.0,0.0
24.88000000000109,0.0,0.0,0.010948234975727528,0.0,0.0,0.0,0.0,0.0,0.0,0.3581078977014651,-0.24702333249119646,0.7294022978386702,0.48496966873378144,-0.22809252020115958,0.7656914334475134,0.0,0.0,0.0
24.89000000000109,0.0,0.0,-0.006044347205992206,0.0,0.0,0.0,0.0,0.0,0.0,0.33925755459642737,-0.25170930255687496,0.7199140138686291,0.467441675870354,-0.23374510265749135,0.7577049142788798,0.0,0.0,0.0
24.900000000001093,0.0,0.0,-0.022947985875849862,0.0,0.0,0.0,0.0,0.0,0.0,0.32042011741921184,-0.25628711071446886,0.7102425103769114,0.4498689444126813,-0.2393013230896252,0.7495328787522245,0.0,0.0,0.0
24.910000000001094,0.0,0.0,-0.039749910567597815,0.0,0.0,0.0,0.0,0.0,0.0,0.30160886369667783,-0.2607546889881982,0.700390271713838,0.4322638946006724,-0.244758151243516,0.7411776977853817,0.0,0.0,0.0
24.920000000001096,0.0,0.0,-0.05643749264226783,0.0,0.0,0.0,0.0,0.0,0.0,0.2828369301860807,-0.2651100179280434,0.6903598281934614,0.4146388476442174,-0.2501126775362448,0.7326417569641279,0.0,0.0,0.0
24.930000000001098,0.0,0.0,-0.07299825575688616,0.0,0.0,0.0,0.0,0.0,0.0,0.26411730187163895,-0.2693511275402439,0.6801537554433649,0.3970060365799233,-0.2553621062353099,0.7239274611982246,0.0,0.0,0.0
24.9400000000011,0.0,0.0,-0.08941988689037196,0.0,0.0,0.0,0.0,0.0,0.0,0.24546280114729369,-0.27347609819552776,0.6697746737429072,0.37937761670897113,-0.2605037495444233,0.7150372397535,0.0,0.0,0.0
24.9500000000011,0.0,0.0,-0.1056902481060108,0.0,0.0,0.0,0.0,0.0,0.0,0.22688607719562848,-0.2774830615146565,0.6592252473501626,0.3617656751601688,-0.26553502253798067,0.7059735516459323,0.0,0.0,0.0
24.960000000001102,0.0,0.0,-0.12179738922333155,0.0,0.0,0.0,0.0,0.0,0.0,0.2083995955725646,-0.28137020123083223,0.6485081838176685,0.344182239246884,-0.27045343889561,0.6967388913590297,0.0,0.0,0.0
24.970000000001104,0.0,0.0,-0.1377295615658691,0.0,0.0,0.0,0.0,0.0,0.0,0.1900156280073817,-0.2851357540286254,0.6376262332972001,0.32663928344855586,-0.27525660739443314,0.6873357948338622,0.0,0.0,0.0
24.980000000001105,0.0,0.0,-0.15347523294548002,0.0,0.0,0.0,0.0,0.0,0.0,0.17174624242724823,-0.288778010358955,0.626582187833687,0.309148735024321,-0.2799422291215598,0.6777668456819713,0.0,0.0,0.0
24.990000000001107,0.0,0.0,-0.16902310277649774,0.0,0.0,0.0,0.0,0.0,0.0,0.15360329321533195,-0.29229531522980506,0.6153788806485383,0.29172247839585996,-0.28450809537432026,0.6680346815908046,0.0,0.0,0.0
25.00000000000111,0.0,0.0,-0.1843621019659398,0.0,0.0,0.0,0.0,0.0,0.0,0.13559841171127163,-0.29568606897226063,0.6040191854124891,0.2743723421071982,-0.28895208627673985,0.6581420046000295,0.0,0.0,0.0
25.01000000000111,0.0,0.0,-0.19948137894946627,0.0,0.0,0.0,0.0,0.0,0.0,0.11774299696252499,-0.29894872798152705,0.5925060155082134,0.2571098854975892,-0.29327217094783675,0.648091625870031,0.0,0.0,0.0
25.02000000000111,0.0,0.0,-0.21437029127759577,0.0,0.0,0.0,0.0,0.0,0.0,0.10004820673489356,-0.30208180543257007,0.5808423232828095,0.23994598572933984,-0.29746641108121585,0.6378864255377791,0.0,0.0,0.0
25.030000000001113,0.0,0.0,-0.22901840107586294,0.0,0.0,0.0,0.0,0.0,0.0,0.08252494879023464,-0.3050838719700511,0.5690310992904555,0.2228907769750556,-0.3015329602885107,0.6275292255436237,0.0,0.0,0.0
25.040000000001115,0.0,0.0,-0.24341547279832992,0.0,0.0,0.0,0.0,0.0,0.0,0.06518387243911383,-0.30795355637222765,0.5570753715253427,0.2059537401663399,-0.3054700578304222,0.6170227797939404,0.0,0.0,0.0
25.050000000001116,0.0,0.0,-0.25755147449740157,0.0,0.0,0.0,0.0,0.0,0.0,0.04803536037586209,-0.31068954618849715,0.5449782046451505,0.18914380914638262,-0.30927602233775275,0.606369784929175,0.0,0.0,0.0
25.060000000001118,0.0,0.0,-0.2714165834945635,0.0,0.0,0.0,0.0,0.0,0.0,0.031089520803232018,-0.31329058835030604,0.5327426991851747,0.17246948565674383,-0.31294924646555267,0.5955728939290694,0.0,0.0,0.0
25.07000000000112,0.0,0.0,-0.2850011968056714,0.0,0.0,0.0,0.0,0.0,0.0,0.014356179853534323,-0.3157554897551047,0.520371990763418,0.15593895660215973,-0.31648819280716617,0.5846347358194307,0.0,0.0,0.0
25.08000000000112,0.0,0.0,-0.29829594610514404,0.0,0.0,0.0,0.0,0.0,0.0,-0.002155125687134607,-0.3180831178231036,0.5078692492767614,0.13956020469954306,-0.3198913914146201,0.5735579399072175,0.0,0.0,0.0
25.090000000001123,0.0,0.0,-0.31129171652949655,0.0,0.0,0.0,0.0,0.0,0.0,-0.018435155345295273,-0.3202724010265393,0.4952376780884857,0.12334110381921179,-0.32315743912792966,0.5623451628638855,0.0,0.0,0.0
25.100000000001124,0.0,0.0,-0.3239796677915299,0.0,0.0,0.0,0.0,0.0,0.0,-0.034474971611151206,-0.3223223293912215,0.48248051320726887,0.10728949214936065,-0.3262850007428821,0.5509991163308121,0.0,0.0,0.0
25.110000000001126,0.0,0.0,-0.3363512563045498,0.0,0.0,0.0,0.0,0.0,0.0,-0.050265946268601036,-0.32423195497010937,0.4696010224579711,0.09141321680652673,-0.3292728117503738,0.5395225934436054,0.0,0.0,0.0
25.120000000001127,0.0,0.0,-0.3483982575031462,0.0,0.0,0.0,0.0,0.0,0.0,-0.06579976639892826,-0.3260003922886966,0.45660250464434105,0.07572014838612237,-0.3321196738439381,0.5279184905572804,0.0,0.0,0.0
25.13000000000113,0.0,0.0,-0.36011278682908127,0.0,0.0,0.0,0.0,0.0,0.0,-0.08106844005306435,-0.32762681876199345,0.4434882887039189,0.060218177225919094,-0.33482443884136737,0.5161898215736992,0.0,0.0,0.0
25.14000000000113,0.0,0.0,-0.37148731839665267,0.0,0.0,0.0,0.0,0.0,0.0,-0.09606430158781576,-0.3291104750829083,0.4302617328552641,0.04491519332457339,-0.3373860086316372,0.5043397282095483,0.0,0.0,0.0
25.150000000001132,0.0,0.0,-0.3825147013667163,0.0,0.0,0.0,0.0,0.0,0.0,-0.1107800166616646,-0.3304506655818376,0.41692622373784,0.029819048695665734,-0.33980334887609265,0.49237148614083365,0.0,0.0,0.0
25.160000000001133,0.0,0.0,-0.3931881738747713,0.0,0.0,0.0,0.0,0.0,0.0,-0.1252085868861137,-0.3316467585572982,0.4034851755446846,0.014937507925037596,-0.3420755021912848,0.4802885057774782,0.0,0.0,0.0
25.170000000001135,0.0,0.0,-0.4035225526333178,0.0,0.0,0.0,0.0,0.0,0.0,-0.1393433541289526,-0.33269818657744155,0.3899420291481585,-0.026577908072839263,-0.34420160004433126,0.46809432868828865,0.0,0.0,0.0
25.180000000001137,0.0,0.0,-0.4135076763062552,0.0,0.0,0.0,0.0,0.0,0.0,-0.15317800446605023,-0.3336044467522987,0.3763002512189007,-0.037985187606725444,-0.3461809008895468,0.45576901604349057,0.0,0.0,0.0
25.190000000001138,0.0,0.0,-0.42311186196804235,0.0,0.0,0.0,0.0,0.0,0.0,-0.16670657177874437,-0.33436510097663596,0.3625633333383344,-0.049720173583689846,-0.3480176720265368,0.44337699632696714,0.0,0.0,0.0
25.20000000000114,0.0,0.0,-0.43233181247011976,0.0,0.0,0.0,0.0,0.0,0.0,-0.17992344099422608,-0.33497977614328833,0.34873479110485717,-0.061912700203264025,-0.3497094437121653,0.43094739529044546,0.0,0.0,0.0
25.21000000000114,0.0,0.0,-0.4411649641541202,0.0,0.0,0.0,0.0,0.0,0.0,-0.19282335096655512,-0.3354481643268813,0.3348181632340159,-0.0744843531367949,-0.3512488436118302,0.41837987499314855,0.0,0.0,0.0
25.220000000001143,0.0,0.0,-0.44960910583841024,0.0,0.0,0.0,0.0,0.0,0.0,-0.20540139699646787,-0.3357700229378381,0.3208170106527979,-0.08733909318157154,-0.3526372252168667,0.40570450278563264,0.0,0.0,0.0
25.230000000001144,0.0,0.0,-0.4576623823137679,0.0,0.0,0.0,0.0,0.0,0.0,-0.2176530329884021,-0.3359451748466027,0.3067349155883943,-0.10039385153025761,-0.3538743524621422,0.3929286833722562,0.0,0.0,0.0
25.240000000001146,0.0,0.0,-0.46532330060422267,0.0,0.0,0.0,0.0,0.0,0.0,-0.22957407324348011,-0.33597350847801166,0.2925754806515697,-0.11357322449939002,-0.3549601456838846,0.38006181495258917,0.0,0.0,0.0
25.250000000001148,0.0,0.0,-0.4725907369198918,0.0,0.0,0.0,0.0,0.0,0.0,-0.24116069388768846,-0.33585497787576923,0.27834232791494773,-0.12680958185999694,-0.35589437619934144,0.3671114760072919,0.0,0.0,0.0
25.26000000000115,0.0,0.0,-0.47946394135005527,0.0,0.0,0.0,0.0,0.0,0.0,-0.2524094339347105,-0.33558960273698557,0.2640390979863467,-0.14004232838400435,-0.35667674263922344,0.3540843599561342,0.0,0.0,0.0
25.27000000000115,0.0,0.0,-0.48594253943728394,0.0,0.0,0.0,0.0,0.0,0.0,-0.2633171959832947,-0.335177468416761,0.2496694490775302,-0.15321738223752543,-0.3573068838996421,0.3409863693170198,0.0,0.0,0.0
25.280000000001152,0.0,0.0,-0.49202653025380483,0.0,0.0,0.0,0.0,0.0,0.0,-0.2738812465494358,-0.3346187259028066,0.23523705606850842,-0.1662866675220328,-0.35778440692724833,0.3278228058154917,0.0,0.0,0.0
25.290000000001154,0.0,0.0,-0.49771634547199195,0.0,0.0,0.0,0.0,0.0,0.0,-0.2840992160338667,-0.3339135917601077,0.22074560956771305,-0.17920764110993834,-0.3581089140685735,0.31459850796672845,0.0,0.0,0.0
25.300000000001155,0.0,0.0,-0.5030127334258635,0.0,0.0,0.0,0.0,0.0,0.0,-0.29396909832591156,-0.3330623480456494,0.20619881496813786,-0.1918982999182653,-0.3583049285546801,0.301506656545478,0.0,0.0,0.0
25.310000000001157,0.0,0.0,-0.5079167181337508,0.0,0.0,0.0,0.0,0.0,0.0,-0.30348925004497396,-0.3320653421932436,0.19160039149995112,-0.20443786377396775,-0.35831009154934773,0.2880921009992815,0.0,0.0,0.0
25.32000000000116,0.0,0.0,-0.5124296865518227,0.0,0.0,0.0,0.0,0.0,0.0,-0.3126583894212809,-0.3309229868684964,0.1769540712794927,-0.21671688731894076,-0.35816852229795626,0.27468017236273967,0.0,0.0,0.0
25.33000000000116,0.0,0.0,-0.5165533585721581,0.0,0.0,0.0,0.0,0.0,0.0,-0.32147559481795307,-0.32963575979398674,0.16226359835520854,-0.22872292711004716,-0.35787311685313755,0.26122509192109833,0.0,0.0,0.0
25.34000000000116,0.0,0.0,-0.5202897697117057,0.0,0.0,0.0,0.0,0.0,0.0,-0.3299403028967318,-0.3282042035447281,0.14753272775048276,-0.24043329895720983,-0.357424804964077,0.24773720348195,0.0,0.0,0.0
25.350000000001163,0.0,0.0,-0.5236412605401881,0.0,0.0,0.0,0.0,0.0,0.0,-0.3380523064301184,-0.3266289253140031,0.13276522450392336,-0.25183057426436295,-0.35682337478116477,0.2342182632528651,0.0,0.0,0.0
25.360000000001165,0.0,0.0,-0.5266104629801671,0.0,0.0,0.0,0.0,0.0,0.0,-0.34581175176291534,-0.32491059664967326,0.11796486270701334,-0.26289973506776537,-0.3560689790062933,0.22067148830526215,0.0,0.0,0.0
25.370000000001166,0.0,0.0,-0.5292002874882362,0.0,0.0,0.0,0.0,0.0,0.0,-0.353219135926647,-0.3230499531610831,0.10313542453964342,-0.27362827436471215,-0.3551619016531379,0.20710002585352497,0.0,0.0,0.0
25.380000000001168,0.0,0.0,-0.5314139111561758,0.0,0.0,0.0,0.0,0.0,0.0,-0.3602753034105559,-0.3210477941966914,0.0882806993036197,-0.28400586612633677,-0.3541026000006186,0.19350719131048813,0.0,0.0,0.0
25.39000000000117,0.0,0.0,-0.5332547669908475,0.0,0.0,0.0,0.0,0.0,0.0,-0.36698144259326737,-0.31890498249256694,0.07340448245448072,-0.2940241321637046,-0.35289169855792,0.17989643426707902,0.0,0.0,0.0
25.40000000000117,0.0,0.0,-0.5347265344908285,0.0,0.0,0.0,0.0,0.0,0.0,-0.3733390818395246,-0.31662244379191584,0.058510574631764456,-0.30367642348240953,-0.351529986612809,0.1662713424808253,0.0,0.0,0.0
25.410000000001173,0.0,0.0,-0.5358331315641928,0.0,0.0,0.0,0.0,0.0,0.0,-0.3793500852666756,-0.314201166435802,0.04360278068810519,-0.312957627457728,-0.3500184117116404,0.15263563779586464,0.0,0.0,0.0
25.420000000001174,0.0,0.0,-0.5365787077574472,0.0,0.0,0.0,0.0,0.0,0.0,-0.3850166481860908,-0.31164220092525796,0.028684908717303448,-0.32186399734654175,-0.3483580708068596,0.13899317136315076,0.0,0.0,0.0
25.430000000001176,0.0,0.0,-0.5369676387054328,0.0,0.0,0.0,0.0,0.0,0.0,-0.3903412922247269,-0.3089466594549697,0.013760769081695656,-0.3303930025880167,-0.3465501994098827,0.12534791754140157,0.0,0.0,0.0
25.440000000001177,0.0,0.0,-0.5370045216643401,0.0,0.0,0.0,0.0,0.0,0.0,-0.3953268601326241,-0.30611571541876104,-0.0011658265610335894,-0.33854319787230364,-0.34459615932278126,0.11170396700405905,0.0,0.0,0.0
25.45000000000118,0.0,0.0,-0.5366947712357842,0.0,0.0,0.0,0.0,0.0,0.0,-0.39997651028223924,-0.30315060288708806,-0.016091066231216034,-0.3463141089621375,-0.3424974254734183,0.09806551937323817,0.0,0.0,0.0
25.46000000000118,0.0,0.0,-0.5360433534459726,0.0,0.0,0.0,0.0,0.0,0.0,-0.40429371086597765,-0.30005261605680045,-0.03101113860059801,-0.35370444200521683,-0.34025557442664905,0.08443648942433277,0.0,0.0,0.0
25.470000000001182,0.0,0.0,-0.5350548510498181,0.0,0.0,0.0,0.0,0.0,0.0,-0.4082822337984098,-0.2968231086733937,-0.04592223396544404,-0.360713710100725,-0.3378725803529631,0.0708221853185161,0.0,0.0,0.0
25.480000000001183,0.0,0.0,-0.5337347195190796,0.0,0.0,0.0,0.0,0.0,0.0,-0.4119461483300717,-0.2934634934260414,-0.06082054521920499,-0.3673481628806205,-0.3353500550161618,0.057227620684854,0.0,0.0,0.0
25.490000000001185,0.0,0.0,-0.5320886254103477,0.0,0.0,0.0,0.0,0.0,0.0,-0.41528981437999457,-0.28997524131566665,-0.0757022688243687,-0.3736106876898155,-0.33268938476546916,0.043655872940029906,0.0,0.0,0.0
25.500000000001187,0.0,0.0,-0.5301224416424399,0.0,0.0,0.0,0.0,0.0,0.0,-0.41831787559432865,-0.2863598809963497,-0.0905636057833501,-0.3795041191021899,-0.3298924923249812,0.03011179124706219,0.0,0.0,0.0
25.510000000001188,0.0,0.0,-0.5278422456275689,0.0,0.0,0.0,0.0,0.0,0.0,-0.4210352521387808,-0.2826189980903715,-0.10540076260809683,-0.3850319247670629,-0.32696128290089094,0.016600100559827673,0.0,0.0,0.0
25.52000000000119,0.0,0.0,-0.5252679816716604,0.0,0.0,0.0,0.0,0.0,0.0,-0.42344713323267724,-0.27875423447719117,-0.12020995228826448,-0.39019808539534334,-0.32389769365060833,-0.022125818938897243,0.0,0.0,0.0
25.53000000000119,0.0,0.0,-0.5224035670756388,0.0,0.0,0.0,0.0,0.0,0.0,-0.4255589694330233,-0.2747672875567231,-0.13498739525758663,-0.3940267005336162,-0.3215718664383039,-0.029835042555281188,0.0,0.0,0.0
25.540000000001193,0.0,0.0,-0.5192396591689872,0.0,0.0,0.0,0.0,0.0,0.0,-0.4273764646767195,-0.2706599094871893,-0.14972932035829456,-0.3989545587976512,-0.3178505236454736,-0.04196430803932981,0.0,0.0,0.0
25.550000000001194,0.0,0.0,-0.5157832558117542,0.0,0.0,0.0,0.0,0.0,0.0,-0.42890556808977953,-0.26643390639796616,-0.1644319658032649,-0.40327815888570956,-0.3142196192255898,-0.05406857682877422,0.0,0.0,0.0
25.560000000001196,0.0,0.0,-0.5120424145886647,0.0,0.0,0.0,0.0,0.0,0.0,-0.4301524655722937,-0.2620911375777202,-0.17909158013575355,-0.40720312664540304,-0.31050666267085975,-0.06661386158791993,0.0,0.0,0.0
25.570000000001198,0.0,0.0,-0.5080252208390507,0.0,0.0,0.0,0.0,0.0,0.0,-0.43112357116827416,-0.2576335146382571,-0.1937044231863394,-0.4107308496123805,-0.30672206500796606,-0.07949506058685868,0.0,0.0,0.0
25.5800000000012,0.0,0.0,-0.5037398289653652,0.0,0.0,0.0,0.0,0.0,0.0,-0.43182551822960935,-0.25306300065444054,-0.20826676702694003,-0.413886313153316,-0.30285387371048716,-0.09268574751388838,0.0,0.0,0.0
25.5900000000012,0.0,0.0,-0.4991944400680191,0.0,0.0,0.0,0.0,0.0,0.0,-0.43226515038362545,-0.2483816092805693,-0.22277489692157504,-0.4166878541664579,-0.29889549068073706,-0.1061507420286611,0.0,0.0,0.0
25.600000000001202,0.0,0.0,-0.4943981645920741,0.0,0.0,0.0,0.0,0.0,0.0,-0.4324495123139307,-0.24359140384365396,-0.23722511227374365,-0.4191518047804189,-0.29484160802250864,-0.1198577359843882,0.0,0.0,0.0
25.610000000001204,0.0,0.0,-0.48935931074778033,0.0,0.0,0.0,0.0,0.0,0.0,-0.4323858403643688,-0.2386944964139608,-0.2516137275700383,-0.4212256433624575,-0.2907547823789415,-0.13356339244538612,0.0,0.0,0.0
25.620000000001205,0.0,0.0,-0.4840853623105917,0.0,0.0,0.0,0.0,0.0,0.0,-0.4320815529759987,-0.23369304685329428,-0.2659370733198658,-0.42306684349410467,-0.2864905485286858,-0.14766895433349922,0.0,0.0,0.0
25.630000000001207,0.0,0.0,-0.47858459152151145,0.0,0.0,0.0,0.0,0.0,0.0,-0.4315442409674155,-0.22858926184142314,-0.2801914969909487,-0.4245982263676913,-0.2821333852538672,-0.1618969883119538,0.0,0.0,0.0
25.64000000000121,0.0,0.0,-0.4728653133358458,0.0,0.0,0.0,0.0,0.0,0.0,-0.4307816576685741,-0.22338539388112322,-0.29437336394048286,-0.4258410823395658,-0.2776719788630642,-0.1762534220115085,0.0,0.0,0.0
25.65000000000121,0.0,0.0,-0.46693584335069876,0.0,0.0,0.0,0.0,0.0,0.0,-0.42980170891857905,-0.21808374028226307,-0.3084790583415824,-0.4268042108926963,-0.27310752678371186,-0.19070901980423371,0.0,0.0,0.0
25.66000000000121,0.0,0.0,-0.4608044955938269,0.0,0.0,0.0,0.0,0.0,0.0,-0.4286124429380509,-0.21268664212544008,-0.32250498410483197,-0.42749761419262716,-0.2684400368954827,-0.20524154659002597,0.0,0.0,0.0
25.670000000001213,0.0,0.0,-0.45447763497602256,0.0,0.0,0.0,0.0,0.0,0.0,-0.42722204008671705,-0.20719648320560946,-0.33644756579481383,-0.4279306484752042,-0.26367024916968174,-0.21982952275616646,0.0,0.0,0.0
25.680000000001215,0.0,0.0,-0.44796438133606153,0.0,0.0,0.0,0.0,0.0,0.0,-0.4256388025169311,-0.20161568895619952,-0.35030324954111913,-0.4281192476039027,-0.2587992485797007,-0.23445143508765987,0.0,0.0,0.0
25.690000000001216,0.0,0.0,-0.4412754925368013,0.0,0.0,0.0,0.0,0.0,0.0,-0.4238711437341629,-0.1959467253542284,-0.3640685039439371,-0.42807706216829605,-0.2538267843638503,-0.24909327778425114,0.0,0.0,0.0
25.700000000001218,0.0,0.0,-0.434418871792669,0.0,0.0,0.0,0.0,0.0,0.0,-0.4219275780751732,-0.19019209780690272,-0.37773982097368775,-0.427792066085976,-0.24875568075919005,-0.2637396554581029,0.0,0.0,0.0
25.71000000000122,0.0,0.0,-0.42740247365157946,0.0,0.0,0.0,0.0,0.0,0.0,-0.41981671011513,-0.18435435002021094,-0.3913137168647436,-0.4272741169103481,-0.2435901293541118,-0.27836697087661183,0.0,0.0,0.0
25.72000000000122,0.0,0.0,-0.42023429175707183,0.0,0.0,0.0,0.0,0.0,0.0,-0.4175472240145961,-0.17843606285006297,-0.4047867330027173,-0.4265354663105972,-0.23833118386961044,-0.29296269375925277,0.0,0.0,0.0
25.730000000001223,0.0,0.0,-0.41292234446898485,0.0,0.0,0.0,0.0,0.0,0.0,-0.41512787281755625,-0.1724398531364577,-0.41815543680540657,-0.4255870834751139,-0.2329806274171316,-0.30751400280397767,0.0,0.0,0.0
25.740000000001224,0.0,0.0,-0.4054746618156541,0.0,0.0,0.0,0.0,0.0,0.0,-0.41256746771169306,-0.16636837252125458,-0.4314164225968822,-0.42443930205660485,-0.22754042963631235,-0.32200922116875036,0.0,0.0,0.0
25.750000000001226,0.0,0.0,-0.39789927294228156,0.0,0.0,0.0,0.0,0.0,0.0,-0.40987486726208333,-0.1602243062500781,-0.44456631247475875,-0.42310192875998,-0.2220127670377922,-0.3364375296975397,0.0,0.0,0.0
25.760000000001227,0.0,0.0,-0.39020419391517897,0.0,0.0,0.0,0.0,0.0,0.0,-0.40705896662944374,-0.15401037195889744,-0.4576017571701443,-0.4215843920959983,-0.21639996482745263,-0.3507889538615145,0.0,0.0,0.0
25.77000000000123,0.0,0.0,-0.38239741583230885,0.0,0.0,0.0,0.0,0.0,0.0,-0.4041286867843026,-0.1477293184458741,-0.4705194369003547,-0.4198958458252253,-0.2107044630193281,-0.3650543037488722,0.0,0.0,0.0
25.78000000000123,0.0,0.0,-0.3744868932118495,0.0,0.0,0.0,0.0,0.0,0.0,-0.40109296372820413,-0.14138392442898784,-0.4833160622138979,-0.4180452483490435,-0.20492878832619485,-0.3792251194446949,0.0,0.0,0.0
25.790000000001232,0.0,0.0,-0.3664805326517157,0.0,0.0,0.0,0.0,0.0,0.0,-0.3979607377330985,-0.1349769972900794,-0.4959883748277578,-0.41604142123632004,-0.1990755328261805,-0.39329361491799636,0.0,0.0,0.0
25.800000000001234,0.0,0.0,-0.35838618176676396,0.0,0.0,0.0,0.0,0.0,0.0,-0.3947409426102142,-0.12851137180582795,-0.5085331484565341,-0.41389309167115523,-0.19314733763133943,-0.4072526227749281,0.0,0.0,0.0
25.810000000001235,0.0,0.0,-0.3502116184194566,0.0,0.0,0.0,0.0,0.0,0.0,-0.39144249501938644,-0.12198990886628591,-0.5209471896334001,-0.41160892230192253,-0.18714688053097137,-0.4210955405021119,0.0,0.0,0.0
25.820000000001237,0.0,0.0,-0.34196454026462564,0.0,0.0,0.0,0.0,0.0,0.0,-0.38807428383002285,-0.11541549418156105,-0.5332273385225981,-0.40919753131987585,-0.18107686671128734,-0.4348162788861281,0.0,0.0,0.0
25.830000000001238,0.0,0.0,-0.3336525546305931,0.0,0.0,0.0,0.0,0.0,0.0,-0.3846451595446845,-0.10879103697720405,-0.5453704697233128,-0.40666750500089416,-0.17494002183957458,-0.4484092130882303,0.0,0.0,0.0
25.84000000000124,0.0,0.0,-0.32528316875808216,0.0,0.0,0.0,0.0,0.0,0.0,-0.38116392379614106,-0.10211946867896726,-0.557373493064599,-0.40402740447557955,-0.16873908694147832,-0.46186913671567736,0.0,0.0,0.0
25.85000000000124,0.0,0.0,-0.3168637804158513,0.0,0.0,0.0,0.0,0.0,0.0,-0.3776393189289087,-0.09540374158745868,-0.5692333543913057,-0.4012857681163108,-0.16247681461747276,-0.4751912191062783,0.0,0.0,0.0
25.860000000001243,0.0,0.0,-0.30840166890883086,0.0,0.0,0.0,0.0,0.0,0.0,-0.3740800176758756,-0.08864682754340247,-0.5809470363407212,-0.39845111062981836,-0.1561559662399682,-0.4883709659393195,0.0,0.0,0.0
25.870000000001244,0.0,0.0,-0.2999039864902167,0.0,0.0,0.0,0.0,0.0,0.0,-0.3704946129407689,-0.08185171658400137,-0.5925115591097905,-0.39553191970569473,-0.14977930985027613,-0.5014041832004653,0.0,0.0,0.0
25.880000000001246,0.0,0.0,-0.2913767600089572,0.0,0.0,0.0,0.0,0.0,0.0,-0.36689160769692375,-0.07502141559114284,-0.6039239812125994,-0.39253665088288797,-0.1433496185375282,-0.5142869444592356,0.0,0.0,0.0
25.890000000001248,0.0,0.0,-0.28282606393820714,0.0,0.0,0.0,0.0,0.0,0.0,-0.36327940501285894,-0.06815894693198565,-0.6151814002280656,-0.38947968622104284,-0.13686967166186012,-0.5270140026439876,0.0,0.0,0.0
25.90000000000125,0.0,0.0,-0.27425931672274406,0.0,0.0,0.0,0.0,0.0,0.0,-0.359666298214812,-0.06126734709256354,-0.6262809535375786,-0.3863763705144743,-0.13033641718005246,-0.5395831891951266,0.0,0.0,0.0
25.91000000000125,0.0,0.0,-0.2656843304111055,0.0,0.0,0.0,0.0,0.0,0.0,-0.35606046119647194,-0.054349665305103656,-0.6372198190524438,-0.38322440549684017,-0.12374876953274608,-0.5519995385675638,0.0,0.0,0.0
25.920000000001252,0.0,0.0,-0.2571077371681325,0.0,0.0,0.0,0.0,0.0,0.0,-0.35246993888584854,-0.04740896216958701,-0.6479952159308451,-0.38003026543740376,-0.11712494726680071,-0.5642566795641724,0.0,0.0,0.0
25.930000000001254,0.0,0.0,-0.2485358632072252,0.0,0.0,0.0,0.0,0.0,0.0,-0.34890263787899456,-0.04044830827028223,-0.658604405284259,-0.37680052889116267,-0.11046845980789632,-0.5763421259720136,0.0,0.0,0.0
25.940000000001255,0.0,0.0,-0.2399747933226289,0.0,0.0,0.0,0.0,0.0,0.0,-0.3453663172503605,-0.03347078278782556,-0.6690446908731182,-0.37354440387979254,-0.10377924956795198,-0.5882558178370642,0.0,0.0,0.0
25.950000000001257,0.0,0.0,-0.23143039019775277,0.0,0.0,0.0,0.0,0.0,0.0,-0.3418685795490952,-0.02647947210751944,-0.6793134197914807,-0.37027032723168385,-0.09705848171119656,-0.5999955927289776,0.0,0.0,0.0
25.96000000000126,0.0,0.0,-0.2229083098107303,0.0,0.0,0.0,0.0,0.0,0.0,-0.3384168619906125,-0.01947746842447895,-0.6894079831406055,-0.3669865144006771,-0.09030770701789385,-0.6115595330939209,0.0,0.0,0.0
25.97000000000126,0.0,0.0,-0.2144140137698896,0.0,0.0,0.0,0.0,0.0,0.0,-0.3350184278524373,-0.012467868346273558,-0.6993258166912066,-0.3637009027117108,-0.08352888859286527,-0.6229455664925738,0.0,0.0,0.0
25.98000000000126,0.0,0.0,-0.20595277937836565,0.0,0.0,0.0,0.0,0.0,0.0,-0.33168035808314156,-0.0054537714936975235,-0.7090644015342931,-0.36042119606467476,-0.07672429125614458,-0.6341515696583602,0.0,0.0,0.0
25.990000000001263,0.0,0.0,-0.19752970783007046,0.0,0.0,0.0,0.0,0.0,0.0,-0.3284095431330123,0.0015617208996641097,-0.7186212647203365,-0.3571548829438541,-0.06989641602596056,-0.6451753754261667,0.0,0.0,0.0
26.000000000001265,0.0,0.0,-0.18914973093795617,0.0,0.0,0.0,0.0,0.0,0.0,-0.3252126750148341,0.00857550738845747,-0.7279939798866755,-0.3539092529305361,-0.06304794281817318,-0.656014793230903,0.0,0.0,0.0
26.010000000001266,0.0,0.0,-0.18081761672686555,0.0,0.0,0.0,0.0,0.0,0.0,-0.3220962396028524,0.015584487716504558,-0.7371801678729502,-0.35069140880615196,-0.056181685038951726,-0.6666676235440766,0.0,0.0,0.0
26.020000000001268,0.0,0.0,-0.17253797417884564,0.0,0.0,0.0,0.0,0.0,0.0,-0.31906650917790036,0.02258556421702984,-0.7461774973244717,-0.347508276061493,-0.04930055286153827,-0.6771316704982578,0.0,0.0,0.0
26.03000000000127,0.0,0.0,-0.1643152573764793,0.0,0.0,0.0,0.0,0.0,0.0,-0.3161295352262665,0.02957564321152617,-0.7549836852832987,-0.3443666104654446,-0.0424075237075085,-0.6874047524260243,0.0,0.0,0.0
26.04000000000127,0.0,0.0,-0.1561543770917422,0.0,0.0,0.0,0.0,0.0,0.0,-0.31329114149967885,0.03655163640662362,-0.7635964977669261,-0.34127300432655094,-0.03550561851600844,-0.6974847107878915,0.0,0.0,0.0
26.050000000001273,0.0,0.0,-0.14805945530444933,0.0,0.0,0.0,0.0,0.0,0.0,-0.3105569173435345,0.04351046228829558,-0.7720137503344038,-0.3382472079915228,-0.028576801470787005,-0.7074418835321651,0.0,0.0,0.0
26.060000000001274,0.0,0.0,-0.1400338227656968,0.0,0.0,0.0,0.0,0.0,0.0,-0.30793221130018766,0.050449047512784784,-0.7802333086397968,-0.33526375898566996,-0.021674462797684445,-0.7171049777471289,0.0,0.0,0.0
26.070000000001276,0.0,0.0,-0.13208136979625157,0.0,0.0,0.0,0.0,0.0,0.0,-0.30542212499382604,0.05736432829360716,-0.7882530889727681,-0.3323507927017596,-0.014766648286944357,-0.7265873663012451,0.0,0.0,0.0
26.080000000001277,0.0,0.0,-0.12425899497526006,0.0,0.0,0.0,0.0,0.0,0.0,-0.3030315073032126,0.06425325178395269,-0.7960710587862165,-0.32951044974636734,0.01171086028995812,-0.7358660778239613,0.0,0.0,0.0
26.09000000000128,0.0,0.0,-0.1165514557296281,0.0,0.0,0.0,0.0,0.0,0.0,-0.300764948828248,0.07111277745394062,-0.8036852372107832,-0.32675117081295896,0.016187604482201464,-0.7449709865705293,0.0,0.0,0.0
26.10000000000128,0.0,0.0,-0.10889128276154413,0.0,0.0,0.0,0.0,0.0,0.0,-0.29862677665597914,0.07793987846197448,-0.811093695556161,-0.32406318136045736,0.02090916424787069,-0.7538209070063487,0.0,0.0,0.0
26.110000000001282,0.0,0.0,-0.10129107921490639,0.0,0.0,0.0,0.0,0.0,0.0,-0.2966210494314425,0.08473154301966801,-0.8182945577990004,-0.3214577439382475,0.02598154253266797,-0.7623954484211664,0.0,0.0,0.0
26.120000000001284,0.0,0.0,-0.09375836752309823,0.0,0.0,0.0,0.0,0.0,0.0,-0.2947515527383562,0.09148477574967906,-0.8252860010573599,-0.31896488265875816,0.03138311715835915,-0.7708289013176561,0.0,0.0,0.0
26.130000000001285,0.0,0.0,-0.08629970920819074,0.0,0.0,0.0,0.0,0.0,0.0,-0.29302179479437784,0.09819659903577804,-0.8320662560515193,-0.3165825397904127,0.03705596037814604,-0.779072065996469,0.0,0.0,0.0
26.140000000001287,0.0,0.0,-0.07892080345483476,0.0,0.0,0.0,0.0,0.0,0.0,-0.29143500246533915,0.10486405436464175,-0.8386336075511127,-0.3143086778578637,0.04296145021901127,-0.7871230202024012,0.0,0.0,0.0
26.150000000001288,0.0,0.0,-0.07162665406567406,0.0,0.0,0.0,0.0,0.0,0.0,-0.28999411760250027,0.11148420365862322,-0.84498639480839,-0.312145815081938,0.04906337068276939,-0.7949703628129116,0.0,0.0,0.0
26.16000000000129,0.0,0.0,-0.06442166714556169,0.0,0.0,0.0,0.0,0.0,0.0,-0.28870179370657967,0.11805413059900882,-0.8511230119775544,-0.3100970180981197,0.05533137052853762,-0.8026089602129491,0.0,0.0,0.0
26.17000000000129,0.0,0.0,-0.05730970722448686,0.0,0.0,0.0,0.0,0.0,0.0,-0.28756039292197877,0.12457094193905771,-0.8570419085200318,-0.3081649358284514,0.061738536130338965,-0.810034009617029,0.0,0.0,0.0
26.180000000001293,0.0,0.0,-0.05029415411918847,0.0,0.0,0.0,0.0,0.0,0.0,-0.28657198336421996,0.13103176880628542,-0.8627415895956179,-0.30635198423911697,0.06826111359550295,-0.8172418034186618,0.0,0.0,0.0
26.190000000001294,0.0,0.0,-0.04337795800136829,0.0,0.0,0.0,0.0,0.0,0.0,-0.285738336783371,0.13743376799335216,-0.8682206164393467,-0.3046603446357632,0.07487797056834936,-0.8242293122899241,0.0,0.0,0.0
26.200000000001296,0.0,0.0,-0.03656369380336727,0.0,0.0,0.0,0.0,0.0,0.0,-0.2850609265658113,0.14377412323700156,-0.8734776067240286,-0.30309201102260463,0.08157021843108496,-0.8309940639059785,0.0,0.0,0.0
26.210000000001298,0.0,0.0,-0.02985361496396799,0.0,0.0,0.0,0.0,0.0,0.0,-0.28454092607638226,0.15005004648441744,-0.8785112349083399,-0.30164883355552513,0.088320888290307,-0.8375340120895353,0.0,0.0,0.0
26.2200000000013,0.0,0.0,-0.023249706444967183,0.0,0.0,0.0,0.0,0.0,0.0,-0.2841792073426068,0.15625877914645603,-0.8833202325704061,-0.30033256178526596,0.0951146641071377,-0.8438474450812934,0.0,0.0,0.0
26.2300000000013,0.0,0.0,-0.016753736682259157,0.0,0.0,0.0,0.0,0.0,0.0,-0.283976340082323,0.16239759333717974,-0.8879033887267753,-0.29914488138105966,0.10193765853034881,-0.8499329141780785,0.0,0.0,0.0
26.240000000001302,0.0,0.0,-0.010367307960155114,0.0,0.0,0.0,0.0,0.0,0.0,-0.2839325910757098,0.16846379309907444,-0.8922595501366732,-0.29808744131051107,0.10877722366466691,-0.8557891792681949,0.0,0.0,0.0
26.250000000001304,0.0,0.0,-0.0040919045140356824,0.0,0.0,0.0,0.0,0.0,0.0,-0.28404792388234656,0.17445471561345816,-0.8963876215915345,-0.29716186783597004,0.1156217901205415,-0.8614151667342275,0.0,0.0,0.0
26.260000000001305,0.0,0.0,0.002071062366854892,0.0,0.0,0.0,0.0,0.0,0.0,-0.2843219989035879,0.1803677323954771,-0.9002865661896837,-0.2963697643437609,0.12246072906780389,-0.8668099354762722,0.0,0.0,0.0
26.270000000001307,0.0,0.0,0.00812021285961001,0.0,0.0,0.0,0.0,0.0,0.0,-0.28475417379018486,0.18620025047315725,-0.9039554055961072,-0.2957127035655731,0.12928423391124197,-0.8719726485368187,0.0,0.0,0.0
26.28000000000131,0.0,0.0,0.014054161305739166,0.0,0.0,0.0,0.0,0.0,0.0,-0.2853435041947232,0.19194971354998547,-0.9073932202872461,-0.2951922136688248,0.13608321944386095,-0.8769025511524476,0.0,0.0,0.0
26.29000000000131,0.0,0.0,0.01987148358778118,0.0,0.0,0.0,0.0,0.0,0.0,-0.28608874486811775,0.19761360315045629,-0.9105991497807779,-0.2948097572871302,0.14284923587047857,-0.8815989537567368,0.0,0.0,0.0
26.30000000000131,0.0,0.0,0.025570689583560235,0.0,0.0,0.0,0.0,0.0,0.0,-0.2869883510990239,0.20318943974809311,-0.9135723928503039,-0.2945667051530645,0.1495743956005418,-0.8860612184135137,0.0,0.0,0.0
26.310000000001313,0.0,0.0,0.03115020096199106,0.0,0.0,0.0,0.0,0.0,0.0,-0.28804048049469055,0.2086747838754235,-0.916312207724892,-0.2944643062298366,0.15625131133878253,-0.890288748331429,0.0,0.0,0.0
26.320000000001315,0.0,0.0,0.03660833443985917,0.0,0.0,0.0,0.0,0.0,0.0,-0.28924299510144147,0.2140672372153576,-0.9188179122734172,-0.29450365607410023,0.16287304415984594,-0.8942809801044981,0.0,0.0,0.0
26.330000000001316,0.0,0.0,0.04194329047326045,0.0,0.0,0.0,0.0,0.0,0.0,-0.29059346386259954,0.21936444367355,-0.9210888841736904,-0.2946856649233598,0.1694330603888696,-0.8980373784158169,0.0,0.0,0.0
26.340000000001318,0.0,0.0,0.04715314721717584,0.0,0.0,0.0,0.0,0.0,0.0,-0.29208916541133956,0.22456409043118963,-0.9231245610662897,-0.29501102671716883,0.1759251961869474,-0.9015574329519893,0.0,0.0,0.0
26.35000000000132,0.0,0.0,0.05223585945763254,0.0,0.0,0.0,0.0,0.0,0.0,-0.2937270911956049,0.22966390897775302,-0.9249244406930872,-0.2954801899756813,0.18234362879429025,-0.9048406572701952,0.0,0.0,0.0
26.36000000000132,0.0,0.0,0.05718926210787073,0.0,0.0,0.0,0.0,0.0,0.0,-0.2955039489319131,0.23466167612327737,-0.9264880810204081,-0.29609333119489456,0.18868285342739105,-0.90788658934392,0.0,0.0,0.0
26.370000000001323,0.0,0.0,0.06201107776633097,0.0,0.0,0.0,0.0,0.0,0.0,-0.29741616638446833,0.23955521498965693,-0.9278151003468362,-0.29685033118772325,0.1949376648708996,-0.9106947934991305,0.0,0.0,0.0
26.380000000001324,0.0,0.0,0.06669892776288355,0.0,0.0,0.0,0.0,0.0,0.0,-0.2994598954657728,0.24434239598053642,-0.9289051773955852,-0.29775075460924133,0.20110314285668515,-0.9132648634450337,0.0,0.0,0.0
26.390000000001326,0.0,0.0,0.07125034607196329,0.0,0.0,0.0,0.0,0.0,0.0,-0.30163101665446024,0.24902113772934165,-0.9297580513914694,-0.2987938327527216,0.2071746403852666,-0.9155964261054442,0.0,0.0,0.0
26.400000000001327,0.0,0.0,0.07566279544749493,0.0,0.0,0.0,0.0,0.0,0.0,-0.3039251437259194,0.2535894080250345,-0.9303735221224008,-0.2999784495870294,0.21314777421922318,-0.9176891459685651,0.0,0.0,0.0
26.41000000000133,0.0,0.0,0.07993368513411958,0.0,0.0,0.0,0.0,0.0,0.0,-0.3063376287907751,0.2580452247151519,-0.9307514499854479,-0.3013031309212352,0.2190184168635881,-0.9195427296940222,0.0,0.0,0.0
26.42000000000133,0.0,0.0,0.0840603895298016,0.0,0.0,0.0,0.0,0.0,0.0,-0.3088635676361482,0.2623866565857469,-0.9308917560174108,-0.30276603652377687,0.22478268944211127,-0.921156930744625,0.0,0.0,0.0
26.430000000001332,0.0,0.0,0.08804026721445063,0.0,0.0,0.0,0.0,0.0,0.0,-0.31149780536415705,0.2666118242177964,-0.9307944219099236,-0.3043649549858769,0.23043695497753042,-0.9225315538443396,0.0,0.0,0.0
26.440000000001334,0.0,0.0,0.09187067981332259,0.0,0.0,0.0,0.0,0.0,0.0,-0.31423494232191773,0.2707189008197113,-0.9304594900090764,-0.3060973010982444,0.2359778116849674,-0.9236664591015762,0.0,0.0,0.0
26.450000000001335,0.0,0.0,0.0955490102297934,0.0,0.0,0.0,0.0,0.0,0.0,-0.3170693403169871,0.274706113035589,-0.929887063299558,-0.30796011550207475,0.2414020859865332,-0.9245615656754388,0.0,0.0,0.0
26.460000000001337,0.0,0.0,0.09907267985476592,0.0,0.0,0.0,0.0,0.0,0.0,-0.31999512911180417,0.2785717417287863,-0.929077305373329,-0.3099500663767837,0.24670682504873195,-0.9252168549005519,0.0,0.0,0.0
26.47000000000134,0.0,0.0,0.10243916443644135,0.0,0.0,0.0,0.0,0.0,0.0,-0.3230062131906051,0.28231412274052703,-0.9280304403828277,-0.31206345293546606,0.25188928872932703,-0.9256323728215404,0.0,0.0,0.0
26.48000000000134,0.0,0.0,0.1056460083704685,0.0,0.0,0.0,0.0,0.0,0.0,-0.326096278791725,0.2859316476231446,-0.9267467529787308,-0.31429621051203444,0.2569469408947835,-0.925808232120126,0.0,0.0,0.0
26.49000000000134,0.0,0.0,0.10869107186979854,0.0,0.0,0.0,0.0,0.0,0.0,-0.3292588011981967,0.28942276434767633,-0.9252265882322765,-0.3166439170397641,0.2618774401316237,-0.9257446134450232,0.0,0.0,0.0
26.500000000001343,0.0,0.0,0.11157205050712643,0.0,0.0,0.0,0.0,0.0,0.0,-0.3324870522790817,0.29278597798545203,-0.9234703515421829,-0.3190959412274642,0.2666786298979201,-0.9254428275337757,0.0,0.0,0.0
26.510000000001344,0.0,0.0,0.11428653349837159,0.0,0.0,0.0,0.0,0.0,0.0,-0.33577410827388854,0.2960198513633947,-0.9214785085261714,-0.32164417971686016,0.2713473979596746,-0.9249001875329014,0.0,0.0,0.0
26.520000000001346,0.0,0.0,0.11683245752008359,0.0,0.0,0.0,0.0,0.0,0.0,-0.3391128578119831,0.2991230056927381,-0.9192515848971445,-0.3243007088137486,0.27588282623357063,-0.9241164611640674,0.0,0.0,0.0
26.530000000001348,0.0,0.0,0.11920780170164769,0.0,0.0,0.0,0.0,0.0,0.0,-0.34249601015887676,0.3020941211708683,-0.9167901663240297,-0.32705730997546384,0.2802847907901195,-0.9230972869562851,0.0,0.0,0.0
26.54000000000135,0.0,0.0,0.12141069381057257,0.0,0.0,0.0,0.0,0.0,0.0,-0.3459161036808216,0.30493193755602555,-0.9140948982773447,-0.32990521674170237,0.28455095812262776,-0.9218414503484548,0.0,0.0,0.0
26.55000000000135,0.0,0.0,0.12343940161834555,0.0,0.0,0.0,0.0,0.0,0.0,-0.34936551451907283,0.3076352547146235,-0.911166485859505,-0.3328362187557065,0.2886796985277448,-0.9203492835825274,0.0,0.0,0.0
26.560000000001352,0.0,0.0,0.12529232527664874,0.0,0.0,0.0,0.0,0.0,0.0,-0.352836465464919,0.31020293314091774,-0.9080056936199496,-0.33584236425732156,0.29266952462538476,-0.9186210601655986,0.0,0.0,0.0
26.570000000001354,0.0,0.0,0.12696798951399602,0.0,0.0,0.0,0.0,0.0,0.0,-0.3563210350263133,0.31263389444881673,-0.9046133453550893,-0.33891589494701685,0.2965191621255263,-0.9166572851908961,0.0,0.0,0.0
26.580000000001355,0.0,0.0,0.1284650364894669,0.0,0.0,0.0,0.0,0.0,0.0,-0.35981116667679647,0.3149271218356007,-0.9009903238931836,-0.34204915801276536,0.3002274963079699,-0.9144586002309846,0.0,0.0,0.0
26.590000000001357,0.0,0.0,0.12978221900290687,0.0,0.0,0.0,0.0,0.0,0.0,-0.3632986782772468,0.3170816605173603,-0.8971375708641351,-0.3452345445724795,0.30379355069259106,-0.9120257743208167,0.0,0.0,0.0
26.60000000000136,0.0,0.0,0.13091839405562838,0.0,0.0,0.0,0.0,0.0,0.0,-0.36677527166068913,0.3190966181359465,-0.8930560864543495,-0.34846444121717046,0.30721646461866453,-0.909359683007993,0.0,0.0,0.0
26.61000000000136,0.0,0.0,0.13187251693752666,0.0,0.0,0.0,0.0,0.0,0.0,-0.370232542370321,0.3209711651372702,-0.8887469291466268,-0.3517311970803017,0.3104954747354965,-0.9064612945042833,0.0,0.0,0.0
26.62000000000136,0.0,0.0,0.13264363597632517,0.0,0.0,0.0,0.0,0.0,0.0,-0.3736619895407447,0.32270453512077824,-0.8842112154452411,-0.3550271014654844,0.3136298991824691,-0.9033316581430741,0.0,0.0,0.0
26.630000000001363,0.0,0.0,0.13323088764469893,0.0,0.0,0.0,0.0,0.0,0.0,-0.3770550259121952,0.3242960251599545,-0.8794501195861992,-0.3583443615807133,0.316619126954846,-0.8999718953920858,0.0,0.0,0.0
26.640000000001365,0.0,0.0,0.13363349177612432,0.0,0.0,0.0,0.0,0.0,0.0,-0.38040298796747085,0.32574499609371843,-0.874464873232843,-0.3616750858595858,0.31946260983461694,-0.896383192789317,0.0,0.0,0.0
26.650000000001366,0.0,0.0,0.13385074691132598,0.0,0.0,0.0,0.0,0.0,0.0,-0.3836971461810492,0.32705087278858036,-0.8692567651567762,-0.3650112737111495,0.3221598559367625,-0.8925667964691467,0.0,0.0,0.0
26.660000000001368,0.0,0.0,0.13388202584039033,0.0,0.0,0.0,0.0,0.0,0.0,-0.38692871536986617,0.3282131443714653,-0.8638271409042892,-0.36834481058724994,0.3247104246002923,-0.8885240079752066,0.0,0.0,0.0
26.67000000000137,0.0,0.0,0.13372712681351645,0.0,0.0,0.0,0.0,0.0,0.0,-0.3900888651350196,0.32923136443309,-0.8581774024482849,-0.3716674673222615,0.3271139224262287,-0.884256181100491,0.0,0.0,0.0
26.68000000000137,0.0,0.0,0.13338568797073957,0.0,0.0,0.0,0.0,0.0,0.0,-0.39316873038367284,0.33010515120181827,-0.8523090078258897,-0.37496162351626083,0.32937000254060267,-0.8797661298652576,0.0,0.0,0.0
26.690000000001373,0.0,0.0,0.13285712240670355,0.0,0.0,0.0,0.0,0.0,0.0,-0.39615942192012954,0.3308341876879286,-0.8462234707617373,-0.37820853897710455,0.3314769397199228,-0.8750521965254053,0.0,0.0,0.0
26.700000000001374,0.0,0.0,0.13214114821147432,0.0,0.0,0.0,0.0,0.0,0.0,-0.3990520370953645,0.33141822179823377,-0.8399223602771262,-0.3814170432685731,0.3334347326137376,-0.8701137256605223,0.0,0.0,0.0
26.710000000001376,0.0,0.0,0.13123747647541067,0.0,0.0,0.0,0.0,0.0,0.0,-0.40183767050367414,0.331857066421017,-0.8334073002850473,-0.3845782817458511,0.3352446470000402,-0.8649568340869255,0.0,0.0,0.0
26.720000000001377,0.0,0.0,0.13014587124750204,0.0,0.0,0.0,0.0,0.0,0.0,-0.40450742471560786,0.33215059948124503,-0.826679969171312,-0.38768266183208117,0.3369061488114913,-0.8595821290591259,0.0,0.0,0.0
26.73000000000138,0.0,0.0,0.128866145860614,0.0,0.0,0.0,0.0,0.0,0.0,-0.4070524210359038,0.33229876396606306,-0.8197420993617457,-0.39072080220434163,0.3384190886883495,-0.8539913158061562,0.0,0.0,0.0
26.74000000000138,0.0,0.0,0.12739815992948972,0.0,0.0,0.0,0.0,0.0,0.0,-0.4094638102753154,0.332301567920557,-0.8125954768756958,-0.3936834121998549,0.33978331275954304,-0.8481859636858735,0.0,0.0,0.0
26.750000000001382,0.0,0.0,0.12574181677518576,0.0,0.0,0.0,0.0,0.0,0.0,-0.41173278352513565,0.33215908441379893,-0.8052419408658371,-0.3965613235036785,0.3409987387656431,-0.8421677541409164,0.0,0.0,0.0
26.760000000001384,0.0,0.0,0.1238970617579398,0.0,0.0,0.0,0.0,0.0,0.0,-0.4138505829231558,0.3318714514752137,-0.7976833831445433,-0.39934549261558366,0.342065338185791,-0.8359384275905484,0.0,0.0,0.0
26.770000000001385,0.0,0.0,0.12186388145318605,0.0,0.0,0.0,0.0,0.0,0.0,-0.4158085123999098,0.3314388720012955,-0.7899217476967797,-0.40202701062498547,0.3429831379760131,-0.8294997917373708,0.0,0.0,0.0
26.780000000001387,0.0,0.0,0.11964230369567858,0.0,0.0,0.0,0.0,0.0,0.0,-0.4175979483939519,0.33086161363273625,-0.7819590301798027,-0.40459711192567177,0.3437522189731143,-0.8228537180212191,0.0,0.0,0.0
26.79000000000139,0.0,0.0,0.11723239849077138,0.0,0.0,0.0,0.0,0.0,0.0,-0.41921035052505273,0.33014000860203696,-0.7737972774096453,-0.4070471826323761,0.34437271540557457,-0.8160021408008591,0.0,0.0,0.0
26.80000000000139,0.0,0.0,0.1146342797865742,0.0,0.0,0.0,0.0,0.0,0.0,-0.4206372722140461,0.32927445355167917,-0.7654385868346667,-0.4093687677657508,0.344844814498509,-0.8089470561872395,0.0,0.0,0.0
26.81000000000139,0.0,0.0,0.11184810808961018,0.0,0.0,0.0,0.0,0.0,0.0,-0.42187037123838844,0.32826540932295956,-0.7568851059961883,-0.41155357676170884,0.3451687562747901,-0.801690521025811,0.0,0.0,0.0
26.820000000001393,0.0,0.0,0.10887409389495373,0.0,0.0,0.0,0.0,0.0,0.0,-0.4229014202121719,0.3271134007155889,-0.7481390319764094,-0.413593486928176,0.34534483345507877,-0.7942346518329263,0.0,0.0,0.0
26.830000000001395,0.0,0.0,0.10571250188945674,0.0,0.0,0.0,0.0,0.0,0.0,-0.42372231697978335,0.32581901621819176,-0.7392026108337033,-0.41548054463605644,0.3453733914198794,-0.7865816236529054,0.0,0.0,0.0
26.840000000001396,0.0,0.0,0.10236365587368582,0.0,0.0,0.0,0.0,0.0,0.0,-0.42432509491216186,0.3243829077098299,-0.7300781370255223,-0.4172069641852729,0.34525482820306613,-0.7787336687922027,0.0,0.0,0.0
26.850000000001398,0.0,0.0,0.09882794433606618,0.0,0.0,0.0,0.0,0.0,0.0,-0.4247019330949411,0.3228057901327115,-0.7207679528189703,-0.4187651244442036,0.3449895945011347,-0.7706930754105819,0.0,0.0,0.0
26.8600000000014,0.0,0.0,0.09510582660067818,0.0,0.0,0.0,0.0,0.0,0.0,-0.4248451663975823,0.3210884411362449,-0.7112744476892321,-0.4201475635106234,0.34457819369312254,-0.7624621859647215,0.0,0.0,0.0
26.8700000000014,0.0,0.0,0.0911978394603043,0.0,0.0,0.0,0.0,0.0,0.0,-0.4247472954131022,0.319231700692614,-0.7016000577059911,-0.4213469717773469,0.34402118187474817,-0.7540433955155044,0.0,0.0,0.0
26.880000000001402,0.0,0.0,0.08710255304597514,0.0,0.0,0.0,0.0,0.0,0.0,-0.42440099625765204,0.3172364706840658,-0.6917472649080669,-0.4223561838965798,0.3433191679166573,-0.7454391499238161,0.0,0.0,0.0
26.890000000001404,0.0,0.0,0.08282085366619604,0.0,0.0,0.0,0.0,0.0,0.0,-0.4237991302197095,0.31510371446211627,-0.6817185966663422,-0.4231681388305812,0.3424714075070982,-0.7366524894467504,0.0,0.0,0.0
26.900000000001405,0.0,0.0,0.07835574973464773,0.0,0.0,0.0,0.0,0.0,0.0,-0.42293475324865315,0.31283445637889074,-0.6715166250351865,-0.42377574485774516,0.3414769464953452,-0.7276846482619137,0.0,0.0,0.0
26.910000000001407,0.0,0.0,0.0737082654603751,0.0,0.0,0.0,0.0,0.0,0.0,-0.421801125272516,0.3104297812908179,-0.6611439660925091,-0.42417237203375185,0.3403399731216694,-0.7185375091731215,0.0,0.0,0.0
26.92000000000141,0.0,0.0,0.0688794831450405,0.0,0.0,0.0,0.0,0.0,0.0,-0.42039171933516073,0.30789083403494244,-0.6506032792687041,-0.4243515522322084,0.33906190768642264,-0.7092157478759868,0.0,0.0,0.0
26.93000000000141,0.0,0.0,0.06387058413039831,0.0,0.0,0.0,0.0,0.0,0.0,-0.4187002305429197,0.30521881887807956,-0.6398972666645497,-0.42430667240653847,0.3376434934889481,-0.6997216627557789,0.0,0.0,0.0
26.94000000000141,0.0,0.0,0.058682859842500684,0.0,0.0,0.0,0.0,0.0,0.0,-0.4167205848112896,0.3024149989391143,-0.6290286723582669,-0.4240312684216001,0.3360856270478681,-0.6900580205381069,0.0,0.0,0.0
26.950000000001413,0.0,0.0,0.053317722058648015,0.0,0.0,0.0,0.0,0.0,0.0,-0.41444694740219845,0.29948069558468804,-0.6180002817019671,-0.4235189753714915,0.33438922527073395,-0.6802275379623408,0.0,0.0,0.0
26.960000000001415,0.0,0.0,0.04777671243263895,0.0,0.0,0.0,0.0,0.0,0.0,-0.4118737312426577,0.29641728779859866,-0.6068149206076062,-0.4227635405952847,0.3325552570929217,-0.670232982513482,0.0,0.0,0.0
26.970000000001416,0.0,0.0,0.042061511305952815,0.0,0.0,0.0,0.0,0.0,0.0,-0.4089956050158532,0.29322621152519224,-0.5954754548226818,-0.42175882779857793,0.33058474263613674,-0.6600771538574289,0.0,0.0,0.0
26.980000000001418,0.0,0.0,0.03617396618650914,0.0,0.0,0.0,0.0,0.0,0.0,-0.40580750101588103,0.28990895898707736,-0.583984789195782,-0.42049882605079675,0.32847875763439666,-0.6497628880116672,0.0,0.0,0.0
26.99000000000142,0.0,0.0,0.030116052800742532,0.0,0.0,0.0,0.0,0.0,0.0,-0.40230462275756296,0.28646707797748405,-0.5723458669322723,-0.4189747171537263,0.32623843782976214,-0.6392933904723248,0.0,0.0,0.0
27.00000000000142,0.0,0.0,0.023889895190462238,0.0,0.0,0.0,0.0,0.0,0.0,-0.39848245233307833,0.28290217112760363,-0.5605616688402324,-0.41717806444345706,0.32386472750321865,-0.628670795086418,0.0,0.0,0.0
27.010000000001423,0.0,0.0,0.017497801907669905,0.0,0.0,0.0,0.0,0.0,0.0,-0.394336757507296,0.2792158951492776,-0.5486352125668971,-0.4151098205037285,0.3213589681167082,-0.6178975919569848,0.0,0.0,0.0
27.020000000001424,0.0,0.0,0.010942247654248075,0.0,0.0,0.0,0.0,0.0,0.0,-0.3898635985440392,0.2754099600533597,-0.5365695518257138,-0.41276460715991853,0.3187227719891161,-0.606977959357816,0.0,0.0,0.0
27.030000000001426,0.0,0.0,0.004225883388028789,0.0,0.0,0.0,0.0,0.0,0.0,-0.38505933475571796,0.2714861283441823,-0.5243677756143184,-0.4101370805758835,0.31595746071486347,-0.5959146927629951,0.0,0.0,0.0
27.040000000001427,0.0,0.0,-0.002648459925226304,0.0,0.0,0.0,0.0,0.0,0.0,-0.3799206307689543,0.2674462141904428,-0.5120330074235465,-0.40722216635750474,0.3130644829624254,-0.5847108790477887,0.0,0.0,0.0
27.05000000000143,0.0,0.0,-0.009677768227901618,0.0,0.0,0.0,0.0,0.0,0.0,-0.3744444624993145,0.2632920825729763,-0.4995684044377475,-0.404015046894506,0.31004534496601993,-0.5733696030433947,0.0,0.0,0.0
27.06000000000143,0.0,0.0,-0.01685884188929878,0.0,0.0,0.0,0.0,0.0,0.0,-0.36862812282831836,0.2590256484097546,-0.48697715672651776,-0.40051118134667246,0.3069016228668415,-0.5618940021474361,0.0,0.0,0.0
27.070000000001432,0.0,0.0,-0.02418829377849343,0.0,0.0,0.0,0.0,0.0,0.0,-0.3624692269762898,0.2546488756585741,-0.4742624864281688,-0.39670631996010314,0.3036349598613856,-0.5502872567183661,0.0,0.0,0.0
27.080000000001434,0.0,0.0,-0.03166299478860592,0.0,0.0,0.0,0.0,0.0,0.0,-0.3559657175649221,0.2501637763978448,-0.46142764692505556,-0.3925965193465977,0.3002470658690618,-0.5385525923030767,0.0,0.0,0.0
27.090000000001435,0.0,0.0,-0.03927899298634656,0.0,0.0,0.0,0.0,0.0,0.0,-0.3491158693636951,0.24557240988589757,-0.44847592201103637,-0.3881959250911087,0.2967828316063286,-0.5269004787212827,0.0,0.0,0.0
27.100000000001437,0.0,0.0,-0.04703180517683581,0.0,0.0,0.0,0.0,0.0,0.0,-0.34191829371454996,0.24087688159929188,-0.43541062505119354,-0.38345665083646086,0.2931368793831616,-0.5148276196115705,0.0,0.0,0.0
27.11000000000144,0.0,0.0,-0.05491733965151087,0.0,0.0,0.0,0.0,0.0,0.0,-0.33437194262964687,0.23607934225054517,-0.4222350981341383,-0.37840836523742366,0.28938868590110467,-0.5026990924346317,0.0,0.0,0.0
27.12000000000144,0.0,0.0,-0.06293130757468206,0.0,0.0,0.0,0.0,0.0,0.0,-0.32647611255722053,0.2311819867857794,-0.4089527112170295,-0.37304282450953574,0.2855268619024387,-0.4904537476685984,0.0,0.0,0.0
27.13000000000144,0.0,0.0,-0.07106922420973116,0.0,0.0,0.0,0.0,0.0,0.0,-0.31823044781107607,0.2261870533627195,-0.395566861263591,-0.3673586059998361,0.28155534228652185,-0.47810511549586066,0.0,0.0,0.0
27.140000000001443,0.0,0.0,-0.07932641006164046,0.0,0.0,0.0,0.0,0.0,0.0,-0.3096349436591748,0.2210968223095784,-0.3820809713752569,-0.36135357476389895,0.2774755390232988,-0.46565382446267384,0.0,0.0,0.0
27.150000000001445,0.0,0.0,-0.08769799315184142,0.0,0.0,0.0,0.0,0.0,0.0,-0.300689949067742,0.21591361506526807,-0.36849848991578305,-0.35502619761696524,0.2732894112424972,-0.4531029640999392,0.0,0.0,0.0
27.160000000001446,0.0,0.0,-0.0961789115341551,0.0,0.0,0.0,0.0,0.0,0.0,-0.2913961690969819,0.21063979310147807,-0.3548228896294562,-0.3483753207085233,0.2689989321904175,-0.44045538079535745,0.0,0.0,0.0
27.170000000001448,0.0,0.0,-0.10476391616379804,0.0,0.0,0.0,0.0,0.0,0.0,-0.2817546669453053,0.20527775682709803,-0.3410576667531935,-0.34140021055876557,0.2646061726943253,-0.4277141283781465,0.0,0.0,0.0
27.18000000000145,0.0,0.0,-0.11344757358831728,0.0,0.0,0.0,0.0,0.0,0.0,-0.2717668656391066,0.19982994447552582,-0.32720634012266925,-0.334100549075141,0.2601132804943488,-0.4148823742361898,0.0,0.0,0.0
27.19000000000145,0.0,0.0,-0.12222426732267082,0.0,0.0,0.0,0.0,0.0,0.0,-0.2614345493654888,0.1942988309753717,-0.3132724502728129,-0.3264764619768862,0.2555224776323411,-0.4019633993923715,0.0,0.0,0.0
27.200000000001452,0.0,0.0,-0.13108819951912595,0.0,0.0,0.0,0.0,0.0,0.0,-0.2507598644458054,0.18868692680508392,-0.2992595585328137,-0.3185286404132072,0.2508360562487921,-0.3889605835896366,0.0,0.0,0.0
27.210000000001454,0.0,0.0,-0.14003339440106455,0.0,0.0,0.0,0.0,0.0,0.0,-0.23974531994802534,0.18299677683204907,-0.28517124611593714,-0.3102584659532676,0.2460563774502818,-0.3758774107658921,0.0,0.0,0.0
27.220000000001455,0.0,0.0,-0.14905370246824165,0.0,0.0,0.0,0.0,0.0,0.0,-0.22839378793649867,0.17723095913671116,-0.27101111320429194,-0.30166796846047933,0.24118586784030766,-0.3627174742725959,0.0,0.0,0.0
27.230000000001457,0.0,0.0,-0.15814280546519685,0.0,0.0,0.0,0.0,0.0,0.0,-0.21670850335791758,0.1713920838222469,-0.25678277802886124,-0.292759774177109,0.23622701317344516,-0.3494844628565106,0.0,0.0,0.0
27.24000000000146,0.0,0.0,-0.16729422218055098,0.0,0.0,0.0,0.0,0.0,0.0,-0.20469306356270922,0.16548279181035963,-0.242489875945068,-0.2835370566779844,0.23118235325304276,-0.3361821501057077,0.0,0.0,0.0
27.25000000000146,0.0,0.0,-0.17650131512687714,0.0,0.0,0.0,0.0,0.0,0.0,-0.1923514274613164,0.15950575362379094,-0.2281360585039628,-0.27400349096815096,0.22605447761357947,-0.32281438480487895,0.0,0.0,0.0
27.26000000000146,0.0,0.0,-0.18575729813171557,0.0,0.0,0.0,0.0,0.0,0.0,-0.1796879143154433,0.15346366815604595,-0.21372499251939908,-0.2641632113848159,0.22084602199493134,-0.3093850825480897,0.0,0.0,0.0
27.270000000001463,0.0,0.0,-0.1950552448331703,0.0,0.0,0.0,0.0,0.0,0.0,-0.1667072021643744,0.14735926142900713,-0.19926035913138246,-0.2540207740551899,0.2155596655332871,-0.29589821849872905,0.0,0.0,0.0
27.280000000001465,0.0,0.0,-0.20438809114845632,0.0,0.0,0.0,0.0,0.0,0.0,-0.15341432588709825,0.141195285338914,-0.18474585286591144,-0.24358112444988264,0.2101981286380905,-0.2823578212838187,0.0,0.0,0.0
27.290000000001466,0.0,0.0,-0.21374862574080464,0.0,0.0,0.0,0.0,0.0,0.0,-0.13981467490119642,0.1349745163913798,-0.170185180691395,-0.23284956893476413,0.20476415440766918,-0.26876797028474986,0.0,0.0,0.0
27.300000000001468,0.0,0.0,-0.2231294788027624,0.0,0.0,0.0,0.0,0.0,0.0,-0.12591399049983543,0.12869975442600257,-0.1555820610720156,-0.2218317516162323,0.19926045816533222,-0.2551327900158555,0.0,0.0,0.0
27.31000000000147,0.0,0.0,-0.23252311478458865,0.0,0.0,0.0,0.0,0.0,0.0,-0.11171836282861292,0.12237382133113961,-0.14094022301822917,-0.21053364250861556,0.19368969973100228,-0.24145643822708843,0.0,0.0,0.0
27.32000000000147,0.0,0.0,-0.24192182578999552,0.0,0.0,0.0,0.0,0.0,0.0,-0.0972342275042612,0.11599955974950638,-0.12626340513472256,-0.19896153392562643,0.18805449182881262,-0.22774310210214765,0.0,0.0,0.0
27.330000000001473,0.0,0.0,-0.25131772596157764,0.0,0.0,0.0,0.0,0.0,0.0,-0.08246836187767131,0.10957983177514408,-0.11155535466591304,-0.1871220437182555,0.18235740898534403,-0.2139970014477295,0.0,0.0,0.0
27.340000000001474,0.0,0.0,-0.26070274718384256,0.0,0.0,0.0,0.0,0.0,0.0,-0.0674278809439865,0.10311751764241839,-0.09681982653936738,-0.17502212230162573,0.17660099593758422,-0.20022239145956644,0.0,0.0,0.0
27.350000000001476,0.0,0.0,-0.2700686363816878,0.0,0.0,0.0,0.0,0.0,0.0,-0.05212023290291368,0.09661551440758953,-0.08206058240732811,-0.1626690604039716,0.17078777571940157,-0.1864235658331263,0.0,0.0,0.0
27.360000000001477,0.0,0.0,-0.2794069547123354,0.0,0.0,0.0,0.0,0.0,0.0,-0.036553194372643316,0.09007673462365862,-0.06728138968668224,-0.150070499576025,0.1649202574520096,-0.17260485978634377,0.0,0.0,0.0
27.37000000000148,0.0,0.0,-0.28870907891413683,0.0,0.0,0.0,0.0,0.0,0.0,-0.020734865261311464,0.08350410500902217,-0.052486020597407534,-0.1372344446960863,0.15900094386569905,-0.158770653173723,0.0,0.0,0.0
27.38000000000148,0.0,0.0,-0.2979662050235335,0.0,0.0,0.0,0.0,0.0,0.0,-0.004673663300040265,0.07690056511061005,-0.03767825120001708,-0.1241692777494553,0.15303233850346598,-0.14492537354255983,0.0,0.0,0.0
27.390000000001482,0.0,0.0,-0.3071693546026475,0.0,0.0,0.0,0.0,0.0,0.0,0.01162168175788747,0.07026906596210097,-0.022861860431960396,-0.1108837722458504,0.14701695252898134,-0.131073499042678,0.0,0.0,0.0
27.400000000001484,0.0,0.0,-0.31630938353852134,0.0,0.0,0.0,0.0,0.0,0.0,0.02814213426691753,0.06361256873784615,-0.008040629143546169,-0.09738710774291857,0.14095731103410628,-0.11721956110889913,0.0,0.0,0.0
27.410000000001485,0.0,0.0,-0.32537699335585035,0.0,0.0,0.0,0.0,0.0,0.0,0.04487835914304705,0.0569340434031409,0.006781660866712988,-0.08368888406179512,0.13485595872312744,-0.10336814685563643,0.0,0.0,0.0
27.420000000001487,0.0,0.0,-0.33436274457947796,0.0,0.0,0.0,0.0,0.0,0.0,0.061820728636031747,0.05023646736143661,0.021601227816768126,-0.06979913490273959,0.12871546481429721,-0.08952390114566838,0.0,0.0,0.0
27.43000000000149,0.0,0.0,-0.34325707185485266,0.0,0.0,0.0,0.0,0.0,0.0,0.07895932941430764,0.043522824099152424,0.03641429090576137,-0.05572834068766838,0.1225384267086805,-0.07569152832492965,0.0,0.0,0.0
27.44000000000149,0.0,0.0,-0.35205012855526346,0.0,0.0,0.0,0.0,0.0,0.0,0.09628396995640393,0.036796101828710515,0.051217071278247796,-0.04148744056447182,0.11632747211295359,-0.06187579359110563,0.0,0.0,0.0
27.45000000000149,0.0,0.0,-0.3607321393469909,0.0,0.0,0.0,0.0,0.0,0.0,0.11378418824250217,0.030059292130400622,0.06600579298801003,-0.027091600621891115,0.11009148734225402,-0.048272504950563504,0.0,0.0,0.0
27.460000000001493,0.0,0.0,-0.3692934588128314,0.0,0.0,0.0,0.0,0.0,0.0,0.13144925973939256,0.023315388593724284,0.0807766839609042,-0.012544514394951554,0.10381927721310798,-0.034494091781482064,0.0,0.0,0.0
27.470000000001495,0.0,0.0,-0.3777230404756088,0.0,0.0,0.0,0.0,0.0,0.0,0.1492682056718252,0.016567385458853084,0.09552597695677992,0.02536502940038419,0.09752187539424273,-0.020775127845578292,0.0,0.0,0.0
27.480000000001496,0.0,0.0,-0.3860105754322689,0.0,0.0,0.0,0.0,0.0,0.0,0.16722980157301426,0.009818276258794771,0.1102499105299134,0.037710763834672305,0.09120126622387416,0.018344325077250014,0.0,0.0,0.0
27.490000000001498,0.0,0.0,-0.39414825222163236,0.0,0.0,0.0,0.0,0.0,0.0,0.18532258610656926,0.003071052462947487,0.12494472998805442,0.05067744511338793,0.08488244489355339,0.026141596674312102,0.0,0.0,0.0
27.5000000000015,0.0,0.0,-0.4021278698863865,0.0,0.0,0.0,0.0,0.0,0.0,0.20353487015215452,-0.003671297877402932,0.1396066883495198,0.06450059809060732,0.07850886992133049,0.03839566482907964,0.0,0.0,0.0
27.5100000000015,0.0,0.0,-0.4099392373472717,0.0,0.0,0.0,0.0,0.0,0.0,0.22185474614665943,-0.010405791480923021,0.1542320472983879,0.0790679140869115,0.07212763090886817,0.05060165572563022,0.0,0.0,0.0
27.520000000001502,0.0,0.0,-0.417572367745418,0.0,0.0,0.0,0.0,0.0,0.0,0.24027009767252383,-0.017129451184890232,0.1688170781372266,0.09431978617740452,0.06573790689036946,0.06327838268829965,0.0,0.0,0.0
27.530000000001504,0.0,0.0,-0.42501751144620636,0.0,0.0,0.0,0.0,0.0,0.0,0.25876860928457396,-0.023839307289969552,0.18335806273746072,0.11019035576123382,0.05934092531896259,0.07631281845214591,0.0,0.0,0.0
27.540000000001505,0.0,0.0,-0.4322650988152683,0.0,0.0,0.0,0.0,0.0,0.0,0.2773377765665018,-0.03053239890051468,0.19785129448681563,0.12661907483166526,0.052938582463627704,0.0896751401693531,0.0,0.0,0.0
27.550000000001507,0.0,0.0,-0.439305790719003,0.0,0.0,0.0,0.0,0.0,0.0,0.29596491640785466,-0.03720577525979896,0.2122930792338904,0.1435637177335962,0.04653296850110494,0.10332717818858457,0.0,0.0,0.0
27.56000000000151,0.0,0.0,-0.4461305093269895,0.0,0.0,0.0,0.0,0.0,0.0,0.31463717749220826,-0.043856497079509615,0.22667973622929943,0.16096866875916588,0.04012644630834131,0.11723391012827324,0.0,0.0,0.0
27.57000000000151,0.0,0.0,-0.45273044171520677,0.0,0.0,0.0,0.0,0.0,0.0,0.33334155098694485,-0.05048163786297666,0.24100759906348707,0.1787811721880682,0.03372157254017069,0.13136217414610857,0.0,0.0,0.0
27.58000000000151,0.0,0.0,-0.4590970402667148,0.0,0.0,0.0,0.0,0.0,0.0,0.35206488142488124,-0.05707828522141384,0.25527301660066287,0.19695147360146434,0.027321055404434667,0.14568078061323506,0.0,0.0,0.0
27.590000000001513,0.0,0.0,-0.465222020821422,0.0,0.0,0.0,0.0,0.0,0.0,0.37079387776780715,-0.0636435421827034,0.26947235390890206,0.21543277983681866,0.020927714009973508,0.16016044590349782,0.0,0.0,0.0
27.600000000001515,0.0,0.0,-0.4710973593170143,0.0,0.0,0.0,0.0,0.0,0.0,0.3895151246416798,-0.0701745284919929,0.28360199318587004,0.23418117102235425,0.01454444343706869,0.1747737443632969,0.0,0.0,0.0
27.610000000001516,0.0,0.0,-0.4767982008589961,0.0,0.0,0.0,0.0,0.0,0.0,0.4082150937332483,-0.07666838190361402,0.29765833468026304,0.2531554783843745,-0.011029359048878945,0.18949505076584244,0.0,0.0,0.0
27.620000000001518,0.0,0.0,-0.4822982267305959,0.0,0.0,0.0,0.0,0.0,0.0,0.42688015533752743,-0.08312225946366325,0.3116377976084299,0.27231692905910077,-0.015002548254444845,0.20429721346797997,0.0,0.0,0.0
27.63000000000152,0.0,0.0,-0.48748777922614656,0.0,0.0,0.0,0.0,0.0,0.0,0.4454965900454758,-0.08953333878268455,0.3255368210662162,0.29162900718977586,-0.019216396178963875,0.2191654259647698,0.0,0.0,0.0
27.64000000000152,0.0,0.0,-0.49236566923183284,0.0,0.0,0.0,0.0,0.0,0.0,0.46405060056103686,-0.09589881929789923,0.33935186493549657,0.3110584216586407,-0.023742046366436332,0.23408551639199124,0.0,0.0,0.0
27.650000000001523,0.0,0.0,-0.4969312881999316,0.0,0.0,0.0,0.0,0.0,0.0,0.48252832363662373,-0.1022159235243294,0.3530794107854954,0.3305738903494616,-0.028538334176134515,0.24902347995557408,0.0,0.0,0.0
27.660000000001524,0.0,0.0,-0.5011834750781438,0.0,0.0,0.0,0.0,0.0,0.0,0.5009158421159042,-0.10848189829433763,0.3667159627683595,0.3501370440647354,-0.033566937553386106,0.2639636470082075,0.0,0.0,0.0
27.670000000001526,0.0,0.0,-0.5051203685729257,0.0,0.0,0.0,0.0,0.0,0.0,0.5191991970727026,-0.11469401598495454,0.38025804850903555,0.3697088215843838,-0.03879375549560251,0.278890113301897,0.0,0.0,0.0
27.680000000001527,0.0,0.0,-0.5087399993103792,0.0,0.0,0.0,0.0,0.0,0.0,0.5373644000347195,-0.12084957573245247,0.39370221998892135,0.3892744718252674,-0.04418834328398462,0.29378894284865176,0.0,0.0,0.0
27.69000000000153,0.0,0.0,-0.5120401387087559,0.0,0.0,0.0,0.0,0.0,0.0,0.5553974452806202,-0.12694590463362587,0.40704505442339667,0.4088070759211822,-0.049723506988832045,0.3086458291257879,0.0,0.0,0.0
27.70000000000153,0.0,0.0,-0.5150221608115705,0.0,0.0,0.0,0.0,0.0,0.0,0.5732843221989556,-0.13298035893321614,0.4202831551327031,0.42828094253568577,-0.055374763870427376,0.3234485632491291,0.0,0.0,0.0
27.710000000001532,0.0,0.0,-0.5176834937274027,0.0,0.0,0.0,0.0,0.0,0.0,0.5910110276975058,-0.13895032519694994,0.43341315240623457,0.4476717592917081,-0.06111844338602505,0.33818557695666773,0.0,0.0,0.0
27.720000000001534,0.0,0.0,-0.5200174588216797,0.0,0.0,0.0,0.0,0.0,0.0,0.6085635786511486,-0.14485322146966806,0.4464317043597124,0.4669565111382583,-0.06693317804573871,0.3528470403820676,0.0,0.0,0.0
27.730000000001535,0.0,0.0,-0.5220211160457746,0.0,0.0,0.0,0.0,0.0,0.0,0.6259280243767695,-0.15068649841798143,0.45933549778535393,0.4861135600126919,-0.07280488849140801,0.36742391500524174,0.0,0.0,0.0
27.740000000001537,0.0,0.0,-0.5236914739161243,0.0,0.0,0.0,0.0,0.0,0.0,0.6430904591233803,-0.15644764045700787,0.4721212489945237,0.5051225716334177,-0.07871751948014581,0.38190654587320116,0.0,0.0,0.0
27.75000000000154,0.0,0.0,-0.525025485925205,0.0,0.0,0.0,0.0,0.0,0.0,0.6600370345656711,-0.16213416686061,0.4847857046529135,0.5239643943975673,-0.08465644136812372,0.39628703221824946,0.0,0.0,0.0
27.76000000000154,0.0,0.0,-0.5260200742997567,0.0,0.0,0.0,0.0,0.0,0.0,0.6767539722892937,-0.16774363285467242,0.49732564260776213,0.5426211186076902,-0.09060844130822007,0.4105579262230859,0.0,0.0,0.0
27.77000000000154,0.0,0.0,-0.5266721522421518,0.0,0.0,0.0,0.0,0.0,0.0,0.69322757625595,-0.17327363069291257,0.5097378727072037,0.5610760371846799,-0.09656155875962759,0.42471235906862465,0.0,0.0,0.0
27.780000000001543,0.0,0.0,-0.5269786452383535,0.0,0.0,0.0,0.0,0.0,0.0,0.7094442452366002,-0.17872179071476002,0.5220192376112596,0.5793136116141232,-0.10250496135423094,0.4387439428198438,0.0,0.0,0.0
27.790000000001545,0.0,0.0,-0.5269365121724857,0.0,0.0,0.0,0.0,0.0,0.0,0.7253904852009736,-0.1840857823847981,0.5341666135945147,0.5973194211080836,-0.10842883063123011,0.45264671488375346,0.0,0.0,0.0
27.800000000001546,0.0,0.0,-0.5265427670145626,0.0,0.0,0.0,0.0,0.0,0.0,0.7410529216516256,-0.18936331531331407,0.5461769113400416,0.6150800947024289,-0.11432426072241118,0.46641508085742794,0.0,0.0,0.0
27.810000000001548,0.0,0.0,-0.5257945017840221,0.0,0.0,0.0,0.0,0.0,0.0,0.7564183118908087,-0.1945521402575363,0.558047076724546,0.6325832238865227,-0.1201831675012964,0.4800437636993734,0.0,0.0,0.0
27.82000000000155,0.0,0.0,-0.5246889113636445,0.0,0.0,0.0,0.0,0.0,0.0,0.7714735572085731,-0.1996500501030365,0.5697740915944586,0.649817255885479,-0.12599820692532399,0.4935277584200095,0.0,0.0,0.0
27.83000000000155,0.0,0.0,-0.5232233205430968,0.0,0.0,0.0,0.0,0.0,0.0,0.786205714980367,-0.20465488082493644,0.5813549745328259,0.6667713696177303,-0.1317627012968438,0.5068622929458192,0.0,0.0,0.0
27.840000000001552,0.0,0.0,-0.5213952134243716,0.0,0.0,0.0,0.0,0.0,0.0,0.8006020106626985,-0.2095645124284362,0.5927867816166869,0.683435338300815,-0.13747057236572635,0.5200427954561425,0.0,0.0,0.0
27.850000000001554,0.0,0.0,-0.5192022650459808,0.0,0.0,0.0,0.0,0.0,0.0,0.8146498496753781,-0.21437686986827664,0.6040666071648876,0.6997993842813819,-0.14311628035542717,0.5330648683646717,0.0,0.0,0.0
27.860000000001556,0.0,0.0,-0.5166423748092879,0.0,0.0,0.0,0.0,0.0,0.0,0.8283368291589139,-0.2190899239467179,0.6151915844760618,0.7158540327477465,-0.14869476816220112,0.5459242688807036,0.0,0.0,0.0
27.870000000001557,0.0,0.0,-0.5137137010500159,0.0,0.0,0.0,0.0,0.0,0.0,0.8416507495959824,-0.22370169218961689,0.62615888655665,0.7315899714022329,-0.15420141014380456,0.558616895820859,0.0,0.0,0.0
27.88000000000156,0.0,0.0,-0.5104146959185077,0.0,0.0,0.0,0.0,0.0,0.0,0.8545796262855948,-0.2282102397002692,0.6369657268386515,0.746997922877749,-0.1596319650727553,0.5711387820700862,0.0,0.0,0.0
27.89000000000156,0.0,0.0,-0.506744139632463,0.0,0.0,0.0,0.0,0.0,0.0,0.8671117006591263,-0.2326136799905747,0.647609359887066,0.7620685357264652,-0.16498253297103221,0.583486091847122,0.0,0.0,0.0
27.90000000000156,0.0,0.0,-0.5027011731527682,0.0,0.0,0.0,0.0,0.0,0.0,0.8792354514272532,-0.23691017578921025,0.6580870820967768,0.7767922983270392,-0.17024951565780425,0.5956551217453397,0.0,0.0,0.0
27.910000000001563,0.0,0.0,-0.4982853284013725,0.0,0.0,0.0,0.0,0.0,0.0,0.8909396055470811,-0.24109793982642902,0.668396232378734,0.7911594782540918,-0.17542958092234892,0.6076423044183713,0.0,0.0,0.0
27.920000000001565,0.0,0.0,-0.4934965552743428,0.0,0.0,0.0,0.0,0.0,0.0,0.9022131489988623,-0.24517523559515197,0.678534192835176,0.8051600877625411,-0.18051963027758242,0.6194442137713655,0.0,0.0,0.0
27.930000000001566,0.0,0.0,-0.48833524488137037,0.0,0.0,0.0,0.0,0.0,0.0,0.9130453373619707,-0.24914037808802592,0.6884983894238235,0.8187838742829604,-0.185516770257532,0.6310575706000147,0.0,0.0,0.0
27.940000000001568,0.0,0.0,-0.4828022486413929,0.0,0.0,0.0,0.0,0.0,0.0,0.9234257061797988,-0.2529917345101085,0.6982862926108552,0.8320203333784939,-0.19041828720033277,0.642479247773718,0.0,0.0,0.0
27.95000000000157,0.0,0.0,-0.4768988930600093,0.0,0.0,0.0,0.0,0.0,0.0,0.9333440811036167,-0.2567277249668978,0.7078954180124344,0.8448587405889187,-0.19522162541664248,0.6537062742623183,0.0,0.0,0.0
27.96000000000157,0.0,0.0,-0.47062699019219184,0.0,0.0,0.0,0.0,0.0,0.0,0.9427905878055123,-0.2603468231273829,0.7173233270247045,0.8572881980183699,-0.19992436859140586,0.6647358375292265,0.0,0.0,0.0
27.970000000001573,0.0,0.0,-0.4639888439410592,0.0,0.0,0.0,0.0,0.0,0.0,0.9517556616507877,-0.26384755686185546,0.7265676274420233,0.8692976913809701,-0.20452422421477018,0.6755652840322739,0.0,0.0,0.0
27.980000000001574,0.0,0.0,-0.4569872524565697,0.0,0.0,0.0,0.0,0.0,0.0,0.96023005712036,-0.2672285088541875,0.7356259740633665,0.8808761534281411,-0.20901901079269683,0.6861921177668753,0.0,0.0,0.0
27.990000000001576,0.0,0.0,-0.4496255069754206,0.0,0.0,0.0,0.0,0.0,0.0,0.9682048569740412,-0.27048831718832345,0.7444960692866505,0.8920125301433968,-0.21340664755479247,0.696613996941737,0.0,0.0,0.0
28.000000000001577,0.0,0.0,-0.4419073874894577,0.0,0.0,0.0,0.0,0.0,0.0,0.9756714811456437,-0.27362567590875697,0.75317566369089,0.902695846703298,-0.21768514635785605,0.7068287289903371,0.0,0.0,0.0
28.01000000000158,0.0,0.0,-0.43383715564911496,0.0,0.0,0.0,0.0,0.0,0.0,0.9826216953612534,-0.2766393355547132,0.7616625566060056,0.9129152708745206,-0.22185260547898578,0.7168342641926627,0.0,0.0,0.0
28.02000000000158,0.0,0.0,-0.4254195453066926,0.0,0.0,0.0,0.0,0.0,0.0,0.9890476194721937,-0.2795281036678561,0.7699545966701876,0.9226601721769069,-0.22590720499968447,0.7266286882163285,0.0,0.0,0.0
28.030000000001582,0.0,0.0,-0.4166597510876456,0.0,0.0,0.0,0.0,0.0,0.0,0.9949417354944392,-0.2822908452732902,0.7780496823746054,0.9319201757401402,-0.22984720350006196,0.7362102138915047,0.0,0.0,0.0
28.040000000001584,0.0,0.0,-0.40756341535147095,0.0,0.0,0.0,0.0,0.0,0.0,1.000296895346611,-0.2849264833336509,0.7859457625953822,0.9406852102899539,-0.2336709358070299,0.7455771725177904,0.0,0.0,0.0
28.050000000001585,0.0,0.0,-0.39813817907313775,0.0,0.0,0.0,0.0,0.0,0.0,1.0051063282787935,-0.2874339991761201,0.7936408371126561,0.9489455501065208,-0.23737681156920137,0.7547280049708844,0.0,0.0,0.0
28.060000000001587,0.0,0.0,-0.38839009569492333,0.0,0.0,0.0,0.0,0.0,0.0,1.0093636479848773,-0.2898124328921714,0.8011329571166604,0.9566769618857244,-0.24096330550461378,0.763658892344524,0.0,0.0,0.0
28.07000000000159,0.0,0.0,-0.3783240013398864,0.0,0.0,0.0,0.0,0.0,0.0,1.0130628593912834,-0.29206088370990635,0.8084202257006115,0.9638596168896072,-0.2444272302737739,0.7723743856780722,0.0,0.0,0.0
28.08000000000159,0.0,0.0,-0.36794722206788355,0.0,0.0,0.0,0.0,0.0,0.0,1.0161983651153081,-0.2941785103388135,0.8155007983403486,0.9705252322609363,-0.24776802649881402,0.7808761833120451,0.0,0.0,0.0
28.09000000000159,0.0,0.0,-0.357267588497155,0.0,0.0,0.0,0.0,0.0,0.0,1.018764971586549,-0.29616453128683373,0.822372883360555,0.9766642771124399,-0.2509867166848314,0.7891528259198863,0.0,0.0,0.0
28.100000000001593,0.0,0.0,-0.3462932613891936,0.0,0.0,0.0,0.0,0.0,0.0,1.0207578948253397,-0.29801822514960774,0.8290347423875051,0.9822656621415267,-0.25408141667515144,0.7972055168795227,0.0,0.0,0.0
28.110000000001595,0.0,0.0,-0.33503271710210697,0.0,0.0,0.0,0.0,0.0,0.0,1.0221727658721749,-0.2997389308717846,0.835484690788141,0.9873198436036024,-0.2570508856671594,0.8050331392157118,0.0,0.0,0.0
28.120000000001596,0.0,0.0,-0.3234947313488971,0.0,0.0,0.0,0.0,0.0,0.0,1.0230056358627277,-0.3013260479803228,0.8417210980954426,0.991818217168311,-0.2598938803528049,0.8126350432829398,0.0,0.0,0.0
28.130000000001598,0.0,0.0,-0.31167798573799915,0.0,0.0,0.0,0.0,0.0,0.0,1.0232529807431663,-0.3027790367896728,0.8477423884199262,0.9957531301599237,-0.26260928125622185,0.8200104921987322,0.0,0.0,0.0
28.1400000000016,0.0,0.0,-0.29959497494558657,0.0,0.0,0.0,0.0,0.0,0.0,1.0229117056208998,-0.30409741857880057,0.8535470408472254,0.9991177648042973,-0.2652004768310328,0.8271605464674455,0.0,0.0,0.0
28.1500000000016,0.0,0.0,-0.2872682878843546,0.0,0.0,0.0,0.0,0.0,0.0,1.0219791487462537,-0.3052807757399809,0.859133589821599,1.001907145717014,-0.26767054935305357,0.8340798490284821,0.0,0.0,0.0
28.160000000001602,0.0,0.0,-0.27470669366510914,0.0,0.0,0.0,0.0,0.0,0.0,1.0204530851208018,-0.30632875189931674,0.8645006255153023,1.0041154405275439,-0.27000574660555177,0.8407658483505867,0.0,0.0,0.0
28.170000000001604,0.0,0.0,-0.2619191510160932,0.0,0.0,0.0,0.0,0.0,0.0,1.018331729728576,-0.3072410520089761,0.8696467941837107,1.0057366715918015,-0.27220467419933336,0.8472260064734856,0.0,0.0,0.0
28.180000000001606,0.0,0.0,-0.2489150039969114,0.0,0.0,0.0,0.0,0.0,0.0,1.0156137403865932,-0.3080174424111095,0.8745707985061397,1.0067675761103148,-0.27426850592919005,0.8534574707222067,0.0,0.0,0.0
28.190000000001607,0.0,0.0,-0.23570394930238492,0.0,0.0,0.0,0.0,0.0,0.0,1.0122982202115767,-0.3086577508734609,0.879271397912226,1.0072051018868018,-0.2761977135402171,0.8594594606153886,0.0,0.0,0.0
28.20000000000161,0.0,0.0,-0.222296007138176,0.0,0.0,0.0,0.0,0.0,0.0,1.0083847197000677,-0.3091618665966731,0.8837474088938266,1.007046847411884,-0.27799270510726615,0.8652309013488977,0.0,0.0,0.0
28.21000000000161,0.0,0.0,-0.208701493539809,0.0,0.0,0.0,0.0,0.0,0.0,1.0038732384195197,-0.30952974019332835,0.887997705302336,1.0062909621302225,-0.2796537443543373,0.8707708878470947,0.0,0.0,0.0
28.220000000001612,0.0,0.0,-0.1949309950670892,0.0,0.0,0.0,0.0,0.0,0.0,0.9987642263082493,-0.30976138363874517,0.892021218631369,1.0049361583092642,-0.28118101012692354,0.8760785768696358,0.0,0.0,0.0
28.230000000001613,0.0,0.0,-0.18099534544512727,0.0,0.0,0.0,0.0,0.0,0.0,0.9930585845825879,-0.30985687019359,0.8958169382847212,1.0029817007535222,-0.2825746203274574,0.881153197266946,0.0,0.0,0.0
28.240000000001615,0.0,0.0,-0.16690560399580723,0.0,0.0,0.0,0.0,0.0,0.0,0.9867576662498896,-0.3098163342983762,0.8993839118295235,1.0004274012745702,-0.2838346571480538,0.885994038434583,0.0,0.0,0.0
28.250000000001616,0.0,0.0,-0.15267303565780094,0.0,0.0,0.0,0.0,0.0,0.0,0.9798632762263837,-0.3096399714399092,0.9027212452345759,0.9972736122581431,-0.28496118691531647,0.8906004450785162,0.0,0.0,0.0
28.260000000001618,0.0,0.0,-0.13830909241506908,0.0,0.0,0.0,0.0,0.0,0.0,0.9723776710593107,-0.3093280379897978,0.9058281030937618,0.9935212203468698,-0.28595427665826234,0.8949718123415756,0.0,0.0,0.0
28.27000000000162,0.0,0.0,-0.12382539596245967,0.0,0.0,0.0,0.0,0.0,0.0,0.9643035582530842,-0.3088808510150969,0.9087037088345009,0.9891716399442625,-0.2868140076127063,0.8991075822825129,0.0,0.0,0.0
28.28000000000162,0.0,0.0,-0.10923372144953764,0.0,0.0,0.0,0.0,0.0,0.0,0.9556440951996095,-0.3082987880612351,0.9113473449111711,0.9842268065535913,-0.2875404861800074,0.9030072413074621,0.0,0.0,0.0
28.290000000001623,0.0,0.0,-0.09454598215624066,0.0,0.0,0.0,0.0,0.0,0.0,0.9464028877133026,-0.3075822869073406,0.9137583529834883,0.978689169936495,-0.2881338527210262,0.9066703184553251,0.0,0.0,0.0
28.300000000001624,0.0,0.0,-0.07977421496695522,0.0,0.0,0.0,0.0,0.0,0.0,0.9365839881716278,-0.30673184529409436,0.9159361340797711,0.9725616871088626,-0.28859428852909336,0.9100963843937504,0.0,0.0,0.0
28.310000000001626,0.0,0.0,-0.0649305665224909,0.0,0.0,0.0,0.0,0.0,0.0,0.9261918932624427,-0.30574802062430395,0.9178801487450556,0.9658478152046824,-0.2889220212760869,0.9132850510069535,0.0,0.0,0.0
28.320000000001627,0.0,0.0,-0.050027279942950365,0.0,0.0,0.0,0.0,0.0,0.0,0.9152315413397527,-0.30463142963631684,0.9195899171740172,0.9585515042492965,-0.28911732918585914,0.9162359714658975,0.0,0.0,0.0
28.33000000000163,0.0,0.0,-0.03507668202736691,0.0,0.0,0.0,0.0,0.0,0.0,0.9037083093898299,-0.30338274805050336,0.9210650193286933,0.9506771898882301,-0.28918054415350136,0.9189488406831058,0.0,0.0,0.0
28.34000000000163,0.0,0.0,-0.020091170848886397,0.0,0.0,0.0,0.0,0.0,0.0,0.8916280096100693,-0.3020027101889604,0.9223050950409468,0.9422297861183636,-0.289112053997701,0.9214233960649642,0.0,0.0,0.0
28.350000000001632,0.0,0.0,-0.005083203676345349,0.0,0.0,0.0,0.0,0.0,0.0,0.8789968856032979,-0.3004921085686654,0.923309844099669,0.933214678065548,-0.28891230400609297,0.9236594184843899,0.0,0.0,0.0
28.360000000001634,0.0,0.0,0.00993471483488606,0.0,0.0,0.0,0.0,0.0,0.0,0.8658216081905556,-0.2988517934682964,0.9240790263226746,0.9236377148468489,-0.28858179790947197,0.9256567334067101,0.0,0.0,0.0
28.370000000001635,0.0,0.0,0.024950044229553325,0.0,0.0,0.0,0.0,0.0,0.0,0.8521092708458262,-0.2970826724689388,0.92461246161331,0.9135052025481668,-0.28812109839958183,0.9274152121106402,0.0,0.0,0.0
28.380000000001637,0.0,0.0,0.039950219652970465,0.0,0.0,0.0,0.0,0.0,0.0,0.837867384756459,-0.29518570996892324,0.9249100300017221,0.9028238973391347,-0.2875308272867756,0.9289347729551288,0.0,0.0,0.0
28.39000000000164,0.0,0.0,0.054922663093042556,0.0,0.0,0.0,0.0,0.0,0.0,0.8231038735134264,-0.29316192667305696,0.924971671670809,0.8916009987380228,-0.2868116653777185,0.9302153826509497,0.0,0.0,0.0
28.40000000000164,0.0,0.0,0.06986459678877244,0.0,0.0,0.0,0.0,0.0,0.0,0.8078270674359231,-0.2910123990565072,0.9247973869668256,0.8798441430300953,-0.28596435213923804,0.9312570575035194,0.0,0.0,0.0
28.41000000000164,0.0,0.0,0.08476407918857537,0.0,0.0,0.0,0.0,0.0,0.0,0.7920456975350667,-0.28873825880360293,0.9243872363946568,0.867561462449941,-0.2849951555084428,0.9320625906906574,0.0,0.0,0.0
28.420000000001643,0.0,0.0,0.09959966709473578,0.0,0.0,0.0,0.0,0.0,0.0,0.7757688891219212,-0.28634069222187675,0.9237413405977564,0.8547630627785062,-0.2839129511854505,0.9326260107853509,0.0,0.0,0.0
28.430000000001645,0.0,0.0,0.11435891414748767,0.0,0.0,0.0,0.0,0.0,0.0,0.7590061550653016,-0.2838209396315996,0.922859880322755,0.8414572869240954,-0.28270721863487014,0.9329432711778775,0.0,0.0,0.0
28.440000000001646,0.0,0.0,0.12902953782837046,0.0,0.0,0.0,0.0,0.0,0.0,0.7417673887051803,-0.2811802947311701,0.9217430963687518,0.8276517020590197,-0.2813763717767455,0.9330239867016797,0.0,0.0,0.0
28.450000000001648,0.0,0.0,0.14359926095108716,0.0,0.0,0.0,0.0,0.0,0.0,0.7240628564278648,-0.2784201039386365,0.9203912895213016,0.8133564797239095,-0.2799224070992965,0.9328664447621429,0.0,0.0,0.0
28.46000000000165,0.0,0.0,0.15805582212835897,0.0,0.0,0.0,0.0,0.0,0.0,0.7059031899094188,-0.275541765709713,0.9188048204711188,0.7985817715216044,-0.27834666696645954,0.9324711893322015,0.0,0.0,0.0
28.47000000000165,0.0,0.0,0.17238698416091477,0.0,0.0,0.0,0.0,0.0,0.0,0.6872993780340426,-0.27254672983262296,0.9169841097175122,0.7833381813157427,-0.2766506208742265,0.9318383970253648,0.0,0.0,0.0
28.480000000001652,0.0,0.0,0.18658054307936744,0.0,0.0,0.0,0.0,0.0,0.0,0.6682627584945919,-0.26943649670012837,0.9149296374565914,0.7676366658468745,-0.27483571023063114,0.9309684167917156,0.0,0.0,0.0
28.490000000001654,0.0,0.0,0.20062433678729594,0.0,0.0,0.0,0.0,0.0,0.0,0.6488050090824875,-0.26621261655909834,0.9126419434542565,0.7514885522667528,-0.27290338670494635,0.9298616557132257,0.0,0.0,0.0
28.500000000001656,0.0,0.0,0.21450625361051273,0.0,0.0,0.0,0.0,0.0,0.0,0.6289381386748105,-0.2628766887380114,0.9101216269040204,0.7349055308113165,-0.270855109293788,0.9285185998121849,0.0,0.0,0.0
28.510000000001657,0.0,0.0,0.22821424079285765,0.0,0.0,0.0,0.0,0.0,0.0,0.6086744779264965,-0.2594303608527606,0.9073693462696863,0.7178996516453832,-0.2686923487173814,0.9269398075845138,0.0,0.0,0.0
28.52000000000166,0.0,0.0,0.24173631303030554,0.0,0.0,0.0,0.0,0.0,0.0,0.5880266696758165,-0.2558753279911534,0.9043858191129455,0.7004833200925165,-0.26641658933887613,0.9251259095331966,0.0,0.0,0.0
28.53000000000166,0.0,0.0,0.25505833657117694,0.0,0.0,0.0,0.0,0.0,0.0,0.5670076590717275,-0.25221333187653894,0.9011718219059048,0.6826692915286242,-0.2640293308097635,0.9230776067858905,0.0,0.0,0.0
28.540000000001662,0.0,0.0,0.2681689878744745,0.0,0.0,0.0,0.0,0.0,0.0,0.5456306834317945,-0.24844616001092668,0.8977281898286362,0.6645144999157782,-0.2616161392466022,0.9205185847378954,0.0,0.0,0.0
28.550000000001663,0.0,0.0,0.28105897155598925,0.0,0.0,0.0,0.0,0.0,0.0,0.5239092618397259,-0.24457564479807736,0.8940558165517485,0.6459257113065886,-0.25897853042226526,0.9180991542028867,0.0,0.0,0.0
28.560000000001665,0.0,0.0,0.29371652655297664,0.0,0.0,0.0,0.0,0.0,0.0,0.5018571844918145,-0.24060366264694766,0.89015565400411,0.6269932340034279,-0.2562583817095422,0.9153689787948224,0.0,0.0,0.0
28.570000000001667,0.0,0.0,0.3061300922428966,0.0,0.0,0.0,0.0,0.0,0.0,0.47948850180171987,-0.2365321330559591,0.8860287121256945,0.6077165989438523,-0.25343017662607736,0.912418687788412,0.0,0.0,0.0
28.580000000001668,0.0,0.0,0.3182882159696149,0.0,0.0,0.0,0.0,0.0,0.0,0.4568175132733985,-0.23236301767853274,0.8816760586057018,0.5881128202307278,-0.25050073491129515,0.9092317474609971,0.0,0.0,0.0
28.59000000000167,0.0,0.0,0.33017959185722656,0.0,0.0,0.0,0.0,0.0,0.0,0.43385875615206815,-0.22809831937034541,0.877098818605939,0.5681958188118071,-0.24747029357725941,0.9058135469402666,0.0,0.0,0.0
28.60000000000167,0.0,0.0,0.3417930677241254,0.0,0.0,0.0,0.0,0.0,0.0,0.4106269938633509,-0.22374008121876843,0.8722981744696239,0.5479806164217272,-0.2443404746123063,0.9021649799083568,0.0,0.0,0.0
28.610000000001673,0.0,0.0,0.353117659915653,0.0,0.0,0.0,0.0,0.0,0.0,0.38713720425102305,-0.2192903855549746,0.8672753654155865,0.5274824877895452,-0.2411126496527832,0.8982878470757034,0.0,0.0,0.0
28.620000000001674,0.0,0.0,0.3641425668121867,0.0,0.0,0.0,0.0,0.0,0.0,0.3634045676238209,-0.2147513529491878,0.862031687218046,0.5067170903037176,-0.2377882768374292,0.8941837673058007,0.0,0.0,0.0
28.630000000001676,0.0,0.0,0.3748571820642764,0.0,0.0,0.0,0.0,0.0,0.0,0.33944445462211714,-0.21012514118955572,0.856568491871947,0.4857003962584333,-0.2343688380997289,0.8898544093410342,0.0,0.0,0.0
28.640000000001677,0.0,0.0,0.38525110733472323,0.0,0.0,0.0,0.0,0.0,0.0,0.3152724139152836,-0.20541394424516124,0.8508871872440542,0.46444867166887893,-0.23085585671161857,0.8853014530619479,0.0,0.0,0.0
28.65000000000168,0.0,0.0,0.3953141646750189,0.0,0.0,0.0,0.0,0.0,0.0,0.29090415974082395,-0.2006199912136477,0.8449892367097762,0.44297845193839325,-0.22725089757450742,0.8805266041990376,0.0,0.0,0.0
28.66000000000168,0.0,0.0,0.40503640858311996,0.0,0.0,0.0,0.0,0.0,0.0,0.2663555592964606,-0.195745545254006,0.8388761587759184,0.42130652328947954,-0.22355557020728267,0.875531596890004,0.0,0.0,0.0
28.670000000001682,0.0,0.0,0.4144081377939887,0.0,0.0,0.0,0.0,0.0,0.0,0.24164261999655845,-0.19079290250498993,0.8325495266893665,0.399449907376264,-0.2197715304938517,0.8703181975843883,0.0,0.0,0.0
28.680000000001684,0.0,0.0,0.4234199068409495,0.0,0.0,0.0,0.0,0.0,0.0,0.21678147660427083,-0.1857643909897293,0.8260109680319097,0.3774258488632681,-0.2159004820980281,0.8648882077264838,0.0,0.0,0.0
28.690000000001685,0.0,0.0,0.43206253741898054,0.0,0.0,0.0,0.0,0.0,0.0,0.19178837825107542,-0.18066236950703107,0.8192621643011844,0.3552518055670717,-0.2119441773972149,0.8592434658835328,0.0,0.0,0.0
28.700000000001687,0.0,0.0,0.4403271295739929,0.0,0.0,0.0,0.0,0.0,0.0,0.16667967535535544,-0.1754892265099377,0.8123048504779691,0.332945440884817,-0.2079044179875924,0.8533858493153236,0.0,0.0,0.0
28.71000000000169,0.0,0.0,0.448205072733968,0.0,0.0,0.0,0.0,0.0,0.0,0.14147180645170865,-0.17024737897204378,0.8051408145798167,0.3105246182380541,-0.20378305478033282,0.8473172751019838,0.0,0.0,0.0
28.72000000000169,0.0,0.0,0.45568805658801903,0.0,0.0,0.0,0.0,0.0,0.0,0.11618128494305058,-0.1649392712421376,0.7977718972012882,0.28800739728991387,-0.19958198772086816,0.8410397009090698,0.0,0.0,0.0
28.73000000000169,0.0,0.0,0.4627680818091834,0.0,0.0,0.0,0.0,0.0,0.0,0.09082468578725811,-0.15956737388773146,0.7901999910407385,0.26541203171232947,-0.19530316516788865,0.8345551254646733,0.0,0.0,0.0
28.740000000001693,0.0,0.0,0.46943747060637087,0.0,0.0,0.0,0.0,0.0,0.0,0.06541863213048482,-0.15413418252799183,0.7824270404139337,0.24275696829982052,-0.19094858297502695,0.827865588813058,0.0,0.0,0.0
28.750000000001695,0.0,0.0,0.4756888770805362,0.0,0.0,0.0,0.0,0.0,0.0,0.03997978189911189,-0.1486422166566559,0.7744550407544772,0.22006084725192795,-0.1865202833220112,0.8209731724012991,0.0,0.0,0.0
28.760000000001696,0.0,0.0,0.48151677000128335,0.0,0.0,0.0,0.0,0.0,0.0,0.014524814362456118,-0.1430940184555114,0.766286038101339,0.19734250348052615,-0.1820203533431324,0.8138799990475956,0.0,0.0,0.0
28.770000000001698,0.0,0.0,0.4869132829633933,0.0,0.0,0.0,0.0,0.0,0.0,-0.010929583321671599,-0.13749215159896444,0.7579221285734334,0.17462098333357862,-0.1774570828020563,0.806591470600428,0.0,0.0,0.0
28.7800000000017,0.0,0.0,0.4918703388882465,0.0,0.0,0.0,0.0,0.0,0.0,-0.03636672956638187,-0.13183920005029215,0.7493654578315623,0.15191659111342087,-0.1728401106939521,0.799101691231904,0.0,0.0,0.0
28.7900000000017,0.0,0.0,0.49638232439268337,0.0,0.0,0.0,0.0,0.0,0.0,-0.06176996180801364,-0.12613776685015932,0.7406182205276886,0.12924814176876218,-0.16815490549595127,0.7914091881863781,0.0,0.0,0.0
28.800000000001702,0.0,0.0,0.5004439925341294,0.0,0.0,0.0,0.0,0.0,0.0,-0.08712264993921703,-0.12039047289795146,0.7316826597418491,0.10663398068101436,-0.1634006653032035,0.7835295580046094,0.0,0.0,0.0
28.810000000001704,0.0,0.0,0.5040504509450262,0.0,0.0,0.0,0.0,0.0,0.0,-0.11240820971060028,-0.11459995572650605,0.7225610664067279,0.08409438341246805,-0.15858145677387425,0.7754620965525563,0.0,0.0,0.0
28.820000000001706,0.0,0.0,0.5071971722207517,0.0,0.0,0.0,0.0,0.0,0.0,-0.13761011608905283,-0.10876886827086363,0.7132557787200868,0.061649514754596124,-0.15370035479332006,0.7672092356285373,0.0,0.0,0.0
28.830000000001707,0.0,0.0,0.5098800034361217,0.0,0.0,0.0,0.0,0.0,0.0,-0.16271191656051753,-0.10289987763154596,0.7037691815451732,0.03931979942139348,-0.14876049493345478,0.7587729292367015,0.0,0.0,0.0
28.84000000000171,0.0,0.0,0.5120951747507158,0.0,0.0,0.0,0.0,0.0,0.0,-0.1876972443653484,-0.09699566383302782,0.6941037057993391,0.017125870662072232,-0.14376489117263655,0.7501553481597015,0.0,0.0,0.0
28.85000000000171,0.0,0.0,0.5138254417178775,0.0,0.0,0.0,0.0,0.0,0.0,-0.21254983165432728,-0.09105891857792514,0.6842618278309334,-0.03415367784444465,-0.13871649121716925,0.7413587324992404,0.0,0.0,0.0
28.860000000001712,0.0,0.0,0.5150711517276485,0.0,0.0,0.0,0.0,0.0,0.0,-0.23725352255341625,-0.08509234399753085,0.6742460687846719,-0.05336797746590245,-0.13361805919343034,0.7324013877249882,0.0,0.0,0.0
28.870000000001713,0.0,0.0,0.5158458370756662,0.0,0.0,0.0,0.0,0.0,0.0,-0.2617922861255959,-0.07909865139924976,0.6640589939556187,-0.07346249847168743,-0.12848634455713578,0.7232442397807209,0.0,0.0,0.0
28.880000000001715,0.0,0.0,0.5161457645934923,0.0,0.0,0.0,0.0,0.0,0.0,-0.2861502292181286,-0.07308056001156693,0.6537032121320236,-0.09454916388388566,-0.12331650352498225,0.7138752765179809,0.0,0.0,0.0
28.890000000001717,0.0,0.0,0.5159677689626962,0.0,0.0,0.0,0.0,0.0,0.0,-0.31031160918358336,-0.06704079572708599,0.6431813749270885,-0.11650390156743294,-0.11809398150175249,0.7043642144894187,0.0,0.0,0.0
28.900000000001718,0.0,0.0,0.5153094669167982,0.0,0.0,0.0,0.0,0.0,0.0,-0.3342608464633199,-0.0609820898442881,0.6324961760998815,-0.13919986194845757,-0.11282827203415756,0.6946946880462804,0.0,0.0,0.0
28.91000000000172,0.0,0.0,0.5141691839293745,0.0,0.0,0.0,0.0,0.0,0.0,-0.35798253702210725,-0.054907177808542595,0.6216503508655349,-0.16251848049546824,-0.1075235693204918,0.684867771164966,0.0,0.0,0.0
28.92000000000172,0.0,0.0,0.5125458995240264,0.0,0.0,0.0,0.0,0.0,0.0,-0.38146146462266284,-0.048818797952998594,0.6106466751949999,-0.1863476579658888,-0.10218413815140973,0.6748829051588859,0.0,0.0,0.0
28.930000000001723,0.0,0.0,0.5104392017849602,0.0,0.0,0.0,0.0,0.0,0.0,-0.4046826129291754,-0.042719690239941155,0.5994879651044287,-0.21058204487596177,-0.09681355836093535,0.664741082668762,0.0,0.0,0.0
28.940000000001724,0.0,0.0,0.5078481227948105,0.0,0.0,0.0,0.0,0.0,0.0,-0.42763117742898005,-0.03661259500317815,0.5881770759343885,-0.23512302845085353,-0.0914150626844445,0.6544439089932097,0.0,0.0,0.0
28.950000000001726,0.0,0.0,0.5047733798472107,0.0,0.0,0.0,0.0,0.0,0.0,-0.4502925771616335,-0.03050025169208226,0.5767169016191556,-0.25990119329558725,-0.0859287697948821,0.6442297614058493,0.0,0.0,0.0
28.960000000001727,0.0,0.0,0.501217479677522,0.0,0.0,0.0,0.0,0.0,0.0,-0.47265246624501134,-0.024385397617828097,0.5651103739462013,-0.28477664975069683,-0.08051194120555946,0.6335273160211117,0.0,0.0,0.0
28.97000000000173,0.0,0.0,0.49718213732642524,0.0,0.0,0.0,0.0,0.0,0.0,-0.494696745188012,-0.018270766702460417,0.5533604618061219,-0.3097104277834007,-0.07505664318173622,0.6227475031200439,0.0,0.0,0.0
28.98000000000173,0.0,0.0,0.49266958865189237,0.0,0.0,0.0,0.0,0.0,0.0,-0.5164115719799129,-0.012159088231321391,0.5414701704331244,-0.3346239895695379,-0.06958505271174437,0.611818560111163,0.0,0.0,0.0
28.990000000001732,0.0,0.0,0.4876825141824569,0.0,0.0,0.0,0.0,0.0,0.0,-0.537783372946411,-0.006053085609460052,0.5294425406363565,-0.35945353071372654,-0.06409650218519461,0.6007561127624634,0.0,0.0,0.0
29.000000000001734,0.0,0.0,0.4822240378902919,0.0,0.0,0.0,0.0,0.0,0.0,-0.5587988533626851,4.452487742190314e-05,0.5172806480222067,-0.3841399125779446,-0.05859442435742583,0.5895600063752411,0.0,0.0,0.0
29.010000000001735,0.0,0.0,0.47629771701838197,0.0,0.0,0.0,0.0,0.0,0.0,-0.5794450078140976,0.006131035296901732,0.504987602207827,-0.40863006722528505,-0.05308144353971531,0.5782332241463284,0.0,0.0,0.0
29.020000000001737,0.0,0.0,0.4699075391655605,0.0,0.0,0.0,0.0,0.0,0.0,-0.599709130295333,0.012203747298101586,0.49256654602599914,-0.4328762947382906,-0.04756028605295257,0.5667783622802991,0.0,0.0,0.0
29.03000000000174,0.0,0.0,0.4630579186960249,0.0,0.0,0.0,0.0,0.0,0.0,-0.6195788240389877,0.018259973333663027,0.48002065472165234,-0.45683598475970427,-0.042033623222937196,0.5551982353939985,0.0,0.0,0.0
29.04000000000174,0.0,0.0,0.4557536932675127,0.0,0.0,0.0,0.0,0.0,0.0,-0.6390420110649779,0.024297037874933647,0.4673531351401532,-0.4804712267140303,-0.03650410187995275,0.5434957489951859,0.0,0.0,0.0
29.05000000000174,0.0,0.0,0.44799978900025483,0.0,0.0,0.0,0.0,0.0,0.0,-0.6580869414423414,0.03031227861977337,0.4545672249076409,-0.5037484104623395,-0.03097434043110099,0.531673907351295,0.0,0.0,0.0
29.060000000001743,0.0,0.0,0.439801998820382,0.0,0.0,0.0,0.0,0.0,0.0,-0.6767022022552336,0.03630304769239201,0.44166619160352627,-0.5266340172615888,-0.025446932473332982,0.5197361798905924,0.0,0.0,0.0
29.070000000001745,0.0,0.0,0.43116682982651366,0.0,0.0,0.0,0.0,0.0,0.0,-0.6948767262652722,0.042266712834753584,0.4286533319254813,-0.5490993421847628,-0.019924734259654513,0.5076847363272554,0.0,0.0,0.0
29.080000000001746,0.0,0.0,0.42210074900807953,0.0,0.0,0.0,0.0,0.0,0.0,-0.7125998002626934,0.04820065858889899,0.4155319708470395,-0.5711317264852501,-0.014410102309263838,0.49552246003464073,0.0,0.0,0.0
29.090000000001748,0.0,0.0,0.4125067468936762,0.0,0.0,0.0,0.0,0.0,0.0,-0.7298610730989303,0.054102287469725674,0.40230546076809315,-0.5927099692293216,0.009211599902235426,0.4832542870299712,0.0,0.0,0.0
29.10000000000175,0.0,0.0,0.4023998219906254,0.0,0.0,0.0,0.0,0.0,0.0,-0.7466505633937195,0.05996902112763758,0.388977180658409,-0.6138158742960278,0.0124345330782401,0.4709077468499162,0.0,0.0,0.0
29.11000000000175,0.0,0.0,0.39190696958354915,0.0,0.0,0.0,0.0,0.0,0.0,-0.7629586669099866,0.06579830150056543,0.3755505351945023,-0.6344254720098507,0.015821161081301903,0.4584248291667708,0.0,0.0,0.0
29.120000000001752,0.0,0.0,0.38103662204245126,0.0,0.0,0.0,0.0,0.0,0.0,-0.7787761635901789,0.07158759195481235,0.36202895388998946,-0.6545263589536443,0.019485000232136486,0.44578135591674256,0.0,0.0,0.0
29.130000000001754,0.0,0.0,0.3697964519635977,0.0,0.0,0.0,0.0,0.0,0.0,-0.7940942242479724,0.0773343784142062,0.34841589021971964,-0.6741155148692357,0.023413548019867694,0.4330802475940848,0.0,0.0,0.0
29.140000000001756,0.0,0.0,0.3581943229321242,0.0,0.0,0.0,0.0,0.0,0.0,-0.8089044169096601,0.08303617047707679,0.33471482073780745,-0.6931785588393193,0.02756814709989578,0.42030368469044355,0.0,0.0,0.0
29.150000000001757,0.0,0.0,0.3462383138239638,0.0,0.0,0.0,0.0,0.0,0.0,-0.823198712799757,0.08869050252048893,0.320929244189915,-0.7117046352796549,0.03191824914234957,0.4074546297282125,0.0,0.0,0.0
29.16000000000176,0.0,0.0,0.3339367589633101,0.0,0.0,0.0,0.0,0.0,0.0,-0.8369694919658641,0.09429493479129825,0.3070626806199126,-0.7296838052952782,0.036435491793774116,0.3945332936471015,0.0,0.0,0.0
29.17000000000176,0.0,0.0,0.3212982808858748,0.0,0.0,0.0,0.0,0.0,0.0,-0.8502095485379848,0.09984705448349152,0.29311867047122053,-0.7471072924862525,0.0410943377299209,0.38154101366210297,0.0,0.0,0.0
29.180000000001762,0.0,0.0,0.30833182030206935,0.0,0.0,0.0,0.0,0.0,0.0,-0.86291209561794,0.10534447680134384,0.2791007736829605,-0.7639672723014874,0.04587164739571341,0.36847950953073066,0.0,0.0,0.0
29.190000000001763,0.0,0.0,0.2950466620591396,0.0,0.0,0.0,0.0,0.0,0.0,-0.8750707697948996,0.1107848460079115,0.26501256878127233,-0.7802567650825236,0.05074646962622568,0.35535092835689414,0.0,0.0,0.0
29.200000000001765,0.0,0.0,0.2814524570461965,0.0,0.0,0.0,0.0,0.0,0.0,-0.886679635283297,0.11616583645838707,0.2508576519659296,-0.7959695355096275,0.055699827621448414,0.3421577689230692,0.0,0.0,0.0
29.210000000001767,0.0,0.0,0.26755923993468855,0.0,0.0,0.0,0.0,0.0,0.0,-0.8977331876798076,0.12148515361785117,0.23663963619256045,-0.8111000118281894,0.0607145321632321,0.32890283533401976,0.0,0.0,0.0
29.220000000001768,0.0,0.0,0.2533774427836678,0.0,0.0,0.0,0.0,0.0,0.0,-0.9082263573364929,0.12674053506297644,0.22236215025061412,-0.8256432198464818,0.06577501268851217,0.31558919387958984,0.0,0.0,0.0
29.23000000000177,0.0,0.0,0.23891790462542545,0.0,0.0,0.0,0.0,0.0,0.0,-0.9181545123474325,0.1319297514672142,0.2080288378373909,-0.8395947299211007,0.07086716456996975,0.3022201362949504,0.0,0.0,0.0
29.24000000000177,0.0,0.0,0.224191877219896,0.0,0.0,0.0,0.0,0.0,0.0,-0.927513461146649,0.13705060756906517,0.19364335662840304,-0.8529506148279545,0.07597821037862061,0.2887991479725517,0.0,0.0,0.0
29.250000000001773,0.0,0.0,0.20921102721936807,0.0,0.0,0.0,0.0,0.0,0.0,-0.9362994547154532,0.14210094312293897,0.17920937734415743,-0.8657074167055352,0.08109657352871234,0.27532988057705937,0.0,0.0,0.0
29.260000000001774,0.0,0.0,0.19398743502111415,0.0,0.0,0.0,0.0,0.0,0.0,-0.94450918839766,0.14707863383226139,0.164730582813726,-0.8778621214556915,0.08621176300538867,0.26181612848671776,0.0,0.0,0.0
29.270000000001776,0.0,0.0,0.17853359060580326,0.0,0.0,0.0,0.0,0.0,0.0,-0.9521398033216021,0.1519815922643546,0.15021066703529073,-0.8894121391986788,0.09131426812696398,0.24826180858464178,0.0,0.0,0.0
29.280000000001777,0.0,0.0,0.1628623866676898,0.0,0.0,0.0,0.0,0.0,0.0,-0.9591888874281215,0.15680776874669444,0.13565333423398118,-0.9003552895784854,0.09639546247453434,0.2346709429859714,0.0,0.0,0.0
29.29000000000178,0.0,0.0,0.1469871093397537,0.0,0.0,0.0,0.0,0.0,0.0,-0.965654476104144,0.16155515224420514,0.12106229791708922,-0.9106897909001301,0.10144751625430674,0.22104764434181773,0.0,0.0,0.0
29.30000000000178,0.0,0.0,0.1309214268066503,0.0,0.0,0.0,0.0,0.0,0.0,-0.9715350524218438,0.166221771217121,0.106441279927032,-0.9204142522488407,0.10646331645400671,0.20739610340649514,0.0,0.0,0.0
29.310000000001782,0.0,0.0,0.11467937608255091,0.0,0.0,0.0,0.0,0.0,0.0,-0.9768295469836766,0.17080569445912497,0.0917940094922487,-0.9295276678907406,0.11143639422420568,0.19372057859360042,0.0,0.0,0.0
29.320000000001784,0.0,0.0,0.09827534821118547,0.0,0.0,0.0,0.0,0.0,0.0,-0.9815373373740532,0.17530503191532265,0.07712422227635995,-0.9380294133850556,0.11636085896580375,0.1800253872798749,0.0,0.0,0.0
29.330000000001785,0.0,0.0,0.0817240721236824,0.0,0.0,0.0,0.0,0.0,0.0,-0.9856582472186537,0.179717935479776,0.062435659425665424,-0.945919242949634,0.12123133864268774,0.16631489864521126,0.0,0.0,0.0
29.340000000001787,0.0,0.0,0.06504045882818793,0.0,0.0,0.0,0.0,0.0,0.0,-0.9891925448529055,0.18404259977217619,0.04773206661536111,-0.9531972877156503,0.12604292586735424,0.15259352786294353,0.0,0.0,0.0
29.35000000000179,0.0,0.0,0.048239935034572606,0.0,0.0,0.0,0.0,0.0,0.0,-0.992140941601372,0.18827726289336466,0.033017193094661,-0.9598548916574015,0.13079113768787134,0.13886628537816031,0.0,0.0,0.0
29.36000000000179,0.0,0.0,0.031335711412958545,0.0,0.0,0.0,0.0,0.0,0.0,-0.9945045896702432,0.19242020715939256,0.018294790731157695,-0.9658844192922174,0.13547143329837477,0.1251364632050584,0.0,0.0,0.0
29.37000000000179,0.0,0.0,0.014343366743805597,0.0,0.0,0.0,0.0,0.0,0.0,-0.9962850796554795,0.19646975981374615,0.0035686130544547723,-0.9713299582893195,0.14012637926294202,0.11159378168486023,0.0,0.0,0.0
29.380000000001793,0.0,0.0,-0.0027185940151870924,0.0,0.0,0.0,0.0,0.0,0.0,-0.9974844376694355,0.20042429371750492,-0.01115758570040648,-0.9761420719424595,0.14465390826827634,0.09785844068615211,0.0,0.0,0.0
29.390000000001795,0.0,0.0,-0.019833767783905054,0.0,0.0,0.0,0.0,0.0,0.0,-0.998105122089294,0.20428222801708795,-0.025880051549777905,-0.9803536848814574,0.14911071867632658,0.08416367825893173,0.0,0.0,0.0
29.400000000001796,0.0,0.0,-0.03698560228528919,0.0,0.0,0.0,0.0,0.0,0.0,-0.9981500199308332,0.2080420287893352,-0.040595031717918006,-0.9839624683116323,0.15348614460733215,0.07048375682847781,0.0,0.0,0.0
29.410000000001798,0.0,0.0,-0.05415735017518325,0.0,0.0,0.0,0.0,0.0,0.0,-0.9976224428515251,0.2117022096636587,-0.05529877559330121,-0.9869711016953832,0.15777839103626382,0.05682731227825978,0.0,0.0,0.0
29.4200000000018,0.0,0.0,-0.0713320954857149,0.0,0.0,0.0,0.0,0.0,0.0,-0.99652612278721,0.215261332420972,-0.06998753568415339,-0.9893821619079545,0.16198469202494417,0.04319839581518704,0.0,0.0,0.0
29.4300000000018,0.0,0.0,-0.08849277354188634,0.0,0.0,0.0,0.0,0.0,0.0,-0.9948652072270298,0.2187180075692048,-0.08465756857326434,-0.991198798507077,0.1661026179373576,0.029601716239246248,0.0,0.0,0.0
29.440000000001803,0.0,0.0,-0.10562219200491052,0.0,0.0,0.0,0.0,0.0,0.0,-0.992644254131508,0.22207089489510645,-0.09930513587151779,-0.9924246172135337,0.170129881842047,0.016041943170875324,0.0,0.0,0.0
29.450000000001804,0.0,0.0,-0.1227483095671465,0.0,0.0,0.0,0.0,0.0,0.0,-0.9898682264991633,0.22531870399217135,-0.11392650517023617,-0.9930636744941898,0.17406434744677166,-0.022779769542885207,0.0,0.0,0.0
29.460000000001806,0.0,0.0,-0.1398468298823674,0.0,0.0,0.0,0.0,0.0,0.0,-0.9865424865872099,0.2284601947644349,-0.12851795099178454,-0.9935197715013281,0.17858369848544278,-0.03053627936547662,0.0,0.0,0.0
29.470000000001807,0.0,0.0,-0.15684738041491786,0.0,0.0,0.0,0.0,0.0,0.0,-0.9826727897923151,0.23149417790594917,-0.14307575573848208,-0.9928009634121228,0.1820273953991871,-0.04273211384601524,0.0,0.0,0.0
29.48000000000181,0.0,0.0,-0.17373351980646937,0.0,0.0,0.0,0.0,0.0,0.0,-0.9782652781976553,0.23441951535577843,-0.15759621063925633,-0.9916236471825965,0.18554001788919558,-0.05486630700738065,0.0,0.0,0.0
29.49000000000181,0.0,0.0,-0.19049049345156444,0.0,0.0,0.0,0.0,0.0,0.0,-0.9733264737928691,0.2372351207282848,-0.17207561669415272,-0.9899029653653796,0.18897823335564182,-0.06744898216109248,0.0,0.0,0.0
29.500000000001812,0.0,0.0,-0.20710302117674073,0.0,0.0,0.0,0.0,0.0,0.0,-0.967863271373677,0.2399399597185905,-0.18651028561613292,-0.9876469702094741,0.19234893329137814,-0.08036951161901666,0.0,0.0,0.0
29.510000000001813,0.0,0.0,-0.22355552501025192,0.0,0.0,0.0,0.0,0.0,0.0,-0.9618829311284538,0.24253305048303586,-0.20089654077021912,-0.9848542632169134,0.1956415582831826,-0.09360030218546317,0.0,0.0,0.0
29.520000000001815,0.0,0.0,-0.23983215196619506,0.0,0.0,0.0,0.0,0.0,0.0,-0.9553930709191072,0.24501346399449764,-0.2152307181094235,-0.9815269453181433,0.19884922529466303,-0.10710490702968542,0.0,0.0,0.0
29.530000000001817,0.0,0.0,-0.25591682423993944,0.0,0.0,0.0,0.0,0.0,0.0,-0.948401658264008,0.24738032437244994,-0.22950916710757363,-0.9776684959837654,0.2019658295223475,-0.12085012052743348,0.0,0.0,0.0
29.540000000001818,0.0,0.0,-0.27179328652615403,0.0,0.0,0.0,0.0,0.0,0.0,-0.9409170020310076,0.24963280918763164,-0.24372825168847245,-0.9732837180415053,0.20498624906251678,-0.13480434819472378,0.0,0.0,0.0
29.55000000000182,0.0,0.0,-0.2874451536160453,0.0,0.0,0.0,0.0,0.0,0.0,-0.9329477438487188,0.2517701497412488,-0.2578843511514535,-0.9683784794035005,0.20790616841089737,-0.14893780763049774,0.0,0.0,0.0
29.56000000000182,0.0,0.0,-0.3028559573858228,0.0,0.0,0.0,0.0,0.0,0.0,-0.9245028492446856,0.25379163131857996,-0.2719738610927769,-0.962959538840392,0.2107219711081562,-0.16322247439301577,0.0,0.0,0.0
29.570000000001823,0.0,0.0,-0.31805041440101556,0.0,0.0,0.0,0.0,0.0,0.0,-0.915591598519133,0.2556965934169406,-0.2859931943229712,-0.9570344047458249,0.21343064004714868,-0.1776320541977891,0.0,0.0,0.0
29.580000000001824,0.0,0.0,-0.3330105632021185,0.0,0.0,0.0,0.0,0.0,0.0,-0.9062235773633271,0.25748442994792264,-0.29993878177957956,-0.950611225210346,0.21601485766045367,-0.1921395359062375,0.0,0.0,0.0
29.590000000001826,0.0,0.0,-0.347677295055269,0.0,0.0,0.0,0.0,0.0,0.0,-0.8964086672317857,0.2591545894138547,-0.3138070734353554,-0.9436976928352921,0.21845878102268695,-0.2067276823413309,0.0,0.0,0.0
29.600000000001828,0.0,0.0,-0.3620340944471,0.0,0.0,0.0,0.0,0.0,0.0,-0.8861570354778088,0.2607065750584505,-0.32759453920137716,-0.9363034386304364,0.22079520881854178,-0.2213784460813032,0.0,0.0,0.0
29.61000000000183,0.0,0.0,-0.3760649123480916,0.0,0.0,0.0,0.0,0.0,0.0,-0.8754791252619487,0.26213994499160065,-0.34129766982517795,-0.9284393213237603,0.2230234500887352,-0.23606299614837845,0.0,0.0,0.0
29.62000000000183,0.0,0.0,-0.38975386405500556,0.0,0.0,0.0,0.0,0.0,0.0,-0.8643856452433758,0.2634543122883115,-0.35491297778335973,-0.9201150432446088,0.22514120030102427,-0.2507643591638541,0.0,0.0,0.0
29.630000000001832,0.0,0.0,-0.40308525641799264,0.0,0.0,0.0,0.0,0.0,0.0,-0.852887559064144,0.2646493450617686,-0.368436998168741,-0.9113409047735922,0.2271467263003695,-0.2654654464988354,0.0,0.0,0.0
29.640000000001834,0.0,0.0,-0.4160436170900253,0.0,0.0,0.0,0.0,0.0,0.0,-0.8409960746366238,0.265724766510526,-0.3818662895715145,-0.9021275120971736,0.2290385529310635,-0.2801506882055312,0.0,0.0,0.0
29.650000000001835,0.0,0.0,-0.42861372194765035,0.0,0.0,0.0,0.0,0.0,0.0,-0.8287226332445885,0.2666803549398806,-0.39519743495451265,-0.8924857672643407,0.23081546337851122,-0.294805694774145,0.0,0.0,0.0
29.660000000001837,0.0,0.0,-0.44078062098524784,0.0,0.0,0.0,0.0,0.0,0.0,-0.8160788984683813,0.2675159437574064,-0.40842704252206063,-0.8824268259619154,0.23247645983552973,-0.3094172195331278,0.0,0.0,0.0
29.67000000000184,0.0,0.0,-0.4525296627998677,0.0,0.0,0.0,0.0,0.0,0.0,-0.8030767449451237,0.26823142144274237,-0.4215517465824705,-0.8719620692019178,0.23402073615165625,-0.3239730746065969,0.0,0.0,0.0
29.68000000000184,0.0,0.0,-0.46384651780434827,0.0,0.0,0.0,0.0,0.0,0.0,-0.789728246974688,0.2688267314916568,-0.4345682084036566,-0.8611030797568845,0.23544765393013045,-0.3384620551495028,0.0,0.0,0.0
29.69000000000184,0.0,0.0,-0.47471687404391183,0.0,0.0,0.0,0.0,0.0,0.0,-0.7760456669825173,0.2693018723344871,-0.4474731170619821,-0.8498616231708888,0.23675672259609065,-0.35287386427958706,0.0,0.0,0.0
29.700000000001843,0.0,0.0,-0.48512715626012093,0.0,0.0,0.0,0.0,0.0,0.0,-0.762041443850414,0.2696568972289981,-0.4602631902838188,-0.8382408522296547,0.23794062610875735,-0.3672653194076362,0.0,0.0,0.0
29.710000000001845,0.0,0.0,-0.49506449374763534,0.0,0.0,0.0,0.0,0.0,0.0,-0.7477281811265868,0.2698919141277867,-0.4729351752798784,-0.8262740620637036,0.2390155996051521,-0.3814753210843129,0.0,0.0,0.0
29.720000000001846,0.0,0.0,-0.5045160542679681,0.0,0.0,0.0,0.0,0.0,0.0,-0.7331186351262222,0.27000708552032715,-0.4854858495718174,-0.8139586518975821,0.23997031043167874,-0.3955971442348652,0.0,0.0,0.0
29.730000000001848,0.0,0.0,-0.513469423398487,0.0,0.0,0.0,0.0,0.0,0.0,-0.7182257029341208,0.27000262824974985,-0.49791202181120603,-0.801309371861908,0.24080645197342793,-0.4096065860149675,0.0,0.0,0.0
29.74000000000185,0.0,0.0,-0.5219126267248354,0.0,0.0,0.0,0.0,0.0,0.0,-0.7030624103208516,0.2698788133045328,-0.5102105325903822,-0.7883383966727682,0.2415238179287927,-0.42349961806254777,0.0,0.0,0.0
29.75000000000185,0.0,0.0,-0.5298341463755053,0.0,0.0,0.0,0.0,0.0,0.0,-0.687641899584027,0.2696359655851802,-0.5223782552452304,-0.7750584554604782,0.24212259923730023,-0.4372694355165512,0.0,0.0,0.0
29.760000000001853,0.0,0.0,-0.5372229369492827,0.0,0.0,0.0,0.0,0.0,0.0,-0.671977417326336,0.2692744636461153,-0.5344120966494124,-0.761482293985165,0.2426030062836287,-0.4509102802315423,0.0,0.0,0.0
29.770000000001854,0.0,0.0,-0.5440684406148526,0.0,0.0,0.0,0.0,0.0,0.0,-0.6560823021820452,0.26879473941288223,-0.5463089980001403,-0.7476227600784888,0.24296532439772375,-0.46441673359997315,0.0,0.0,0.0
29.780000000001856,0.0,0.0,-0.5503606014024057,0.0,0.0,0.0,0.0,0.0,0.0,-0.6399699725036148,0.26819727787486913,-0.5580659355950274,-0.7334927817271008,0.2432098998495242,-0.4777837868276925,0.0,0.0,0.0
29.790000000001857,0.0,0.0,-0.5560898786792964,0.0,0.0,0.0,0.0,0.0,0.0,-0.6236539140202666,0.26748261675374685,-0.5696799216000492,-0.7191053625473819,0.24333713788104022,-0.49100678192807745,0.0,0.0,0.0
29.80000000000186,0.0,0.0,-0.5612472598079322,0.0,0.0,0.0,0.0,0.0,0.0,-0.6071476674801777,0.2666513461477835,-0.581148004808204,-0.7044735732059472,0.2433474993624119,-0.5040813793072402,0.0,0.0,0.0
29.81000000000186,0.0,0.0,-0.5658242719890111,0.0,0.0,0.0,0.0,0.0,0.0,-0.5904648162880766,0.2657041081522935,-0.5924672713888487,-0.6896105425612941,0.24324149820302393,-0.5170035246914956,0.0,0.0,0.0
29.820000000001862,0.0,0.0,-0.5698129932986885,0.0,0.0,0.0,0.0,0.0,0.0,-0.5736189741499964,0.26464159645638863,-0.6036348456274391,-0.6745294479452592,0.24301969910791402,-0.5297694199173089,0.0,0.0,0.0
29.830000000001863,0.0,0.0,-0.5732060629337496,0.0,0.0,0.0,0.0,0.0,0.0,-0.5566237727368499,0.26346455591631146,-0.614647890655545,-0.6592435047826841,0.2426827156984765,-0.5423754965394979,0.0,0.0,0.0
29.840000000001865,0.0,0.0,-0.575996690683625,0.0,0.0,0.0,0.0,0.0,0.0,-0.5394928493785403,0.262173782105556,-0.625503609170834,-0.6437659556223803,0.24223120895042177,-0.5548183921890768,0.0,0.0,0.0
29.850000000001867,0.0,0.0,-0.5781786656518227,0.0,0.0,0.0,0.0,0.0,0.0,-0.5222398348002575,0.26077012084205736,-0.6361992441469823,-0.6281100586805897,0.24166588591585025,-0.5670949294404106,0.0,0.0,0.0
29.860000000001868,0.0,0.0,-0.5797463642518974,0.0,0.0,0.0,0.0,0.0,0.0,-0.5048783409124828,0.2592544676926815,-0.6467320795332573,-0.6122890759934025,0.24098749869535382,-0.579202096983261,0.0,0.0,0.0
29.87000000000187,0.0,0.0,-0.5806947575042414,0.0,0.0,0.0,0.0,0.0,0.0,-0.4874219486662388,0.2576277674553302,-0.6570994409436426,-0.5963162612710036,0.24019684362669647,-0.5911370328973564,0.0,0.0,0.0
29.88000000000187,0.0,0.0,-0.5810194176599869,0.0,0.0,0.0,0.0,0.0,0.0,-0.46988419598506037,0.25589101361890815,-0.6672986963352274,-0.5802048475392155,0.23929476065706468,-0.6028970098376157,0.0,0.0,0.0
29.890000000001873,0.0,0.0,-0.580716524177028,0.0,0.0,0.0,0.0,0.0,0.0,-0.4522785657848565,0.25404524780145793,-0.6773272566758104,-0.563968034644792,0.23828213286655564,-0.6144794219487071,0.0,0.0,0.0
29.900000000001874,0.0,0.0,-0.5797828690710634,0.0,0.0,0.0,0.0,0.0,0.0,-0.4346184740931447,0.25209155916678627,-0.6871825766004876,-0.5476189766908606,0.2371598861114431,-0.6258817733393917,0.0,0.0,0.0
29.910000000001876,0.0,0.0,-0.5782158616614861,0.0,0.0,0.0,0.0,0.0,0.0,-0.41691725827857185,0.25003108381987216,-0.6968621550570948,-0.5311707694588894,0.23592898875753626,-0.637101667959076,0.0,0.0,0.0
29.920000000001878,0.0,0.0,-0.5760135327285042,0.0,0.0,0.0,0.0,0.0,0.0,-0.39918816540182345,0.2478650041813763,-0.7063635359402521,-0.5146364378638634,0.23459045147558955,-0.6481368007311171,0.0,0.0,0.0
29.93000000000188,0.0,0.0,-0.5731745380938945,0.0,0.0,0.0,0.0,0.0,0.0,-0.3814443406987835,0.24559454834162373,-0.7156843087139554,-0.4980289234807117,0.23314532707329633,-0.6589849498095472,0.0,0.0,0.0
29.94000000000188,0.0,0.0,-0.5696981616336539,0.0,0.0,0.0,0.0,0.0,0.0,-0.36369881620661926,0.243220989394357,-0.7248221090225099,-0.4813610721724921,0.231594710340889,-0.6696439698373823,0.0,0.0,0.0
29.950000000001882,0.0,0.0,-0.5655843177267856,0.0,0.0,0.0,0.0,0.0,0.0,-0.34596449954340613,0.24074564475062613,-0.7337746192896745,-0.4646456218446227,0.2299397378900764,-0.6801117860958885,0.0,0.0,0.0
29.960000000001884,0.0,0.0,-0.5608335531404175,0.0,0.0,0.0,0.0,0.0,0.0,-0.32825416285171216,0.2381698754332089,-0.7425395693057916,-0.44789519034455194,0.22818158796911805,-0.6903863894447791,0.0,0.0,0.0
29.970000000001885,0.0,0.0,-0.5554470483476737,0.0,0.0,0.0,0.0,0.0,0.0,-0.3105804319163168,0.235495085351862,-0.7511147368028457,-0.43112226352259275,0.2263214802395716,-0.7004658319630833,0.0,0.0,0.0
29.980000000001887,0.0,0.0,-0.5494266182714704,0.0,0.0,0.0,0.0,0.0,0.0,-0.2929557754661525,0.23272272055986518,-0.7594979480172818,-0.4143391834670751,0.2243606755029354,-0.71034822320969,0.0,0.0,0.0
29.99000000000189,0.0,0.0,-0.542774712444353,0.0,0.0,0.0,0.0,0.0,0.0,-0.2753924946703423,0.22985426849216964,-0.7676870782403933,-0.39755813692537484,0.22230047536828726,-0.7200317270311262,0.0,0.0,0.0
30.00000000000189,0.0,0.0,-0.5354944145719563,0.0,0.0,0.0,0.0,0.0,0.0,-0.2579027128378959,0.22689125718558306,-0.7756800523561972,-0.380791143921578,0.22014222185416113,-0.7295145588516841,0.0,0.0,0.0
30.01000000000189,0.0,0.0,-0.5275894414859621,0.0,0.0,0.0,0.0,0.0,0.0,-0.020590710992083316,0.23501114334469497,-1.8717936751808386,-0.36405004658129486,0.21788729692033673,-0.7387949833883422,0.0,0.0,0.0
30.020000000001893,0.0,0.0,-0.5190641414706121,0.0,0.0,0.0,0.0,0.0,0.0,-0.003464309777622576,0.23752786208848045,-1.877309516147172,-0.3473464981744436,0.21553712192705238,-0.7478713127391847,0.0,0.0,0.0
30.030000000001895,0.0,0.0,-0.5099118275363546,0.0,0.0,0.0,0.0,0.0,0.0,0.01760764033864981,0.24086976913353558,-1.9065171630696662,-0.3002357122981284,0.21501265979041476,-0.9434462151103296,0.0,0.0,0.0
30.040000000001896,0.0,0.0,-0.5001291154174065,0.0,0.0,0.0,0.0,0.0,0.0,0.037600538263416805,0.24398519341659222,-1.9289783191320664,-0.26270413747819343,0.21395475695476815,-1.0791033615375905,0.0,0.0,0.0
30.050000000001898,0.0,0.0,-0.4897247158584958,0.0,0.0,0.0,0.0,0.0,0.0,0.057403370338842574,0.24707224032669717,-1.9504702757717234,-0.2271226197398273,0.21362337202569426,-1.2085737042150644,0.0,0.0,0.0
30.0600000000019,0.0,0.0,-0.4787081343595821,0.0,0.0,0.0,0.0,0.0,0.0,0.07673273008614245,0.25005312583217754,-1.9696586364608977,-0.19427415931632686,0.21368713119713142,-1.3219134688746403,0.0,0.0,0.0
30.0700000000019,0.0,0.0,-0.46709124219599824,0.0,0.0,0.0,0.0,0.0,0.0,0.0956061332202649,0.2529237296648732,-1.9868632662971535,-0.16346333086914774,0.21417110074670379,-1.4228075545727412,0.0,0.0,0.0
30.080000000001903,0.0,0.0,-0.45488685097474074,0.0,0.0,0.0,0.0,0.0,0.0,0.11400754388840562,0.2556696234387067,-2.0021345654009037,-0.13445592994804834,0.21501122964149488,-1.5119586639343396,0.0,0.0,0.0
30.090000000001904,0.0,0.0,-0.4421083896934006,0.0,0.0,0.0,0.0,0.0,0.0,0.13194791749492718,0.2582852157365826,-2.0156311836114877,-0.10702068511174345,0.21616262519711443,-1.5906571935054432,0.0,0.0,0.0
30.100000000001906,0.0,0.0,-0.42876961009661235,0.0,0.0,0.0,0.0,0.0,0.0,0.1494418610678261,0.26076798395627665,-2.0275058310688685,-0.08099284803523758,0.21757578740102887,-1.6599610298260745,0.0,0.0,0.0
30.110000000001907,0.0,0.0,-0.4148843823509867,0.0,0.0,0.0,0.0,0.0,0.0,0.1665071194891663,0.2631187838446779,-2.0379139929701133,-0.056237159127183675,0.2192043117348056,-1.7208788816868694,0.0,0.0,0.0
30.12000000000191,0.0,0.0,-0.40046655877155385,0.0,0.0,0.0,0.0,0.0,0.0,0.1831612648309655,0.26534074632198046,-2.0470022765372757,-0.0326420041619265,0.22100442233102688,-1.7743272998107706,0.0,0.0,0.0
30.13000000000191,0.0,0.0,-0.38554279764965266,0.0,0.0,0.0,0.0,0.0,0.0,0.1996510011311312,0.2674382491142395,-2.0548639854996122,0.019892987549256686,0.22293608004837284,-1.821142045847582,0.0,0.0,0.0
30.140000000001912,0.0,0.0,-0.3701219059713925,0.0,0.0,0.0,0.0,0.0,0.0,0.2159346820632575,0.26942129250554314,-2.061678674476582,0.03802946373427079,0.224963436410084,-1.862100858486268,0.0,0.0,0.0
30.150000000001913,0.0,0.0,-0.35420184683079836,0.0,0.0,0.0,0.0,0.0,0.0,0.2317450537531882,0.27129564540929674,-2.0675896488242547,0.05633995550673058,0.22705063117993246,-1.8978135003310463,0.0,0.0,0.0
30.160000000001915,0.0,0.0,-0.3377984617682376,0.0,0.0,0.0,0.0,0.0,0.0,0.2471192156500468,0.27306325272756415,-2.0726350936080693,0.07492989893605882,0.2291719991554796,-1.9288717136052584,0.0,0.0,0.0
30.170000000001917,0.0,0.0,-0.3209269683765241,0.0,0.0,0.0,0.0,0.0,0.0,0.2620991649758013,0.27473282073649363,-2.0769165851099816,0.09367656768489359,0.23130979325482187,-1.9559300015383414,0.0,0.0,0.0
30.180000000001918,0.0,0.0,-0.30360191477144644,0.0,0.0,0.0,0.0,0.0,0.0,0.276713137084438,0.2763112875606809,-2.08050811694999,0.1124606073772069,0.23344165675396666,-1.979427698779366,0.0,0.0,0.0
30.19000000000192,0.0,0.0,-0.2858374067272705,0.0,0.0,0.0,0.0,0.0,0.0,0.29098204726095545,0.27780565384013145,-2.083478596967323,0.13118580040643257,0.23555100977598037,-1.9997887444003801,0.0,0.0,0.0
30.20000000000192,0.0,0.0,-0.26764728961731504,0.0,0.0,0.0,0.0,0.0,0.0,0.30492032984484063,0.2792223651224537,-2.085887526001007,0.1497716925820925,0.23762410592226868,-2.0173806963563004,0.0,0.0,0.0
30.210000000001923,0.0,0.0,-0.2490453025772613,0.0,0.0,0.0,0.0,0.0,0.0,0.3185376249932863,0.28056737177123314,-2.0877871399944006,0.16815239269755836,0.23965031377374668,-2.0325304442600496,0.0,0.0,0.0
30.220000000001924,0.0,0.0,-0.2300452062647613,0.0,0.0,0.0,0.0,0.0,0.0,0.33183983454900345,0.2818460596348693,-2.0892229094383543,0.1862742043380613,0.24162157401196901,-2.045525879079124,0.0,0.0,0.0
30.230000000001926,0.0,0.0,-0.21066088911017938,0.0,0.0,0.0,0.0,0.0,0.0,0.34483000736713443,0.283063246387522,-2.0902343568081436,0.20409387407886598,0.24353207953118247,-2.0566206412642174,0.0,0.0,0.0
30.240000000001928,0.0,0.0,-0.19090645498298783,0.0,0.0,0.0,0.0,0.0,0.0,0.3575090203189335,0.2842231861845279,-2.090855714052628,0.22157696651792635,0.2453779234147013,-2.066037726476745,0.0,0.0,0.0
30.25000000000193,0.0,0.0,-0.17079629464585833,0.0,0.0,0.0,0.0,0.0,0.0,0.36987612287343485,0.28532959071804975,-2.0911165398286053,0.23869645364903336,0.24715678662002866,-2.073972954008838,0.0,0.0,0.0
30.26000000000193,0.0,0.0,-0.15034514279307182,0.0,0.0,0.0,0.0,0.0,0.0,0.38192937243597225,0.2863856593859222,-2.0910422722558164,0.25543147155008905,0.2488676512487246,-2.0805980525628214,0.0,0.0,0.0
30.270000000001932,0.0,0.0,-0.12956812215104732,0.0,0.0,0.0,0.0,0.0,0.0,0.393665985708489,0.28739411619985433,-2.0906547285794392,0.2717662368918191,0.2505105449214215,-2.086063438955936,0.0,0.0,0.0
30.280000000001934,0.0,0.0,-0.10848077592189168,0.0,0.0,0.0,0.0,0.0,0.0,0.4050826231823663,0.2883572506708296,-2.089972554374502,0.28768910918239027,0.25208631517060953,-2.090500696730512,0.0,0.0,0.0
30.290000000001935,0.0,0.0,-0.08709908973985817,0.0,0.0,0.0,0.0,0.0,0.0,0.41617561977749284,0.289276960724663,-2.0890116267613354,0.303191787685265,0.25359643324811343,-2.0940247834794383,0.0,0.0,0.0
30.300000000001937,0.0,0.0,-0.06543950424149697,0.0,0.0,0.0,0.0,0.0,0.0,0.42694117138969445,0.2901547960926323,-2.0877854152874864,0.31826863150490503,0.25504282577282206,-2.0967359921501356,0.0,0.0,0.0
30.31000000000194,0.0,0.0,-0.04351891930153931,0.0,0.0,0.0,0.0,0.0,0.0,0.4373754849489764,0.29099200101929523,-2.086305303981975,0.3329160912943854,0.2564277323126307,-2.098721692056985,0.0,0.0,0.0
30.32000000000194,0.0,0.0,-0.021354690940394213,0.0,0.0,0.0,0.0,0.0,0.0,0.4474748980547989,0.29178955543789376,-2.0845808778223303,0.34713224084054906,0.2577535867151908,-2.100057873482766,0.0,0.0,0.0
30.33000000000194,0.0,0.0,0.0010353781406987998,0.0,0.0,0.0,0.0,0.0,0.0,0.4572359731625031,0.2925482140194555,-2.0826201766652677,0.36091639679838405,0.2590229198773683,-2.100810517748217,0.0,0.0,0.0
30.340000000001943,0.0,0.0,0.023633053497410995,0.0,0.0,0.0,0.0,0.0,0.0,0.4666555704850439,0.29326854270619873,-2.080429919520641,0.3742688150919349,0.26023828160920803,-2.1010368123745637,0.0,0.0,0.0
30.350000000001945,0.0,0.0,0.046419688517655947,0.0,0.0,0.0,0.0,0.0,0.0,0.475730903147094,0.29395095250206227,-2.0780157018956826,0.38719045299216404,0.26140217929031073,-2.100786228760404,0.0,0.0,0.0
30.360000000001946,0.0,0.0,0.0693762478675453,0.0,0.0,0.0,0.0,0.0,0.0,0.484459577618896,0.29459573041933607,-2.075382168789975,0.39968278658684153,0.2625170311121439,-2.1001014777351763,0.0,0.0,0.0
30.370000000001948,0.0,0.0,0.09248333411262832,0.0,0.0,0.0,0.0,0.0,0.0,0.49283962202481346,0.29520306757602066,-2.072533165775181,0.41174767422236763,0.2635851318342125,-2.0990193565014503,0.0,0.0,0.0
30.38000000000195,0.0,0.0,0.1157212168906701,0.0,0.0,0.0,0.0,0.0,0.0,0.5008695045440736,0.29577308450925766,-2.069471870443662,0.4233872574637438,0.264608629141181,-2.097571498854444,0.0,0.0,0.0
30.39000000000195,0.0,0.0,0.1390698640810339,0.0,0.0,0.0,0.0,0.0,0.0,0.5085481437854147,0.29630585382039887,-2.0662009063558173,0.4346038921310833,0.26558950886147564,-2.0957850391628994,0.0,0.0,0.0
30.400000000001953,0.0,0.0,0.16250897448194773,0.0,0.0,0.0,0.0,0.0,0.0,0.5158749127178452,0.2968014203011615,-2.062722441458008,0.4454001029809278,0.26652958748704725,-2.093683199391381,0.0,0.0,0.0
30.410000000001954,0.0,0.0,0.1860180115669553,0.0,0.0,0.0,0.0,0.0,0.0,0.5228496374723792,0.2972598187116,-2.0590382727835754,0.4557785565702479,0.26743051061204204,-2.091285807412296,0.0,0.0,0.0
30.420000000001956,0.0,0.0,0.20957623794709876,0.0,0.0,0.0,0.0,0.0,0.0,0.5294725920929557,0.29768108939230453,-2.0551498990906665,0.46574204774296357,0.26829375608026373,-2.088609753970153,0.0,0.0,0.0
30.430000000001957,0.0,0.0,0.2331627502144922,0.0,0.0,0.0,0.0,0.0,0.0,0.535744490107251,0.29806529189778885,-2.0510585829355312,0.4752934959956846,0.26912064079378767,-2.0856693948942193,0.0,0.0,0.0
30.44000000000196,0.0,0.0,0.2567565138860917,0.0,0.0,0.0,0.0,0.0,0.0,0.5416664736072359,0.29841251683786973,-2.0467654035301854,0.4844359487020424,0.26991233028568506,-2.0824769044867817,0.0,0.0,0.0
30.45000000000196,0.0,0.0,0.2803363982043904,0.0,0.0,0.0,0.0,0.0,0.0,0.5472401003734648,0.2987228961104482,-2.0422713015914353,0.49317258880121834,0.27066985029723767,-2.0790425854244377,0.0,0.0,0.0
30.460000000001962,0.0,0.0,0.30388121058457374,0.0,0.0,0.0,0.0,0.0,0.0,0.5524673294431799,0.29899661170383185,-2.03757711725485,0.5015067450885649,0.27139409972346956,-2.075375139984015,0.0,0.0,0.0
30.470000000001964,0.0,0.0,0.3273697305255377,0.0,0.0,0.0,0.0,0.0,0.0,0.5573505054073431,0.2992339032408333,-2.0326836220039755,0.5094419036909689,0.27208586440056454,-2.07148190693246,0.0,0.0,0.0
30.480000000001965,0.0,0.0,0.35078074282624644,0.0,0.0,0.0,0.0,0.0,0.0,0.5618923416232655,0.2994350744303471,-2.0275915454519513,0.5169817196745612,0.27274583130539654,-2.067369067992164,0.0,0.0,0.0
30.490000000001967,0.0,0.0,0.374093069968871,0.0,0.0,0.0,0.0,0.0,0.0,0.5660959024449488,0.2996004985850451,-2.0223015977098138,0.5241300280269895,0.27337460282155673,-2.063041827403829,0.0,0.0,0.0
30.500000000001968,0.0,0.0,0.3972856035470219,0.0,0.0,0.0,0.0,0.0,0.0,0.5699645845039913,0.2997306233520902,-2.0168144879835204,0.5308908534895309,0.27397271079971347,-2.0585045677535865,0.0,0.0,0.0
30.51000000000197,0.0,0.0,0.4203373346311915,0.0,0.0,0.0,0.0,0.0,0.0,0.5735020970424376,0.29982597476590556,-2.0111309399590165,0.5372684188931256,0.27454063020527986,-2.0537609849061105,0.0,0.0,0.0
30.52000000000197,0.0,0.0,0.4432273829765049,0.0,0.0,0.0,0.0,0.0,0.0,0.5767124598233511,0.29988714409188777,-2.0052517044795795,0.5432671517749722,0.275078792212607,-2.048814204588469,0.0,0.0,0.0
30.530000000001973,0.0,0.0,0.4659350252669431,0.0,0.0,0.0,0.0,0.0,0.0,0.5796000574737941,0.2999147248404732,-1.9991775699978955,0.548891681446761,0.27558760270899646,-2.0436668828913107,0.0,0.0,0.0
30.540000000001974,0.0,0.0,0.4884397234756376,0.0,0.0,0.0,0.0,0.0,0.0,0.5821696787943758,0.2999092669096841,-1.9929093710897692,0.554146806495034,0.2760674810033804,-2.0383212926926113,0.0,0.0,0.0
30.550000000001976,0.0,0.0,0.510721154024354,0.0,0.0,0.0,0.0,0.0,0.0,0.5844264939734469,0.2998712870586102,-1.9864479950895908,0.5590374669238791,0.2765188906460972,-2.0327793979188225,0.0,0.0,0.0
30.560000000001978,0.0,0.0,0.5327588988175759,0.0,0.0,0.0,0.0,0.0,0.0,0.5863726635794262,0.29980128504693004,-1.9797951487790462,0.5635687761668561,0.276942321316766,-2.0270429174336586,0.0,0.0,0.0
30.57000000000198,0.0,0.0,0.5545330931648383,0.0,0.0,0.0,0.0,0.0,0.0,0.5880136859992187,0.29969954919342934,-1.97295106189538,0.567747459571724,0.2773382702232871,-2.0211129677490765,0.0,0.0,0.0
30.58000000000198,0.0,0.0,0.5760245424404054,0.0,0.0,0.0,0.0,0.0,0.0,0.5893589095323943,0.29956663746695567,-1.9659161595432795,0.5715800201937116,0.2777074663496638,-2.0149920577092524,0.0,0.0,0.0
30.590000000001982,0.0,0.0,0.5972140605599953,0.0,0.0,0.0,0.0,0.0,0.0,0.5904148980136665,0.2994033332579047,-1.9586923676416383,0.5750685958005284,0.2780502919380036,-2.0086819654180768,0.0,0.0,0.0
30.600000000001984,0.0,0.0,0.6180827976297405,0.0,0.0,0.0,0.0,0.0,0.0,0.5911881845663718,0.29921019481819755,-1.9512807129281295,0.5782191146320455,0.27836691002037633,-2.0021822357444563,0.0,0.0,0.0
30.610000000001985,0.0,0.0,0.6386122691121511,0.0,0.0,0.0,0.0,0.0,0.0,0.5916855372978533,0.29898791032543715,-1.943682513845164,0.581038113353921,0.27865782825922203,-1.9954944356440756,0.0,0.0,0.0
30.620000000001987,0.0,0.0,0.6587843743399072,0.0,0.0,0.0,0.0,0.0,0.0,0.5919138604744283,0.2987372329058977,-1.935899103988611,0.5835322747109082,0.2789234443864542,-1.988619628203293,0.0,0.0,0.0
30.63000000000199,0.0,0.0,0.6785814136877601,0.0,0.0,0.0,0.0,0.0,0.0,0.5918801748603568,0.29845901011994913,-1.927931898538617,0.5857085259857254,0.2791641555654051,-1.981558983120729,0.0,0.0,0.0
30.64000000000199,0.0,0.0,0.6979861075638263,0.0,0.0,0.0,0.0,0.0,0.0,0.591591609090024,0.2981541871613578,-1.9197823720154836,0.5875740077940472,0.27938033981942156,-1.974313651724106,0.0,0.0,0.0
30.65000000000199,0.0,0.0,0.7169816346320643,0.0,0.0,0.0,0.0,0.0,0.0,0.5910555470280752,0.2978238151149739,-1.9114520287246473,0.5891360556445837,0.2795723712287335,-1.9668848174905995,0.0,0.0,0.0
30.660000000001993,0.0,0.0,0.7355516708400779,0.0,0.0,0.0,0.0,0.0,0.0,0.5902797767671244,0.2974690652142109,-1.9029424049934507,0.5904021001189825,0.2797406266441676,-1.9592737110164713,0.0,0.0,0.0
30.670000000001995,0.0,0.0,0.7536804075728686,0.0,0.0,0.0,0.0,0.0,0.0,0.5892724888673233,0.29709123757901734,-1.8942550995988154,0.5913795490292542,0.2798854841318769,-1.95148158144193,0.0,0.0,0.0
30.680000000001996,0.0,0.0,0.7713525636744594,0.0,0.0,0.0,0.0,0.0,0.0,0.5880422413855035,0.29669175551862637,-1.8853917737441432,0.5920758300750882,0.280007327426704,-1.9435096507409295,0.0,0.0,0.0
30.690000000001998,0.0,0.0,0.7885533945741396,0.0,0.0,0.0,0.0,0.0,0.0,0.5865979231860035,0.2962721576632936,-1.876354153309213,0.5924984582087514,0.280106565107975,-1.9353591366364988,0.0,0.0,0.0
30.700000000002,0.0,0.0,0.8052684545693507,0.0,0.0,0.0,0.0,0.0,0.0,0.5849534921104282,0.2958410725065326,-1.8671666940873117,0.5926550882682207,0.28018364755491393,-1.9270312682039403,0.0,0.0,0.0
30.710000000002,0.0,0.0,0.8214840924003025,0.0,0.0,0.0,0.0,0.0,0.0,0.5831075845164815,0.295384606520539,-1.8577829200392277,0.5925472787876757,0.2802312364962093,-1.9184909318663212,0.0,0.0,0.0
30.720000000002003,0.0,0.0,0.8371874376500608,0.0,0.0,0.0,0.0,0.0,0.0,0.581077157432369,0.2949150973222525,-1.8482361319622367,0.5921986342535741,0.28026912549778216,-1.9098291396679838,0.0,0.0,0.0
30.730000000002004,0.0,0.0,0.8523659221000032,0.0,0.0,0.0,0.0,0.0,0.0,0.5788703866047893,0.2944320152474651,-1.8385210279451791,0.5916058426878487,0.2802838449032464,-1.9009806789612278,0.0,0.0,0.0
30.740000000002006,0.0,0.0,0.8670075428790557,0.0,0.0,0.0,0.0,0.0,0.0,0.5764976054361175,0.29393787089782153,-1.8286414006914797,0.5907800572563108,0.2802794077310772,-1.891962522508077,0.0,0.0,0.0
30.750000000002007,0.0,0.0,0.8811008352630791,0.0,0.0,0.0,0.0,0.0,0.0,0.5739687562939253,0.2934344945336633,-1.8185989795980757,0.5897294262040738,0.2802558844555193,-1.8827725717313037,0.0,0.0,0.0
30.76000000000201,0.0,0.0,0.8946348747987198,0.0,0.0,0.0,0.0,0.0,0.0,0.5712939425360417,0.2929239053495243,-1.8083960604542009,0.5884630949728651,0.28021440841133305,-1.8734133064672618,0.0,0.0,0.0
30.77000000000201,0.0,0.0,0.9075992712706002,0.0,0.0,0.0,0.0,0.0,0.0,0.568483254225556,0.29240808746625024,-1.7980348849986998,0.5869902507753061,0.28015598286522686,-1.8638862225793646,0.0,0.0,0.0
30.780000000002012,0.0,0.0,0.9199841646489402,0.0,0.0,0.0,0.0,0.0,0.0,0.565546770023585,0.2918890271003036,-1.7875177845947068,0.585320326175304,0.2800817626172213,-1.8541931481255483,0.0,0.0,0.0
30.790000000002014,0.0,0.0,0.9317802203896428,0.0,0.0,0.0,0.0,0.0,0.0,0.5624945208217238,0.29136868921992765,-1.7768471446661969,0.5834629233111337,0.2799929821940027,-1.8443359399118688,0.0,0.0,0.0
30.800000000002015,0.0,0.0,0.9429786246901467,0.0,0.0,0.0,0.0,0.0,0.0,0.5593364639103493,0.2908490099119523,-1.766025411187208,0.5814277993134471,0.27989096547429126,-1.8343165575833589,0.0,0.0,0.0
30.810000000002017,0.0,0.0,0.9535710800989301,0.0,0.0,0.0,0.0,0.0,0.0,0.5560824582463897,0.2903318864028024,-1.7550550866932768,0.5792248362935534,0.27977711424714347,-1.824137047493327,0.0,0.0,0.0
30.82000000000202,0.0,0.0,0.9635498016422352,0.0,0.0,0.0,0.0,0.0,0.0,0.5527422436191678,0.2898191692240264,-1.7439387285997634,0.5768640128685152,0.2796529004344304,-1.81379954701701,0.0,0.0,0.0
30.83000000000202,0.0,0.0,0.9729075135497873,0.0,0.0,0.0,0.0,0.0,0.0,0.5493254229689242,0.28931265544176377,-1.7326789468854544,0.5743553736577434,0.2795198562489379,-1.80330628259591,0.0,0.0,0.0
30.84000000000202,0.0,0.0,0.9816374466301591,0.0,0.0,0.0,0.0,0.0,0.0,0.5458414478452016,0.28881408315072576,-1.721278401881595,0.571708998618888,0.2793795640171618,-1.7926595679822044,0.0,0.0,0.0
30.850000000002023,0.0,0.0,0.9897333363066169,0.0,0.0,0.0,0.0,0.0,0.0,0.5422996067316803,0.28832512710300007,-1.7097398020393464,0.5689349727008586,0.27923364560623654,-1.7818618013817213,0.0,0.0,0.0
30.860000000002024,0.0,0.0,0.9971894212934849,0.0,0.0,0.0,0.0,0.0,0.0,0.5387090159570858,0.28784739539953774,-1.6980659017430382,0.5660433564960278,0.2790837517847383,-1.770915462007542,0.0,0.0,0.0
30.870000000002026,0.0,0.0,1.0040004428676579,0.0,0.0,0.0,0.0,0.0,0.0,0.5350786128699316,0.28738242714600126,-1.6862594991830298,0.5630441583957058,0.2789315517183251,-1.759823106127129,0.0,0.0,0.0
30.880000000002028,0.0,0.0,1.0101616446710366,0.0,0.0,0.0,0.0,0.0,0.0,0.5314171509433014,0.28693169097452564,-1.6743234343065905,0.5599473086572985,0.2787787227913131,-1.7485873627737099,0.0,0.0,0.0
30.89000000000203,0.0,0.0,1.015668772966487,0.0,0.0,0.0,0.0,0.0,0.0,0.5277331964755732,0.2864965843320615,-1.66226058685689,0.5567626356765655,0.27862694090649814,-1.7372109292548614,0.0,0.0,0.0
30.90000000000203,0.0,0.0,1.0205180772620017,0.0,0.0,0.0,0.0,0.0,0.0,0.5240351265657777,0.2860784334394899,-1.6500738745057788,0.5534998446540202,0.2784778713838983,-1.7256965665794612,0.0,0.0,0.0
30.910000000002032,0.0,0.0,1.0247063112141956,0.0,0.0,0.0,0.0,0.0,0.0,0.5203311280626972,0.28567849383126953,-1.6377662510818674,0.550168498748469,0.27833316054784546,-1.7140470949040922,0.0,0.0,0.0
30.920000000002034,0.0,0.0,1.0282307337224252,0.0,0.0,0.0,0.0,0.0,0.0,0.5166291972138985,0.2852979513928906,-1.6253407048920252,0.5467780027268601,0.27819442806367317,-1.7022653890814934,0.0,0.0,0.0
30.930000000002035,0.0,0.0,1.0310891101278037,0.0,0.0,0.0,0.0,0.0,0.0,0.512937139771088,0.28493792382177574,-1.6128002571318811,0.5433375890492399,0.27806326006001986,-1.6903543743751361,0.0,0.0,0.0
30.940000000002037,0.0,0.0,1.0332797134366711,0.0,0.0,0.0,0.0,0.0,0.0,0.5092625713403693,0.2845994624464665,-1.6001479603788569,0.5398563062708193,0.2779412030510226,-1.6783170223870285,0.0,0.0,0.0
30.95000000000204,0.0,0.0,1.0348013254947996,0.0,0.0,0.0,0.0,0.0,0.0,0.5056129177982001,0.284283554348177,-1.5873868971601506,0.536343009600052,0.27782975865453696,-1.6661563472304048,0.0,0.0,0.0
30.96000000000204,0.0,0.0,1.0356532380466235,0.0,0.0,0.0,0.0,0.0,0.0,0.5019954156253217,0.28399112473807486,-1.574520178587076,0.5328063534207501,0.27773037908768927,-1.653875401965461,0.0,0.0,0.0
30.97000000000204,0.0,0.0,1.0358352536221702,0.0,0.0,0.0,0.0,0.0,0.0,0.49841711204050276,0.2837230395527168,-1.561550943046911,0.5292547855667208,0.2776444634095017,-1.6414772753049842,0.0,0.0,0.0
30.980000000002043,0.0,0.0,1.0353476862032915,0.0,0.0,0.0,0.0,0.0,0.0,0.4948848648434976,0.28348010823862513,-1.5484823549430233,0.5256965431275211,0.27757335447175746,-1.6289650885871632,0.0,0.0,0.0
30.990000000002045,0.0,0.0,1.0341913616294642,0.0,0.0,0.0,0.0,0.0,0.0,0.49140534190140484,0.283263086705257,-1.5353176034745788,0.5221396495621714,0.2775183365333395,-1.6163419930054796,0.0,0.0,0.0
31.000000000002046,0.0,0.0,1.0323676177121597,0.0,0.0,0.0,0.0,0.0,0.0,0.4879850202349363,0.28307268043327793,-1.522059901447014,0.5185919129024076,0.2774806334895177,-1.6036111670797257,0.0,0.0,0.0
31.010000000002048,0.0,0.0,1.0298806439777801,0.0,0.0,0.0,0.0,0.0,0.0,0.48460312642917525,0.282849147370797,-1.5085601179330876,0.5150609248370849,0.27746140766609784,-1.590775814347964,0.0,0.0,0.0
31.02000000000205,0.0,0.0,1.026732209230636,0.0,0.0,0.0,0.0,0.0,0.0,0.48133495866599496,0.2827384244226163,-1.4951726961560754,0.5115898581173823,0.27752932185363954,-1.5780759457548452,0.0,0.0,0.0
31.03000000000205,0.0,0.0,1.0229225037199017,0.0,0.0,0.0,0.0,0.0,0.0,0.4781338382851519,0.28263709700711104,-1.4816589027331513,0.508089160455471,0.277508181716297,-1.5648904091934437,0.0,0.0,0.0
31.040000000002053,0.0,0.0,1.018455148043818,0.0,0.0,0.0,0.0,0.0,0.0,0.47501648059683865,0.2825680932117609,-1.468074962395068,0.5046447040394048,0.2775381279614299,-1.5517167581133267,0.0,0.0,0.0
31.050000000002054,0.0,0.0,1.0133341018108601,0.0,0.0,0.0,0.0,0.0,0.0,0.47198616410589755,0.28252683466952844,-1.4544119359777157,0.5012455504525776,0.2775890863183337,-1.5384461450652498,0.0,0.0,0.0
31.060000000002056,0.0,0.0,1.0075638630480286,0.0,0.0,0.0,0.0,0.0,0.0,0.4690489142545864,0.282514963218099,-1.4406756586117064,0.49790108877286865,0.2776681496599568,-1.5251038587230494,0.0,0.0,0.0
31.070000000002057,0.0,0.0,1.0011494087232267,0.0,0.0,0.0,0.0,0.0,0.0,0.46620985594124953,0.282532691382404,-1.4268687253803807,0.49461610335154427,0.27777399415578935,-1.5116855093539596,0.0,0.0,0.0
31.08000000000206,0.0,0.0,0.994096176612858,0.0,0.0,0.0,0.0,0.0,0.0,0.463474032101741,0.28258049027581045,-1.4129945419207044,0.4913963356358866,0.2779072086076334,-1.4981937993978391,0.0,0.0,0.0
31.09000000000206,0.0,0.0,0.9864100347796857,0.0,0.0,0.0,0.0,0.0,0.0,0.46084622103591455,0.2826586607526065,-1.3990564100549794,0.48824720541912214,0.27806797597736815,-1.4846302109528984,0.0,0.0,0.0
31.100000000002062,0.0,0.0,0.978097274445676,0.0,0.0,0.0,0.0,0.0,0.0,0.45833097468157225,0.2827674100561426,-1.3850577157200197,0.4851740682570973,0.27825661845904515,-1.4709968264972169,0.0,0.0,0.0
31.110000000002064,0.0,0.0,0.969164604728229,0.0,0.0,0.0,0.0,0.0,0.0,0.45593260897554955,0.2829068304396305,-1.3710018793277825,0.4821821369530047,0.27847347009312357,-1.4572958975626409,0.0,0.0,0.0
31.120000000002065,0.0,0.0,0.9596191478643722,0.0,0.0,0.0,0.0,0.0,0.0,0.4536552045983788,0.2830769023819788,-1.3568923609849235,0.4792764788945155,0.2787188855806442,-1.4435299017074323,0.0,0.0,0.0
31.130000000002067,0.0,0.0,0.9494684347963185,0.0,0.0,0.0,0.0,0.0,0.0,0.4515026049611339,0.28327749369147304,-1.3427326540370548,0.4764619998180487,0.2789932185940263,-1.4297014937717794,0.0,0.0,0.0
31.14000000000207,0.0,0.0,0.9387204012281996,0.0,0.0,0.0,0.0,0.0,0.0,0.4494784144597077,0.28350836103317567,-1.3285262816588461,0.47374343355481663,0.27929680844302623,-1.4158134855241913,0.0,0.0,0.0
31.15000000000207,0.0,0.0,0.9273833841874367,0.0,0.0,0.0,0.0,0.0,0.0,0.44758599642908004,0.2837691525177175,-1.314276793143434,0.47112533280170116,0.27962996631304465,-1.4018688231066014,0.0,0.0,0.0
31.16000000000207,0.0,0.0,0.9154661191057462,0.0,0.0,0.0,0.0,0.0,0.0,0.4458284710120708,0.2840594117141766,-1.2999877605795835,0.46861206150550694,0.27999296298184995,-1.387870568398552,0.0,0.0,0.0
31.170000000002073,0.0,0.0,0.9029777374020054,0.0,0.0,0.0,0.0,0.0,0.0,0.4442087129729857,0.28437858302101127,-1.2856627757234762,0.4662077883277773,0.28038601757637205,-1.3738218823821933,0.0,0.0,0.0
31.180000000002075,0.0,0.0,0.8899277644437276,0.0,0.0,0.0,0.0,0.0,0.0,0.4427293495281852,0.2847260182680822,-1.271305447125513,0.4639164809898926,0.280809287491157,-1.3597260104676885,0.0,0.0,0.0
31.190000000002076,0.0,0.0,0.8763261174505109,0.0,0.0,0.0,0.0,0.0,0.0,0.44139275828110636,0.28510098392660055,-1.2569193976672026,0.46174190128945536,0.2812628595332009,-1.345586269384132,0.0,0.0,0.0
31.200000000002078,0.0,0.0,0.8621831036110479,0.0,0.0,0.0,0.0,0.0,0.0,0.4402010652250945,0.2855026692254201,-1.2425082620507755,0.4596876006289767,0.28174674259471394,-1.3314060353607442,0.0,0.0,0.0
31.21000000000208,0.0,0.0,0.8475094186219267,0.0,0.0,0.0,0.0,0.0,0.0,0.43915614286957183,0.2859301956152489,-1.2280756842962826,0.45775691600152085,0.28226086187170313,-1.3171887338311017,0.0,0.0,0.0
31.22000000000208,0.0,0.0,0.8323161451713594,0.0,0.0,0.0,0.0,0.0,0.0,0.43825960860153756,0.286382627002423,-1.2136253156327748,0.45595296631930976,0.2828050539944493,-1.3029378303003494,0.0,0.0,0.0
31.230000000002082,0.0,0.0,0.8166147511924107,0.0,0.0,0.0,0.0,0.0,0.0,0.43751282327052765,0.28685898038744906,-1.1991608125374282,0.4542786489423413,0.28337906349295344,-1.2886568217258836,0.0,0.0,0.0
31.240000000002084,0.0,0.0,0.8004170877194068,0.0,0.0,0.0,0.0,0.0,0.0,0.43691689004396483,0.28735823667675486,-1.1846858349698703,0.4527366364372957,0.2839825408082055,-1.2743492288289975,0.0,0.0,0.0
31.250000000002085,0.0,0.0,0.7837353861838925,0.0,0.0,0.0,0.0,0.0,0.0,0.43647265356736553,0.2878793514018705,-1.170204044790362,0.45132937352209146,0.28461504183552555,-1.2600185891847426,0.0,0.0,0.0
31.260000000002087,0.0,0.0,0.7665822550001762,0.0,0.0,0.0,0.0,0.0,0.0,0.4361806994641586,0.2884212650917446,-1.1557191043583224,0.4500590741800082,0.28527602899381116,-1.2456684510677363,0.0,0.0,0.0
31.27000000000209,0.0,0.0,0.7489723448044661,0.0,0.0,0.0,0.0,0.0,0.0,0.43605459454445694,0.2889829552542116,-1.1412322981518115,0.4489277189341205,0.28596487377240065,-1.2313023680193613,0.0,0.0,0.0
31.28000000000209,0.0,0.0,0.7309182306383823,0.0,0.0,0.0,0.0,0.0,0.0,0.436090050239307,0.2895644176575374,-1.1267507136266106,0.4479317864185712,0.28668084492773205,-1.2169250746959477,0.0,0.0,0.0
31.29000000000209,0.0,0.0,0.712431439491533,0.0,0.0,0.0,0.0,0.0,0.0,0.4362696192379534,0.29016384586660493,-1.1122797713898287,0.44707168392401736,0.2874219148133971,-1.2025364433348082,0.0,0.0,0.0
31.300000000002093,0.0,0.0,0.6935263720712032,0.0,0.0,0.0,0.0,0.0,0.0,0.43659429446980513,0.2907788002998952,-1.097819596946372,0.44636514290736307,0.2881882954071572,-1.1881395233422756,0.0,0.0,0.0
31.310000000002095,0.0,0.0,0.6742177824225841,0.0,0.0,0.0,0.0,0.0,0.0,0.4370654349167622,0.2914088549442848,-1.0833745003366617,0.44580991475223003,0.28898069657510395,-1.1737438552280328,0.0,0.0,0.0
31.320000000002096,0.0,0.0,0.6545206721028412,0.0,0.0,0.0,0.0,0.0,0.0,0.43768361476101614,0.2920531794065564,-1.068947994547826,0.4454033428112454,0.28979718251767084,-1.1593510058760639,0.0,0.0,0.0
31.330000000002098,0.0,0.0,0.6344502980396013,0.0,0.0,0.0,0.0,0.0,0.0,0.4384488606876531,0.2927109998988202,-1.0545437629547436,0.44514376253652216,0.29063643217392415,-1.1449642513955314,0.0,0.0,0.0
31.3400000000021,0.0,0.0,0.6140221747591346,0.0,0.0,0.0,0.0,0.0,0.0,0.4393606695336365,0.29338151588839345,-1.040165450516927,0.4450299897660192,0.2914970981748853,-1.1305866657294903,0.0,0.0,0.0
31.3500000000021,0.0,0.0,0.5932520740157207,0.0,0.0,0.0,0.0,0.0,0.0,0.44041806025691455,0.2940639298362493,-1.0258167055342626,0.44506117686710084,0.29237791372713356,-1.1162214844197191,0.0,0.0,0.0
31.360000000002103,0.0,0.0,0.5721560213079298,0.0,0.0,0.0,0.0,0.0,0.0,0.4416196080435364,0.294757449936522,-1.0115011692334739,0.44523664696483706,0.2932776483393632,-1.1018719952325577,0.0,0.0,0.0
31.370000000002104,0.0,0.0,0.5507502900180778,0.0,0.0,0.0,0.0,0.0,0.0,0.4429634737353032,0.2954612956907421,-0.9972224765944551,0.4455557774965021,0.2941951024300483,-1.087541535388559,0.0,0.0,0.0
31.380000000002106,0.0,0.0,0.5290548013527911,0.0,0.0,0.0,0.0,0.0,0.0,0.44442012557619504,0.29609713293067985,-0.9828009893503629,0.44601790832045135,0.2951290991542551,-1.073233472499273,0.0,0.0,0.0
31.390000000002107,0.0,0.0,0.5070862213117676,0.0,0.0,0.0,0.0,0.0,0.0,0.44604841084704283,0.29683110330854046,-0.9686033087329295,0.44665746292535313,0.29616801757030736,-1.0592128957417775,0.0,0.0,0.0
31.40000000000211,0.0,0.0,0.48485828032553796,0.0,0.0,0.0,0.0,0.0,0.0,0.44780475771518047,0.2975562738809092,-0.9544151115093262,0.44738950217570933,0.2971015996332877,-1.0448798979017706,0.0,0.0,0.0
31.41000000000211,0.0,0.0,0.4623882669555392,0.0,0.0,0.0,0.0,0.0,0.0,0.44969328473129067,0.2982918107917971,-0.9402827075312614,0.44827246753660893,0.2980730413490576,-1.0306482312526946,0.0,0.0,0.0
31.420000000002112,0.0,0.0,0.43969355480726274,0.0,0.0,0.0,0.0,0.0,0.0,0.4517089306108786,0.29903294737912445,-0.9262006915713425,0.44929367018284516,0.299053615627631,-1.01644043256343,0.0,0.0,0.0
31.430000000002114,0.0,0.0,0.416791721377057,0.0,0.0,0.0,0.0,0.0,0.0,0.45384813447776584,0.29977987529782224,-0.9121743167376541,0.45045348385636563,0.3000475761205966,-1.0022757619898937,0.0,0.0,0.0
31.440000000002115,0.0,0.0,0.3937004946206442,0.0,0.0,0.0,0.0,0.0,0.0,0.45610664776092547,0.30053177601148473,-0.898206669515359,0.4517493348127056,0.30105243728684966,-0.9881536955507144,0.0,0.0,0.0
31.450000000002117,0.0,0.0,0.37043774760675824,0.0,0.0,0.0,0.0,0.0,0.0,0.458479993110706,0.30128803311974517,-0.8843012862606794,0.45317897087498565,0.30206716679603557,-0.9740777961779195,0.0,0.0,0.0
31.46000000000212,0.0,0.0,0.3470214835043206,0.0,0.0,0.0,0.0,0.0,0.0,0.4609633850412136,0.30204798100831143,-0.8704616196640549,0.45473977370406876,0.30309050684276795,-0.9600508474907579,0.0,0.0,0.0
31.47000000000212,0.0,0.0,0.32346982221038306,0.0,0.0,0.0,0.0,0.0,0.0,0.46355175861984077,0.3028109506331411,-0.8566911461393785,0.4564288810120913,0.3041213093167186,-0.9460758314684006,0.0,0.0,0.0
31.48000000000212,0.0,0.0,0.2998016646308182,0.0,0.0,0.0,0.0,0.0,0.0,0.4662547265898578,0.30357627361864603,-0.8429909138287042,0.4582431498229928,0.3051584618404457,-0.9321557231613917,0.0,0.0,0.0
31.490000000002123,0.0,0.0,0.2760352152966934,0.0,0.0,0.0,0.0,0.0,0.0,0.46906980395958753,0.3043443147874463,-0.8293665963753876,0.46017317587434414,0.3062008897564165,-0.9182946595178091,0.0,0.0,0.0
31.500000000002125,0.0,0.0,0.25218813536510165,0.0,0.0,0.0,0.0,0.0,0.0,0.47197938566008424,0.30511417137497876,-0.8158237328882965,0.4622108345831339,0.30724630385735396,-0.9044927536886136,0.0,0.0,0.0
31.510000000002126,0.0,0.0,0.22827880766216913,0.0,0.0,0.0,0.0,0.0,0.0,0.47497809980476446,0.30588399090803486,-0.8023634954399159,0.4643659721877502,0.308294120124596,-0.8907513846609589,0.0,0.0,0.0
31.520000000002128,0.0,0.0,0.20432569243544038,0.0,0.0,0.0,0.0,0.0,0.0,0.47806096845440915,0.30665321581158667,-0.788989764816183,0.46663456886765164,0.3093447925573814,-0.8770776413714592,0.0,0.0,0.0
31.53000000000213,0.0,0.0,0.1803472617883896,0.0,0.0,0.0,0.0,0.0,0.0,0.4812226796182204,0.3074210160782762,-0.7757059472954286,0.46901170328178393,0.3103969990850388,-0.8634737150226737,0.0,0.0,0.0
31.54000000000213,0.0,0.0,0.15636198862657258,0.0,0.0,0.0,0.0,0.0,0.0,0.484457681558809,0.30818654606029483,-0.7625155476668173,0.47149254260677764,0.31144977631653703,-0.8499426916800791,0.0,0.0,0.0
31.550000000002132,0.0,0.0,0.1323883356393637,0.0,0.0,0.0,0.0,0.0,0.0,0.4877601648389971,0.30894888881716165,-0.7494220528593525,0.474072169552273,0.31250214585017577,-0.8364875169082879,0.0,0.0,0.0
31.560000000002134,0.0,0.0,0.10844474475859812,0.0,0.0,0.0,0.0,0.0,0.0,0.49112406412211573,0.3097070629561194,-0.7364289532838797,0.47674558352662066,0.31355317557832846,-0.8231111960919199,0.0,0.0,0.0
31.570000000002135,0.0,0.0,0.08454962680829888,0.0,0.0,0.0,0.0,0.0,0.0,0.4945430533700794,0.3104600166787055,-0.7235397369928496,0.4795076738328336,0.3146019552275636,-0.8098167498879275,0.0,0.0,0.0
31.580000000002137,0.0,0.0,0.060717028337176696,0.0,0.0,0.0,0.0,0.0,0.0,0.4980103717850064,0.3111959798402948,-0.7107626161401963,0.4823532039904948,0.31564759029141487,-0.7966072188210357,0.0,0.0,0.0
31.59000000000214,0.0,0.0,0.0369673541773685,0.0,0.0,0.0,0.0,0.0,0.0,0.5015185408443157,0.3119158820652146,-0.6980941139321293,0.48527686535757036,0.31669315862424263,-0.7834835331777984,0.0,0.0,0.0
31.60000000000214,0.0,0.0,0.013324467678528212,0.0,0.0,0.0,0.0,0.0,0.0,0.505061193506884,0.31263369782377204,-0.6855341667469925,0.48827404257218393,0.31774053153667287,-0.7704554040291358,0.0,0.0,0.0
31.61000000000214,0.0,0.0,-0.010194441874809224,0.0,0.0,0.0,0.0,0.0,0.0,0.5086317907191278,0.3133488911106417,-0.6730935338063981,0.4913379827922929,0.3187745384818103,-0.7575268653185281,0.0,0.0,0.0
31.620000000002143,0.0,0.0,-0.03357216712600619,0.0,0.0,0.0,0.0,0.0,0.0,0.5122221023851317,0.3140570915482286,-0.6607744282409849,0.49446166703105254,0.31979418264899395,-0.7446899860113951,0.0,0.0,0.0
31.630000000002145,0.0,0.0,-0.056791351323206396,0.0,0.0,0.0,0.0,0.0,0.0,0.5158239220123852,0.314754955657627,-0.6485804789885878,0.49763989378227985,0.32080285347018245,-0.7319513267796184,0.0,0.0,0.0
31.640000000002146,0.0,0.0,-0.07983453346259414,0.0,0.0,0.0,0.0,0.0,0.0,0.5194287730176783,0.31543934888590774,-0.6365150050215951,0.5008667167623032,0.3218018784452729,-0.7193146117651262,0.0,0.0,0.0
31.650000000002148,0.0,0.0,-0.10268418868432014,0.0,0.0,0.0,0.0,0.0,0.0,0.5230279424647589,0.31610743791241225,-0.6245813508594003,0.504135909726486,0.3227918402520207,-0.7067837686766575,0.0,0.0,0.0
31.66000000000215,0.0,0.0,-0.12532156886172113,0.0,0.0,0.0,0.0,0.0,0.0,0.5265949658038194,0.31670664343174426,-0.6126540689905733,0.5074409222658557,0.32377258119323044,-0.694362413071617,0.0,0.0,0.0
31.67000000000215,0.0,0.0,-0.14772951548659963,0.0,0.0,0.0,0.0,0.0,0.0,0.5301626972323951,0.3173522428401867,-0.6010141851369308,0.5107979305582284,0.3248026590340993,-0.6822203375915521,0.0,0.0,0.0
31.680000000002153,0.0,0.0,-0.16989190190374093,0.0,0.0,0.0,0.0,0.0,0.0,0.5336925458194817,0.31796208238577206,-0.589491224796852,0.5141409548242627,0.32573139276805857,-0.6699509750026102,0.0,0.0,0.0
31.690000000002154,0.0,0.0,-0.1917911643355238,0.0,0.0,0.0,0.0,0.0,0.0,0.5371795336674428,0.3185472009061745,-0.5781188102806007,0.5175066805593748,0.32666748191207273,-0.6578499050639068,0.0,0.0,0.0
31.700000000002156,0.0,0.0,-0.2134098366293754,0.0,0.0,0.0,0.0,0.0,0.0,0.5406128906876573,0.3191033351545367,-0.5668942976172553,0.5208797444887558,0.3275901722402789,-0.64586853429434,0.0,0.0,0.0
31.710000000002157,0.0,0.0,-0.23473056870615752,0.0,0.0,0.0,0.0,0.0,0.0,0.5439826594867263,0.31962918398250384,-0.5558218063587699,0.5242532436377745,0.3285003860754976,-0.6340187400335601,0.0,0.0,0.0
31.72000000000216,0.0,0.0,-0.2557361529294398,0.0,0.0,0.0,0.0,0.0,0.0,0.5472784829354139,0.32012297292101,-0.5449041705916662,0.5276184630028058,0.32939501936551807,-0.622301158205922,0.0,0.0,0.0
31.73000000000216,0.0,0.0,-0.2764095424217042,0.0,0.0,0.0,0.0,0.0,0.0,0.5504898648761944,0.32058307785387985,-0.534144422456988,0.5309667894326969,0.33027177130708946,-0.6107185308063625,0.0,0.0,0.0
31.740000000002162,0.0,0.0,-0.29673387110071087,0.0,0.0,0.0,0.0,0.0,0.0,0.5536061632878959,0.32100790532705314,-0.5235455151841513,0.5342893417010688,0.3311282642445541,-0.5992732410375073,0.0,0.0,0.0
31.750000000002164,0.0,0.0,-0.31669538354802146,0.0,0.0,0.0,0.0,0.0,0.0,0.5566166926739041,0.32137949243772024,-0.5131169783497782,0.5375770281327791,0.33196220903946616,-0.587967755787309,0.0,0.0,0.0
31.760000000002165,0.0,0.0,-0.3362775886970463,0.0,0.0,0.0,0.0,0.0,0.0,0.5595096679076618,0.3216892724739413,-0.5028562953816005,0.5408205070386205,0.33277754600118814,-0.5768017607040837,0.0,0.0,0.0
31.770000000002167,0.0,0.0,-0.3554616749112354,0.0,0.0,0.0,0.0,0.0,0.0,0.5622742709173378,0.3219468563389305,-0.49276074570356077,0.5440115064688229,0.3335798492749186,-0.5657845401758469,0.0,0.0,0.0
31.78000000000217,0.0,0.0,-0.3742315230905669,0.0,0.0,0.0,0.0,0.0,0.0,0.5649006198707849,0.3221510228127107,-0.4828390349297256,0.5471400318134665,0.33435325883154265,-0.5549231291680612,0.0,0.0,0.0
31.79000000000217,0.0,0.0,-0.3925712248923053,0.0,0.0,0.0,0.0,0.0,0.0,0.5673777902734438,0.3222973492792418,-0.4730930361114316,0.5501947550254729,0.33509255956565726,-0.5442109387363199,0.0,0.0,0.0
31.80000000000217,0.0,0.0,-0.4104650337627264,0.0,0.0,0.0,0.0,0.0,0.0,0.5696951373371645,0.3223818021429108,-0.463525632668931,0.5531658737529481,0.33579653444952684,-0.5336522717814136,0.0,0.0,0.0
31.810000000002173,0.0,0.0,-0.4278973777297882,0.0,0.0,0.0,0.0,0.0,0.0,0.5718420887629534,0.32240027968859586,-0.4541394448201479,0.5560431374636455,0.33646304889270273,-0.523249641747286,0.0,0.0,0.0
31.820000000002175,0.0,0.0,-0.44485287507699556,0.0,0.0,0.0,0.0,0.0,0.0,0.573808140311877,0.32234875838723287,-0.44493705743689826,0.5588162057112128,0.3370897788292619,-0.5130057898206273,0.0,0.0,0.0
31.830000000002176,0.0,0.0,-0.4613163528936476,0.0,0.0,0.0,0.0,0.0,0.0,0.575582881713259,0.322223310137598,-0.4359209769597896,0.5614746725077291,0.3376740899936424,-0.5029233177469904,0.0,0.0,0.0
31.840000000002178,0.0,0.0,-0.47727286831695154,0.0,0.0,0.0,0.0,0.0,0.0,0.5771560648875222,0.3220201295956131,-0.4270936366405569,0.564008093122389,0.33821308792013294,-0.49300474897321056,0.0,0.0,0.0
31.85000000000218,0.0,0.0,-0.49270773227586306,0.0,0.0,0.0,0.0,0.0,0.0,0.5785176675891306,0.32173556446030105,-0.41845739326859244,0.5664059724681918,0.33870364978168893,-0.4832525134792089,0.0,0.0,0.0
31.86000000000218,0.0,0.0,-0.5076065363193818,0.0,0.0,0.0,0.0,0.0,0.0,0.5796579522808009,0.32136615289887605,-0.4100145258341388,0.5686577694258512,0.3391424561325152,-0.4736689458186084,0.0,0.0,0.0
31.870000000002182,0.0,0.0,-0.5219551833148364,0.0,0.0,0.0,0.0,0.0,0.0,0.580567520585082,0.32090866589910005,-0.40176723460755737,0.5707529136804298,0.3395260181425581,-0.4642562804533571,0.0,0.0,0.0
31.880000000002184,0.0,0.0,-0.5357399226387443,0.0,0.0,0.0,0.0,0.0,0.0,0.5812373638243028,0.3203601528472819,-0.39371764103043816,0.5726808323977937,0.33985070368462544,-0.45501664736754893,0.0,0.0,0.0
31.890000000002185,0.0,0.0,-0.5489473902613163,0.0,0.0,0.0,0.0,0.0,0.0,0.5816589101864134,0.31971798822750763,-0.38586778844758607,0.5744309842292298,0.34011276415853603,-0.4459520679344183,0.0,0.0,0.0
31.900000000002187,0.0,0.0,-0.5615646538389851,0.0,0.0,0.0,0.0,0.0,0.0,0.5818240689430925,0.3189799171639214,-0.37821964375476913,0.5759928986339391,0.34030836372320944,-0.4370644515317707,0.0,0.0,0.0
31.91000000000219,0.0,0.0,-0.5735792539788553,0.0,0.0,0.0,0.0,0.0,0.0,0.5817251656055664,0.31814409766028984,-0.3707751151982652,0.5773562188690596,0.34043361217902796,-0.42835559328102496,0.0,0.0,0.0
31.92000000000219,0.0,0.0,-0.5849792256264018,0.0,0.0,0.0,0.0,0.0,0.0,0.5813545871842678,0.3172091328609792,-0.36353609503193196,0.5785107921590034,0.34048460220044086,-0.4198271673076366,0.0,0.0,0.0
31.93000000000219,0.0,0.0,-0.595753128420002,0.0,0.0,0.0,0.0,0.0,0.0,0.580704509405644,0.31617408481282405,-0.35650444736589426,0.579446904989318,0.340457456943393,-0.4114807222701184,0.0,0.0,0.0
31.940000000002193,0.0,0.0,-0.6058901037325537,0.0,0.0,0.0,0.0,0.0,0.0,0.5797669177221744,0.31503848881693397,-0.34968197381238975,0.580155472059544,0.34034839434164155,-0.4033177289773669,0.0,0.0,0.0
31.950000000002195,0.0,0.0,-0.6153799369855625,0.0,0.0,0.0,0.0,0.0,0.0,0.5785336640433711,0.31380237160046853,-0.34307041878719025,0.580627914217475,0.34015377996727514,-0.395339628502968,0.0,0.0,0.0
31.960000000002196,0.0,0.0,-0.6242131218959271,0.0,0.0,0.0,0.0,0.0,0.0,0.5769965343285541,0.31246625459988353,-0.33667147150687327,0.5808560285651151,0.3398701641405733,-0.3875478222243835,0.0,0.0,0.0
31.970000000002198,0.0,0.0,-0.6323809244610452,0.0,0.0,0.0,0.0,0.0,0.0,0.5751473250202818,0.3110311434604971,-0.3304867690703466,0.580831881043978,0.3394943260122597,-0.3799436702626553,0.0,0.0,0.0
31.9800000000022,0.0,0.0,-0.6398754444311789,0.0,0.0,0.0,0.0,0.0,0.0,0.5729779249156224,0.3094985038427627,-0.3245178996354139,0.5805477207313511,0.3390233200409453,-0.37252849143919525,0.0,0.0,0.0
31.9900000000022,0.0,0.0,-0.6466896720943849,0.0,0.0,0.0,0.0,0.0,0.0,0.5704803988098256,0.3078702246072993,-0.31876640563794434,0.579995916179924,0.33845452263400255,-0.3653035657358439,0.0,0.0,0.0
32.0000000000022,0.0,0.0,-0.6528175384256325,0.0,0.0,0.0,0.0,0.0,0.0,0.5676470692332786,0.30614856999620166,-0.31323378682738157,0.5791689136025084,0.3377856762761064,-0.3582701387752766,0.0,0.0,0.0
32.0100000000022,0.0,0.0,-0.6582539570055552,0.0,0.0,0.0,0.0,0.0,0.0,0.5644705929848153,0.30433612292835655,-0.30792150292550047,0.5780592161551198,0.33701492869001165,-0.35142942801729293,0.0,0.0,0.0
32.0200000000022,0.0,0.0,-0.6629962446648155,0.0,0.0,0.0,0.0,0.0,0.0,0.5609598617831524,0.3024357374651139,-0.30282884448699077,0.5766593828304813,0.33614086483521105,-0.3447826302636315,0.0,0.0,0.0
32.0300000000022,0.0,0.0,-0.6670410652986001,0.0,0.0,0.0,0.0,0.0,0.0,0.557105544217137,0.30045100734629315,-0.29795992641794167,0.5749554050152094,0.33516252347557185,-0.3383317336237617,0.0,0.0,0.0
32.040000000002195,0.0,0.0,-0.6703847550948162,0.0,0.0,0.0,0.0,0.0,0.0,0.5528827961319664,0.298384740814706,-0.2933179065867262,0.5729378775004416,0.3340787289023763,-0.33207559025181804,0.0,0.0,0.0
32.05000000000219,0.0,0.0,-0.6730264271711441,0.0,0.0,0.0,0.0,0.0,0.0,0.5482864387673705,0.2962393984331566,-0.2889013264765876,0.5706190534407353,0.33288998692568217,-0.3260146125842043,0.0,0.0,0.0
32.06000000000219,0.0,0.0,-0.6749662769318742,0.0,0.0,0.0,0.0,0.0,0.0,0.5433124388485079,0.2940183987246727,-0.28471184822893936,0.5679895079383821,0.33159767259775674,-0.3201537103245608,0.0,0.0,0.0
32.07000000000219,0.0,0.0,-0.6762055236942144,0.0,0.0,0.0,0.0,0.0,0.0,0.5379572083360825,0.291724940982522,-0.28075064310882203,0.5650398241249753,0.3302023007717113,-0.31449333932024826,0.0,0.0,0.0
32.08000000000219,0.0,0.0,-0.6767463870737991,0.0,0.0,0.0,0.0,0.0,0.0,0.5322176875028615,0.28936210274529284,-0.2770189182852343,0.561761583774758,0.3287050496937867,-0.3090346631026859,0.0,0.0,0.0
32.090000000002185,0.0,0.0,-0.6765920591279935,0.0,0.0,0.0,0.0,0.0,0.0,0.5260913430317656,0.2869327771762764,-0.27351782799829816,0.5581472001647854,0.3271074998185748,-0.30377880324715417,0.0,0.0,0.0
32.10000000000218,0.0,0.0,-0.675746671931741,0.0,0.0,0.0,0.0,0.0,0.0,0.5195761722536071,0.28443964425814294,-0.27024848454439754,0.5541898928937345,0.32541160805628955,-0.29872695733636984,0.0,0.0,0.0
32.11000000000218,0.0,0.0,-0.6742152618334311,0.0,0.0,0.0,0.0,0.0,0.0,0.5126706995062437,0.28188514485079885,-0.26721195323494207,0.5498836535205449,0.32361964201470883,-0.29388037567999326,0.0,0.0,0.0
32.12000000000218,0.0,0.0,-0.6720037314910718,0.0,0.0,0.0,0.0,0.0,0.0,0.5053739680008265,0.27927146242028433,-0.26440924995688364,0.5452232226571541,0.3217341197950322,-0.28924035981785,0.0,0.0,0.0
32.13000000000218,0.0,0.0,-0.6691188106932144,0.0,0.0,0.0,0.0,0.0,0.0,0.4976855277613408,0.27660051133166363,-0.26184133845928403,0.5402040718427061,0.3197577495926026,-0.2848082568526192,0.0,0.0,0.0
32.140000000002175,0.0,0.0,-0.6655680168326498,0.0,0.0,0.0,0.0,0.0,0.0,0.48960542054749645,0.2738739312776588,-0.2595091278936724,0.5348223886188809,0.31769337136312814,-0.28058545382303024,0.0,0.0,0.0
32.15000000000217,0.0,0.0,-0.6613596157587505,0.0,0.0,0.0,0.0,0.0,0.0,0.4811341625064788,0.2710930871514057,-0.2574134705723381,0.5290750630935864,0.315543901462661,-0.27657337158819767,0.0,0.0,0.0
32.16000000000217,0.0,0.0,-0.6565025835924307,0.0,0.0,0.0,0.0,0.0,0.0,0.47227272521132047,0.2682590736274624,-0.25555515997766387,0.5229596748542178,0.31331228119953386,-0.27277345846912854,0.0,0.0,0.0
32.17000000000217,0.0,0.0,-0.6510065699526599,0.0,0.0,0.0,0.0,0.0,0.0,0.4630225156448948,0.26537272369592735,-0.25393492902803616,0.5164744794497287,0.3110014300078245,-0.2691871837747185,0.0,0.0,0.0
32.18000000000217,0.0,0.0,-0.6448818629205454,0.0,0.0,0.0,0.0,0.0,0.0,0.45338535559521875,0.26243462041607657,-0.25255344859718964,0.5096183939611584,0.30861420374633397,-0.2658160313471647,0.0,0.0,0.0
32.190000000002165,0.0,0.0,-0.6381393559575235,0.0,0.0,0.0,0.0,0.0,0.0,0.4433634608386038,0.25944511120252045,-0.25141132627599716,0.5023909814108705,0.306153358421574,-0.2626614932397715,0.0,0.0,0.0
32.20000000000216,0.0,0.0,-0.6307905168998147,0.0,0.0,0.0,0.0,0.0,0.0,0.43295942040315594,0.25640432401994095,-0.2505091053605699,0.4947924339356537,0.3036215194459126,-0.25972506361777054,0.0,0.0,0.0
32.21000000000216,0.0,0.0,-0.6228473590717541,0.0,0.0,0.0,0.0,0.0,0.0,0.4221761761267113,0.25331218493374363,-0.24984726404780055,0.4868235547769451,0.30102115638015753,-0.25700823294910774,0.0,0.0,0.0
32.22000000000216,0.0,0.0,-0.6143224144947712,0.0,0.0,0.0,0.0,0.0,0.0,0.41101700265090746,0.25016843653783516,-0.24942621481798521,0.47848573923091725,0.2983545629762918,-0.2545124825296904,0.0,0.0,0.0
32.23000000000216,0.0,0.0,-0.6052287091159204,0.0,0.0,0.0,0.0,0.0,0.0,0.39948548792681005,0.24697265685283032,-0.2492463039841709,0.46978095475912063,0.29562384223253035,-0.25223927936741697,0.0,0.0,0.0
32.240000000002155,0.0,0.0,-0.5955797399385259,0.0,0.0,0.0,0.0,0.0,0.0,0.38758551424814014,0.2437242783555218,-0.24930781138825764,0.4607117204926612,0.29283089609731344,-0.250190071432569,0.0,0.0,0.0
32.25000000000215,0.0,0.0,-0.5853894539057823,0.0,0.0,0.0,0.0,0.0,0.0,0.37532123977567344,0.24042260686178474,-0.24961095022501245,0.45128108637494857,0.2899774194087789,-0.24836628326830526,0.0,0.0,0.0
32.26000000000215,0.0,0.0,-0.5746722283657811,0.0,0.0,0.0,0.0,0.0,0.0,0.3626970804709073,0.2370668400393403,-0.25015586697620673,0.44149261218385305,0.28706489762820186,-0.24676931194464038,0.0,0.0,0.0
32.27000000000215,0.0,0.0,-0.5634428529305746,0.0,0.0,0.0,0.0,0.0,0.0,0.3497176923189352,0.23365608537394955,-0.25094264143839895,0.4313503466580039,0.2840946079158517,-0.24540052333155365,0.0,0.0,0.0
32.28000000000215,0.0,0.0,-0.5517165125332881,0.0,0.0,0.0,0.0,0.0,0.0,0.336387953688819,0.23018937745272816,-0.2519712868291152,0.42085880692703903,0.2810676231022745,-0.24426124866170495,0.0,0.0,0.0
32.290000000002145,0.0,0.0,-0.5395087714829928,0.0,0.0,0.0,0.0,0.0,0.0,0.3227129476541558,0.2266656944620986,-0.2532417499572869,0.4100229584150206,0.2779848181232859,-0.24335278134983016,0.0,0.0,0.0
32.30000000000214,0.0,0.0,-0.5268355583175569,0.0,0.0,0.0,0.0,0.0,0.0,0.30869794407545287,0.22308397382583656,-0.2547539114449652,0.3988481953526071,0.2748468785102601,-0.24267637403426767,0.0,0.0,0.0
32.31000000000214,0.0,0.0,-0.513713151258674,0.0,0.0,0.0,0.0,0.0,0.0,0.29434838122661183,0.21944312693172863,-0.25650758598842915,0.38734032199950325,0.27165431055580774,-0.24223323580536832,0.0,0.0,0.0
32.32000000000214,0.0,0.0,-0.500157616877272,0.0,0.0,0.0,0.0,0.0,0.0,0.2796556027940491,0.21574207771734555,-0.2585036049020272,0.37550553464663866,0.26840745280656747,-0.24202452958593032,0.0,0.0,0.0
32.33000000000214,0.0,0.0,-0.48618624508787145,0.0,0.0,0.0,0.0,0.0,0.0,0.2646322857515844,0.21197960046351683,-0.2607398928716558,0.3633558369573902,0.2651064798171725,-0.24205098114462473,0.0,0.0,0.0
32.340000000002135,0.0,0.0,-0.4718169758412642,0.0,0.0,0.0,0.0,0.0,0.0,0.24930345055874265,0.20815467571806834,-0.26321542181214785,0.3508981036375871,0.2617515638321469,-0.2423149099938744,0.0,0.0,0.0
32.35000000000213,0.0,0.0,-0.4570671340222825,0.0,0.0,0.0,0.0,0.0,0.0,0.23367095937071958,0.20426638431391286,-0.26593155663738755,0.33812241558706163,0.25834250586928864,-0.2428173874247585,0.0,0.0,0.0
32.36000000000213,0.0,0.0,-0.4419543777874272,0.0,0.0,0.0,0.0,0.0,0.0,0.21773730880967807,0.2003136160969088,-0.26888746600614954,0.32504217900488364,0.25487893790536803,-0.2435573272341446,0.0,0.0,0.0
32.37000000000213,0.0,0.0,-0.4264966901114202,0.0,0.0,0.0,0.0,0.0,0.0,0.20150599422541382,0.1962953561287969,-0.27208255753736565,0.3116694134701488,0.25136067629632414,-0.24453632425817545,0.0,0.0,0.0
32.38000000000213,0.0,0.0,-0.4107123498717234,0.0,0.0,0.0,0.0,0.0,0.0,0.1849813811277985,0.19221065045415098,-0.27551613468194125,0.2980147280883061,0.2477873704009354,-0.24575540438166318,0.0,0.0,0.0
32.390000000002125,0.0,0.0,-0.3946199041462326,0.0,0.0,0.0,0.0,0.0,0.0,0.16816861838556835,0.1880586126510969,-0.27918744938939277,0.28408779819159014,0.24415857868090776,-0.2472155057711953,0.0,0.0,0.0
32.40000000000212,0.0,0.0,-0.37823814201315553,0.0,0.0,0.0,0.0,0.0,0.0,0.1510735624783014,0.18383842529552796,-0.28309569468322293,0.2698977079781081,0.2404737854602005,-0.24891742577989376,0.0,0.0,0.0
32.41000000000212,0.0,0.0,-0.36158606938228827,0.0,0.0,0.0,0.0,0.0,0.0,0.13370271487498242,0.17954934260172684,-0.2872400063299092,0.2554532210522754,0.23673242172238776,-0.25086184466714145,0.0,0.0,0.0
32.42000000000212,0.0,0.0,-0.34468288453310414,0.0,0.0,0.0,0.0,0.0,0.0,0.116063169559036,0.17519069306992346,-0.2916194631560759,0.24076298869471283,0.23293388184060565,-0.25304933418067466,0.0,0.0,0.0
32.43000000000212,0.0,0.0,-0.32754795410044674,0.0,0.0,0.0,0.0,0.0,0.0,0.09816256884514463,0.17076188210211285,-0.29623308758917744,0.22583571009151943,0.22907753814800788,-0.25548036560461423,0.0,0.0,0.0
32.440000000002115,0.0,0.0,-0.31020078931378714,0.0,0.0,0.0,0.0,0.0,0.0,0.0800090658517249,0.16626239444618796,-0.30107984617918704,0.21068025496156864,0.22516275363852742,-0.25815531563656163,0.0,0.0,0.0
32.45000000000211,0.0,0.0,-0.29266070546352496,0.0,0.0,0.0,0.0,0.0,0.0,0.06158868551861202,0.1616918398483091,-0.3061595983102027,0.19530575698426936,0.2211888931671202,-0.2610744707997405,0.0,0.0,0.0
32.46000000000211,0.0,0.0,-0.2749474156078935,0.0,0.0,0.0,0.0,0.0,0.0,0.04290165358387232,0.15704984603413372,-0.31147036576910936,0.1797293947701815,0.21715531817485423,-0.2642376825982537,0.0,0.0,0.0
32.47000000000211,0.0,0.0,-0.2570809644203053,0.0,0.0,0.0,0.0,0.0,0.0,0.023968841114630213,0.15233613237856455,-0.3170102079723949,0.1639676148443399,0.21306145259424505,-0.2676459347488871,0.0,0.0,0.0
32.48000000000211,0.0,0.0,-0.239084261300728,0.0,0.0,0.0,0.0,0.0,0.0,0.004794788853555165,0.14755507327938705,-0.3227785187059813,0.14801610489091538,0.20890673303361618,-0.27129977641148856,0.0,0.0,0.0
32.490000000002105,0.0,0.0,-0.22097711362168349,0.0,0.0,0.0,0.0,0.0,0.0,-0.014616198703205407,0.14270650167771498,-0.32877401396881945,0.13188572445326152,0.2046890121686485,-0.27519816103148587,0.0,0.0,0.0
32.5000000000021,0.0,0.0,-0.20277619794255258,0.0,0.0,0.0,0.0,0.0,0.0,-0.03425978309641042,0.13778567258666824,-0.33499532871101545,0.11558750649877093,0.20040705411385026,-0.27934098604590535,0.0,0.0,0.0
32.5100000000021,0.0,0.0,-0.1845012437992366,0.0,0.0,0.0,0.0,0.0,0.0,-0.05413153945359722,0.13279245374103954,-0.34144084407562414,0.09913245946653676,0.19606453743178875,-0.2837280216314168,0.0,0.0,0.0
32.5200000000021,0.0,0.0,-0.1661719865517182,0.0,0.0,0.0,0.0,0.0,0.0,-0.0742268230863575,0.1277268683945643,-0.3481090252187362,0.08253162099863588,0.19166090491409127,-0.28835908903590995,0.0,0.0,0.0
32.5300000000021,0.0,0.0,-0.14780811558051324,0.0,0.0,0.0,0.0,0.0,0.0,-0.09454063729914855,0.1225890554748573,-0.35499825415580255,0.06579606223967759,0.1871956095653043,-0.29323368483877854,0.0,0.0,0.0
32.540000000002095,0.0,0.0,-0.12942924194720662,0.0,0.0,0.0,0.0,0.0,0.0,-0.11506746993232139,0.11737926314873635,-0.3621068577509383,0.04893692479745215,0.18266816188287957,-0.29835121134111636,0.0,0.0,0.0
32.55000000000209,0.0,0.0,-0.1110548659258844,0.0,0.0,0.0,0.0,0.0,0.0,-0.13580111043236143,0.11209784244587898,-0.3694331073954581,0.031965459061255384,0.1780781412172131,-0.30371094028985207,0.0,0.0,0.0
32.56000000000209,0.0,0.0,-0.0927043446242574,0.0,0.0,0.0,0.0,0.0,0.0,-0.15673445401860175,0.10674524123085935,-0.3769752241571822,0.01489307656544841,0.17342520480689858,-0.3093120179037111,0.0,0.0,0.0
32.57000000000209,0.0,0.0,-0.07439616341720737,0.0,0.0,0.0,0.0,0.0,0.0,-0.17814388176966284,0.10132254629413706,-0.3847328274628651,-0.027722523760931282,0.16870909445145324,-0.3151534651812913,0.0,0.0,0.0
32.58000000000209,0.0,0.0,-0.05614965928434207,0.0,0.0,0.0,0.0,0.0,0.0,-0.19995302658665623,0.09583017551306455,-0.39269928299729506,-0.0423656186386187,0.1639294523573099,-0.32123354817058375,0.0,0.0,0.0
32.590000000002085,0.0,0.0,-0.03798424903077119,0.0,0.0,0.0,0.0,0.0,0.0,-0.2218129583579662,0.09026806572867774,-0.40087464832815767,-0.057826922666664934,0.159086168459052,-0.32755412665220884,0.0,0.0,0.0
32.60000000000208,0.0,0.0,-0.019918177632642867,0.0,0.0,0.0,0.0,0.0,0.0,-0.2437411548246129,0.08463701591555955,-0.4092594276868192,-0.07429572305502764,0.15417989745052857,-0.3341106506924234,0.0,0.0,0.0
32.61000000000208,0.0,0.0,-0.001969491924347748,0.0,0.0,0.0,0.0,0.0,0.0,-0.26575172459177565,0.07893800207500917,-0.4178509989660203,-0.09167412312164133,0.14921066831409924,-0.34089945269971583,0.0,0.0,0.0
32.62000000000208,0.0,0.0,0.01584401854726132,0.0,0.0,0.0,0.0,0.0,0.0,-0.2878524341905849,0.07317203970867614,-0.42664723977810404,-0.10987208084773394,0.1441785141103118,-0.34792070148790155,0.0,0.0,0.0
32.63000000000208,0.0,0.0,0.03350486599161809,0.0,0.0,0.0,0.0,0.0,0.0,-0.31004508372241474,0.06734019720782392,-0.43564597534103633,-0.1288086454318201,0.13908361993667812,-0.35517340611336656,0.0,0.0,0.0
32.640000000002075,0.0,0.0,0.05099589772221984,0.0,0.0,0.0,0.0,0.0,0.0,-0.3323260895449972,0.0614435908274954,-0.4448450671585066,-0.14841073949654568,0.13392629225036853,-0.36265632166430817,0.0,0.0,0.0
32.65000000000207,0.0,0.0,0.06830032006652982,0.0,0.0,0.0,0.0,0.0,0.0,-0.3546871373520324,0.0554833865893084,-0.45424239744856076,-0.1686119799983471,0.12870695301781326,-0.3703679221790868,0.0,0.0,0.0
32.66000000000207,0.0,0.0,0.0854017147236015,0.0,0.0,0.0,0.0,0.0,0.0,-0.37711585136233766,0.049460802961067585,-0.46383586833879187,-0.18935160234450965,0.1234261275702003,-0.3783065022181136,0.0,0.0,0.0
32.67000000000207,0.0,0.0,0.10228404924505585,0.0,0.0,0.0,0.0,0.0,0.0,-0.3995964519027986,0.04337711435557989,-0.4736233970565241,-0.21057349988555024,0.11808443356645787,-0.3864702393439612,0.0,0.0,0.0
32.68000000000207,0.0,0.0,0.1189316831960947,0.0,0.0,0.0,0.0,0.0,0.0,-0.42211038666362166,0.03723365465632067,-0.48360291020770707,-0.2322253803121612,0.11268257077092254,-0.3948572463113303,0.0,0.0,0.0
32.690000000002065,0.0,0.0,0.1353289472351859,0.0,0.0,0.0,0.0,0.0,0.0,-0.4446430426453954,0.031018382062334426,-0.49393546242115216,-0.2542580364148357,0.10722131229461009,-0.4034656101134554,0.0,0.0,0.0
32.70000000000206,0.0,0.0,0.15146119562264032,0.0,0.0,0.0,0.0,0.0,0.0,-0.46716909512045307,0.024764860907067643,-0.5042421830570539,-0.2766177196726089,0.10171459091730534,-0.41210186982059793,0.0,0.0,0.0
32.71000000000206,0.0,0.0,0.16731452075830835,0.0,0.0,0.0,0.0,0.0,0.0,-0.4896772599504587,0.01845256708786147,-0.514771089732507,-0.29927383791922735,0.09612924393123495,-0.42125778585744433,0.0,0.0,0.0
32.72000000000206,0.0,0.0,0.18287476924154672,0.0,0.0,0.0,0.0,0.0,0.0,-0.5121295932586635,0.01208673529038684,-0.5254799004405499,-0.32216550737046634,0.09049197971970932,-0.4305630273952221,0.0,0.0,0.0
32.73000000000206,0.0,0.0,0.19812829053035502,0.0,0.0,0.0,0.0,0.0,0.0,-0.5345021311991571,0.005668418044401546,-0.5363727659943838,-0.34526511215702343,0.08479933371049507,-0.4400781263824199,0.0,0.0,0.0
32.740000000002055,0.0,0.0,0.21306184004082512,0.0,0.0,0.0,0.0,0.0,0.0,-0.5567706765861231,-0.0008005770781291943,-0.5474465415939794,-0.3685310784530993,0.07905294209868703,-0.44979371286135916,0.0,0.0,0.0
32.75000000000205,0.0,0.0,0.227662586970545,0.0,0.0,0.0,0.0,0.0,0.0,-0.5789113769092092,-0.007318502610723865,-0.5586992084137683,-0.39192319599864134,0.07325369606020567,-0.45971107827315033,0.0,0.0,0.0
32.76000000000205,0.0,0.0,0.24191812060163792,0.0,0.0,0.0,0.0,0.0,0.0,-0.6009008517760906,-0.013883532894735096,-0.5701284637831563,-0.4154020717194747,0.06740269341842133,-0.4698295458928781,0.0,0.0,0.0
32.77000000000205,0.0,0.0,0.25581645870015507,0.0,0.0,0.0,0.0,0.0,0.0,-0.622716363319804,-0.020493794563271717,-0.5817319542327497,-0.43892923486374624,0.061501071784614475,-0.4801485853797574,0.0,0.0,0.0
32.78000000000205,0.0,0.0,0.26934605673494705,0.0,0.0,0.0,0.0,0.0,0.0,-0.6443359236711519,-0.027147368312617548,-0.5935072352757569,-0.4624671527067406,0.055550037745506854,-0.4906674497681941,0.0,0.0,0.0
32.790000000002046,0.0,0.0,0.28249581775266025,0.0,0.0,0.0,0.0,0.0,0.0,-0.6657383667469396,-0.03384229629907187,-0.6054517782816364,-0.4859793010215706,0.049550861956390344,-0.5013852274176794,0.0,0.0,0.0
32.80000000000204,0.0,0.0,0.2952551025492328,0.0,0.0,0.0,0.0,0.0,0.0,-0.6869033880995189,-0.040576588896598986,-0.6175629703970322,-0.5094302476498457,0.04350487994624918,-0.5123008240090352,0.0,0.0,0.0
32.81000000000204,0.0,0.0,0.3076137398307662,0.0,0.0,0.0,0.0,0.0,0.0,-0.7078115603688103,-0.04734823172634828,-0.6298381164467598,-0.5327857430189599,0.03741349146603226,-0.5234129574997134,0.0,0.0,0.0
32.82000000000204,0.0,0.0,0.31956203608803213,0.0,0.0,0.0,0.0,0.0,0.0,-0.7284443303996151,-0.05415519264254076,-0.6422744411077843,-0.5560128074177701,0.03127815950174869,-0.5347201526250576,0.0,0.0,0.0
32.83000000000204,0.0,0.0,0.3310907849664433,0.0,0.0,0.0,0.0,0.0,0.0,-0.7487840067421518,-0.06099542636878463,-0.6548690914748128,-0.5790798082315713,0.02510040868835836,-0.546220737621481,0.0,0.0,0.0
32.840000000002036,0.0,0.0,0.3421912760379595,0.0,0.0,0.0,0.0,0.0,0.0,-0.768813759762928,-0.06786686463632208,-0.6676191398491856,-0.6019565209058183,0.018881822490192986,-0.5579128428710779,0.0,0.0,0.0
32.850000000002034,0.0,0.0,0.3528553029668392,0.0,0.0,0.0,0.0,0.0,0.0,-0.7885176182546383,-0.07476740408199145,-0.6805215867106592,-0.6246141624741195,0.012624035263136197,-0.5697944015004582,0.0,0.0,0.0
32.86000000000203,0.0,0.0,0.3631228844577852,0.0,0.0,0.0,0.0,0.0,0.0,-0.8078799812165606,-0.08184165283134304,-0.6935490168862612,-0.6470254030950101,-0.012412398148452347,-0.5818631517624379,0.0,0.0,0.0
32.87000000000203,0.0,0.0,0.3729747777686185,0.0,0.0,0.0,0.0,0.0,0.0,-0.8268888302599121,-0.08907233386593383,-0.706725320488405,-0.6691645617604733,-0.01643919139631727,-0.5941268738598635,0.0,0.0,0.0
32.88000000000203,0.0,0.0,0.3823498573080344,0.0,0.0,0.0,0.0,0.0,0.0,-0.8455304538183318,-0.09629155816277413,-0.7200700148473597,-0.6910038699705766,-0.020752364183645275,-0.6065550870407226,0.0,0.0,0.0
32.890000000002026,0.0,0.0,0.3912446577919208,0.0,0.0,0.0,0.0,0.0,0.0,-0.8637887080996912,-0.10349615437500037,-0.7335507193792916,-0.712521451936163,-0.025441750036790195,-0.6191306211449511,0.0,0.0,0.0
32.900000000002024,0.0,0.0,0.3996561147860167,0.0,0.0,0.0,0.0,0.0,0.0,-0.8816522834684434,-0.11068897126357657,-0.7471690834142645,-0.7337008726834624,-0.03047187927661295,-0.6318965536896205,0.0,0.0,0.0
32.91000000000202,0.0,0.0,0.4075813294757636,0.0,0.0,0.0,0.0,0.0,0.0,-0.8991098346377112,-0.11787124822831974,-0.7609207295516631,-0.7545203870298688,-0.035804902325385385,-0.6448404341004431,0.0,0.0,0.0
32.92000000000202,0.0,0.0,0.4150176131311372,0.0,0.0,0.0,0.0,0.0,0.0,-0.9161505325995121,-0.12504394221468962,-0.7748023610968047,-0.7749609217931397,-0.0414081485153925,-0.657959557779287,0.0,0.0,0.0
32.93000000000202,0.0,0.0,0.4219625067627859,0.0,0.0,0.0,0.0,0.0,0.0,-0.9327634188456195,-0.13220756140428014,-0.7888105123459999,-0.7950046998273959,-0.04725223118103232,-0.6712493900567699,0.0,0.0,0.0
32.940000000002016,0.0,0.0,0.4284138037205897,0.0,0.0,0.0,0.0,0.0,0.0,-0.9489372402275079,-0.13936225684252346,-0.8029417503863333,-0.8146357145787071,-0.05331086251343783,-0.6847056790171743,0.0,0.0,0.0
32.950000000002014,0.0,0.0,0.4343695757373627,0.0,0.0,0.0,0.0,0.0,0.0,-0.9646604791081962,-0.14650786223480639,-0.8171926114072745,-0.833839601030081,-0.059560438917781386,-0.698324139146496,0.0,0.0,0.0
32.96000000000201,0.0,0.0,0.4398277947464667,0.0,0.0,0.0,0.0,0.0,0.0,-0.9799467330439001,-0.1536806736669627,-0.8317450731041869,-0.852603329063079,-0.06597972984998077,-0.7121005487710309,0.0,0.0,0.0
32.97000000000201,0.0,0.0,0.4447871423390335,0.0,0.0,0.0,0.0,0.0,0.0,-0.9947333259148102,-0.1608072414016921,-0.8462436966636132,-0.8708788583869508,-0.07251414673051619,-0.725785018141566,0.0,0.0,0.0
32.98000000000201,0.0,0.0,0.4492469871176906,0.0,0.0,0.0,0.0,0.0,0.0,-1.0090389700919566,-0.16793041028985467,-0.860890302770839,-0.8887358278844864,-0.0792234894332597,-0.7399108313873934,0.0,0.0,0.0
32.990000000002006,0.0,0.0,0.45320670544931385,0.0,0.0,0.0,0.0,0.0,0.0,-1.022846139090562,-0.17504108858598677,-0.8756435233291544,-0.9061097973967794,-0.08604228134398015,-0.75412618763066,0.0,0.0,0.0
33.000000000002004,0.0,0.0,0.4566660587758436,0.0,0.0,0.0,0.0,0.0,0.0,-1.0361440709795529,-0.18213970641098287,-0.8905074602763805,-0.9230007355463618,-0.09296576070265777,-0.7684929970722991,0.0,0.0,0.0
33.010000000002,0.0,0.0,0.45962519028817433,0.0,0.0,0.0,0.0,0.0,0.0,-1.0489209152128869,-0.18922470694096782,-0.9054775048072679,-0.9393969372292484,-0.09997927645329589,-0.7829954142755984,0.0,0.0,0.0
33.020000000002,0.0,0.0,0.46208463940702854,0.0,0.0,0.0,0.0,0.0,0.0,-1.0611653583849274,-0.19629479873185307,-0.9205506175721583,-0.9552891726793893,-0.1070715134914123,-0.7976324391383203,0.0,0.0,0.0
33.030000000002,0.0,0.0,0.4640453507613792,0.0,0.0,0.0,0.0,0.0,0.0,-1.0728664061976323,-0.20334854222395826,-0.9357233609951194,-0.9706678525084247,-0.11423176599294697,-0.8124002319781566,0.0,0.0,0.0
33.040000000001996,0.0,0.0,0.4655086820699889,0.0,0.0,0.0,0.0,0.0,0.0,-1.0840135133568045,-0.21038445124752592,-0.9509922715132568,-0.9855235352824492,-0.1214503348385634,-0.8272954876751194,0.0,0.0,0.0
33.050000000001994,0.0,0.0,0.466476409779409,0.0,0.0,0.0,0.0,0.0,0.0,-1.0945966288992084,-0.21740099153858683,-0.9663537845951298,-0.9998468151729291,-0.12871832994529284,-0.8423147695377278,0.0,0.0,0.0
33.06000000000199,0.0,0.0,0.4669507324955121,0.0,0.0,0.0,0.0,0.0,0.0,-1.1046062392420528,-0.22439659666996636,-0.9818042474766037,-1.0136283602357357,-0.13602760313227497,-0.8574546230450507,0.0,0.0,0.0
33.07000000000199,0.0,0.0,0.4669342729178458,0.0,0.0,0.0,0.0,0.0,0.0,-1.1140334045932794,-0.23136967784952667,-0.9973399141271557,-1.0268589465917188,-0.14337066766620718,-0.8727115401461087,0.0,0.0,0.0
33.08000000000199,0.0,0.0,0.4664300783985661,0.0,0.0,0.0,0.0,0.0,0.0,-1.1228697932719618,-0.23831863294024025,-1.0129569444545212,-1.039529504023264,-0.1507406315238055,-0.8880819561249721,0.0,0.0,0.0
33.090000000001986,0.0,0.0,0.4654416198267658,0.0,0.0,0.0,0.0,0.0,0.0,-1.131107707658333,-0.2452418539005694,-1.028651404717285,-1.0516311607707307,-0.15813113714487956,-0.9035622409734564,0.0,0.0,0.0
33.100000000001984,0.0,0.0,0.4639727889366946,0.0,0.0,0.0,0.0,0.0,0.0,-1.1387401026381374,-0.2521377327370158,-1.0444192687886769,-1.0631552937178805,-0.1655363079582173,-0.9191486915545399,0.0,0.0,0.0
33.11000000000198,0.0,0.0,0.4620278941500112,0.0,0.0,0.0,0.0,0.0,0.0,-1.1457605974346623,-0.2590046661665357,-1.0602564203329208,-1.074093580823364,-0.1729507009479295,-0.9348375251282633,0.0,0.0,0.0
33.12000000000198,0.0,0.0,0.4596116550731996,0.0,0.0,0.0,0.0,0.0,0.0,-1.152163481694018,-0.26584105915679235,-1.0761586558528242,-1.0844380532544537,-0.180369264492777,-0.9506248740500665,0.0,0.0,0.0
33.13000000000198,0.0,0.0,0.45672919577865095,0.0,0.0,0.0,0.0,0.0,0.0,-1.157943716648456,-0.2726453275063392,-1.0921216885739364,-1.094181145291053,-0.18778730082483439,-0.9665067816139226,0.0,0.0,0.0
33.140000000001976,0.0,0.0,0.45338603700158314,0.0,0.0,0.0,0.0,0.0,0.0,-1.163096932114116,-0.27941589961278046,-1.1081411531159848,-1.1033157405825178,-0.19520043252691993,-0.9824791989834236,0.0,0.0,0.0
33.150000000001974,0.0,0.0,0.4495880873855859,0.0,0.0,0.0,0.0,0.0,0.0,-1.1676194200007477,-0.2861512175620575,-1.1242126108900714,-1.111835213794504,-0.202604572561602,-0.998537983168328,0.0,0.0,0.0
33.16000000000197,0.0,0.0,0.44534163390815584,0.0,0.0,0.0,0.0,0.0,0.0,-1.1715081249303059,-0.292849737656133,-1.1403315561479967,-1.1197334670624912,-0.2099958973905382,-1.0146788960130928,0.0,0.0,0.0
33.17000000000197,0.0,0.0,0.44065333161400405,0.0,0.0,0.0,0.0,0.0,0.0,-1.1747606324859787,-0.2995099304803306,-1.1564934225976873,-1.127004960974792,-0.2173708228023645,-1.0308976041740021,0.0,0.0,0.0
33.18000000000197,0.0,0.0,0.435530192779214,0.0,0.0,0.0,0.0,0.0,0.0,-1.1773751555465184,-0.3061302805964248,-1.172693590488971,-1.1336447400440197,-0.2247259821205102,-1.0471896800685778,0.0,0.0,0.0
33.190000000001966,0.0,0.0,0.429979575623362,0.0,0.0,0.0,0.0,0.0,0.0,-1.1793505191044626,-0.31270928593381786,-1.188927394065129,-1.1396484528007391,-0.2320582065087794,-1.0635506037840372,0.0,0.0,0.0
33.200000000001964,0.0,0.0,0.4240091726797085,0.0,0.0,0.0,0.0,0.0,0.0,-1.1806861439203424,-0.3192454569387402,-1.2051901292706295,-1.1450123667658598,-0.2393645071326677,-1.07997576592979,0.0,0.0,0.0
33.21000000000196,0.0,0.0,0.4176265425485361,0.0,0.0,0.0,0.0,0.0,0.0,-1.1813822439080732,-0.3257419931005958,-1.2214756888249882,-1.1497333786393331,-0.24664205896863642,-1.0964604714127326,0.0,0.0,0.0
33.22000000000196,0.0,0.0,0.4108398481235156,0.0,0.0,0.0,0.0,0.0,0.0,-1.1814396061136325,-0.3321981556187912,-1.2377806606537622,-1.1538089144043913,-0.2538865030530433,-1.1130006114339432,0.0,0.0,0.0
33.23000000000196,0.0,0.0,0.40365809131669145,0.0,0.0,0.0,0.0,0.0,0.0,-1.1808590406639685,-0.3386080532733504,-1.2541014982664764,-1.1572367176646305,-0.26109386867789164,-1.1295895660888895,0.0,0.0,0.0
33.240000000001956,0.0,0.0,0.3960901782840459,0.0,0.0,0.0,0.0,0.0,0.0,-1.1796418895617107,-0.3449697962951701,-1.2704320105046953,-1.1600160512523676,-0.2682660597372561,-1.1462214454911461,0.0,0.0,0.0
33.250000000001954,0.0,0.0,0.38814528839892437,0.0,0.0,0.0,0.0,0.0,0.0,-1.1777903522819604,-0.3512820283635101,-1.286767703213884,-1.1621468035342133,-0.275401225936569,-1.1628939351998853,0.0,0.0,0.0
33.26000000000195,0.0,0.0,0.3798328649160589,0.0,0.0,0.0,0.0,0.0,0.0,-1.1753070505144279,-0.3575432917946144,-1.3031037426624237,-1.1636288474694898,-0.2824969374838186,-1.1796014291933028,0.0,0.0,0.0
33.27000000000195,0.0,0.0,0.3711626033261393,0.0,0.0,0.0,0.0,0.0,0.0,-1.172195089448066,-0.3637521489792901,-1.3194353840014417,-1.1644628108350485,-0.28955101001284633,-1.1963389416349952,0.0,0.0,0.0
33.28000000000195,0.0,0.0,0.36214444005738616,0.0,0.0,0.0,0.0,0.0,0.0,-1.168458024783336,-0.36990715439285626,-1.3357578864925925,-1.1646499102293402,-0.2965613279439785,-1.2131013096975398,0.0,0.0,0.0
33.290000000001946,0.0,0.0,0.3527885413293342,0.0,0.0,0.0,0.0,0.0,0.0,-1.1640998510151324,-0.3760068591094199,-1.3520665386311763,-1.1641919664932732,-0.30352587033910217,-1.2298833757071495,0.0,0.0,0.0
33.300000000001944,0.0,0.0,0.34310529222049685,0.0,0.0,0.0,0.0,0.0,0.0,-1.1591249859550314,-0.3820498082577175,-1.368356658926104,-1.163091380090824,-0.31044269366242294,-1.2466799579650558,0.0,0.0,0.0
33.31000000000194,0.0,0.0,0.33310528594358857,0.0,0.0,0.0,0.0,0.0,0.0,-1.1535382569854662,-0.3880345400493783,-1.3846236012790196,-1.1613511147423636,-0.3173099249912853,-1.2634858674538607,0.0,0.0,0.0
33.32000000000194,0.0,0.0,0.3227993133260206,0.0,0.0,0.0,0.0,0.0,0.0,-1.147344887891025,-0.3939595845281909,-1.4008627586867923,-1.158974679052448,-0.3241257538715332,-1.2802959145786121,0.0,0.0,0.0
33.33000000000194,0.0,0.0,0.31219835248272254,0.0,0.0,0.0,0.0,0.0,0.0,-1.1405504865048335,-0.3998234624775896,-1.417069566639239,-1.1559661085488908,-0.3308884253040285,-1.2971049179271423,0.0,0.0,0.0
33.340000000001936,0.0,0.0,0.3013135586626738,0.0,0.0,0.0,0.0,0.0,0.0,-1.1331610330555653,-0.4056246844219604,-1.4332395059327079,-1.1523299478036655,-0.33759623322643034,-1.313907712295572,0.0,0.0,0.0
33.350000000001934,0.0,0.0,0.2901562542454616,0.0,0.0,0.0,0.0,0.0,0.0,-1.1251828691307568,-0.4113617497671478,-1.4493681049904874,-1.1480712328981166,-0.3442475145532016,-1.3306991564596156,0.0,0.0,0.0
33.36000000000193,0.0,0.0,0.27873791886088173,0.0,0.0,0.0,0.0,0.0,0.0,-1.11662268712147,-0.41703314610056985,-1.4654509417085644,-1.1431954743505255,-0.35084064369350404,-1.3474741404828043,0.0,0.0,0.0
33.37000000000193,0.0,0.0,0.2670701796029873,0.0,0.0,0.0,0.0,0.0,0.0,-1.1074875199845238,-0.4226373486757651,-1.4814836448672075,-1.1377086406321806,-0.35737402750888014,-1.3642275925247798,0.0,0.0,0.0
33.38000000000193,0.0,0.0,0.2551648013095627,0.0,0.0,0.0,0.0,0.0,0.0,-1.0977847311293232,-0.4281728201036321,-1.4974618951489012,-1.1316171423668928,-0.3638461006731134,-1.380954485095145,0.0,0.0,0.0
33.390000000001926,0.0,0.0,0.24303367687950433,0.0,0.0,0.0,0.0,0.0,0.0,-1.0875220042125497,-0.43363801027114723,-1.513381425805609,-1.1249278172806993,-0.37025532140577233,-1.3976498407227191,0.0,0.0,0.0
33.400000000001924,0.0,0.0,0.23068881760285154,0.0,0.0,0.0,0.0,0.0,0.0,-1.0767073326045258,-0.4390313565061632,-1.5292380230192961,-1.1176479159364776,-0.3766001675574335,-1.4143087370234575,0.0,0.0,0.0
33.41000000000192,0.0,0.0,0.21814234348231762,0.0,0.0,0.0,0.0,0.0,0.0,-1.0653490082767645,-0.4443512840043269,-1.5450275259991582,-1.1097850882544977,-0.3828791330309428,-1.430926311165381,0.0,0.0,0.0
33.42000000000192,0.0,0.0,0.20540647352979924,0.0,0.0,0.0,0.0,0.0,0.0,-1.0534556098505428,-0.44959620653107013,-1.5607458268579801,-1.1013473707859063,-0.3890907245286235,-1.4474977637408806,0.0,0.0,0.0
33.43000000000192,0.0,0.0,0.19249351602691828,0.0,0.0,0.0,0.0,0.0,0.0,-1.0410359895418295,-0.45476452740833473,-1.5763888703081215,-1.092343174672551,-0.3952334586202304,-1.464018362068179,0.0,0.0,0.0
33.440000000001916,0.0,0.0,0.1794158587452383,0.0,0.0,0.0,0.0,0.0,0.0,-1.0280992587377993,-0.4598546407916775,-1.5919526532151484,-1.0827812741945653,-0.40130585913067257,-1.4804834429523777,0.0,0.0,0.0
33.450000000001914,0.0,0.0,0.16618595912820416,0.0,0.0,0.0,0.0,0.0,0.0,-1.0146547719444428,-0.4648649332393586,-1.60743322404418,-1.0726707957772905,-0.40730645484990136,-1.4968884149439292,0.0,0.0,0.0
33.46000000000191,0.0,0.0,0.15281633444393372,0.0,0.0,0.0,0.0,0.0,0.0,-1.0007121088527398,-0.46979378557041107,-1.6228266822311688,-1.0620212073028978,-0.4132337775700641,-1.5132287601375118,0.0,0.0,0.0
33.47000000000191,0.0,0.0,0.13931955192490542,0.0,0.0,0.0,0.0,0.0,0.0,-0.9862810542813476,-0.47463957500392917,-1.6381291775079612,-1.0508423075492166,-0.41908636045684455,-1.5295000355580883,0.0,0.0,0.0
33.48000000000191,0.0,0.0,0.12570821891726736,0.0,0.0,0.0,0.0,0.0,0.0,-0.9713715757660331,-0.47940067756693505,-1.653336909207003,-1.0391442155603494,-0.42486273676310327,-1.5456978741828642,0.0,0.0,0.0
33.490000000001906,0.0,0.0,0.1119949730685243,0.0,0.0,0.0,0.0,0.0,0.0,-0.9559937985770732,-0.4840754707530399,-1.668446125568645,-1.0269373597408054,-0.43056143889316917,-1.5618179856486474,0.0,0.0,0.0
33.500000000001904,0.0,0.0,0.09819247258846418,0.0,0.0,0.0,0.0,0.0,0.0,-0.9401579779524614,-0.4886623364090119,-1.683453123072006,-1.0142324664582112,-0.43618099782587894,-1.5778561566936422,0.0,0.0,0.0
33.5100000000019,0.0,0.0,0.08431338662254695,0.0,0.0,0.0,0.0,0.0,0.0,-0.9238744683299909,-0.49315966382109755,-1.6983542458092002,-1.0010405479401305,-0.4417199429034549,-1.5938082513815368,0.0,0.0,0.0
33.5200000000019,0.0,0.0,0.07037027290223569,0.0,0.0,0.0,0.0,0.0,0.0,-0.9071420220764677,-0.49756583892535255,-1.713147986344727,-0.9873728892610197,-0.4471768019919227,-1.609670211153943,0.0,0.0,0.0
33.5300000000019,0.0,0.0,0.056375896927370855,0.0,0.0,0.0,0.0,0.0,0.0,-0.8899772589491848,-0.501878574686974,-1.727827313843068,-0.9732465457268347,-0.452550107860354,-1.6254369515695224,0.0,0.0,0.0
33.540000000001896,0.0,0.0,0.04234301219196614,0.0,0.0,0.0,0.0,0.0,0.0,-0.8724067584609472,-0.5060969243349067,-1.7423874778356905,-0.9586732112305993,-0.4578392748788512,-1.6411082735058125,0.0,0.0,0.0
33.550000000001894,0.0,0.0,0.028284171002180336,0.0,0.0,0.0,0.0,0.0,0.0,-0.8544369078797558,-0.5102202842716652,-1.7568287560943574,-0.9436464989377719,-0.4630418833354553,-1.656680256596183,0.0,0.0,0.0
33.56000000000189,0.0,0.0,0.014211937740470845,0.0,0.0,0.0,0.0,0.0,0.0,-0.8360741952364688,-0.5142465281436444,-1.7711468273963284,-0.9281854026109125,-0.46815528250342936,-1.6721428817777473,0.0,0.0,0.0
33.57000000000189,0.0,0.0,0.00013885008736118365,0.0,0.0,0.0,0.0,0.0,0.0,-0.8173264402685572,-0.5181740099094929,-1.7853383817585622,-0.912307630601055,-0.47317900076396635,-1.6874953342376358,0.0,0.0,0.0
33.58000000000189,0.0,0.0,-0.01392259578523064,0.0,0.0,0.0,0.0,0.0,0.0,-0.7982024252651163,-0.5220011312581785,-1.79939990254523,-0.8960282050404851,-0.47811181845064393,-1.7027344257813395,0.0,0.0,0.0
33.590000000001886,0.0,0.0,-0.027959959479966337,0.0,0.0,0.0,0.0,0.0,0.0,-0.778711817450997,-0.5257264259725902,-1.8133279581234196,-0.8793606087224846,-0.48295246454787083,-1.7178572052195247,0.0,0.0,0.0
33.600000000001884,0.0,0.0,-0.04196086933487289,0.0,0.0,0.0,0.0,0.0,0.0,-0.7588650513388044,-0.5293485253463519,-1.8271191373581495,-0.8623172621736491,-0.48769952457683197,-1.7328604290366743,0.0,0.0,0.0
33.61000000000188,0.0,0.0,-0.05591303466830727,0.0,0.0,0.0,0.0,0.0,0.0,-0.738673244469358,-0.5328661545796765,-1.8407700676714551,-0.8449099672355436,-0.49235151979308384,-1.747740753886389,0.0,0.0,0.0
33.62000000000188,0.0,0.0,-0.06980425734684106,0.0,0.0,0.0,0.0,0.0,0.0,-0.7181481242932786,-0.5362781243044887,-1.8542774131015678,-0.8271502120689719,-0.49690693320509455,-1.7624947450344977,0.0,0.0,0.0
33.63000000000188,0.0,0.0,-0.08362223900635701,0.0,0.0,0.0,0.0,0.0,0.0,-0.6972795658096906,-0.539583311137914,-1.8676417181814395,-0.8090493974459729,-0.5013642379987452,-1.77711891638059,0.0,0.0,0.0
33.640000000001876,0.0,0.0,-0.09735480719514503,0.0,0.0,0.0,0.0,0.0,0.0,-0.6760690391130668,-0.5427793591903454,-1.880857323900744,-0.7906290871859378,-0.5057219238136608,-1.7916077055304065,0.0,0.0,0.0
33.650000000001874,0.0,0.0,-0.11099011631300541,0.0,0.0,0.0,0.0,0.0,0.0,-0.6545380865263333,-0.545865104908966,-1.8939181676683465,-0.7719110836909101,-0.5099802011910161,-1.8059623797631879,0.0,0.0,0.0
33.66000000000187,0.0,0.0,-0.12451628959390094,0.0,0.0,0.0,0.0,0.0,0.0,-0.6326934606800574,-0.5488405595447565,-1.9068242111228695,-0.7528891948516128,-0.5141375507095387,-1.8201831225016887,0.0,0.0,0.0
33.67000000000187,0.0,0.0,-0.13792153261135523,0.0,0.0,0.0,0.0,0.0,0.0,-0.6105407192621406,-0.5517044523040733,-1.9195717849378031,-0.733575242876029,-0.5181910803085791,-1.8342607515682485,0.0,0.0,0.0
33.68000000000187,0.0,0.0,-0.15119416462934765,0.0,0.0,0.0,0.0,0.0,0.0,-0.5880853835831437,-0.5544558742485934,-1.932158033948625,-0.7139818702349555,-0.5221399663609501,-1.8481938275453367,0.0,0.0,0.0
33.69000000000187,0.0,0.0,-0.16432262921623372,0.0,0.0,0.0,0.0,0.0,0.0,-0.5653329386998514,-0.5570939369574575,-1.944579910538726,-0.6941208607486566,-0.5259829540014049,-1.8619792198305183,0.0,0.0,0.0
33.700000000001864,0.0,0.0,-0.1772955077805417,0.0,0.0,0.0,0.0,0.0,0.0,-0.5422890964445413,-0.5596178623078432,-1.956834404992619,-0.6740034107094969,-0.5297188959464574,-1.8756141914590987,0.0,0.0,0.0
33.71000000000186,0.0,0.0,-0.1901015354242923,0.0,0.0,0.0,0.0,0.0,0.0,-0.5189600619195676,-0.5620269693059816,-1.9689184815132161,-0.6536400434396684,-0.5333466256200102,-1.8890958799963389,0.0,0.0,0.0
33.72000000000186,0.0,0.0,-0.20272961947029922,0.0,0.0,0.0,0.0,0.0,0.0,-0.49535285546717733,-0.5643206853778242,-1.9808290865448848,-0.6330406153116127,-0.5368649886950989,-1.9024213950358484,0.0,0.0,0.0
33.73000000000186,0.0,0.0,-0.21516886026374357,0.0,0.0,0.0,0.0,0.0,0.0,-0.4714756588688256,-0.5664985506716729,-1.9925631436508318,-0.6122143224944302,-0.5402728362109491,-1.91558776432317,0.0,0.0,0.0
33.74000000000186,0.0,0.0,-0.22740857359685446,0.0,0.0,0.0,0.0,0.0,0.0,-0.44733816653591174,-0.5685602215223993,-2.004117556673169,-0.5911697461892457,-0.5435690276015968,-1.9285919138976988,0.0,0.0,0.0
33.750000000001855,0.0,0.0,-0.23943831374659624,0.0,0.0,0.0,0.0,0.0,0.0,-0.4229519137525566,-0.5705054701670473,-2.0154892169081497,-0.5699149423131459,-0.5467524335347268,-1.9414306414447158,0.0,0.0,0.0
33.76000000000185,0.0,0.0,-0.2512478958664024,0.0,0.0,0.0,0.0,0.0,0.0,-0.39833055336820844,-0.5723341800517323,-2.0266750156048143,-0.5484575853270297,-0.5498219422833578,-1.9541005966515925,0.0,0.0,0.0
33.77000000000185,0.0,0.0,-0.26282741635535145,0.0,0.0,0.0,0.0,0.0,0.0,-0.37349005388670364,-0.5740463358346375,-2.0376718609869577,-0.526805169113109,-0.5527764696979727,-1.966598269573766,0.0,0.0,0.0
33.78000000000185,0.0,0.0,-0.27416672487004423,0.0,0.0,0.0,0.0,0.0,0.0,-0.34846210603832417,-0.5756732620032583,-2.0485742904123816,-0.5049652616660052,-0.5556149731512765,-1.9789199907386188,0.0,0.0,0.0
33.79000000000185,0.0,0.0,-0.2852565788011172,0.0,0.0,0.0,0.0,0.0,0.0,-0.3232370103584894,-0.5771451591375394,-2.0591780544036764,-0.48292856180215576,-0.5582954008427266,-1.9909050354039108,0.0,0.0,0.0
33.800000000001845,0.0,0.0,-0.29608855399381273,0.0,0.0,0.0,0.0,0.0,0.0,-0.29785871842128975,-0.5785095274938694,-2.069608398714978,-0.46074598159622204,-0.5609166703893513,-2.002926095313553,0.0,0.0,0.0
33.81000000000184,0.0,0.0,-0.3066539738700015,0.0,0.0,0.0,0.0,0.0,0.0,-0.2723476624770622,-0.5797560127905186,-2.0798324789430476,-0.4383958688750596,-0.5634045379382482,-2.0147058630260593,0.0,0.0,0.0
33.82000000000184,0.0,0.0,-0.31694450383451056,0.0,0.0,0.0,0.0,0.0,0.0,-0.2467314953162243,-0.5808873972205806,-2.089854900511525,-0.41589624108182394,-0.5657751367240593,-2.0263047548933875,0.0,0.0,0.0
33.83000000000184,0.0,0.0,-0.3269502134984814,0.0,0.0,0.0,0.0,0.0,0.0,-0.2210377465535971,-0.5818934920100638,-2.0996747842778962,-0.393258264005073,-0.5680240460250766,-2.0377036323584257,0.0,0.0,0.0
33.84000000000184,0.0,0.0,-0.33666429313258517,0.0,0.0,0.0,0.0,0.0,0.0,-0.19529464965264398,-0.5827774391095737,-2.109285066290764,-0.37049686527228365,-0.5701560476102443,-2.0489007724577157,0.0,0.0,0.0
33.850000000001835,0.0,0.0,-0.34608179046935283,0.0,0.0,0.0,0.0,0.0,0.0,-0.16953164262281706,-0.5835529437592593,-2.1186809388669134,-0.34762891617017255,-0.5721725528885403,-2.0598977058828236,0.0,0.0,0.0
33.86000000000183,0.0,0.0,-0.3551950976531776,0.0,0.0,0.0,0.0,0.0,0.0,-0.1437784165564986,-0.5842196077861912,-2.1278656023177587,-0.3246721201645188,-0.5740594330380187,-2.0706918597913755,0.0,0.0,0.0
33.87000000000183,0.0,0.0,-0.3639969254503747,0.0,0.0,0.0,0.0,0.0,0.0,-0.1180634222936876,-0.5847747245494554,-2.136835848925488,-0.3016458082931464,-0.5758183191926981,-2.081270238598469,0.0,0.0,0.0
33.88000000000183,0.0,0.0,-0.3724803469650613,0.0,0.0,0.0,0.0,0.0,0.0,-0.09241475724331827,-0.5852163567801414,-2.1455900105006624,-0.2785721739972141,-0.5774535354076866,-2.0916337462687697,0.0,0.0,0.0
33.89000000000183,0.0,0.0,-0.3806387771371154,0.0,0.0,0.0,0.0,0.0,0.0,-0.06685966907197272,-0.5855426539674502,-2.154126131270779,-0.25547444507705674,-0.5789675514510628,-2.101780122619735,0.0,0.0,0.0
33.900000000001825,0.0,0.0,-0.3884659569905131,0.0,0.0,0.0,0.0,0.0,0.0,-0.04142443255050732,-0.5857519707461805,-2.162442401880732,-0.23237701455730905,-0.5803622282310544,-2.1117078966194662,0.0,0.0,0.0
33.91000000000182,0.0,0.0,-0.3959559413089767,0.0,0.0,0.0,0.0,0.0,0.0,-0.01613421197221987,-0.5858428041059511,-2.1705370446900716,-0.20930510750651377,-0.5816387592374399,-2.121415477280846,0.0,0.0,0.0
33.92000000000182,0.0,0.0,-0.40310308971715875,0.0,0.0,0.0,0.0,0.0,0.0,0.008987007187474472,-0.5858137858742278,-2.178408332403866,-0.18628453308438603,-0.5827978724867339,-2.130901400668086,0.0,0.0,0.0
33.93000000000182,0.0,0.0,-0.40990206046346533,0.0,0.0,0.0,0.0,0.0,0.0,0.03391644859229026,-0.5856636704871736,-2.1860545758233827,-0.16334141471441252,-0.5838399251502595,-2.1401642786372683,0.0,0.0,0.0
33.94000000000182,0.0,0.0,-0.41634780637025104,0.0,0.0,0.0,0.0,0.0,0.0,0.058632541785115455,-0.5853913300350309,-2.1934741207310102,-0.1405019412120776,-0.5847649906917375,-2.1492028065724527,0.0,0.0,0.0
33.950000000001815,0.0,0.0,-0.4224355724366814,0.0,0.0,0.0,0.0,0.0,0.0,0.08311489551946938,-0.5849957516442528,-2.200665344290979,-0.11779214159079403,-0.5855729230185752,-2.1580157485008606,0.0,0.0,0.0
33.96000000000181,0.0,0.0,-0.4281608946598715,0.0,0.0,0.0,0.0,0.0,0.0,0.1073442551765329,-0.584476036793899,-2.2076266532007374,-0.09523769085610381,-0.5862634079902279,-2.1666019232740177,0.0,0.0,0.0
33.97000000000181,0.0,0.0,-0.4335195997158544,0.0,0.0,0.0,0.0,0.0,0.0,0.13130245076616354,-0.583831401466484,-2.214356482866727,-0.07286374889798503,-0.586836004697365,-2.174960189073291,0.0,0.0,0.0
33.98000000000181,0.0,0.0,-0.4385062273132321,0.0,0.0,0.0,0.0,0.0,0.0,0.1549721359816565,-0.583047443740691,-2.220857937033088,-0.05069483253293065,-0.5872901795003315,-2.18308942903107,0.0,0.0,0.0
33.99000000000181,0.0,0.0,-0.4431168783070212,0.0,0.0,0.0,0.0,0.0,0.0,0.17833760439091928,-0.5821169258994869,-2.227126200792375,-0.028754656414556677,-0.5876311242845406,-2.1909860083711266,0.0,0.0,0.0
34.000000000001805,0.0,0.0,-0.447340526465315,0.0,0.0,0.0,0.0,0.0,0.0,0.20167226341934974,-0.5810467290822183,-2.233185996313307,0.022510177056208308,-0.5878651372616804,-2.1986549799491595,0.0,0.0,0.0
34.0100000000018,0.0,0.0,-0.45117569037723293,0.0,0.0,0.0,0.0,0.0,0.0,0.22492515940395474,-0.5798249885595506,-2.2390019457585693,0.04067383988756538,-0.5879798665548314,-2.2060831234744214,0.0,0.0,0.0
34.0200000000018,0.0,0.0,-0.4546295329640497,0.0,0.0,0.0,0.0,0.0,0.0,0.2477615878599002,-0.5784523487926552,-2.24454977576469,0.05963073985961868,-0.5879858286234906,-2.2133105108233004,0.0,0.0,0.0
34.0300000000018,0.0,0.0,-0.45769908418568217,0.0,0.0,0.0,0.0,0.0,0.0,0.2701802182954691,-0.5769364837265183,-2.2498656510306194,0.07950151552813768,-0.5878738885841258,-2.220348679613218,0.0,0.0,0.0
34.0400000000018,0.0,0.0,-0.46038172781746833,0.0,0.0,0.0,0.0,0.0,0.0,0.29218365322309614,-0.5752685492816765,-2.254939927013066,0.10014665448678799,-0.5876265837352376,-2.2271225121950935,0.0,0.0,0.0
34.050000000001795,0.0,0.0,-0.4626753639371821,0.0,0.0,0.0,0.0,0.0,0.0,0.31377135212298835,-0.5734435811493612,-2.259773569150483,0.12142751158345011,-0.5872509457460475,-2.233654589520173,0.0,0.0,0.0
34.06000000000179,0.0,0.0,-0.46457839054543376,0.0,0.0,0.0,0.0,0.0,0.0,0.33494126879182806,-0.5714559752454895,-2.264364913884802,0.14321428156639007,-0.5867467194027184,-2.2399433072799764,0.0,0.0,0.0
34.07000000000179,0.0,0.0,-0.4660896931026677,0.0,0.0,0.0,0.0,0.0,0.0,0.3556897886411876,-0.5693005784509806,-2.2687129085380473,0.16538469725736651,-0.5861138234466963,-2.245991702253656,0.0,0.0,0.0
34.08000000000179,0.0,0.0,-0.467208635030609,0.0,0.0,0.0,0.0,0.0,0.0,0.37601201064586687,-0.5669724547213213,-2.2728163331561273,0.18782465689783817,-0.5853508542346721,-2.251800690762525,0.0,0.0,0.0
34.09000000000179,0.0,0.0,-0.4679350491759872,0.0,0.0,0.0,0.0,0.0,0.0,0.3959018987494132,-0.564467011060692,-2.2766739960076965,0.21042835093538304,-0.584455687375059,-2.2573709169588825,0.0,0.0,0.0
34.100000000001785,0.0,0.0,-0.46826922825436484,0.0,0.0,0.0,0.0,0.0,0.0,0.41535242897493196,-0.5617800685089045,-2.2802846907942316,0.23309841174653845,-0.5834255102858865,-2.262702457677295,0.0,0.0,0.0
34.11000000000178,0.0,0.0,-0.4682119130567338,0.0,0.0,0.0,0.0,0.0,0.0,0.43435571403534046,-0.5589079708014046,-2.2836472114266355,0.25574591827119786,-0.5822569522321834,-2.267795009241337,0.0,0.0,0.0
34.12000000000178,0.0,0.0,-0.46776427740330334,0.0,0.0,0.0,0.0,0.0,0.0,0.4529031205010896,-0.5558476994893033,-2.2867603534513563,0.27829027835532655,-0.5809461674369369,-2.272647926997231,0.0,0.0,0.0
34.13000000000178,0.0,0.0,-0.4669279092115458,0.0,0.0,0.0,0.0,0.0,0.0,0.47098538416953306,-0.5525969934112367,-2.2896229202015723,0.3006589829597797,-0.5794889199232112,-2.2772602784677334,0.0,0.0,0.0
34.14000000000178,0.0,0.0,-0.4657047874404967,0.0,0.0,0.0,0.0,0.0,0.0,0.48859272957888145,-0.5491544627531537,-2.292233729847786,0.3227872464915685,-0.5778806690264751,-2.281630877705648,0.0,0.0,0.0
34.150000000001775,0.0,0.0,-0.4640972550974601,0.0,0.0,0.0,0.0,0.0,0.0,0.5057149971202928,-0.5455196896923713,-2.294591624553905,0.3446175517738967,-0.5761166637140432,-2.28575831450576,0.0,0.0,0.0
34.16000000000177,0.0,0.0,-0.46210798890584076,0.0,0.0,0.0,0.0,0.0,0.0,0.522341779066622,-0.5416933077790644,-2.296695481406825,0.3660991228419524,-0.574192048786149,-2.289640980026031,0.0,0.0,0.0
34.17000000000177,0.0,0.0,-0.4597399665976772,0.0,0.0,0.0,0.0,0.0,0.0,0.5384625635809903,-0.5376770535038649,-2.298544224858521,0.3871873503898734,-0.5721019843921508,-2.29327709239903,0.0,0.0,0.0
34.18000000000177,0.0,0.0,-0.4569959190175575,0.0,0.0,0.0,0.0,0.0,0.0,0.5540901077270295,-0.5334737322126051,-2.300138586108735,0.4078431945902623,-0.5698417778566847,-2.296664724448553,0.0,0.0,0.0
34.19000000000177,0.0,0.0,-0.4538794755042884,0.0,0.0,0.0,0.0,0.0,0.0,0.5692089150528978,-0.529086803349653,-2.3014752706215518,0.42802342571575747,-0.5674070475580436,-2.299800875826367,0.0,0.0,0.0
34.200000000001765,0.0,0.0,-0.4503949332364288,0.0,0.0,0.0,0.0,0.0,0.0,0.5837809632148779,-0.5245216757909592,-2.302552119008169,0.44769571228062705,-0.5647945210380653,-2.3026863736428025,0.0,0.0,0.0
34.21000000000176,0.0,0.0,-0.4465461036490094,0.0,0.0,0.0,0.0,0.0,0.0,0.5977977891904938,-0.51978499264531,-2.3033707022251555,0.4668612203901076,-0.5620001785013655,-2.305319544988339,0.0,0.0,0.0
34.22000000000176,0.0,0.0,-0.44233694791370237,0.0,0.0,0.0,0.0,0.0,0.0,0.6112518706160965,-0.5148833281261407,-2.3039298754472664,0.4854936140601369,-0.5590204519421459,-2.3076936307246445,0.0,0.0,0.0
34.23000000000176,0.0,0.0,-0.437771561752822,0.0,0.0,0.0,0.0,0.0,0.0,0.6241362195737524,-0.5098241997113511,-2.3042292577895394,0.5035696685825135,-0.5558539871373501,-2.309807978002058,0.0,0.0,0.0
34.24000000000176,0.0,0.0,-0.43285416027587614,0.0,0.0,0.0,0.0,0.0,0.0,0.6364445322622456,-0.5046156632877445,-2.3042684280303414,0.5210694766761185,-0.5524999678398426,-2.311660545640635,0.0,0.0,0.0
34.250000000001755,0.0,0.0,-0.42758906837462124,0.0,0.0,0.0,0.0,0.0,0.0,0.6481712474190405,-0.49926620941090327,-2.304047126940993,0.5379759559996184,-0.548958595528932,-2.313249712414327,0.0,0.0,0.0
34.26000000000175,0.0,0.0,-0.4219807165030909,0.0,0.0,0.0,0.0,0.0,0.0,0.6593116027066023,-0.49378458498606825,-2.3035652102967177,0.5542745238819792,-0.5452310488199453,-2.3145738966180724,0.0,0.0,0.0
34.27000000000175,0.0,0.0,-0.416033641328485,0.0,0.0,0.0,0.0,0.0,0.0,0.669861667460767,-0.48817963994178104,-2.3028226593617775,0.56995279948519,-0.5413195249706045,-2.315631701371293,0.0,0.0,0.0
34.28000000000175,0.0,0.0,-0.409752490565179,0.0,0.0,0.0,0.0,0.0,0.0,0.6798183583315182,-0.4824601817265868,-2.3018195746060246,0.5850003617578031,-0.5372272185920143,-2.3164219218124096,0.0,0.0,0.0
34.29000000000175,0.0,0.0,-0.40314203118251724,0.0,0.0,0.0,0.0,0.0,0.0,0.6891794382156089,-0.476634846998762,-2.300556171290532,0.5994085486345654,-0.532958275827344,-2.3169435751913974,0.0,0.0,0.0
34.300000000001745,0.0,0.0,-0.3962071601335477,0.0,0.0,0.0,0.0,0.0,0.0,0.697943500803716,-0.4707119917364717,-2.2990327729839493,0.6131702927315827,-0.5285177198588283,-2.3171959145562986,0.0,0.0,0.0
34.31000000000174,0.0,0.0,-0.3889529167674094,0.0,0.0,0.0,0.0,0.0,0.0,0.706109942878809,-0.4646996012767506,-2.29724980455844,0.6262799863880664,-0.5239113550739929,-2.3171784360455643,0.0,0.0,0.0
34.32000000000174,0.0,0.0,-0.38138449615068964,0.0,0.0,0.0,0.0,0.0,0.0,0.7136789266829063,-0.4586052202372439,-2.295207784826264,0.6387333699142353,-0.5191456551870475,-2.316890878253453,0.0,0.0,0.0
34.33000000000174,0.0,0.0,-0.37350726261658085,0.0,0.0,0.0,0.0,0.0,0.0,0.7206513346457732,-0.4524359014432733,-2.2929073192370417,0.6505274373944601,-0.514227641293119,-2.3163332153018477,0.0,0.0,0.0
34.34000000000174,0.0,0.0,-0.36532676297074035,0.0,0.0,0.0,0.0,0.0,0.0,0.727028718701882,-0.4461981722929087,-2.2903490928996715,0.6616603551997472,-0.5091647553843901,-2.3155056447066604,0.0,0.0,0.0
34.350000000001735,0.0,0.0,-0.35684873889680285,0.0,0.0,0.0,0.0,0.0,0.0,0.7328132462913006,-0.4398980165778359,-2.287533864135625,0.6721313891839605,-0.5039647343028637,-2.3144085713556017,0.0,0.0,0.0
34.36000000000173,0.0,0.0,-0.3480791382139534,0.0,0.0,0.0,0.0,0.0,0.0,0.7380076449656462,-0.4335408695705656,-2.284462458694832,0.6819408373720175,-0.49863548831576693,-2.3130425888394717,0.0,0.0,0.0
34.37000000000173,0.0,0.0,-0.33902412473757865,0.0,0.0,0.0,0.0,0.0,0.0,0.7426151473097756,-0.42713162415471073,-2.2811357647060495,0.6910899657403676,-0.4931849876267785,-2.311408459287192,0.0,0.0,0.0
34.38000000000173,0.0,0.0,-0.32969364410876967,0.0,0.0,0.0,0.0,0.0,0.0,0.7466394490247015,-0.4206418518647608,-2.277562897268492,0.6995809454152695,-0.48762115924841953,-2.3095070927037273,0.0,0.0,0.0
34.39000000000173,0.0,0.0,-0.32009393077150167,0.0,0.0,0.0,0.0,0.0,0.0,0.7500851594343204,-0.41408092488391457,-2.273733940088541,0.7074167857897216,-0.4819650334209433,-2.3073350415862626,0.0,0.0,0.0
34.400000000001725,0.0,0.0,-0.3102275168910865,0.0,0.0,0.0,0.0,0.0,0.0,0.7529563719717368,-0.4074928487386056,-2.2696437961545834,0.7146005415883704,-0.4762297889584598,-2.3049071588089327,0.0,0.0,0.0
34.41000000000172,0.0,0.0,-0.30010150097203864,0.0,0.0,0.0,0.0,0.0,0.0,0.7552571702501892,-0.400881249164069,-2.2653043566560154,0.7211373283946694,-0.4703823479158924,-2.302227069924468,0.0,0.0,0.0
34.42000000000172,0.0,0.0,-0.28972329901351634,0.0,0.0,0.0,0.0,0.0,0.0,0.756992846626835,-0.3942457822599663,-2.260714418403021,0.7270332745318724,-0.4644330697482137,-2.299274672737476,0.0,0.0,0.0
34.43000000000172,0.0,0.0,-0.27910057025258395,0.0,0.0,0.0,0.0,0.0,0.0,0.7581687148785636,-0.3875867978111227,-2.2558758399177554,0.7322936208996612,-0.458395722552438,-2.2960580917712146,0.0,0.0,0.0
34.44000000000172,0.0,0.0,-0.26824121448351085,0.0,0.0,0.0,0.0,0.0,0.0,0.7587903419285061,-0.38090440358983546,-2.250789764970394,0.7369245538992364,-0.45228100230837537,-2.2925786061831186,0.0,0.0,0.0
34.450000000001715,0.0,0.0,-0.25715336802479816,0.0,0.0,0.0,0.0,0.0,0.0,0.7588634679305414,-0.37419867769147386,-2.2454575466624402,0.7409327039766945,-0.44609823290707584,-2.288838878802596,0.0,0.0,0.0
34.46000000000171,0.0,0.0,-0.24584539877855235,0.0,0.0,0.0,0.0,0.0,0.0,0.7583940082373675,-0.36746961380468557,-2.2398805276745968,0.7443251804306263,-0.4398552886938577,-2.2848410099766188,0.0,0.0,0.0
34.47000000000171,0.0,0.0,-0.234325900069268,0.0,0.0,0.0,0.0,0.0,0.0,0.7573880403126733,-0.3607171381409966,-2.234060097445936,0.7471094825063098,-0.4335588831997957,-2.2805870551702734,0.0,0.0,0.0
34.48000000000171,0.0,0.0,-0.222603683444498,0.0,0.0,0.0,0.0,0.0,0.0,0.7558517987611978,-0.3539411146964757,-2.2279976816946223,0.7492934488168208,-0.4272147222154881,-2.276078936180911,0.0,0.0,0.0
34.49000000000171,0.0,0.0,-0.2106877705110336,0.0,0.0,0.0,0.0,0.0,0.0,0.7537916722560243,-0.3471413569469117,-2.221694747930467,0.7508852053938637,-0.42082765119328064,-2.2713184927213836,0.0,0.0,0.0
34.500000000001705,0.0,0.0,-0.19858738391198075,0.0,0.0,0.0,0.0,0.0,0.0,0.7512142032541037,-0.34031764026782696,-2.2151528067310164,0.7518931219331915,-0.4144017740274975,-2.2663074947961226,0.0,0.0,0.0
34.5100000000017,0.0,0.0,-0.1863119375429558,0.0,0.0,0.0,0.0,0.0,0.0,0.7481260896276143,-0.3334697153914825,-2.208373413724105,0.7523257737000888,-0.4079405548645828,-2.261047660559336,0.0,0.0,0.0
34.5200000000017,0.0,0.0,-0.17387102610533017,0.0,0.0,0.0,0.0,0.0,0.0,0.744534187768831,-0.3265973220348548,-2.2013581711095846,0.7521919094364558,-0.4014469049450399,-2.2555406696983527,0.0,0.0,0.0
34.5300000000017,0.0,0.0,-0.16127441409007282,0.0,0.0,0.0,0.0,0.0,0.0,0.7404455166423541,-0.31970020231455987,-2.194108729026169,0.7515004248206052,-0.3949232576881751,-2.249788175412514,0.0,0.0,0.0
34.5400000000017,0.0,0.0,-0.14853202428155501,0.0,0.0,0.0,0.0,0.0,0.0,0.7358672623162825,-0.31277811360584273,-2.1866267867072264,0.7502603411393064,-0.38837163410741166,-2.2437918147404323,0.0,0.0,0.0
34.550000000001695,0.0,0.0,-0.13565392586480687,0.0,0.0,0.0,0.0,0.0,0.0,0.7308067825384401,-0.30583084061404797,-2.178914093453126,0.7484807887302679,-0.3817937002687394,-2.237553217668872,0.0,0.0,0.0
34.56000000000169,0.0,0.0,-0.12265032221380023,0.0,0.0,0.0,0.0,0.0,0.0,0.7252716109714761,-0.29885820649497985,-2.1709724494247262,0.7461709947174507,-0.37519081810091254,-2.231074015199702,0.0,0.0,0.0
34.57000000000169,0.0,0.0,-0.10953153843212692,0.0,0.0,0.0,0.0,0.0,0.0,0.7192694607491172,-0.29186008291797183,-2.1628037062661503,0.7433402745263148,-0.36856409058328093,-2.2243558465439266,0.0,0.0,0.0
34.58000000000169,0.0,0.0,-0.09630800871068108,0.0,0.0,0.0,0.0,0.0,0.0,0.712808227065968,-0.2848363990091678,-2.154409767562605,0.7399980266479751,-0.3619144021140496,-2.2174003655616183,0.0,0.0,0.0
34.59000000000169,0.0,0.0,-0.08299026356025618,0.0,0.0,0.0,0.0,0.0,0.0,0.7058959885621378,-0.27778714914701896,-2.145792589138644,0.7361537301155472,-0.3552424546921897,-2.2102092465399332,0.0,0.0,0.0
34.600000000001685,0.0,0.0,-0.06958891697058892,0.0,0.0,0.0,0.0,0.0,0.0,0.6985410073113596,-0.27071239960855986,-2.1369541792015347,0.7318169441626717,-0.3485488004161057,-2.202784189378926,0.0,0.0,0.0
34.61000000000168,0.0,0.0,-0.05611465354044536,0.0,0.0,0.0,0.0,0.0,0.0,0.6907517272655195,-0.263612294085926,-2.127896598334137,0.7269973095513602,-0.34183387070299626,-2.19512692423894,0.0,0.0,0.0
34.62000000000168,0.0,0.0,-0.04257821561733078,0.0,0.0,0.0,0.0,0.0,0.0,0.6825367710494099,-0.2564870581082297,-2.118621959341333,0.7217045510823519,-0.33509800255685845,-2.1872392156915232,0.0,0.0,0.0
34.63000000000168,0.0,0.0,-0.02899039047905251,0.0,0.0,0.0,0.0,0.0,0.0,0.6739049350361257,-0.24933700241621204,-2.109132426953789,0.7159484808343927,-0.3283414621555848,-2.1791228664071873,0.0,0.0,0.0
34.64000000000168,0.0,0.0,-0.015361997583771117,0.0,0.0,0.0,0.0,0.0,0.0,0.6648651826654008,-0.24216252534582217,-2.0994302173927872,0.7097390017174116,-0.3215644659836742,-2.1707797204070487,0.0,0.0,0.0
34.650000000001675,0.0,0.0,-0.0017038759095818756,0.0,0.0,0.0,0.0,0.0,0.0,0.655426635993525,-0.23496411428340602,-2.0895175977993476,0.7030861109672092,-0.31476719970392875,-2.162211665900944,0.0,0.0,0.0
34.66000000000167,0.0,0.0,0.011973128600381987,0.0,0.0,0.0,0.0,0.0,0.0,0.6455985654828149,-0.2277423462595427,-2.079396885530761,0.6959999032546552,-0.30794983493633754,-2.1534206377312963,0.0,0.0,0.0
34.67000000000167,0.0,0.0,0.025658204586495963,0.0,0.0,0.0,0.0,0.0,0.0,0.6353783543199585,-0.22049788949107785,-2.0690694187330263,0.6884905731295987,-0.3011125440932758,-2.144408619439688,0.0,0.0,0.0
34.68000000000167,0.0,0.0,0.03934053861279112,0.0,0.0,0.0,0.0,0.0,0.0,0.6247812595686395,-0.21323164320755605,-2.0585391699326676,0.6805736531749618,-0.29425551298579994,-2.1351782025770545,0.0,0.0,0.0
34.69000000000167,0.0,0.0,0.05300928505427625,0.0,0.0,0.0,0.0,0.0,0.0,0.6138329735143024,-0.2059443235039744,-2.047809321341648,0.6722594598415076,-0.2873787841116644,-2.1257296800504597,0.0,0.0,0.0
34.700000000001666,0.0,0.0,0.06665368617526826,0.0,0.0,0.0,0.0,0.0,0.0,0.6025400266695333,-0.19863667370055182,-2.0368807157350064,0.6635419015179257,-0.2804827755837524,-2.1160650590254035,0.0,0.0,0.0
34.71000000000166,0.0,0.0,0.08026304851001273,0.0,0.0,0.0,0.0,0.0,0.0,0.5909094160695167,-0.19130981134187053,-2.0257562811078293,0.6544371451900214,-0.27356798850057007,-2.106189566087244,0.0,0.0,0.0
34.72000000000166,0.0,0.0,0.09382674683594963,0.0,0.0,0.0,0.0,0.0,0.0,0.5789489771572844,-0.18396485051028555,-2.014438535984951,0.6449598800429804,-0.26663460136305567,-2.096104233988899,0.0,0.0,0.0
34.73000000000166,0.0,0.0,0.10733423421258322,0.0,0.0,0.0,0.0,0.0,0.0,0.5666672322530937,-0.17660298157594045,-2.0029301601836864,0.6351231986206534,-0.25968297185130934,-2.0858112564123727,0.0,0.0,0.0
34.74000000000166,0.0,0.0,0.12077505177439507,0.0,0.0,0.0,0.0,0.0,0.0,0.5540733152695116,-0.16922545225800256,-1.9912338544719281,0.624939127321962,-0.25271352323307067,-2.0753127345291085,0.0,0.0,0.0
34.750000000001656,0.0,0.0,0.13413883841510366,0.0,0.0,0.0,0.0,0.0,0.0,0.5411768942362318,-0.16183357054250336,-1.9793523709036678,0.6144189519355105,-0.24572676460549975,-2.06461095411878,0.0,0.0,0.0
34.760000000001654,0.0,0.0,0.1474153402729459,0.0,0.0,0.0,0.0,0.0,0.0,0.5279881084895972,-0.15442870157917876,-1.9672885026247773,0.6035734855237513,-0.23872328161432227,-2.0537083005825845,0.0,0.0,0.0
34.77000000000165,0.0,0.0,0.1605944200162449,0.0,0.0,0.0,0.0,0.0,0.0,0.5145175138184306,-0.14701226522117516,-1.9550450835169406,0.592413265224226,-0.2317037349910993,-2.042607263999419,0.0,0.0,0.0
34.78000000000165,0.0,0.0,0.17366606591327838,0.0,0.0,0.0,0.0,0.0,0.0,0.5007760349887127,-0.13958573284771014,-1.9426249856015727,0.5809486997619986,-0.22466885788204435,-2.0313104255729018,0.0,0.0,0.0
34.79000000000165,0.0,0.0,0.18662066766640634,0.0,0.0,0.0,0.0,0.0,0.0,0.48678827509568423,-0.13213744817859752,-1.9298827007516381,0.5691901771276721,-0.21761945373668312,-2.019820450787478,0.0,0.0,0.0
34.800000000001646,0.0,0.0,0.19944841322967563,0.0,0.0,0.0,0.0,0.0,0.0,0.47253154767363337,-0.12470238522610033,-1.9171707590901197,0.5571303954143872,-0.21057116590952263,-2.0083803363098465,0.0,0.0,0.0
34.810000000001644,0.0,0.0,0.2121397265552934,0.0,0.0,0.0,0.0,0.0,0.0,0.45802388913408243,-0.1172568053204116,-1.9042412552251928,0.544828386346411,-0.20348533366319427,-1.996347908537665,0.0,0.0,0.0
34.82000000000164,0.0,0.0,0.2246854001422689,0.0,0.0,0.0,0.0,0.0,0.0,0.4432645559595203,-0.10980806147696653,-1.8911568490151547,0.532262721975352,-0.19639512189164382,-1.9842531841716071,0.0,0.0,0.0
34.83000000000164,0.0,0.0,0.23707605970588586,0.0,0.0,0.0,0.0,0.0,0.0,0.4282792026352624,-0.10235664393668209,-1.8779080250421387,0.5194607650113133,-0.18929402194169603,-1.9719679324802462,0.0,0.0,0.0
34.84000000000164,0.0,0.0,0.24930276532493645,0.0,0.0,0.0,0.0,0.0,0.0,0.4130765840246915,-0.09490445303438755,-1.8644990968139896,0.5064146052186806,-0.18218450680326725,-1.959519744254602,0.0,0.0,0.0
34.850000000001636,0.0,0.0,0.261356786908733,0.0,0.0,0.0,0.0,0.0,0.0,0.39766546079152665,-0.08745325891684608,-1.850932534703688,0.4931362098244218,-0.17506734737950322,-1.9469055404949027,0.0,0.0,0.0
34.860000000001634,0.0,0.0,0.27322960646925565,0.0,0.0,0.0,0.0,0.0,0.0,0.3820545781416891,-0.08000488316909282,-1.837211372349393,0.47963705896921055,-0.1679436065319434,-1.9341267712236718,0.0,0.0,0.0
34.87000000000163,0.0,0.0,0.28491292535077073,0.0,0.0,0.0,0.0,0.0,0.0,0.36625276401991,-0.07256114783890066,-1.8233386119427175,0.46592834259464305,-0.16081438911442927,-1.921184251339,0.0,0.0,0.0
34.88000000000163,0.0,0.0,0.2963986708264271,0.0,0.0,0.0,0.0,0.0,0.0,0.3502689543878268,-0.06512387438422362,-1.8093173586182583,0.4520209013172433,-0.15368089182921923,-1.9080793659869317,0.0,0.0,0.0
34.89000000000163,0.0,0.0,0.30767900186802477,0.0,0.0,0.0,0.0,0.0,0.0,0.33411224602625134,-0.05769486053797668,-1.7951507843576102,0.43792528307402345,-0.14654438422436936,-1.8948137361103912,0.0,0.0,0.0
34.900000000001626,0.0,0.0,0.31872966833657973,0.0,0.0,0.0,0.0,0.0,0.0,0.3177918678554241,-0.050216295692621316,-1.7808448108830022,0.4236517675724457,-0.13940621018920907,-1.8813892551649833,0.0,0.0,0.0
34.910000000001624,0.0,0.0,0.32954338875458505,0.0,0.0,0.0,0.0,0.0,0.0,0.30131777833468343,-0.042690712556783916,-1.7663990180330233,0.4092104294139211,-0.13228741720425985,-1.8678065746857686,0.0,0.0,0.0
34.92000000000162,0.0,0.0,0.34012981909371764,0.0,0.0,0.0,0.0,0.0,0.0,0.28469987848764533,-0.03517998491559754,-1.75181520505192,0.39461070503301604,-0.12519859293050445,-1.8540726244493544,0.0,0.0,0.0
34.93000000000162,0.0,0.0,0.35048201716016,0.0,0.0,0.0,0.0,0.0,0.0,0.2679483079797449,-0.02768546759935475,-1.7370998323538402,0.37986244368982414,-0.11809077113087448,-1.8401900667311024,0.0,0.0,0.0
34.94000000000162,0.0,0.0,0.3605931802341206,0.0,0.0,0.0,0.0,0.0,0.0,0.251074225785034,-0.020207957106867402,-1.7222557488101287,0.36497554596889453,-0.1109686566796488,-1.8261556154779603,0.0,0.0,0.0
34.950000000001616,0.0,0.0,0.37045677609771244,0.0,0.0,0.0,0.0,0.0,0.0,0.23408929291750402,-0.012748338359498401,-1.707286697461743,0.349959142564608,-0.10383690248722016,-1.8119738562783438,0.0,0.0,0.0
34.960000000001614,0.0,0.0,0.38006653996528345,0.0,0.0,0.0,0.0,0.0,0.0,0.21700585344428336,-0.0053075401428946956,-1.692196282286412,0.3348224705306986,-0.0966995694157734,-1.7976477169094214,0.0,0.0,0.0
34.97000000000161,0.0,0.0,0.38941647027982046,0.0,0.0,0.0,0.0,0.0,0.0,0.19983693883373932,0.0021134661535385235,-1.6769882079479659,0.31957474385309403,-0.08956025912510171,-1.7831806463423474,0.0,0.0,0.0
34.98000000000161,0.0,0.0,0.39850082455247365,0.0,0.0,0.0,0.0,0.0,0.0,0.18259628864730892,0.009513673979093688,-1.6616662212350344,0.3042252572135688,-0.0824221804494076,-1.7685761101646373,0.0,0.0,0.0
34.99000000000161,0.0,0.0,0.4073141154297379,0.0,0.0,0.0,0.0,0.0,0.0,0.16529833888772094,0.016892045387379515,-1.6462341212128178,0.28878344121909916,-0.07528821306805675,-1.7538377106328942,0.0,0.0,0.0
35.000000000001606,0.0,0.0,0.4158511072004227,0.0,0.0,0.0,0.0,0.0,0.0,0.14795818838351793,0.024247513635617148,-1.6306957525464152,0.2732589318296143,-0.06816095833661145,-1.7389691591640766,0.0,0.0,0.0
