time,ref_x,ref_y,ref_z,ref_vx,ref_vy,ref_vz,ref_phi,ref_theta,ref_psi
0.01,5.0,3.0,4.0,0.0,3.141592653589793,0.0,-0.0,-0.02129087617245499,0.0
0.02,4.9999013042806855,3.0314150997083815,4.0,-0.01973907892364704,3.1413446066405433,0.0,-1.0471975511965976,1.0471975511965976,0.00986953946182352
0.03,4.99960522101908,3.062825238608344,4.0,-0.03947737858225689,3.140600504962283,0.0,-1.0044449282828827,0.92480127008327,0.019738689291128445
0.04,4.999111761904045,3.0942254566748364,4.0,-0.059214119741556416,3.1393604660572936,0.0,-0.8737161496561265,0.7197864919974208,0.029607059870778208
0.05,4.9984209464165,3.1256107954494237,4.0,-0.07894852322879936,3.1376246857420926,0.0,-0.7749565889196456,0.6138348909485218,0.03947426161439968
0.060000000000000005,4.997532801828658,3.1569762988232832,4.0,-0.09867980996352674,3.1353934381165134,0.0,-0.6768473334467897,0.5458615033276251,0.04933990498176337
0.07,4.996447363202946,3.188317013819832,4.0,-0.11840720098832369,3.132667075520422,0.0,-0.6130069933183926,0.5006133542239315,0.059203600494161845
0.08,4.995164673390623,3.219627991376858,4.0,-0.13812991749957118,3.129446028478077,0.0,-0.5607039546012543,0.46483140996452404,0.06906495874978559
0.09,4.993684783030087,3.250904287128037,4.0,-0.15784718087819213,3.125730805630146,0.0,-0.516116130201887,0.43334236585053937,0.07892359043909607
0.09999999999999999,4.992007750544875,3.2821409621837043,4.0,-0.17755821272038966,3.121521993653385,0.0,-0.47924218179006056,0.4050516569571256,0.08877910636019483
0.10999999999999999,4.990133642141358,3.3133330839107606,4.0,-0.19726223486837732,3.1168202571679955,0.0,-0.44614217859533417,0.38357606359788854,0.09863111743418866
0.11999999999999998,4.9880625318061265,3.344475726711595,4.0,-0.21695846944109945,3.111626338632672,0.0,-0.4170423197162446,0.3628849476493512,0.10847923472054972
0.12999999999999998,4.98579450130307,3.375563972801893,4.0,-0.23664613886494046,3.105941058227362,0.0,-0.39251282716585395,0.34329247944112284,0.11832306943247023
0.13999999999999999,4.983329640170149,3.406592912987209,4.0,-0.25632446590442215,3.0997653137237466,0.0,-0.37099615518685464,0.32458128034509587,0.12816223295221107
0.15,4.980668045715863,3.43755764743819,4.0,-0.2759926736928877,3.093100080343475,0.0,-0.34828900606223295,0.3054535342470726,0.13799633684644386
0.16,4.9778098230154,3.4684532864643116,4.0,-0.2956499857631711,3.085946410604164,0.0,-0.33015929624848944,0.28951472389141414,0.14782499288158554
0.17,4.9747550849065005,3.4992749512860177,4.0,-0.31529562607825035,3.078305434153192,0.0,-0.31509522261766904,0.2714918167239731,0.15764781303912517
0.18000000000000002,4.971503951984994,3.5300177748051365,4.0,-0.3349288190618846,3.070178357589319,0.0,-0.42853523761686696,0.38541636014728686,0.1674644095309423
0.19000000000000003,4.968056552600042,3.560676902373453,4.0,-0.3545487896292323,3.0615664642721456,0.0,-1.0471975511965976,1.0471975511965976,0.17727439481461615
0.20000000000000004,4.964413022849069,3.5912474925593116,4.0,-0.3741547632174502,3.05247111411946,0.0,-1.0471975511965976,1.0471975511965976,0.1870773816087251
0.21000000000000005,4.9605735065723895,3.6217247179121372,4.0,-0.3937459658162719,3.042893743392486,0.0,-1.0471975511965976,1.0471975511965976,0.19687298290813596
0.22000000000000006,4.956538155347533,3.6521037657247426,4.0,-0.4133216239985642,3.0328358644690883,0.0,-1.0471975511965976,1.0471975511965976,0.2066608119992821
0.23000000000000007,4.952307128483256,3.682379838793313,4.0,-0.4328809649508611,3.0222990656049418,0.0,-1.0471975511965976,1.0471975511965976,0.21644048247543055
0.24000000000000007,4.947880593013255,3.7125481561749405,4.0,-0.45242321650387257,3.0112850106827334,0.0,-1.0471975511965976,1.0471975511965976,0.22621160825193629
0.25000000000000006,4.943258723689571,3.742603953942587,4.0,-0.47194760716296913,2.9997954389494157,0.0,-1.0471975511965976,1.0471975511965976,0.23597380358148456
0.26000000000000006,4.938441702975689,3.7725424859373686,4.0,-0.4914533661386386,2.9878321647415556,0.0,-1.0471975511965976,1.0471975511965976,0.2457266830693193
0.2700000000000001,4.9334297210393405,3.8023590245180237,4.0,-0.5109397233769158,2.975397077198834,0.0,-1.0471975511965976,1.0471975511965976,0.2554698616884579
0.2800000000000001,4.9282229757449905,3.8320488613074666,4.0,-0.5304059095897832,2.9624921399657254,0.0,-1.0471975511965976,1.0471975511965976,0.2652029547948916
0.2900000000000001,4.922821672646027,3.8616073079362927,4.0,-0.5498511562855403,2.9491193908814175,0.0,-1.0471975511965976,1.0471975511965976,0.27492557814277013
0.3000000000000001,4.917226024976649,3.891029696783127,4.0,-0.5692746957991431,2.935280941658013,0.0,-1.0471975511965976,1.0471975511965976,0.28463734789957157
0.3100000000000001,4.911436253643443,3.920311381711695,4.0,-0.5886757613225104,2.9209789775470645,0.0,-1.0471975511965976,1.0471975511965976,0.2943378806612552
0.3200000000000001,4.90545258721667,3.949447738804503,4.0,-0.6080535869347949,2.906215756994499,0.0,-1.0471975511965976,1.0471975511965976,0.30402679346739747
0.3300000000000001,4.899275261921234,3.978434167093006,4.0,-0.6274074076326218,2.890993611283982,0.0,-1.0471975511965976,1.0471975511965976,0.3137037038163109
0.34000000000000014,4.892904521627361,4.0072660892841565,4.0,-0.6467364593602889,2.875314944168782,0.0,-0.9924252247423251,1.0471975511965976,0.32336822968014445
0.35000000000000014,4.886340617840967,4.03593895248321,4.0,-0.6660399790399305,2.85918223149219,0.0,-0.8224795814358521,0.6734319376929004,0.33301998951996525
0.36000000000000015,4.879583809693737,4.064448228912681,4.0,-0.6853172046016429,2.8425980207965535,0.0,-0.6993216859639981,0.4964949907383895,0.34265860230082146
0.37000000000000016,4.872634363932885,4.092789416627332,4.0,-0.7045673750135686,2.825564930920991,0.0,-0.6015208940115127,0.39014183359904475,0.3522836875067843
0.38000000000000017,4.865492554910633,4.12095804022508,4.0,-0.7237897303119413,2.8080856515878487,0.0,-0.5139446528841093,0.31125437523578686,0.36189486515597064
0.3900000000000002,4.85815866457337,4.148949651553719,4.0,-0.7429835116310878,2.790162942977959,0.0,-0.4156682111062321,0.2364051546132842,0.3714917558155439
0.4000000000000002,4.850632982450529,4.1767598304133315,4.0,-0.7621479612333866,2.771799635294778,0.0,-0.27398314112797295,0.14546835226318514,0.3810739806166933
0.4100000000000002,4.842915805643155,4.2043841852542885,4.0,-0.7812823225391824,2.7529986283174632,0.0,-0.14227624354969015,0.07066732315378021,0.3906411612695912
0.4200000000000002,4.835007438812175,4.231818353870729,4.0,-0.8003858401566538,2.7337628909429648,0.0,-0.09529568291264405,0.0407629036859728,0.4001929200783269
0.4300000000000002,4.82690819416637,4.259058004089402,4.0,-0.819457759911636,2.714095460717201,0.0,-0.07814774575933328,0.023083263683426437,0.409728879955818
0.4400000000000002,4.818618391450048,4.286098834453766,4.0,-0.8384973288773933,2.693999443355398,0.0,-0.0625262456767346,0.004594080063088301,0.4192486644386966
0.45000000000000023,4.8101383579304295,4.312936574903239,4.0,-0.8575037954043438,2.673478012251657,0.0,-0.046627727085718336,-0.015715854807616104,0.4287518977021719
0.46000000000000024,4.801468428384715,4.339566987447491,4.0,-0.8764764091497337,2.6525344079778406,0.0,-0.032793180116422634,-0.03392363800136344,0.43823820457486684
0.47000000000000025,4.792608945086879,4.365985866835673,4.0,-0.895414421107258,2.6311719377718505,0.0,-0.017446985444414857,-0.05658660352629922,0.447707210553629
0.48000000000000026,4.783560257794152,4.39218904122047,4.0,-0.9143170836366322,2.6093939750153736,0.0,-0.002424307368739541,-0.08027149650364115,0.4571585418183161
0.49000000000000027,4.774322723733214,4.418172372816891,4.0,-0.9331836504931061,2.5872039587011866,0.0,0.010833997091060704,-0.10428576492020053,0.46659182524655307
0.5000000000000002,4.764896707586094,4.443931758555669,4.0,-0.9520133768569248,2.564605392890101,0.0,0.02272126898667144,-0.13180470804763075,0.4760066884284624
0.5100000000000002,4.755282581475767,4.469463130731183,4.0,-0.9708055193627332,2.5416018461576297,0.0,0.02774645775878615,-0.15823806101321375,0.4854027596813666
0.5200000000000002,4.745480724951473,4.494762457643797,4.0,-0.9895593361289224,2.518196951030467,0.0,0.028919137244496285,-0.1938709006503563,0.4947796680644612
0.5300000000000002,4.735491524973722,4.519825744236513,4.0,-1.0082740867869184,2.494394403412871,0.0,0.02321795936787546,-0.23250143022761113,0.5041370433934592
0.5400000000000003,4.725315375899024,4.544649032725836,4.0,-1.0269490325104098,2.4701979620030383,0.0,0.011165828201785152,-0.2816959671342425,0.5134745162552049
0.5500000000000003,4.714952679464322,4.569228403226751,4.0,-1.0455834360445158,2.445611447699563,0.0,-0.005127799073679549,-0.33358944423920667,0.5227917180222579
0.5600000000000003,4.704403844771127,4.593559974371724,4.0,-1.0641765617348926,2.4206387429980682,0.0,-0.022614384142466012,-0.3817813367810053,0.5320882808674463
0.5700000000000003,4.69366928826937,4.61763990392361,4.0,-1.0827276755567743,2.3952837913781195,0.0,-0.03872205924155555,-0.4272542791967634,0.5413638377783871
0.5800000000000003,4.682749433740962,4.641464389382391,4.0,-1.1012360451439516,2.3695505966805017,0.0,-0.0512785536443714,-0.4540378103733503,0.5506180225719758
0.5900000000000003,4.67164471228306,4.665029668585629,4.0,-1.1197009398176847,2.343443222474966,0.0,-0.06147417614371241,-0.4804224743095926,0.5598504699088424
0.6000000000000003,4.660355562291055,4.6883320203025605,4.0,-1.1381216306155488,2.316965791418546,0.0,-0.06992526761998877,-0.4914579921475424,0.5690608153077744
0.6100000000000003,4.648882429441256,4.711367764821722,4.0,-1.1564973903202131,2.2901224846045416,0.0,-0.07746989591271289,-0.5035594255306867,0.5782486951601066
0.6200000000000003,4.637225766673306,4.734133264532012,4.0,-1.174827493488148,2.2629175409022757,0.0,-0.08432263384173574,-0.5073598254366912,0.587413746744074
0.6300000000000003,4.6253860341722906,4.756624924497123,4.0,-1.1931112164782667,2.235355256287729,0.0,-0.09107574712734125,-0.5070777720625937,0.5965556082391333
0.6400000000000003,4.613363699350574,4.778839193023213,4.0,-1.2113478374804922,2.207439983165155,0.0,-0.09717381832583678,-0.5088327090044493,0.6056739187402461
0.6500000000000004,4.601159236829352,4.800772562219768,4.0,-1.2295366365442544,2.179176129679782,0.0,-0.10319906921808976,-0.49802797711276825,0.6147683182721272
0.6600000000000004,4.588773128419906,4.822421568553529,4.0,-1.2476768956069093,2.1505681590217223,0.0,-0.10832492909685358,-0.5002738381974301,0.6238384478034547
0.6700000000000004,4.576205863104588,4.843782793395435,4.0,-1.2657678985220908,2.1216205887211754,0.0,-0.11263164516329244,-0.47896790936982003,0.6328839492610454
0.6800000000000004,4.563457937017514,4.864852863560455,4.0,-1.2838089310879803,2.0923379899350643,0.0,-0.11456187661996287,-0.4776449022958471,0.6419044655439902
0.6900000000000004,4.550529853424978,4.88562845184026,4.0,-1.3017992810755037,2.0627249867251902,0.0,-0.1113094096285216,-0.4444310140201871,0.6508996405377518
0.7000000000000004,4.537422122705585,4.90610627752862,4.0,-1.3197382382564478,2.0327862553280456,0.0,-0.09961339951207424,-0.4194359799013323,0.6598691191282239
0.7100000000000004,4.524135262330098,4.926283106939473,4.0,-1.337625094431499,2.002526523416379,0.0,-0.07126850743030305,-0.3663520176321529,0.6688125472157495
0.7200000000000004,4.5106697968410145,4.946155753917559,4.0,-1.3554591434582026,1.9719505693526416,0.0,-0.036812595325171164,-0.309329203814131,0.6777295717291013
0.7300000000000004,4.497026257831855,4.965721080341547,4.0,-1.373239681278841,1.9410632214344263,0.0,0.00022752210280958278,-0.2799410772601679,0.6866198406394205
0.7400000000000004,4.483205183926179,4.984975996619589,4.0,-1.3909660059482254,1.9098693571320278,0.0,0.033128177019342724,-0.3162113425306098,0.6954830029741127
0.7500000000000004,4.469207120756319,5.003917462177191,4.0,-1.40863741766141,1.8783739023182313,0.0,0.08121532882738318,-0.38234500241182373,0.704318708830705
0.7600000000000005,4.455032620941839,5.022542485937368,4.0,-1.426253218781319,1.8465818304904567,0.0,0.11082577327599637,-0.412495948940603,0.7131266093906595
0.7700000000000005,4.440682244067723,5.04084812679296,4.0,-1.443812713866287,1.8144981619853924,0.0,0.21760942956460208,-0.650878541666163,0.7219063569331435
0.7800000000000005,4.426156556662276,5.058831494071068,4.0,-1.4613152096975155,1.78212796318622,0.0,0.3109261106312252,-0.9131512811472768,0.7306576048487577
0.7900000000000005,4.4114561321747665,5.076489747989531,4.0,-1.4787600153064369,1.7494763457225786,0.0,1.0471975511965976,-1.0471975511965976,0.7393800076532184
0.8000000000000005,4.3965815509527815,5.093820100105354,4.0,-1.496146442001997,1.716548465663374,0.0,-1.0471975511965976,1.0471975511965976,0.7480732210009985
0.8100000000000005,4.381533400219318,5.110819813755038,4.0,-1.5134738033978403,1.6833495227025799,0.0,-1.0471975511965976,1.0471975511965976,0.7567369016989202
0.8200000000000005,4.3663122740496005,5.12748620448673,4.0,-1.5307414154394072,1.6498847593381443,0.0,-1.0438214131538635,1.0471975511965976,0.7653707077197036
0.8300000000000005,4.350918773347629,5.143816640484131,4.0,-1.5479485964309416,1.6161594600441387,0.0,-0.731076302286921,0.6642804158550191,0.7739742982154708
0.8400000000000005,4.33535350582245,5.159808542982088,4.0,-1.5650946670624015,1.5821789504362775,0.0,-0.6130536580894906,0.5211676974173809,0.7825473335312008
0.8500000000000005,4.319617085964176,5.175459386673815,4.0,-1.582178950436277,1.5479485964309416,0.0,-0.5210487582900432,0.4215911882712137,0.7910894752181385
0.8600000000000005,4.303710135019719,5.190766700109659,4.0,-1.5992007720943142,1.5134738033978397,0.0,-0.5494291016928625,0.4959417792446584,0.7996003860471571
0.8700000000000006,4.287633280968261,5.205728066087383,4.0,-1.6161594600441387,1.4787600153064369,0.0,-0.629286995985334,0.3729468107640827,0.8080797300220693
0.8800000000000006,4.271387158496475,5.220341122033862,4.0,-1.6330543447857893,1.4438127138662875,0.0,-0.616944716387022,0.4092181909128135,0.8165271723928946
0.8900000000000006,4.254972408973459,5.23460356037816,4.0,-1.6498847593381447,1.40863741766141,0.0,-0.5641558481502185,0.38090929409723906,0.8249423796690724
0.9000000000000006,4.238389680425416,5.248513128915928,4.0,-1.6666500392652563,1.3732396812788408,0.0,-0.5738479789449208,0.435225677264221,0.8333250196326282
0.9100000000000006,4.221639627510076,5.262067631165049,4.0,-1.68334952270258,1.337625094431499,0.0,-1.0471975511965976,1.0471975511965976,0.84167476135129
0.9200000000000006,4.204722911490846,5.275264926712489,4.0,-1.6999825503831032,1.3017992810755041,0.0,-1.0471975511965976,1.0471975511965976,0.8499912751915516
0.9300000000000006,4.1876402002107085,5.288102931552293,4.0,-1.716548465663374,1.265767898522091,0.0,0.2777207397051443,-1.0007915466616988,0.858274232831687
0.9400000000000006,4.170392168065856,5.300579618414676,4.0,-1.733046614549422,1.229536636544254,0.0,0.803125350027276,-1.0471975511965976,0.866523307274711
0.9500000000000006,4.152979495979063,5.312693017086145,4.0,-1.7494763457225784,1.1931112164782667,0.0,1.0471975511965976,-1.0471975511965976,0.8747381728612892
0.9600000000000006,4.1354028713728095,5.324441214720628,4.0,-1.7658370105651893,1.1564973903202134,0.0,1.0471975511965976,-1.0471975511965976,0.8829185052825946
0.9700000000000006,4.117662988142137,5.33582235614153,4.0,-1.7821279631862204,1.119700939817685,0.0,1.0471975511965976,-1.0471975511965976,0.8910639815931102
0.9800000000000006,4.0997605466272615,5.346834644134685,4.0,-1.7983485604467566,1.082727675556774,0.0,-1.0471975511965976,1.0471975511965976,0.8991742802233783
0.9900000000000007,4.081696253585919,5.357476339732161,4.0,-1.814498161985392,1.045583436044516,0.0,-1.0471975511965976,1.0471975511965976,0.907249080992696
1.0000000000000007,4.06347082216547,5.3677457624868605,4.0,-1.830576130243511,1.0082740867869189,0.0,-1.0471975511965976,1.0471975511965976,0.9152880651217555
1.0100000000000007,4.045084971874737,5.377641290737884,4.0,-1.8465818304904567,0.9708055193627333,0.0,-0.3852911088280238,1.0471975511965976,0.9232909152452283
1.0200000000000007,4.026539428555609,5.387161361866607,4.0,-1.862514630848589,0.9331836504931059,0.0,-0.6921196953446888,1.0471975511965976,0.9312573154242945
1.0300000000000007,4.007834924354383,5.39630447254344,4.0,-1.8783739023182309,0.8954144211072581,0.0,-0.6058784694837609,1.0471975511965976,0.9391869511591154
1.0400000000000007,3.9889721976928554,5.405069178965214,4.0,-1.8941590188025008,0.8575037954043444,0.0,-0.5765824628732148,1.0471975511965976,0.9470795094012504
1.0500000000000007,3.969951993239177,5.413454097083185,4.0,-1.9098693571320282,0.8194577599116362,0.0,-0.5547887860274479,1.0471975511965976,0.9549346785660141
1.0600000000000007,3.950775061878452,5.421457902821578,4.0,-1.9255042970895562,0.7812823225391823,0.0,-0.5332367710520359,1.0471975511965976,0.9627521485447781
1.0700000000000007,3.931442160683094,5.429079332286685,4.0,-1.9410632214344266,0.7429835116310873,0.0,-0.5151213398588882,1.0471975511965976,0.9705316107172133
1.0800000000000007,3.9119540528829413,5.436317181966443,4.0,-1.9565455159269467,0.7045673750135691,0.0,-0.49907036865236354,1.0471975511965976,0.9782727579634733
1.0900000000000007,3.8923115078351174,5.443170308920484,4.0,-1.9719505693526411,0.666039979039931,0.0,-0.48478291386098293,1.0471975511965976,0.9859752846763206
1.1000000000000008,3.872515300993669,5.449637630960617,4.0,-1.9872777735463776,0.6274074076326217,0.0,-0.47220171698106744,1.0471975511965976,0.9936388867731888
1.1100000000000008,3.852566213878946,5.455718126821722,4.0,-2.002526523416379,0.5886757613225108,0.0,-0.45981593495143397,1.0471975511965976,1.0012632617081896
1.1200000000000008,3.8324650340467494,5.461410836323013,4.0,-2.017696216968111,0.5498511562855403,0.0,-0.455724804789313,1.0471975511965976,1.0088481084840555
1.1300000000000008,3.81221255505724,5.46671486051967,4.0,-2.0327862553280456,0.5109397233769163,0.0,-0.45479193421275815,1.0471975511965976,1.0163931276640228
1.1400000000000008,3.79180957644361,5.471629361844785,4.0,-2.047796042767308,0.47194760716296913,0.0,-0.4561986301837717,1.0471975511965976,1.023898021383654
1.1500000000000008,3.771256903680519,5.476153564241628,4.0,-2.0627249867251907,0.43288096495086076,0.0,-0.4577679748970796,1.0471975511965976,1.0313624933625953
1.1600000000000008,3.7505553481522984,5.480286753286195,4.0,-2.077572497832547,0.3937459658162719,0.0,-0.4648156104815988,1.0471975511965976,1.0387862489162736
1.1700000000000008,3.729705727120911,5.484028276300021,4.0,-2.092337989935064,0.35454878962923275,0.0,-0.4761691038075735,1.0471975511965976,1.046168994967532
1.1800000000000008,3.708708863693696,5.487377542453251,4.0,-2.1070208801163943,0.3152956260782504,0.0,-0.49389043709870184,1.0471975511965976,1.0535104400581972
1.1900000000000008,3.6875655867908694,5.490334022857931,4.0,-2.1216205887211754,0.27599267369288816,0.0,-0.5377273952662277,1.0471975511965976,1.0608102943605877
1.2000000000000008,3.6662767311128004,5.492897250651534,4.0,-2.1361365393779104,0.23664613886494054,0.0,-0.9467531702807973,1.0471975511965976,1.0680682696889552
1.2100000000000009,3.644843137107058,5.4950668210706795,4.0,-2.1505681590217223,0.1972622348683771,0.0,0.4718308659457421,-1.0471975511965976,1.0752840795108611
1.2200000000000009,3.6232656509352337,5.4968423915150435,4.0,-2.1649148779169782,0.15784718087819224,0.0,0.14786354819075204,-1.0471975511965976,1.0824574389584891
1.2300000000000009,3.601545124439534,5.498223681601473,4.0,-2.179176129679782,0.11840720098832347,0.0,0.21253980538806913,-1.0471975511965976,1.089588064839891
1.2400000000000009,3.579682415109156,5.49921047320825,4.0,-2.1933513513003335,0.07894852322879953,0.0,0.2973647903655434,-1.0471975511965976,1.0966756756501668
1.2500000000000009,3.557678386046427,5.499802610509541,4.0,-2.2074399831651546,0.03947737858225672,0.0,0.32398915445675663,-1.0471975511965976,1.1037199915825773
1.260000000000001,3.5355339059327378,5.5,4.0,-2.221441469079183,1.9236706937217898e-16,0.0,0.356666130130899,-1.0471975511965976,1.1107207345395915
1.270000000000001,3.5132498489942465,5.499802610509541,4.0,-2.235355256287729,-0.039477378582256334,-0.0,0.39097379992064707,-1.0471975511965976,1.1176776281438645
1.280000000000001,3.490827094967363,5.49921047320825,4.0,-2.2491807954982983,-0.07894852322879913,-0.0,0.4265432476259491,-1.0471975511965976,1.1245903977491492
1.290000000000001,3.4682665290640244,5.498223681601473,4.0,-2.2629175409022757,-0.1184072009883238,-0.0,0.4633969465841613,-1.0471975511965976,1.1314587704511379
1.300000000000001,3.445569041936742,5.4968423915150435,4.0,-2.276564950196474,-0.15784718087819255,-0.0,0.4973751677792539,-1.0471975511965976,1.138282475098237
1.310000000000001,3.422735529643443,5.4950668210706795,4.0,-2.2901224846045416,-0.1972622348683774,-0.0,0.5265468904852204,-1.0471975511965976,1.1450612423022708
1.320000000000001,3.399766893612096,5.492897250651534,4.0,-2.303589608898235,-0.23664613886494015,-0.0,0.5238937003772359,-1.0471975511965976,1.1517948044491175
1.330000000000001,3.376664040605122,5.490334022857931,4.0,-2.316965791418546,-0.27599267369288777,-0.0,0.507188660904376,-1.0471975511965976,1.158482895709273
1.340000000000001,3.3534278826836,5.487377542453251,4.0,-2.3302505040966928,-0.3152956260782507,-0.0,0.48113369608748185,-1.0471975511965976,1.1651252520483464
1.350000000000001,3.3300593371712583,5.484028276300021,4.0,-2.343443222474966,-0.35454878962923164,-0.0,0.4449662754080037,-1.0471975511965976,1.171721611237483
1.360000000000001,3.3065593266182596,5.480286753286195,4.0,-2.356543425727433,-0.3937459658162716,-0.0,0.406140785574249,-1.0471975511965976,1.1782717128637166
1.370000000000001,3.2829287787647825,5.476153564241628,4.0,-2.3695505966805017,-0.432880964950861,-0.0,0.36380746595828034,-1.0471975511965976,1.1847752983402509
1.380000000000001,3.259168626504394,5.471629361844785,4.0,-2.3824642218333336,-0.4719476071629694,-0.0,0.3206415415681987,-1.0471975511965976,1.1912321109166668
1.390000000000001,3.2352798078472214,5.46671486051967,4.0,-2.3952837913781195,-0.5109397233769165,-0.0,0.27557879629684046,-1.0471975511965976,1.1976418956890598
1.400000000000001,3.2112632658829217,5.461410836323013,4.0,-2.408008799220205,-0.5498511562855399,-0.0,0.22942805639457473,-1.0471975511965976,1.2040043996101024
1.410000000000001,3.187119948743449,5.455718126821722,4.0,-2.4206387429980682,-0.5886757613225103,-0.0,0.18198911132828632,-1.0471975511965976,1.2103193714990341
1.420000000000001,3.1628508095656223,5.449637630960617,4.0,-2.4331731241031553,-0.6274074076326221,-0.0,0.1369530760802564,-1.0471975511965976,1.2165865620515777
1.430000000000001,3.138456806453503,5.443170308920484,4.0,-2.4456114476995627,-0.6660399790399297,-0.0,0.09142045319648642,-1.0471975511965976,1.2228057238497814
1.440000000000001,3.1139389024405624,5.436317181966443,4.0,-2.4579532227435728,-0.7045673750135681,-0.0,0.04675955825411303,-1.0471975511965976,1.2289766113717864
1.450000000000001,3.089298065451672,5.429079332286685,4.0,-2.4701979620030388,-0.7429835116310877,-0.0,0.0030986295134437466,-1.0471975511965976,1.2350989810015194
1.460000000000001,3.0645352682648825,5.421457902821578,4.0,-2.482345182076621,-0.7812823225391826,-0.0,-0.03949806997050416,-1.0471975511965976,1.2411725910383105
1.470000000000001,3.0396514884730266,5.413454097083185,4.0,-2.494394403412871,-0.8194577599116366,-0.0,-0.08100724849735588,-1.0471975511965976,1.2471972017064354
1.480000000000001,3.014647708445124,5.405069178965215,4.0,-2.506345150329161,-0.8575037954043433,-0.0,-0.12142119226531599,-1.0471975511965976,1.2531725751645806
1.490000000000001,2.9895249152875945,5.39630447254344,4.0,-2.5181969510304665,-0.8954144211072578,-0.0,-0.1607373179590291,-1.0471975511965976,1.2590984755152332
1.500000000000001,2.964284100805296,5.387161361866607,4.0,-2.52994933762799,-0.9331836504931063,-0.0,-0.19896314701128506,-1.0471975511965976,1.264974668813995
1.5100000000000011,2.938926261462366,5.377641290737884,4.0,-2.5416018461576297,-0.970805519362733,-0.0,-0.2361476752596494,-1.0471975511965976,1.2708009230788149
1.5200000000000011,2.913452398342881,5.3677457624868605,4.0,-2.5531540165983033,-1.0082740867869178,-0.0,-0.27244492037159457,-1.0471975511965976,1.2765770082991517
1.5300000000000011,2.887863517111338,5.357476339732161,4.0,-2.564605392890101,-1.0455834360445158,-0.0,-0.30819165754379624,-1.0471975511965976,1.2823026964450506
1.5400000000000011,2.862160627972955,5.346834644134685,4.0,-2.575955522952296,-1.0827276755567743,-0.0,-0.3439430110122543,-1.0471975511965976,1.287977761476148
1.5500000000000012,2.836344745633782,5.33582235614153,4.0,-2.5872039587011866,-1.1197009398176851,-0.0,-0.38038395566423766,-1.0471975511965976,1.2936019793505933
1.5600000000000012,2.8104168892606536,5.324441214720629,4.0,-2.5983502560677905,-1.1564973903202125,-0.0,-0.41666009501293605,-1.0471975511965976,1.2991751280338952
1.5700000000000012,2.7843780824409405,5.312693017086145,4.0,-2.609393975015373,-1.1931112164782662,-0.0,-0.4503307324123523,-1.0471975511965976,1.3046969875076866
1.5800000000000012,2.758229353142151,5.300579618414676,4.0,-2.6203346795568203,-1.2295366365442544,-0.0,-0.4831409983120384,-1.0471975511965976,1.3101673397784102
1.5900000000000012,2.7319717336713456,5.288102931552294,4.0,-2.63117193777185,-1.2657678985220906,-0.0,-0.5112428550174262,-1.0471975511965976,1.315585968885925
1.6000000000000012,2.7056062606343794,5.275264926712489,4.0,-2.641905321824065,-1.3017992810755037,-0.0,-0.5428379582568428,-1.0471975511965976,1.3209526609120326
1.6100000000000012,2.6791339748949827,5.262067631165049,4.0,-2.6525344079778406,-1.337625094431499,-0.0,-0.5746349169334961,-1.0471975511965976,1.3262672039889203
1.6200000000000012,2.6525559215336703,5.248513128915928,4.0,-2.6630587766150557,-1.3732396812788417,-0.0,-0.602822089238851,-1.0471975511965976,1.3315293883075279
1.6300000000000012,2.625873149806478,5.23460356037816,4.0,-2.6734780122516573,-1.408637417661411,-0.0,-0.635573441606422,-1.0471975511965976,1.3367390061258286
1.6400000000000012,2.5990867131035476,5.220341122033862,4.0,-2.683791703554062,-1.443812713866287,-0.0,-0.6655939938136828,-1.0471975511965976,1.341895851777031
1.6500000000000012,2.572197668907532,5.205728066087383,4.0,-2.6939994433553984,-1.4787600153064373,-0.0,-0.6878642523018667,-1.0471975511965976,1.3469997216776992
1.6600000000000013,2.545207078751856,5.190766700109659,4.0,-2.7041008286715766,-1.5134738033978405,-0.0,-0.6949859797617195,-1.0471975511965976,1.3520504143357883
1.6700000000000013,2.5181160081788043,5.175459386673815,4.0,-2.714095460717201,-1.5479485964309412,-0.0,-0.6996716069385842,-1.0471975511965976,1.3570477303586006
1.6800000000000013,2.4909255266974544,5.159808542982089,4.0,-2.7239829449213127,-1.582178950436277,-0.0,-0.7153980817561071,-1.0471975511965976,1.3619914724606563
1.6900000000000013,2.4636367077414576,5.143816640484131,4.0,-2.7337628909429648,-1.6161594600441391,-0.0,-0.7323540725444803,-1.0471975511965976,1.3668814454714824
1.7000000000000013,2.436250628626661,5.127486204486729,4.0,-2.743434912686634,-1.649884759338145,-0.0,-0.7450360086007574,-1.0471975511965976,1.371717456343317
1.7100000000000013,2.408768370508575,5.110819813755038,4.0,-2.7529986283174637,-1.6833495227025808,-0.0,-0.7533657271220451,-1.0471975511965976,1.3764993141587318
1.7200000000000013,2.3811910183396954,5.093820100105354,4.0,-2.762453660276335,-1.7165484656633736,-0.0,-0.757640768548014,-1.0471975511965976,1.3812268301381676
1.7300000000000013,2.353519660826663,5.076489747989532,4.0,-2.771799635294778,-1.7494763457225786,-0.0,-0.7590000870192403,-1.0471975511965976,1.385899817647389
1.7400000000000013,2.3257553903872914,5.058831494071068,4.0,-2.7810361844097002,-1.7821279631862208,-0.0,-0.758313649652888,-1.0471975511965976,1.3905180922048501
1.7500000000000013,2.2978993031074397,5.040848126792961,4.0,-2.790162942977959,-1.8144981619853917,-0.0,-0.75637703954738,-1.0471975511965976,1.3950814714889794
1.7600000000000013,2.2699524986977337,5.022542485937368,4.0,-2.7991795506907526,-1.8465818304904564,-0.0,-0.753702386865802,-1.0471975511965976,1.3995897753453763
1.7700000000000014,2.241916080450161,5.003917462177191,4.0,-2.8080856515878487,-1.8783739023182313,-0.0,-0.7506264291275376,-1.0471975511965976,1.4040428257939244
1.7800000000000014,2.2137911551945075,4.984975996619588,4.0,-2.8168808940716326,-1.9098693571320287,-0.0,-0.7474018168671768,-1.0471975511965976,1.4084404470358163
1.7900000000000014,2.185578833254664,4.965721080341547,4.0,-2.825564930920991,-1.941063221434427,-0.0,-0.7441540898975014,-1.0471975511965976,1.4127824654604955
1.8000000000000014,2.1572802284047956,4.946155753917559,4.0,-2.834137419305019,-1.971950569352641,-0.0,-0.7409615414539166,-1.0471975511965976,1.4170687096525094
1.8100000000000014,2.1288964578253635,4.926283106939473,4.0,-2.8425980207965535,-2.002526523416379,-0.0,-0.7396646013826621,-1.0471975511965976,1.4212990103982768
1.8200000000000014,2.100428642059031,4.90610627752862,4.0,-2.850946401385534,-2.032786255328046,-0.0,-0.7382934887391519,-1.0471975511965976,1.425473200692767
1.8300000000000014,2.0718779049664207,4.88562845184026,4.0,-2.85918223149219,-2.06272498672519,-0.0,-0.7364867604473577,-1.0471975511965976,1.429591115746095
1.8400000000000014,2.0432453736817457,4.864852863560456,4.0,-2.867305185980051,-2.092337989935064,-0.0,-0.7343325207904071,-1.0471975511965976,1.4336525929900255
1.8500000000000014,2.014532178568313,4.843782793395435,4.0,-2.875314944168782,-2.1216205887211754,-0.0,-0.7318515823552776,-1.0471975511965976,1.437657472084391
1.8600000000000014,1.9857394531739025,4.822421568553528,4.0,-2.8832111898468455,-2.1505681590217223,-0.0,-0.7290240855483965,-1.0471975511965976,1.4416055949234228
1.8700000000000014,1.9568683341860114,4.800772562219767,4.0,-2.890993611283982,-2.1791761296797825,-0.0,-0.7258329127288441,-1.0471975511965976,1.445496805641991
1.8800000000000014,1.927919961386983,4.778839193023214,4.0,-2.8986619012435186,-2.207439983165154,-0.0,-0.7222628991086444,-1.0471975511965976,1.4493309506217593
1.8900000000000015,1.8988954776090057,4.756624924497123,4.0,-2.906215756994499,-2.235355256287729,-0.0,-0.7182916358900441,-1.0471975511965976,1.4531078784972495
1.9000000000000015,1.8697960286890019,4.734133264532012,4.0,-2.9136548803236315,-2.2629175409022757,-0.0,-0.7139155184201815,-1.0471975511965976,1.4568274401618158
1.9100000000000015,1.8406227634233905,4.711367764821722,4.0,-2.9209789775470645,-2.2901224846045407,-0.0,-0.7090616170102615,-1.0471975511965976,1.4604894887735322
1.9200000000000015,1.8113768335227287,4.688332020302561,4.0,-2.9281877595219816,-2.316965791418546,-0.0,-0.7037977899854008,-1.0471975511965976,1.4640938797609908
1.9300000000000015,1.7820593935662536,4.665029668585629,4.0,-2.935280941658013,-2.343443222474966,-0.0,-0.698004377310705,-1.0471975511965976,1.4676404708290065
1.9400000000000015,1.7526716009562948,4.641464389382391,4.0,-2.942258243928474,-2.3695505966805017,-0.0,-0.6917281414736322,-1.0471975511965976,1.471129121964237
1.9500000000000015,1.723214615872585,4.61763990392361,4.0,-2.9491193908814175,-2.39528379137812,-0.0,-0.6848642106730617,-1.0471975511965976,1.4745596954407088
1.9600000000000015,1.6936896012264575,4.593559974371725,4.0,-2.95586411165051,-2.420638742998068,-0.0,-0.6774055119008775,-1.0471975511965976,1.477932055825255
1.9700000000000015,1.6640977226149332,4.569228403226751,4.0,-2.962492139965725,-2.4456114476995627,-0.0,-0.6687487647037637,-1.0471975511965976,1.4812460699828625
1.9800000000000015,1.6344401482747122,4.544649032725836,4.0,-2.969003214163853,-2.4701979620030388,-0.0,-0.659423556000885,-1.0471975511965976,1.4845016070819266
1.9900000000000015,1.6047180490360482,4.519825744236514,4.0,-2.9753970771988336,-2.49439440341287,-0.0,-0.6510473429550305,-1.0471975511965976,1.4876985385994168
2.0000000000000013,1.5749325982765243,4.494762457643798,4.0,-2.9816734766519026,-2.518196951030466,-0.0,-0.6400729520984056,-1.0471975511965976,1.4908367383259513
2.010000000000001,1.5450849718747373,4.469463130731183,4.0,-2.9878321647415556,-2.5416018461576297,-0.0,-0.6273100018003612,-1.0471975511965976,1.4939160823707778
2.020000000000001,1.51517634816387,4.443931758555669,4.0,-2.993872898333333,-2.564605392890101,-0.0,-0.6126151614432951,-1.005517633408739,1.4969364491666666
2.0300000000000007,1.485207907885174,4.4181723728168905,4.0,-2.9997954389494157,-2.5872039587011866,-0.0,-0.5976788979165635,-0.9153683147314332,1.4998977194747078
2.0400000000000005,1.45518083414136,4.392189041220471,4.0,-3.0055995527780413,-2.609393975015373,-0.0,-0.5840593924131083,-0.842540541724897,1.5027997763890206
2.0500000000000003,1.425096312349881,4.365985866835673,4.0,-3.0112850106827334,-2.63117193777185,-0.0,-0.5698994700514012,-0.7779814385657503,1.5056425053413667
2.06,1.3949555301961474,4.339566987447492,4.0,-3.01685158821135,-2.65253440797784,-0.0,-0.5555178493034583,-0.7192707976103018,1.508425794105675
2.07,1.364759677586627,4.31293657490324,4.0,-3.0222990656049413,-2.6734780122516564,-0.0,-0.5424386297787998,-0.6656926938867274,1.5111495328024707
2.0799999999999996,1.3345099466018784,4.2860988344537665,4.0,-3.027627227806428,-2.6939994433553975,-0.0,-0.5321380888633077,-0.6160587764238247,1.513813613903214
2.0899999999999994,1.3042075314494852,4.259058004089402,4.0,-3.0328358644690883,-2.714095460717201,-0.0,-0.5254539727380356,-0.5689796061834389,1.5164179322345441
2.099999999999999,1.2738536284169109,4.231818353870729,4.0,-3.037924769964866,-2.7337628909429648,-0.0,-0.5216386703896443,-0.5227582011381846,1.518962384982433
2.109999999999999,1.2434494358242736,4.204384185254288,4.0,-3.042893743392486,-2.7529986283174632,-0.0,-0.5202560610549716,-0.4763138818359652,1.521446871696243
2.1199999999999988,1.2129961539770369,4.1767598304133315,4.0,-3.047742588585386,-2.7717996352947782,-0.0,-0.521047707106515,-0.4288952558927728,1.523871294292693
2.1299999999999986,1.1824949851186224,4.148949651553719,4.0,-3.05247111411946,-2.7901629429779593,-0.0,-0.5235211032794815,-0.3795896040203645,1.52623555705973
2.1399999999999983,1.1519471333829534,4.120958040225081,4.0,-3.0570791333206153,-2.8080856515878487,-0.0,-0.5271037088100134,-0.3268442587179053,1.5285395666603077
2.149999999999998,1.121353804746907,4.092789416627333,4.0,-3.0615664642721456,-2.8255649309209905,-0.0,-0.5312698652526977,-0.2672544330702928,1.5307832321360728
2.159999999999998,1.0907162069827132,4.064448228912682,4.0,-3.0659329298219076,-2.8425980207965527,-0.0,-0.5355759608954243,-0.1928849380255471,1.5329664649109538
2.1699999999999977,1.0600355496102738,4.03593895248321,4.0,-3.070178357589319,-2.85918223149219,-0.0,-0.540587379773189,-0.08822777741438405,1.5350891787946594
2.1799999999999975,1.029313043849407,4.0072660892841565,4.0,-3.074302579972159,-2.875314944168782,-0.0,-0.5410300875816589,0.06366303635344417,1.5371512899860795
2.1899999999999973,0.998549902572035,3.978434167093006,4.0,-3.078305434153192,-2.890993611283982,-0.0,-0.539975737643875,0.24681009425956452,1.539152717076596
2.199999999999997,0.9677473402543009,3.9494477388045026,4.0,-3.0821867621065873,-2.906215756994499,-0.0,-0.5374127619811209,0.4484253997952436,1.5410933810532936
2.209999999999997,0.9369065729286237,3.9203113817116955,4.0,-3.0859464106041634,-2.9209789775470645,-0.0,-0.5322277658507443,0.6425070169563725,1.5429732053020817
2.2199999999999966,0.9060288181356868,3.891029696783127,4.0,-3.089584231221436,-2.935280941658013,-0.0,-0.5244489885309133,0.834788832528137,1.544792115610718
2.2299999999999964,0.8751152948763803,3.8616073079362927,4.0,-3.093100080343475,-2.9491193908814175,-0.0,-0.5140003296118303,1.0334059571216876,1.5465500401717376
2.239999999999996,0.8441672235636704,3.8320488613074675,4.0,-3.096493819170578,-2.962492139965725,-0.0,-0.5007741213680933,1.0471975511965976,1.548246909585289
2.249999999999996,0.8131858259744185,3.802359024518024,4.0,-3.0997653137237466,-2.9753970771988336,-0.0,-0.48441558967226395,1.0471975511965976,1.5498826568618733
2.259999999999996,0.7821723252011545,3.7725424859373686,4.0,-3.1029144348499784,-2.9878321647415556,-0.0,-0.4644426048739734,1.0471975511965976,1.5514572174249892
2.2699999999999956,0.7511279456037854,3.742603953942587,4.0,-3.105941058227362,-2.9997954389494157,-0.0,-0.4411105524106219,1.0471975511965976,1.552970529113681
2.2799999999999954,0.7200539127612604,3.71254815617494,4.0,-3.10884506436999,-3.011285010682734,-0.0,-0.4149500097666097,1.0471975511965976,1.554422532184995
2.289999999999995,0.68895145342319,3.6823798387933127,4.0,-3.111626338632672,-3.0222990656049418,-0.0,-0.3864092249485278,1.0471975511965976,1.555813169316336
2.299999999999995,0.657821795461413,3.6521037657247426,4.0,-3.1142847712154627,-3.0328358644690883,-0.0,-0.355895014711549,1.0471975511965976,1.5571423856077313
2.3099999999999947,0.6266661678215213,3.6217247179121372,4.0,-3.1168202571679955,-3.042893743392486,-0.0,-0.3237672020157605,1.0471975511965976,1.5584101285839977
2.3199999999999945,0.5954858004743486,3.5912474925593116,4.0,-3.119232696393626,-3.05247111411946,-0.0,-0.2902154747691852,1.0471975511965976,1.559616348196813
2.3299999999999943,0.5642819243674091,3.5606769023734537,4.0,-3.121521993653385,-3.0615664642721456,-0.0,-0.25519641110787306,1.0471975511965976,1.5607609968266924
2.339999999999994,0.5330557713762998,3.530017774805137,4.0,-3.1236880585697366,-3.070178357589319,-0.0,-0.21827493612594848,1.0471975511965976,1.5618440292848683
2.349999999999994,0.5018085742560743,3.4992749512860177,4.0,-3.125730805630146,-3.078305434153192,-0.0,-0.17854306901686468,1.0471975511965976,1.562865402815073
2.3599999999999937,0.4705415665925714,3.4684532864643116,4.0,-3.1276501541904578,-3.085946410604164,-0.0,-0.13466491914321285,1.0471975511965976,1.5638250770952289
2.3699999999999934,0.4392559827537168,3.437557647438191,4.0,-3.129446028478077,-3.093100080343475,-0.0,-0.08526171539885792,1.0471975511965976,1.5647230142390385
2.3799999999999932,0.40795305784078817,3.4065929129872092,4.0,-3.1311183575949615,-3.0997653137237466,-0.0,-0.029839619062337987,1.0471975511965976,1.5655591787974807
2.389999999999993,0.3766340276396636,3.375563972801893,4.0,-3.132667075520422,-3.1059410582273617,-0.0,0.03000970392825192,1.0471975511965976,1.566333537760211
2.399999999999993,0.34530012857202896,3.344475726711595,4.0,-3.134092121113726,-3.111626338632672,-0.0,0.09004705361187625,1.0471975511965976,1.567046060556863
2.4099999999999926,0.31395259764656647,3.31333308391076,4.0,-3.1353934381165134,-3.1168202571679955,-0.0,0.14487982987662726,1.0471975511965976,1.5676967190582567
2.4199999999999924,0.2825926724101233,3.2821409621837048,4.0,-3.1365709751550175,-3.121521993653385,-0.0,0.19458823780306228,1.0471975511965976,1.5682854875775087
2.429999999999992,0.2512215908988482,3.2509042871280376,4.0,-3.1376246857420926,-3.125730805630146,-0.0,0.2373765694259211,1.0471975511965976,1.5688123428710463
2.439999999999992,0.21984059158932467,3.219627991376858,4.0,-3.138554528279048,-3.129446028478077,-0.0,0.2715092148427141,1.0290386283259865,1.569277264139524
2.4499999999999917,0.18845091334967234,3.1883170138198316,4.0,-3.1393604660572936,-3.132667075520422,-0.0,0.2976453446802187,0.9523867976661933,1.5696802330286468
2.4599999999999915,0.15705379539064213,3.156976298823284,4.0,-3.1400424672597853,-3.1353934381165134,-0.0,0.3176364285312968,0.8854718784450575,1.5700212336298927
2.4699999999999913,0.12565047721668776,3.125610795449424,4.0,-3.140600504962283,-3.1376246857420926,-0.0,0.33268548473655546,0.8233235016855226,1.5703002524811416
2.479999999999991,0.09424219857704097,3.0942254566748364,4.0,-3.141034557134415,-3.1393604660572936,-0.0,0.3437860523102345,0.7632993177311893,1.5705172785672075
2.489999999999991,0.0628301994167626,3.0628252386083434,4.0,-3.1413446066405433,-3.140600504962283,-0.0,0.34943762943412293,0.7008825158837475,1.5706723033202716
2.4999999999999907,0.03141571982779423,3.031415099708381,4.0,-3.141530641240445,-3.1413446066405433,-0.0,0.35249962103702764,0.631851854952094,1.5707653206202226
2.5099999999999905,4.440892098500626e-16,3.0000000000000004,4.0,-3.141592653589793,-3.141592653589793,-0.0,0.3536649164576817,0.5513899076398883,1.5707963267948966
2.5199999999999902,-0.031415719827794675,2.9685849002916185,4.0,-3.141530641240445,-3.1413446066405433,-0.0,0.35335963018995425,0.45995655221158704,1.5707653206202226
2.52999999999999,-0.06283019941676216,2.937174761391657,4.0,-3.1413446066405433,-3.140600504962283,-0.0,0.35233472927151743,0.36876634881059717,1.5706723033202716
2.53999999999999,-0.0942421985770403,2.9057745433251645,4.0,-3.141034557134415,-3.1393604660572936,-0.0,0.3516865716842642,0.2774764381020924,1.5705172785672075
2.5499999999999896,-0.1256504772166871,2.8743892045505763,4.0,-3.140600504962283,-3.1376246857420926,-0.0,0.34945293846738235,0.19040485437182122,1.5703002524811416
2.5599999999999894,-0.15705379539064146,2.8430237011767168,4.0,-3.1400424672597853,-3.1353934381165134,-0.0,0.34562060917370546,0.1136179375605659,1.5700212336298927
2.569999999999989,-0.1884509133496728,2.811682986180168,4.0,-3.1393604660572936,-3.132667075520422,-0.0,0.33942152998334796,0.045545057142848046,1.5696802330286468
2.579999999999989,-0.2198405915893249,2.7803720086231416,4.0,-3.138554528279048,-3.129446028478077,-0.0,0.3297273126413322,-0.016325826770808474,1.569277264139524
2.5899999999999888,-0.25122159089884843,2.749095712871962,4.0,-3.1376246857420926,-3.125730805630146,-0.0,0.31754456300327955,-0.07331183034768211,1.5688123428710463
2.5999999999999885,-0.2825926724101224,2.7178590378162957,4.0,-3.1365709751550175,-3.121521993653385,-0.0,0.3010653804707179,-0.12505683741086143,1.5682854875775087
2.6099999999999883,-0.3139525976465669,2.6866669160892394,4.0,-3.1353934381165134,-3.1168202571679955,-0.0,0.2806733752799497,-0.1712394004154914,1.5676967190582567
2.619999999999988,-0.3453001285720283,2.6555242732884055,4.0,-3.134092121113726,-3.1116263386326724,-0.0,0.2567289630562235,-0.21381997181920512,1.567046060556863
2.629999999999988,-0.37663402763966314,2.624436027198108,4.0,-3.132667075520422,-3.105941058227362,-0.0,0.22963044026339777,-0.25260668607530967,1.566333537760211
2.6399999999999877,-0.4079530578407875,2.593407087012791,4.0,-3.1311183575949615,-3.0997653137237466,-0.0,0.2001541305165721,-0.28666936639676904,1.5655591787974807
2.6499999999999875,-0.4392559827537159,2.56244235256181,4.0,-3.129446028478077,-3.093100080343475,-0.0,0.16924349200011526,-0.3153663109241517,1.5647230142390385
2.6599999999999873,-0.47054156659257185,2.531546713535688,4.0,-3.1276501541904578,-3.0859464106041634,-0.0,0.13786891470049445,-0.33822437905995795,1.5638250770952289
2.669999999999987,-0.5018085742560752,2.500725048713982,4.0,-3.125730805630146,-3.078305434153192,-0.0,0.10670986771708116,-0.35495887078236554,1.562865402815073
2.679999999999987,-0.5330557713763004,2.4699822251948627,4.0,-3.1236880585697366,-3.0701783575893185,-0.0,0.07545214808965732,-0.3654806754602392,1.5618440292848683
2.6899999999999866,-0.5642819243674073,2.439323097626548,4.0,-3.121521993653385,-3.061566464272146,-0.0,0.044774246259548865,-0.3697688372844609,1.5607609968266924
2.6999999999999864,-0.5954858004743477,2.4087525074406893,4.0,-3.119232696393626,-3.05247111411946,-0.0,0.015423625537117134,-0.3680086523128439,1.559616348196813
2.709999999999986,-0.6266661678215208,2.3782752820878637,4.0,-3.1168202571679955,-3.0428937433924865,-0.0,-0.011991523532546922,-0.3607367628062823,1.5584101285839977
2.719999999999986,-0.6578217954614123,2.347896234275258,4.0,-3.1142847712154627,-3.0328358644690883,-0.0,-0.03697816392379947,-0.348789640315622,1.5571423856077313
2.7299999999999858,-0.6889514534231902,2.317620161206687,4.0,-3.111626338632672,-3.0222990656049418,-0.0,-0.059051828099351215,-0.33731110994633673,1.555813169316336
2.7399999999999856,-0.7200539127612611,2.2874518438250595,4.0,-3.10884506436999,-3.0112850106827334,-0.0,-0.07797563524141449,-0.3225437303533184,1.554422532184995
2.7499999999999853,-0.7511279456037858,2.257396046057412,4.0,-3.1059410582273617,-2.9997954389494157,-0.0,-0.09353175060992072,-0.30478417263802904,1.5529705291136808
2.759999999999985,-0.7821723252011552,2.227457514062631,4.0,-3.102914434849978,-2.9878321647415556,-0.0,-0.10568796043034209,-0.28465916264003593,1.551457217424989
2.769999999999985,-0.8131858259744189,2.1976409754819755,4.0,-3.0997653137237466,-2.9753970771988336,-0.0,-0.11454653986399806,-0.2628244198651345,1.5498826568618733
2.7799999999999847,-0.8441672235636686,2.1679511386925343,4.0,-3.096493819170578,-2.962492139965726,-0.0,-0.11999987263821665,-0.23987130850881425,1.548246909585289
2.7899999999999845,-0.8751152948763796,2.138392692063708,4.0,-3.093100080343475,-2.9491193908814175,-0.0,-0.1220672366178655,-0.21633496357513587,1.5465500401717376
2.7999999999999843,-0.9060288181356864,2.1089703032168736,4.0,-3.089584231221436,-2.935280941658013,-0.0,-0.12088964054927732,-0.19263645183064118,1.544792115610718
2.809999999999984,-0.936906572928623,2.079688618288305,4.0,-3.085946410604164,-2.920978977547065,-0.0,-0.11673994809601114,-0.16907071267551171,1.542973205302082
2.819999999999984,-0.9677473402543013,2.050552261195497,4.0,-3.0821867621065873,-2.906215756994499,-0.0,-0.11002769687036275,-0.1458036969584925,1.5410933810532936
2.8299999999999836,-0.9985499025720355,2.0215658329069934,4.0,-3.078305434153192,-2.890993611283982,-0.0,-0.10135008008676599,-0.12276038318500732,1.539152717076596
2.8399999999999834,-1.0293130438494074,1.9927339107158426,4.0,-3.074302579972159,-2.8753149441687818,-0.0,-0.09410752062365316,-0.09995739131086968,1.5371512899860795
2.849999999999983,-1.0600355496102718,1.964061047516791,4.0,-3.070178357589319,-2.859182231492191,-0.0,-0.08564266212021282,-0.07712549915882663,1.5350891787946594
2.859999999999983,-1.0907162069827117,1.9355517710873194,4.0,-3.065932929821908,-2.8425980207965535,-0.0,-0.07613920713765605,-0.0539941149626992,1.532966464910954
2.869999999999983,-1.1213538047469052,1.9072105833726685,4.0,-3.061566464272146,-2.8255649309209914,-0.0,-0.06598045368751239,-0.030154340368292943,1.530783232136073
2.8799999999999826,-1.1519471333829525,1.87904195977492,4.0,-3.0570791333206158,-2.8080856515878487,-0.0,-0.05557868160203809,-0.005077653464186555,1.5285395666603079
2.8899999999999824,-1.1824949851186233,1.8510503484462806,4.0,-3.05247111411946,-2.790162942977959,-0.0,-0.04534025303974066,0.021835478571855405,1.52623555705973
2.899999999999982,-1.212996153977037,1.8232401695866685,4.0,-3.047742588585386,-2.771799635294778,-0.0,-0.03564126096546905,0.051171505250578654,1.523871294292693
2.909999999999982,-1.2434494358242743,1.7956158147457115,4.0,-3.042893743392486,-2.7529986283174632,-0.0,-0.02680972675255153,0.08336775903645689,1.521446871696243
2.9199999999999817,-1.2738536284169113,1.7681816461292705,4.0,-3.037924769964866,-2.7337628909429643,-0.0,-0.019098208419718075,0.11848472277764485,1.518962384982433
2.9299999999999815,-1.3042075314494856,1.7409419959105972,4.0,-3.0328358644690883,-2.7140954607172008,-0.0,-0.012667310966267815,0.15607631795103133,1.5164179322345441
2.9399999999999813,-1.3345099466018766,1.7139011655462348,4.0,-3.027627227806428,-2.693999443355399,-0.0,-0.007585209469566005,0.1950427214178544,1.513813613903214
2.949999999999981,-1.3647596775866253,1.6870634250967615,4.0,-3.0222990656049418,-2.6734780122516577,-0.0,-0.003828002440666753,0.2339261014347103,1.5111495328024709
2.959999999999981,-1.3949555301961458,1.6604330125525089,4.0,-3.0168515882113502,-2.652534407977841,-0.0,-0.001289011449440798,0.2705785181243444,1.5084257941056751
2.9699999999999807,-1.4250963123498803,1.6340141331643274,4.0,-3.011285010682734,-2.6311719377718505,-0.0,0.00024584159230436946,0.30402361739115535,1.505642505341367
2.9799999999999804,-1.455180834141359,1.6078109587795302,4.0,-3.0055995527780413,-2.6093939750153736,-0.0,0.0011517305062213289,0.3317311293721249,1.5027997763890206
2.9899999999999802,-1.485207907885175,1.5818276271831087,4.0,-2.9997954389494157,-2.5872039587011866,-0.0,0.0020762558877486137,0.358313613730897,1.4998977194747078
2.99999999999998,-1.5151763481638703,1.5560682414443305,4.0,-2.993872898333333,-2.564605392890101,-0.0,0.0006313928436753714,0.38170438348733515,1.4969364491666666
3.00999999999998,-1.5450849718747368,1.5305368692688175,4.0,-2.987832164741556,-2.5416018461576297,-0.0,-0.0007004219537698724,0.3987676776055064,1.493916082370778
3.0199999999999796,-1.5749325982765228,1.5052375423562037,4.0,-2.981673476651903,-2.5181969510304674,0.0,-0.004112610106125884,0.4138689323875821,1.4908367383259515
3.0299999999999794,-1.6047180490360466,1.4801742557634874,4.0,-2.975397077198834,-2.4943944034128713,0.0,-0.0070761554448722855,0.42226970130269326,1.487698538599417
3.039999999999979,-1.6344401482747117,1.4553509672741647,4.0,-2.9690032141638536,-2.4701979620030388,0.0,-0.01073068410546177,0.4248340165910371,1.4845016070819268
3.049999999999979,-1.6640977226149327,1.430771596773249,4.0,-2.9624921399657254,-2.445611447699563,0.0,-0.016272918431225462,0.4259649300148282,1.4812460699828627
3.0599999999999787,-1.6936896012264568,1.4064400256282759,4.0,-2.95586411165051,-2.4206387429980682,0.0,-0.020608702020663224,0.42058342112410674,1.477932055825255
3.0699999999999785,-1.7232146158725854,1.382360096076389,4.0,-2.9491193908814175,-2.3952837913781195,0.0,-0.02524747690767267,0.4119468164252746,1.4745596954407088
3.0799999999999783,-1.7526716009562953,1.3585356106176087,4.0,-2.9422582439284737,-2.3695505966805017,0.0,-0.031539496680387615,0.4035744048404646,1.4711291219642368
3.089999999999978,-1.782059393566254,1.3349703314143706,4.0,-2.935280941658013,-2.3434432224749657,0.0,-0.036057763959709895,0.39079586907888686,1.4676404708290065
3.099999999999978,-1.8113768335227283,1.311667979697439,4.0,-2.9281877595219816,-2.316965791418546,0.0,-0.04059042377308703,0.37699625005074106,1.4640938797609908
3.1099999999999777,-1.8406227634233887,1.288632235178279,4.0,-2.920978977547065,-2.2901224846045425,0.0,-0.04666411017033792,0.36523944223034926,1.4604894887735325
3.1199999999999775,-1.8697960286890014,1.2658667354679882,4.0,-2.9136548803236315,-2.262917540902276,0.0,-0.05067676461316683,0.35147685266989454,1.4568274401618158
3.1299999999999772,-1.898895477609005,1.2433750755028772,4.0,-2.906215756994499,-2.2353552562877295,0.0,-0.056016728352495423,0.341381720414222,1.4531078784972495
3.139999999999977,-1.9279199613869824,1.221160806976787,4.0,-2.898661901243519,-2.207439983165155,0.0,-0.06152352633746003,0.334821771888231,1.4493309506217595
3.149999999999977,-1.9568683341860122,1.1992274377802326,4.0,-2.890993611283982,-2.179176129679782,0.0,-0.06489625391347165,0.32710466407960026,1.445496805641991
3.1599999999999766,-1.9857394531739034,1.177578431446471,4.0,-2.8832111898468455,-2.1505681590217223,0.0,-0.06925664009314518,0.32065512537783936,1.4416055949234228
3.1699999999999764,-2.014532178568313,1.1562172066045657,4.0,-2.8753149441687826,-2.1216205887211763,0.0,-0.07330814926850121,0.3153109313102151,1.4376574720843913
3.179999999999976,-2.043245373681745,1.1351471364395447,4.0,-2.8673051859800514,-2.0923379899350643,0.0,-0.07647133202469437,0.30837025393240924,1.4336525929900257
3.189999999999976,-2.0718779049664207,1.1143715481597405,4.0,-2.85918223149219,-2.0627249867251902,0.0,-0.07920329010090256,0.30275291869196447,1.429591115746095
3.1999999999999758,-2.1004286420590317,1.0938937224713803,4.0,-2.8509464013855337,-2.0327862553280456,0.0,-0.08156691786553603,0.29841937108421274,1.4254732006927668
3.2099999999999755,-2.1288964578253635,1.0737168930605265,4.0,-2.842598020796553,-2.0025265234163787,0.0,-0.08354250290138138,0.2951724250307014,1.4212990103982766
3.2199999999999753,-2.1572802284047956,1.053844246082441,4.0,-2.834137419305019,-1.9719505693526405,0.0,-0.08518811462296474,0.2930106230706318,1.4170687096525094
3.229999999999975,-2.1855788332546657,1.034278919658452,4.0,-2.825564930920991,-1.9410632214344252,0.0,-0.08654558725070095,0.29184382668559505,1.4127824654604955
3.239999999999975,-2.213791155194509,1.015024003380411,4.0,-2.816880894071632,-1.9098693571320269,0.0,-0.08764489703761484,0.2915186322924731,1.408440447035816
3.2499999999999747,-2.2419160804501628,0.9960825378228075,4.0,-2.8080856515878483,-1.8783739023182295,0.0,-0.08853423078145818,0.29191275495919217,1.4040428257939241
3.2599999999999745,-2.2699524986977337,0.9774575140626318,4.0,-2.799179550690753,-1.846581830490457,0.0,-0.08926747585962702,0.2929046893128819,1.3995897753453765
3.2699999999999743,-2.297899303107439,0.9591518732070403,4.0,-2.790162942977959,-1.8144981619853924,0.0,-0.08989594901505095,0.2943620389411337,1.3950814714889794
3.279999999999974,-2.325755390387292,0.9411685059289314,4.0,-2.7810361844097002,-1.78212796318622,0.0,-0.09047192202858334,0.29615972066006724,1.3905180922048501
3.289999999999974,-2.353519660826663,0.9235102520104683,4.0,-2.771799635294778,-1.749476345722578,0.0,-0.09104610587920539,0.29817971306856145,1.385899817647389
3.2999999999999736,-2.3811910183396963,0.9061798998946453,4.0,-2.762453660276335,-1.7165484656633734,0.0,-0.0916652740158339,0.30030954739695404,1.3812268301381676
3.3099999999999734,-2.408768370508577,0.8891801862449618,4.0,-2.752998628317463,-1.6833495227025792,0.0,-0.09237107962513472,0.30244602569640794,1.3764993141587314
3.319999999999973,-2.436250628626663,0.87251379551327,4.0,-2.7434349126866335,-1.6498847593381434,0.0,-0.09320080743646743,0.3044979191894615,1.3717174563433168
3.329999999999973,-2.463636707741457,0.8561833595158697,4.0,-2.7337628909429648,-1.6161594600441398,0.0,-0.09418691848483704,0.3063881391198128,1.3668814454714824
3.3399999999999728,-2.4909255266974535,0.8401914570179123,4.0,-2.723982944921313,-1.582178950436278,0.0,-0.09535730077346226,0.3080554602613613,1.3619914724606565
3.3499999999999726,-2.518116008178804,0.8245406133261861,4.0,-2.7140954607172016,-1.5479485964309418,0.0,-0.09673707955957139,0.3094556215064765,1.3570477303586008
3.3599999999999723,-2.5452070787518566,0.8092332998903409,4.0,-2.7041008286715766,-1.51347380339784,0.0,-0.098346997387897,0.31056082679030295,1.3520504143357883
3.369999999999972,-2.5721976689075325,0.7942719339126167,4.0,-2.693999443355398,-1.4787600153064369,0.0,-0.10020172830280939,0.31135871870366205,1.346999721677699
3.379999999999972,-2.5990867131035476,0.7796588779661384,4.0,-2.683791703554062,-1.4438127138662866,0.0,-0.10231127619907479,0.31185635146152724,1.341895851777031
3.3899999999999717,-2.625873149806479,0.7653964396218402,4.0,-2.6734780122516564,-1.4086374176614092,0.0,-0.104628571270183,0.31191512032290203,1.3367390061258282
3.3999999999999715,-2.652555921533671,0.7514868710840719,4.0,-2.6630587766150553,-1.3732396812788399,0.0,-0.10737922459486808,0.3122608712090262,1.3315293883075277
3.4099999999999713,-2.6791339748949845,0.7379323688349504,4.0,-2.65253440797784,-1.3376250944314974,0.0,-0.11009743111470066,0.3115585436524597,1.32626720398892
3.419999999999971,-2.705606260634379,0.7247350732875111,4.0,-2.6419053218240656,-1.3017992810755046,0.0,-0.11323507681990833,0.31121627162694526,1.3209526609120328
3.429999999999971,-2.731971733671345,0.7118970684477062,4.0,-2.6311719377718505,-1.2657678985220913,0.0,-0.11674293857237263,0.3111078763214894,1.3155859688859253
3.4399999999999706,-2.758229353142151,0.6994203815853242,4.0,-2.6203346795568203,-1.2295366365442544,0.0,-0.12008325713530509,0.31005592445796853,1.3101673397784102
3.4499999999999704,-2.7843780824409405,0.6873069829138547,4.0,-2.6093939750153736,-1.1931112164782665,0.0,-0.12371052233602033,0.30899116960688494,1.3046969875076868
3.45999999999997,-2.8104168892606536,0.6755587852793714,4.0,-2.5983502560677905,-1.1564973903202125,0.0,-0.12763084388641277,0.3081480265680324,1.2991751280338952
3.46999999999997,-2.836344745633783,0.6641776438584697,4.0,-2.5872039587011866,-1.1197009398176838,0.0,-0.13154375438026522,0.3075893874323533,1.2936019793505933
3.47999999999997,-2.862160627972955,0.6531653558653145,4.0,-2.5759555229522952,-1.082727675556773,0.0,-0.13529523011491404,0.3056183727181001,1.2879777614761476
3.4899999999999696,-2.887863517111337,0.6425236602678392,4.0,-2.5646053928901016,-1.045583436044517,0.0,-0.13931053843917743,0.30400972469539583,1.2823026964450508
3.4999999999999694,-2.9134523983428795,0.6322542375131395,4.0,-2.5531540165983038,-1.0082740867869193,0.0,-0.14318389324769734,0.3026992000706021,1.2765770082991519
3.509999999999969,-2.938926261462365,0.6223587092621163,4.0,-2.5416018461576297,-0.9708055193627337,0.0,-0.14685001896840597,0.30016612651384783,1.2708009230788149
3.519999999999969,-2.9642841008052963,0.6128386381333928,4.0,-2.52994933762799,-0.9331836504931063,0.0,-0.15075551871320161,0.2980790010354851,1.264974668813995
3.5299999999999687,-2.9895249152875945,0.6036955274565603,4.0,-2.5181969510304665,-0.895414421107258,0.0,-0.1544595297715445,0.2964479483218017,1.2590984755152332
3.5399999999999685,-3.014647708445124,0.5949308210347852,4.0,-2.506345150329161,-0.8575037954043435,0.0,-0.15793537003768807,0.2937633221365857,1.2531725751645806
3.5499999999999683,-3.0396514884730275,0.5865459029168152,4.0,-2.4943944034128704,-0.8194577599116352,0.0,-0.16155586974003536,0.29136133920010077,1.2471972017064352
3.559999999999968,-3.064535268264883,0.5785420971784219,4.0,-2.482345182076621,-0.7812823225391813,0.0,-0.16502920566329182,0.2897020489480183,1.2411725910383105
3.569999999999968,-3.089298065451673,0.570920667713315,4.0,-2.4701979620030383,-0.7429835116310864,0.0,-0.16860333794756174,0.288208367608251,1.2350989810015192
3.5799999999999677,-3.1139389024405615,0.5636828180335574,4.0,-2.4579532227435728,-0.7045673750135696,0.0,-0.1715595897512819,0.2850762531816451,1.2289766113717864
3.5899999999999674,-3.138456806453502,0.5568296910795167,4.0,-2.445611447699563,-0.6660399790399313,0.0,-0.17490382873387292,0.28358203910207536,1.2228057238497816
3.5999999999999672,-3.1628508095656223,0.5503623690393828,4.0,-2.4331731241031553,-0.6274074076326221,0.0,-0.17769791268980376,0.2807840246184871,1.2165865620515777
3.609999999999967,-3.1871199487434487,0.5442818731782784,4.0,-2.4206387429980682,-0.5886757613225104,0.0,-0.18083123386441818,0.27929231017617495,1.2103193714990341
3.619999999999967,-3.211263265882922,0.5385891636769866,4.0,-2.408008799220205,-0.54985115628554,0.0,-0.18379232403683074,0.27760353174040564,1.2040043996101024
3.6299999999999666,-3.2352798078472222,0.5332851394803297,4.0,-2.395283791378119,-0.5109397233769153,0.0,-0.1863206822971013,0.27502107986155844,1.1976418956890595
3.6399999999999664,-3.2591686265043944,0.5283706381552147,4.0,-2.382464221833333,-0.4719476071629681,0.0,-0.18915630325751912,0.27357744180834875,1.1912321109166666
3.649999999999966,-3.2829287787647816,0.5238464357583719,4.0,-2.369550596680502,-0.4328809649508625,0.0,-0.19186266239107133,0.27206399868274367,1.184775298340251
3.659999999999966,-3.3065593266182587,0.5197132467138057,4.0,-2.3565434257274336,-0.39374596581627297,0.0,-0.19413307334901306,0.2696385823300965,1.1782717128637168
3.6699999999999657,-3.330059337171258,0.515971723699979,4.0,-2.343443222474966,-0.3545487896292331,0.0,-0.1967397571579993,0.26829531532150375,1.171721611237483
3.6799999999999655,-3.3534278826836,0.5126224575467497,4.0,-2.330250504096693,-0.3152956260782508,0.0,-0.19927905151248948,0.26695552523056737,1.1651252520483466
3.6899999999999653,-3.376664040605122,0.5096659771420686,4.0,-2.316965791418546,-0.2759926736928878,0.0,-0.20136588468252128,0.26465847944283494,1.158482895709273
3.699999999999965,-3.399766893612096,0.5071027493484652,4.0,-2.3035896088982346,-0.23664613886494024,0.0,-0.2037855626149812,0.2633548767074542,1.1517948044491173
3.709999999999965,-3.4227355296434436,0.504933178929321,4.0,-2.290122484604541,-0.1972622348683768,0.0,-0.20617052877497938,0.26205040234877613,1.1450612423022706
3.7199999999999647,-3.445569041936743,0.5031576084849565,4.0,-2.2765649501964735,-0.15784718087819125,0.0,-0.20845104915436372,0.2605709633749041,1.1382824750982368
3.7299999999999645,-3.4682665290640253,0.5017763183985267,4.0,-2.2629175409022753,-0.11840720098832247,0.0,-0.21061760917342595,0.258901999819833,1.1314587704511376
3.7399999999999642,-3.4908270949673623,0.5007895267917499,4.0,-2.2491807954982987,-0.0789485232288006,0.0,-0.21282075098128653,0.25733560942045414,1.1245903977491494
3.749999999999964,-3.5132498489942456,0.5001973894904599,4.0,-2.2353552562877295,-0.039477378582257805,0.0,-0.21494771594144785,0.25560516810663614,1.1176776281438647
3.759999999999964,-3.5355339059327373,0.5,4.0,-2.221441469079183,-5.771012081165369e-16,0.0,-0.21707229206338077,0.25388860126640705,1.1107207345395915
3.7699999999999636,-3.557678386046427,0.5001973894904599,4.0,-2.2074399831651546,0.03947737858225665,0.0,-0.2191612696893019,0.2520669008297801,1.1037199915825773
3.7799999999999634,-3.579682415109156,0.5007895267917499,4.0,-2.1933513513003335,0.07894852322879944,0.0,-0.22124003904615708,0.2501976822536626,1.0966756756501668
3.789999999999963,-3.601545124439535,0.5017763183985271,4.0,-2.179176129679782,0.11840720098832411,0.0,-0.22328058984455265,0.2482466086531631,1.089588064839891
3.799999999999963,-3.6232656509352337,0.5031576084849565,4.0,-2.164914877916978,0.15784718087819288,0.0,-0.22530856174713335,0.2462245258299668,1.082457438958489
3.8099999999999627,-3.6448431371070567,0.504933178929321,4.0,-2.1505681590217227,0.19726223486837563,0.0,-0.22731470933275988,0.2441210961024778,1.0752840795108614
3.8199999999999625,-3.666276731112799,0.5071027493484652,4.0,-2.136136539377911,0.2366461388649391,0.0,-0.22928868682508086,0.24194187755114183,1.0680682696889554
3.8299999999999623,-3.687565586790869,0.5096659771420686,4.0,-2.1216205887211763,0.2759926736928867,0.0,-0.2312447699949836,0.23968289736662535,1.0608102943605882
3.839999999999962,-3.708708863693696,0.5126224575467497,4.0,-2.1070208801163948,0.3152956260782497,0.0,-0.2331738256485031,0.2373423730274271,1.0535104400581974
3.849999999999962,-3.7297057271209106,0.515971723699979,4.0,-2.0923379899350643,0.354548789629232,0.0,-0.23506662747240178,0.234929516731516,1.0461689949675321
3.8599999999999617,-3.7505553481522975,0.5197132467138053,4.0,-2.077572497832547,0.39374596581627186,0.0,-0.23693276668629598,0.23244115674061797,1.0387862489162736
3.8699999999999615,-3.7712569036805195,0.5238464357583719,4.0,-2.0627249867251902,0.43288096495086137,0.0,-0.2387608990817371,0.2298785064931533,1.0313624933625951
3.8799999999999613,-3.79180957644361,0.5283706381552151,4.0,-2.047796042767308,0.47194760716296974,0.0,-0.24054581804565467,0.2272526832296819,1.023898021383654
3.889999999999961,-3.81221255505724,0.5332851394803297,4.0,-2.0327862553280456,0.510939723376917,0.0,-0.24229143302146475,0.22456076303645112,1.0163931276640228
3.899999999999961,-3.8324650340467485,0.5385891636769866,4.0,-2.0176962169681114,0.5498511562855389,0.0,-0.2439842743969032,0.2218087560499565,1.0088481084840557
3.9099999999999606,-3.8525662138789456,0.5442818731782784,4.0,-2.0025265234163796,0.5886757613225093,0.0,-0.24563469267544535,0.21900146000744058,1.0012632617081898
3.9199999999999604,-3.8725153009936686,0.5503623690393824,4.0,-1.987277773546378,0.6274074076326209,0.0,-0.24722411410462683,0.21614132815879739,0.993638886773189
3.92999999999996,-3.8923115078351165,0.5568296910795163,4.0,-1.9719505693526416,0.6660399790399301,0.0,-0.24876433269985995,0.2132354382679669,0.9859752846763208
3.93999999999996,-3.9119540528829404,0.5636828180335574,4.0,-1.9565455159269471,0.7045673750135685,0.0,-0.25023669895735884,0.21028541933178693,0.9782727579634736
3.9499999999999598,-3.9314421606830945,0.570920667713315,4.0,-1.9410632214344263,0.742983511631088,0.0,-0.25165272055416693,0.20729851048064252,0.9705316107172132
3.9599999999999596,-3.950775061878452,0.5785420971784223,4.0,-1.9255042970895557,0.7812823225391828,0.0,-0.2529942626435872,0.20427635390258098,0.9627521485447779
3.9699999999999593,-3.969951993239176,0.5865459029168147,4.0,-1.9098693571320289,0.8194577599116342,0.0,-0.2542731205690538,0.20122515391562626,0.9549346785660144
3.979999999999959,-3.9889721976928545,0.5949308210347848,4.0,-1.8941590188025015,0.8575037954043423,0.0,-0.2554714800342883,0.19814671299295739,0.9470795094012507
3.989999999999959,-4.007834924354382,0.6036955274565603,4.0,-1.8783739023182315,0.8954144211072568,0.0,-0.25660084006035244,0.19504673484139978,0.9391869511591158
3.9999999999999587,-4.026539428555609,0.6128386381333923,4.0,-1.8625146308485891,0.9331836504931053,0.0,-0.25764320057021084,0.19192623249351673,0.9312573154242946
4.009999999999959,-4.045084971874736,0.6223587092621159,4.0,-1.846581830490457,0.9708055193627326,0.0,-0.2586077904085133,0.1887929281432577,0.9232909152452285
4.019999999999959,-4.06347082216547,0.632254237513139,4.0,-1.8305761302435115,1.0082740867869182,0.0,-0.2594932335207788,0.18563998745032687,0.9152880651217558
4.0299999999999585,-4.081696253585919,0.6425236602678388,4.0,-1.8144981619853924,1.045583436044516,0.0,-0.260291964210322,0.182473928469571,0.9072490809926962
4.039999999999958,-4.0997605466272615,0.653165355865315,4.0,-1.7983485604467562,1.0827276755567745,0.0,-0.2610015486838891,0.17930016923844205,0.8991742802233781
4.049999999999958,-4.117662988142137,0.6641776438584701,4.0,-1.78212796318622,1.1197009398176854,0.0,-0.26162865053956114,0.17611174322289996,0.89106398159311
4.059999999999958,-4.135402871372808,0.675558785279371,4.0,-1.76583701056519,1.1564973903202114,0.0,-0.26215676044815434,0.17291302710071446,0.882918505282595
4.069999999999958,-4.1529794959790625,0.6873069829138543,4.0,-1.749476345722579,1.1931112164782653,0.0,-0.2625936107690531,0.16971087874895102,0.8747381728612895
4.079999999999957,-4.170392168065856,0.6994203815853237,4.0,-1.7330466145494223,1.2295366365442533,0.0,-0.262941291093594,0.16649390751348378,0.8665233072747112
4.089999999999957,-4.1876402002107085,0.7118970684477057,4.0,-1.7165484656633745,1.2657678985220904,0.0,-0.2631861520321081,0.16326916437298586,0.8582742328316872
4.099999999999957,-4.204722911490845,0.7247350732875106,4.0,-1.6999825503831034,1.3017992810755035,0.0,-0.2633375539015005,0.16004210870964125,0.8499912751915517
4.109999999999957,-4.221639627510074,0.7379323688349504,4.0,-1.6833495227025812,1.3376250944314962,0.0,-0.26339496262109974,0.15680259886000547,0.8416747613512906
4.119999999999957,-4.238389680425416,0.7514868710840727,4.0,-1.6666500392652563,1.3732396812788414,0.0,-0.26335115532941644,0.1535566352192293,0.8333250196326282
4.129999999999956,-4.254972408973458,0.7653964396218398,4.0,-1.6498847593381458,1.408637417661408,0.0,-0.26321327280800316,0.15030802470054996,0.8249423796690729
4.139999999999956,-4.271387158496476,0.7796588779661393,4.0,-1.6330543447857888,1.4438127138662882,0.0,-0.2629875664058718,0.14704708357095325,0.8165271723928944
4.149999999999956,-4.287633280968261,0.7942719339126163,4.0,-1.6161594600441396,1.4787600153064357,0.0,-0.26266441522316913,0.14377945514707252,0.8080797300220698
4.159999999999956,-4.303710135019719,0.8092332998903418,4.0,-1.5992007720943135,1.5134738033978414,0.0,-0.26225593609532527,0.14051037835436558,0.7996003860471568
4.1699999999999555,-4.319617085964176,0.8245406133261857,4.0,-1.5821789504362775,1.547948596430941,0.0,-0.26176752659152475,0.13722990515070715,0.7910894752181388
4.179999999999955,-4.33535350582245,0.8401914570179114,4.0,-1.5650946670624017,1.5821789504362769,0.0,-0.2611931039749377,0.13394395970739506,0.7825473335312009
4.189999999999955,-4.350918773347629,0.8561833595158692,4.0,-1.5479485964309416,1.6161594600441387,0.0,-0.26054385699238464,0.13065768169323155,0.7739742982154708
4.199999999999955,-4.3663122740496,0.8725137955132691,4.0,-1.5307414154394081,1.6498847593381423,0.0,-0.25982678240247054,0.12736151399650392,0.7653707077197041
4.209999999999955,-4.381533400219318,0.8891801862449626,4.0,-1.5134738033978399,1.6833495227025805,0.0,-0.2590359270557758,0.12406136122685482,0.7567369016989199
4.2199999999999545,-4.396581550952781,0.9061798998946449,4.0,-1.496146442001998,1.7165484656633723,0.0,-0.2581813830241794,0.12076286850069017,0.748073221000999
4.229999999999954,-4.4114561321747665,0.9235102520104688,4.0,-1.4787600153064366,1.7494763457225795,0.0,-0.2572706737929305,0.11745603153591357,0.7393800076532183
4.239999999999954,-4.426156556662276,0.941168505928931,4.0,-1.461315209697516,1.7821279631862192,0.0,-0.256297562633313,0.11414684158900823,0.730657604848758
4.249999999999954,-4.440682244067723,0.9591518732070412,4.0,-1.4438127138662864,1.8144981619853937,0.0,-0.25526938862503157,0.11084175148795204,0.7219063569331432
4.259999999999954,-4.455032620941839,0.9774575140626309,4.0,-1.4262532187813193,1.846581830490456,0.0,-0.2541949735693787,0.10752887077940496,0.7131266093906596
4.269999999999953,-4.469207120756319,0.9960825378228084,4.0,-1.4086374176614103,1.8783739023182309,0.0,-0.25306605434796675,0.10421576147488013,0.7043187088307051
4.279999999999953,-4.483205183926179,1.0150240033804114,4.0,-1.3909660059482254,1.9098693571320282,0.0,-0.2518866433925434,0.10090859709883847,0.6954830029741127
4.289999999999953,-4.4970262578318545,1.0342789196584516,4.0,-1.3732396812788423,1.9410632214344246,0.0,-0.25066518581897035,0.09759379584219144,0.6866198406394212
4.299999999999953,-4.5106697968410145,1.053844246082442,4.0,-1.3554591434582026,1.971950569352642,0.0,-0.24939193674728521,0.09428590271319423,0.6777295717291013
4.3099999999999525,-4.5241352623300966,1.073716893060526,4.0,-1.3376250944314996,2.002526523416378,0.0,-0.24809023370652886,0.09096199334871052,0.6688125472157498
4.319999999999952,-4.537422122705585,1.0938937224713812,4.0,-1.319738238256447,2.032786255328047,0.0,-0.24671726246923903,0.08767571926171677,0.6598691191282235
4.329999999999952,-4.550529853424978,1.11437154815974,4.0,-1.3017992810755044,2.0627249867251893,0.0,-0.24538487436705989,0.08427984002108496,0.6508996405377522
4.339999999999952,-4.563457937017514,1.1351471364395442,4.0,-1.2838089310879808,2.0923379899350634,0.0,-0.24359372434106005,0.08142969535110348,0.6419044655439904
4.349999999999952,-4.576205863104588,1.1562172066045648,4.0,-1.265767898522091,2.1216205887211754,0.0,-0.24232662373597885,0.07785449139572112,0.6328839492610455
4.3599999999999515,-4.588773128419906,1.177578431446471,4.0,-1.2476768956069093,2.1505681590217223,0.0,-0.24102494217516449,0.07424996922375467,0.6238384478034547
4.369999999999951,-4.601159236829352,1.199227437780233,4.0,-1.2295366365442542,2.1791761296797825,0.0,-0.23911315140381342,0.07140530226860228,0.6147683182721271
4.379999999999951,-4.6133636993505736,1.2211608069767856,4.0,-1.2113478374804936,2.2074399831651528,0.0,-0.23778057268730907,0.06768737917645604,0.6056739187402468
4.389999999999951,-4.6253860341722906,1.2433750755028776,4.0,-1.1931112164782662,2.23535525628773,0.0,-0.23621411835328862,0.06422774032473517,0.5965556082391331
4.399999999999951,-4.637225766673306,1.2658667354679864,4.0,-1.1748274934881486,2.262917540902275,0.0,-0.23431150379292429,0.061170140183929,0.5874137467440743
4.40999999999995,-4.648882429441256,1.2886322351782775,4.0,-1.1564973903202136,2.2901224846045407,0.0,-0.23279779760654198,0.0574590050826976,0.5782486951601068
4.41999999999995,-4.660355562291055,1.3116679796974386,4.0,-1.1381216306155495,2.3169657914185455,0.0,-0.23081727059030047,0.0543685174154881,0.5690608153077747
4.42999999999995,-4.67164471228306,1.3349703314143706,4.0,-1.1197009398176851,2.3434432224749657,0.0,-0.22920090817733513,0.050609027457432544,0.5598504699088426
4.43999999999995,-4.682749433740962,1.3585356106176087,4.0,-1.1012360451439516,2.3695505966805017,0.0,-0.22710890577362616,0.04753195036255541,0.5506180225719758
4.4499999999999496,-4.69366928826937,1.382360096076389,4.0,-1.0827276755567743,2.3952837913781195,0.0,-0.22538302015796913,0.04374669890001154,0.5413638377783871
4.459999999999949,-4.704403844771127,1.4064400256282759,4.0,-1.0641765617348924,2.4206387429980687,0.0,-0.22318334795984765,0.04066690730783823,0.5320882808674462
4.469999999999949,-4.714952679464322,1.4307715967732475,4.0,-1.0455834360445169,2.4456114476995614,0.0,-0.2210602592967031,0.037426793317536025,0.5227917180222584
4.479999999999949,-4.725315375899025,1.4553509672741647,4.0,-1.0269490325104091,2.470197962003039,0.0,-0.21898191619401475,0.03353409019039874,0.5134745162552046
4.489999999999949,-4.735491524973721,1.4801742557634858,4.0,-1.008274086786919,2.49439440341287,0.0,-0.21708318780380764,0.030547933018794462,0.5041370433934595
4.4999999999999485,-4.745480724951473,1.505237542356202,4.0,-0.989559336128923,2.518196951030466,0.0,-0.21470591802900096,0.026810895924276223,0.4947796680644615
4.509999999999948,-4.755282581475767,1.5305368692688166,4.0,-0.9708055193627335,2.5416018461576297,0.0,-0.21206916136663745,0.023622375335013397,0.48540275968136676
4.519999999999948,-4.764896707586094,1.5560682414443305,4.0,-0.9520133768569251,2.564605392890101,0.0,-0.21012923249011198,0.020833249659360044,0.47600668842846255
4.529999999999948,-4.774322723733214,1.5818276271831087,4.0,-0.9331836504931061,2.5872039587011866,0.0,-0.20767153151019205,0.016744203302392496,0.46659182524655307
4.539999999999948,-4.783560257794153,1.6078109587795302,4.0,-0.914317083636632,2.6093939750153736,0.0,-0.20473253361556185,0.013825895094520804,0.457158541818316
4.549999999999947,-4.792608945086879,1.6340141331643276,4.0,-0.8954144211072578,2.631171937771851,0.0,-0.20265827758776872,0.011115074178392612,0.4477072105536289
4.559999999999947,-4.801468428384715,1.6604330125525073,4.0,-0.8764764091497346,2.6525344079778397,0.0,-0.19996059570851119,0.007164736072695171,0.4382382045748673
4.569999999999947,-4.8101383579304295,1.6870634250967615,4.0,-0.8575037954043433,2.6734780122516577,0.0,-0.1968856124752531,0.004402094027703749,0.42875189770217165
4.579999999999947,-4.818618391450048,1.713901165546233,4.0,-0.8384973288773938,2.6939994433553975,0.0,-0.194883211789895,0.0018017032950731861,0.4192486644386969
4.589999999999947,-4.82690819416637,1.7409419959105974,4.0,-0.8194577599116364,2.7140954607172008,0.0,-0.19150899835410262,-0.0019141327728961213,0.4097288799558182
4.599999999999946,-4.835007438812175,1.7681816461292708,4.0,-0.8003858401566541,2.7337628909429643,0.0,-0.18864567500581364,-0.004499106897518282,0.4001929200783271
4.609999999999946,-4.842915805643155,1.7956158147457117,4.0,-0.7812823225391825,2.7529986283174632,0.0,-0.18621199762152307,-0.006975260067194524,0.39064116126959125
4.619999999999946,-4.850632982450529,1.8232401695866687,4.0,-0.7621479612333866,2.771799635294778,0.0,-0.1825434978798434,-0.010510461410043243,0.3810739806166933
4.629999999999946,-4.85815866457337,1.8510503484462808,4.0,-0.7429835116310876,2.790162942977959,0.0,-0.17964404214290042,-0.012848957229605459,0.3714917558155438
4.6399999999999455,-4.865492554910633,1.87904195977492,4.0,-0.7237897303119409,2.8080856515878487,0.0,-0.17687788217166187,-0.015183197414618927,0.36189486515597047
4.649999999999945,-4.872634363932885,1.9072105833726665,4.0,-0.7045673750135694,2.8255649309209905,0.0,-0.172851687996574,-0.017863706418853792,0.3522836875067847
4.659999999999945,-4.879583809693736,1.9355517710873176,4.0,-0.6853172046016436,2.8425980207965527,0.0,-0.16985275333752578,-0.02006667644719037,0.3426586023008218
4.669999999999945,-4.886340617840967,1.964061047516789,4.0,-0.6660399790399311,2.8591822314921895,0.0,-0.1667927874872874,-0.022378013528888276,0.33301998951996553
4.679999999999945,-4.892904521627361,1.9927339107158428,4.0,-0.6467364593602891,2.875314944168782,0.0,-0.16303735481623605,-0.02562386106402369,0.32336822968014456
4.689999999999944,-4.899275261921234,2.021565832906994,4.0,-0.6274074076326219,2.890993611283982,0.0,-0.15992266993903242,-0.027587469621082328,0.31370370381631096
4.699999999999944,-4.90545258721667,2.050552261195497,4.0,-0.6080535869347949,2.906215756994499,0.0,-0.15566886602303812,-0.02996154696375602,0.30402679346739747
4.709999999999944,-4.911436253643443,2.0796886182883054,4.0,-0.5886757613225103,2.920978977547065,0.0,-0.15157711786989506,-0.03168919163983862,0.29433788066125516
4.719999999999944,-4.917226024976649,2.108970303216874,4.0,-0.5692746957991429,2.935280941658013,0.0,-0.14860258965819756,-0.03356618974423145,0.28463734789957146
4.729999999999944,-4.922821672646027,2.138392692063706,4.0,-0.5498511562855412,2.9491193908814166,0.0,-0.14562375259925092,-0.0354629821184973,0.2749255781427706
4.739999999999943,-4.9282229757449905,2.1679511386925325,4.0,-0.530405909589784,2.9624921399657245,0.0,-0.14193669009288018,-0.03823267791166677,0.265202954794892
4.749999999999943,-4.9334297210393405,2.1976409754819755,4.0,-0.5109397233769165,2.9753970771988336,0.0,-0.13864803112758475,-0.03985625133352982,0.25546986168845826
4.759999999999943,-4.938441702975688,2.227457514062631,4.0,-0.491453366138639,2.9878321647415556,0.0,-0.1338813593528377,-0.041751966160167235,0.2457266830693195
4.769999999999943,-4.94325872368957,2.2573960460574125,4.0,-0.4719476071629693,2.9997954389494157,0.0,-0.13045678453579815,-0.04314310569670941,0.23597380358148465
4.7799999999999425,-4.947880593013255,2.2874518438250595,4.0,-0.45242321650387257,3.0112850106827334,0.0,-0.12687817322187242,-0.04451133627506981,0.22621160825193629
4.789999999999942,-4.952307128483256,2.317620161206687,4.0,-0.4328809649508609,3.0222990656049418,0.0,-0.12337696148362025,-0.04603415912355567,0.21644048247543046
4.799999999999942,-4.956538155347533,2.3478962342752583,4.0,-0.41332162399856387,3.0328358644690883,0.0,-0.11970706272476299,-0.04744102247923314,0.20666081199928193
4.809999999999942,-4.9605735065723895,2.3782752820878637,4.0,-0.3937459658162714,3.0428937433924865,0.0,-0.11582584951407071,-0.048778241876310025,0.1968729829081357
4.819999999999942,-4.964413022849068,2.408752507440687,4.0,-0.374154763217451,3.0524711141194594,0.0,-0.11095793767764382,-0.05040282366171451,0.1870773816087255
4.8299999999999415,-4.968056552600042,2.439323097626546,4.0,-0.3545487896292329,3.061566464272145,0.0,-0.10730808031838293,-0.05163843356770476,0.17727439481461646
4.839999999999941,-4.971503951984994,2.4699822251948627,4.0,-0.33492881906188504,3.0701783575893185,0.0,-0.10351495992324394,-0.05279233418529539,0.16746440953094252
4.849999999999941,-4.9747550849065005,2.5007250487139823,4.0,-0.3152956260782506,3.078305434153192,0.0,-0.09864378039901751,-0.05419167155590708,0.1576478130391253
4.859999999999941,-4.9778098230154,2.5315467135356884,4.0,-0.2956499857631712,3.085946410604164,0.0,-0.09495742004188192,-0.05524283921284377,0.1478249928815856
4.869999999999941,-4.980668045715863,2.56244235256181,4.0,-0.27599267369288766,3.093100080343475,0.0,-0.09122385332567004,-0.05626275948589916,0.13799633684644383
4.87999999999994,-4.983329640170149,2.593407087012791,4.0,-0.2563244659044219,3.099765313723747,0.0,-0.08616685617400967,-0.05736409731178459,0.12816223295221096
4.88999999999994,-4.98579450130307,2.624436027198108,4.0,-0.23664613886494007,3.105941058227362,0.0,-0.08236208053288077,-0.058221531282079964,0.11832306943247003
4.89999999999994,-4.9880625318061265,2.655524273288406,4.0,-0.2169584694410989,3.1116263386326724,0.0,-0.07758332373126675,-0.059111006718505894,0.10847923472054945
4.90999999999994,-4.990133642141358,2.6866669160892385,4.0,-0.197262234868378,3.116820257167995,0.0,-0.07362448075851677,-0.059821829332108514,0.098631117434189
4.9199999999999395,-4.992007750544875,2.717859037816295,4.0,-0.17755821272039013,3.121521993653385,0.0,-0.06881407047097983,-0.06052479165034934,0.08877910636019506
4.929999999999939,-4.993684783030087,2.7490957128719624,4.0,-0.15784718087819244,3.125730805630146,0.0,-0.0648150101348305,-0.061065091802831886,0.07892359043909622
4.939999999999939,-4.995164673390623,2.780372008623142,4.0,-0.13812991749957135,3.129446028478077,0.0,-0.05991346991930626,-0.061583708075007904,0.06906495874978567
4.949999999999939,-4.996447363202946,2.811682986180168,4.0,-0.11840720098832366,3.132667075520422,0.0,-0.05584218971676348,-0.06195495000616069,0.05920360049416183
4.959999999999939,-4.997532801828658,2.8430237011767168,4.0,-0.09867980996352657,3.1353934381165134,0.0,-0.05092893667614527,-0.06227480946477994,0.049339904981763286
4.9699999999999385,-4.9984209464165,2.874389204550577,4.0,-0.07894852322879901,3.1376246857420926,0.0,-0.04614956160167915,-0.06247660760294165,0.03947426161439951
4.979999999999938,-4.999111761904045,2.9057745433251623,4.0,-0.05921411974155731,3.1393604660572936,0.0,-0.042103531588577645,-0.0625483194993985,0.029607059870778656
4.989999999999938,-4.99960522101908,2.9371747613916575,4.0,-0.039477378582256216,3.140600504962283,0.0,-0.03725892322931246,-0.06254299341576319,0.019738689291128108
4.999999999999938,-4.9999013042806855,2.9685849002916176,4.0,-0.019739078923647593,3.1413446066405433,0.0,-0.032329011784225925,-0.06243282408024362,0.009869539461823796
5.009999999999938,-5.0,2.9999999999999996,4.0,-3.8473413874435795e-16,3.141592653589793,0.0,-0.028388202350404474,-0.0622056127974104,1.9236706937217898e-16
5.019999999999937,-4.9999013042806855,3.031415099708381,4.0,0.019739078923646822,3.1413446066405433,0.0,-0.023437037485153366,-0.06187045999953588,-0.009869539461823411
5.029999999999937,-4.99960522101908,3.0628252386083434,4.0,0.03947737858225684,3.140600504962283,0.0,-0.018502614441635944,-0.06141888004119077,-0.01973868929112842
5.039999999999937,-4.999111761904045,3.0942254566748364,4.0,0.059214119741556534,3.1393604660572936,0.0,-0.01373210836961587,-0.06085690576926305,-0.029607059870778267
5.049999999999937,-4.9984209464165,3.125610795449422,4.0,0.07894852322879825,3.1376246857420926,0.0,-0.0090308216497284,-0.06018903969179016,-0.039474261614399125
5.0599999999999365,-4.997532801828658,3.156976298823284,4.0,0.0986798099635272,3.1353934381165134,0.0,-0.0042907116740360015,-0.059402291059739216,-0.0493399049817636
5.069999999999936,-4.996447363202946,3.1883170138198307,4.0,0.1184072009883229,3.132667075520422,0.0,0.000367935593340138,-0.05850216371614248,-0.05920360049416145
5.079999999999936,-4.995164673390623,3.2196279913768593,4.0,0.13812991749957196,3.129446028478077,0.0,0.005087640181128295,-0.05748736563395075,-0.06906495874978598
5.089999999999936,-4.993684783030087,3.2509042871280367,4.0,0.1578471808781917,3.125730805630146,0.0,0.009760565090850059,-0.056354829034418075,-0.07892359043909584
5.099999999999936,-4.992007750544875,3.282140962183704,4.0,0.17755821272038938,3.121521993653385,0.0,0.014471433554102835,-0.05509881414646355,-0.08877910636019469
5.1099999999999355,-4.990133642141358,3.31333308391076,4.0,0.19726223486837724,3.1168202571679955,0.0,0.019162701924522664,-0.05373040251794926,-0.09863111743418862
5.119999999999935,-4.9880625318061265,3.3444757267115954,4.0,0.2169584694410995,3.111626338632672,0.0,0.02385317133731812,-0.052239530612728055,-0.10847923472054975
5.129999999999935,-4.98579450130307,3.375563972801893,4.0,0.23664613886494068,3.1059410582273617,0.0,0.02853660100854877,-0.05062726806731009,-0.11832306943247034
5.139999999999935,-4.983329640170149,3.4065929129872075,4.0,0.25632446590442115,3.099765313723747,0.0,0.03322202298898263,-0.048901451814148574,-0.12816223295221058
5.149999999999935,-4.980668045715863,3.437557647438191,4.0,0.27599267369288827,3.093100080343475,0.0,0.037907049948125646,-0.0470532598315003,-0.13799633684644413
5.159999999999934,-4.9778098230154,3.4684532864643103,4.0,0.29564998576317036,3.085946410604164,0.0,0.042600596586551354,-0.04508361905583246,-0.14782499288158518
5.169999999999934,-4.9747550849065005,3.499274951286019,4.0,0.31529562607825123,3.0783054341531915,0.0,0.04728884447543585,-0.0430038781431636,-0.15764781303912562
5.179999999999934,-4.971503951984994,3.530017774805136,4.0,0.33492881906188426,3.070178357589319,0.0,0.051964894723731794,-0.04080757220634261,-0.16746440953094213
5.189999999999934,-4.968056552600042,3.560676902373453,4.0,0.35454878962923214,3.0615664642721456,0.0,0.05663105147077977,-0.038497575181931316,-0.17727439481461607
5.199999999999934,-4.964413022849069,3.5912474925593116,4.0,0.3741547632174502,3.05247111411946,0.0,0.06129209840285356,-0.03608474958845135,-0.1870773816087251
5.209999999999933,-4.9605735065723895,3.6217247179121372,4.0,0.393745965816272,3.042893743392486,0.0,0.06594327605723184,-0.03356142468111937,-0.196872982908136
5.219999999999933,-4.956538155347533,3.6521037657247426,4.0,0.4133216239985646,3.0328358644690883,0.0,0.07059214000873808,-0.030930513314070342,-0.2066608119992823
5.229999999999933,-4.952307128483256,3.6823798387933118,4.0,0.43288096495086015,3.022299065604942,0.0,0.07522494829911835,-0.028206029335495018,-0.21644048247543007
5.239999999999933,-4.947880593013255,3.7125481561749414,4.0,0.4524232165038732,3.0112850106827334,0.0,0.079833136264471,-0.025382664203186273,-0.2262116082519366
5.2499999999999325,-4.943258723689571,3.7426039539425866,4.0,0.4719476071629685,2.999795438949416,0.0,0.08441656817627094,-0.022464938649431523,-0.23597380358148426
5.259999999999932,-4.938441702975688,3.77254248593737,4.0,0.4914533661386396,2.9878321647415556,0.0,0.08897935586578908,-0.01946472526319348,-0.2457266830693198
5.269999999999932,-4.9334297210393405,3.802359024518023,4.0,0.5109397233769157,2.975397077198834,0.0,0.09351372781418327,-0.016374286081434698,-0.25546986168845787
5.279999999999932,-4.9282229757449905,3.8320488613074666,4.0,0.5304059095897832,2.9624921399657254,0.0,0.09802333022007723,-0.013197519698436081,-0.2652029547948916
5.289999999999932,-4.922821672646027,3.8616073079362927,4.0,0.5498511562855405,2.9491193908814175,0.0,0.10249939529171916,-0.009948340361068293,-0.27492557814277024
5.299999999999931,-4.917226024976649,3.891029696783125,4.0,0.5692746957991421,2.935280941658014,0.0,0.10693627660026354,-0.006619006627853532,-0.28463734789957107
5.309999999999931,-4.911436253643443,3.9203113817116955,4.0,0.5886757613225109,2.9209789775470645,0.0,0.11133329878928395,-0.00321384903665559,-0.29433788066125544
5.319999999999931,-4.90545258721667,3.9494477388045013,4.0,0.6080535869347942,2.9062157569944995,0.0,0.1156895673276652,0.0002547845103661776,-0.3040267934673971
5.329999999999931,-4.899275261921234,3.978434167093007,4.0,0.6274074076326226,2.8909936112839816,0.0,0.12000272561907696,0.0037978388247166144,-0.3137037038163113
5.339999999999931,-4.892904521627361,4.0072660892841565,4.0,0.6467364593602885,2.8753149441687826,0.0,0.12426239205899199,0.0074077130090879125,-0.3233682296801442
5.34999999999993,-4.8863406178409665,4.035938952483212,4.0,0.6660399790399317,2.859182231492189,0.0,0.12847023727719076,0.011072591594235879,-0.33301998951996586
5.35999999999993,-4.879583809693737,4.064448228912681,4.0,0.6853172046016428,2.8425980207965535,0.0,0.13261928837416795,0.014803049181220503,-0.3426586023008214
5.36999999999993,-4.872634363932886,4.09278941662733,4.0,0.7045673750135673,2.8255649309209923,0.0,0.13670718212055244,0.01859369677026337,-0.3522836875067836
5.37999999999993,-4.865492554910633,4.120958040225081,4.0,0.7237897303119415,2.8080856515878487,0.0,0.1407360823719082,0.022434057165559323,-0.36189486515597075
5.3899999999999295,-4.85815866457337,4.148949651553718,4.0,0.7429835116310868,2.7901629429779597,0.0,0.14469487629392058,0.026333491076693236,-0.3714917558155434
5.399999999999929,-4.850632982450529,4.176759830413332,4.0,0.7621479612333872,2.7717996352947774,0.0,0.14858532971785662,0.0302884892050776,-0.3810739806166936
5.409999999999929,-4.842915805643156,4.204384185254288,4.0,0.7812823225391817,2.752998628317464,0.0,0.15240423169832804,0.034288133199698895,-0.39064116126959086
5.419999999999929,-4.835007438812175,4.231818353870731,4.0,0.8003858401566547,2.733762890942964,0.0,0.1561471857898141,0.038341577186974396,-0.40019292007832735
5.429999999999929,-4.82690819416637,4.259058004089402,4.0,0.8194577599116357,2.714095460717202,0.0,0.1598118984112951,0.04244038513581845,-0.40972887995581786
5.4399999999999284,-4.818618391450048,4.286098834453767,4.0,0.8384973288773945,2.693999443355397,0.0,0.16339253413974103,0.046591229431802404,-0.41924866443869724
5.449999999999928,-4.8101383579304295,4.312936574903239,4.0,0.8575037954043438,2.673478012251657,0.0,0.1668852820148728,0.050792327441372694,-0.4287518977021719
5.459999999999928,-4.801468428384716,4.3395669874474905,4.0,0.8764764091497325,2.652534407977842,0.0,0.17029232039578532,0.05502848402115461,-0.43823820457486623
5.469999999999928,-4.792608945086879,4.365985866835673,4.0,0.8954144211072583,2.63117193777185,0.0,0.1736039458038952,0.0593096584671865,-0.44770721055362916
5.479999999999928,-4.783560257794153,4.392189041220469,4.0,0.9143170836366313,2.6093939750153745,0.0,0.17681670465444416,0.06363701043448323,-0.45715854181831567
5.489999999999927,-4.774322723733214,4.418172372816892,4.0,0.9331836504931067,2.587203958701186,0.0,0.17993115009530694,0.06799229080211727,-0.46659182524655335
5.499999999999927,-4.764896707586094,4.443931758555668,4.0,0.9520133768569242,2.564605392890102,0.0,0.1829385335606637,0.07238527715262348,-0.4760066884284621
5.509999999999927,-4.755282581475767,4.469463130731183,4.0,0.9708055193627342,2.541601846157629,0.0,0.1858351218968663,0.076813660629896,-0.4854027596813671
5.519999999999927,-4.745480724951473,4.494762457643796,4.0,0.9895593361289223,2.518196951030467,0.0,0.18862248719314634,0.08126186297802142,-0.49477966806446116
5.5299999999999265,-4.735491524973721,4.519825744236515,4.0,1.0082740867869195,2.494394403412869,0.0,0.19129385344279853,0.08573696898091365,-0.5041370433934598
5.539999999999926,-4.725315375899024,4.544649032725836,4.0,1.0269490325104098,2.4701979620030388,0.0,0.19385146988332413,0.09022911969572568,-0.5134745162552049
5.549999999999926,-4.714952679464323,4.56922840322675,4.0,1.0455834360445149,2.4456114476995645,0.0,0.19629366756677658,0.09473572962696879,-0.5227917180222574
5.559999999999926,-4.704403844771127,4.5935599743717255,4.0,1.064176561734893,2.4206387429980674,0.0,0.1986140921606114,0.09927208085412566,-0.5320882808674465
5.569999999999926,-4.693669288269371,4.61763990392361,4.0,1.0827276755567736,2.395283791378121,0.0,0.20081573388361337,0.10383038010402555,-0.5413638377783868
5.5799999999999255,-4.682749433740962,4.641464389382392,4.0,1.1012360451439522,2.369550596680501,0.0,0.20290864534433345,0.10839016119053495,-0.5506180225719761
5.589999999999925,-4.671644712283061,4.665029668585628,4.0,1.1197009398176845,2.3434432224749666,0.0,0.20489111622819484,0.11295974817621464,-0.5598504699088422
5.599999999999925,-4.660355562291054,4.688332020302562,4.0,1.1381216306155502,2.3169657914185446,0.0,0.20676937235275272,0.11753037999213918,-0.5690608153077751
5.609999999999925,-4.648882429441257,4.711367764821722,4.0,1.156497390320213,2.2901224846045416,0.0,0.2085474910401558,0.12209955531721445,-0.5782486951601065
5.619999999999925,-4.637225766673307,4.73413326453201,4.0,1.1748274934881464,2.2629175409022775,0.0,0.21022122003721852,0.1266839070604646,-0.5874137467440732
5.629999999999924,-4.6253860341722906,4.756624924497123,4.0,1.193111216478267,2.235355256287729,0.0,0.21179744872724635,0.1312741345968441,-0.5965556082391335
5.639999999999924,-4.613363699350575,4.778839193023212,4.0,1.2113478374804916,2.207439983165156,0.0,0.2132889683612928,0.13585020678598234,-0.6056739187402458
5.649999999999924,-4.601159236829352,4.800772562219768,4.0,1.2295366365442548,2.1791761296797816,0.0,0.21469102322668435,0.14042613692964512,-0.6147683182721274
5.659999999999924,-4.5887731284199065,4.822421568553528,4.0,1.2476768956069086,2.150568159021723,0.0,0.21601509841410751,0.14498505331884706,-0.6238384478034543
5.6699999999999235,-4.576205863104587,4.843782793395436,4.0,1.2657678985220917,2.1216205887211745,0.0,0.21725198955772293,0.14954542876865895,-0.6328839492610459
5.679999999999923,-4.563457937017514,4.864852863560455,4.0,1.28380893108798,2.0923379899350647,0.0,0.21843088534635535,0.15406530436613122,-0.64190446554399
5.689999999999923,-4.55052985342498,4.885628451840258,4.0,1.3017992810755021,2.0627249867251924,0.0,0.21949526718374757,0.15862413728925542,-0.6508996405377511
5.699999999999923,-4.537422122705585,4.90610627752862,4.0,1.3197382382564475,2.032786255328046,0.0,0.22086319761619053,0.16268883522942518,-0.6598691191282238
5.709999999999923,-4.524135262330098,4.926283106939472,4.0,1.3376250944314976,2.002526523416381,0.0,0.2216591275615335,0.1673618021257118,-0.6688125472157488
5.7199999999999225,-4.5106697968410145,4.946155753917559,4.0,1.3554591434582033,1.971950569352641,0.0,0.22234306304000753,0.17205225233159935,-0.6777295717291016
5.729999999999922,-4.497026257831856,4.965721080341546,4.0,1.3732396812788403,1.941063221434428,0.0,0.22359283379484932,0.17595478246444393,-0.6866198406394202
5.739999999999922,-4.483205183926179,4.984975996619589,4.0,1.390966005948226,1.909869357132027,0.0,0.22409555918125298,0.1806349554556098,-0.695483002974113
5.749999999999922,-4.4692071207563195,5.00391746217719,4.0,1.4086374176614094,1.878373902318232,0.0,0.22452846059781006,0.18527516999492952,-0.7043187088307047
5.759999999999922,-4.4550326209418385,5.02254248593737,4.0,1.42625321878132,1.8465818304904553,0.0,0.22562452480287767,0.18904009617417455,-0.71312660939066
5.769999999999921,-4.440682244067723,5.04084812679296,4.0,1.443812713866287,1.8144981619853926,0.0,0.2258691976699513,0.19364861142730663,-0.7219063569331435
5.779999999999921,-4.426156556662278,5.058831494071067,4.0,1.4613152096975142,1.7821279631862228,0.0,0.2261272177544607,0.1981029394348229,-0.7306576048487571
5.789999999999921,-4.4114561321747665,5.076489747989532,4.0,1.478760015306437,1.7494763457225784,0.0,0.2270061245595092,0.20177060006343542,-0.7393800076532185
5.799999999999921,-4.396581550952782,5.093820100105353,4.0,1.496146442001996,1.7165484656633758,0.0,0.22705952131131943,0.20618419357069712,-0.748073221000998
5.809999999999921,-4.381533400219318,5.110819813755038,4.0,1.5134738033978403,1.6833495227025794,0.0,0.22713139214231512,0.21043299405709404,-0.7567369016989202
5.81999999999992,-4.366312274049601,5.127486204486729,4.0,1.5307414154394063,1.649884759338146,0.0,0.22782779441901765,0.21394470758358294,-0.7653707077197032
5.82999999999992,-4.350918773347628,5.143816640484131,4.0,1.5479485964309423,1.6161594600441378,0.0,0.22750315281895236,0.217974628473368,-0.7739742982154711
5.83999999999992,-4.335353505822451,5.159808542982088,4.0,1.565094667062401,1.5821789504362782,0.0,0.22766685169982187,0.22223827240286076,-0.7825473335312005
5.84999999999992,-4.319617085964175,5.175459386673815,4.0,1.5821789504362782,1.5479485964309398,0.0,0.2278973803763688,0.2252923828807727,-0.7910894752181391
5.8599999999999195,-4.303710135019719,5.190766700109659,4.0,1.5992007720943138,1.5134738033978403,0.0,0.22750949261553655,0.2291771605608837,-0.7996003860471569
5.869999999999919,-4.2876332809682625,5.2057280660873815,4.0,1.6161594600441378,1.4787600153064395,0.0,0.22750580838877865,0.2334935847935314,-0.8080797300220689
5.879999999999919,-4.271387158496475,5.220341122033862,4.0,1.6330543447857897,1.443812713866287,0.0,0.2276387480085752,0.23620744126494472,-0.8165271723928949
5.889999999999919,-4.25497240897346,5.234603560378158,4.0,1.6498847593381436,1.4086374176614118,0.0,0.22706108385035503,0.23976578798624873,-0.8249423796690718
5.899999999999919,-4.238389680425415,5.248513128915928,4.0,1.6666500392652568,1.37323968127884,0.0,0.22681942896267485,0.2438431824822474,-0.8333250196326284
5.909999999999918,-4.221639627510076,5.262067631165048,4.0,1.6833495227025794,1.3376250944315,0.0,0.22702095622018711,0.2465738118549553,-0.8416747613512897
5.919999999999918,-4.204722911490845,5.27526492671249,4.0,1.6999825503831039,1.3017992810755021,0.0,0.22662880291414977,0.24901964476778515,-0.8499912751915519
5.929999999999918,-4.1876402002107085,5.288102931552293,4.0,1.7165484656633736,1.2657678985220917,0.0,0.22593107202994497,0.25294940454626863,-0.8582742328316868
5.939999999999918,-4.170392168065858,5.300579618414675,4.0,1.7330466145494205,1.2295366365442573,0.0,0.2257067701502179,0.2555063349509202,-0.8665233072747103
5.949999999999918,-4.152979495979063,5.312693017086145,4.0,1.7494763457225784,1.193111216478267,0.0,0.2245405395633954,0.2582051734747392,-0.8747381728612892
5.959999999999917,-4.13540287137281,5.324441214720627,4.0,1.7658370105651882,1.1564973903202156,0.0,0.22338855166188734,0.26137403054906955,-0.8829185052825941
5.969999999999917,-4.117662988142136,5.335822356141531,4.0,1.7821279631862204,1.1197009398176843,0.0,0.2232811081116555,0.263689098702755,-0.8910639815931102
5.979999999999917,-4.099760546627262,5.346834644134685,4.0,1.7983485604467557,1.082727675556776,0.0,0.2224955396733509,0.2653108274943871,-0.8991742802233779
5.989999999999917,-4.081696253585919,5.357476339732162,4.0,1.8144981619853926,1.0455834360445149,0.0,0.2210310222599384,0.2681874113494103,-0.9072490809926963
5.9999999999999165,-4.0634708221654705,5.3677457624868605,4.0,1.8305761302435108,1.0082740867869195,0.0,0.22074338696363913,0.27046084883487764,-0.9152880651217554
6.009999999999916,-4.045084971874737,5.377641290737884,4.0,1.8465818304904564,0.9708055193627342,0.0,0.2196189072726853,0.2717297144189327,-0.9232909152452282
6.019999999999916,-4.02653942855561,5.387161361866607,4.0,1.8625146308485885,0.9331836504931067,0.0,0.21890783309125936,0.27573162089149317,-0.9312573154242942
6.029999999999916,-4.007834924354384,5.396304472543439,4.0,1.8783739023182298,0.895414421107261,0.0,0.21815468082122277,0.27729839814549556,-0.9391869511591149
6.039999999999916,-3.988972197692855,5.405069178965215,4.0,1.8941590188025008,0.8575037954043438,0.0,0.21663042595719129,0.2777775122384364,-0.9470795094012504
6.0499999999999154,-3.969951993239178,5.413454097083184,4.0,1.909869357132027,0.8194577599116383,0.0,0.2155031699154564,0.28128314631738355,-0.9549346785660136
6.059999999999915,-3.9507750618784514,5.421457902821578,4.0,1.9255042970895564,0.7812823225391817,0.0,0.21469069602461524,0.282946120119062,-0.9627521485447782
6.069999999999915,-3.931442160683095,5.429079332286684,4.0,1.9410632214344257,0.7429835116310894,0.0,0.21318783536912747,0.2831061974541949,-0.9705316107172128
6.079999999999915,-3.91195405288294,5.436317181966443,4.0,1.9565455159269476,0.7045673750135673,0.0,0.21210683016179355,0.28649063868111246,-0.9782727579634738
6.089999999999915,-3.892311507835118,5.443170308920483,4.0,1.971950569352641,0.6660399790399316,0.0,0.2111276626919303,0.2879621056271929,-0.9859752846763205
6.099999999999914,-3.87251530099367,5.449637630960617,4.0,1.9872777735463776,0.6274074076326226,0.0,0.2097165220422028,0.2880340500714507,-0.9936388867731888
6.109999999999914,-3.852566213878946,5.455718126821722,4.0,2.002526523416379,0.5886757613225108,0.0,0.20849317915073434,0.29094378527839876,-1.0012632617081896
6.119999999999914,-3.8324650340467508,5.461410836323013,4.0,2.01769621696811,0.549851156285543,0.0,0.20739089580353812,0.292053586968563,-1.008848108484055
6.129999999999914,-3.8122125550572394,5.46671486051967,4.0,2.032786255328046,0.5109397233769157,0.0,0.20627942943585864,0.2924638779803105,-1.016393127664023
6.1399999999999135,-3.7918095764436104,5.471629361844785,4.0,2.047796042767307,0.47194760716297124,0.0,0.20441190666790038,0.294084283767216,-1.0238980213836535
6.149999999999913,-3.771256903680519,5.476153564241628,4.0,2.0627249867251907,0.43288096495086015,0.0,0.20264815308552872,0.2954792641022509,-1.0313624933625953
6.159999999999913,-3.7505553481522984,5.480286753286194,4.0,2.0775724978325467,0.3937459658162734,0.0,0.2016974521392329,0.2958621876484361,-1.0387862489162734
6.169999999999913,-3.72970572712091,5.484028276300021,4.0,2.0923379899350647,0.35454878962923075,0.0,0.2008349405759188,0.2964315941388683,-1.0461689949675324
6.179999999999913,-3.7087088636936967,5.487377542453251,4.0,2.1070208801163943,0.3152956260782512,0.0,0.1989645119556478,0.2977951500905047,-1.0535104400581972
6.1899999999999125,-3.6875655867908694,5.490334022857931,4.0,2.1216205887211754,0.2759926736928882,0.0,0.19736077691356518,0.2968675796923892,-1.0608102943605877
6.199999999999912,-3.6662767311128004,5.492897250651534,4.0,2.1361365393779104,0.23664613886494063,0.0,0.19643614470836818,0.29736664483266934,-1.0680682696889552
6.209999999999912,-3.6448431371070593,5.4950668210706795,4.0,2.1505681590217214,0.19726223486837993,0.0,0.1945269516072636,0.29868367197825557,-1.0752840795108607
6.219999999999912,-3.623265650935233,5.4968423915150435,4.0,2.1649148779169782,0.15784718087819163,0.0,0.19354390026975032,0.2988476818801088,-1.0824574389584891
6.229999999999912,-3.6015451244395353,5.498223681601473,4.0,2.1791761296797816,0.11840720098832565,0.0,0.19253334981975126,0.2990900864404731,-1.0895880648398908
6.239999999999911,-3.5796824151091555,5.49921047320825,4.0,2.193351351300334,0.0789485232287982,0.0,0.19051552806700212,0.3000590554883041,-1.096675675650167
6.249999999999911,-3.5576783860464274,5.499802610509541,4.0,2.207439983165154,0.03947737858225819,0.0,0.18875715564989465,0.2984166666281271,-1.103719991582577
6.259999999999911,-3.5355339059327386,5.5,4.0,2.221441469079183,9.61835346860895e-16,0.0,0.18780209559152505,0.29859410950018445,-1.1107207345395915
6.269999999999911,-3.5132498489942465,5.499802610509541,4.0,2.235355256287729,-0.039477378582256265,-0.0,0.18580381546643035,0.299393558134892,-1.1176776281438645
6.2799999999999105,-3.4908270949673637,5.49921047320825,4.0,2.2491807954982983,-0.07894852322879907,-0.0,0.18422919252379094,0.29789206151280534,-1.1245903977491492
6.28999999999991,-3.4682665290640244,5.498223681601473,4.0,2.2629175409022757,-0.1184072009883237,-0.0,0.1833284619952314,0.29799134067942584,-1.1314587704511379
6.29999999999991,-3.4455690419367437,5.4968423915150435,4.0,2.2765649501964726,-0.15784718087818972,-0.0,0.1812975356226367,0.2985037110717257,-1.1382824750982363
6.30999999999991,-3.422735529643443,5.4950668210706795,4.0,2.2901224846045416,-0.19726223486837802,-0.0,0.17978555940188592,0.29686270702880846,-1.1450612423022708
6.31999999999991,-3.3997668936120973,5.492897250651534,4.0,2.303589608898234,-0.2366461388649387,-0.0,0.17913888489484495,0.29725175613752136,-1.151794804449117
6.3299999999999095,-3.3766640406051227,5.490334022857931,4.0,2.3169657914185455,-0.2759926736928863,-0.0,0.17667396961246207,0.296661001169748,-1.1584828957092728
6.339999999999909,-3.353427882683601,5.487377542453251,4.0,2.3302505040966928,-0.31529562607824924,-0.0,0.1754309492810649,0.29526246870964795,-1.1651252520483464
6.349999999999909,-3.3300593371712583,5.484028276300021,4.0,2.343443222474966,-0.35454878962923153,-0.0,0.17469128907050324,0.29525042520518,-1.171721611237483
6.359999999999909,-3.3065593266182596,5.480286753286195,4.0,2.356543425727433,-0.3937459658162715,-0.0,0.17307680733133937,0.294059844835602,-1.1782717128637166
6.369999999999909,-3.282928778764782,5.476153564241628,4.0,2.3695505966805017,-0.432880964950861,-0.0,0.17174422851990134,0.2926902408952398,-1.1847752983402509
6.379999999999908,-3.2591686265043918,5.471629361844784,4.0,2.3824642218333345,-0.4719476071629721,-0.0,0.1694952631326255,0.29171888096929255,-1.1912321109166673
6.389999999999908,-3.2352798078472214,5.46671486051967,4.0,2.3952837913781195,-0.5109397233769165,-0.0,0.16833930816582254,0.2903950624352385,-1.1976418956890598
6.399999999999908,-3.21126326588292,5.461410836323013,4.0,2.408008799220206,-0.5498511562855439,-0.0,0.16722382483764406,0.2890766470148481,-1.204004399610103
6.409999999999908,-3.1871199487434474,5.455718126821722,4.0,2.4206387429980687,-0.5886757613225116,-0.0,0.16594057401316442,0.2877822590702782,-1.2103193714990343
6.419999999999908,-3.162850809565623,5.449637630960618,4.0,2.4331731241031553,-0.6274074076326206,-0.0,0.1644103943566479,0.2864896747306445,-1.2165865620515777
6.429999999999907,-3.138456806453501,5.443170308920483,4.0,2.445611447699563,-0.6660399790399325,-0.0,0.16325862196147087,0.2850214666103422,-1.2228057238497816
6.439999999999907,-3.113938902440563,5.436317181966443,4.0,2.4579532227435728,-0.704567375013568,-0.0,0.16151675992949446,0.2836668793668964,-1.2289766113717864
6.449999999999907,-3.08929806545167,5.429079332286684,4.0,2.470197962003039,-0.7429835116310903,-0.0,0.16038436119418512,0.28204812693790376,-1.2350989810015196
6.459999999999907,-3.0645352682648825,5.421457902821578,4.0,2.482345182076621,-0.7812823225391825,-0.0,0.15932981630030754,0.2803311262861374,-1.2411725910383105
6.4699999999999065,-3.039651488473025,5.413454097083184,4.0,2.4943944034128713,-0.8194577599116392,-0.0,0.1580097032338432,0.2786213305274205,-1.2471972017064357
6.479999999999906,-3.014647708445123,5.405069178965214,4.0,2.506345150329161,-0.8575037954043447,-0.0,0.15688831075535417,0.27677340782535986,-1.2531725751645806
6.489999999999906,-2.989524915287592,5.396304472543439,4.0,2.518196951030468,-0.8954144211072618,-0.0,0.1555627302046745,0.27491079282182995,-1.259098475515234
6.499999999999906,-2.964284100805295,5.387161361866607,4.0,2.52994933762799,-0.9331836504931075,-0.0,0.15441523206314162,0.27292085507832764,-1.264974668813995
6.509999999999906,-2.9389262614623664,5.377641290737884,4.0,2.5416018461576297,-0.9708055193627323,-0.0,0.15340167805493884,0.27082453099079873,-1.2708009230788149
6.519999999999905,-2.913452398342879,5.3677457624868605,4.0,2.5531540165983038,-1.0082740867869204,-0.0,0.15146487807947642,0.26890202329137847,-1.2765770082991519
6.529999999999905,-2.887863517111338,5.357476339732161,4.0,2.564605392890101,-1.0455834360445158,-0.0,0.1506930259896685,0.2666041398944381,-1.2823026964450506
6.539999999999905,-2.862160627972953,5.346834644134685,4.0,2.5759555229522966,-1.082727675556777,-0.0,0.14988124019371143,0.26425671993221544,-1.2879777614761483
6.549999999999905,-2.836344745633782,5.33582235614153,4.0,2.5872039587011866,-1.1197009398176851,-0.0,0.1484000730110101,0.2620157280940613,-1.2936019793505933
6.559999999999905,-2.810416889260651,5.324441214720627,4.0,2.598350256067792,-1.1564973903202163,-0.0,0.14760508971307879,0.25954660333314644,-1.299175128033896
6.569999999999904,-2.784378082440939,5.312693017086145,4.0,2.6093939750153736,-1.1931112164782676,-0.0,0.14686672929389455,0.2570095008351066,-1.3046969875076868
6.579999999999904,-2.758229353142152,5.300579618414677,4.0,2.62033467955682,-1.229536636544253,-0.0,0.14535938322053607,0.2545943865052524,-1.31016733977841
6.589999999999904,-2.7319717336713447,5.288102931552293,4.0,2.631171937771851,-1.2657678985220924,-0.0,0.14470734984295894,0.25193033374746815,-1.3155859688859255
6.599999999999904,-2.7056062606343794,5.27526492671249,4.0,2.641905321824065,-1.301799281075503,-0.0,0.1441287817031866,0.24920438841990664,-1.3209526609120326
6.6099999999999035,-2.679133974894982,5.262067631165048,4.0,2.6525344079778415,-1.337625094431501,-0.0,0.14264040092162678,0.24662925774689265,-1.3262672039889207
6.619999999999903,-2.6525559215336703,5.248513128915928,4.0,2.6630587766150557,-1.373239681278841,-0.0,0.14217685770678878,0.24379266202023162,-1.3315293883075279
6.629999999999903,-2.6258731498064765,5.234603560378158,4.0,2.6734780122516577,-1.4086374176614127,-0.0,0.1417120438852593,0.24092189097182773,-1.3367390061258289
6.639999999999903,-2.599086713103547,5.220341122033862,4.0,2.683791703554062,-1.443812713866288,-0.0,0.14034748104501388,0.2381943138118054,-1.341895851777031
6.649999999999903,-2.572197668907534,5.205728066087384,4.0,2.6939994433553975,-1.4787600153064353,-0.0,0.14000740347801177,0.23523065950073335,-1.3469997216776988
6.659999999999902,-2.5452070787518553,5.190766700109658,4.0,2.704100828671577,-1.5134738033978412,-0.0,0.1396510336940455,0.23224292819338715,-1.3520504143357885
6.669999999999902,-2.518116008178805,5.175459386673815,4.0,2.7140954607172008,-1.5479485964309405,-0.0,0.13839834783290011,0.22939148716706645,-1.3570477303586004
6.679999999999902,-2.4909255266974526,5.159808542982088,4.0,2.7239829449213135,-1.5821789504362789,-0.0,0.13818015796251734,0.22632328749089697,-1.3619914724606568
6.689999999999902,-2.463636707741458,5.143816640484131,4.0,2.7337628909429643,-1.6161594600441385,-0.0,0.13793483980307455,0.22323808493868585,-1.3668814454714822
6.699999999999902,-2.43625062862666,5.127486204486729,4.0,2.7434349126866344,-1.6498847593381467,-0.0,0.13679311224981688,0.22027979682624346,-1.3717174563433172
6.709999999999901,-2.4087683705085765,5.110819813755038,4.0,2.7529986283174632,-1.68334952270258,-0.0,0.13670298692043661,0.21712056909018046,-1.3764993141587316
6.719999999999901,-2.3811910183396936,5.0938201001053525,4.0,2.762453660276336,-1.7165484656633765,-0.0,0.13655751590276297,0.21395042615022947,-1.381226830138168
6.729999999999901,-2.353519660826662,5.076489747989531,4.0,2.7717996352947782,-1.749476345722579,-0.0,0.13554617449486922,0.2108923331758494,-1.3858998176473891
6.739999999999901,-2.325755390387293,5.058831494071069,4.0,2.7810361844097002,-1.782127963186219,-0.0,0.13557180269940375,0.20765067165467693,-1.3905180922048501
6.7499999999999005,-2.2978993031074384,5.040848126792959,4.0,2.790162942977959,-1.8144981619853935,-0.0,0.13553102864911115,0.2044001981866633,-1.3950814714889794
6.7599999999999,-2.2699524986977346,5.022542485937369,4.0,2.7991795506907526,-1.846581830490456,-0.0,0.13464725317615978,0.20124654223617958,-1.3995897753453763
6.7699999999999,-2.2419160804501597,5.00391746217719,4.0,2.8080856515878487,-1.8783739023182326,-0.0,0.13479740150593306,0.19792435567608416,-1.4040428257939244
6.7799999999999,-2.213791155194508,4.984975996619589,4.0,2.8168808940716326,-1.9098693571320278,-0.0,0.13484206769301973,0.19459653893288106,-1.4084404470358163
6.7899999999999,-2.1855788332546626,4.965721080341546,4.0,2.8255649309209914,-1.9410632214344283,-0.0,0.13411541539604943,0.19134616418382552,-1.4127824654604957
6.7999999999998995,-2.1572802284047947,4.946155753917559,4.0,2.834137419305019,-1.9719505693526416,-0.0,0.13437510418116108,0.1879451422420986,-1.4170687096525094
6.809999999999899,-2.128896457825361,4.926283106939471,4.0,2.842598020796554,-2.002526523416382,-0.0,0.13451633647655256,0.1845393952773198,-1.421299010398277
6.819999999999899,-2.100428642059031,4.906106277528619,4.0,2.850946401385534,-2.0327862553280465,-0.0,0.1339378729338229,0.18119434309148916,-1.425473200692767
6.829999999999899,-2.071877904966422,4.88562845184026,4.0,2.8591822314921895,-2.062724986725189,-0.0,0.13432713265765436,0.1777140890238083,-1.4295911157460948
6.839999999999899,-2.043245373681744,4.864852863560454,4.0,2.8673051859800514,-2.092337989935065,-0.0,0.1341014751030309,0.17428102881902113,-1.4336525929900257
6.849999999999898,-2.014532178568314,4.843782793395436,4.0,2.875314944168782,-2.121620588721175,-0.0,0.1344448294609366,0.1707627805107178,-1.437657472084391
6.859999999999898,-1.9857394531739014,4.822421568553527,4.0,2.883211189846846,-2.1505681590217236,-0.0,0.13487899701867234,0.16721437511083082,-1.441605594923423
6.869999999999898,-1.9568683341860122,4.800772562219768,4.0,2.890993611283982,-2.179176129679782,-0.0,0.1345088626630763,0.16372587918681591,-1.445496805641991
6.879999999999898,-1.9279199613869804,4.778839193023211,4.0,2.8986619012435195,-2.2074399831651568,-0.0,0.13505201673131575,0.16012566484285012,-1.4493309506217598
6.8899999999998975,-1.8988954776090052,4.756624924497123,4.0,2.906215756994499,-2.2353552562877295,-0.0,0.1356550356986923,0.15650329124454632,-1.4531078784972495
6.899999999999897,-1.8697960286890036,4.734133264532014,4.0,2.9136548803236306,-2.2629175409022744,-0.0,0.1353482399681488,0.15294178262289188,-1.4568274401618153
6.909999999999897,-1.8406227634233892,4.711367764821721,4.0,2.920978977547065,-2.290122484604542,-0.0,0.1361174562471132,0.14926711868331416,-1.4604894887735325
6.919999999999897,-1.8113768335227292,4.688332020302562,4.0,2.928187759521981,-2.316965791418545,-0.0,0.13604168370675174,0.14565169676768083,-1.4640938797609906
6.929999999999897,-1.782059393566252,4.665029668585628,4.0,2.935280941658013,-2.3434432224749675,-0.0,0.13693739914125022,0.14192214262224517,-1.4676404708290065
6.9399999999998965,-1.7526716009562953,4.641464389382392,4.0,2.9422582439284737,-2.3695505966805013,-0.0,0.13708377197913638,0.1383768263908751,-1.4711291219642368
6.949999999999896,-1.7232146158725834,4.617639903923609,4.0,2.9491193908814175,-2.395283791378121,-0.0,0.1379867047201152,0.13446140726989242,-1.4745596954407088
6.959999999999896,-1.6936896012264568,4.593559974371725,4.0,2.95586411165051,-2.4206387429980682,-0.0,0.1380579266597377,0.13078365759597216,-1.477932055825255
6.969999999999896,-1.664097722614935,4.569228403226752,4.0,2.9624921399657245,-2.4456114476995614,-0.0,0.13850020313061806,0.12722389992608155,-1.4812460699828622
6.979999999999896,-1.6344401482747117,4.544649032725836,4.0,2.9690032141638536,-2.4701979620030388,-0.0,0.13966982676590453,0.12318394020415914,-1.4845016070819268
6.989999999999895,-1.6047180490360489,4.519825744236515,4.0,2.9753970771988336,-2.4943944034128696,-0.0,0.13995282010440033,0.11945390783691164,-1.4876985385994168
6.999999999999895,-1.574932598276523,4.494762457643796,4.0,2.981673476651903,-2.5181969510304674,-0.0,0.14047043441092752,0.1158666239301165,-1.4908367383259515
7.009999999999895,-1.5450849718747377,4.469463130731183,4.0,2.9878321647415556,-2.5416018461576293,-0.0,0.14185098486819359,0.11178306579085086,-1.4939160823707778
7.019999999999895,-1.5151763481638683,4.443931758555667,4.0,2.993872898333333,-2.5646053928901025,0.0,0.14316366650666723,0.10795445466806852,-1.4969364491666666
7.0299999999998946,-1.485207907885175,4.418172372816891,4.0,2.9997954389494157,-2.5872039587011866,0.0,0.1435732085626276,0.10432838785583454,-1.4998977194747078
7.039999999999894,-1.4551808341413572,4.392189041220468,4.0,3.0055995527780417,-2.609393975015375,0.0,0.14495320849120327,0.10028432970516316,-1.5027997763890208
7.049999999999894,-1.4250963123498805,4.365985866835673,4.0,3.011285010682734,-2.6311719377718505,0.0,0.14529067308134752,0.09651632550823662,-1.505642505341367
7.059999999999894,-1.394955530196148,4.339566987447493,4.0,3.01685158821135,-2.6525344079778397,0.0,0.14591741697227095,0.09280529777649683,-1.508425794105675
7.069999999999894,-1.3647596775866255,4.3129365749032385,4.0,3.0222990656049418,-2.6734780122516573,0.0,0.1475311952719962,0.08877454951293716,-1.5111495328024709
7.0799999999998935,-1.3345099466018788,4.286098834453767,4.0,3.0276272278064273,-2.6939994433553975,0.0,0.1482816467136674,0.0850579940730698,-1.5138136139032137
7.089999999999893,-1.3042075314494834,4.2590580040894,4.0,3.0328358644690887,-2.7140954607172025,0.0,0.14900288057201894,0.08121911710450398,-1.5164179322345444
7.099999999999893,-1.2738536284169117,4.23181835387073,4.0,3.037924769964866,-2.7337628909429643,0.0,0.15066265351357797,0.07718843580176951,-1.518962384982433
7.109999999999893,-1.2434494358242723,4.204384185254287,4.0,3.0428937433924865,-2.752998628317464,0.0,0.15145221773390904,0.07347326850102702,-1.5214468716962433
7.119999999999893,-1.2129961539770373,4.1767598304133315,4.0,3.047742588585386,-2.771799635294778,0.0,0.15325710161004658,0.06956903525216679,-1.523871294292693
7.129999999999892,-1.182494985118621,4.148949651553718,4.0,3.0524711141194603,-2.79016294297796,0.0,0.1547342637891741,0.06557089082263293,-1.5262355570597301
7.139999999999892,-1.1519471333829525,4.12095804022508,4.0,3.0570791333206158,-2.8080856515878487,0.0,0.15542202332035493,0.06184028643616244,-1.5285395666603079
7.149999999999892,-1.1213538047469076,4.092789416627333,4.0,3.0615664642721456,-2.82556493092099,0.0,0.1560184524319685,0.0579762303904732,-1.5307832321360728
7.159999999999892,-1.0907162069827119,4.064448228912681,4.0,3.065932929821908,-2.8425980207965535,0.0,0.15778862609415242,0.05401017231448241,-1.532966464910954
7.169999999999892,-1.0600355496102742,4.035938952483211,4.0,3.0701783575893185,-2.8591822314921895,0.0,0.1586196392115461,0.05026380042209764,-1.5350891787946592
7.179999999999891,-1.0293130438494051,4.007266089284156,4.0,3.0743025799721595,-2.875314944168783,0.0,0.16040262381755327,0.046397497487925037,-1.5371512899860797
7.189999999999891,-0.9985499025720355,3.9784341670930066,4.0,3.078305434153192,-2.890993611283982,0.0,0.16205625359356512,0.04248152623687614,-1.539152717076596
7.199999999999891,-0.9677473402542993,3.949447738804501,4.0,3.0821867621065877,-2.9062157569945,0.0,0.162791721069302,0.038707695728886375,-1.5410933810532939
7.209999999999891,-0.9369065729286232,3.920311381711695,4.0,3.085946410604164,-2.920978977547065,0.0,0.16343334192179895,0.034878303845127814,-1.542973205302082
7.2199999999998905,-0.9060288181356888,3.8910296967831286,4.0,3.0895842312214357,-2.935280941658012,0.0,0.16553355848109744,0.03106203349925208,-1.5447921156107178
7.22999999999989,-0.8751152948763798,3.861607307936292,4.0,3.093100080343475,-2.9491193908814175,0.0,0.16619711745416302,0.02725070903399054,-1.5465500401717376
7.23999999999989,-0.8441672235636708,3.832048861307468,4.0,3.0964938191705778,-2.9624921399657245,0.0,0.167964898043743,0.02342926079724323,-1.5482469095852889
7.24999999999989,-0.8131858259744169,3.8023590245180228,4.0,3.099765313723747,-2.9753970771988345,0.0,0.16881789701974856,0.019632410047771758,-1.5498826568618735
7.25999999999989,-0.7821723252011552,3.7725424859373695,4.0,3.102914434849978,-2.9878321647415556,0.0,0.16980276231404212,0.015829040948154433,-1.551457217424989
7.269999999999889,-0.7511279456037836,3.7426039539425857,4.0,3.105941058227362,-2.9997954389494166,0.0,0.1717721621181443,0.012031763627036998,-1.552970529113681
7.279999999999889,-0.7200539127612611,3.7125481561749405,4.0,3.10884506436999,-3.0112850106827334,0.0,0.1727342485575659,0.008258340267546977,-1.554422532184995
7.289999999999889,-0.6889514534231926,3.6823798387933153,4.0,3.111626338632672,-3.022299065604941,0.0,0.17378192217858016,0.004480534463094957,-1.555813169316336
7.299999999999889,-0.6578217954614125,3.652103765724742,4.0,3.1142847712154627,-3.0328358644690883,0.0,0.17582152951892033,0.0007127995589066722,-1.5571423856077313
7.309999999999889,-0.6266661678215231,3.6217247179121386,4.0,3.116820257167995,-3.042893743392486,0.0,0.17680100871114676,-0.003030406339976181,-1.5584101285839975
7.319999999999888,-0.595485800474348,3.5912474925593107,4.0,3.119232696393626,-3.05247111411946,0.0,0.17795093468726003,-0.00677573344335715,-1.559616348196813
7.329999999999888,-0.5642819243674095,3.560676902373454,4.0,3.121521993653385,-3.061566464272145,0.0,0.1799647439880875,-0.010503087418032459,-1.5607609968266924
7.339999999999888,-0.5330557713762984,3.5300177748051356,4.0,3.1236880585697366,-3.0701783575893193,0.0,0.18103350165376314,-0.014208746340439428,-1.5618440292848683
7.349999999999888,-0.5018085742560752,3.499274951286018,4.0,3.125730805630146,-3.078305434153192,0.0,0.18207601913169627,-0.017873762764017944,-1.562865402815073
7.3599999999998875,-0.47054156659256985,3.46845328646431,4.0,3.1276501541904578,-3.085946410604164,0.0,0.18376333934377886,-0.021576300523576585,-1.5638250770952289
7.369999999999887,-0.4392559827537159,3.43755764743819,4.0,3.129446028478077,-3.093100080343475,0.0,0.18571752082293316,-0.025236777520875206,-1.5647230142390385
7.379999999999887,-0.40795305784078995,3.406592912987211,4.0,3.1311183575949615,-3.099765313723746,0.0,0.18747749497614968,-0.028798890270903293,-1.5655591787974807
7.389999999999887,-0.37663402763966314,3.3755639728018925,4.0,3.132667075520422,-3.105941058227362,0.0,0.1888062940631354,-0.03182593312570493,-1.566333537760211
7.399999999999887,-0.3453001285720305,3.3444757267115968,4.0,3.134092121113726,-3.111626338632672,0.0,0.18945562319029344,-0.03577090061617742,-1.567046060556863
7.4099999999998865,-0.313952597646566,3.3133330839107598,4.0,3.1353934381165134,-3.1168202571679955,0.0,0.19143847647769346,-0.03964100322193175,-1.5676967190582567
7.419999999999886,-0.28259267241012376,3.282140962183705,4.0,3.1365709751550175,-3.121521993653385,0.0,0.1928225287073954,-0.04258897156056759,-1.5682854875775087
7.429999999999886,-0.25122159089884644,3.250904287128036,4.0,3.1376246857420926,-3.125730805630146,0.0,0.19459902680867097,-0.04666631125025376,-1.5688123428710463
7.439999999999886,-0.21984059158932512,3.2196279913768584,4.0,3.138554528279048,-3.129446028478077,0.0,0.1963454591382397,-0.05053582270394429,-1.569277264139524
7.449999999999886,-0.1884509133496708,3.18831701381983,4.0,3.139360466057294,-3.1326670755204225,0.0,0.19761867385658183,-0.05349971092686414,-1.569680233028647
7.459999999999885,-0.15705379539064146,3.1569762988232837,4.0,3.1400424672597853,-3.1353934381165134,0.0,0.19793645668650323,-0.05757192294111831,-1.5700212336298927
7.469999999999885,-0.12565047721668932,3.125610795449426,4.0,3.140600504962283,-3.1376246857420926,0.0,0.19993399218350866,-0.06051929830015058,-1.5703002524811416
7.479999999999885,-0.0942421985770403,3.094225456674836,4.0,3.141034557134415,-3.1393604660572936,0.0,0.20123673375825218,-0.06365260476624034,-1.5705172785672075
7.489999999999885,-0.06283019941676438,3.062825238608345,4.0,3.1413446066405433,-3.140600504962283,0.0,0.20294786055110317,-0.06792117402753749,-1.5706723033202716
7.4999999999998845,-0.03141571982779379,3.0314150997083806,4.0,3.141530641240445,-3.1413446066405433,0.0,0.20469280378468407,-0.07193627287229933,-1.5707653206202226
7.509999999999884,-8.881784197001252e-16,3.000000000000001,4.0,3.141592653589793,-3.141592653589793,0.0,0.2058497259532018,-0.07493396046002454,-1.5707963267948966
7.519999999999884,0.03141571982779645,2.9685849002916167,4.0,3.141530641240445,-3.1413446066405433,0.0,0.2061284713616605,-0.07792435234241932,-1.5707653206202226
7.529999999999884,0.0628301994167626,2.9371747613916566,4.0,3.1413446066405433,-3.140600504962283,0.0,0.20809216487702006,-0.08202293620699297,-1.5706723033202716
7.539999999999884,0.09424219857703875,2.905774543325166,4.0,3.141034557134415,-3.139360466057294,0.0,0.20911168677783326,-0.08500172867459505,-1.5705172785672075
7.5499999999998835,0.12565047721668776,2.874389204550576,4.0,3.140600504962283,-3.1376246857420926,0.0,0.21122657754013852,-0.0883076876456512,-1.5703002524811416
7.559999999999883,0.15705379539063946,2.8430237011767185,4.0,3.1400424672597853,-3.1353934381165134,0.0,0.2126875687722988,-0.09220795439647554,-1.5700212336298927
7.569999999999883,0.18845091334967323,2.8116829861801675,4.0,3.1393604660572936,-3.132667075520422,0.0,0.21353635080711267,-0.095174542215621,-1.5696802330286468
7.579999999999883,0.21984059158932334,2.7803720086231434,4.0,3.138554528279048,-3.129446028478077,0.0,0.21433269792406517,-0.09819973665235517,-1.569277264139524
7.589999999999883,0.2512215908988491,2.7490957128719615,4.0,3.1376246857420926,-3.1257308056301456,0.0,0.21582661284624632,-0.10221399358103428,-1.5688123428710463
7.599999999999882,0.282592672410122,2.7178590378162966,4.0,3.1365709751550175,-3.121521993653385,0.0,0.2168564990433917,-0.10514836896878743,-1.5682854875775087
7.609999999999882,0.31395259764656425,2.686666916089242,4.0,3.1353934381165134,-3.116820257167996,0.0,0.2178954836875847,-0.10808924657227588,-1.5676967190582567
7.619999999999882,0.3453001285720285,2.655524273288405,4.0,3.134092121113726,-3.111626338632672,0.0,0.2194466786265516,-0.11196139324452033,-1.567046060556863
7.629999999999882,0.37663402763966136,2.6244360271981093,4.0,3.132667075520422,-3.1059410582273626,0.0,0.22102988938870818,-0.11489926212658684,-1.566333537760211
7.6399999999998816,0.40795305784078817,2.5934070870127908,4.0,3.1311183575949615,-3.0997653137237466,0.0,0.2219572472006488,-0.11779288733268181,-1.5655591787974807
7.649999999999881,0.43925598275371414,2.5624423525618116,4.0,3.129446028478077,-3.093100080343475,0.0,0.2234688432534955,-0.12040276978975618,-1.5647230142390385
7.659999999999881,0.4705415665925723,2.5315467135356875,4.0,3.1276501541904578,-3.0859464106041634,0.0,0.22482927630247918,-0.12347970098895411,-1.5638250770952289
7.669999999999881,0.5018085742560734,2.5007250487139836,4.0,3.125730805630146,-3.0783054341531924,0.0,0.22580941851579558,-0.12656385165801734,-1.562865402815073
7.679999999999881,0.5330557713763007,2.4699822251948618,4.0,3.123688058569736,-3.0701783575893185,0.0,0.22730417658412597,-0.1305441163549355,-1.561844029284868
7.6899999999998805,0.5642819243674078,2.4393230976265476,4.0,3.121521993653385,-3.061566464272146,0.0,0.2297496114648776,-0.13357889390618274,-1.5607609968266924
7.69999999999988,0.5954858004743464,2.4087525074406906,4.0,3.119232696393626,-3.0524711141194603,0.0,0.23054064229145305,-0.13650265355733882,-1.559616348196813
7.70999999999988,0.6266661678215213,2.378275282087863,4.0,3.1168202571679955,-3.042893743392486,0.0,0.2317868651326571,-0.1388231971922194,-1.5584101285839977
7.71999999999988,0.6578217954614107,2.3478962342752596,4.0,3.1142847712154627,-3.0328358644690887,0.0,0.23263734543210826,-0.14192372059907407,-1.5571423856077313
7.72999999999988,0.6889514534231909,2.3176201612066865,4.0,3.111626338632672,-3.0222990656049413,0.0,0.23350832987206757,-0.14499041652136913,-1.555813169316336
7.739999999999879,0.7200539127612595,2.2874518438250613,4.0,3.1088450643699903,-3.0112850106827342,0.0,0.23477293663096893,-0.1475330571880058,-1.5544225321849952
7.749999999999879,0.7511279456037863,2.2573960460574116,4.0,3.1059410582273617,-2.9997954389494152,0.0,0.2371296453968179,-0.15079257020633796,-1.5529705291136808
7.759999999999879,0.7821723252011532,2.2274575140626323,4.0,3.1029144348499784,-2.987832164741556,0.0,0.23772346275569262,-0.15392044509098,-1.5514572174249892
7.769999999999879,0.8131858259744194,2.197640975481975,4.0,3.0997653137237466,-2.9753970771988336,0.0,0.23875145754032034,-0.15640508449491944,-1.5498826568618733
7.779999999999879,0.844167223563669,2.167951138692534,4.0,3.096493819170578,-2.9624921399657254,0.0,0.23945456676611734,-0.15963037601514127,-1.548246909585289
7.789999999999878,0.8751152948763781,2.1383926920637095,4.0,3.093100080343475,-2.9491193908814184,0.0,0.2401381044069632,-0.1627868124651267,-1.5465500401717376
7.799999999999878,0.9060288181356868,2.108970303216873,4.0,3.089584231221436,-2.935280941658013,0.0,0.24119184852300737,-0.16520400972276542,-1.544792115610718
7.809999999999878,0.9369065729286215,2.0796886182883068,4.0,3.085946410604164,-2.9209789775470654,0.0,0.24342151586312713,-0.16853365720204164,-1.542973205302082
7.819999999999878,0.9677473402543022,2.050552261195497,4.0,3.0821867621065873,-2.9062157569944986,0.0,0.243760829250866,-0.17165203596377335,-1.5410933810532936
7.8299999999998775,0.9985499025720337,2.021565832906995,4.0,3.0783054341531924,-2.8909936112839825,0.0,0.2446600252535115,-0.17400198504386813,-1.5391527170765962
7.839999999999877,1.0293130438494078,1.9927339107158424,4.0,3.074302579972159,-2.8753149441687818,0.0,0.24527780761708792,-0.17717454475063363,-1.5371512899860795
7.849999999999877,1.0600355496102725,1.9640610475167903,4.0,3.070178357589319,-2.8591822314921904,0.0,0.24540812087581332,-0.18004989423059786,-1.5350891787946594
7.859999999999877,1.09071620698271,1.935551771087321,4.0,3.0659329298219085,-2.842598020796555,0.0,0.2469106110142252,-0.18277800193387964,-1.5329664649109542
7.869999999999877,1.1213538047469056,1.907210583372668,4.0,3.0615664642721456,-2.825564930920991,0.0,0.24860508587000832,-0.18577094395961738,-1.5307832321360728
7.879999999999876,1.1519471333829507,1.8790419597749213,4.0,3.0570791333206158,-2.80808565158785,0.0,0.2485486437528463,-0.18852241995920474,-1.5285395666603079
7.889999999999876,1.1824949851186237,1.8510503484462801,4.0,3.05247111411946,-2.790162942977959,0.0,0.2498790259239642,-0.19124566107115967,-1.52623555705973
7.899999999999876,1.2129961539770355,1.82324016958667,4.0,3.047742588585386,-2.771799635294779,0.0,0.2509478423983843,-0.19404241149523754,-1.523871294292693
7.909999999999876,1.2434494358242745,1.795615814745711,4.0,3.042893743392486,-2.752998628317463,0.0,0.250953995603289,-0.19667782800616052,-1.521446871696243
7.919999999999876,1.2738536284169095,1.768181646129272,4.0,3.0379247699648664,-2.7337628909429657,0.0,0.2520180064145581,-0.19931869248874962,-1.5189623849824332
7.929999999999875,1.3042075314494816,1.7409419959106005,4.0,3.0328358644690887,-2.7140954607172034,0.0,0.25286020458567204,-0.20200074974865645,-1.5164179322345444
7.939999999999875,1.3345099466018775,1.7139011655462344,4.0,3.027627227806428,-2.693999443355399,0.0,0.253678456076483,-0.20461641632449576,-1.513813613903214
7.949999999999875,1.3647596775866235,1.6870634250967629,4.0,3.022299065604942,-2.6734780122516586,0.0,0.25349478436347583,-0.2070669796760975,-1.511149532802471
7.959999999999875,1.394955530196146,1.6604330125525086,4.0,3.0168515882113502,-2.6525344079778406,0.0,0.25424024274856577,-0.20965043312753143,-1.5084257941056751
7.9699999999998745,1.4250963123498783,1.6340141331643292,4.0,3.011285010682734,-2.631171937771852,0.0,0.2550674142502878,-0.21219673957299295,-1.505642505341367
7.979999999999874,1.45518083414136,1.6078109587795295,4.0,3.0055995527780413,-2.609393975015373,0.0,0.25561516704895154,-0.21467629776013,-1.5027997763890206
7.989999999999874,1.4852079078851732,1.58182762718311,4.0,2.999795438949416,-2.587203958701188,0.0,0.2552180740019123,-0.21705074977235703,-1.499897719474708
7.999999999999874,1.515176348163871,1.55606824144433,4.0,2.993872898333333,-2.5646053928901007,0.0,0.2559674447965577,-0.2195294390722526,-1.4969364491666666
8.009999999999874,1.5450849718747364,1.530536869268818,4.0,2.987832164741556,-2.5416018461576306,0.0,0.2566427373563466,-0.22198141597987392,-1.493916082370778
8.019999999999873,1.5749325982765212,1.5052375423562052,4.0,2.9816734766519035,-2.518196951030469,0.0,0.2570623807483323,-0.22439956974224834,-1.4908367383259518
8.029999999999873,1.6047180490360473,1.4801742557634867,4.0,2.975397077198834,-2.494394403412871,0.0,0.25749582278049027,-0.226788053202325,-1.487698538599417
8.039999999999873,1.63444014827471,1.4553509672741662,4.0,2.969003214163854,-2.4701979620030405,0.0,0.257189625966025,-0.22905342204927787,-1.484501607081927
8.049999999999873,1.6640977226149332,1.4307715967732488,4.0,2.962492139965725,-2.445611447699563,0.0,0.25766632493505126,-0.23143286106438196,-1.4812460699828625
8.059999999999873,1.6936896012264553,1.406440025628277,4.0,2.9558641116505107,-2.4206387429980696,0.0,0.25812393176798604,-0.23377719971294442,-1.4779320558252553
8.069999999999872,1.7232146158725858,1.3823600960763889,4.0,2.9491193908814175,-2.395283791378119,0.0,0.25848373285637294,-0.2360946757344389,-1.4745596954407088
8.079999999999872,1.752671600956294,1.3585356106176099,4.0,2.942258243928474,-2.369550596680503,0.0,0.25798692360830355,-0.23828185854048886,-1.471129121964237
8.089999999999872,1.7820593935662545,1.3349703314143704,4.0,2.9352809416580126,-2.343443222474965,0.0,0.2584030755913127,-0.2405486629478286,-1.4676404708290063
8.099999999999872,1.8113768335227274,1.3116679796974395,4.0,2.9281877595219816,-2.316965791418547,0.0,0.2588375015937822,-0.24287517497598946,-1.4640938797609908
8.109999999999872,1.8406227634233874,1.2886322351782804,4.0,2.920978977547065,-2.290122484604544,0.0,0.25910117562173984,-0.2450923357824294,-1.4604894887735325
8.119999999999871,1.8697960286890019,1.2658667354679878,4.0,2.9136548803236315,-2.2629175409022757,0.0,0.2590330164413423,-0.2470434776584381,-1.4568274401618158
8.129999999999871,1.8988954776090035,1.2433750755028787,4.0,2.9062157569944995,-2.2353552562877312,0.0,0.25848368766947644,-0.24944471224437698,-1.4531078784972498
8.139999999999871,1.927919961386983,1.2211608069767863,4.0,2.8986619012435186,-2.207439983165154,0.0,0.25867522871031734,-0.2514046982458001,-1.4493309506217593
8.14999999999987,1.9568683341860105,1.1992274377802339,4.0,2.8909936112839825,-2.179176129679784,0.0,0.25893346478356943,-0.2534134438466757,-1.4454968056419912
8.15999999999987,1.9857394531738999,1.1775784314464737,4.0,2.883211189846847,-2.1505681590217254,0.0,0.2583720346659893,-0.2559117123947069,-1.4416055949234234
8.16999999999987,2.014532178568312,1.156217206604566,4.0,2.8753149441687826,-2.1216205887211768,0.0,0.25879666303734805,-0.25803356200063043,-1.4376574720843913
8.17999999999987,2.0432453736817457,1.1351471364395436,4.0,2.867305185980051,-2.092337989935063,0.0,0.25883429689142823,-0.2597483274996579,-1.4336525929900255
8.18999999999987,2.0718779049664207,1.114371548159741,4.0,2.8591822314921904,-2.0627249867251907,0.0,0.259129003158901,-0.26241557608124466,-1.4295911157460952
8.19999999999987,2.100428642059029,1.0938937224713818,4.0,2.8509464013855346,-2.0327862553280482,0.0,0.2593332324774307,-0.2644836201750768,-1.4254732006927673
8.20999999999987,2.128896457825359,1.0737168930605299,4.0,2.8425980207965544,-2.0025265234163836,0.0,0.25910075870402505,-0.2660319049218458,-1.4212990103982772
8.21999999999987,2.1572802284047974,1.05384424608244,4.0,2.8341374193050184,-1.9719505693526391,0.0,0.25810544408280717,-0.2683164277587992,-1.4170687096525092
8.229999999999869,2.185578833254665,1.0342789196584525,4.0,2.825564930920991,-1.941063221434426,0.0,0.25793965087005355,-0.2699903373599025,-1.4127824654604955
8.239999999999869,2.2137911551945066,1.0150240033804128,4.0,2.816880894071633,-1.90986935713203,0.0,0.2579866892517415,-0.2718555619081141,-1.4084404470358165
8.249999999999869,2.2419160804501583,0.9960825378228106,4.0,2.8080856515878496,-1.8783739023182346,0.0,0.25826379250716963,-0.2744418031609924,-1.4040428257939248
8.259999999999868,2.2699524986977337,0.9774575140626318,4.0,2.799179550690753,-1.8465818304904578,0.0,0.2577669030460165,-0.2758430444741176,-1.3995897753453765
8.269999999999868,2.2978993031074406,0.9591518732070394,4.0,2.7901629429779584,-1.8144981619853906,0.0,0.2575937900456016,-0.27776268040522933,-1.3950814714889792
8.279999999999868,2.3257553903872914,0.9411685059289319,4.0,2.7810361844097002,-1.7821279631862208,0.0,0.25632038635949744,-0.2799624723896636,-1.3905180922048501
8.289999999999868,2.3535196608266604,0.9235102520104697,4.0,2.7717996352947787,-1.749476345722581,0.0,0.2557464224689453,-0.2812698474781673,-1.3858998176473893
8.299999999999867,2.381191018339692,0.906179899894648,4.0,2.7624536602763365,-1.7165484656633785,0.0,0.2556278473196044,-0.28321274923973216,-1.3812268301381683
8.309999999999867,2.4087683705085787,0.8891801862449609,4.0,2.7529986283174623,-1.6833495227025774,0.0,0.25530265904732463,-0.28565563575129516,-1.3764993141587312
8.319999999999867,2.436250628626662,0.87251379551327,4.0,2.743434912686634,-1.649884759338144,0.0,0.2545467917239745,-0.2868960826584914,-1.371717456343317
8.329999999999867,2.4636367077414567,0.8561833595158701,4.0,2.733762890942965,-1.6161594600441402,0.0,0.2541890738179228,-0.2887655779698139,-1.3668814454714826
8.339999999999867,2.490925526697451,0.8401914570179136,4.0,2.723982944921314,-1.582178950436281,0.0,0.2525982049203824,-0.29076720429053454,-1.361991472460657
8.349999999999866,2.5181160081788034,0.8245406133261861,4.0,2.7140954607172016,-1.5479485964309425,0.0,0.25182480016140285,-0.29207355159145215,-1.3570477303586008
8.359999999999866,2.545207078751858,0.80923329989034,4.0,2.704100828671576,-1.5134738033978383,0.0,0.2514284665481257,-0.29393723211713285,-1.352050414335788
8.369999999999866,2.572197668907532,0.7942719339126172,4.0,2.6939994433553984,-1.4787600153064375,0.0,0.250776071840241,-0.2958161202224034,-1.3469997216776992
8.379999999999866,2.5990867131035458,0.7796588779661398,4.0,2.683791703554063,-1.4438127138662897,0.0,0.2500937344606334,-0.29753438677457633,-1.3418958517770314
8.389999999999866,2.625873149806475,0.7653964396218425,4.0,2.673478012251658,-1.408637417661415,0.0,0.24931988506496247,-0.29929089656239594,-1.336739006125829
8.399999999999865,2.652555921533672,0.7514868710840714,4.0,2.663058776615055,-1.373239681278838,0.0,0.2483730056749736,-0.3010165084097927,-1.3315293883075274
8.409999999999865,2.6791339748949836,0.7379323688349508,4.0,2.65253440797784,-1.337625094431498,0.0,0.2473873390077601,-0.30267406890464854,-1.32626720398892
8.419999999999865,2.7056062606343785,0.7247350732875115,4.0,2.6419053218240656,-1.3017992810755052,0.0,0.2463180756734344,-0.3043599468637524,-1.3209526609120328
8.429999999999865,2.731971733671343,0.7118970684477075,4.0,2.631171937771852,-1.2657678985220944,0.0,0.24516565149144873,-0.30599777084325724,-1.315585968885926
8.439999999999864,2.7582293531421502,0.6994203815853242,4.0,2.6203346795568208,-1.229536636544255,0.0,0.24395143723813223,-0.3075704829358329,-1.3101673397784104
8.449999999999864,2.7843780824409414,0.6873069829138538,4.0,2.6093939750153727,-1.1931112164782647,0.0,0.24269402049117975,-0.30922130661532027,-1.3046969875076864
8.459999999999864,2.8104168892606527,0.6755587852793719,4.0,2.5983502560677905,-1.1564973903202131,0.0,0.24135309267902888,-0.3107578241775657,-1.2991751280338952
8.469999999999864,2.836344745633781,0.664177643858471,4.0,2.5872039587011875,-1.1197009398176871,0.0,0.23999489046857891,-0.31231084935708714,-1.2936019793505937
8.479999999999864,2.8621606279729512,0.6531653558653163,4.0,2.5759555229522975,-1.082727675556779,0.0,0.23874539548420456,-0.3141735951836904,-1.2879777614761487
8.489999999999863,2.88786351711134,0.6425236602678379,4.0,2.5646053928901003,-1.0455834360445124,0.0,0.23689248534464283,-0.3150648078295893,-1.2823026964450501
8.499999999999863,2.9134523983428817,0.632254237513139,4.0,2.553154016598303,-1.0082740867869173,0.0,0.23557688958769427,-0.31696667548732227,-1.2765770082991514
8.509999999999863,2.938926261462365,0.6223587092621163,4.0,2.54160184615763,-0.9708055193627345,0.0,0.23326657455172248,-0.31860503988252303,-1.270800923078815
8.519999999999863,2.964284100805294,0.6128386381333932,4.0,2.5299493376279907,-0.9331836504931096,0.0,0.2311967311389472,-0.3190210994506491,-1.2649746688139953
8.529999999999863,2.9895249152875945,0.6036955274565603,4.0,2.518196951030467,-0.8954144211072587,0.0,0.23036023942907505,-0.3213976140080855,-1.2590984755152335
8.539999999999862,3.014647708445125,0.5949308210347848,4.0,2.5063451503291603,-0.8575037954043415,0.0,0.22823625820184698,-0.3232238260802875,-1.2531725751645801
8.549999999999862,3.0396514884730266,0.5865459029168152,4.0,2.494394403412871,-0.819457759911636,0.0,0.2261408157375361,-0.32353772451856944,-1.2471972017064354
8.559999999999862,3.0645352682648808,0.5785420971784228,4.0,2.482345182076622,-0.7812823225391847,0.0,0.22541281292794568,-0.3260493203370005,-1.241172591038311
8.569999999999862,3.0892980654516684,0.5709206677133163,4.0,2.47019796200304,-0.7429835116310926,0.0,0.22410107436178325,-0.32824365383883225,-1.23509898100152
8.579999999999862,3.1139389024405615,0.5636828180335574,4.0,2.457953222743573,-0.7045673750135703,0.0,0.2219837949110575,-0.3285555312674689,-1.2289766113717866
8.589999999999861,3.1384568064535037,0.5568296910795159,4.0,2.4456114476995623,-0.6660399790399293,0.0,0.22108506034876496,-0.33099323886366805,-1.2228057238497811
8.599999999999861,3.1628508095656214,0.5503623690393833,4.0,2.433173124103156,-0.6274074076326229,0.0,0.2184824539206507,-0.33255127337807566,-1.216586562051578
8.60999999999986,3.1871199487434465,0.5442818731782788,4.0,2.420638742998069,-0.588675761322514,0.0,0.21637317582751073,-0.3328704875067734,-1.2103193714990346
8.61999999999986,3.2112632658829217,0.5385891636769866,4.0,2.408008799220205,-0.5498511562855407,0.0,0.21554176723186302,-0.3353404188178255,-1.2040043996101024
8.62999999999986,3.235279807847223,0.5332851394803293,4.0,2.3952837913781186,-0.5109397233769133,0.0,0.21324416271828545,-0.3369668518927034,-1.1976418956890593
8.63999999999986,3.259168626504394,0.5283706381552147,4.0,2.382464221833333,-0.47194760716296885,0.0,0.2111356671850092,-0.33733146054195573,-1.1912321109166666
8.64999999999986,3.2829287787647807,0.5238464357583723,4.0,2.369550596680502,-0.43288096495086326,0.0,0.21031058255341795,-0.3397619043508914,-1.184775298340251
8.65999999999986,3.306559326618256,0.5197132467138057,4.0,2.356543425727435,-0.3937459658162766,0.0,0.2081092621490756,-0.34132165453119756,-1.1782717128637175
8.66999999999986,3.3300593371712575,0.515971723699979,4.0,2.3434432224749666,-0.35454878962923386,0.0,0.20555921264013238,-0.34267855583843015,-1.1717216112374833
8.67999999999986,3.353427882683601,0.5126224575467497,4.0,2.3302505040966923,-0.3152956260782488,0.0,0.2047112438430371,-0.34484164296807907,-1.1651252520483462
8.68999999999986,3.376664040605122,0.5096659771420691,4.0,2.3169657914185464,-0.2759926736928886,0.0,0.2023846729013882,-0.34602398171188653,-1.1584828957092732
8.699999999999859,3.399766893612094,0.5071027493484657,4.0,2.303589608898236,-0.23664613886494382,0.0,0.2003413597894428,-0.3461065695718633,-1.151794804449118
8.709999999999859,3.422735529643443,0.504933178929321,4.0,2.2901224846045416,-0.19726223486837755,0.0,0.19946597956347062,-0.34821191351652414,-1.1450612423022708
8.719999999999859,3.4455690419367446,0.503157608484956,4.0,2.2765649501964726,-0.15784718087818922,0.0,0.19710302745237013,-0.3493212576550452,-1.1382824750982363
8.729999999999858,3.4682665290640253,0.5017763183985271,4.0,2.2629175409022757,-0.11840720098832323,0.0,0.19443440790715527,-0.35072815706156013,-1.1314587704511379
8.739999999999858,3.4908270949673614,0.5007895267917499,4.0,2.2491807954982987,-0.07894852322880136,0.0,0.19352163000373113,-0.3525254183544487,-1.1245903977491494
8.749999999999858,3.513249848994243,0.5001973894904599,4.0,2.235355256287731,-0.03947737858226136,0.0,0.19111810903652596,-0.3533161078908779,-1.1176776281438654
8.759999999999858,3.535533905932737,0.5,4.0,2.2214414690791835,-1.346569485605253e-15,0.0,0.18851110160471254,-0.35448796710566444,-1.1107207345395917
8.769999999999857,3.557678386046428,0.5001973894904599,4.0,2.207439983165154,0.03947737858225867,0.0,0.18754964192498894,-0.3560615257533464,-1.103719991582577
8.779999999999857,3.579682415109156,0.5007895267917499,4.0,2.1933513513003335,0.07894852322879867,0.0,0.18509624773528446,-0.3566396629196743,-1.0966756756501668
8.789999999999857,3.601545124439533,0.5017763183985267,4.0,2.1791761296797834,0.11840720098832055,0.0,0.1824925685905739,-0.35779138128782334,-1.0895880648398917
8.799999999999857,3.6232656509352337,0.5031576084849565,4.0,2.1649148779169782,0.1578471808781921,0.0,0.18136288122041822,-0.3590692848008994,-1.0824574389584891
8.809999999999857,3.644843137107056,0.504933178929321,4.0,2.150568159021723,0.19726223486837488,0.0,0.17888537067710708,-0.3596609885615523,-1.0752840795108616
8.819999999999856,3.6662767311128004,0.5071027493484652,4.0,2.1361365393779104,0.23664613886494112,0.0,0.1764052157232612,-0.3611139903349639,-1.0680682696889552
8.829999999999856,3.6875655867908685,0.5096659771420686,4.0,2.1216205887211763,0.27599267369288594,0.0,0.17469841142251416,-0.361585022682424,-1.0608102943605882
8.839999999999856,3.708708863693694,0.5126224575467493,4.0,2.107020880116396,0.31529562607824607,0.0,0.17241294908918323,-0.36257782628831536,-1.053510440058198
8.849999999999856,3.72970572712091,0.515971723699979,4.0,2.0923379899350647,0.3545487896292312,0.0,0.1698538913853767,-0.3638611977427659,-1.0461689949675324
8.859999999999856,3.7505553481522993,0.5197132467138057,4.0,2.0775724978325467,0.39374596581627386,0.0,0.16741021084232005,-0.36520639699103685,-1.0387862489162734
8.869999999999855,3.771256903680519,0.5238464357583719,4.0,2.0627249867251907,0.4328809649508606,0.0,0.1651473868976645,-0.3659994622371742,-1.0313624933625953
8.879999999999855,3.791809576443608,0.5283706381552147,4.0,2.047796042767309,0.4719476071629662,0.0,0.1626147553938255,-0.3669178009876597,-1.0238980213836546
8.889999999999855,3.81221255505724,0.5332851394803297,4.0,2.032786255328046,0.5109397233769161,0.0,0.16015190380833316,-0.36799162009518765,-1.016393127664023
8.899999999999855,3.8324650340467485,0.5385891636769862,4.0,2.0176962169681114,0.5498511562855382,0.0,0.15784102783342582,-0.36856072918400495,-1.0088481084840557
8.909999999999854,3.852566213878947,0.5442818731782784,4.0,2.002526523416379,0.5886757613225113,0.0,0.15527981037906138,-0.36933658838974714,-1.0012632617081896
8.919999999999854,3.872515300993668,0.5503623690393824,4.0,1.9872777735463782,0.6274074076326203,0.0,0.15276346081010234,-0.37027405078002973,-0.9936388867731891
8.929999999999854,3.8923115078351156,0.5568296910795159,4.0,1.971950569352643,0.6660399790399266,0.0,0.15041196437236778,-0.3707162979793548,-0.9859752846763215
8.939999999999854,3.9119540528829404,0.5636828180335569,4.0,1.9565455159269471,0.7045673750135677,0.0,0.14777298095085056,-0.3714339219665689,-0.9782727579634736
8.949999999999854,3.931442160683096,0.5709206677133158,4.0,1.9410632214344257,0.74298351163109,0.0,0.14520369511587083,-0.37227387290352654,-0.9705316107172128
8.959999999999853,3.950775061878451,0.5785420971784219,4.0,1.9255042970895562,0.7812823225391822,0.0,0.14280430049614906,-0.3726614575223615,-0.9627521485447781
8.969999999999853,3.9699519932391754,0.5865459029168147,4.0,1.9098693571320293,0.8194577599116334,0.0,0.14009599838803743,-0.3733002807591991,-0.9549346785660147
8.979999999999853,3.9889721976928545,0.5949308210347857,4.0,1.8941590188025008,0.8575037954043444,0.0,0.13746518916369632,-0.3740770019635117,-0.9470795094012504
8.989999999999853,4.007834924354382,0.6036955274565599,4.0,1.878373902318232,0.8954144211072561,0.0,0.1349546267527458,-0.37452710390700283,-0.939186951159116
8.999999999999853,4.02653942855561,0.6128386381333928,4.0,1.8625146308485885,0.9331836504931071,0.0,0.13219127368704983,-0.3750364466970615,-0.9312573154242942
9.009999999999852,4.045084971874736,0.6223587092621155,4.0,1.8465818304904573,0.970805519362732,0.0,0.12954803272017204,-0.3757212843464951,-0.9232909152452287
9.019999999999852,4.063470822165468,0.6322542375131381,4.0,1.8305761302435128,1.0082740867869147,0.0,0.12635111058925372,-0.37704819669671713,-0.9152880651217564
9.029999999999852,4.081696253585919,0.6425236602678388,4.0,1.8144981619853926,1.0455834360445153,0.0,0.12358324046438345,-0.3772402737103513,-0.9072490809926963
9.039999999999852,4.099760546627263,0.6531653558653154,4.0,1.7983485604467555,1.0827276755567765,0.0,0.12104258670046947,-0.37769301415654233,-0.8991742802233778
9.049999999999851,4.117662988142137,0.6641776438584701,4.0,1.7821279631862204,1.1197009398176847,0.0,0.11864712359637374,-0.3778367097244507,-0.8910639815931102
9.059999999999851,4.135402871372808,0.675558785279371,4.0,1.7658370105651904,1.1564973903202107,0.0,0.11507933077973659,-0.37726281425240216,-0.8829185052825952
9.069999999999851,4.152979495979063,0.6873069829138552,4.0,1.7494763457225784,1.1931112164782671,0.0,0.11261770564249043,-0.3778118518294867,-0.8747381728612892
9.07999999999985,4.170392168065855,0.6994203815853233,4.0,1.7330466145494228,1.2295366365442526,0.0,0.10949384132406627,-0.3790933280818648,-0.8665233072747114
9.08999999999985,4.187640200210709,0.7118970684477066,4.0,1.7165484656633734,1.265767898522092,0.0,0.10704777541241782,-0.37930731676362567,-0.8582742328316867
9.09999999999985,4.204722911490845,0.7247350732875102,4.0,1.6999825503831039,1.3017992810755028,0.0,0.10463627099266828,-0.3796088821955397,-0.8499912751915519
9.10999999999985,4.221639627510074,0.73793236883495,4.0,1.6833495227025816,1.3376250944314956,0.0,0.10155501472081219,-0.38051060511919166,-0.8416747613512908
9.11999999999985,4.238389680425416,0.7514868710840723,4.0,1.6666500392652568,1.3732396812788408,0.0,0.0981563309358075,-0.3794989082971629,-0.8333250196326284
9.12999999999985,4.25497240897346,0.7653964396218416,4.0,1.6498847593381436,1.4086374176614125,0.0,0.09593426456986857,-0.3797543732430673,-0.8249423796690718
9.13999999999985,4.271387158496475,0.7796588779661389,4.0,1.6330543447857893,1.4438127138662875,0.0,0.09297249214692656,-0.3805327107496289,-0.8165271723928946
9.14999999999985,4.287633280968261,0.7942719339126159,4.0,1.6161594600441398,1.478760015306435,0.0,0.0905946291446935,-0.3803897150526246,-0.8080797300220699
9.15999999999985,4.303710135019719,0.8092332998903413,4.0,1.5992007720943138,1.5134738033978408,0.0,0.08834923201477103,-0.38048785717514416,-0.7996003860471569
9.169999999999849,4.319617085964175,0.8245406133261852,4.0,1.582178950436278,1.5479485964309403,0.0,0.08531106836064917,-0.38092980198123216,-0.791089475218139
9.179999999999849,4.335353505822451,0.8401914570179123,4.0,1.5650946670624009,1.5821789504362787,0.0,0.08204937266409199,-0.37971510914700063,-0.7825473335312004
9.189999999999849,4.350918773347628,0.8561833595158688,4.0,1.547948596430942,1.616159460044138,0.0,0.07997289629772691,-0.3801405399472491,-0.773974298215471
9.199999999999848,4.3663122740496,0.8725137955132691,4.0,1.5307414154394086,1.6498847593381418,0.0,0.07686709565790766,-0.3797756924986808,-0.7653707077197043
9.209999999999848,4.381533400219318,0.8891801862449622,4.0,1.5134738033978403,1.6833495227025799,0.0,0.07385066821467813,-0.3790396302396723,-0.7567369016989202
9.219999999999848,4.39658155095278,0.9061798998946444,4.0,1.4961464420019985,1.7165484656633716,0.0,0.07174073100494585,-0.37943144415042274,-0.7480732210009993
9.229999999999848,4.4114561321747665,0.9235102520104688,4.0,1.4787600153064369,1.7494763457225786,0.0,0.0687091790307164,-0.37891098236742876,-0.7393800076532184
9.239999999999847,4.426156556662275,0.9411685059289305,4.0,1.4613152096975164,1.7821279631862186,0.0,0.0657859445656478,-0.3782495274542354,-0.7306576048487582
9.249999999999847,4.440682244067723,0.9591518732070408,4.0,1.4438127138662868,1.814498161985393,0.0,0.06344347980365772,-0.3783148067623333,-0.7219063569331434
9.259999999999847,4.455032620941839,0.9774575140626309,4.0,1.4262532187813197,1.8465818304904558,0.0,0.0605237663855015,-0.37779691891517636,-0.7131266093906599
9.269999999999847,4.4692071207563195,0.9960825378228093,4.0,1.4086374176614094,1.8783739023182322,0.0,0.057690427654074616,-0.37712671881004134,-0.7043187088307047
9.279999999999847,4.483205183926179,1.0150240033804112,4.0,1.3909660059482258,1.9098693571320275,0.0,0.054890472050110724,-0.37655477542256327,-0.6954830029741129
9.289999999999846,4.4970262578318545,1.0342789196584512,4.0,1.3732396812788425,1.941063221434424,0.0,0.05209182302965844,-0.376072749287412,-0.6866198406394213
9.299999999999846,4.5106697968410145,1.0538442460824413,4.0,1.3554591434582028,1.9719505693526411,0.0,0.04995665972811965,-0.376228869809789,-0.6777295717291014
9.309999999999846,4.5241352623300966,1.0737168930605254,4.0,1.3376250944314998,2.0025265234163774,0.0,0.04709018142425036,-0.3754949010814945,-0.6688125472157499
9.319999999999846,4.537422122705585,1.0938937224713805,4.0,1.3197382382564473,2.032786255328046,0.0,0.044221769194973636,-0.37478588630569853,-0.6598691191282237
9.329999999999846,4.550529853424978,1.1143715481597396,4.0,1.3017992810755046,2.062724986725189,0.0,0.041428220401325086,-0.37397559027769617,-0.6508996405377523
9.339999999999845,4.563457937017514,1.1351471364395453,4.0,1.2838089310879799,2.0923379899350647,0.0,0.03866856214944252,-0.3733126096426863,-0.6419044655439899
9.349999999999845,4.576205863104588,1.1562172066045646,4.0,1.2657678985220915,2.121620588721175,0.0,0.03591133798199485,-0.37264051386523506,-0.6328839492610457
9.359999999999845,4.5887731284199065,1.1775784314464723,4.0,1.2476768956069084,2.1505681590217236,0.0,0.03328834844859322,-0.37196224049890697,-0.6238384478034542
9.369999999999845,4.601159236829352,1.1992274377802323,4.0,1.2295366365442546,2.1791761296797816,0.0,0.03052854558894626,-0.37122290812625575,-0.6147683182721273
9.379999999999844,4.6133636993505736,1.221160806976785,4.0,1.2113478374804938,2.2074399831651523,0.0,0.027833426753703355,-0.37079746460247076,-0.6056739187402469
9.389999999999844,4.6253860341722906,1.243375075502877,4.0,1.1931112164782667,2.235355256287729,0.0,0.025619758799369997,-0.37026030882065114,-0.5965556082391333
9.399999999999844,4.637225766673306,1.2658667354679862,4.0,1.1748274934881489,2.262917540902274,0.0,0.02281710994810109,-0.36930876573746085,-0.5874137467440744
9.409999999999844,4.648882429441257,1.2886322351782789,4.0,1.1564973903202127,2.290122484604542,0.0,0.02000319005209212,-0.368726809740144,-0.5782486951601064
9.419999999999844,4.660355562291054,1.311667979697438,4.0,1.1381216306155497,2.316965791418545,0.0,0.017243735603477785,-0.366975100608234,-0.5690608153077749
9.429999999999843,4.671644712283061,1.334970331414372,4.0,1.119700939817684,2.343443222474967,0.0,0.01451644847337592,-0.36594968830513613,-0.559850469908842
9.439999999999843,4.682749433740962,1.3585356106176083,4.0,1.1012360451439522,2.369550596680501,0.0,0.011759479163808156,-0.365378118171054,-0.5506180225719761
9.449999999999843,4.693669288269369,1.382360096076387,4.0,1.0827276755567758,2.3952837913781173,0.0,0.009226654122744907,-0.3638415986650594,-0.5413638377783879
9.459999999999843,4.704403844771127,1.4064400256282756,4.0,1.0641765617348928,2.420638742998068,0.0,0.006559312728021073,-0.36274295470162105,-0.5320882808674464
9.469999999999843,4.7149526794643215,1.4307715967732473,4.0,1.0455834360445173,2.4456114476995614,0.0,0.003858615441752337,-0.3620790496271909,-0.5227917180222587
9.479999999999842,4.725315375899024,1.4553509672741645,4.0,1.0269490325104096,2.4701979620030388,0.0,0.0013339546780801977,-0.3604593064562265,-0.5134745162552048
9.489999999999842,4.735491524973721,1.4801742557634852,4.0,1.0082740867869195,2.4943944034128696,0.0,-0.0012354968566056707,-0.3594408756244242,-0.5041370433934598
9.499999999999842,4.745480724951473,1.5052375423562034,4.0,0.9895593361289221,2.5181969510304674,0.0,-0.003849451871302423,-0.35855727336901144,-0.49477966806446105
9.509999999999842,4.755282581475767,1.5305368692688164,4.0,0.9708055193627341,2.541601846157629,0.0,-0.006313669130033715,-0.3569942127922297,-0.48540275968136704
9.519999999999841,4.764896707586094,1.556068241444332,4.0,0.952013376856924,2.5646053928901025,0.0,-0.008809599873223379,-0.3560585759957357,-0.476006688428462
9.529999999999841,4.774322723733214,1.5818276271831082,4.0,0.9331836504931065,2.587203958701186,0.0,-0.011305009583461829,-0.3548332023576627,-0.46659182524655324
9.539999999999841,4.783560257794152,1.607810958779528,4.0,0.9143170836366338,2.609393975015372,0.0,-0.013681023197830497,-0.3530166368111462,-0.4571585418183169
9.54999999999984,4.792608945086879,1.6340141331643272,4.0,0.8954144211072581,2.63117193777185,0.0,-0.01612137418197404,-0.35222984490754083,-0.44770721055362905
9.55999999999984,4.801468428384715,1.6604330125525066,4.0,0.8764764091497349,2.6525344079778392,0.0,-0.01849659832156653,-0.3508819042344763,-0.43823820457486745
9.56999999999984,4.8101383579304295,1.687063425096761,4.0,0.8575037954043436,2.6734780122516573,0.0,-0.020723100362942216,-0.3490411524545825,-0.4287518977021718
9.57999999999984,4.818618391450048,1.7139011655462326,4.0,0.8384973288773941,2.6939994433553975,0.0,-0.023069483503560046,-0.34823974591184437,-0.41924866443869707
9.58999999999984,4.82690819416637,1.7409419959105987,4.0,0.8194577599116355,2.714095460717202,0.0,-0.025333131307533008,-0.34686242561573427,-0.40972887995581775
9.59999999999984,4.835007438812175,1.7681816461292703,4.0,0.8003858401566545,2.733762890942964,0.0,-0.027481243043195887,-0.3454601411714297,-0.40019292007832724
9.60999999999984,4.842915805643156,1.795615814745713,4.0,0.7812823225391814,2.752998628317464,0.0,-0.029659517748145726,-0.34414335501340826,-0.3906411612695907
9.61999999999984,4.850632982450529,1.8232401695866682,4.0,0.7621479612333869,2.7717996352947774,0.0,-0.03179586758077035,-0.3427464053786218,-0.38107398061669345
9.62999999999984,4.858158664573369,1.8510503484462784,4.0,0.7429835116310892,2.790162942977957,0.0,-0.033872935662577285,-0.34129962749218895,-0.3714917558155446
9.639999999999839,4.865492554910633,1.8790419597749195,4.0,0.7237897303119413,2.8080856515878487,0.0,-0.03590741785846071,-0.33985099242652134,-0.36189486515597064
9.649999999999839,4.872634363932885,1.907210583372666,4.0,0.7045673750135698,2.82556493092099,0.0,-0.037904629880315024,-0.33844748207588876,-0.3522836875067849
9.659999999999838,4.879583809693737,1.935551771087319,4.0,0.6853172046016425,2.8425980207965535,0.0,-0.03984056369603337,-0.3369508853237805,-0.34265860230082124
9.669999999999838,4.8863406178409665,1.9640610475167883,4.0,0.6660399790399314,2.859182231492189,0.0,-0.04173308047870071,-0.3355070648288825,-0.3330199895199657
9.679999999999838,4.892904521627361,1.9927339107158444,4.0,0.6467364593602882,2.875314944168783,0.0,-0.04358177053909796,-0.334082705186541,-0.3233682296801441
9.689999999999838,4.899275261921234,2.021565832906993,4.0,0.6274074076326224,2.8909936112839816,0.0,-0.04532401129792651,-0.33232370478326806,-0.3137037038163112
9.699999999999838,4.905452587216671,2.0505522611954987,4.0,0.6080535869347939,2.9062157569944995,0.0,-0.04715293579971126,-0.3314264097958248,-0.30402679346739697
9.709999999999837,4.911436253643443,2.079688618288305,4.0,0.5886757613225106,2.9209789775470645,0.0,-0.04878467123770987,-0.3296087492963286,-0.2943378806612553
9.719999999999837,4.917226024976648,2.1089703032168714,4.0,0.5692746957991447,2.9352809416580117,0.0,-0.0503091860365388,-0.3276907394960098,-0.28463734789957235
9.729999999999837,4.922821672646027,2.1383926920637077,4.0,0.5498511562855403,2.9491193908814175,0.0,-0.05207091264810265,-0.327294798402555,-0.27492557814277013
9.739999999999837,4.92822297574499,2.1679511386925316,4.0,0.5304059095897843,2.9624921399657245,0.0,-0.053476884724497444,-0.32521868825845845,-0.26520295479489214
9.749999999999837,4.9334297210393405,2.197640975481977,4.0,0.5109397233769154,2.975397077198834,0.0,-0.054780143785119514,-0.3232481788787588,-0.2554698616884577
9.759999999999836,4.938441702975688,2.22745751406263,4.0,0.4914533661386393,2.9878321647415556,0.0,-0.05639789116554475,-0.3230091980752409,-0.24572668306931966
9.769999999999836,4.943258723689571,2.257396046057414,4.0,0.47194760716296824,2.999795438949416,0.0,-0.057595822823945056,-0.3209144688018701,-0.23597380358148412
9.779999999999836,4.947880593013255,2.287451843825059,4.0,0.452423216503873,3.0112850106827334,0.0,-0.058684995926272826,-0.31895849598287596,-0.2262116082519365
9.789999999999836,4.952307128483256,2.3176201612066887,4.0,0.43288096495085987,3.022299065604942,0.0,-0.06010302327221067,-0.31874082043493623,-0.21644048247542994
9.799999999999836,4.956538155347533,2.3478962342752574,4.0,0.4133216239985643,3.0328358644690883,0.0,-0.06107543812881272,-0.31668535050363333,-0.20666081199928216
9.809999999999835,4.960573506572389,2.378275282087861,4.0,0.39374596581627314,3.042893743392486,0.0,-0.06193901774688851,-0.31476687030613953,-0.19687298290813657
9.819999999999835,4.964413022849069,2.408752507440689,4.0,0.37415476321745,3.05247111411946,0.0,-0.06313308247451509,-0.3145701111185041,-0.187077381608725
9.829999999999835,4.968056552600042,2.4393230976265454,4.0,0.3545487896292333,3.061566464272145,0.0,-0.0638633071068703,-0.31255679415651033,-0.17727439481461665
9.839999999999835,4.971503951984994,2.4699822251948644,4.0,0.33492881906188404,3.0701783575893193,0.0,-0.06449083455017246,-0.31068665124710876,-0.16746440953094202
9.849999999999834,4.9747550849065005,2.5007250487139814,4.0,0.31529562607825096,3.0783054341531915,0.0,-0.06545126955974517,-0.3105201753143488,-0.15764781303912548
9.859999999999834,4.9778098230154,2.5315467135356853,4.0,0.2956499857631729,3.085946410604163,0.0,-0.06593656927474573,-0.3085517697793863,-0.14782499288158646
9.869999999999834,4.980668045715863,2.5624423525618094,4.0,0.27599267369288805,3.093100080343475,0.0,-0.06633081995747347,-0.30674023928287186,-0.13799633684644402
9.879999999999834,4.983329640170149,2.593407087012793,4.0,0.25632446590442093,3.099765313723747,0.0,-0.06705965288975038,-0.3066061161479836,-0.12816223295221046
9.889999999999834,4.98579450130307,2.6244360271981075,4.0,0.23664613886494046,3.105941058227362,0.0,-0.06731231948979122,-0.30469341583273485,-0.11832306943247023
9.899999999999833,4.9880625318061265,2.655524273288403,4.0,0.21695846944110067,3.111626338632672,0.0,-0.06749059768940624,-0.3029536050767484,-0.10847923472055034
9.909999999999833,4.990133642141358,2.68666691608924,4.0,0.197262234868377,3.1168202571679955,0.0,-0.06800250636855901,-0.3028490325136613,-0.0986311174341885
9.919999999999833,4.992007750544875,2.7178590378162943,4.0,0.17755821272039052,3.121521993653385,0.0,-0.0680490293743509,-0.30100695360086693,-0.08877910636019526
9.929999999999833,4.993684783030087,2.7490957128719637,4.0,0.15784718087819144,3.125730805630146,0.0,-0.06803935670457961,-0.2993521787146803,-0.07892359043909572
9.939999999999833,4.995164673390623,2.780372008623141,4.0,0.13812991749957174,3.129446028478077,0.0,-0.06835469602570608,-0.29927171740214925,-0.06906495874978587
9.949999999999832,4.996447363202946,2.8116829861801653,4.0,0.11840720098832545,3.1326670755204216,0.0,-0.06822417667720634,-0.2975194889006752,-0.05920360049416273
9.959999999999832,4.997532801828658,2.8430237011767163,4.0,0.09867980996352696,3.1353934381165134,0.0,-0.06805198945981557,-0.2959608249077063,-0.04933990498176348
9.969999999999832,4.9984209464165,2.874389204550578,4.0,0.07894852322879801,3.1376246857420926,0.0,-0.06818573155802156,-0.29589702765043724,-0.03947426161439901
9.979999999999832,4.999111761904045,2.905774543325164,4.0,0.05921411974155629,3.1393604660572936,0.0,-0.06790247851381243,-0.2942670779515654,-0.029607059870778146
9.989999999999831,4.99960522101908,2.9371747613916543,4.0,0.039477378582258,3.140600504962283,0.0,-0.06758112451088893,-0.29280085386756927,-0.019738689291129
9.999999999999831,4.9999013042806855,2.9685849002916194,4.0,0.019739078923646583,3.1413446066405433,0.0,-0.06753492231812142,-0.292724664676076,-0.009869539461823292
10.009999999999831,5.0,2.9999999999999987,4.0,7.694682774887159e-16,3.141592653589793,0.0,-0.06713845518457273,-0.29134596138541685,-3.8473413874435795e-16
10.01999999999983,4.9999013042806855,3.031415099708383,4.0,-0.019739078923647835,3.1413446066405433,0.0,-0.0666505229733089,-0.28986270710121936,0.009869539461823918
10.02999999999983,4.99960522101908,3.062825238608343,4.0,-0.03947737858225646,3.140600504962283,0.0,-0.0663786284537916,-0.28957971683507855,0.01973868929112823
10.03999999999983,4.999111761904045,3.0942254566748337,4.0,-0.05921411974155476,3.139360466057294,0.0,-0.06599520422503327,-0.28901014141528497,0.02960705987077738
10.04999999999983,4.9984209464165,3.1256107954494237,4.0,-0.07894852322879925,3.1376246857420926,0.0,-0.06527253535365697,-0.28717486304225864,0.039474261614399625
10.05999999999983,4.997532801828657,3.156976298823286,4.0,-0.09867980996352821,3.1353934381165134,0.0,-0.06485493497452469,-0.28700578689887835,0.049339904981764104
10.06999999999983,4.996447363202946,3.188317013819832,4.0,-0.11840720098832391,3.132667075520422,0.0,-0.0643379911096605,-0.28667542101664345,0.059203600494161956
10.07999999999983,4.995164673390623,3.219627991376856,4.0,-0.1381299174995702,3.129446028478077,0.0,-0.0634696050708719,-0.28489179609616233,0.0690649587497851
10.08999999999983,4.993684783030088,3.2509042871280336,4.0,-0.1578471808781899,3.1257308056301465,0.0,-0.06289886727574209,-0.2848444929908532,0.07892359043909496
10.09999999999983,4.992007750544875,3.282140962183703,4.0,-0.177558212720389,3.1215219936533853,0.0,-0.0622158104145643,-0.28467880027445314,0.0887791063601945
10.109999999999829,4.990133642141358,3.313333083910762,4.0,-0.19726223486837824,3.116820257167995,0.0,-0.061233122416961376,-0.28306224519875317,0.09863111743418912
10.119999999999829,4.9880625318061265,3.3444757267115945,4.0,-0.21695846944109914,3.1116263386326724,0.0,-0.060502526941139334,-0.28318149418009203,0.10847923472054957
10.129999999999828,4.98579450130307,3.3755639728018902,4.0,-0.23664613886493888,3.1059410582273626,0.0,-0.059637805020189484,-0.28320596749991983,0.11832306943246944
10.139999999999828,4.983329640170149,3.4065929129872092,4.0,-0.25632446590442215,3.0997653137237466,0.0,-0.05857420868652261,-0.2817799114257335,0.12816223295221107
10.149999999999828,4.980668045715862,3.437557647438193,4.0,-0.27599267369288927,3.0931000803434747,0.0,-0.057640896545276286,-0.2821170510826341,0.13799633684644463
10.159999999999828,4.9778098230154,3.468453286464312,4.0,-0.2956499857631714,3.0859464106041634,0.0,-0.05662577317418177,-0.2823596114409971,0.1478249928815857
10.169999999999828,4.9747550849065005,3.499274951286016,4.0,-0.31529562607824946,3.0783054341531924,0.0,-0.05551766503186047,-0.2811431788148315,0.15764781303912473
10.179999999999827,4.971503951984994,3.5300177748051333,4.0,-0.3349288190618825,3.0701783575893193,0.0,-0.0534843422966722,-0.281881232682261,0.16746440953094124
10.189999999999827,4.968056552600042,3.5606769023734524,4.0,-0.35454878962923175,3.061566464272146,0.0,-0.05273032167672628,-0.28232372011106566,0.17727439481461588
10.199999999999827,4.964413022849068,3.5912474925593134,4.0,-0.3741547632174512,3.052471114119459,0.0,-0.05178401960111501,-0.2813293498458578,0.1870773816087256
10.209999999999827,4.9605735065723895,3.621724717912137,4.0,-0.3937459658162717,3.0428937433924865,0.0,-0.05075338511212323,-0.28215402305044907,0.19687298290813585
10.219999999999827,4.956538155347533,3.65210376572474,4.0,-0.41332162399856276,3.0328358644690887,0.0,-0.04910711308389043,-0.2829647062295696,0.20666081199928138
10.229999999999826,4.952307128483256,3.682379838793313,4.0,-0.4328809649508612,3.0222990656049413,0.0,-0.04811045595747423,-0.28222162995921557,0.2164404824754306
10.239999999999826,4.947880593013255,3.712548156174943,4.0,-0.45242321650387424,3.011285010682733,0.0,-0.046320469769455724,-0.28342431470655016,0.22621160825193712
10.249999999999826,4.94325872368957,3.742603953942588,4.0,-0.4719476071629696,2.9997954389494152,0.0,-0.04567439486656391,-0.28424845523779846,0.2359738035814848
10.259999999999826,4.938441702975689,3.7725424859373673,4.0,-0.4914533661386378,2.9878321647415564,0.0,-0.04397392520148584,-0.2839930210030862,0.2457266830693189
10.269999999999825,4.9334297210393405,3.8023590245180205,4.0,-0.510939723376914,2.975397077198835,0.0,-0.04318634898037238,-0.28516168093673716,0.255469861688457
10.279999999999825,4.9282229757449905,3.8320488613074657,4.0,-0.5304059095897828,2.9624921399657254,0.0,-0.041544929628710245,-0.28638866596214596,0.2652029547948914
10.289999999999825,4.922821672646027,3.8616073079362945,4.0,-0.5498511562855414,2.9491193908814166,0.0,-0.03990046698448513,-0.2865354700699794,0.2749255781427707
10.299999999999825,4.917226024976649,3.891029696783127,4.0,-0.5692746957991431,2.935280941658013,0.0,-0.03938244496549935,-0.2877262464562225,0.28463734789957157
10.309999999999825,4.911436253643443,3.920311381711693,4.0,-0.5886757613225091,2.9209789775470654,0.0,-0.037726201979776997,-0.2888018436794954,0.29433788066125455
10.319999999999824,4.90545258721667,3.949447738804503,4.0,-0.6080535869347952,2.906215756994499,0.0,-0.03611351211796298,-0.2900323384866058,0.3040267934673976
10.329999999999824,4.899275261921233,3.978434167093009,4.0,-0.6274074076326236,2.8909936112839807,0.0,-0.03568238454024906,-0.2909454195075594,0.3137037038163118
10.339999999999824,4.892904521627361,4.007266089284157,4.0,-0.6467364593602895,2.8753149441687818,0.0,-0.03397074129961192,-0.29225786915312996,0.3233682296801447
10.349999999999824,4.886340617840967,4.035938952483209,4.0,-0.66603997903993,2.859182231492191,0.0,-0.032407425187729176,-0.2936963893190804,0.333019989519965
10.359999999999824,4.879583809693738,4.064448228912679,4.0,-0.685317204601641,2.842598020796555,0.0,-0.031126791300236094,-0.29509829407853944,0.3426586023008205
10.369999999999823,4.872634363932885,4.0927894166273315,4.0,-0.7045673750135683,2.8255649309209914,0.0,-0.029696255783346916,-0.29664283976952166,0.3522836875067841
10.379999999999823,4.865492554910633,4.120958040225082,4.0,-0.7237897303119425,2.8080856515878474,0.0,-0.0284544357133677,-0.2982732630894055,0.36189486515597125
10.389999999999823,4.85815866457337,4.148949651553719,4.0,-0.7429835116310878,2.790162942977959,0.0,-0.027150966452522827,-0.2999313100128636,0.3714917558155439
10.399999999999823,4.85063298245053,4.17675983041333,4.0,-0.7621479612333855,2.771799635294779,0.0,-0.025880182369673422,-0.30171131692505027,0.38107398061669273
10.409999999999823,4.842915805643155,4.2043841852542885,4.0,-0.7812823225391826,2.752998628317463,0.0,-0.02463954482479446,-0.30359028815187594,0.3906411612695913
10.419999999999822,4.835007438812174,4.2318183538707315,4.0,-0.8003858401566557,2.7337628909429625,0.0,-0.023388952066839663,-0.3054799246557895,0.40019292007832785
10.429999999999822,4.82690819416637,4.259058004089403,4.0,-0.8194577599116366,2.7140954607172008,0.0,-0.022176293513375727,-0.3075199735953084,0.4097288799558183
10.439999999999822,4.818618391450048,4.286098834453766,4.0,-0.8384973288773928,2.693999443355399,0.0,-0.02095314797702102,-0.30957857043116943,0.4192486644386964
10.449999999999822,4.81013835793043,4.312936574903237,4.0,-0.8575037954043421,2.673478012251659,0.0,-0.01978462104976636,-0.31178185324530344,0.42875189770217104
10.459999999999821,4.801468428384715,4.339566987447491,4.0,-0.8764764091497333,2.652534407977841,0.0,-0.018562963869403367,-0.3139042631574698,0.4382382045748667
10.469999999999821,4.7926089450868785,4.365985866835675,4.0,-0.8954144211072593,2.6311719377718488,0.0,-0.01774593534157075,-0.3169457326770627,0.44770721055362966
10.479999999999821,4.783560257794152,4.392189041220471,4.0,-0.9143170836366323,2.609393975015373,0.0,-0.01646593412526666,-0.31895309161604735,0.45715854181831617
10.48999999999982,4.774322723733215,4.41817237281689,4.0,-0.9331836504931051,2.5872039587011884,0.0,-0.015176855555623587,-0.3209572996242758,0.46659182524655257
10.49999999999982,4.764896707586096,4.4439317585556655,4.0,-0.9520133768569227,2.5646053928901043,0.0,-0.014380200713129438,-0.323997525671237,0.47600668842846133
10.50999999999982,4.755282581475767,4.469463130731185,4.0,-0.9708055193627351,2.5416018461576275,0.0,-0.013136229616101983,-0.32609135587306104,0.48540275968136753
10.51999999999982,4.745480724951473,4.494762457643798,4.0,-0.9895593361289231,2.518196951030466,0.0,-0.01190084637125265,-0.3282021432338851,0.49477966806446155
10.52999999999982,4.735491524973722,4.519825744236513,4.0,-1.008274086786918,2.4943944034128713,0.0,-0.011232886556307834,-0.331402887372486,0.504137043393459
10.53999999999982,4.725315375899025,4.544649032725834,4.0,-1.026949032510408,2.4701979620030405,0.0,-0.010027242876423884,-0.33353149862289433,0.513474516255204
10.54999999999982,4.714952679464322,4.569228403226751,4.0,-1.0455834360445158,2.445611447699563,0.0,-0.009229983237724977,-0.33639187271438575,0.5227917180222579
10.55999999999982,4.704403844771127,4.5935599743717255,4.0,-1.064176561734894,2.4206387429980665,0.0,-0.00855037563433526,-0.33939788085954253,0.532088280867447
10.569999999999819,4.69366928826937,4.617639903923611,4.0,-1.0827276755567745,2.395283791378119,0.0,-0.007342967215950946,-0.34140005702585147,0.5413638377783873
10.579999999999819,4.6827494337409625,4.64146438938239,4.0,-1.1012360451439507,2.369550596680503,0.0,-0.006384310594792576,-0.34380567188787725,0.5506180225719753
10.589999999999819,4.6716447122830616,4.6650296685856265,4.0,-1.1197009398176827,2.3434432224749693,0.0,-0.0059090082188915935,-0.3469870206776968,0.5598504699088414
10.599999999999818,4.660355562291054,4.688332020302563,4.0,-1.138121630615551,2.3169657914185433,0.0,-0.005307253096872587,-0.3498673265423371,0.5690608153077755
10.609999999999818,4.648882429441256,4.7113677648217225,4.0,-1.1564973903202138,2.2901224846045403,0.0,-0.004748457701852593,-0.35272886876733706,0.5782486951601069
10.619999999999818,4.637225766673307,4.734133264532012,4.0,-1.1748274934881475,2.262917540902276,0.0,-0.0037041774190541567,-0.3547266552514217,0.5874137467440738
10.629999999999818,4.625386034172291,4.756624924497121,4.0,-1.1931112164782651,2.2353552562877312,0.0,-0.003401712790722284,-0.3578479509829335,0.5965556082391326
10.639999999999818,4.613363699350574,4.778839193023213,4.0,-1.2113478374804925,2.2074399831651546,0.0,-0.0030818641784855455,-0.3608652766816322,0.6056739187402462
10.649999999999817,4.601159236829351,4.800772562219769,4.0,-1.2295366365442557,2.17917612967978,0.0,-0.0026911605995463914,-0.3636491950497911,0.6147683182721279
10.659999999999817,4.588773128419906,4.822421568553529,4.0,-1.2476768956069095,2.150568159021722,0.0,-0.0023694993541229117,-0.3664326991627474,0.6238384478034548
10.669999999999817,4.5762058631045885,4.843782793395434,4.0,-1.2657678985220902,2.1216205887211768,0.0,-0.002178057927344341,-0.36932244298978395,0.6328839492610451
10.679999999999817,4.563457937017516,4.864852863560453,4.0,-1.2838089310879786,2.0923379899350674,0.0,-0.0015367410311706003,-0.37144244147631517,0.6419044655439893
10.689999999999817,4.550529853424977,4.885628451840262,4.0,-1.3017992810755057,2.062724986725187,0.0,-0.0015847193605714619,-0.37446154397496834,0.6508996405377528
10.699999999999816,4.537422122705584,4.906106277528621,4.0,-1.3197382382564484,2.0327862553280442,0.0,-0.0017193297337627102,-0.37750652829779235,0.6598691191282242
10.709999999999816,4.524135262330098,4.926283106939473,4.0,-1.3376250944314985,2.0025265234163796,0.0,-0.0018941280783494315,-0.3804342360146375,0.6688125472157492
10.719999999999816,4.510669796841015,4.946155753917557,4.0,-1.3554591434582015,1.9719505693526436,0.0,-0.0020455604691821984,-0.38332071764431574,0.6777295717291008
10.729999999999816,4.497026257831857,4.965721080341544,4.0,-1.3732396812788386,1.9410632214344308,0.0,-0.0023374624240049212,-0.38575213621792215,0.6866198406394193
10.739999999999815,4.483205183926178,4.98497599661959,4.0,-1.3909660059482267,1.9098693571320258,0.0,-0.0025512302226012576,-0.3890617804641724,0.6954830029741134
10.749999999999815,4.469207120756319,5.003917462177192,4.0,-1.4086374176614105,1.8783739023182304,0.0,-0.003048577290939238,-0.3915082429552133,0.7043187088307052
10.759999999999815,4.45503262094184,5.022542485937368,4.0,-1.4262532187813182,1.8465818304904582,0.0,-0.0036589170292002063,-0.3942298354745309,0.7131266093906591
10.769999999999815,4.440682244067724,5.040848126792958,4.0,-1.4438127138662855,1.8144981619853955,0.0,-0.0032879096384236116,-0.3968355921940029,0.7219063569331428
10.779999999999815,4.426156556662274,5.058831494071071,4.0,-1.4613152096975175,1.7821279631862166,0.0,-0.0042061110668907345,-0.3991635527696185,0.7306576048487587
10.789999999999814,4.411456132174766,5.076489747989532,4.0,-1.478760015306438,1.7494763457225766,0.0,-0.0052208655857467505,-0.4022508587579582,0.739380007653219
10.799999999999814,4.3965815509527815,5.093820100105354,4.0,-1.496146442001997,1.716548465663374,0.0,-0.006178515059946229,-0.4061808992040836,0.7480732210009985
10.809999999999814,4.381533400219319,5.110819813755036,4.0,-1.5134738033978388,1.6833495227025823,0.0,-0.0073224916288382215,-0.4082615553963847,0.7567369016989194
10.819999999999814,4.366312274049603,5.127486204486727,4.0,-1.5307414154394048,1.6498847593381492,0.0,-0.008521263528077805,-0.41113265601871285,0.7653707077197024
10.829999999999814,4.350918773347627,5.143816640484133,4.0,-1.5479485964309432,1.616159460044136,0.0,-0.009476905637428834,-0.4146165903174923,0.7739742982154716
10.839999999999813,4.33535350582245,5.159808542982089,4.0,-1.565094667062402,1.5821789504362764,0.0,-0.010890919406794335,-0.4164388333460777,0.782547333531201
10.849999999999813,4.319617085964177,5.175459386673814,4.0,-1.5821789504362769,1.5479485964309427,0.0,-0.012365502927112972,-0.41912226983637507,0.7910894752181384
10.859999999999813,4.3037101350197196,5.190766700109657,4.0,-1.5992007720943124,1.5134738033978437,0.0,-0.01373858604698749,-0.4226000622499854,0.7996003860471562
10.869999999999813,4.28763328096826,5.205728066087385,4.0,-1.616159460044141,1.4787600153064329,0.0,-0.015366952019561881,-0.42411252975284736,0.8080797300220705
10.879999999999812,4.271387158496475,5.220341122033862,4.0,-1.6330543447857904,1.4438127138662853,0.0,-0.017082635205488698,-0.42654572368654137,0.8165271723928952
10.889999999999812,4.254972408973459,5.23460356037816,4.0,-1.6498847593381447,1.4086374176614103,0.0,-0.018765315269482878,-0.4298428879028635,0.8249423796690724
10.899999999999812,4.238389680425417,5.248513128915927,4.0,-1.6666500392652555,1.3732396812788434,0.0,-0.020609032721943393,-0.43113381933402134,0.8333250196326277
10.909999999999812,4.221639627510077,5.262067631165047,4.0,-1.683349522702578,1.3376250944315033,0.0,-0.022565007214304614,-0.4333196617559601,0.841674761351289
10.919999999999812,4.204722911490844,5.275264926712491,4.0,-1.699982550383105,1.3017992810755004,0.0,-0.024499113265287475,-0.43557308762589286,0.8499912751915525
10.929999999999811,4.1876402002107085,5.288102931552294,4.0,-1.7165484656633745,1.2657678985220897,0.0,-0.02657434687729333,-0.43753009196103726,0.8582742328316872
10.939999999999811,4.170392168065857,5.300579618414675,4.0,-1.7330466145494214,1.2295366365442555,0.0,-0.028743242578607244,-0.43953330957182246,0.8665233072747107
10.949999999999811,4.152979495979065,5.3126930170861435,4.0,-1.749476345722577,1.19311121647827,0.0,-0.030974074170630955,-0.4415384566428192,0.8747381728612885
10.95999999999981,4.135402871372807,5.32444121472063,4.0,-1.7658370105651913,1.1564973903202083,0.0,-0.03327250160306657,-0.4434709153860608,0.8829185052825956
10.96999999999981,4.117662988142136,5.335822356141531,4.0,-1.7821279631862215,1.1197009398176823,0.0,-0.03563810668452147,-0.4453528129698499,0.8910639815931107
10.97999999999981,4.0997605466272615,5.346834644134685,4.0,-1.7983485604467566,1.082727675556774,0.0,-0.03806525709989417,-0.4471923816428657,0.8991742802233783
10.98999999999981,4.081696253585921,5.357476339732161,4.0,-1.8144981619853913,1.0455834360445182,0.0,-0.04055161692795101,-0.44897865591315544,0.9072490809926956
10.99999999999981,4.063470822165472,5.36774576248686,4.0,-1.8305761302435093,1.0082740867869229,0.0,-0.043095779977618265,-0.45070848232079186,0.9152880651217546
11.00999999999981,4.0450849718747355,5.377641290737885,4.0,-1.8465818304904582,0.9708055193627295,0.0,-0.045695009590420624,-0.45238082652902106,0.9232909152452291
11.01999999999981,4.026539428555608,5.387161361866608,4.0,-1.8625146308485896,0.9331836504931047,0.0,-0.04834740686182803,-0.45399252696709735,0.9312573154242948
11.02999999999981,4.007834924354383,5.39630447254344,4.0,-1.8783739023182304,0.895414421107259,0.0,-0.0510513599990381,-0.455540168182949,0.9391869511591152
11.039999999999809,3.9889721976928563,5.405069178965213,4.0,-1.8941590188024995,0.8575037954043472,0.0,-0.05380436335160939,-0.4570206106324633,0.9470795094012497
11.049999999999809,3.9699519932391745,5.413454097083186,4.0,-1.9098693571320302,0.819457759911631,0.0,-0.05660478714051814,-0.4584305447730888,0.9549346785660151
11.059999999999809,3.950775061878451,5.421457902821578,4.0,-1.925504297089557,0.7812823225391797,0.0,-0.05945119671574517,-0.4597666539488469,0.9627521485447785
11.069999999999808,3.931442160683094,5.429079332286685,4.0,-1.9410632214344266,0.7429835116310876,0.0,-0.06234122537647222,-0.4610258311646387,0.9705316107172133
11.079999999999808,3.911954052882942,5.436317181966443,4.0,-1.956545515926946,0.7045673750135707,0.0,-0.06527335072539968,-0.4622050185181345,0.978272757963473
11.089999999999808,3.892311507835119,5.443170308920482,4.0,-1.9719505693526396,0.6660399790399351,0.0,-0.06824622134145109,-0.46330134004076484,0.9859752846763198
11.099999999999808,3.8725153009936673,5.449637630960618,4.0,-1.9872777735463794,0.6274074076326178,0.0,-0.07125748024256584,-0.4643122790334575,0.9936388867731897
11.109999999999808,3.852566213878945,5.455718126821722,4.0,-2.00252652341638,0.5886757613225089,0.0,-0.07430554775087587,-0.4652354457294407,1.00126326170819
11.119999999999807,3.8324650340467503,5.461410836323013,4.0,-2.0176962169681105,0.5498511562855412,0.0,-0.07738897983375245,-0.4660686863507979,1.0088481084840553
11.129999999999807,3.8122125550572417,5.466714860519669,4.0,-2.0327862553280442,0.5109397233769192,0.0,-0.0805052818313417,-0.466810231751767,1.0163931276640221
11.139999999999807,3.7918095764436117,5.471629361844784,4.0,-2.0477960427673056,0.4719476071629748,0.0,-0.08365269215263922,-0.46745843138082227,1.0238980213836528
11.149999999999807,3.771256903680518,5.476153564241628,4.0,-2.0627249867251916,0.43288096495085815,0.0,-0.08682958135404277,-0.468011815620023,1.0313624933625958
11.159999999999807,3.7505553481522975,5.480286753286195,4.0,-2.0775724978325476,0.3937459658162714,0.0,-0.09003325792524107,-0.46846926739513706,1.0387862489162738
11.169999999999806,3.729705727120912,5.4840282763000205,4.0,-2.0923379899350634,0.35454878962923425,0.0,-0.09326177249702165,-0.46882970083772857,1.0461689949675317
11.179999999999806,3.7087088636936985,5.487377542453251,4.0,-2.1070208801163925,0.31529562607825473,0.0,-0.09651333256531196,-0.46909210928949036,1.0535104400581963
11.189999999999806,3.6875655867908677,5.490334022857931,4.0,-2.121620588721177,0.27599267369288344,0.0,-0.09978512031110248,-0.46925578537435403,1.0608102943605886
11.199999999999806,3.6662767311127986,5.492897250651534,4.0,-2.1361365393779113,0.23664613886493863,0.0,-0.10307509598895141,-0.4693199251822508,1.0680682696889556
11.209999999999805,3.644843137107058,5.4950668210706795,4.0,-2.1505681590217223,0.19726223486837793,0.0,-0.10638142100103902,-0.46928367771340823,1.0752840795108611
11.219999999999805,3.6232656509352346,5.4968423915150435,4.0,-2.1649148779169773,0.1578471808781952,0.0,-0.10970131441059852,-0.46914658872313786,1.0824574389584887
11.229999999999805,3.6015451244395376,5.498223681601473,4.0,-2.17917612967978,0.1184072009883292,0.0,-0.11303267295349123,-0.46890720983777073,1.08958806483989
11.239999999999805,3.579682415109154,5.49921047320825,4.0,-2.193351351300335,0.07894852322879618,0.0,-0.11637433820192156,-0.4685673816584081,1.0966756756501674
11.249999999999805,3.557678386046426,5.499802610509541,4.0,-2.207439983165155,0.03947737858225617,0.0,-0.11972027368333722,-0.4681105553594562,1.1037199915825775
11.259999999999804,3.5355339059327386,5.5,4.0,-2.2214414690791826,1.7313036243496109e-15,0.0,-0.1231384241102521,-0.4678506432716236,1.1107207345395913
11.269999999999804,3.5132498489942483,5.499802610509541,4.0,-2.2353552562877277,-0.039477378582252705,0.0,-0.12631397637728284,-0.46641354691089987,1.1176776281438638
11.279999999999804,3.4908270949673614,5.49921047320825,4.0,-2.2491807954983,-0.07894852322880387,0.0,-0.12995154625945393,-0.4667994188665232,1.12459039774915
11.289999999999804,3.4682665290640236,5.498223681601473,4.0,-2.2629175409022766,-0.11840720098832573,0.0,-0.1330202428467452,-0.46478104956604427,1.1314587704511383
11.299999999999804,3.445569041936743,5.4968423915150435,4.0,-2.2765649501964735,-0.15784718087819175,0.0,-0.13645018885373245,-0.46407982587719593,1.1382824750982368
11.309999999999803,3.422735529643445,5.4950668210706795,4.0,-2.2901224846045407,-0.1972622348683745,0.0,-0.1401312074136797,-0.46427574287947737,1.1450612423022704
11.319999999999803,3.3997668936120995,5.492897250651535,4.0,-2.303589608898233,-0.23664613886493518,0.0,-0.14294256066130173,-0.4612107873014354,1.1517948044491164
11.329999999999803,3.37666404060512,5.490334022857931,4.0,-2.3169657914185473,-0.2759926736928911,0.0,-0.14655250878338094,-0.4609425080079954,1.1584828957092737
11.339999999999803,3.353427882683599,5.487377542453251,4.0,-2.330250504096693,-0.3152956260782513,0.0,-0.15017633106381134,-0.46064777168270504,1.1651252520483466
11.349999999999802,3.3300593371712583,5.484028276300021,4.0,-2.3434432224749657,-0.3545487896292308,0.0,-0.15292059647582737,-0.45735105604688475,1.1717216112374829
11.359999999999802,3.3065593266182614,5.480286753286195,4.0,-2.3565434257274323,-0.3937459658162679,0.0,-0.1565574431800404,-0.45696419200580457,1.1782717128637161
11.369999999999802,3.282928778764786,5.476153564241629,4.0,-2.3695505966804995,-0.43288096495085465,0.0,-0.16015941268589512,-0.45638776569239053,1.1847752983402497
11.379999999999802,3.259168626504392,5.471629361844785,4.0,-2.3824642218333345,-0.4719476071629713,0.0,-0.16289550038506803,-0.4531264796628241,1.1912321109166673
11.389999999999802,3.2352798078472222,5.46671486051967,4.0,-2.3952837913781195,-0.5109397233769157,0.0,-0.166430347274533,-0.4522788720812786,1.1976418956890598
11.399999999999801,3.2112632658829234,5.461410836323013,4.0,-2.4080087992202035,-0.5498511562855378,0.0,-0.17007004970037728,-0.4516389366787278,1.2040043996101017
11.409999999999801,3.187119948743451,5.455718126821722,4.0,-2.4206387429980665,-0.5886757613225054,0.0,-0.17295767383643326,-0.4488457961596615,1.2103193714990332
11.419999999999801,3.1628508095656205,5.449637630960616,4.0,-2.4331731241031567,-0.6274074076326254,0.0,-0.1759863707918638,-0.4464184499055616,1.2165865620515783
11.4299999999998,3.138456806453502,5.443170308920483,4.0,-2.445611447699563,-0.6660399790399317,0.0,-0.17991036045834327,-0.44635733782137044,1.2228057238497816
11.4399999999998,3.1139389024405633,5.436317181966443,4.0,-2.4579532227435723,-0.7045673750135674,0.0,-0.1827303822462792,-0.44333079411605003,1.2289766113717862
11.4499999999998,3.0892980654516746,5.429079332286685,4.0,-2.470197962003037,-0.7429835116310841,0.0,-0.18555726734666733,-0.44039305190938066,1.2350989810015185
11.4599999999998,3.064535268264886,5.4214579028215795,4.0,-2.482345182076619,-0.7812823225391764,0.0,-0.18948393754455486,-0.44009033061425934,1.2411725910383096
11.4699999999998,3.039651488473025,5.413454097083184,4.0,-2.4943944034128713,-0.8194577599116385,0.0,-0.19222168003993226,-0.43680770483149156,1.2471972017064357
11.4799999999998,3.014647708445123,5.405069178965215,4.0,-2.506345150329161,-0.8575037954043438,0.0,-0.1949279223320707,-0.4336010780509206,1.2531725751645806
11.4899999999998,2.9895249152875962,5.39630447254344,4.0,-2.518196951030466,-0.8954144211072557,0.0,-0.19881917816725359,-0.43292922267076406,1.259098475515233
11.4999999999998,2.9642841008052994,5.3871613618666085,4.0,-2.529949337627988,-0.9331836504931015,0.0,-0.20145639291565132,-0.42941903180223384,1.264974668813994
11.509999999999799,2.9389262614623632,5.377641290737883,4.0,-2.541601846157631,-0.9708055193627368,0.0,-0.20404482497742155,-0.42601651082705894,1.2708009230788155
11.519999999999799,2.91345239834288,5.3677457624868605,4.0,-2.5531540165983038,-1.0082740867869195,0.0,-0.20791023579044635,-0.4249215656448588,1.2765770082991519
11.529999999999799,2.887863517111339,5.357476339732162,4.0,-2.564605392890101,-1.0455834360445149,0.0,-0.2104178486078911,-0.42126713149502126,1.2823026964450506
11.539999999999798,2.8621606279729566,5.346834644134686,4.0,-2.5759555229522952,-1.082727675556771,0.0,-0.21287930185866874,-0.41773722976960825,1.2879777614761476
11.549999999999798,2.8363447456337862,5.335822356141532,4.0,-2.5872039587011852,-1.1197009398176792,0.0,-0.21697056300915607,-0.41515290959962414,1.2936019793505926
11.559999999999798,2.810416889260651,5.324441214720627,4.0,-2.5983502560677914,-1.1564973903202156,0.0,-0.21930980971144776,-0.4115761443878846,1.2991751280338957
11.569999999999798,2.7843780824409397,5.312693017086145,4.0,-2.6093939750153736,-1.193111216478267,0.0,-0.22161278798534492,-0.4081471175300687,1.3046969875076868
11.579999999999798,2.758229353142152,5.300579618414677,4.0,-2.62033467955682,-1.2295366365442524,0.0,-0.22517770626947176,-0.4067346956680084,1.31016733977841
11.589999999999797,2.7319717336713483,5.288102931552295,4.0,-2.631171937771849,-1.2657678985220866,0.0,-0.22740633160693083,-0.4030099660561953,1.3155859688859246
11.599999999999797,2.7056062606343767,5.275264926712488,4.0,-2.6419053218240665,-1.3017992810755075,0.0,-0.22982864929973565,-0.39987321041732016,1.3209526609120332
11.609999999999797,2.6791339748949827,5.262067631165048,4.0,-2.652534407977841,-1.3376250944315002,0.0,-0.23301962120155992,-0.3957055337674882,1.3262672039889205
11.619999999999797,2.6525559215336703,5.248513128915928,4.0,-2.6630587766150553,-1.3732396812788403,0.0,-0.2353784953879351,-0.39254658557940386,1.3315293883075277
11.629999999999797,2.6258731498064805,5.234603560378161,4.0,-2.673478012251656,-1.408637417661407,0.0,-0.2377817395006112,-0.38951353141786677,1.336739006125828
11.639999999999796,2.599086713103551,5.220341122033863,4.0,-2.6837917035540606,-1.4438127138662822,0.0,-0.24052507199135584,-0.3853053263936909,1.3418958517770303
11.649999999999796,2.5721976689075303,5.2057280660873815,4.0,-2.693999443355399,-1.4787600153064395,0.0,-0.24285479521898876,-0.38219276581295647,1.3469997216776994
11.659999999999796,2.545207078751856,5.190766700109659,4.0,-2.7041008286715766,-1.5134738033978403,0.0,-0.24518951651314588,-0.3790060800340373,1.3520504143357883
11.669999999999796,2.518116008178806,5.175459386673815,4.0,-2.7140954607172008,-1.5479485964309398,0.0,-0.24773103654434925,-0.3746391883542395,1.3570477303586004
11.679999999999795,2.490925526697457,5.15980854298209,4.0,-2.7239829449213118,-1.5821789504362733,0.0,-0.2499780139224295,-0.3713830411436561,1.3619914724606559
11.689999999999795,2.463636707741455,5.143816640484129,4.0,-2.7337628909429657,-1.6161594600441427,0.0,-0.25226271777654885,-0.3678224231639163,1.3668814454714828
11.699999999999795,2.4362506286266603,5.127486204486729,4.0,-2.743434912686634,-1.649884759338146,0.0,-0.25462120128280114,-0.3635144653203199,1.371717456343317
11.709999999999795,2.408768370508577,5.110819813755038,4.0,-2.7529986283174632,-1.6833495227025794,0.0,-0.25690816339086203,-0.3593428412799531,1.3764993141587316
11.719999999999795,2.381191018339698,5.093820100105356,4.0,-2.7624536602763343,-1.7165484656633712,0.0,-0.25903141509111544,-0.3559595646215714,1.3812268301381672
11.729999999999794,2.3535196608266666,5.076489747989534,4.0,-2.7717996352947765,-1.7494763457225737,0.0,-0.2612445602664497,-0.3516919284192813,1.3858998176473882
11.739999999999794,2.3257553903872896,5.058831494071067,4.0,-2.781036184409701,-1.7821279631862228,0.0,-0.26341345872042055,-0.34738140651380445,1.3905180922048506
11.749999999999794,2.297899303107439,5.04084812679296,4.0,-2.790162942977959,-1.8144981619853926,0.0,-0.26541404156959353,-0.34392274155506103,1.3950814714889794
11.759999999999794,2.2699524986977355,5.02254248593737,4.0,-2.7991795506907526,-1.8465818304904553,0.0,-0.2674979914414801,-0.3395270086361515,1.3995897753453763
11.769999999999794,2.2419160804501637,5.003917462177194,4.0,-2.8080856515878474,-1.8783739023182278,0.0,-0.26953500753518284,-0.3350750411428817,1.4040428257939237
11.779999999999793,2.213791155194512,4.984975996619592,4.0,-2.8168808940716312,-1.9098693571320229,0.0,-0.2713944008366831,-0.3315697887675865,1.4084404470358156
11.789999999999793,2.185578833254663,4.965721080341546,4.0,-2.8255649309209914,-1.941063221434428,0.0,-0.2733355791740066,-0.32703550619878463,1.4127824654604957
11.799999999999793,2.1572802284047956,4.946155753917559,4.0,-2.834137419305019,-1.971950569352641,0.0,-0.27521523499603967,-0.32250362515212144,1.4170687096525094
11.809999999999793,2.1288964578253653,4.926283106939475,4.0,-2.8425980207965527,-2.002526523416377,0.0,-0.2770277217675951,-0.31813430349079647,1.4212990103982763
11.819999999999792,2.1004286420590352,4.906106277528623,4.0,-2.850946401385533,-2.0327862553280416,0.0,-0.27875808792435713,-0.31384685819892216,1.4254732006927664
11.829999999999792,2.071877904966418,4.885628451840258,4.0,-2.859182231492191,-2.0627249867251924,0.0,-0.2804569151602881,-0.309411527305737,1.4295911157460954
11.839999999999792,2.043245373681745,4.864852863560454,4.0,-2.8673051859800514,-2.0923379899350647,0.0,-0.2820766570936517,-0.3050635141660818,1.4336525929900257
11.849999999999792,2.014532178568315,4.843782793395436,4.0,-2.8753149441687818,-2.1216205887211745,0.0,-0.2836385916318529,-0.3006194153446392,1.4376574720843909
11.859999999999792,1.985739453173906,4.822421568553532,4.0,-2.883211189846845,-2.150568159021719,0.0,-0.2851381080721742,-0.2961875769160791,1.4416055949234226
11.869999999999791,1.9568683341860167,4.8007725622197714,4.0,-2.8909936112839807,-2.1791761296797776,0.0,-0.2865667527648827,-0.29172657932881807,1.4454968056419903
11.879999999999791,1.9279199613869809,4.778839193023212,4.0,-2.8986619012435195,-2.2074399831651563,0.0,-0.28792547997203016,-0.28723072551684387,1.4493309506217598
11.889999999999791,1.8988954776090061,4.756624924497123,4.0,-2.906215756994499,-2.235355256287729,0.0,-0.28922263169567924,-0.2827158789689716,1.4531078784972495
11.89999999999979,1.869796028689004,4.734133264532014,4.0,-2.9136548803236306,-2.262917540902274,0.0,-0.29044412513556256,-0.27817271247806086,1.4568274401618153
11.90999999999979,1.8406227634233936,4.711367764821725,4.0,-2.9209789775470636,-2.290122484604538,0.0,-0.2915932462322425,-0.27359827576221357,1.4604894887735318
11.91999999999979,1.811376833522726,4.688332020302559,4.0,-2.928187759521982,-2.3169657914185486,0.0,-0.29267330729452595,-0.26899671469041136,1.464093879760991
11.92999999999979,1.7820593935662528,4.665029668585628,4.0,-2.935280941658013,-2.3434432224749666,0.0,-0.2936847492860328,-0.2643688425735001,1.4676404708290065
11.93999999999979,1.7526716009562961,4.641464389382392,4.0,-2.9422582439284737,-2.369550596680501,0.0,-0.2946226575442009,-0.25970992153347333,1.4711291219642368
11.94999999999979,1.723214615872588,4.617639903923613,4.0,-2.9491193908814166,-2.3952837913781173,0.0,-0.2954923908829302,-0.2550267718785902,1.4745596954407083
11.95999999999979,1.6936896012264615,4.593559974371728,4.0,-2.9558641116505093,-2.4206387429980643,0.0,-0.2962905745753293,-0.250311991032905,1.4779320558252547
11.96999999999979,1.6640977226149314,4.56922840322675,4.0,-2.962492139965726,-2.4456114476995645,0.0,-0.29702103485403203,-0.2455753603434484,1.481246069982863
11.979999999999789,1.6344401482747122,4.544649032725836,4.0,-2.969003214163853,-2.4701979620030388,0.0,-0.29766181027286787,-0.24080337992467854,1.4845016070819266
11.989999999999789,1.604718049036049,4.519825744236515,4.0,-2.9753970771988336,-2.494394403412869,0.0,-0.2982659408902181,-0.2360144529333019,1.4876985385994168
11.999999999999789,1.5749325982765279,4.4947624576438,4.0,-2.9816734766519017,-2.518196951030464,0.0,-0.29832958104800344,-0.2311296068188926,1.4908367383259509
12.009999999999788,1.5450849718747386,4.469463130731183,4.0,-2.9878321647415556,-2.541601846157629,0.0,-0.29899158093596484,-0.22631877960530844,1.4939160823707778
12.019999999999788,1.5151763481638687,4.443931758555668,4.0,-2.993872898333333,-2.564605392890102,0.0,-0.2995656556753423,-0.22149257688712176,1.4969364491666666
12.029999999999788,1.4852079078851754,4.418172372816892,4.0,-2.9997954389494157,-2.587203958701186,0.0,-0.3000126156740565,-0.21660977394165348,1.4998977194747078
12.039999999999788,1.4551808341413617,4.3921890412204725,4.0,-3.005599552778041,-2.6093939750153714,0.0,-0.2998873660478212,-0.2117915072213081,1.5027997763890204
12.049999999999788,1.4250963123498854,4.365985866835677,4.0,-3.011285010682733,-2.631171937771847,0.0,-0.300256214231311,-0.20667786304974656,1.5056425053413665
12.059999999999787,1.3949555301961443,4.33956698744749,4.0,-3.0168515882113507,-2.652534407977842,0.0,-0.3001666819442208,-0.20188767045856962,1.5084257941056753
12.069999999999787,1.3647596775866262,4.3129365749032385,4.0,-3.0222990656049418,-2.673478012251657,0.0,-0.29999284257406916,-0.1968989831629533,1.5111495328024709
12.079999999999787,1.3345099466018793,4.286098834453767,4.0,-3.0276272278064273,-2.693999443355397,0.0,-0.3003452341116632,-0.191653052773456,1.5138136139032137
12.089999999999787,1.3042075314494883,4.259058004089406,4.0,-3.0328358644690874,-2.714095460717199,0.0,-0.30019770870110973,-0.18687523428575717,1.5164179322345437
12.099999999999786,1.2738536284169122,4.231818353870731,4.0,-3.037924769964866,-2.733762890942964,0.0,-0.3007425580035462,-0.18186626707341144,1.518962384982433
12.109999999999786,1.2434494358242727,4.204384185254288,4.0,-3.0428937433924865,-2.752998628317464,0.0,-0.30093962759097675,-0.1765762342943208,1.5214468716962433
12.119999999999786,1.2129961539770377,4.176759830413332,4.0,-3.047742588585386,-2.7717996352947774,0.0,-0.3005434856929488,-0.17173152843997463,1.523871294292693
12.129999999999786,1.182494985118626,4.148949651553722,4.0,-3.052471114119459,-2.790162942977957,0.0,-0.2997000749834069,-0.16655717526048353,1.5262355570597295
12.139999999999786,1.1519471333829574,4.120958040225085,4.0,-3.0570791333206144,-2.8080856515878456,0.0,-0.2998537473515553,-0.16124368443374285,1.5285395666603072
12.149999999999785,1.1213538047469038,4.09278941662733,4.0,-3.061566464272146,-2.8255649309209923,0.0,-0.29942352669469025,-0.15637769956342507,1.530783232136073
12.159999999999785,1.0907162069827123,4.064448228912681,4.0,-3.065932929821908,-2.8425980207965535,0.0,-0.29853155095468964,-0.15119712580107564,1.532966464910954
12.169999999999785,1.0600355496102747,4.035938952483212,4.0,-3.0701783575893185,-2.859182231492189,0.0,-0.2985596729736024,-0.14586052887904127,1.5350891787946592
12.179999999999785,1.02931304384941,4.00726608928416,4.0,-3.074302579972159,-2.8753149441687804,0.0,-0.2980230817220177,-0.14096068015433308,1.5371512899860795
12.189999999999785,0.9985499025720364,3.978434167093007,4.0,-3.078305434153192,-2.8909936112839816,0.0,-0.29696043141029405,-0.13576607001330596,1.539152717076596
12.199999999999784,0.9677473402543,3.9494477388045013,4.0,-3.0821867621065873,-2.9062157569944995,0.0,-0.2967500853247601,-0.1304107276635656,1.5410933810532936
12.209999999999784,0.9369065729286237,3.9203113817116955,4.0,-3.0859464106041634,-2.9209789775470645,0.0,-0.29605809169665637,-0.1254625557822606,1.5429732053020817
12.219999999999784,0.906028818135689,3.891029696783129,4.0,-3.0895842312214357,-2.9352809416580117,0.0,-0.29481144894070366,-0.120256628735214,1.5447921156107178
12.229999999999784,0.8751152948763847,3.861607307936297,4.0,-3.0931000803434747,-2.9491193908814157,0.0,-0.29344221141333066,-0.11490847583780824,1.5465500401717374
12.239999999999783,0.8441672235636668,3.8320488613074644,4.0,-3.0964938191705786,-2.962492139965726,0.0,-0.2925589068045975,-0.10985736771862264,1.5482469095852893
12.249999999999783,0.8131858259744176,3.802359024518023,4.0,-3.0997653137237466,-2.975397077198834,0.0,-0.29135831239496834,-0.10466074493287049,1.5498826568618733
12.259999999999783,0.7821723252011559,3.77254248593737,4.0,-3.102914434849978,-2.9878321647415556,0.0,-0.2903743054053538,-0.09945666186894796,1.551457217424989
12.269999999999783,0.7511279456037885,3.7426039539425906,4.0,-3.1059410582273617,-2.9997954389494144,0.0,-0.2890945896596403,-0.09426267163643091,1.5529705291136808
12.279999999999783,0.7200539127612617,3.7125481561749414,4.0,-3.10884506436999,-3.0112850106827334,0.0,-0.28780606353769217,-0.08905804228163176,1.554422532184995
12.289999999999782,0.6889514534231891,3.6823798387933118,4.0,-3.1116263386326724,-3.022299065604942,0.0,-0.28649709103894244,-0.08384582188023057,1.5558131693163362
12.299999999999782,0.657821795461413,3.6521037657247426,4.0,-3.1142847712154627,-3.0328358644690883,0.0,-0.2851492007164066,-0.07863234102099796,1.5571423856077313
12.309999999999782,0.6266661678215235,3.621724717912139,4.0,-3.116820257167995,-3.0428937433924856,0.0,-0.2837437263186755,-0.07341484022834067,1.5584101285839975
12.319999999999782,0.5954858004743531,3.591247492559316,4.0,-3.119232696393626,-3.0524711141194585,0.0,-0.28228755058290883,-0.06819555086161207,1.559616348196813
12.329999999999782,0.564281924367406,3.5606769023734506,4.0,-3.1215219936533853,-3.061566464272146,0.0,-0.2807716233055741,-0.06297354856137233,1.5607609968266927
12.339999999999781,0.5330557713762989,3.530017774805136,4.0,-3.1236880585697366,-3.070178357589319,0.0,-0.2791995421341009,-0.05775079241054952,1.5618440292848683
12.349999999999781,0.5018085742560761,3.499274951286019,4.0,-3.125730805630146,-3.0783054341531915,0.0,-0.2775691487956303,-0.05252793880565322,1.562865402815073
12.359999999999781,0.47054156659257496,3.4684532864643147,4.0,-3.1276501541904578,-3.0859464106041625,0.0,-0.27588381784585825,-0.04730597136653438,1.5638250770952289
12.36999999999978,0.4392559827537168,3.437557647438191,4.0,-3.129446028478077,-3.093100080343475,0.0,-0.27413429351451196,-0.04208502520645968,1.5647230142390385
12.37999999999978,0.40795305784078595,3.4065929129872075,4.0,-3.1311183575949615,-3.099765313723747,0.0,-0.272326650697079,-0.036865315557087316,1.5655591787974807
12.38999999999978,0.376634027639664,3.375563972801893,4.0,-3.132667075520422,-3.1059410582273617,0.0,-0.27045483505496243,-0.03164797513358237,1.566333537760211
12.39999999999978,0.3453001285720312,3.344475726711597,4.0,-3.134092121113726,-3.111626338632672,0.0,-0.26852142940488916,-0.026424765955382738,1.567046060556863
12.40999999999978,0.3139525976465709,3.3133330839107646,4.0,-3.1353934381165134,-3.116820257167995,0.0,-0.26652954916303584,-0.02121385631000147,1.5676967190582567
12.41999999999978,0.2825926724101242,3.282140962183706,4.0,-3.1365709751550175,-3.121521993653385,0.0,-0.26446925200377536,-0.01601614196414832,1.5682854875775087
12.42999999999978,0.2512215908988469,3.2509042871280363,4.0,-3.1376246857420926,-3.125730805630146,0.0,-0.2623512395863861,-0.010817033416298062,1.5688123428710463
12.43999999999978,0.21984059158932556,3.2196279913768593,4.0,-3.138554528279048,-3.129446028478077,0.0,-0.26017420374088623,-0.0056351773984142355,1.569277264139524
12.449999999999779,0.1884509133496759,3.188317013819835,4.0,-3.1393604660572936,-3.1326670755204216,0.0,-0.25793113337140927,-0.00046944842111280166,1.5696802330286468
12.459999999999779,0.15705379539064213,3.156976298823284,4.0,-3.1400424672597853,-3.1353934381165134,0.0,-0.2556314963416841,0.004693158915600772,1.5700212336298927
12.469999999999779,0.12565047721668554,3.125610795449422,4.0,-3.140600504962283,-3.1376246857420926,0.0,-0.2532769786454042,0.009836822037570837,1.5703002524811416
12.479999999999778,0.09424219857704097,3.0942254566748364,4.0,-3.141034557134415,-3.1393604660572936,0.0,-0.25086053612760084,0.014962354213551647,1.5705172785672075
12.489999999999778,0.06283019941676526,3.0628252386083457,4.0,-3.1413446066405433,-3.140600504962283,0.0,-0.24839380487962923,0.02008212037137452,1.5706723033202716
12.499999999999778,0.03141571982779867,3.0314150997083855,4.0,-3.141530641240445,-3.1413446066405433,0.0,-0.24587577559176166,0.02518358849440712,1.5707653206202226
12.509999999999778,1.3322676295501878e-15,3.0000000000000013,4.0,-3.141592653589793,-3.141592653589793,0.0,-0.24330563395344432,0.030274203557879367,1.5707963267948966
12.519999999999778,-0.031415719827795785,2.9685849002916176,4.0,-3.141530641240445,-3.1413446066405433,0.0,-0.24069183455283044,0.035349903526495176,1.5707653206202226
12.529999999999777,-0.06283019941676216,2.9371747613916575,4.0,-3.1413446066405433,-3.140600504962283,0.0,-0.23803334254245276,0.04039778183998152,1.5706723033202716
12.539999999999777,-0.09424219857703786,2.9057745433251667,4.0,-3.1410345571344154,-3.139360466057294,0.0,-0.23533251699610952,0.045430021256054325,1.5705172785672077
12.549999999999777,-0.12565047721668687,2.874389204550577,4.0,-3.140600504962283,-3.1376246857420926,0.0,-0.23259751605298531,0.05044447597020576,1.5703002524811416
12.559999999999777,-0.15705379539064346,2.8430237011767145,4.0,-3.1400424672597853,-3.1353934381165134,0.0,-0.22982567996179606,0.05542638708867375,1.5700212336298927
12.569999999999776,-0.1884509133496728,2.811682986180168,4.0,-3.1393604660572936,-3.132667075520422,0.0,-0.22702143879916006,0.06038857516367945,1.5696802330286468
12.579999999999776,-0.21984059158932268,2.780372008623144,4.0,-3.138554528279048,-3.129446028478077,0.0,-0.22419098462202564,0.06532803444346272,1.569277264139524
12.589999999999776,-0.251221590898844,2.7490957128719664,4.0,-3.1376246857420926,-3.1257308056301465,0.0,-0.22133344510850927,0.07023051044221397,1.5688123428710463
12.599999999999776,-0.2825926724101213,2.717859037816297,4.0,-3.1365709751550175,-3.1215219936533853,0.0,-0.21845168841481305,0.07510718023377465,1.5682854875775087
12.609999999999776,-0.313952597646568,2.686666916089238,4.0,-3.1353934381165134,-3.116820257167995,0.0,-0.2155521017710367,0.07995590665698138,1.5676967190582567
12.619999999999775,-0.3453001285720281,2.6555242732884055,4.0,-3.134092121113726,-3.1116263386326724,0.0,-0.21263318721804403,0.08476185236412119,1.567046060556863
12.629999999999775,-0.3766340276396609,2.62443602719811,4.0,-3.132667075520422,-3.1059410582273626,0.0,-0.2096982925029572,0.08953392719895349,1.566333537760211
12.639999999999775,-0.4079530578407875,2.593407087012791,4.0,-3.1311183575949615,-3.0997653137237466,0.0,-0.20675177266923309,0.09427230829687994,1.5655591787974807
12.649999999999775,-0.4392559827537137,2.562442352561812,4.0,-3.129446028478077,-3.0931000803434756,0.0,-0.20379354717862086,0.09896924318778524,1.5647230142390385
12.659999999999775,-0.47054156659257185,2.5315467135356884,4.0,-3.1276501541904578,-3.0859464106041634,0.0,-0.20082569695412678,0.10362062279439681,1.5638250770952289
12.669999999999774,-0.5018085742560727,2.500725048713984,4.0,-3.125730805630146,-3.0783054341531924,0.0,-0.19785148434850924,0.10822543038526743,1.562865402815073
12.679999999999774,-0.5330557713762958,2.469982225194867,4.0,-3.1236880585697366,-3.07017835758932,0.0,-0.19487028902423723,0.11278125324128159,1.5618440292848683
12.689999999999774,-0.5642819243674073,2.439323097626548,4.0,-3.121521993653385,-3.061566464272146,0.0,-0.19188409577994808,0.11728850267318415,1.5607609968266924
12.699999999999774,-0.59548580047435,2.408752507440687,4.0,-3.119232696393626,-3.0524711141194594,0.0,-0.188895579909748,0.12174692220791959,1.559616348196813
12.709999999999773,-0.6266661678215206,2.3782752820878637,4.0,-3.1168202571679955,-3.0428937433924865,0.0,-0.18590517908636597,0.12615745858753255,1.5584101285839977
12.719999999999773,-0.6578217954614098,2.34789623427526,4.0,-3.1142847712154627,-3.032835864469089,0.0,-0.18291486614429814,0.13052098459821343,1.5571423856077313
12.729999999999773,-0.6889514534231902,2.317620161206687,4.0,-3.111626338632672,-3.0222990656049418,0.0,-0.17992795152212326,0.1348405290976594,1.555813169316336
12.739999999999773,-0.7200539127612586,2.2874518438250617,4.0,-3.1088450643699903,-3.0112850106827347,0.0,-0.17694105243213748,0.1391141371442103,1.5544225321849952
12.749999999999773,-0.75112794560379,2.257396046057408,4.0,-3.1059410582273617,-2.999795438949414,0.0,-0.17396614969292185,0.14335339081744622,1.5529705291136808
12.759999999999772,-0.7821723252011572,2.2274575140626287,4.0,-3.102914434849978,-2.9878321647415547,0.0,-0.17098138194648493,0.14753763962133545,1.551457217424989
12.769999999999772,-0.8131858259744189,2.1976409754819755,4.0,-3.0997653137237466,-2.9753970771988336,0.0,-0.16804992059160245,0.1517315913508505,1.5498826568618733
12.779999999999772,-0.8441672235636684,2.1679511386925343,4.0,-3.096493819170578,-2.962492139965726,0.0,-0.1649430805656869,0.15569044517352376,1.548246909585289
12.789999999999772,-0.8751152948763861,2.138392692063702,4.0,-3.0931000803434747,-2.949119390881415,0.0,-0.16231817006775281,0.16013252505161996,1.5465500401717374
12.799999999999772,-0.9060288181356908,2.1089703032168696,4.0,-3.089584231221435,-2.9352809416580112,0.0,-0.15914732734216472,0.16394140537670268,1.5447921156107176
12.809999999999771,-0.936906572928625,2.079688618288303,4.0,-3.0859464106041634,-2.9209789775470636,0.0,-0.1561142895518313,0.1678280858394027,1.5429732053020817
12.819999999999771,-0.9677473402543013,2.050552261195497,4.0,-3.0821867621065873,-2.906215756994499,0.0,-0.1536830327070369,0.17237212170190694,1.5410933810532936
12.829999999999771,-0.9985499025720332,2.0215658329069957,4.0,-3.0783054341531924,-2.890993611283983,0.0,-0.15045811635395728,0.17595897344284572,1.5391527170765962
12.83999999999977,-1.0293130438494116,1.9927339107158388,4.0,-3.0743025799721586,-2.87531494416878,0.0,-0.1474437589236881,0.17974153494916337,1.5371512899860793
12.84999999999977,-1.0600355496102762,1.9640610475167868,4.0,-3.0701783575893185,-2.8591822314921886,0.0,-0.14510812109683371,0.1842535553690018,1.5350891787946592
12.85999999999977,-1.0907162069827139,1.9355517710873174,4.0,-3.0659329298219076,-2.8425980207965527,0.0,-0.14193186338915287,0.18771391708970137,1.5329664649109538
12.86999999999977,-1.121353804746905,1.9072105833726685,4.0,-3.061566464272146,-2.8255649309209914,0.0,-0.1390454059893316,0.19152993845210547,1.530783232136073
12.87999999999977,-1.1519471333829587,1.879041959774914,4.0,-3.0570791333206144,-2.808085651587845,0.0,-0.13671320355530506,0.19571228742060895,1.5285395666603072
12.88999999999977,-1.1824949851186275,1.8510503484462768,4.0,-3.052471114119459,-2.7901629429779566,0.0,-0.13351671046689464,0.19897864722300523,1.5262355570597295
12.89999999999977,-1.2129961539770393,1.8232401695866667,4.0,-3.0477425885853857,-2.7717996352947765,0.0,-0.13099560562533832,0.20322325155787097,1.5238712942926929
12.90999999999977,-1.243449435824274,1.7956158147457117,4.0,-3.042893743392486,-2.7529986283174632,0.0,-0.1285238322650411,0.20599108418591142,1.521446871696243
12.919999999999769,-1.273853628416909,1.7681816461292725,4.0,-3.0379247699648664,-2.7337628909429657,0.0,-0.12541194801649425,0.20931018787200245,1.5189623849824332
12.929999999999769,-1.3042075314494896,1.7409419959105936,4.0,-3.0328358644690874,-2.714095460717198,0.0,-0.12307023807500783,0.21387856491767118,1.5164179322345437
12.939999999999769,-1.3345099466018808,1.7139011655462313,4.0,-3.027627227806427,-2.693999443355396,0.0,-0.12070499925265041,0.21793713236474238,1.5138136139032135
12.949999999999768,-1.3647596775866275,1.6870634250967596,4.0,-3.0222990656049413,-2.673478012251656,0.0,-0.11772713469353435,0.2212248694879593,1.5111495328024707
12.959999999999768,-1.3949555301961456,1.660433012552509,4.0,-3.0168515882113502,-2.652534407977841,0.0,-0.11548955215472519,0.22550683844774014,1.5084257941056751
12.969999999999768,-1.4250963123498868,1.6340141331643223,4.0,-3.0112850106827325,-2.631171937771846,0.0,-0.11316434191226687,0.22820012108223411,1.5056425053413662
12.979999999999768,-1.4551808341413632,1.6078109587795266,4.0,-3.0055995527780404,-2.6093939750153705,0.0,-0.11035826491191406,0.23146539095152296,1.5027997763890202
12.989999999999768,-1.4852079078851768,1.5818276271831069,4.0,-2.9997954389494152,-2.5872039587011852,0.0,-0.10826358084081476,0.23593482823503018,1.4998977194747076
12.999999999999767,-1.5151763481638703,1.5560682414443305,4.0,-2.993872898333333,-2.564605392890101,0.0,-0.10606133264003162,0.2386673984172717,1.4969364491666666
13.009999999999767,-1.5450849718747355,1.5305368692688186,4.0,-2.987832164741556,-2.541601846157631,0.0,-0.10344404646546647,0.24191359023252285,1.493916082370778
13.019999999999767,-1.5749325982765292,1.5052375423561986,4.0,-2.9816734766519017,-2.5181969510304625,-0.0,-0.10148549303199365,0.2463443795737448,1.4908367383259509
13.029999999999767,-1.6047180490360509,1.4801742557634838,4.0,-2.975397077198833,-2.494394403412868,-0.0,-0.09940271401814309,0.24899831409061537,1.4876985385994166
13.039999999999766,-1.6344401482747137,1.4553509672741631,4.0,-2.9690032141638527,-2.4701979620030374,-0.0,-0.0970052253928922,0.25221273648404413,1.4845016070819264
13.049999999999766,-1.6640977226149327,1.430771596773249,4.0,-2.9624921399657254,-2.445611447699563,-0.0,-0.09508394346415396,0.2553119761982492,1.4812460699828627
13.059999999999766,-1.6936896012264546,1.4064400256282776,4.0,-2.9558641116505107,-2.42063874299807,-0.0,-0.09303939149354166,0.2576473387183828,1.4779320558252553
13.069999999999766,-1.7232146158725894,1.3823600960763858,4.0,-2.949119390881416,-2.395283791378116,-0.0,-0.09111871645248505,0.2616956334447527,1.474559695440708
13.079999999999766,-1.7526716009562973,1.358535610617607,4.0,-2.9422582439284732,-2.3695505966805,-0.0,-0.08933086959581397,0.26566396539901377,1.4711291219642366
13.089999999999765,-1.782059393566254,1.3349703314143706,4.0,-2.935280941658013,-2.3434432224749657,-0.0,-0.08742851883282571,0.2678239210550087,1.4676404708290065
13.099999999999765,-1.811376833522727,1.31166797969744,4.0,-2.9281877595219816,-2.3169657914185473,-0.0,-0.08571123640324786,0.27146840578344,1.4640938797609908
13.109999999999765,-1.840622763423395,1.2886322351782744,4.0,-2.920978977547063,-2.2901224846045367,-0.0,-0.08393029376763021,0.27360502965798716,1.4604894887735316
13.119999999999765,-1.8697960286890056,1.2658667354679851,4.0,-2.91365488032363,-2.2629175409022726,-0.0,-0.0823114585832162,0.27674374135407787,1.456827440161815
13.129999999999765,-1.898895477609007,1.2433750755028758,4.0,-2.9062157569944986,-2.2353552562877277,-0.0,-0.0806712107100012,0.2790441553809413,1.4531078784972493
13.139999999999764,-1.9279199613869824,1.221160806976787,4.0,-2.898661901243519,-2.207439983165155,-0.0,-0.07911948531338325,0.2814640206676408,1.4493309506217595
13.149999999999764,-1.95686833418601,1.1992274377802343,4.0,-2.8909936112839825,-2.1791761296797842,-0.0,-0.07762584812976188,0.2837781999345141,1.4454968056419912
13.159999999999764,-1.9857394531739072,1.1775784314464681,4.0,-2.8832111898468447,-2.150568159021718,-0.0,-0.07632777652989976,0.2871488373159518,1.4416055949234223
13.169999999999764,-2.0145321785683157,1.1562172066045635,4.0,-2.8753149441687813,-2.121620588721173,-0.0,-0.07495698112952637,0.28914367371973027,1.4376574720843907
13.179999999999763,-2.0432453736817457,1.1351471364395442,4.0,-2.867305185980051,-2.0923379899350634,-0.0,-0.0736607931107467,0.2911495945226928,1.4336525929900255
13.189999999999763,-2.0718779049664198,1.1143715481597412,4.0,-2.8591822314921904,-2.0627249867251916,-0.0,-0.0724601822198026,0.2932861394830256,1.4295911157460952
13.199999999999763,-2.1004286420590366,1.0938937224713767,4.0,-2.8509464013855323,-2.0327862553280402,-0.0,-0.07137161680667158,0.29555536583323444,1.4254732006927662
13.209999999999763,-2.1288964578253666,1.0737168930605248,4.0,-2.842598020796552,-2.0025265234163756,-0.0,-0.07031862678493143,0.29750397592519356,1.421299010398276
13.219999999999763,-2.1572802284047965,1.0538442460824402,4.0,-2.834137419305019,-1.9719505693526396,-0.0,-0.06935744042175748,0.29953205876478983,1.4170687096525094
13.229999999999762,-2.1855788332546644,1.034278919658453,4.0,-2.825564930920991,-1.9410632214344266,-0.0,-0.06847627602334772,0.30143747890147937,1.4127824654604955
13.239999999999762,-2.2137911551945058,1.015024003380413,4.0,-2.816880894071633,-1.9098693571320302,-0.0,-0.06766795723495363,0.30329274324768146,1.4084404470358165
13.249999999999762,-2.2419160804501654,0.9960825378228058,4.0,-2.808085651587847,-1.8783739023182264,-0.0,-0.06692909309938183,0.3050592578438797,1.4040428257939235
13.259999999999762,-2.2699524986977364,0.9774575140626296,4.0,-2.7991795506907517,-1.846581830490454,-0.0,-0.06627816919945648,0.30675933473868683,1.3995897753453759
13.269999999999762,-2.29789930310744,0.9591518732070394,4.0,-2.790162942977959,-1.8144981619853913,-0.0,-0.06569234976113796,0.30836257027226,1.3950814714889794
13.279999999999761,-2.3257553903872905,0.9411685059289319,4.0,-2.7810361844097007,-1.7821279631862215,-0.0,-0.06518609620451055,0.30993206232903897,1.3905180922048503
13.289999999999761,-2.35351966082666,0.9235102520104701,4.0,-2.771799635294779,-1.749476345722582,-0.0,-0.06469003403169071,0.3110534234989144,1.3858998176473896
13.299999999999761,-2.381191018339699,0.9061798998946435,4.0,-2.7624536602763343,-1.7165484656633698,-0.0,-0.06440821489711085,0.3128252658148622,1.3812268301381672
13.30999999999976,-2.408768370508578,0.8891801862449613,4.0,-2.7529986283174623,-1.683349522702578,-0.0,-0.06411575948025351,0.31412936967142363,1.3764993141587312
13.31999999999976,-2.4362506286266616,0.8725137955132705,4.0,-2.743434912686634,-1.6498847593381447,-0.0,-0.06406154344674711,0.3162168864513083,1.371717456343317
13.32999999999976,-2.4636367077414563,0.8561833595158701,4.0,-2.733762890942965,-1.616159460044141,-0.0,-0.06399133586650325,0.3176929781824078,1.3668814454714826
13.33999999999976,-2.4909255266974584,0.8401914570179092,4.0,-2.7239829449213113,-1.582178950436272,-0.0,-0.06384170034633521,0.31833101962785043,1.3619914724606557
13.34999999999976,-2.518116008178807,0.8245406133261843,4.0,-2.7140954607172008,-1.5479485964309383,-0.0,-0.06371017016768465,0.3185516650637173,1.3570477303586004
13.35999999999976,-2.545207078751857,0.8092332998903404,4.0,-2.704100828671576,-1.513473803397839,-0.0,-0.06385789719870924,0.3198385252428367,1.352050414335788
13.36999999999976,-2.5721976689075317,0.7942719339126172,4.0,-2.6939994433553984,-1.4787600153064382,-0.0,-0.06391901629380807,0.3202527816693787,1.3469997216776992
13.37999999999976,-2.599086713103545,0.7796588779661398,4.0,-2.683791703554063,-1.4438127138662904,-0.0,-0.06407981474679363,0.3206633592347755,1.3418958517770314
13.389999999999759,-2.625873149806482,0.7653964396218385,4.0,-2.6734780122516555,-1.4086374176614054,-0.0,-0.06444294050165086,0.32177375439686967,1.3367390061258277
13.399999999999759,-2.652555921533672,0.7514868710840714,4.0,-2.663058776615055,-1.3732396812788388,-0.0,-0.06465872671863603,0.32164501358233827,1.3315293883075274
13.409999999999759,-2.679133974894983,0.7379323688349508,4.0,-2.6525344079778406,-1.3376250944314987,-0.0,-0.06508360661838043,0.3221155945663244,1.3262672039889203
13.419999999999758,-2.7056062606343776,0.7247350732875115,4.0,-2.6419053218240656,-1.301799281075506,-0.0,-0.06567602007487987,0.3231248378349483,1.3209526609120328
13.429999999999758,-2.7319717336713496,0.711897068447704,4.0,-2.6311719377718488,-1.265767898522085,-0.0,-0.06608914917929347,0.3227949690496765,1.3155859688859244
13.439999999999758,-2.758229353142154,0.6994203815853228,4.0,-2.6203346795568194,-1.2295366365442508,-0.0,-0.066720171508206,0.32309914881668805,1.3101673397784097
13.449999999999758,-2.784378082440941,0.6873069829138543,4.0,-2.6093939750153727,-1.1931112164782653,-0.0,-0.06753239388025241,0.3239171779573397,1.3046969875076864
13.459999999999757,-2.8104168892606523,0.6755587852793719,4.0,-2.598350256067791,-1.156497390320214,-0.0,-0.06815014604658087,0.32331496030441476,1.2991751280338955
13.469999999999757,-2.8363447456337805,0.664177643858471,4.0,-2.5872039587011875,-1.1197009398176878,-0.0,-0.06898353262417892,0.323366168209204,1.2936019793505937
13.479999999999757,-2.862160627972958,0.6531653558653137,4.0,-2.5759555229522944,-1.0827276755567694,-0.0,-0.0700311940667623,0.3239478034099434,1.2879777614761472
13.489999999999757,-2.88786351711134,0.6425236602678384,4.0,-2.5646053928901007,-1.0455834360445133,-0.0,-0.07081774231810463,0.323091116029924,1.2823026964450503
13.499999999999757,-2.913452398342881,0.632254237513139,4.0,-2.5531540165983033,-1.008274086786918,-0.0,-0.0718922668975072,0.3228597207752292,1.2765770082991517
13.509999999999756,-2.9389262614623646,0.6223587092621163,4.0,-2.54160184615763,-0.9708055193627353,-0.0,-0.07312683835987394,0.323105104665356,1.270800923078815
13.519999999999756,-2.9642841008053007,0.612838638133391,4.0,-2.5299493376279876,-0.9331836504930998,-0.0,-0.07400379533875129,0.32210981762854296,1.2649746688139938
13.529999999999756,-2.989524915287597,0.6036955274565594,4.0,-2.5181969510304656,-0.895414421107254,-0.0,-0.07603325086805272,0.3213539832861705,1.2590984755152328
13.539999999999756,-3.0146477084451244,0.5949308210347848,4.0,-2.5063451503291607,-0.8575037954043423,-0.0,-0.076883729189125,0.3209264038462879,1.2531725751645804
13.549999999999756,-3.0396514884730266,0.5865459029168156,4.0,-2.494394403412871,-0.8194577599116367,-0.0,-0.07776695325289816,0.32028792454531374,1.2471972017064354
13.559999999999755,-3.0645352682648803,0.5785420971784228,4.0,-2.482345182076622,-0.7812823225391855,-0.0,-0.0797236036510433,0.31930447879645696,1.241172591038311
13.569999999999755,-3.089298065451675,0.5709206677133141,4.0,-2.470197962003037,-0.7429835116310824,-0.0,-0.08055430515276084,0.31864531732914425,1.2350989810015185
13.579999999999755,-3.1139389024405646,0.5636828180335565,4.0,-2.4579532227435714,-0.7045673750135656,-0.0,-0.08237384172572798,0.31755920456935494,1.2289766113717857
13.589999999999755,-3.138456806453503,0.5568296910795163,4.0,-2.4456114476995627,-0.6660399790399301,-0.0,-0.08320599553365501,0.31672866579907594,1.2228057238497814
13.599999999999755,-3.162850809565621,0.5503623690393833,4.0,-2.4331731241031562,-0.6274074076326237,-0.0,-0.08499907404028487,0.31549550654502556,1.2165865620515781
13.609999999999754,-3.1871199487434527,0.5442818731782775,4.0,-2.420638742998066,-0.5886757613225038,-0.0,-0.08647808426814892,0.31428142810705845,1.210319371499033
13.619999999999754,-3.2112632658829243,0.5385891636769857,4.0,-2.4080087992202035,-0.549851156285536,-0.0,-0.08804552062103428,0.312952238058039,1.2040043996101017
13.629999999999754,-3.2352798078472227,0.5332851394803297,4.0,-2.395283791378119,-0.5109397233769141,-0.0,-0.08875903772621262,0.3118640470012267,1.1976418956890595
13.639999999999754,-3.2591686265043935,0.5283706381552151,4.0,-2.3824642218333336,-0.4719476071629697,-0.0,-0.09046690597231327,0.3103217407209813,1.1912321109166668
13.649999999999753,-3.2829287787647803,0.5238464357583723,4.0,-2.3695505966805026,-0.432880964950864,-0.0,-0.09214559998477526,0.30870969932340336,1.1847752983402513
13.659999999999753,-3.306559326618263,0.5197132467138048,4.0,-2.3565434257274314,-0.39374596581626625,-0.0,-0.09365128642214154,0.307083852100358,1.1782717128637157
13.669999999999753,-3.33005933717126,0.5159717236999786,4.0,-2.343443222474965,-0.3545487896292291,-0.0,-0.095158231676319,0.30538407460244815,1.1717216112374824
13.679999999999753,-3.353427882683601,0.5126224575467497,4.0,-2.3302505040966928,-0.3152956260782495,-0.0,-0.09662679495214777,0.30362163384855245,1.1651252520483464
13.689999999999753,-3.3766640406051214,0.5096659771420691,4.0,-2.3169657914185464,-0.2759926736928894,-0.0,-0.09811037335223068,0.301781549071465,1.1584828957092732
13.699999999999752,-3.3997668936120933,0.5071027493484657,4.0,-2.3035896088982364,-0.23664613886494457,-0.0,-0.09958743033490965,0.2998680435538134,1.1517948044491182
13.709999999999752,-3.422735529643446,0.504933178929321,4.0,-2.29012248460454,-0.19726223486837274,-0.0,-0.10107411818854044,0.2978804321333567,1.14506124230227
13.719999999999752,-3.4455690419367437,0.503157608484956,4.0,-2.2765649501964726,-0.15784718087819,-0.0,-0.1025641281380978,0.2958177169447844,1.1382824750982363
13.729999999999752,-3.4682665290640244,0.5017763183985271,4.0,-2.2629175409022757,-0.11840720098832401,-0.0,-0.10406489714289897,0.2936823109821104,1.1314587704511379
13.739999999999752,-3.490827094967362,0.5007895267917499,4.0,-2.249180795498299,-0.07894852322880214,-0.0,-0.10557111655403482,0.2914736986051706,1.1245903977491496
13.749999999999751,-3.513249848994249,0.5001973894904599,4.0,-2.2353552562877272,-0.03947737858225098,-0.0,-0.1070915798724106,0.2891930139155551,1.1176776281438636
13.759999999999751,-3.5355339059327395,0.5,4.0,-2.2214414690791817,3.464551833719842e-15,0.0,-0.10861880785901057,0.2868410775521937,1.1107207345395909
13.76999999999975,-3.5576783860464274,0.5001973894904599,4.0,-2.207439983165154,0.0394773785822579,0.0,-0.11016296922427642,0.2844180734572159,1.103719991582577
13.77999999999975,-3.579682415109155,0.5007895267917499,4.0,-2.193351351300334,0.07894852322879792,0.0,-0.11171632543771658,0.2819247479732004,1.096675675650167
13.78999999999975,-3.6015451244395322,0.5017763183985267,4.0,-2.1791761296797834,0.11840720098831979,0.0,-0.11328778074030146,0.27936160590614906,1.0895880648398917
13.79999999999975,-3.6232656509352354,0.5031576084849565,4.0,-2.1649148779169765,0.1578471808781969,0.0,-0.11486990946111054,0.27672925175174745,1.0824574389584882
13.80999999999975,-3.644843137107059,0.504933178929321,4.0,-2.1505681590217214,0.19726223486837968,0.0,-0.1164705617901204,0.27402812618426686,1.0752840795108607
13.81999999999975,-3.6662767311127995,0.5071027493484652,4.0,-2.136136539377911,0.23664613886494032,0.0,-0.11808156118917151,0.27125948487531043,1.0680682696889554
13.82999999999975,-3.687565586790868,0.5096659771420686,4.0,-2.1216205887211768,0.27599267369288516,0.0,-0.11971100170118992,0.26842289728695023,1.0608102943605884
13.83999999999975,-3.7087088636936993,0.5126224575467502,4.0,-2.1070208801163925,0.3152956260782564,0.0,-0.12135058384617733,0.26551983215503133,1.0535104400581963
13.84999999999975,-3.729705727120913,0.5159717236999795,4.0,-2.092337989935063,0.35454878962923597,0.0,-0.1230068442391856,0.2625501024865425,1.0461689949675315
13.859999999999749,-3.7505553481522984,0.5197132467138057,4.0,-2.0775724978325467,0.3937459658162731,0.0,-0.12467165599093778,0.25951534882578,1.0387862489162734
13.869999999999749,-3.771256903680518,0.5238464357583719,4.0,-2.0627249867251907,0.43288096495085976,0.0,-0.12635108216636973,0.2564149773755662,1.0313624933625953
13.879999999999749,-3.7918095764436073,0.5283706381552147,4.0,-2.0477960427673096,0.47194760716296547,0.0,-0.12803643292693098,0.25325112946748307,1.0238980213836548
13.889999999999748,-3.8122125550572417,0.5332851394803306,4.0,-2.032786255328044,0.5109397233769208,0.0,-0.1297332306428064,0.2500230318569875,1.016393127664022
13.899999999999748,-3.8324650340467503,0.5385891636769871,4.0,-2.01769621696811,0.5498511562855428,0.0,-0.13143275668884927,0.24673322975297426,1.008848108484055
13.909999999999748,-3.852566213878946,0.5442818731782784,4.0,-2.002526523416379,0.5886757613225105,0.0,-0.13313978858629116,0.24338063357412887,1.0012632617081896
13.919999999999748,-3.872515300993668,0.5503623690393824,4.0,-1.9872777735463787,0.6274074076326195,0.0,-0.13484626347517392,0.23996776950032164,0.9936388867731893
13.929999999999747,-3.8923115078351147,0.5568296910795154,4.0,-1.9719505693526433,0.6660399790399258,0.0,-0.1365555236806159,0.23649405362679635,0.9859752846763217
13.939999999999747,-3.9119540528829426,0.5636828180335578,4.0,-1.9565455159269454,0.7045673750135724,0.0,-0.13825900011049547,0.23296298554465142,0.9782727579634727
13.949999999999747,-3.931442160683095,0.5709206677133154,4.0,-1.941063221434426,0.7429835116310892,0.0,-0.13996228530597,0.22937141153528293,0.970531610717213
13.959999999999747,-3.9507750618784514,0.5785420971784219,4.0,-1.9255042970895564,0.7812823225391814,0.0,-0.1416602613769768,0.22572014632307794,0.9627521485447782
13.969999999999747,-3.9699519932391745,0.5865459029168143,4.0,-1.9098693571320295,0.8194577599116327,0.0,-0.14334987926758802,0.22201281721943006,0.9549346785660148
13.979999999999746,-3.9889721976928576,0.5949308210347861,4.0,-1.8941590188024988,0.8575037954043488,0.0,-0.14502253934571496,0.2182554337605646,0.9470795094012494
13.989999999999746,-4.007834924354384,0.6036955274565612,4.0,-1.8783739023182298,0.8954144211072608,0.0,-0.14668212808116907,0.2144437034589037,0.9391869511591149
13.999999999999746,-4.02653942855561,0.6128386381333928,4.0,-1.862514630848589,0.9331836504931065,0.0,-0.14832262498312374,0.21058127288458114,0.9312573154242945
14.009999999999746,-4.045084971874736,0.6223587092621155,4.0,-1.8465818304904573,0.9708055193627313,0.0,-0.1499448547679084,0.20666655305475293,0.9232909152452287
14.019999999999746,-4.063470822165468,0.6322542375131381,4.0,-1.8305761302435133,1.008274086786914,0.0,-0.15154579504764196,0.20270084080483672,0.9152880651217566
14.029999999999745,-4.081696253585921,0.6425236602678397,4.0,-1.8144981619853906,1.0455834360445198,0.0,-0.15312181910696823,0.19868678632619982,0.9072490809926953
14.039999999999745,-4.099760546627262,0.6531653558653154,4.0,-1.7983485604467557,1.0827276755567758,0.0,-0.15466613224123488,0.19463033179975736,0.8991742802233779
14.049999999999745,-4.117662988142136,0.6641776438584697,4.0,-1.7821279631862208,1.119700939817684,0.0,-0.15618229497939706,0.19052705322927285,0.8910639815931104
14.059999999999745,-4.135402871372808,0.6755587852793705,4.0,-1.7658370105651906,1.15649739032021,0.0,-0.15766584125291963,0.18638073500197266,0.8829185052825953
14.069999999999744,-4.152979495979066,0.6873069829138565,4.0,-1.7494763457225762,1.1931112164782718,0.0,-0.15911722473817672,0.18218969576649044,0.8747381728612881
14.079999999999744,-4.170392168065858,0.699420381585325,4.0,-1.7330466145494205,1.2295366365442573,0.0,-0.16053468788615788,0.17795540694093098,0.8665233072747103
14.089999999999744,-4.1876402002107085,0.7118970684477062,4.0,-1.7165484656633736,1.2657678985220913,0.0,-0.1619142922979649,0.17367934546592909,0.8582742328316868
14.099999999999744,-4.204722911490845,0.7247350732875102,4.0,-1.6999825503831043,1.3017992810755021,0.0,-0.16324792593756646,0.16936799168146907,0.8499912751915522
14.109999999999744,-4.221639627510074,0.7379323688349495,4.0,-1.6833495227025819,1.337625094431495,0.0,-0.16454151423022736,0.16501684575194775,0.8416747613512909
14.119999999999743,-4.238389680425418,0.7514868710840741,4.0,-1.6666500392652548,1.373239681278845,0.0,-0.16579185676145722,0.1606269376717152,0.8333250196326274
14.129999999999743,-4.25497240897346,0.7653964396218411,4.0,-1.649884759338144,1.4086374176614118,0.0,-0.16699424118195186,0.15620311330009934,0.824942379669072
14.139999999999743,-4.271387158496475,0.7796588779661384,4.0,-1.6330543447857897,1.4438127138662868,0.0,-0.16814321229580814,0.15174759128340998,0.8165271723928949
14.149999999999743,-4.28763328096826,0.7942719339126159,4.0,-1.6161594600441402,1.4787600153064344,0.0,-0.16924525146332794,0.14725717220560375,0.8080797300220701
14.159999999999743,-4.30371013501972,0.8092332998903431,4.0,-1.5992007720943118,1.513473803397845,0.0,-0.17029454136521796,0.14273275263434776,0.7996003860471559
14.169999999999742,-4.319617085964178,0.824540613326187,4.0,-1.5821789504362758,1.5479485964309445,0.0,-0.17128534938923243,0.13817926257955648,0.7910894752181379
14.179999999999742,-4.335353505822451,0.8401914570179123,4.0,-1.5650946670624013,1.582178950436278,0.0,-0.17222604577904382,0.13359120646189857,0.7825473335312007
14.189999999999742,-4.350918773347628,0.8561833595158688,4.0,-1.5479485964309423,1.6161594600441374,0.0,-0.17311479532528856,0.1289697445612492,0.7739742982154711
14.199999999999742,-4.366312274049599,0.8725137955132687,4.0,-1.5307414154394088,1.6498847593381412,0.0,-0.1739378140708044,0.12431785208442303,0.7653707077197044
14.209999999999742,-4.38153340021932,0.8891801862449644,4.0,-1.513473803397838,1.6833495227025839,0.0,-0.17470972829990977,0.11963610899038135,0.756736901698919
14.219999999999741,-4.396581550952782,0.9061798998946466,4.0,-1.4961464420019963,1.7165484656633758,0.0,-0.17542600626054497,0.11492720847545766,0.7480732210009982
14.229999999999741,-4.4114561321747665,0.9235102520104683,4.0,-1.4787600153064373,1.749476345722578,0.0,-0.1760658484482603,0.11018386949824434,0.7393800076532187
14.23999999999974,-4.426156556662275,0.9411685059289301,4.0,-1.4613152096975166,1.782127963186218,0.0,-0.17667314478053522,0.10543544675222138,0.7306576048487583
14.24999999999974,-4.440682244067725,0.9591518732070425,4.0,-1.4438127138662846,1.8144981619853968,0.0,-0.1771872128579479,0.10063223097506643,0.7219063569331423
14.25999999999974,-4.45503262094184,0.9774575140626331,4.0,-1.4262532187813175,1.8465818304904595,0.0,-0.17771719534910158,0.0958862792797192,0.7131266093906587
14.26999999999974,-4.4692071207563195,0.9960825378228089,4.0,-1.4086374176614096,1.878373902318232,0.0,-0.17801328878734488,0.09096108202391524,0.7043187088307048
14.27999999999974,-4.483205183926179,1.015024003380411,4.0,-1.390966005948226,1.909869357132027,0.0,-0.17881091810313457,0.08650883153814655,0.695483002974113
14.28999999999974,-4.497026257831854,1.0342789196584508,4.0,-1.373239681278843,1.9410632214344232,0.0,-0.17880257193475035,0.0814071559825351,0.6866198406394215
14.29999999999974,-4.510669796841016,1.053844246082444,4.0,-1.3554591434582008,1.9719505693526451,0.0,-0.1787228798380791,0.07628683725551419,0.6777295717291004
14.30999999999974,-4.524135262330098,1.0737168930605279,4.0,-1.3376250944314978,2.002526523416381,0.0,-0.1793169480439455,0.07177713220764867,0.6688125472157489
14.31999999999974,-4.537422122705585,1.0938937224713803,4.0,-1.3197382382564478,2.0327862553280456,0.0,-0.17911939537065777,0.0665900962227134,0.6598691191282239
14.329999999999739,-4.550529853424978,1.114371548159739,4.0,-1.301799281075505,2.062724986725188,0.0,-0.17915777350814657,0.06188049750013873,0.6508996405377525
14.339999999999739,-4.563457937017513,1.135147136439542,4.0,-1.283808931087983,2.09233798993506,0.0,-0.17876348266229022,0.05660916693372584,0.6419044655439915
14.349999999999739,-4.5762058631045885,1.156217206604567,4.0,-1.2657678985220893,2.121620588721178,0.0,-0.1785833704651578,0.051442232278058816,0.6328839492610446
14.359999999999738,-4.5887731284199065,1.1775784314464717,4.0,-1.2476768956069089,2.150568159021723,0.0,-0.17809663690233443,0.04676829124611238,0.6238384478034544
14.369999999999738,-4.601159236829352,1.199227437780232,4.0,-1.2295366365442548,2.1791761296797816,0.0,-0.17762436705476106,0.04155942545051074,0.6147683182721274
14.379999999999738,-4.613363699350573,1.2211608069767843,4.0,-1.2113478374804942,2.207439983165152,0.0,-0.17707876248416254,0.03621702458196404,0.6056739187402471
14.389999999999738,-4.625386034172292,1.2433750755028798,4.0,-1.1931112164782645,2.2353552562877326,0.0,-0.1763024627724235,0.03162583416205472,0.5965556082391322
14.399999999999737,-4.637225766673307,1.2658667354679891,4.0,-1.1748274934881466,2.2629175409022775,0.0,-0.17660865181791674,0.027116801796589977,0.5874137467440733
14.409999999999737,-4.648882429441257,1.2886322351782784,4.0,-1.1564973903202131,2.2901224846045416,0.0,-0.17561027318914685,0.021634284577828043,0.5782486951601066
14.419999999999737,-4.660355562291054,1.3116679796974373,4.0,-1.1381216306155504,2.316965791418544,0.0,-0.17453444262493065,0.017060252484881914,0.5690608153077752
14.429999999999737,-4.671644712283059,1.3349703314143682,4.0,-1.119700939817687,2.343443222474963,0.0,-0.1744733950078847,0.012377825826213273,0.5598504699088435
14.439999999999737,-4.6827494337409625,1.3585356106176112,4.0,-1.1012360451439498,2.3695505966805044,0.0,-0.1728247652723869,0.006898683823938511,0.5506180225719749
14.449999999999736,-4.693669288269371,1.38236009607639,4.0,-1.0827276755567736,2.3952837913781204,0.0,-0.17163842134165477,0.0024050473238123016,0.5413638377783868
14.459999999999736,-4.704403844771127,1.406440025628275,4.0,-1.064176561734893,2.4206387429980674,0.0,-0.17125109238633013,-0.0024082835467812073,0.5320882808674465
14.469999999999736,-4.7149526794643215,1.4307715967732466,4.0,-1.0455834360445175,2.4456114476995605,0.0,-0.1693782661489735,-0.007656227291043359,0.5227917180222588
14.479999999999736,-4.725315375899026,1.4553509672741671,4.0,-1.0269490325104071,2.470197962003042,0.0,-0.1679734940623247,-0.012067567176832147,0.5134745162552036
14.489999999999736,-4.735491524973722,1.4801742557634883,4.0,-1.008274086786917,2.494394403412872,0.0,-0.16740448277961967,-0.016884236931912634,0.5041370433934586
14.499999999999735,-4.745480724951473,1.505237542356203,4.0,-0.9895593361289224,2.518196951030467,0.0,-0.1661415751571318,-0.021506623115058368,0.4947796680644612
14.509999999999735,-4.755282581475767,1.5305368692688157,4.0,-0.9708055193627344,2.5416018461576284,0.0,-0.16438681833710161,-0.025874439837488515,0.4854027596813672
14.519999999999735,-4.764896707586093,1.5560682414443279,4.0,-0.952013376856927,2.5646053928900985,0.0,-0.16262167058972452,-0.03134160866528783,0.4760066884284635
14.529999999999735,-4.774322723733216,1.5818276271831115,4.0,-0.9331836504931043,2.587203958701189,0.0,-0.16099545073069443,-0.03575425529355037,0.4665918252465521
14.539999999999734,-4.783560257794153,1.607810958779531,4.0,-0.9143170836366316,2.609393975015374,0.0,-0.1590908249581122,-0.03996339876438953,0.4571585418183158
14.549999999999734,-4.792608945086879,1.6340141331643268,4.0,-0.8954144211072586,2.63117193777185,0.0,-0.1572103429324599,-0.04526951868481522,0.4477072105536293
14.559999999999734,-4.801468428384715,1.6604330125525062,4.0,-0.8764764091497352,2.652534407977839,0.0,-0.1553927987958388,-0.04952668940338251,0.4382382045748676
14.569999999999734,-4.810138357930428,1.6870634250967569,4.0,-0.8575037954043466,2.6734780122516537,0.0,-0.1534905291684352,-0.05364571049790295,0.4287518977021733
14.579999999999734,-4.818618391450049,1.713901165546236,4.0,-0.8384973288773919,2.6939994433553998,0.0,-0.1520894769215857,-0.05814749478524645,0.41924866443869596
14.589999999999733,-4.82690819416637,1.7409419959105983,4.0,-0.8194577599116358,2.7140954607172016,0.0,-0.15016206097792512,-0.06243916561219556,0.4097288799558179
14.599999999999733,-4.835007438812175,1.7681816461292696,4.0,-0.8003858401566548,2.733762890942964,0.0,-0.1479334314802036,-0.06651011389345668,0.4001929200783274
14.609999999999733,-4.8429158056431545,1.7956158147457086,4.0,-0.7812823225391846,2.752998628317461,0.0,-0.14601697549311385,-0.0709194784154595,0.3906411612695923
14.619999999999733,-4.85063298245053,1.8232401695866716,4.0,-0.7621479612333846,2.77179963529478,0.0,-0.14383000557521547,-0.07512544885260075,0.3810739806166923
14.629999999999733,-4.85815866457337,1.8510503484462815,4.0,-0.7429835116310869,2.7901629429779597,0.0,-0.14133707340892177,-0.07907625231511474,0.37149175581554345
14.639999999999732,-4.865492554910633,1.8790419597749188,4.0,-0.7237897303119416,2.8080856515878483,0.0,-0.13918274303041075,-0.08336601906754315,0.3618948651559708
14.649999999999732,-4.872634363932885,1.9072105833726654,4.0,-0.7045673750135701,2.8255649309209896,0.0,-0.13675078520507095,-0.08742993660615714,0.35228368750678507
14.659999999999732,-4.879583809693736,1.9355517710873142,4.0,-0.6853172046016457,2.842598020796551,0.0,-0.1340415288165447,-0.09122128444250201,0.34265860230082285
14.669999999999732,-4.886340617840968,1.964061047516792,4.0,-0.6660399790399291,2.8591822314921913,0.0,-0.13169696774464965,-0.09536466061684541,0.33301998951996453
14.679999999999731,-4.892904521627361,1.992733910715844,4.0,-0.6467364593602886,2.8753149441687826,0.0,-0.12905699275539975,-0.09926477162529818,0.3233682296801443
14.689999999999731,-4.899275261921234,2.0215658329069925,4.0,-0.6274074076326227,2.8909936112839816,0.0,-0.12615983679680273,-0.10287154072284606,0.31370370381631135
14.699999999999731,-4.90545258721667,2.0505522611954943,4.0,-0.608053586934797,2.9062157569944973,0.0,-0.12361829401877018,-0.10683676030390728,0.3040267934673985
14.70999999999973,-4.911436253643444,2.0796886182883085,4.0,-0.5886757613225082,2.9209789775470663,0.0,-0.12080560563880748,-0.11053734739515571,0.2943378806612541
14.71999999999973,-4.917226024976649,2.1089703032168745,4.0,-0.5692746957991424,2.9352809416580135,0.0,-0.11791611223773552,-0.1140957294490472,0.2846373478995712
14.72999999999973,-4.922821672646027,2.138392692063707,4.0,-0.5498511562855406,2.9491193908814175,0.0,-0.11502266940857181,-0.11768117241601651,0.2749255781427703
14.73999999999973,-4.92822297574499,2.167951138692531,4.0,-0.5304059095897847,2.9624921399657245,0.0,-0.1120260969177459,-0.12115569017445509,0.26520295479489236
14.74999999999973,-4.93342972103934,2.1976409754819723,4.0,-0.5109397233769185,2.9753970771988323,0.0,-0.10896358462526026,-0.12452695496935,0.25546986168845925
14.75999999999973,-4.938441702975689,2.227457514062634,4.0,-0.49145336613863694,2.987832164741557,0.0,-0.10586787945031424,-0.12783203027857387,0.24572668306931847
14.76999999999973,-4.943258723689571,2.2573960460574134,4.0,-0.4719476071629687,2.999795438949416,0.0,-0.10270887578816869,-0.13104090714684433,0.23597380358148434
14.77999999999973,-4.947880593013255,2.2874518438250586,4.0,-0.45242321650387335,3.0112850106827334,0.0,-0.09949350291360907,-0.13416004908899765,0.22621160825193667
14.78999999999973,-4.952307128483255,2.317620161206684,4.0,-0.4328809649508631,3.0222990656049404,0.0,-0.09623712100503468,-0.13718251829275746,0.21644048247543154
14.799999999999729,-4.956538155347533,2.3478962342752614,4.0,-0.41332162399856187,3.032835864469089,0.0,-0.09292640186669913,-0.140108995200685,0.20666081199928094
14.809999999999729,-4.9605735065723895,2.3782752820878645,4.0,-0.3937459658162708,3.042893743392487,0.0,-0.08956154502061957,-0.1429369162197466,0.1968729829081354
14.819999999999729,-4.964413022849069,2.4087525074406884,4.0,-0.3741547632174504,3.0524711141194594,0.0,-0.08615827918941024,-0.1456630670599703,0.1870773816087252
14.829999999999728,-4.968056552600042,2.439323097626545,4.0,-0.3545487896292337,3.0615664642721447,0.0,-0.08270065510841128,-0.14827995400815672,0.17727439481461685
14.839999999999728,-4.971503951984994,2.469982225194859,4.0,-0.33492881906188715,3.0701783575893176,0.0,-0.07919803879032865,-0.15079658754641703,0.16746440953094358
14.849999999999728,-4.9747550849065005,2.5007250487139854,4.0,-0.31529562607824857,3.0783054341531924,0.0,-0.07565512267935143,-0.15319742946716577,0.15764781303912428
14.859999999999728,-4.9778098230154,2.5315467135356893,4.0,-0.29564998576317053,3.085946410604164,0.0,-0.07206327529054565,-0.15548896762689415,0.14782499288158527
14.869999999999727,-4.980668045715862,2.562442352561809,4.0,-0.27599267369288843,3.093100080343475,0.0,-0.06843009846638884,-0.157665168094888,0.13799633684644422
14.879999999999727,-4.983329640170149,2.593407087012788,4.0,-0.2563244659044241,3.099765313723746,0.0,-0.06474562094505808,-0.1597259238824895,0.12816223295221205
14.889999999999727,-4.9857945013030704,2.624436027198111,4.0,-0.23664613886493807,3.105941058227363,0.0,-0.06101480065535819,-0.16166724239537203,0.11832306943246904
14.899999999999727,-4.9880625318061265,2.655524273288407,4.0,-0.21695846944109828,3.1116263386326724,0.0,-0.05724883615845368,-0.16348838127558957,0.10847923472054914
14.909999999999727,-4.990133642141358,2.6866669160892394,4.0,-0.19726223486837738,3.1168202571679955,0.0,-0.053436811055173825,-0.16518248115691617,0.09863111743418869
14.919999999999726,-4.992007750544875,2.717859037816294,4.0,-0.1775582127203909,3.121521993653385,0.0,-0.04957989310842978,-0.16675614578648745,0.08877910636019545
14.929999999999726,-4.993684783030087,2.749095712871959,4.0,-0.1578471808781946,3.1257308056301456,0.0,-0.04569267241732667,-0.16819706067687112,0.0789235904390973
14.939999999999726,-4.995164673390623,2.780372008623145,4.0,-0.13812991749956932,3.1294460284780774,0.0,-0.041762426484500466,-0.16950907731048553,0.06906495874978466
14.949999999999726,-4.996447363202946,2.8116829861801693,4.0,-0.11840720098832304,3.132667075520422,0.0,-0.03779279317302226,-0.17068772295740278,0.05920360049416152
14.959999999999726,-4.997532801828658,2.8430237011767154,4.0,-0.09867980996352733,3.1353934381165134,0.0,-0.03379860231767811,-0.17173129795872247,0.04933990498176367
14.969999999999725,-4.9984209464165,2.8743892045505732,4.0,-0.07894852322880118,3.1376246857420926,0.0,-0.029766086405401092,-0.17263282693162446,0.03947426161440059
14.979999999999725,-4.999111761904045,2.9057745433251587,4.0,-0.05921411974155947,3.1393604660572936,0.0,-0.02570082228082341,-0.17339737676007924,0.029607059870779735
14.989999999999725,-4.99960522101908,2.9371747613916583,4.0,-0.03947737858225559,3.1406005049622836,0.0,-0.021616833202562136,-0.1740129504536191,0.019738689291127796
14.999999999999725,-4.9999013042806855,2.9685849002916185,4.0,-0.019739078923646968,3.1413446066405433,0.0,-0.017502232183531394,-0.1744847366452968,0.009869539461823484
15.009999999999724,-5.0,2.9999999999999982,4.0,-1.1542024162330739e-15,3.141592653589793,0.0,-0.013360911827577622,-0.17480355196805702,5.771012081165369e-16
15.019999999999724,-4.9999013042806855,3.0314150997083775,4.0,0.01973907892364466,3.1413446066405433,0.0,-0.009208615845557263,-0.1749769911415261,-0.00986953946182233
15.029999999999724,-4.99960522101908,3.062825238608347,4.0,0.03947737858225887,3.140600504962283,0.0,-0.0050331347243785475,-0.17498909846507074,-0.019738689291129433
15.039999999999724,-4.999111761904045,3.0942254566748377,4.0,0.05921411974155716,3.1393604660572936,0.0,-0.0008389059249505367,-0.17486065490804273,-0.02960705987077858
15.049999999999724,-4.9984209464165,3.125610795449423,4.0,0.07894852322879888,3.1376246857420926,0.0,0.0033558170346794226,-0.1745034263003705,-0.03947426161439944
15.059999999999723,-4.997532801828658,3.1569762988232806,4.0,0.09867980996352504,3.135393438116514,0.0,0.007576851262440086,-0.1742779746664151,-0.04933990498176252
15.069999999999723,-4.996447363202947,3.188317013819827,4.0,0.11840720098832075,3.1326670755204225,0.0,0.011774069164725095,-0.1732292921278985,-0.059203600494160374
15.079999999999723,-4.995164673390623,3.21962799137686,4.0,0.1381299174995726,3.129446028478077,0.0,0.016019871566737974,-0.1729848396279345,-0.0690649587497863
15.089999999999723,-4.993684783030087,3.2509042871280376,4.0,0.1578471808781923,3.125730805630146,0.0,0.02029000577479574,-0.17271959487118285,-0.07892359043909615
15.099999999999723,-4.992007750544875,3.2821409621837025,4.0,0.1775582127203886,3.1215219936533853,0.0,0.024489287244820496,-0.17132800052785743,-0.0887791063601943
15.109999999999722,-4.990133642141358,3.313333083910757,4.0,0.19726223486837507,3.116820257167996,0.0,0.028699947379801857,-0.1701255314869153,-0.09863111743418754
15.119999999999722,-4.988062531806126,3.3444757267115985,4.0,0.21695846944110153,3.111626338632672,0.0,0.033017969035693796,-0.1698414159767279,-0.10847923472055077
15.129999999999722,-4.98579450130307,3.375563972801894,4.0,0.2366461388649413,3.1059410582273617,0.0,0.03723099133662446,-0.16839790436709404,-0.11832306943247065
15.139999999999722,-4.983329640170149,3.4065929129872083,4.0,0.25632446590442176,3.099765313723747,0.0,0.04144759949775398,-0.16700694204280164,-0.12816223295221088
15.149999999999721,-4.980668045715863,3.4375576474381875,4.0,0.27599267369288616,3.0931000803434756,0.0,0.04576482390671981,-0.16629665666576507,-0.13799633684644308
15.159999999999721,-4.9778098230154,3.468453286464307,4.0,0.29564998576316825,3.0859464106041647,0.0,0.04998308129283195,-0.16473199526186136,-0.14782499288158413
15.169999999999721,-4.9747550849065005,3.49927495128602,4.0,0.31529562607825184,3.078305434153191,0.0,0.05419146816042623,-0.16307890937409217,-0.15764781303912592
15.17999999999972,-4.971503951984994,3.530017774805137,4.0,0.33492881906188493,3.0701783575893185,0.0,0.05839592772190283,-0.1614148459314941,-0.16746440953094247
15.18999999999972,-4.968056552600042,3.5606769023734515,4.0,0.35454878962923136,3.061566464272146,0.0,0.0626101675680248,-0.15975857027002877,-0.17727439481461568
15.19999999999972,-4.964413022849069,3.591247492559308,4.0,0.37415476321744806,3.0524711141194607,0.0,0.0668095382472818,-0.15795918554148605,-0.18707738160872403
15.20999999999972,-4.9605735065723895,3.621724717912132,4.0,0.39374596581626853,3.042893743392488,0.0,0.07100608289055997,-0.15611349257565957,-0.19687298290813426
15.21999999999972,-4.956538155347532,3.6521037657247435,4.0,0.4133216239985652,3.032835864469088,0.0,0.07517606836231115,-0.15413240269480302,-0.2066608119992826
15.22999999999972,-4.952307128483256,3.6823798387933127,4.0,0.43288096495086076,3.0222990656049418,0.0,0.07933379674018053,-0.15205071504848847,-0.21644048247543038
15.23999999999972,-4.947880593013255,3.712548156174938,4.0,0.4524232165038711,3.0112850106827347,0.0,0.08347247901605827,-0.14984051744324026,-0.22621160825193554
15.24999999999972,-4.943258723689571,3.742603953942583,4.0,0.4719476071629664,2.9997954389494175,0.0,0.08758933045237025,-0.14751125001113657,-0.2359738035814832
15.25999999999972,-4.938441702975688,3.772542485937371,4.0,0.4914533661386402,2.987832164741555,0.0,0.09167720882313489,-0.14505009232851993,-0.2457266830693201
15.269999999999719,-4.9334297210393405,3.802359024518024,4.0,0.5109397233769163,2.9753970771988336,0.0,0.09573425539037715,-0.14246306183806076,-0.25546986168845814
15.279999999999719,-4.9282229757449905,3.8320488613074652,4.0,0.5304059095897824,2.962492139965726,0.0,0.09975371452362401,-0.1397403950820564,-0.2652029547948912
15.289999999999718,-4.922821672646027,3.8616073079362896,4.0,0.5498511562855383,2.949119390881419,0.0,0.10373632207542281,-0.13688717669799716,-0.27492557814276913
15.299999999999718,-4.9172260249766495,3.891029696783122,4.0,0.56927469579914,2.9352809416580152,0.0,0.10767640254329967,-0.13389884857892106,-0.28463734789957
15.309999999999718,-4.911436253643443,3.9203113817116964,4.0,0.5886757613225115,2.9209789775470636,0.0,0.11157078490203672,-0.1307739350103779,-0.29433788066125577
15.319999999999718,-4.90545258721667,3.9494477388045026,4.0,0.6080535869347948,2.906215756994499,0.0,0.11541488019358574,-0.12750256990686726,-0.3040267934673974
15.329999999999718,-4.899275261921235,3.978434167093004,4.0,0.6274074076326205,2.8909936112839834,0.0,0.11920620142734718,-0.12410075755882291,-0.31370370381631024
15.339999999999717,-4.8929045216273614,4.007266089284153,4.0,0.6467364593602862,2.8753149441687844,0.0,0.12294126377436645,-0.12056589336547407,-0.3233682296801431
15.349999999999717,-4.8863406178409665,4.035938952483213,4.0,0.6660399790399323,2.8591822314921886,0.0,0.1266144358957315,-0.11689185232520172,-0.33301998951996614
15.359999999999717,-4.879583809693736,4.064448228912682,4.0,0.6853172046016434,2.8425980207965527,0.0,0.1302259756281467,-0.1130949709557529,-0.3426586023008217
15.369999999999717,-4.872634363932886,4.0927894166273315,4.0,0.7045673750135678,2.8255649309209914,0.0,0.13377020343384247,-0.10917623960819324,-0.3522836875067839
15.379999999999717,-4.865492554910634,4.120958040225078,4.0,0.7237897303119394,2.8080856515878505,0.0,0.1372426795140827,-0.1051262108074471,-0.3618948651559697
15.389999999999716,-4.858158664573371,4.148949651553715,4.0,0.7429835116310848,2.790162942977962,0.0,0.14064314003821402,-0.10096556083078458,-0.3714917558155424
15.399999999999716,-4.850632982450529,4.176759830413333,4.0,0.7621479612333878,2.771799635294777,0.0,0.14396720196230037,-0.09669602310697274,-0.3810739806166939
15.409999999999716,-4.842915805643155,4.204384185254288,4.0,0.7812823225391823,2.7529986283174632,0.0,0.14720881591805227,-0.09230947263468851,-0.39064116126959114
15.419999999999716,-4.835007438812175,4.231818353870727,4.0,0.8003858401566526,2.733762890942966,0.0,0.1503708995650229,-0.08782707613387075,-0.4001929200783263
15.429999999999715,-4.8269081941663705,4.259058004089399,4.0,0.8194577599116336,2.714095460717204,0.0,0.1534489634809026,-0.08325005407209839,-0.4097288799558168
15.439999999999715,-4.818618391450048,4.286098834453768,4.0,0.838497328877395,2.693999443355396,0.0,0.1564375988557071,-0.07857087969184473,-0.4192486644386975
15.449999999999715,-4.810138357930429,4.31293657490324,4.0,0.8575037954043445,2.673478012251656,0.0,0.1593414566519502,-0.07381018636563474,-0.42875189770217226
15.459999999999715,-4.801468428384716,4.3395669874474905,4.0,0.8764764091497329,2.6525344079778415,0.0,0.1621574369579169,-0.06896862825772217,-0.43823820457486645
15.469999999999715,-4.79260894508688,4.36598586683567,4.0,0.8954144211072562,2.6311719377718523,0.0,0.16487766584155977,-0.0640385589375536,-0.4477072105536281
15.479999999999714,-4.783560257794154,4.392189041220466,4.0,0.9143170836366292,2.6093939750153767,0.0,0.16751246566225922,-0.059038956899592286,-0.4571585418183146
15.489999999999714,-4.774322723733214,4.418172372816893,4.0,0.9331836504931074,2.5872039587011852,0.0,0.170055620153486,-0.05397062872138027,-0.4665918252465537
15.499999999999714,-4.764896707586094,4.443931758555669,4.0,0.9520133768569249,2.564605392890101,0.0,0.17249667302514998,-0.048828297643721014,-0.47600668842846244
15.509999999999714,-4.755282581475768,4.469463130731182,4.0,0.9708055193627321,2.541601846157631,0.0,0.17486529862827613,-0.04362006640785716,-0.48540275968136604
15.519999999999714,-4.745480724951474,4.494762457643795,4.0,0.9895593361289202,2.5181969510304696,0.0,0.17710611119049885,-0.038369988168150515,-0.4947796680644601
15.529999999999713,-4.735491524973721,4.519825744236516,4.0,1.0082740867869202,2.494394403412868,0.0,0.17934805325623432,-0.03300533165049231,-0.5041370433934601
15.539999999999713,-4.725315375899024,4.544649032725837,4.0,1.0269490325104103,2.4701979620030374,0.0,0.18128970107627188,-0.027699454722487825,-0.5134745162552051
15.549999999999713,-4.714952679464322,4.5692284032267505,4.0,1.0455834360445155,2.4456114476995636,0.0,0.18378280088216456,-0.021983852913621735,-0.5227917180222578
15.559999999999713,-4.704403844771129,4.593559974371722,4.0,1.064176561734891,2.4206387429980705,0.0,0.18537270549384904,-0.016691231543566026,-0.5320882808674455
15.569999999999713,-4.693669288269372,4.617639903923607,4.0,1.0827276755567714,2.3952837913781235,0.0,0.1865906221578468,-0.011375777975730991,-0.5413638377783857
15.579999999999712,-4.682749433740961,4.641464389382392,4.0,1.101236045143953,2.3695505966805,0.0,0.1890432918541457,-0.005551862426024915,-0.5506180225719765
15.589999999999712,-4.67164471228306,4.665029668585629,4.0,1.119700939817685,2.343443222474966,0.0,0.19085603245830224,0.00020538930980756664,-0.5598504699088425
15.599999999999712,-4.6603555622910555,4.68833202030256,4.0,1.138121630615548,2.3169657914185477,0.0,0.19236119717734426,0.006023470018742213,-0.569060815307774
15.609999999999712,-4.648882429441258,4.711367764821719,4.0,1.1564973903202107,2.2901224846045447,0.0,0.19331460707551243,0.011126822302669802,-0.5782486951601054
15.619999999999711,-4.637225766673309,4.734133264532009,4.0,1.1748274934881446,2.2629175409022806,0.0,0.1939877365683124,0.01639773963735718,-0.5874137467440723
15.629999999999711,-4.62538603417229,4.756624924497124,4.0,1.1931112164782673,2.235355256287728,0.0,0.195434807058926,0.02244048456157323,-0.5965556082391337
15.639999999999711,-4.613363699350574,4.778839193023213,4.0,1.2113478374804922,2.2074399831651554,0.0,0.19616461631389623,0.027629529117682478,-0.6056739187402461
15.64999999999971,-4.601159236829353,4.800772562219765,4.0,1.2295366365442528,2.1791761296797847,0.0,0.1975883449889878,0.033690570760369506,-0.6147683182721264
15.65999999999971,-4.588773128419907,4.822421568553525,4.0,1.2476768956069069,2.1505681590217263,0.0,0.19865023283209407,0.03968115376293758,-0.6238384478034534
15.66999999999971,-4.576205863104587,4.8437827933954365,4.0,1.2657678985220921,2.121620588721173,0.0,0.19892928716343494,0.044794619121365765,-0.6328839492610461
15.67999999999971,-4.563457937017514,4.864852863560456,4.0,1.2838089310879806,2.0923379899350634,0.0,0.19968318300159085,0.050730731145383776,-0.6419044655439903
15.68999999999971,-4.550529853424979,4.885628451840258,4.0,1.3017992810755028,2.0627249867251916,0.0,0.20055869351723116,0.05668957329611427,-0.6508996405377514
15.69999999999971,-4.537422122705586,4.906106277528617,4.0,1.3197382382564455,2.032786255328049,0.0,0.20054567283455238,0.06178099611106055,-0.6598691191282228
15.70999999999971,-4.5241352623301,4.9262831069394695,4.0,1.3376250944314958,2.0025265234163845,0.0,0.2009882688946123,0.06771678946482788,-0.6688125472157479
15.71999999999971,-4.510669796841014,4.94615575391756,4.0,1.3554591434582037,1.9719505693526398,0.0,0.20158554549920873,0.0736518903310576,-0.6777295717291019
15.729999999999709,-4.497026257831855,4.965721080341547,4.0,1.3732396812788408,1.941063221434427,0.0,0.2012902474795396,0.07870334685115368,-0.6866198406394204
15.739999999999709,-4.483205183926181,4.984975996619587,4.0,1.390966005948224,1.9098693571320307,0.0,0.201419648572502,0.08456829925314062,-0.695483002974112
15.749999999999709,-4.469207120756321,5.0039174621771885,4.0,1.4086374176614076,1.8783739023182353,0.0,0.20176937162735806,0.09049948876107704,-0.7043187088307038
15.759999999999708,-4.4550326209418385,5.02254248593737,4.0,1.4262532187813206,1.8465818304904542,0.0,0.2012286046513146,0.09551373688050815,-0.7131266093906603
15.769999999999708,-4.440682244067722,5.040848126792961,4.0,1.4438127138662877,1.8144981619853917,0.0,0.20105346011900163,0.10126965233512339,-0.7219063569331439
15.779999999999708,-4.426156556662277,5.058831494071068,4.0,1.4613152096975146,1.7821279631862217,0.0,0.20114009996080537,0.10714929686099724,-0.7306576048487573
15.789999999999708,-4.411456132174768,5.07648974798953,4.0,1.4787600153064353,1.749476345722582,0.0,0.20061939176564064,0.1123461756066013,-0.7393800076532177
15.799999999999708,-4.396581550952784,5.093820100105352,4.0,1.4961464420019943,1.7165484656633796,0.0,0.2001201752220827,0.11792460030572764,-0.7480732210009972
15.809999999999707,-4.381533400219317,5.110819813755039,4.0,1.513473803397841,1.6833495227025783,0.0,0.19987280286472786,0.1236451517477408,-0.7567369016989205
15.819999999999707,-4.3663122740496005,5.127486204486729,4.0,1.530741415439407,1.649884759338145,0.0,0.19938447977484852,0.12912911376221556,-0.7653707077197035
15.829999999999707,-4.3509187733476296,5.143816640484129,4.0,1.5479485964309403,1.6161594600441411,0.0,0.19882162625348693,0.1346569820124065,-0.7739742982154701
15.839999999999707,-4.335353505822452,5.159808542982086,4.0,1.5650946670623993,1.582178950436282,0.0,0.1981560510062006,0.1400834578858384,-0.7825473335311997
15.849999999999707,-4.31961708596418,5.175459386673811,4.0,1.582178950436274,1.5479485964309485,0.0,0.19733453885258592,0.14536279719283354,-0.791089475218137
15.859999999999706,-4.303710135019718,5.190766700109659,4.0,1.5992007720943144,1.5134738033978394,0.0,0.19643716893963273,0.15061277251376629,-0.7996003860471572
15.869999999999706,-4.2876332809682625,5.205728066087383,4.0,1.616159460044138,1.4787600153064386,0.0,0.19544204135239276,0.15576718588354846,-0.808079730022069
15.879999999999706,-4.271387158496477,5.22034112203386,4.0,1.6330543447857875,1.4438127138662908,0.0,0.19432813234490517,0.1608068286288676,-0.8165271723928937
15.889999999999706,-4.254972408973462,5.234603560378157,4.0,1.6498847593381418,1.4086374176614158,0.0,0.1932435148845145,0.165887003866137,-0.8249423796690709
15.899999999999705,-4.238389680425415,5.248513128915928,4.0,1.6666500392652575,1.373239681278839,0.0,0.19175439408060949,0.17056918912833513,-0.8333250196326287
15.909999999999705,-4.221639627510076,5.262067631165049,4.0,1.6833495227025799,1.337625094431499,0.0,0.190872336426208,0.17583200477873248,-0.8416747613512899
15.919999999999705,-4.204722911490847,5.275264926712488,4.0,1.699982550383102,1.3017992810755061,0.0,0.18921928046692724,0.180339273068095,-0.849991275191551
15.929999999999705,-4.18764020021071,5.288102931552292,4.0,1.7165484656633716,1.2657678985220955,0.0,0.18756487126067575,0.18479460228226668,-0.8582742328316858
15.939999999999705,-4.1703921680658596,5.300579618414673,4.0,1.7330466145494186,1.2295366365442613,0.0,0.18663882596136122,0.18999877820589264,-0.8665233072747093
15.949999999999704,-4.1529794959790625,5.312693017086145,4.0,1.749476345722579,1.1931112164782656,0.0,0.1846731070696116,0.19408205272038892,-0.8747381728612895
15.959999999999704,-4.1354028713728095,5.324441214720628,4.0,1.7658370105651888,1.1564973903202143,0.0,0.1829499238133481,0.19835420247678437,-0.8829185052825944
15.969999999999704,-4.117662988142139,5.335822356141529,4.0,1.7821279631862186,1.1197009398176885,0.0,0.1818875284477433,0.20337478454701058,-0.8910639815931093
15.979999999999704,-4.099760546627264,5.346834644134684,4.0,1.7983485604467542,1.08272767555678,0.0,0.1796595712782075,0.20696032009690885,-0.8991742802233771
15.989999999999704,-4.0816962535859185,5.357476339732162,4.0,1.8144981619853935,1.0455834360445135,0.0,0.178213409389859,0.21144223528124145,-0.9072490809926967
15.999999999999703,-4.06347082216547,5.3677457624868605,4.0,1.830576130243511,1.0082740867869184,0.0,0.1768633597933358,0.21602631914618817,-0.9152880651217555
16.009999999999703,-4.045084971874738,5.377641290737883,4.0,1.8465818304904558,0.9708055193627356,0.0,0.17450854616587438,0.21919183537859685,-0.9232909152452279
16.019999999999705,-4.026539428555612,5.387161361866607,4.0,1.8625146308485867,0.9331836504931108,0.0,0.17313642599517487,0.22360284799837862,-0.9312573154242934
16.029999999999706,-4.007834924354387,5.396304472543438,4.0,1.878373902318228,0.8954144211072651,0.0,0.17166493827605706,0.22785491587034531,-0.939186951159114
16.039999999999708,-3.9889721976928545,5.405069178965215,4.0,1.8941590188025015,0.8575037954043426,0.0,0.16928165828565894,0.23066762525875228,-0.9470795094012507
16.04999999999971,-3.969951993239177,5.413454097083184,4.0,1.9098693571320278,0.819457759911637,0.0,0.16789455401125863,0.2348507804096451,-0.9549346785660139
16.05999999999971,-3.9507750618784536,5.421457902821578,4.0,1.9255042970895546,0.781282322539186,0.0,0.16639605001167934,0.23884768853021138,-0.9627521485447773
16.069999999999713,-3.9314421606830976,5.429079332286683,4.0,1.941063221434424,0.7429835116310938,0.0,0.1640256284158895,0.2413349245583482,-0.970531610717212
16.079999999999714,-3.9119540528829395,5.4363171819664435,4.0,1.9565455159269478,0.704567375013566,0.0,0.16261636135542362,0.2452498618023556,-0.9782727579634739
16.089999999999716,-3.8923115078351174,5.443170308920484,4.0,1.9719505693526411,0.6660399790399304,0.0,0.16109787554555385,0.24896971761103548,-0.9859752846763206
16.099999999999717,-3.8725153009936704,5.449637630960616,4.0,1.987277773546377,0.627407407632624,0.0,0.15878756446272632,0.25119953779914656,-0.9936388867731885
16.10999999999972,-3.8525662138789487,5.455718126821721,4.0,2.0025265234163774,0.5886757613225151,0.0,0.1573392350179472,0.25480408705578506,-1.0012632617081887
16.11999999999972,-3.8324650340467525,5.4614108363230125,4.0,2.0176962169681083,0.5498511562855474,0.0,0.15563110788708767,0.2578957032181877,-1.0088481084840542
16.129999999999722,-3.812212555057238,5.46671486051967,4.0,2.032786255328046,0.5109397233769144,0.0,0.15377023859014544,0.2606289419495449,-1.016393127664023
16.139999999999723,-3.79180957644361,5.471629361844785,4.0,2.047796042767308,0.47194760716297,0.0,0.15205134801954737,0.26350913448435176,-1.023898021383654
16.149999999999725,-3.771256903680521,5.476153564241628,4.0,2.062724986725189,0.4328809649508644,0.0,0.15031509283446726,0.26625956885310587,-1.0313624933625944
16.159999999999727,-3.7505553481523006,5.480286753286194,4.0,2.077572497832545,0.3937459658162777,0.0,0.1485455269770555,0.2688754180113286,-1.0387862489162725
16.169999999999728,-3.729705727120909,5.484028276300021,4.0,2.0923379899350647,0.3545487896292295,0.0,0.14679538066894968,0.2714268228738011,-1.0461689949675324
16.17999999999973,-3.708708863693696,5.487377542453251,4.0,2.1070208801163948,0.3152956260782499,0.0,0.1450484340264492,0.27388965832202466,-1.0535104400581974
16.18999999999973,-3.6875655867908708,5.490334022857931,4.0,2.121620588721175,0.27599267369288977,0.0,0.14328992410705496,0.27626784245010705,-1.0608102943605875
16.199999999999733,-3.6662767311128026,5.492897250651534,4.0,2.136136539377909,0.23664613886494495,0.0,0.1415362424618185,0.278563783072518,-1.0680682696889545
16.209999999999734,-3.6448431371070615,5.495066821070679,4.0,2.1505681590217196,0.19726223486838426,0.0,0.13978140123454968,0.280769002740808,-1.0752840795108598
16.219999999999736,-3.6232656509352323,5.4968423915150435,4.0,2.164914877916979,0.15784718087819039,0.0,0.13801603846588753,0.28289766793070076,-1.0824574389584896
16.229999999999738,-3.601545124439535,5.498223681601473,4.0,2.179176129679782,0.11840720098832438,0.0,0.13625278018990766,0.2849433172695261,-1.089588064839891
16.23999999999974,-3.5796824151091577,5.49921047320825,4.0,2.193351351300332,0.07894852322880253,0.0,0.13448658245756265,0.2868963033699435,-1.096675675650166
16.24999999999974,-3.55767838604643,5.499802610509541,4.0,2.2074399831651523,0.039477378582262516,0.0,0.13270979888837398,0.2887713507365563,-1.1037199915825762
16.259999999999742,-3.535533905932742,5.5,4.0,2.22144146907918,8.081361498652138e-15,0.0,0.1309353691284651,0.2905614160676307,-1.11072073453959
16.269999999999744,-3.5132498489942456,5.499802610509541,4.0,2.2353552562877295,-0.03947737858225752,0.0,0.12915959492429482,0.2922564324054856,-1.1176776281438647
16.279999999999745,-3.490827094967364,5.49921047320825,4.0,2.249180795498298,-0.07894852322879753,0.0,0.1273758588993091,0.2938697654602157,-1.124590397749149
16.289999999999747,-3.4682665290640275,5.498223681601473,4.0,2.2629175409022744,-0.11840720098831939,0.0,0.12559775482926194,0.2953945358436786,-1.1314587704511372
16.29999999999975,-3.4455690419367464,5.4968423915150435,4.0,2.2765649501964713,-0.1578471808781854,0.0,0.12382295956408967,0.2968206508023926,-1.1382824750982357
16.30999999999975,-3.4227355296434485,5.4950668210706795,4.0,2.2901224846045385,-0.19726223486836814,0.0,0.12204598283098407,0.29816025724849843,-1.1450612423022692
16.31999999999975,-3.399766893612103,5.492897250651536,4.0,2.3035896088982306,-0.23664613886492883,0.0,0.12028082685741925,0.29940685059778605,-1.1517948044491153
16.329999999999753,-3.376664040605124,5.490334022857931,4.0,2.316965791418545,-0.27599267369288477,0.0,0.11852650935856993,0.30055074693950173,-1.1584828957092725
16.339999999999755,-3.353427882683597,5.48737754245325,4.0,2.330250504096695,-0.31529562607825606,0.0,0.11677839055632803,0.3016033982431767,-1.1651252520483475
16.349999999999756,-3.330059337171256,5.4840282763000205,4.0,2.3434432224749675,-0.3545487896292356,0.0,0.11504993718836974,0.30255945752517427,-1.1717216112374838
16.359999999999758,-3.306559326618259,5.480286753286194,4.0,2.3565434257274336,-0.39374596581627275,0.0,0.1133410086660888,0.3034104680321692,-1.1782717128637168
16.36999999999976,-3.2829287787647834,5.476153564241628,4.0,2.3695505966805013,-0.4328809649508594,0.0,0.11164780352522188,0.304167512961285,-1.1847752983402506
16.37999999999976,-3.259168626504396,5.471629361844785,4.0,2.3824642218333323,-0.471947607162965,0.0,0.10998250019835923,0.304827025855522,-1.1912321109166661
16.389999999999763,-3.235279807847226,5.466714860519671,4.0,2.3952837913781178,-0.5109397233769095,0.0,0.10834527162151258,0.30538255334409253,-1.1976418956890589
16.399999999999764,-3.211263265882928,5.461410836323015,4.0,2.4080087992202017,-0.5498511562855315,0.0,0.10673306988189533,0.3058449959211131,-1.2040043996101009
16.409999999999766,-3.1871199487434554,5.455718126821724,4.0,2.4206387429980643,-0.5886757613224992,0.0,0.1051562188544364,0.3062128132036066,-1.2103193714990321
16.419999999999767,-3.162850809565624,5.449637630960618,4.0,2.433173124103155,-0.6274074076326192,0.0,0.10361478072891463,0.3064819652942564,-1.2165865620515774
16.42999999999977,-3.1384568064534992,5.443170308920482,4.0,2.4456114476995645,-0.6660399790399364,0.0,0.10210658631276492,0.3066628755071187,-1.2228057238497823
16.43999999999977,-3.1139389024405606,5.436317181966443,4.0,2.4579532227435736,-0.704567375013572,0.0,0.10064014962453308,0.30675505651781754,-1.2289766113717868
16.449999999999772,-3.089298065451671,5.429079332286685,4.0,2.4701979620030388,-0.7429835116310889,0.0,0.09921514006716955,0.30675700152333296,-1.2350989810015194
16.459999999999773,-3.0645352682648834,5.421457902821578,4.0,2.4823451820766205,-0.7812823225391811,0.0,0.09783034113425906,0.30667816024844,-1.2411725910383102
16.469999999999775,-3.0396514884730297,5.413454097083186,4.0,2.4943944034128696,-0.8194577599116322,0.0,0.09649207201706786,0.30651778456461826,-1.2471972017064348
16.479999999999777,-3.0146477084451275,5.405069178965216,4.0,2.5063451503291594,-0.8575037954043377,0.0,0.09519897899246368,0.3062774522494284,-1.2531725751645797
16.489999999999778,-2.9895249152876002,5.3963044725434415,4.0,2.5181969510304643,-0.8954144211072496,0.0,0.0939570150875002,0.30596162190296666,-1.2590984755152321
16.49999999999978,-2.9642841008053034,5.38716136186661,4.0,2.5299493376279862,-0.9331836504930954,0.0,0.09276644427221756,0.30556972901733426,-1.2649746688139931
16.50999999999978,-2.9389262614623672,5.377641290737884,4.0,2.5416018461576293,-0.9708055193627309,0.0,0.0916242884590845,0.3051084944235346,-1.2708009230788146
16.519999999999783,-2.9134523983428764,5.367745762486859,4.0,2.553154016598305,-1.0082740867869244,0.0,0.09053856019119938,0.30457782705120606,-1.2765770082991525
16.529999999999784,-2.8878635171113354,5.357476339732161,4.0,2.5646053928901025,-1.0455834360445193,0.0,0.08950968392254989,0.3039767267592986,-1.2823026964450512
16.539999999999786,-2.8621606279729535,5.346834644134685,4.0,2.5759555229522966,-1.0827276755567754,0.0,0.08853473538793413,0.30331275648543005,-1.2879777614761483
16.549999999999788,-2.836344745633783,5.335822356141531,4.0,2.5872039587011866,-1.1197009398176838,0.0,0.08761696787474613,0.30258618840046525,-1.2936019793505933
16.55999999999979,-2.8104168892606554,5.324441214720629,4.0,2.5983502560677896,-1.1564973903202096,0.0,0.0867742746202581,0.30179151131498055,-1.2991751280338948
16.56999999999979,-2.784378082440944,5.312693017086147,4.0,2.609393975015372,-1.193111216478261,0.0,0.08588053275570554,0.30096690811912646,-1.304696987507686
16.579999999999792,-2.758229353142157,5.3005796184146785,4.0,2.620334679556818,-1.2295366365442466,0.0,0.08551591633634677,0.299964510593169,-1.310167339778409
16.589999999999794,-2.7319717336713527,5.288102931552297,4.0,2.6311719377718474,-1.2657678985220808,0.0,0.08442314736991818,0.2991006195105069,-1.3155859688859237
16.599999999999795,-2.7056062606343807,5.27526492671249,4.0,2.6419053218240647,-1.3017992810755017,0.0,0.08334081373524306,0.2981826685811151,-1.3209526609120323
16.609999999999797,-2.6791339748949787,5.2620676311650465,4.0,2.6525344079778423,-1.3376250944315047,0.0,0.08307495696403105,0.29703093741839587,-1.3262672039889212
16.6199999999998,-2.6525559215336676,5.248513128915926,4.0,2.6630587766150566,-1.3732396812788448,0.0,0.08260178539985051,0.295888790587787,-1.3315293883075283
16.6299999999998,-2.6258731498064773,5.234603560378159,4.0,2.6734780122516573,-1.4086374176614114,0.0,0.08129349336427188,0.2948846112129012,-1.3367390061258286
16.6399999999998,-2.5990867131035484,5.220341122033862,4.0,2.6837917035540615,-1.4438127138662864,0.0,0.0809154395008415,0.29363134412623076,-1.3418958517770307
16.649999999999803,-2.5721976689075343,5.205728066087385,4.0,2.6939994433553975,-1.478760015306434,0.0,0.0804402851008044,0.2923597618187674,-1.3469997216776988
16.659999999999805,-2.5452070787518606,5.190766700109661,4.0,2.7041008286715753,-1.5134738033978348,0.0,0.07924287033947244,0.29118727329433647,-1.3520504143357877
16.669999999999806,-2.51811600817881,5.175459386673817,4.0,2.714095460717199,-1.5479485964309343,0.0,0.07883609456761655,0.28981314337785663,-1.3570477303585995
16.679999999999808,-2.4909255266974615,5.159808542982093,4.0,2.7239829449213104,-1.5821789504362678,0.0,0.07846499775844701,0.2883865704429227,-1.3619914724606552
16.68999999999981,-2.4636367077414594,5.143816640484132,4.0,2.733762890942964,-1.6161594600441371,0.0,0.07800506116843076,0.2869310796825412,-1.366881445471482
16.69999999999981,-2.4362506286266568,5.127486204486727,4.0,2.7434349126866358,-1.6498847593381503,0.0,0.07750374271635266,0.2854460438695461,-1.3717174563433179
16.709999999999813,-2.4087683705085734,5.110819813755036,4.0,2.752998628317464,-1.6833495227025836,0.0,0.0770724593158998,0.28390075775241985,-1.376499314158732
16.719999999999814,-2.3811910183396945,5.093820100105353,4.0,2.7624536602763357,-1.7165484656633754,0.0,0.07663901569277957,0.2823080316341409,-1.3812268301381678
16.729999999999816,-2.3535196608266635,5.076489747989532,4.0,2.7717996352947774,-1.749476345722578,0.0,0.07626779857516523,0.28067109676730895,-1.3858998176473887
16.739999999999817,-2.325755390387294,5.05883149407107,4.0,2.7810361844096994,-1.7821279631862175,0.0,0.07594089091758816,0.278971651565594,-1.3905180922048497
16.74999999999982,-2.2978993031074433,5.040848126792962,4.0,2.7901629429779575,-1.8144981619853875,0.0,0.07566721367130722,0.2772174277034801,-1.3950814714889788
16.75999999999982,-2.26995249869774,5.022542485937373,4.0,2.799179550690751,-1.84658183049045,0.0,0.07546383103522239,0.2754692119817629,-1.3995897753453754
16.769999999999822,-2.241916080450169,5.0039174621771965,4.0,2.808085651587846,-1.8783739023182224,0.0,0.07528796809481485,0.2735011271664427,-1.404042825793923
16.779999999999824,-2.213791155194509,4.984975996619589,4.0,2.816880894071632,-1.9098693571320269,0.0,0.07528456518664667,0.2718820877203134,-1.408440447035816
16.789999999999825,-2.1855788332546595,4.9657210803415435,4.0,2.8255649309209927,-1.9410632214344314,0.0,0.07517240402617036,0.2695760993065679,-1.4127824654604964
16.799999999999827,-2.1572802284047916,4.946155753917557,4.0,2.83413741930502,-1.9719505693526447,0.0,0.07523355909240692,0.26755066923853804,-1.41706870965251
16.809999999999828,-2.1288964578253617,4.926283106939472,4.0,2.8425980207965535,-2.0025265234163805,0.0,0.07530726504522074,0.2646663528242714,-1.4212990103982768
16.81999999999983,-2.1004286420590317,4.90610627752862,4.0,2.8509464013855337,-2.0327862553280456,0.0,0.07543223344840294,0.2624188498605786,-1.4254732006927668
16.82999999999983,-2.071877904966423,4.885628451840261,4.0,2.859182231492189,-2.062724986725188,0.0,0.07578899198109162,0.26065115625676727,-1.4295911157460945
16.839999999999833,-2.0432453736817493,4.864852863560458,4.0,2.8673051859800496,-2.09233798993506,0.0,0.07624663365724772,0.258657079719587,-1.4336525929900248
16.849999999999834,-2.0145321785683192,4.843782793395439,4.0,2.875314944168781,-2.12162058872117,0.0,0.07661308851387726,0.2563967907622409,-1.4376574720843904
16.859999999999836,-1.9857394531739105,4.822421568553534,4.0,2.8832111898468433,-2.1505681590217147,0.0,0.07727035013828021,0.2546602919425094,-1.4416055949234217
16.869999999999838,-1.9568683341860131,4.800772562219768,4.0,2.890993611283982,-2.179176129679781,0.0,0.07778291124272387,0.2513170168492262,-1.445496805641991
16.87999999999984,-1.9279199613869777,4.7788391930232095,4.0,2.89866190124352,-2.2074399831651594,0.0,0.07838642446696781,0.24900179587929622,-1.44933095062176
16.88999999999984,-1.8988954776090021,4.756624924497121,4.0,2.9062157569945,-2.2353552562877326,0.0,0.07928225710359645,0.2468339894033672,-1.45310787849725
16.899999999999842,-1.8697960286890005,4.734133264532011,4.0,2.913654880323632,-2.2629175409022775,0.0,0.08016240345846175,0.24468494030598945,-1.456827440161816
16.909999999999844,-1.84062276342339,4.711367764821722,4.0,2.9209789775470645,-2.290122484604541,0.0,0.08098571245842902,0.2422544168846722,-1.4604894887735322
16.919999999999845,-1.8113768335227307,4.688332020302563,4.0,2.928187759521981,-2.316965791418544,0.0,0.08204051130116982,0.23909181492215856,-1.4640938797609906
16.929999999999847,-1.7820593935662574,4.665029668585632,4.0,2.9352809416580117,-2.3434432224749626,0.0,0.08306580088012115,0.23595641440303736,-1.4676404708290058
16.93999999999985,-1.752671600956301,4.641464389382396,4.0,2.9422582439284723,-2.369550596680497,0.0,0.08412781504664892,0.23361570035382112,-1.4711291219642362
16.94999999999985,-1.7232146158725927,4.617639903923617,4.0,2.9491193908814157,-2.395283791378113,0.0,0.08545938918582392,0.23066291670409275,-1.4745596954407079
16.95999999999985,-1.693689601226458,4.5935599743717255,4.0,2.9558641116505098,-2.4206387429980674,0.0,0.08681414475526586,0.22861865126053998,-1.4779320558252549
16.969999999999853,-1.6640977226149278,4.569228403226747,4.0,2.9624921399657262,-2.4456114476995676,0.0,0.08807586224460329,0.22618662417049143,-1.4812460699828631
16.979999999999855,-1.6344401482747086,4.544649032725832,4.0,2.969003214163854,-2.4701979620030414,0.0,0.0895963334181919,0.22292528504773432,-1.484501607081927
16.989999999999856,-1.6047180490360458,4.5198257442365115,4.0,2.975397077198834,-2.4943944034128718,0.0,0.09104830910626367,0.21944217870673477,-1.487698538599417
16.999999999999858,-1.574932598276524,4.494762457643797,4.0,2.9816734766519026,-2.5181969510304665,0.0,0.09265651481177171,0.21740504217330855,-1.4908367383259513
17.00999999999986,-1.5450849718747393,4.469463130731184,4.0,2.9878321647415556,-2.541601846157628,0.0,0.09428294499554572,0.2138936403970951,-1.4939160823707778
17.01999999999986,-1.5151763481638736,4.443931758555673,4.0,2.9938728983333323,-2.5646053928900985,-0.0,0.09597456648269477,0.21068459382596652,-1.4969364491666661
17.029999999999863,-1.48520790788518,4.418172372816896,4.0,2.999795438949415,-2.587203958701182,-0.0,0.0977649127877684,0.2081482358918651,-1.4998977194747074
17.039999999999864,-1.455180834141367,4.392189041220476,4.0,3.0055995527780395,-2.609393975015368,-0.0,0.09956451334675882,0.20470837678062512,-1.5027997763890197
17.049999999999866,-1.4250963123498817,4.365985866835674,4.0,3.0112850106827334,-2.63117193777185,-0.0,0.10142612433348923,0.20128934288658246,-1.5056425053413667
17.059999999999867,-1.3949555301961492,4.339566987447494,4.0,3.01685158821135,-2.652534407977839,-0.0,0.10335805707603321,0.1979471236304512,-1.508425794105675
17.06999999999987,-1.3647596775866224,4.312936574903236,4.0,3.022299065604942,-2.6734780122516595,-0.0,0.10537383962069517,0.19472606505677684,-1.511149532802471
17.07999999999987,-1.334509946601876,4.286098834453764,4.0,3.0276272278064282,-2.6939994433553993,-0.0,0.10743410929045816,0.1913271132040825,-1.5138136139032141
17.089999999999872,-1.3042075314494848,4.259058004089402,4.0,3.0328358644690883,-2.714095460717201,-0.0,0.10955165740108747,0.1880163529443746,-1.5164179322345441
17.099999999999874,-1.2738536284169126,4.231818353870731,4.0,3.037924769964866,-2.7337628909429634,-0.0,0.11172011721494117,0.18454912783672311,-1.518962384982433
17.109999999999875,-1.2434494358242778,4.204384185254291,4.0,3.042893743392486,-2.7529986283174606,-0.0,0.11394542314966667,0.1811306673869693,-1.521446871696243
17.119999999999877,-1.2129961539770429,4.176759830413337,4.0,3.0477425885853853,-2.7717996352947742,-0.0,0.11622037893824655,0.1776087795213334,-1.5238712942926926
17.129999999999878,-1.182494985118631,4.1489496515537265,4.0,3.0524711141194585,-2.7901629429779544,-0.0,0.1185574589057027,0.17405479224768175,-1.5262355570597292
17.13999999999988,-1.1519471333829538,4.120958040225082,4.0,3.0570791333206153,-2.8080856515878483,-0.0,0.12094239256516393,0.17045889723795815,-1.5285395666603077
17.14999999999988,-1.1213538047469087,4.092789416627335,4.0,3.061566464272145,-2.8255649309209896,-0.0,0.12337612566757448,0.16680436249147576,-1.5307832321360726
17.159999999999883,-1.0907162069827088,4.064448228912678,4.0,3.0659329298219085,-2.8425980207965553,-0.0,0.12586353938120476,0.16308419686403453,-1.5329664649109542
17.169999999999884,-1.0600355496102711,4.0359389524832086,4.0,3.0701783575893193,-2.859182231492191,-0.0,0.12839816873572577,0.15930965343420148,-1.5350891787946597
17.179999999999886,-1.0293130438494065,4.0072660892841565,4.0,3.074302579972159,-2.8753149441687826,-0.0,0.13098174436084198,0.15547828570647382,-1.5371512899860795
17.189999999999888,-0.9985499025720368,3.9784341670930075,4.0,3.0783054341531915,-2.890993611283981,-0.0,0.13361243106956444,0.15159120808727522,-1.5391527170765957
17.19999999999989,-0.9677473402543049,3.949447738804506,4.0,3.082186762106587,-2.9062157569944973,-0.0,0.13628917971667098,0.1476452786488701,-1.5410933810532934
17.20999999999989,-0.9369065729286286,3.9203113817117003,4.0,3.085946410604163,-2.920978977547062,-0.0,0.13901025224404714,0.14364181359235795,-1.5429732053020815
17.219999999999892,-0.9060288181356944,3.891029696783134,4.0,3.0895842312214348,-2.93528094165801,-0.0,0.1417736491191134,0.13958026696474793,-1.5447921156107174
17.229999999999894,-0.8751152948763807,3.8616073079362936,4.0,3.093100080343475,-2.949119390881417,-0.0,0.14457726326862483,0.13545899200797462,-1.5465500401717376
17.239999999999895,-0.8441672235636721,3.8320488613074692,4.0,3.0964938191705778,-2.962492139965724,-0.0,0.14742037788491405,0.1312795457126654,-1.5482469095852889
17.249999999999897,-0.8131858259744138,3.8023590245180197,4.0,3.0997653137237475,-2.9753970771988354,-0.0,0.15029913553838867,0.12703953198167214,-1.5498826568618738
17.2599999999999,-0.7821723252011519,3.7725424859373664,4.0,3.1029144348499784,-2.987832164741557,-0.0,0.15321333551624597,0.12274046949530365,-1.5514572174249892
17.2699999999999,-0.7511279456037849,3.742603953942587,4.0,3.105941058227362,-2.9997954389494157,-0.0,0.15615946079102638,0.1183807835106118,-1.552970529113681
17.2799999999999,-0.7200539127612624,3.712548156174942,4.0,3.10884506436999,-3.0112850106827334,-0.0,0.1591365001639122,0.11396160237206607,-1.554422532184995
17.289999999999903,-0.688951453423194,3.6823798387933167,4.0,3.111626338632672,-3.0222990656049404,-0.0,0.1621420098508077,0.10948202777899188,-1.555813169316336
17.299999999999905,-0.6578217954614178,3.6521037657247475,4.0,3.114284771215462,-3.0328358644690865,-0.0,0.1651747317135072,0.10494248568453542,-1.557142385607731
17.309999999999906,-0.6266661678215286,3.6217247179121443,4.0,3.116820257167995,-3.0428937433924843,-0.0,0.1682325998000858,0.1003429789374462,-1.5584101285839975
17.319999999999908,-0.5954858004743491,3.5912474925593125,4.0,3.119232696393626,-3.0524711141194594,-0.0,0.171314640769239,0.0956834570071867,-1.559616348196813
17.32999999999991,-0.5642819243674109,3.5606769023734555,4.0,3.121521993653385,-3.0615664642721447,-0.0,0.17441938725840211,0.09096400451529855,-1.5607609968266924
17.33999999999991,-0.5330557713762951,3.530017774805132,4.0,3.123688058569737,-3.07017835758932,-0.0,0.17754582408128997,0.08618498726153148,-1.5618440292848685
17.349999999999913,-0.5018085742560721,3.499274951286015,4.0,3.125730805630146,-3.0783054341531924,-0.0,0.18069310311828904,0.08134625772026133,-1.562865402815073
17.359999999999914,-0.47054156659257096,3.468453286464311,4.0,3.1276501541904578,-3.085946410604164,-0.0,0.1838605084069663,0.07644808372385967,-1.5638250770952289
17.369999999999916,-0.43925598275371724,3.4375576474381915,4.0,3.129446028478077,-3.093100080343475,-0.0,0.18704725348775667,0.07149082867919729,-1.5647230142390385
17.379999999999917,-0.40795305784079106,3.4065929129872123,4.0,3.1311183575949615,-3.099765313723746,-0.0,0.1902529369532448,0.06647442700857112,-1.5655591787974807
17.38999999999992,-0.3766340276396689,3.375563972801898,4.0,3.1326670755204216,-3.105941058227361,-0.0,0.1934769607404646,0.06139916816450262,-1.5663335377602108
17.39999999999992,-0.3453001285720363,3.344475726711602,4.0,3.1340921211137256,-3.111626338632671,-0.0,0.19671872542692298,0.056265485599229295,-1.5670460605568628
17.409999999999922,-0.31395259764656736,3.313333083910761,4.0,3.1353934381165134,-3.116820257167995,-0.0,0.19997771094528013,0.05107333241309168,-1.5676967190582567
17.419999999999924,-0.28259267241012487,3.2821409621837065,4.0,3.1365709751550175,-3.121521993653385,-0.0,0.20325319000964975,0.04582305808714502,-1.5682854875775087
17.429999999999925,-0.2512215908988431,3.2509042871280327,4.0,3.1376246857420926,-3.125730805630147,-0.0,0.2065442454043409,0.04051515450974021,-1.5688123428710463
17.439999999999927,-0.2198405915893218,3.2196279913768553,4.0,3.138554528279048,-3.129446028478077,-0.0,0.20984990364150644,0.035149636828411254,-1.569277264139524
17.44999999999993,-0.1884509133496719,3.188317013819831,4.0,3.1393604660572936,-3.132667075520422,-0.0,0.21316889062898106,0.02972693939506389,-1.5696802330286468
17.45999999999993,-0.1570537953906428,3.1569762988232846,4.0,3.1400424672597853,-3.1353934381165134,-0.0,0.21649963441328365,0.02424765697538402,-1.5700212336298927
17.46999999999993,-0.12565047721669065,3.125610795449427,4.0,3.140600504962283,-3.1376246857420926,-0.0,0.2198409243597358,0.018711956976156532,-1.5703002524811416
17.479999999999933,-0.09424219857704608,3.0942254566748417,4.0,3.141034557134415,-3.1393604660572936,-0.0,0.2231589188567088,0.01311965251443534,-1.5705172785672075
17.489999999999934,-0.06283019941677015,3.062825238608351,4.0,3.1413446066405433,-3.140600504962283,-0.0,0.22666291441822115,0.007473429840716354,-1.5706723033202716
17.499999999999936,-0.0314157198277949,3.0314150997083815,4.0,3.141530641240445,-3.1413446066405433,-0.0,0.22961185365574246,0.0017792044886471862,-1.5707653206202226
17.509999999999938,-2.220446049250313e-15,3.000000000000002,4.0,3.141592653589793,-3.141592653589793,-0.0,0.23354412086465795,-0.003995882155778935,-1.5707963267948966
17.51999999999994,0.03141571982779956,2.9685849002916136,4.0,3.141530641240445,-3.1413446066405433,-0.0,0.23657997952113538,-0.009792941421032982,-1.5707653206202226
17.52999999999994,0.06283019941676571,2.9371747613916535,4.0,3.1413446066405433,-3.140600504962283,-0.0,0.2395159994541012,-0.015608825276130086,-1.5706723033202716
17.539999999999942,0.09424219857704186,2.9057745433251627,4.0,3.141034557134415,-3.1393604660572936,-0.0,0.24377023373230605,-0.021618234711206795,-1.5705172785672075
17.549999999999944,0.12565047721668643,2.8743892045505772,4.0,3.140600504962283,-3.1376246857420926,-0.0,0.24659624964415353,-0.027523119936142076,-1.5703002524811416
17.559999999999945,0.15705379539063857,2.8430237011767194,4.0,3.1400424672597853,-3.135393438116514,-0.0,0.249496852035624,-0.03345824521552443,-1.5700212336298927
17.569999999999947,0.1884509133496679,2.8116829861801733,4.0,3.139360466057294,-3.1326670755204225,-0.0,0.2538147506964666,-0.03969497705215399,-1.569680233028647
17.57999999999995,0.21984059158931757,2.780372008623149,4.0,3.1385545282790486,-3.129446028478078,-0.0,0.2565586297055481,-0.045701722133901244,-1.5692772641395243
17.58999999999995,0.25122159089884777,2.749095712871963,4.0,3.1376246857420926,-3.125730805630146,-0.0,0.2593183991138364,-0.05172894112931051,-1.5688123428710463
17.59999999999995,0.28259267241012065,2.717859037816298,4.0,3.1365709751550175,-3.1215219936533853,-0.0,0.26367639856842495,-0.05818729935989378,-1.5682854875775087
17.609999999999953,0.3139525976465629,2.6866669160892434,4.0,3.1353934381165134,-3.116820257167996,-0.0,0.26632238333143615,-0.06427697801881281,-1.5676967190582567
17.619999999999955,0.3453001285720321,2.655524273288402,4.0,3.1340921211137256,-3.111626338632672,-0.0,0.26892539116504766,-0.07037412937094215,-1.5670460605568628
17.629999999999956,0.37663402763966447,2.624436027198106,4.0,3.132667075520422,-3.1059410582273617,-0.0,0.273246137059695,-0.07704034593495712,-1.566333537760211
17.639999999999958,0.40795305784078684,2.5934070870127917,4.0,3.1311183575949615,-3.099765313723747,-0.0,0.2757326224500372,-0.0831911114692201,-1.5655591787974807
17.64999999999996,0.43925598275371325,2.5624423525618125,4.0,3.129446028478077,-3.0931000803434756,-0.0,0.2781670315055047,-0.08934350429727203,-1.5647230142390385
17.65999999999996,0.4705415665925665,2.5315467135356933,4.0,3.127650154190458,-3.0859464106041647,-0.0,0.28235837853576673,-0.09617801940962944,-1.563825077095229
17.669999999999963,0.5018085742560676,2.500725048713989,4.0,3.1257308056301465,-3.0783054341531937,-0.0,0.28469437633074723,-0.10237605586348025,-1.5628654028150732
17.679999999999964,0.5330557713762998,2.469982225194863,4.0,3.1236880585697366,-3.070178357589319,-0.0,0.28738288642332727,-0.10874792600378017,-1.5618440292848683
17.689999999999966,0.5642819243674069,2.4393230976265485,4.0,3.121521993653385,-3.061566464272146,-0.0,0.29043384149675966,-0.1153147553831924,-1.5607609968266924
17.699999999999967,0.5954858004743451,2.408752507440692,4.0,3.1192326963936265,-3.0524711141194607,-0.0,0.29304508720230094,-0.121745226990071,-1.5596163481968133
17.70999999999997,0.6266661678215244,2.37827528208786,4.0,3.116820257167995,-3.0428937433924856,-0.0,0.29561115719165615,-0.12820881660965577,-1.5584101285839975
17.71999999999997,0.6578217954614134,2.3478962342752565,4.0,3.1142847712154627,-3.032835864469088,-0.0,0.29815894740621257,-0.13471951217095282,-1.5571423856077313
17.729999999999972,0.6889514534231895,2.317620161206688,4.0,3.111626338632672,-3.0222990656049418,-0.0,0.30056537106922254,-0.14121695306207932,-1.555813169316336
17.739999999999974,0.7200539127612582,2.287451843825062,4.0,3.1088450643699903,-3.0112850106827347,-0.0,0.3028663043016585,-0.14771536344447894,-1.5544225321849952
17.749999999999975,0.7511279456037805,2.2573960460574174,4.0,3.1059410582273626,-2.9997954389494175,-0.0,0.30508076173555915,-0.1542225475509927,-1.5529705291136813
17.759999999999977,0.7821723252011479,2.227457514062638,4.0,3.1029144348499784,-2.9878321647415587,-0.0,0.3071896826341847,-0.1607263622209925,-1.5514572174249892
17.76999999999998,0.8131858259744185,2.197640975481976,4.0,3.0997653137237466,-2.9753970771988336,-0.0,0.309191886984348,-0.16722296203390222,-1.5498826568618733
17.77999999999998,0.8441672235636677,2.167951138692535,4.0,3.096493819170578,-2.962492139965726,-0.0,0.31109146957790246,-0.17371089376019652,-1.548246909585289
17.78999999999998,0.8751152948763767,2.138392692063711,4.0,3.0931000803434756,-2.9491193908814193,-0.0,0.3128876565580911,-0.18018556180938447,-1.5465500401717378
17.799999999999983,0.9060288181356899,2.10897030321687,4.0,3.0895842312214357,-2.9352809416580117,-0.0,0.31458032206259373,-0.18664219894336503,-1.5447921156107178
17.809999999999985,0.9369065729286246,2.079688618288304,4.0,3.0859464106041634,-2.920978977547064,-0.0,0.31617045123713744,-0.19307641130213538,-1.5429732053020817
17.819999999999986,0.9677473402543009,2.050552261195498,4.0,3.0821867621065873,-2.906215756994499,-0.0,0.3176584608658387,-0.19948324196473355,-1.5410933810532936
17.829999999999988,0.9985499025720328,2.0215658329069965,4.0,3.0783054341531924,-2.8909936112839834,-0.0,0.319044668533244,-0.2058573551100664,-1.5391527170765962
17.83999999999999,1.0293130438494025,1.9927339107158475,4.0,3.07430257997216,-2.875314944168785,-0.0,0.3203289349927758,-0.21219300416091147,-1.53715128998608
17.84999999999999,1.0600355496102667,1.9640610475167954,4.0,3.0701783575893193,-2.8591822314921935,-0.0,0.32151145446695845,-0.218483709948574,-1.5350891787946597
17.859999999999992,1.0907162069827132,1.935551771087318,4.0,3.0659329298219076,-2.842598020796553,-0.0,0.3225916557972521,-0.22472262303823431,-1.5329664649109538
17.869999999999994,1.1213538047469047,1.9072105833726691,4.0,3.061566464272146,-2.825564930920992,-0.0,0.32356911879065187,-0.23090355182137545,-1.530783232136073
17.879999999999995,1.1519471333829499,1.8790419597749224,4.0,3.057079133320616,-2.8080856515878505,-0.0,0.32444289177332775,-0.23701954011851417,-1.528539566660308
17.889999999999997,1.1824949851186268,1.8510503484462772,4.0,3.052471114119459,-2.790162942977957,-0.0,0.32521339034937463,-0.2430645938876039,-1.5262355570597295
17.9,1.2129961539770386,1.8232401695866671,4.0,3.047742588585386,-2.771799635294777,-0.0,0.32588102225724513,-0.24903429400236898,-1.523871294292693
17.91,1.2434494358242736,1.7956158147457122,4.0,3.0428937433924865,-2.7529986283174637,-0.0,0.32645154727904074,-0.25492415327186124,-1.5214468716962433
17.92,1.2738536284169086,1.7681816461292732,4.0,3.037924769964867,-2.733762890942966,-0.0,0.3269085021078582,-0.2607261255511897,-1.5189623849824334
17.930000000000003,1.3042075314494808,1.7409419959106016,4.0,3.0328358644690887,-2.714095460717204,-0.0,0.3272587096987236,-0.26644770751330393,-1.5164179322345444
17.940000000000005,1.3345099466018717,1.7139011655462393,4.0,3.0276272278064287,-2.6939994433554024,-0.0,0.32750169569656523,-0.27208151452192336,-1.5138136139032143
17.950000000000006,1.364759677586627,1.6870634250967602,4.0,3.0222990656049413,-2.6734780122516564,-0.0,0.32764664695098034,-0.2776270514901229,-1.5111495328024707
17.960000000000008,1.3949555301961452,1.6604330125525095,4.0,3.0168515882113507,-2.652534407977842,-0.0,0.32767781710222216,-0.28308391650375,-1.5084257941056753
17.97000000000001,1.4250963123498774,1.6340141331643299,4.0,3.0112850106827342,-2.6311719377718528,-0.0,0.3276045648233993,-0.288463743651877,-1.5056425053413671
17.98000000000001,1.4551808341413626,1.607810958779527,4.0,3.005599552778041,-2.6093939750153705,-0.0,0.3274237621895641,-0.29375700284233247,-1.5027997763890204
17.990000000000013,1.4852079078851763,1.5818276271831073,4.0,2.9997954389494152,-2.5872039587011852,-0.0,0.3271400788030794,-0.2989681322446705,-1.4998977194747076
18.000000000000014,1.5151763481638696,1.5560682414443312,4.0,2.993872898333333,-2.5646053928901016,-0.0,0.32675705901229457,-0.3041046614794223,-1.4969364491666666
18.010000000000016,1.545084971874735,1.5305368692688188,4.0,2.9878321647415564,-2.541601846157631,-0.0,0.32628123767929396,-0.30916306824511386,-1.4939160823707782
18.020000000000017,1.5749325982765199,1.5052375423562063,4.0,2.9816734766519035,-2.5181969510304696,-0.0,0.3256937177627629,-0.31414065126415,-1.4908367383259518
18.03000000000002,1.6047180490360415,1.4801742557634912,4.0,2.975397077198835,-2.4943944034128753,-0.0,0.3249942014536638,-0.31905069923292456,-1.4876985385994175
18.04000000000002,1.634440148274713,1.4553509672741634,4.0,2.969003214163853,-2.470197962003038,-0.0,0.3242314839258868,-0.32388517287454155,-1.4845016070819266
18.050000000000022,1.6640977226149323,1.4307715967732497,4.0,2.9624921399657254,-2.4456114476995636,-0.0,0.32323287533749456,-0.3286082909821334,-1.4812460699828627
18.060000000000024,1.693689601226454,1.406440025628278,4.0,2.9558641116505107,-2.420638742998071,-0.0,0.32239137072734453,-0.33335242112592134,-1.4779320558252553
18.070000000000025,1.723214615872589,1.3823600960763864,4.0,2.9491193908814166,-2.3952837913781164,-0.0,0.3204719512928443,-0.3374611541594001,-1.4745596954407083
18.080000000000027,1.7526716009562966,1.3585356106176076,4.0,2.9422582439284732,-2.3695505966805004,-0.0,0.31908411463361397,-0.3424324811651196,-1.4711291219642366
18.09000000000003,1.7820593935662536,1.334970331414371,4.0,2.935280941658013,-2.343443222474966,-0.0,0.31836345313076503,-0.34672406213063717,-1.4676404708290065
18.10000000000003,1.8113768335227265,1.3116679796974404,4.0,2.928187759521982,-2.3169657914185477,-0.0,0.3177850213880801,-0.35112032651320685,-1.464093879760991
18.11000000000003,1.840622763423386,1.2886322351782813,4.0,2.9209789775470654,-2.290122484604545,-0.0,0.31629611250196016,-0.3561830128419488,-1.4604894887735327
18.120000000000033,1.869796028688997,1.2658667354679918,4.0,2.9136548803236324,-2.2629175409022806,-0.0,0.31527408284553704,-0.3599818006587105,-1.4568274401618162
18.130000000000035,1.8988954776090061,1.2433750755028763,4.0,2.9062157569944986,-2.2353552562877286,-0.0,0.31355128334824894,-0.36410218494990315,-1.4531078784972493
18.140000000000036,1.9279199613869817,1.2211608069767872,4.0,2.898661901243519,-2.207439983165156,-0.0,0.31195216372237955,-0.3689488979579123,-1.4493309506217595
18.150000000000038,1.9568683341860096,1.1992274377802348,4.0,2.890993611283983,-2.1791761296797847,-0.0,0.3108873577196317,-0.37250592123095666,-1.4454968056419915
18.16000000000004,1.985739453173907,1.1775784314464683,4.0,2.8832111898468447,-2.1505681590217187,-0.0,0.3090001804844896,-0.3764171401385704,-1.4416055949234223
18.17000000000004,2.014532178568315,1.1562172066045637,4.0,2.8753149441687818,-2.1216205887211737,-0.0,0.3073062608061363,-0.38092965313691385,-1.4376574720843909
18.180000000000042,2.0432453736817457,1.1351471364395445,4.0,2.867305185980051,-2.092337989935064,-0.0,0.3060130474756993,-0.3842029991391678,-1.4336525929900255
18.190000000000044,2.071877904966419,1.1143715481597418,4.0,2.859182231492191,-2.062724986725192,-0.0,0.3037322441032033,-0.3878476762194124,-1.4295911157460954
18.200000000000045,2.100428642059028,1.0938937224713827,4.0,2.850946401385535,-2.032786255328049,-0.0,0.302097783350448,-0.3907117190960475,-1.4254732006927675
18.210000000000047,2.128896457825358,1.0737168930605308,4.0,2.842598020796555,-2.002526523416385,-0.0,0.30057955095390726,-0.3939655879802119,-1.4212990103982774
18.22000000000005,2.1572802284047956,1.0538442460824409,4.0,2.834137419305019,-1.9719505693526402,-0.0,0.29805962834052263,-0.39772438789794873,-1.4170687096525094
18.23000000000005,2.185578833254664,1.0342789196584532,4.0,2.825564930920991,-1.9410632214344274,-0.0,0.29602468735425785,-0.40207638546709357,-1.4127824654604955
18.24000000000005,2.213791155194505,1.0150240033804134,4.0,2.816880894071633,-1.909869357132031,-0.0,0.29404707598419916,-0.40502696062228116,-1.4084404470358165
18.250000000000053,2.2419160804501654,0.9960825378228062,4.0,2.8080856515878474,-1.8783739023182267,-0.0,0.2913081472529327,-0.4083010567690217,-1.4040428257939237
18.260000000000055,2.2699524986977355,0.97745751406263,4.0,2.799179550690752,-1.8465818304904547,-0.0,0.288790547902509,-0.409948338115181,-1.399589775345376
18.270000000000056,2.2978993031074397,0.9591518732070399,4.0,2.790162942977959,-1.814498161985392,-0.0,0.28580445678232996,-0.41315548172714905,-1.3950814714889794
18.280000000000058,2.3257553903872896,0.9411685059289323,4.0,2.7810361844097007,-1.7821279631862221,-0.0,0.2831737440471865,-0.4165786081011766,-1.3905180922048503
18.29000000000006,2.3535196608266595,0.9235102520104705,4.0,2.771799635294779,-1.7494763457225821,-0.0,0.2805624688128416,-0.41854443867914287,-1.3858998176473896
18.30000000000006,2.38119101833969,0.9061798998946489,4.0,2.762453660276337,-1.71654846566338,-0.0,0.2778396291595909,-0.42180438980730794,-1.3812268301381685
18.310000000000063,2.408768370508577,0.8891801862449613,4.0,2.752998628317463,-1.6833495227025788,-0.0,0.27503176087791886,-0.4248051865795613,-1.3764993141587314
18.320000000000064,2.436250628626661,0.8725137955132709,4.0,2.743434912686634,-1.6498847593381454,-0.0,0.27236236654088,-0.42653484918562257,-1.371717456343317
18.330000000000066,2.463636707741456,0.8561833595158705,4.0,2.7337628909429657,-1.6161594600441416,-0.0,0.2694464677211913,-0.4293719141161216,-1.3668814454714828
18.340000000000067,2.490925526697451,0.8401914570179141,4.0,2.723982944921314,-1.5821789504362824,-0.0,0.2666225554753625,-0.43134962270938554,-1.361991472460657
18.35000000000007,2.518116008178806,0.8245406133261848,4.0,2.7140954607172008,-1.547948596430939,-0.0,0.26373129494572495,-0.43325811387990076,-1.3570477303586004
18.36000000000007,2.545207078751856,0.8092332998903409,4.0,2.7041008286715766,-1.5134738033978394,-0.0,0.26068227975882935,-0.4357697350207749,-1.3520504143357883
18.370000000000072,2.572197668907531,0.7942719339126176,4.0,2.693999443355399,-1.4787600153064389,-0.0,0.2575866946476444,-0.4380535410903161,-1.3469997216776994
18.380000000000074,2.599086713103544,0.7796588779661402,4.0,2.683791703554063,-1.443812713866291,-0.0,0.2546300546875745,-0.43924524572163515,-1.3418958517770314
18.390000000000075,2.6258731498064742,0.7653964396218429,4.0,2.6734780122516586,-1.408637417661416,-0.0,0.25162107387040394,-0.44048602774735035,-1.3367390061258293
18.400000000000077,2.652555921533671,0.7514868710840719,4.0,2.663058776615055,-1.3732396812788394,-0.0,0.24832646192719254,-0.4428407904480735,-1.3315293883075274
18.41000000000008,2.6791339748949827,0.7379323688349513,4.0,2.652534407977841,-1.3376250944314994,-0.0,0.2452425569085264,-0.4439239309381276,-1.3262672039889205
18.42000000000008,2.7056062606343776,0.7247350732875115,4.0,2.641905321824066,-1.3017992810755066,-0.0,0.24210782279954157,-0.4450089661944573,-1.320952660912033
18.43000000000008,2.731971733671342,0.711897068447708,4.0,2.631171937771852,-1.265767898522096,-0.0,0.2387271178862675,-0.4469543216485992,-1.315585968885926
18.440000000000083,2.758229353142153,0.6994203815853233,4.0,2.62033467955682,-1.2295366365442515,-0.0,0.23553602583730215,-0.44781707927474246,-1.31016733977841
18.450000000000085,2.7843780824409405,0.6873069829138547,4.0,2.609393975015373,-1.193111216478266,-0.0,0.23232168519698107,-0.44858130336265106,-1.3046969875076866
18.460000000000086,2.810416889260652,0.6755587852793719,4.0,2.598350256067791,-1.1564973903202147,-0.0,0.22905311481945065,-0.44942641637352,-1.2991751280338955
18.470000000000088,2.83634474563378,0.664177643858471,4.0,2.587203958701188,-1.1197009398176887,-0.0,0.22574656348309688,-0.4503023135131298,-1.293601979350594
18.48000000000009,2.8621606279729495,0.6531653558653163,4.0,2.575955522952298,-1.0827276755567805,-0.0,0.22243463822305756,-0.4510269246436143,-1.287977761476149
18.49000000000009,2.88786351711134,0.6425236602678384,4.0,2.5646053928901007,-1.045583436044514,-0.0,0.21907896273447683,-0.45172375649157526,-1.2823026964450503
18.500000000000092,2.91345239834288,0.6322542375131395,4.0,2.5531540165983033,-1.0082740867869187,-0.0,0.21573356706762628,-0.45227676408006484,-1.2765770082991517
18.510000000000094,2.938926261462364,0.6223587092621168,4.0,2.5416018461576306,-0.970805519362736,-0.0,0.2123633536585712,-0.45276268400101927,-1.2708009230788153
18.520000000000095,2.9642841008052923,0.6128386381333937,4.0,2.529949337627991,-0.9331836504931111,-0.0,0.2089986357521552,-0.45313903382519855,-1.2649746688139956
18.530000000000097,2.9895249152875962,0.6036955274565594,4.0,2.518196951030466,-0.8954144211072549,-0.0,0.20563235810230254,-0.4534234691868942,-1.259098475515233
18.5400000000001,3.014647708445124,0.5949308210347852,4.0,2.5063451503291607,-0.857503795404343,-0.0,0.20226299162504355,-0.4536160735571091,-1.2531725751645804
18.5500000000001,3.0396514884730257,0.5865459029168156,4.0,2.4943944034128713,-0.8194577599116374,-0.0,0.19889334398338926,-0.453701776314539,-1.2471972017064357
18.5600000000001,3.06453526826488,0.5785420971784228,4.0,2.4823451820766222,-0.7812823225391863,-0.0,0.19554122053931575,-0.45370369124890364,-1.2411725910383111
18.570000000000103,3.0892980654516675,0.5709206677133163,4.0,2.4701979620030405,-0.7429835116310941,-0.0,0.19220181285359242,-0.45359861073072694,-1.2350989810015203
18.580000000000105,3.113938902440564,0.5636828180335565,4.0,2.457953222743572,-0.7045673750135664,-0.0,0.18888863984107085,-0.4534067667896233,-1.228976611371786
18.590000000000106,3.138456806453503,0.5568296910795163,4.0,2.445611447699563,-0.6660399790399308,-0.0,0.18560366431322545,-0.4531186671070077,-1.2228057238497816
18.600000000000108,3.1628508095656205,0.5503623690393833,4.0,2.4331731241031562,-0.6274074076326244,-0.0,0.18234750298902133,-0.45273988668714094,-1.2165865620515781
18.61000000000011,3.1871199487434456,0.5442818731782788,4.0,2.42063874299807,-0.5886757613225154,-0.0,0.17912189658825953,-0.452264657727764,-1.210319371499035
18.62000000000011,3.2112632658829243,0.5385891636769862,4.0,2.4080087992202035,-0.5498511562855368,-0.0,0.17593273807545465,-0.4516992053399608,-1.2040043996101017
18.630000000000113,3.2352798078472222,0.5332851394803297,4.0,2.395283791378119,-0.5109397233769148,-0.0,0.17277813654143778,-0.4510376331675519,-1.1976418956890595
18.640000000000114,3.259168626504393,0.5283706381552151,4.0,2.382464221833334,-0.47194760716297035,-0.0,0.16966161171056512,-0.4502894858956365,-1.191232110916667
18.650000000000116,3.28292877876478,0.5238464357583723,4.0,2.369550596680503,-0.43288096495086476,-0.0,0.16658152857638572,-0.44944930599898697,-1.1847752983402515
18.660000000000117,3.306559326618256,0.5197132467138061,4.0,2.3565434257274354,-0.393745965816278,-0.0,0.16353855600470404,-0.4485239405074835,-1.1782717128637177
18.67000000000012,3.3300593371712592,0.5159717236999786,4.0,2.3434432224749653,-0.35454878962922987,-0.0,0.16053015382360966,-0.4475113634290597,-1.1717216112374826
18.68000000000012,3.3534278826836,0.5126224575467497,4.0,2.3302505040966928,-0.3152956260782503,-0.0,0.1575562811907904,-0.4464158908426332,-1.1651252520483464
18.690000000000122,3.376664040605121,0.5096659771420691,4.0,2.316965791418547,-0.27599267369289016,-0.0,0.15461441049692265,-0.4452378662132175,-1.1584828957092734
18.700000000000124,3.3997668936120924,0.5071027493484657,4.0,2.303589608898237,-0.23664613886494534,-0.0,0.1517027327021179,-0.4439806719251489,-1.1517948044491184
18.710000000000125,3.422735529643445,0.504933178929321,4.0,2.2901224846045403,-0.19726223486837355,-0.0,0.1488194226630197,-0.4426441491069317,-1.1450612423022701
18.720000000000127,3.445569041936743,0.5031576084849565,4.0,2.276564950196473,-0.15784718087819077,-0.0,0.14596343081102928,-0.4412318255405056,-1.1382824750982365
18.73000000000013,3.4682665290640244,0.5017763183985271,4.0,2.262917540902276,-0.11840720098832477,-0.0,0.14313129953424383,-0.4397459348011378,-1.131458770451138
18.74000000000013,3.4908270949673614,0.5007895267917499,4.0,2.2491807954982996,-0.07894852322880291,-0.0,0.14032318947576292,-0.43817589390670214,-1.1245903977491498
18.75000000000013,3.513249848994242,0.5001973894904599,4.0,2.2353552562877312,-0.039477378582262905,-0.0,0.1375422058397372,-0.43656763153286815,-1.1176776281438656
18.760000000000133,3.5355339059327395,0.5,4.0,2.221441469079182,2.695083556231126e-15,0.0,0.13476810645906276,-0.43486627538251893,-1.110720734539591
18.770000000000135,3.557678386046427,0.5001973894904599,4.0,2.2074399831651546,0.03947737858225713,0.0,0.13202175153195167,-0.43311027212509173,-1.1037199915825773
18.780000000000136,3.579682415109154,0.5007895267917499,4.0,2.1933513513003344,0.07894852322879714,0.0,0.1292991898656306,-0.43131564392756805,-1.0966756756501672
18.790000000000138,3.6015451244395322,0.5017763183985267,4.0,2.179176129679784,0.118407200988319,0.0,0.12658545383299705,-0.42942667482169855,-1.089588064839892
18.80000000000014,3.6232656509352354,0.5031576084849565,4.0,2.164914877916977,0.15784718087819616,0.0,0.12389656017232192,-0.427515661172947,-1.0824574389584884
18.81000000000014,3.644843137107058,0.504933178929321,4.0,2.150568159021722,0.1972622348683789,0.0,0.12122149267922032,-0.4255236298757988,-1.075284079510861
18.820000000000142,3.6662767311127995,0.5071027493484652,4.0,2.136136539377911,0.2366461388649396,0.0,0.11857076673128489,-0.4235093255675778,-1.0680682696889554
18.830000000000144,3.6875655867908677,0.5096659771420686,4.0,2.1216205887211768,0.2759926736928844,0.0,0.11593584509861918,-0.4214109440118934,-1.0608102943605884
18.840000000000146,3.7087088636936922,0.5126224575467488,4.0,2.1070208801163965,0.3152956260782446,0.0,0.11333174731225046,-0.4192888233890969,-1.0535104400581983
18.850000000000147,3.729705727120912,0.5159717236999795,4.0,2.092337989935063,0.3545487896292352,0.0,0.11074644371276841,-0.41710773889526953,-1.0461689949675315
18.86000000000015,3.7505553481522984,0.5197132467138057,4.0,2.077572497832547,0.39374596581627236,0.0,0.10818367765576031,-0.4148888700531525,-1.0387862489162736
18.87000000000015,3.771256903680518,0.5238464357583719,4.0,2.0627249867251907,0.4328809649508591,0.0,0.10564917635103441,-0.41261572753599524,-1.0313624933625953
18.88000000000015,3.7918095764436073,0.5283706381552147,4.0,2.0477960427673096,0.4719476071629647,0.0,0.10315215960603029,-0.4103185907086568,-1.0238980213836548
18.890000000000153,3.8122125550572354,0.5332851394803289,4.0,2.0327862553280482,0.5109397233769091,0.0,0.10068051726531484,-0.40797567391406364,-1.0163931276640241
18.900000000000155,3.8324650340467503,0.5385891636769866,4.0,2.01769621696811,0.5498511562855422,0.0,0.09824066378984701,-0.4055736640575268,-1.008848108484055
18.910000000000156,3.852566213878946,0.5442818731782784,4.0,2.002526523416379,0.5886757613225098,0.0,0.09584832085325479,-0.4031570788473206,-1.0012632617081896
18.920000000000158,3.8725153009936673,0.5503623690393824,4.0,1.9872777735463791,0.6274074076326187,0.0,0.09349459992311429,-0.40069452552389423,-0.9936388867731896
18.93000000000016,3.8923115078351147,0.5568296910795154,4.0,1.9719505693526433,0.6660399790399252,0.0,0.09117963463807244,-0.3981921809820245,-0.9859752846763217
18.94000000000016,3.911954052882942,0.5636828180335578,4.0,1.9565455159269458,0.7045673750135716,0.0,0.0889101720233585,-0.39566912709918073,-0.9782727579634729
18.950000000000163,3.931442160683094,0.5709206677133154,4.0,1.941063221434426,0.7429835116310884,0.0,0.08668827452981188,-0.39312639434951907,-0.970531610717213
18.960000000000164,3.950775061878451,0.5785420971784219,4.0,1.9255042970895568,0.7812823225391806,0.0,0.08451186132983703,-0.39055175566295036,-0.9627521485447784
18.970000000000166,3.9699519932391745,0.5865459029168143,4.0,1.90986935713203,0.8194577599116318,0.0,0.08238535721102574,-0.38796156088402595,-0.954934678566015
18.980000000000167,3.988972197692852,0.5949308210347839,4.0,1.8941590188025037,0.8575037954043374,0.0,0.08031197050862977,-0.3853611086947847,-0.9470795094012519
18.99000000000017,4.007834924354384,0.6036955274565607,4.0,1.8783739023182302,0.8954144211072599,0.0,0.07828577612117413,-0.38272326964919046,-0.9391869511591151
19.00000000000017,4.026539428555609,0.6128386381333928,4.0,1.8625146308485891,0.9331836504931056,0.0,0.07632690167251627,-0.3801329357359776,-0.9312573154242946
19.010000000000172,4.0450849718747355,0.6223587092621155,4.0,1.8465818304904578,0.9708055193627305,0.0,0.07435155862189231,-0.37722108794948295,-0.9232909152452289
19.020000000000174,4.063470822165467,0.6322542375131381,4.0,1.8305761302435135,1.0082740867869133,0.0,0.07263979661934211,-0.37521703029314074,-0.9152880651217568
19.030000000000175,4.081696253585921,0.6425236602678397,4.0,1.814498161985391,1.0455834360445189,0.0,0.07068933231312413,-0.3718448921521793,-0.9072490809926955
19.040000000000177,4.0997605466272615,0.653165355865315,4.0,1.7983485604467562,1.0827276755567752,0.0,0.06898567653432519,-0.36939781947939626,-0.8991742802233781
19.05000000000018,4.117662988142136,0.6641776438584692,4.0,1.782127963186221,1.1197009398176834,0.0,0.06746000303057362,-0.3674562695699414,-0.8910639815931105
19.06000000000018,4.135402871372808,0.6755587852793701,4.0,1.765837010565191,1.1564973903202092,0.0,0.06560226498725003,-0.3637099939868542,-0.8829185052825955
19.07000000000018,4.152979495979061,0.687306982913853,4.0,1.749476345722581,1.1931112164782605,0.0,0.06409774254751005,-0.36143514342125194,-0.8747381728612905
19.080000000000183,4.170392168065857,0.699420381585325,4.0,1.733046614549421,1.2295366365442564,0.0,0.06274525837417651,-0.35947906114885664,-0.8665233072747105
19.090000000000185,4.1876402002107085,0.7118970684477057,4.0,1.716548465663374,1.2657678985220906,0.0,0.061146856853242344,-0.35598965020472595,-0.858274232831687
19.100000000000186,4.204722911490844,0.7247350732875102,4.0,1.6999825503831045,1.3017992810755012,0.0,0.05971596907622465,-0.3531162645247127,-0.8499912751915523
19.110000000000188,4.221639627510073,0.7379323688349495,4.0,1.6833495227025823,1.337625094431494,0.0,0.05861783684271682,-0.35154070456363323,-0.8416747613512912
19.12000000000019,4.238389680425418,0.7514868710840736,4.0,1.666650039265255,1.3732396812788443,0.0,0.05716044429746812,-0.34782445001356993,-0.8333250196326275
19.13000000000019,4.25497240897346,0.7653964396218407,4.0,1.6498847593381443,1.408637417661411,0.0,0.05601710875584381,-0.34546321760504106,-0.8249423796690721
19.140000000000192,4.271387158496475,0.7796588779661384,4.0,1.63305434478579,1.4438127138662862,0.0,0.05504296828046881,-0.3435297984042421,-0.816527172392895
19.150000000000194,4.28763328096826,0.7942719339126154,4.0,1.6161594600441405,1.4787600153064338,0.0,0.05377144666484397,-0.3397131001239291,-0.8080797300220702
19.160000000000196,4.303710135019715,0.8092332998903387,4.0,1.5992007720943169,1.5134738033978345,0.0,0.052882789931103194,-0.33764521514656565,-0.7996003860471584
19.170000000000197,4.319617085964177,0.824540613326187,4.0,1.5821789504362762,1.5479485964309436,0.0,0.052068939587527806,-0.335544063963203,-0.7910894752181381
19.1800000000002,4.33535350582245,0.8401914570179119,4.0,1.5650946670624017,1.582178950436277,0.0,0.050979711353009875,-0.3317343371245737,-0.7825473335312009
19.1900000000002,4.350918773347628,0.8561833595158683,4.0,1.5479485964309427,1.6161594600441367,0.0,0.050272491582397785,-0.32971993199169947,-0.7739742982154714
19.200000000000202,4.366312274049599,0.8725137955132682,4.0,1.5307414154394092,1.6498847593381405,0.0,0.049629698853870925,-0.3276037518552843,-0.7653707077197046
19.210000000000203,4.38153340021932,0.889180186244964,4.0,1.5134738033978385,1.6833495227025832,0.0,0.04874167606737853,-0.323875225909952,-0.7567369016989193
19.220000000000205,4.3965815509527815,0.9061798998946462,4.0,1.4961464420019968,1.7165484656633752,0.0,0.04821899447310896,-0.32188306838623415,-0.7480732210009984
19.230000000000206,4.411456132174766,0.9235102520104679,4.0,1.4787600153064377,1.7494763457225777,0.0,0.047748885480885114,-0.3197759995660465,-0.7393800076532189
19.240000000000208,4.426156556662274,0.9411685059289296,4.0,1.461315209697517,1.7821279631862172,0.0,0.04705600875549837,-0.3162195630924101,-0.7306576048487585
19.25000000000021,4.4406822440677205,0.9591518732070372,4.0,1.44381271386629,1.814498161985387,0.0,0.046688290498161755,-0.31420567240886776,-0.721906356933145
19.26000000000021,4.45503262094184,0.9774575140626327,4.0,1.426253218781318,1.8465818304904589,0.0,0.046315248398162576,-0.31181214274146996,-0.713126609390659
19.270000000000213,4.469207120756319,0.9960825378228089,4.0,1.40863741766141,1.8783739023182313,0.0,0.04595281740462576,-0.30915990086289097,-0.704318708830705
19.280000000000214,4.483205183926178,1.0150240033804108,4.0,1.3909660059482263,1.9098693571320264,0.0,0.04568832464252857,-0.3067786441086492,-0.6954830029741131
19.290000000000216,4.497026257831854,1.0342789196584505,4.0,1.3732396812788432,1.9410632214344226,0.0,0.045477193323640516,-0.3044330014131489,-0.6866198406394216
19.300000000000217,4.510669796841015,1.0538442460824433,4.0,1.355459143458201,1.9719505693526445,0.0,0.04531074365313065,-0.30208011559582615,-0.6777295717291005
19.31000000000022,4.524135262330098,1.0737168930605276,4.0,1.3376250944314982,2.0025265234163805,0.0,0.04520076995030712,-0.2998000224652793,-0.6688125472157491
19.32000000000022,4.537422122705585,1.0938937224713796,4.0,1.319738238256448,2.032786255328045,0.0,0.045142625263638436,-0.29758157746232883,-0.659869119128224
19.330000000000222,4.550529853424977,1.1143715481597387,4.0,1.3017992810755052,2.0627249867251876,0.0,0.04513281123729989,-0.2954092214248834,-0.6508996405377526
19.340000000000224,4.563457937017512,1.1351471364395418,4.0,1.2838089310879832,2.09233798993506,0.0,0.0451707394050305,-0.29329076247005514,-0.6419044655439916
19.350000000000225,4.5762058631045885,1.1562172066045668,4.0,1.2657678985220895,2.121620588721178,0.0,0.04525600012273217,-0.29123219276053763,-0.6328839492610447
19.360000000000227,4.588773128419906,1.1775784314464715,4.0,1.2476768956069093,2.1505681590217223,0.0,0.04538694694428484,-0.28922810489993833,-0.6238384478034547
19.37000000000023,4.601159236829351,1.1992274377802317,4.0,1.2295366365442553,2.1791761296797807,0.0,0.04556228529777747,-0.2872778963738938,-0.6147683182721276
19.38000000000023,4.613363699350573,1.221160806976784,4.0,1.2113478374804947,2.2074399831651514,0.0,0.04578242060689844,-0.2853920649709408,-0.6056739187402473
19.39000000000023,4.625386034172291,1.2433750755028794,4.0,1.1931112164782647,2.235355256287732,0.0,0.0460434069501324,-0.28354724646239876,-0.5965556082391323
19.400000000000233,4.637225766673307,1.2658667354679884,4.0,1.174827493488147,2.262917540902277,0.0,0.04637623605406712,-0.28194442697564365,-0.5874137467440735
19.410000000000235,4.648882429441256,1.288632235178278,4.0,1.1564973903202134,2.2901224846045407,0.0,0.04667416609419964,-0.2799194926904626,-0.5782486951601067
19.420000000000236,4.660355562291054,1.311667979697437,4.0,1.1381216306155506,2.3169657914185438,0.0,0.04710782009401922,-0.27855281756089834,-0.5690608153077753
19.430000000000238,4.671644712283058,1.3349703314143675,4.0,1.1197009398176874,2.343443222474962,0.0,0.04750926315432444,-0.27689028418388406,-0.5598504699088437
19.44000000000024,4.6827494337409625,1.3585356106176105,4.0,1.1012360451439502,2.3695505966805035,0.0,0.047932671603850625,-0.27493321548072597,-0.5506180225719751
19.45000000000024,4.69366928826937,1.3823600960763893,4.0,1.0827276755567738,2.39528379137812,0.0,0.04844805171100011,-0.27375898713710367,-0.5413638377783869
19.460000000000242,4.704403844771127,1.4064400256282745,4.0,1.0641765617348935,2.420638742998067,0.0,0.04893745744424837,-0.27218036797618045,-0.5320882808674468
19.470000000000244,4.714952679464321,1.430771596773246,4.0,1.045583436044518,2.44561144769956,0.0,0.049987558028270575,-0.2713501237411607,-0.522791718022259
19.480000000000246,4.725315375899025,1.455350967274167,4.0,1.0269490325104076,2.470197962003041,0.0,0.050477371378880496,-0.27015055783436975,-0.5134745162552038
19.490000000000247,4.735491524973722,1.4801742557634876,4.0,1.0082740867869175,2.4943944034128718,0.0,0.0509004610691162,-0.2684895956568504,-0.5041370433934588
19.50000000000025,4.745480724951473,1.5052375423562023,4.0,0.9895593361289228,2.5181969510304665,0.0,0.051415955757187735,-0.2667497868015703,-0.4947796680644614
19.51000000000025,4.755282581475767,1.5305368692688153,4.0,0.9708055193627347,2.541601846157628,0.0,0.05195847723269401,-0.2656776313527613,-0.48540275968136737
19.520000000000252,4.764896707586093,1.5560682414443276,4.0,0.9520133768569273,2.564605392890098,0.0,0.05254998163459877,-0.26440898126154083,-0.47600668842846366
19.530000000000253,4.774322723733215,1.5818276271831109,4.0,0.9331836504931046,2.5872039587011884,0.0,0.05358091062397166,-0.263814733807681,-0.4665918252465523
19.540000000000255,4.783560257794153,1.6078109587795304,4.0,0.9143170836366319,2.6093939750153736,0.0,0.05410778792055874,-0.2627885261237583,-0.45715854181831594
19.550000000000257,4.792608945086879,1.634014133164326,4.0,0.8954144211072589,2.6311719377718497,0.0,0.05461064156431502,-0.2614449252613273,-0.44770721055362944
19.560000000000258,4.801468428384714,1.6604330125525055,4.0,0.8764764091497356,2.652534407977839,0.0,0.05558460377184311,-0.26096536693976036,-0.4382382045748678
19.57000000000026,4.81013835793043,1.6870634250967638,4.0,0.8575037954043417,2.673478012251659,0.0,0.056099052293647804,-0.25999284405090894,-0.42875189770217087
19.58000000000026,4.818618391450049,1.7139011655462353,4.0,0.8384973288773923,2.6939994433553993,0.0,0.056614166658181544,-0.25880799200985527,-0.41924866443869613
19.590000000000263,4.82690819416637,1.7409419959105978,4.0,0.8194577599116362,2.714095460717201,0.0,0.05761647901662069,-0.2588802164487227,-0.4097288799558181
19.600000000000264,4.835007438812175,1.7681816461292692,4.0,0.8003858401566553,2.7337628909429634,0.0,0.05806110428661952,-0.25770007829783176,-0.40019292007832763
19.610000000000266,4.8429158056431545,1.7956158147457082,4.0,0.781282322539185,2.7529986283174606,0.0,0.05894405746004759,-0.25762658953371265,-0.3906411612695925
19.620000000000267,4.850632982450528,1.8232401695866631,4.0,0.7621479612333905,2.7717996352947742,0.0,0.0594166397526246,-0.256633939377934,-0.38107398061669523
19.63000000000027,4.85815866457337,1.851050348446281,4.0,0.7429835116310873,2.7901629429779593,0.0,0.06020035256305549,-0.2565163232152089,-0.37149175581554367
19.64000000000027,4.865492554910633,1.8790419597749184,4.0,0.723789730311942,2.808085651587848,0.0,0.060910347624407,-0.2563311349124117,-0.361894865155971
19.650000000000272,4.872634363932885,1.907210583372665,4.0,0.7045673750135705,2.8255649309209896,0.0,0.061340067288556344,-0.2554960678315731,-0.35228368750678524
19.660000000000274,4.879583809693738,1.9355517710873218,4.0,0.6853172046016406,2.8425980207965553,0.0,0.06206355667283333,-0.25558867731684587,-0.3426586023008203
19.670000000000275,4.886340617840968,1.9640610475167912,4.0,0.6660399790399294,2.859182231492191,0.0,0.06270577934783704,-0.255637234831263,-0.3330199895199647
19.680000000000277,4.892904521627361,1.9927339107158433,4.0,0.646736459360289,2.875314944168782,0.0,0.06307912197542123,-0.2549651989693333,-0.3233682296801445
19.69000000000028,4.899275261921233,2.021565832906992,4.0,0.627407407632623,2.890993611283981,0.0,0.06368705587966736,-0.2552438161193857,-0.3137037038163115
19.70000000000028,4.90545258721667,2.0505522611954934,4.0,0.6080535869347974,2.9062157569944973,0.0,0.06428304791592918,-0.25555182620382616,-0.3040267934673987
19.71000000000028,4.911436253643442,2.0796886182882997,4.0,0.5886757613225141,2.920978977547062,0.0,0.0641140039694281,-0.25522960040802334,-0.29433788066125705
19.720000000000283,4.917226024976649,2.108970303216874,4.0,0.5692746957991427,2.9352809416580135,0.0,0.06488274875771555,-0.2556182255449891,-0.28463734789957135
19.730000000000285,4.922821672646027,2.1383926920637064,4.0,0.5498511562855409,2.949119390881417,0.0,0.06564635688931661,-0.25606023605185063,-0.27492557814277047
19.740000000000286,4.92822297574499,2.1679511386925308,4.0,0.5304059095897851,2.962492139965724,0.0,0.06555571903307382,-0.2566573659329012,-0.26520295479489253
19.750000000000288,4.9334297210393405,2.19764097548198,4.0,0.5109397233769134,2.9753970771988354,0.0,0.06632464187113372,-0.2569871240905496,-0.2554698616884567
19.76000000000029,4.938441702975689,2.2274575140626336,4.0,0.4914533661386374,2.987832164741557,0.0,0.06690930374574587,-0.25747989112678665,-0.2457266830693187
19.77000000000029,4.943258723689571,2.257396046057413,4.0,0.4719476071629691,2.9997954389494157,0.0,0.06677539307402802,-0.2581171332566807,-0.23597380358148454
19.780000000000292,4.947880593013255,2.2874518438250577,4.0,0.4524232165038737,3.0112850106827334,0.0,0.06750764499314292,-0.2586898801395814,-0.22621160825193684
19.790000000000294,4.952307128483255,2.3176201612066833,4.0,0.4328809649508634,3.0222990656049404,0.0,0.0673957866987193,-0.2594601606657981,-0.2164404824754317
19.800000000000296,4.956538155347532,2.347896234275252,4.0,0.4133216239985678,3.0328358644690865,0.0,0.0680576784475635,-0.26015230268605055,-0.2066608119992839
19.810000000000297,4.9605735065723895,2.378275282087864,4.0,0.39374596581627114,3.0428937433924865,0.0,0.06794413801155351,-0.2610570610048477,-0.19687298290813557
19.8200000000003,4.964413022849069,2.4087525074406875,4.0,0.3741547632174507,3.0524711141194594,0.0,0.06792611540190487,-0.26200481599875847,-0.18707738160872536
19.8300000000003,4.968056552600042,2.439323097626544,4.0,0.35454878962923403,3.0615664642721447,0.0,0.06859612171092272,-0.2628968907132288,-0.17727439481461701
19.840000000000302,4.971503951984995,2.4699822251948675,4.0,0.33492881906188204,3.07017835758932,0.0,0.0684849902501028,-0.263986176969098,-0.16746440953094102
19.850000000000303,4.9747550849065005,2.5007250487139845,4.0,0.31529562607824896,3.0783054341531924,0.0,0.06829712731986964,-0.26514506223598844,-0.15764781303912448
19.860000000000305,4.9778098230154,2.531546713535689,4.0,0.2956499857631709,3.085946410604164,0.0,0.06882642603476638,-0.2662705879505782,-0.14782499288158546
19.870000000000307,4.980668045715862,2.562442352561808,4.0,0.27599267369288877,3.0931000803434747,0.0,0.06861378281151592,-0.2675640567311564,-0.13799633684644438
19.880000000000308,4.983329640170149,2.593407087012787,4.0,0.2563244659044245,3.099765313723746,0.0,0.06837139125892343,-0.26892733246184386,-0.12816223295221224
19.89000000000031,4.985794501303069,2.6244360271981018,4.0,0.23664613886494398,3.1059410582273608,0.0,0.06816207377765798,-0.27034207582777803,-0.11832306943247199
19.90000000000031,4.9880625318061265,2.655524273288406,4.0,0.21695846944109867,3.1116263386326724,0.0,0.06805208877825028,-0.27182001212339113,-0.10847923472054934
19.910000000000313,4.990133642141358,2.686666916089239,4.0,0.19726223486837777,3.116820257167995,0.0,0.0678138553333801,-0.27336212095214346,-0.09863111743418888
19.920000000000314,4.992007750544875,2.717859037816293,4.0,0.1775582127203913,3.121521993653385,0.0,0.06762943952664957,-0.27497024015945926,-0.08877910636019565
19.930000000000316,4.993684783030088,2.7490957128719673,4.0,0.1578471808781894,3.1257308056301465,0.0,0.06735621315894749,-0.2766334617199071,-0.0789235904390947
19.940000000000317,4.995164673390623,2.7803720086231443,4.0,0.13812991749956974,3.129446028478077,0.0,0.06707771269895293,-0.27836251304402904,-0.06906495874978487
19.95000000000032,4.996447363202946,2.8116829861801684,4.0,0.11840720098832343,3.132667075520422,0.0,0.06674720782497337,-0.28015047890455164,-0.059203600494161714
19.96000000000032,4.997532801828658,2.843023701176715,4.0,0.09867980996352772,3.1353934381165134,0.0,0.06638329246381298,-0.2819911475866476,-0.04933990498176386
19.970000000000322,4.9984209464165,2.874389204550573,4.0,0.07894852322880157,3.1376246857420926,0.0,0.06597662976848377,-0.2838901785154209,-0.039474261614400784
19.980000000000324,4.999111761904045,2.9057745433251583,4.0,0.05921411974155985,3.1393604660572936,0.0,0.06552919280159492,-0.28584349828973954,-0.029607059870779925
19.990000000000325,4.99960522101908,2.937174761391658,4.0,0.03947737858225598,3.1406005049622836,0.0,0.06503743197862685,-0.2878383734338225,-0.01973868929112799
20.000000000000327,4.9999013042806855,2.968584900291618,4.0,0.01973907892364735,3.1413446066405433,0.0,0.06450228712504634,-0.2898867025693244,-0.009869539461823675
20.01000000000033,5.0,2.9999999999999973,4.0,1.5389365549774318e-15,3.141592653589793,0.0,0.06392044657839942,-0.29197735735518887,-7.694682774887159e-16
20.02000000000033,4.9999013042806855,3.031415099708386,4.0,-0.019739078923649855,3.1413446066405433,0.0,0.06329123153930807,-0.2941026601850498,0.009869539461824927
20.03000000000033,4.99960522101908,3.062825238608346,4.0,-0.03947737858225848,3.140600504962283,0.0,0.06261437561232655,-0.29627177106446895,0.01973868929112924
20.040000000000333,4.999111761904045,3.094225456674837,4.0,-0.05921411974155678,3.1393604660572936,0.0,0.061886236771069594,-0.2984760048876057,0.02960705987077839
20.050000000000335,4.9984209464165,3.1256107954494223,4.0,-0.07894852322879849,3.1376246857420926,0.0,0.06110377772131722,-0.3007059577927726,0.03947426161439924
20.060000000000336,4.997532801828658,3.15697629882328,4.0,-0.09867980996352466,3.135393438116514,0.0,0.06026685012688154,-0.30297260072519855,0.04933990498176233
20.070000000000338,4.996447363202947,3.1883170138198267,4.0,-0.11840720098832035,3.1326670755204225,0.0,0.05937174379964871,-0.30526686789279217,0.05920360049416017
20.08000000000034,4.995164673390623,3.2196279913768597,4.0,-0.1381299174995722,3.129446028478077,0.0,0.05841859036217026,-0.3075806411576834,0.0690649587497861
20.09000000000034,4.993684783030087,3.250904287128037,4.0,-0.15784718087819194,3.125730805630146,0.0,0.05740797624469162,-0.3099229722754244,0.07892359043909597
20.100000000000342,4.992007750544875,3.282140962183702,4.0,-0.17755821272038821,3.1215219936533853,0.0,0.056337071771274005,-0.3122836070035408,0.08877910636019411
20.110000000000344,4.990133642141358,3.313333083910765,4.0,-0.19726223486838024,3.1168202571679946,0.0,0.05520620227070587,-0.31466775963788746,0.09863111743419012
20.120000000000346,4.9880625318061265,3.3444757267115977,4.0,-0.21695846944110114,3.111626338632672,0.0,0.05401344507212408,-0.3170810642961995,0.10847923472055057
20.130000000000347,4.98579450130307,3.3755639728018934,4.0,-0.23664613886494093,3.1059410582273617,0.0,0.05275861844758093,-0.31950725378589956,0.11832306943247047
20.14000000000035,4.983329640170149,3.406592912987208,4.0,-0.2563244659044214,3.099765313723747,0.0,0.051443884374019554,-0.3219571308937124,0.1281622329522107
20.15000000000035,4.980668045715863,3.437557647438187,4.0,-0.2759926736928857,3.0931000803434756,0.0,0.05006642125486009,-0.32442022454157216,0.13799633684644286
20.160000000000352,4.9778098230154,3.4684532864643067,4.0,-0.29564998576316787,3.0859464106041647,0.0,0.04862630014632076,-0.32690244179590594,0.14782499288158393
20.170000000000353,4.974755084906501,3.4992749512860106,4.0,-0.3152956260782459,3.0783054341531937,0.0,0.0471222990122775,-0.3294078531945969,0.15764781303912295
20.180000000000355,4.971503951984994,3.5300177748051365,4.0,-0.33492881906188454,3.070178357589319,0.0,0.04555521431260002,-0.3319237415622743,0.16746440953094227
20.190000000000357,4.968056552600043,3.560676902373451,4.0,-0.354548789629231,3.061566464272146,0.0,0.04392687619868462,-0.3344577159459396,0.1772743948146155
20.200000000000358,4.964413022849068,3.5912474925593165,4.0,-0.3741547632174532,3.0524711141194585,0.0,0.042236050612660746,-0.3370006038058902,0.1870773816087266
20.21000000000036,4.960573506572389,3.62172471791214,4.0,-0.3937459658162737,3.0428937433924856,0.0,0.040482327688682325,-0.3395553204077724,0.19687298290813685
20.22000000000036,4.956538155347533,3.652103765724743,4.0,-0.41332162399856476,3.032835864469088,0.0,0.03866602446541738,-0.34212248093507197,0.20666081199928238
20.230000000000363,4.952307128483256,3.682379838793312,4.0,-0.43288096495086037,3.022299065604942,0.0,0.036785779435209956,-0.344706009524414,0.21644048247543018
20.240000000000364,4.947880593013255,3.7125481561749374,4.0,-0.45242321650387063,3.011285010682735,0.0,0.03484382335826774,-0.3472888404444876,0.22621160825193531
20.250000000000366,4.943258723689571,3.7426039539425826,4.0,-0.471947607162966,2.9997954389494175,0.0,0.032842590250345645,-0.3498803459775976,0.235973803581483
20.260000000000367,4.93844170297569,3.772542485937362,4.0,-0.49145336613863433,2.9878321647415587,0.0,0.030781511109036496,-0.3524679523000256,0.24572668306931716
20.27000000000037,4.9334297210393405,3.8023590245180237,4.0,-0.510939723376916,2.9753970771988336,0.0,0.028660513845856894,-0.35505389251166497,0.255469861688458
20.28000000000037,4.9282229757449905,3.832048861307465,4.0,-0.530405909589782,2.962492139965726,0.0,0.026480411030454426,-0.35763652023678466,0.265202954794891
20.290000000000372,4.922821672646026,3.861607307936297,4.0,-0.5498511562855435,2.9491193908814153,0.0,0.02424175127986867,-0.3602151815833291,0.27492557814277174
20.300000000000374,4.917226024976648,3.8910296967831295,4.0,-0.5692746957991451,2.9352809416580117,0.0,0.021945477828434094,-0.3627837416391199,0.28463734789957257
20.310000000000375,4.911436253643443,3.920311381711696,4.0,-0.5886757613225111,2.920978977547064,0.0,0.019592109758339565,-0.365343277272155,0.29433788066125555
20.320000000000377,4.90545258721667,3.949447738804502,4.0,-0.6080535869347945,2.906215756994499,0.0,0.01718330974525701,-0.36788643367673096,0.30402679346739725
20.33000000000038,4.899275261921235,3.9784341670930035,4.0,-0.6274074076326202,2.890993611283984,0.0,0.014719523420332354,-0.3704143686347225,0.3137037038163101
20.34000000000038,4.8929045216273614,4.007266089284152,4.0,-0.6467364593602859,2.875314944168785,0.0,0.01220217325689158,-0.3729205267641742,0.32336822968014295
20.35000000000038,4.886340617840968,4.035938952483204,4.0,-0.6660399790399264,2.8591822314921935,0.0,0.009632524998110343,-0.375404818959426,0.3330199895199632
20.360000000000383,4.879583809693737,4.064448228912681,4.0,-0.685317204601643,2.842598020796553,0.0,0.007011746335429717,-0.3778619980638291,0.3426586023008215
20.370000000000385,4.872634363932886,4.092789416627331,4.0,-0.7045673750135675,2.825564930920992,0.0,0.004341085641815215,-0.3802909130078407,0.35228368750678374
20.380000000000386,4.865492554910632,4.120958040225085,4.0,-0.7237897303119445,2.8080856515878456,0.0,0.0016224222978166649,-0.38268736284777183,0.36189486515597225
20.390000000000388,4.858158664573368,4.148949651553723,4.0,-0.7429835116310898,2.790162942977957,0.0,-0.0011431608121315255,-0.3850495748190926,0.3714917558155449
20.40000000000039,4.850632982450529,4.176759830413332,4.0,-0.7621479612333873,2.7717996352947774,0.0,-0.003953849784424844,-0.3873741106012983,0.3810739806166937
20.41000000000039,4.842915805643156,4.204384185254288,4.0,-0.781282322539182,2.7529986283174637,0.0,-0.006807759497907224,-0.3896589854424377,0.390641161269591
20.420000000000393,4.835007438812176,4.231818353870727,4.0,-0.8003858401566523,2.7337628909429665,0.0,-0.00970337062815729,-0.3919012812312064,0.40019292007832613
20.430000000000394,4.8269081941663705,4.259058004089399,4.0,-0.8194577599116333,2.7140954607172043,0.0,-0.012638815580369738,-0.3940989933175346,0.40972887995581664
20.440000000000396,4.81861839145005,4.28609883445376,4.0,-0.8384973288773893,2.6939994433554024,0.0,-0.015611906172802283,-0.3962495753978416,0.41924866443869463
20.450000000000397,4.810138357930429,4.312936574903239,4.0,-0.857503795404344,2.6734780122516564,0.0,-0.018621510455203265,-0.39835127638480805,0.428751897702172
20.4600000000004,4.801468428384716,4.3395669874474905,4.0,-0.8764764091497326,2.652534407977842,0.0,-0.021665420544385357,-0.40040085512817936,0.4382382045748663
20.4700000000004,4.792608945086878,4.365985866835677,4.0,-0.8954144211072613,2.631171937771847,0.0,-0.02474934398379575,-0.40239568429683303,0.44770721055363066
20.480000000000402,4.783560257794152,4.3921890412204725,4.0,-0.9143170836366343,2.609393975015371,0.0,-0.027857705731310436,-0.4043435012282608,0.45715854181831717
20.490000000000403,4.774322723733214,4.418172372816892,4.0,-0.933183650493107,2.5872039587011857,0.0,-0.030986171001478997,-0.4062235251707272,0.4665918252465535
20.500000000000405,4.764896707586094,4.443931758555669,4.0,-0.9520133768569246,2.5646053928901016,0.0,-0.03414739284012187,-0.4080566212841377,0.4760066884284623
20.510000000000407,4.755282581475769,4.469463130731181,4.0,-0.9708055193627317,2.5416018461576315,0.0,-0.0373282155422971,-0.4098418712672532,0.48540275968136587
20.520000000000408,4.745480724951474,4.494762457643794,4.0,-0.9895593361289199,2.51819695103047,0.0,-0.040523565778830685,-0.41151089543459296,0.49477966806445994
20.53000000000041,4.735491524973724,4.519825744236508,4.0,-1.0082740867869147,2.4943944034128758,0.0,-0.04379050807875283,-0.413537927431635,0.5041370433934573
20.54000000000041,4.725315375899024,4.544649032725836,4.0,-1.02694903251041,2.4701979620030383,0.0,-0.046904178279195664,-0.41428583414126274,0.513474516255205
20.550000000000413,4.714952679464322,4.5692284032267505,4.0,-1.0455834360445149,2.445611447699564,0.0,-0.05022263553585032,-0.4164326770549427,0.5227917180222574
20.560000000000414,4.704403844771125,4.593559974371729,4.0,-1.064176561734896,2.420638742998064,0.0,-0.05356534396033704,-0.41844317341140647,0.532088280867448
20.570000000000416,4.693669288269369,4.617639903923614,4.0,-1.0827276755567763,2.395283791378117,0.0,-0.056599953866525825,-0.4183370954396782,0.5413638377783881
20.580000000000418,4.682749433740962,4.641464389382392,4.0,-1.1012360451439525,2.3695505966805004,0.0,-0.060023336800916045,-0.42075749549057495,0.5506180225719762
20.59000000000042,4.67164471228306,4.665029668585628,4.0,-1.1197009398176845,2.343443222474966,0.0,-0.06342687835580273,-0.42284198180074206,0.5598504699088422
20.60000000000042,4.6603555622910555,4.688332020302559,4.0,-1.1381216306155477,2.3169657914185477,0.0,-0.06639136542488863,-0.4222462294957319,0.5690608153077739
20.610000000000422,4.648882429441258,4.711367764821718,4.0,-1.1564973903202105,2.290122484604545,0.0,-0.0698560147865414,-0.42463024639512165,0.5782486951601052
20.620000000000424,4.637225766673309,4.734133264532008,4.0,-1.1748274934881442,2.262917540902281,0.0,-0.073283623718724,-0.4267289208986058,0.5874137467440721
20.630000000000425,4.6253860341722906,4.756624924497124,4.0,-1.1931112164782671,2.2353552562877286,0.0,-0.07605972731183697,-0.4251491635177418,0.5965556082391336
20.640000000000427,4.613363699350574,4.778839193023213,4.0,-1.2113478374804918,2.207439983165156,0.0,-0.079683364247797,-0.42829139976974195,0.6056739187402459
20.65000000000043,4.60115923682935,4.8007725622197714,4.0,-1.2295366365442577,2.179176129679777,0.0,-0.08306987365578256,-0.43024067929576043,0.6147683182721289
20.66000000000043,4.588773128419904,4.822421568553532,4.0,-1.2476768956069115,2.1505681590217187,0.0,-0.085816483512393,-0.4286816725410847,0.6238384478034558
20.67000000000043,4.576205863104587,4.843782793395436,4.0,-1.265767898522092,2.121620588721174,0.0,-0.08940228750310998,-0.43153448638555253,0.632883949261046
20.680000000000433,4.563457937017514,4.864852863560455,4.0,-1.2838089310879803,2.0923379899350643,0.0,-0.09278496569897483,-0.43358026634872276,0.6419044655439902
20.690000000000435,4.55052985342498,4.885628451840258,4.0,-1.3017992810755026,2.062724986725192,0.0,-0.09559112878741277,-0.432425625329834,0.6508996405377513
20.700000000000436,4.537422122705586,4.906106277528616,4.0,-1.3197382382564453,2.0327862553280496,0.0,-0.09883715216205352,-0.4337091224999451,0.6598691191282227
20.710000000000438,4.5241352623301,4.9262831069394695,4.0,-1.3376250944314954,2.0025265234163854,0.0,-0.10231466788171384,-0.43642551114690864,0.6688125472157477
20.72000000000044,4.510669796841014,4.946155753917559,4.0,-1.3554591434582035,1.9719505693526405,0.0,-0.1050637405609369,-0.43517766021757653,0.6777295717291018
20.73000000000044,4.497026257831856,4.965721080341547,4.0,-1.3732396812788406,1.9410632214344274,0.0,-0.10795664654001175,-0.4348470934292955,0.6866198406394203
20.740000000000443,4.483205183926176,4.984975996619592,4.0,-1.3909660059482285,1.9098693571320222,0.0,-0.11078406064904653,-0.4372892577147883,0.6954830029741143
20.750000000000444,4.469207120756317,5.003917462177194,4.0,-1.4086374176614123,1.878373902318227,0.0,-0.11373647789431232,-0.43692510819790914,0.7043187088307061
20.760000000000446,4.4550326209418385,5.02254248593737,4.0,-1.4262532187813202,1.8465818304904547,0.0,-0.1164179213362925,-0.43548481161706015,0.7131266093906601
20.770000000000447,4.440682244067723,5.04084812679296,4.0,-1.4438127138662873,1.8144981619853924,0.0,-0.12051149949319352,-0.4394163481511362,0.7219063569331436
20.78000000000045,4.426156556662277,5.058831494071068,4.0,-1.4613152096975142,1.7821279631862224,0.0,-0.12330504351885967,-0.43863328745349867,0.7306576048487571
20.79000000000045,4.411456132174768,5.0764897479895295,4.0,-1.4787600153064349,1.7494763457225826,0.0,-0.12584938966651357,-0.43677962152780386,0.7393800076532174
20.800000000000452,4.396581550952784,5.093820100105351,4.0,-1.4961464420019939,1.7165484656633803,0.0,-0.12936379527811576,-0.43946878841965065,0.7480732210009969
20.810000000000453,4.381533400219317,5.110819813755038,4.0,-1.5134738033978405,1.6833495227025792,0.0,-0.13202058507647085,-0.43837346453698905,0.7567369016989203
20.820000000000455,4.366312274049601,5.127486204486729,4.0,-1.5307414154394066,1.6498847593381458,0.0,-0.13468299395848252,-0.4370293488232179,0.7653707077197033
20.830000000000457,4.350918773347625,5.143816640484134,4.0,-1.547948596430945,1.6161594600441325,0.0,-0.1373646814247611,-0.43701210396105417,0.7739742982154725
20.840000000000458,4.335353505822448,5.15980854298209,4.0,-1.5650946670624037,1.582178950436273,0.0,-0.1403367353158676,-0.43731493934879667,0.7825473335312019
20.85000000000046,4.319617085964175,5.175459386673815,4.0,-1.5821789504362787,1.5479485964309394,0.0,-0.14287911465499456,-0.4358389255741767,0.7910894752181393
20.86000000000046,4.303710135019719,5.190766700109659,4.0,-1.5992007720943142,1.5134738033978399,0.0,-0.14567114738105175,-0.43553919731925694,0.7996003860471571
20.870000000000463,4.2876332809682625,5.205728066087382,4.0,-1.6161594600441378,1.4787600153064393,0.0,-0.14724101746869755,-0.43399538877899696,0.8080797300220689
20.880000000000464,4.271387158496478,5.22034112203386,4.0,-1.6330543447857873,1.4438127138662915,0.0,-0.14990493672597663,-0.4332280701341291,0.8165271723928936
20.890000000000466,4.254972408973463,5.234603560378157,4.0,-1.6498847593381416,1.4086374176614165,0.0,-0.15265017471695647,-0.4328997527060493,0.8249423796690708
20.900000000000468,4.23838968042542,5.248513128915924,4.0,-1.6666500392652523,1.3732396812788497,0.0,-0.1552602502694075,-0.4324800644766774,0.8333250196326262
20.91000000000047,4.221639627510076,5.262067631165048,4.0,-1.6833495227025794,1.3376250944314998,0.0,-0.1577297096757542,-0.4318126757855947,0.8416747613512897
20.92000000000047,4.204722911490842,5.275264926712492,4.0,-1.6999825503831067,1.3017992810754968,0.0,-0.160076428023737,-0.43112218675667047,0.8499912751915534
20.930000000000472,4.187640200210706,5.288102931552295,4.0,-1.716548465663376,1.2657678985220862,0.0,-0.1621700404839954,-0.4302168435276789,0.858274232831688
20.940000000000474,4.170392168065854,5.300579618414677,4.0,-1.733046614549423,1.2295366365442517,0.0,-0.16438104367492365,-0.4294349679615322,0.8665233072747115
20.950000000000475,4.1529794959790625,5.312693017086145,4.0,-1.7494763457225786,1.1931112164782662,0.0,-0.16576967935973336,-0.4279016948248767,0.8747381728612893
20.960000000000477,4.13540287137281,5.324441214720627,4.0,-1.7658370105651886,1.156497390320215,0.0,-0.16787588593336444,-0.42713402729296834,0.8829185052825943
20.97000000000048,4.11766298814214,5.335822356141529,4.0,-1.7821279631862184,1.1197009398176891,0.0,-0.16993388323473646,-0.4263652814828418,0.8910639815931092
20.98000000000048,4.099760546627264,5.346834644134683,4.0,-1.7983485604467537,1.082727675556781,0.0,-0.1718401066748513,-0.42548230883532556,0.8991742802233769
20.99000000000048,4.081696253585924,5.357476339732159,4.0,-1.8144981619853886,1.0455834360445249,0.0,-0.172977255304988,-0.42392722281866035,0.9072490809926943
21.000000000000483,4.0634708221654705,5.3677457624868605,4.0,-1.8305761302435108,1.008274086786919,0.0,-0.1748621371033861,-0.4231236157681444,0.9152880651217554
21.010000000000485,4.045084971874734,5.377641290737886,4.0,-1.8465818304904598,0.9708055193627256,0.0,-0.17667344365196486,-0.4222777056723038,0.9232909152452299
21.020000000000486,4.0265394285556075,5.3871613618666085,4.0,-1.862514630848591,0.9331836504931009,0.0,-0.17784244731805396,-0.42088796405922624,0.9312573154242955
21.030000000000488,4.007834924354381,5.396304472543441,4.0,-1.8783739023182322,0.8954144211072552,0.0,-0.17947499620051952,-0.4199365477145251,0.9391869511591161
21.04000000000049,3.9889721976928545,5.405069178965215,4.0,-1.8941590188025013,0.8575037954043433,0.0,-0.18107070910245784,-0.41897689801283106,0.9470795094012506
21.05000000000049,3.969951993239178,5.413454097083184,4.0,-1.9098693571320275,0.8194577599116378,0.0,-0.1818446521102501,-0.41731884241110667,0.9549346785660138
21.060000000000493,3.9507750618784545,5.421457902821577,4.0,-1.9255042970895544,0.7812823225391866,0.0,-0.18341673272762035,-0.41637168864412305,0.9627521485447772
21.070000000000494,3.9314421606830976,5.429079332286683,4.0,-1.941063221434424,0.7429835116310944,0.0,-0.18492199414946384,-0.41537094761750226,0.970531610717212
21.080000000000496,3.9119540528829457,5.436317181966441,4.0,-1.9565455159269434,0.7045673750135776,0.0,-0.1855274685855703,-0.4136648621446237,0.9782727579634717
21.090000000000497,3.8923115078351174,5.443170308920483,4.0,-1.9719505693526411,0.6660399790399312,0.0,-0.18702037203950903,-0.41257394460210256,0.9859752846763206
21.1000000000005,3.8725153009936655,5.449637630960618,4.0,-1.9872777735463807,0.6274074076326138,0.0,-0.18744849757783336,-0.4115045382595844,0.9936388867731903
21.1100000000005,3.8525662138789434,5.455718126821722,4.0,-2.0025265234163814,0.5886757613225049,0.0,-0.18897874171751153,-0.410173196274181,1.0012632617081907
21.120000000000502,3.8324650340467477,5.461410836323013,4.0,-2.017696216968112,0.5498511562855372,0.0,-0.1898867193367761,-0.4082727454353388,1.008848108484056
21.130000000000503,3.812212555057239,5.46671486051967,4.0,-2.032786255328046,0.5109397233769152,0.0,-0.19028832190416736,-0.4070514540293397,1.016393127664023
21.140000000000505,3.79180957644361,5.471629361844785,4.0,-2.0477960427673074,0.4719476071629708,0.0,-0.19197738132860614,-0.4056454731222582,1.0238980213836537
21.150000000000507,3.771256903680521,5.476153564241628,4.0,-2.062724986725189,0.4328809649508652,0.0,-0.19325731410639052,-0.4038214363049959,1.0313624933625944
21.160000000000508,3.750555348152301,5.480286753286194,4.0,-2.077572497832545,0.39374596581627846,0.0,-0.19347479843480628,-0.4024901676196784,1.0387862489162725
21.17000000000051,3.7297057271209155,5.48402827630002,4.0,-2.0923379899350607,0.3545487896292413,0.0,-0.1950678724014238,-0.400690495574807,1.0461689949675304
21.18000000000051,3.708708863693696,5.487377542453251,4.0,-2.1070208801163943,0.3152956260782507,0.0,-0.19536678374744731,-0.3991234609049478,1.0535104400581972
21.190000000000513,3.687565586790865,5.490334022857931,4.0,-2.1216205887211785,0.27599267369287944,0.0,-0.19679932965201782,-0.3971471923249382,1.0608102943605893
21.200000000000514,3.666276731112797,5.492897250651535,4.0,-2.1361365393779126,0.23664613886493457,0.0,-0.19718088888812124,-0.3954889721958658,1.0680682696889563
21.210000000000516,3.6448431371070553,5.4950668210706795,4.0,-2.1505681590217236,0.19726223486837394,0.0,-0.19775981047604663,-0.3936795595207515,1.0752840795108618
21.220000000000518,3.623265650935233,5.4968423915150435,4.0,-2.1649148779169787,0.15784718087819113,0.0,-0.19877258469690376,-0.3912295814454863,1.0824574389584893
21.23000000000052,3.601545124439536,5.498223681601473,4.0,-2.1791761296797816,0.11840720098832515,0.0,-0.2000994459585371,-0.3899780505722978,1.0895880648398908
21.24000000000052,3.5796824151091577,5.49921047320825,4.0,-2.193351351300332,0.07894852322880329,0.0,-0.2004223443038374,-0.38805936841350325,1.096675675650166
21.250000000000522,3.5576783860464296,5.499802610509541,4.0,-2.2074399831651523,0.03947737858226329,0.0,-0.20125079729463125,-0.3851827723447016,1.1037199915825762
21.260000000000524,3.535533905932743,5.5,4.0,-2.22144146907918,8.850829776140853e-15,0.0,-0.20183437648786898,-0.38343061570397013,1.11072073453959
21.270000000000525,3.5132498489942456,5.499802610509541,4.0,-2.235355256287729,-0.03947737858225674,-0.0,-0.2023463661522576,-0.3815696955547705,1.1176776281438645
21.280000000000527,3.4908270949673588,5.49921047320825,4.0,-2.2491807954983014,-0.07894852322880792,-0.0,-0.20294312673019693,-0.37955711060774744,1.1245903977491507
21.29000000000053,3.468266529064021,5.498223681601473,4.0,-2.262917540902278,-0.11840720098832977,-0.0,-0.20366625997381732,-0.37750680731396236,1.131458770451139
21.30000000000053,3.44556904193674,5.4968423915150435,4.0,-2.276564950196475,-0.15784718087819577,-0.0,-0.2041066982727944,-0.37532074812754823,1.1382824750982374
21.31000000000053,3.4227355296434423,5.4950668210706795,4.0,-2.290122484604542,-0.19726223486837852,-0.0,-0.20475689158737045,-0.37316452328864574,1.145061242302271
21.320000000000533,3.399766893612097,5.492897250651534,4.0,-2.303589608898234,-0.23664613886493918,-0.0,-0.20518577742919106,-0.3709635927640341,1.151794804449117
21.330000000000535,3.3766640406051245,5.490334022857931,4.0,-2.3169657914185446,-0.27599267369288405,-0.0,-0.20570356432474995,-0.36877153006434804,1.1584828957092723
21.340000000000536,3.3534278826836044,5.487377542453251,4.0,-2.330250504096691,-0.3152956260782442,-0.0,-0.20611075769760936,-0.3665360902153182,1.1651252520483455
21.350000000000538,3.3300593371712637,5.484028276300021,4.0,-2.343443222474963,-0.35454878962922376,-0.0,-0.20653071741785164,-0.36432212291781074,1.1717216112374815
21.36000000000054,3.3065593266182596,5.480286753286195,4.0,-2.356543425727433,-0.3937459658162719,-0.0,-0.2068713922687572,-0.362071746710565,1.1782717128637166
21.37000000000054,3.282928778764777,5.476153564241628,4.0,-2.369550596680505,-0.43288096495086975,-0.0,-0.20721768026531792,-0.3598492882632576,1.1847752983402524
21.380000000000543,3.2591686265043904,5.471629361844784,4.0,-2.382464221833336,-0.47194760716297535,-0.0,-0.20747520655259316,-0.3575915292478186,1.191232110916668
21.390000000000544,3.2352798078472196,5.466714860519669,4.0,-2.395283791378121,-0.5109397233769197,-0.0,-0.2077381050310035,-0.3553644953290566,1.1976418956890604
21.400000000000546,3.2112632658829208,5.461410836323013,4.0,-2.4080087992202053,-0.5498511562855417,-0.0,-0.20792105487887838,-0.35310826758635133,1.2040043996101026
21.410000000000547,3.187119948743449,5.455718126821722,4.0,-2.420638742998068,-0.5886757613225094,-0.0,-0.20810291128640768,-0.3508804000365795,1.210319371499034
21.42000000000055,3.162850809565624,5.449637630960618,4.0,-2.4331731241031544,-0.6274074076326184,-0.0,-0.2082089823933945,-0.3486253648373299,1.2165865620515772
21.43000000000055,3.1384568064535063,5.443170308920484,4.0,-2.445611447699561,-0.6660399790399248,-0.0,-0.20831985064535471,-0.34639951702110267,1.2228057238497805
21.440000000000552,3.1139389024405677,5.436317181966444,4.0,-2.45795322274357,-0.7045673750135604,-0.0,-0.20835678225455914,-0.3441474439669798,1.228976611371785
21.450000000000554,3.089298065451679,5.429079332286687,4.0,-2.470197962003035,-0.7429835116310772,-0.0,-0.20839951650571414,-0.34192147228793424,1.2350989810015176
21.460000000000555,3.0645352682648763,5.421457902821576,4.0,-2.4823451820766236,-0.781282322539191,-0.0,-0.2083780175798805,-0.33967237072472745,1.2411725910383118
21.470000000000557,3.039651488473023,5.413454097083184,4.0,-2.4943944034128727,-0.8194577599116423,-0.0,-0.20835960791993405,-0.3374438999286746,1.2471972017064363
21.480000000000558,3.0146477084451213,5.405069178965213,4.0,-2.5063451503291625,-0.8575037954043478,-0.0,-0.2082878169066141,-0.33519561397699027,1.2531725751645812
21.49000000000056,2.9895249152875936,5.39630447254344,4.0,-2.5181969510304674,-0.8954144211072596,-0.0,-0.20821682753373946,-0.3329622719992764,1.2590984755152337
21.50000000000056,2.9642841008052967,5.387161361866608,4.0,-2.5299493376279893,-0.9331836504931053,-0.0,-0.2081024711472095,-0.33071139246035725,1.2649746688139947
21.510000000000563,2.9389262614623677,5.377641290737884,4.0,-2.541601846157629,-0.9708055193627301,-0.0,-0.20798674904674894,-0.3284709715827974,1.2708009230788144
21.520000000000564,2.9134523983428835,5.367745762486862,4.0,-2.5531540165983015,-1.0082740867869129,-0.0,-0.20783551386744228,-0.3262142888412512,1.2765770082991508
21.530000000000566,2.8878635171113434,5.357476339732163,4.0,-2.564605392890099,-1.0455834360445082,-0.0,-0.20768242243227814,-0.32396442279238674,1.2823026964450495
21.540000000000568,2.862160627972961,5.346834644134688,4.0,-2.575955522952293,-1.0827276755567643,-0.0,-0.20749988090111884,-0.3216988333640979,1.2879777614761465
21.55000000000057,2.8363447456337765,5.335822356141527,4.0,-2.5872039587011892,-1.1197009398176934,-0.0,-0.20731592636976123,-0.3194369318173983,1.2936019793505946
21.56000000000057,2.8104168892606483,5.324441214720626,4.0,-2.5983502560677922,-1.1564973903202194,-0.0,-0.20710725703893404,-0.3171594889070951,1.2991751280338961
21.570000000000572,2.784378082440937,5.3126930170861435,4.0,-2.6093939750153745,-1.1931112164782707,-0.0,-0.20689786264644033,-0.3148835286169623,1.3046969875076873
21.580000000000574,2.7582293531421502,5.300579618414675,4.0,-2.620334679556821,-1.229536636544256,-0.0,-0.20666925039270384,-0.31259147916533797,1.3101673397784106
21.590000000000575,2.7319717336713456,5.288102931552294,4.0,-2.63117193777185,-1.2657678985220904,-0.0,-0.2064400749326257,-0.3102990049139879,1.315585968885925
21.600000000000577,2.705606260634381,5.27526492671249,4.0,-2.6419053218240642,-1.301799281075501,-0.0,-0.20619562334319685,-0.3079903960942069,1.3209526609120321
21.61000000000058,2.6791339748949863,5.262067631165051,4.0,-2.6525344079778392,-1.3376250944314938,-0.0,-0.2059363340845799,-0.3056711228017699,1.3262672039889196
21.62000000000058,2.6525559215336756,5.24851312891593,4.0,-2.6630587766150535,-1.373239681278834,-0.0,-0.20566168337671906,-0.30334356267406437,1.3315293883075268
21.63000000000058,2.625873149806486,5.234603560378163,4.0,-2.673478012251654,-1.4086374176614007,-0.0,-0.20538649082361865,-0.3010055923470103,1.336739006125827
21.640000000000583,2.5990867131035413,5.220341122033858,4.0,-2.683791703554064,-1.4438127138662957,-0.0,-0.20510313524677365,-0.2986513085515029,1.341895851777032
21.650000000000585,2.5721976689075277,5.205728066087381,4.0,-2.6939994433554,-1.4787600153064433,-0.0,-0.20480403373629577,-0.29628757264591987,1.3469997216777
21.660000000000586,2.5452070787518535,5.190766700109657,4.0,-2.7041008286715775,-1.513473803397844,-0.0,-0.204504372881316,-0.293917567539458,1.3520504143357888
21.670000000000588,2.5181160081788025,5.175459386673813,4.0,-2.714095460717202,-1.5479485964309434,-0.0,-0.20419529860633656,-0.29152214684859856,1.357047730358601
21.68000000000059,2.4909255266974544,5.159808542982089,4.0,-2.7239829449213127,-1.5821789504362769,-0.0,-0.20387283838349468,-0.2891148207762771,1.3619914724606563
21.69000000000059,2.4636367077414594,5.143816640484132,4.0,-2.733762890942964,-1.6161594600441362,-0.0,-0.20354611482672716,-0.2866971482086907,1.366881445471482
21.700000000000593,2.4362506286266647,5.127486204486732,4.0,-2.7434349126866326,-1.64988475933814,-0.0,-0.20321174610962464,-0.28425477980390507,1.3717174563433163
21.710000000000594,2.4087683705085823,5.110819813755041,4.0,-2.7529986283174614,-1.6833495227025734,-0.0,-0.2028636550848729,-0.28179915673040534,1.3764993141587307
21.720000000000596,2.3811910183397025,5.093820100105359,4.0,-2.7624536602763325,-1.7165484656633654,-0.0,-0.20251246776329346,-0.2793336086018736,1.3812268301381663
21.730000000000597,2.353519660826656,5.076489747989527,4.0,-2.77179963529478,-1.7494763457225864,-0.0,-0.20215327985179604,-0.27684242701675665,1.38589981764739
21.7400000000006,2.325755390387287,5.0588314940710655,4.0,-2.7810361844097016,-1.7821279631862263,-0.0,-0.20178181496157066,-0.2743379325662872,1.3905180922048508
21.7500000000006,2.297899303107436,5.040848126792957,4.0,-2.7901629429779597,-1.8144981619853962,-0.0,-0.20140746009275023,-0.2718227395377377,1.3950814714889799
21.760000000000602,2.269952498697732,5.022542485937367,4.0,-2.799179550690753,-1.8465818304904584,-0.0,-0.20102585208381926,-0.26928124196829184,1.3995897753453765
21.770000000000604,2.241916080450162,5.003917462177192,4.0,-2.8080856515878487,-1.8783739023182309,-0.0,-0.20063284615365892,-0.2667248219609392,1.4040428257939244
21.780000000000605,2.2137911551945093,4.984975996619589,4.0,-2.8168808940716317,-1.9098693571320262,-0.0,-0.200237763204852,-0.26415613450701625,1.4084404470358158
21.790000000000607,2.1855788332546684,4.96572108034155,4.0,-2.8255649309209896,-1.9410632214344226,-0.0,-0.19983624614900464,-0.2615593465578031,1.4127824654604948
21.80000000000061,2.157280228404801,4.946155753917562,4.0,-2.834137419305017,-1.9719505693526354,-0.0,-0.1994249394967017,-0.25894574160386613,1.4170687096525085
21.81000000000061,2.1288964578253706,4.926283106939478,4.0,-2.842598020796551,-2.0025265234163716,-0.0,-0.199012919791276,-0.25631860230981585,1.4212990103982754
21.82000000000061,2.1004286420590237,4.906106277528615,4.0,-2.850946401385536,-2.032786255328053,-0.0,-0.19859571491790762,-0.2536621502249833,1.425473200692768
21.830000000000613,2.0718779049664153,4.8856284518402555,4.0,-2.8591822314921918,-2.0627249867251956,-0.0,-0.19817075907311577,-0.2509884403943137,1.4295911157460959
21.840000000000614,2.043245373681742,4.864852863560452,4.0,-2.867305185980052,-2.092337989935068,-0.0,-0.19774700017283656,-0.24830216792783746,1.433652592990026
21.850000000000616,2.0145321785683112,4.843782793395434,4.0,-2.875314944168783,-2.1216205887211776,-0.0,-0.19731877512990842,-0.24558642085420715,1.4376574720843915
21.860000000000618,1.985739453173903,4.822421568553529,4.0,-2.8832111898468455,-2.1505681590217223,-0.0,-0.19688534161334595,-0.24285609488713783,1.4416055949234228
21.87000000000062,1.956868334186014,4.800772562219768,4.0,-2.8909936112839816,-2.1791761296797802,-0.0,-0.19645608036501425,-0.24011803990817027,1.4454968056419908
21.88000000000062,1.9279199613869862,4.778839193023217,4.0,-2.898661901243518,-2.207439983165151,-0.0,-0.19601948293925914,-0.23734732819032073,1.449330950621759
21.890000000000622,1.8988954776090106,4.756624924497127,4.0,-2.9062157569944977,-2.235355256287724,-0.0,-0.19558511524100447,-0.2345744294878822,1.4531078784972489
21.900000000000624,1.8697960286890094,4.7341332645320175,4.0,-2.9136548803236293,-2.262917540902269,-0.0,-0.1951596435157967,-0.23180281374667042,1.4568274401618146
21.910000000000625,1.8406227634233825,4.711367764821716,4.0,-2.9209789775470663,-2.2901224846045483,-0.0,-0.1946967511621402,-0.2289596523420513,1.4604894887735331
21.920000000000627,1.811376833522723,4.688332020302557,4.0,-2.928187759521983,-2.316965791418551,-0.0,-0.1944563770053009,-0.22639717311173976,1.4640938797609915
21.93000000000063,1.7820593935662496,4.665029668585626,4.0,-2.935280941658014,-2.3434432224749697,-0.0,-0.19380639278907175,-0.22328250751736473,1.467640470829007
21.94000000000063,1.752671600956293,4.6414643893823895,4.0,-2.942258243928474,-2.3695505966805035,-0.0,-0.19336655393964933,-0.2204534762120217,1.471129121964237
21.95000000000063,1.723214615872585,4.61763990392361,4.0,-2.9491193908814175,-2.3952837913781195,-0.0,-0.19310956900975584,-0.21795970591109212,1.4745596954407088
21.960000000000633,1.6936896012264584,4.5935599743717255,4.0,-2.9558641116505098,-2.420638742998067,-0.0,-0.19262994089000668,-0.21474384968485202,1.4779320558252549
21.970000000000635,1.6640977226149367,4.569228403226754,4.0,-2.9624921399657245,-2.4456114476995596,-0.0,-0.1920845314706729,-0.2118828171228303,1.4812460699828622
21.980000000000636,1.634440148274718,4.54464903272584,4.0,-2.9690032141638523,-2.470197962003034,-0.0,-0.19181425016597445,-0.20942551273647442,1.4845016070819261
21.990000000000638,1.6047180490360544,4.5198257442365195,4.0,-2.9753970771988323,-2.494394403412865,-0.0,-0.19199176122723863,-0.20626947882877184,1.4876985385994161
22.00000000000064,1.5749325982765163,4.494762457643791,4.0,-2.9816734766519044,-2.5181969510304727,-0.0,-0.19128417297217531,-0.20329535554480097,1.4908367383259522
22.01000000000064,1.545084971874731,4.469463130731178,4.0,-2.987832164741557,-2.5416018461576346,-0.0,-0.1911147331136315,-0.20109168718075973,1.4939160823707784
22.020000000000643,1.515176348163866,4.4439317585556655,4.0,-2.993872898333334,-2.5646053928901043,-0.0,-0.1899975392146677,-0.19763563977196547,1.496936449166667
22.030000000000644,1.4852079078851723,4.41817237281689,4.0,-2.999795438949416,-2.5872039587011884,-0.0,-0.18937030472684424,-0.1945674356691424,1.499897719474708
22.040000000000646,1.455180834141359,4.39218904122047,4.0,-3.0055995527780413,-2.6093939750153736,-0.0,-0.18945321267697504,-0.19266541131669404,1.5027997763890206
22.050000000000647,1.4250963123498823,4.365985866835674,4.0,-3.0112850106827334,-2.631171937771849,-0.0,-0.18966654111613027,-0.1895248636889172,1.5056425053413667
22.06000000000065,1.3949555301961496,4.339566987447495,4.0,-3.0168515882113494,-2.6525344079778383,-0.0,-0.18866370900634893,-0.1860276432792622,1.5084257941056747
22.07000000000065,1.3647596775866315,4.312936574903244,4.0,-3.022299065604941,-2.6734780122516533,-0.0,-0.188782490487224,-0.1842730659705838,1.5111495328024704
22.080000000000652,1.334509946601885,4.286098834453773,4.0,-3.0276272278064265,-2.6939994433553935,-0.0,-0.18759612578152343,-0.18102198296768418,1.5138136139032132
22.090000000000654,1.3042075314494768,4.259058004089395,4.0,-3.0328358644690896,-2.714095460717207,-0.0,-0.18777193779085324,-0.17758588053881166,1.5164179322345448
22.100000000000655,1.2738536284169046,4.2318183538707235,4.0,-3.0379247699648673,-2.7337628909429688,-0.0,-0.1878646709198772,-0.1758253218031816,1.5189623849824336
22.110000000000657,1.2434494358242696,4.204384185254284,4.0,-3.042893743392487,-2.752998628317466,-0.0,-0.18659808559912489,-0.17260518347892975,1.5214468716962435
22.12000000000066,1.212996153977035,4.17675983041333,4.0,-3.047742588585386,-2.771799635294779,-0.0,-0.186625503874382,-0.1691738149649145,1.523871294292693
22.13000000000066,1.1824949851186233,4.148949651553719,4.0,-3.05247111411946,-2.790162942977959,-0.0,-0.18666626386426874,-0.16731003498995078,1.52623555705973
22.14000000000066,1.1519471333829543,4.120958040225082,4.0,-3.0570791333206153,-2.808085651587848,-0.0,-0.18539485287331836,-0.1640951190593128,1.5285395666603077
22.150000000000663,1.1213538047469092,4.092789416627335,4.0,-3.061566464272145,-2.825564930920989,-0.0,-0.18539470125280388,-0.160686417896402,1.5307832321360726
22.160000000000664,1.0907162069827177,4.064448228912687,4.0,-3.065932929821907,-2.8425980207965504,-0.0,-0.18535437929519297,-0.15867175575557568,1.5329664649109536
22.170000000000666,1.0600355496102805,4.035938952483217,4.0,-3.0701783575893176,-2.859182231492186,-0.0,-0.18420714932865148,-0.155538590396859,1.5350891787946588
22.180000000000668,1.0293130438494158,4.007266089284165,4.0,-3.074302579972158,-2.8753149441687778,-0.0,-0.18420518984435805,-0.15205096816260025,1.537151289986079
22.19000000000067,0.9985499025720288,3.978434167093,4.0,-3.0783054341531924,-2.890993611283985,-0.0,-0.1839655690289495,-0.1497339416526867,1.5391527170765962
22.20000000000067,0.9677473402542969,3.9494477388044986,4.0,-3.0821867621065877,-2.906215756994501,-0.0,-0.18326010677245683,-0.14694118653223784,1.5410933810532939
22.210000000000672,0.9369065729286206,3.9203113817116924,4.0,-3.085946410604164,-2.920978977547066,-0.0,-0.18334051394852263,-0.14342087669472453,1.542973205302082
22.220000000000674,0.9060288181356864,3.891029696783126,4.0,-3.089584231221436,-2.935280941658013,-0.0,-0.18284311238446888,-0.14074456037899977,1.544792115610718
22.230000000000675,0.8751152948763816,3.861607307936294,4.0,-3.093100080343475,-2.9491193908814166,-0.0,-0.18222555572069732,-0.13790766741126642,1.5465500401717376
22.240000000000677,0.8441672235636726,3.8320488613074697,4.0,-3.0964938191705778,-2.962492139965724,-0.0,-0.18210790473413146,-0.13427864694440395,1.5482469095852889
22.25000000000068,0.8131858259744229,3.8023590245180285,4.0,-3.099765313723746,-2.975397077198832,-0.0,-0.1816195597328845,-0.1314265250572622,1.549882656861873
22.26000000000068,0.7821723252011612,3.7725424859373753,4.0,-3.1029144348499775,-2.987832164741553,-0.0,-0.18106524635132681,-0.12845548428662953,1.5514572174249888
22.27000000000068,0.7511279456037943,3.742603953942596,4.0,-3.105941058227361,-2.999795438949412,-0.0,-0.18111234843475454,-0.12476800396094716,1.5529705291136806
22.280000000000683,0.7200539127612542,3.712548156174934,4.0,-3.1088450643699908,-3.011285010682736,-0.0,-0.18062071157255294,-0.12179532851090603,1.5544225321849954
22.290000000000685,0.6889514534231855,3.6823798387933087,4.0,-3.1116263386326724,-3.022299065604943,-0.0,-0.1800781459333988,-0.11868472806000102,1.5558131693163362
22.300000000000686,0.6578217954614098,3.65210376572474,4.0,-3.1142847712154627,-3.032835864469089,-0.0,-0.18019084924271395,-0.11498290526357177,1.5571423856077313
22.310000000000688,0.6266661678215204,3.6217247179121363,4.0,-3.1168202571679955,-3.0428937433924865,-0.0,-0.17969478555380933,-0.11189762070047912,1.5584101285839977
22.32000000000069,0.59548580047435,3.5912474925593125,4.0,-3.119232696393626,-3.0524711141194594,-0.0,-0.1791616191979062,-0.10861190997795672,1.559616348196813
22.33000000000069,0.5642819243674113,3.560676902373456,4.0,-3.121521993653385,-3.0615664642721447,-0.0,-0.17933094519780915,-0.10489675340029546,1.5607609968266924
22.340000000000693,0.5330557713763047,3.530017774805142,4.0,-3.123688058569736,-3.0701783575893176,-0.0,-0.17882997816873938,-0.10166988153260159,1.561844029284868
22.350000000000694,0.5018085742560814,3.4992749512860244,4.0,-3.1257308056301456,-3.07830543415319,-0.0,-0.17830260456221741,-0.0980786736739273,1.5628654028150728
22.360000000000696,0.47054156659258073,3.4684532864643205,4.0,-3.1276501541904573,-3.0859464106041616,-0.0,-0.17853484233465033,-0.09443976463902741,1.5638250770952287
22.370000000000697,0.4392559827537088,3.4375576474381835,4.0,-3.1294460284780774,-3.0931000803434765,-0.0,-0.17803233995189569,-0.09114686438952997,1.5647230142390387
22.3800000000007,0.40795305784078284,3.4065929129872043,4.0,-3.131118357594962,-3.099765313723748,-0.0,-0.1774841327576029,-0.08658450808765894,1.565559178797481
22.3900000000007,0.3766340276396605,3.37556397280189,4.0,-3.132667075520422,-3.1059410582273626,-0.0,-0.1778436958827502,-0.08310879402604605,1.566333537760211
22.400000000000702,0.3453001285720281,3.344475726711594,4.0,-3.134092121113726,-3.1116263386326724,-0.0,-0.17731704692094938,-0.0799760198407743,1.567046060556863
22.410000000000704,0.3139525976465678,3.3133330839107615,4.0,-3.1353934381165134,-3.116820257167995,-0.0,-0.17662942034189275,-0.07654359962857561,1.5676967190582567
22.420000000000705,0.28259267241012553,3.282140962183707,4.0,-3.1365709751550175,-3.121521993653385,-0.0,-0.1773974373914778,-0.07321055626530897,1.5682854875775087
22.430000000000707,0.25122159089885265,3.250904287128042,4.0,-3.1376246857420926,-3.1257308056301456,-0.0,-0.1766859905740815,-0.06857721243185362,1.5688123428710463
22.44000000000071,0.21984059158933134,3.2196279913768646,4.0,-3.138554528279048,-3.129446028478076,-0.0,-0.17618156721293277,-0.06529282406523061,1.569277264139524
22.45000000000071,0.18845091334968167,3.1883170138198405,4.0,-3.1393604660572936,-3.132667075520421,-0.0,-0.17682412121934798,-0.06197387782244798,1.5696802330286468
22.46000000000071,0.15705379539063458,3.1569762988232766,4.0,-3.1400424672597853,-3.1353934381165143,-0.0,-0.17616060764383273,-0.05833715621543382,1.5700212336298927
22.470000000000713,0.12565047721668243,3.1256107954494188,4.0,-3.1406005049622836,-3.1376246857420926,-0.0,-0.1765197874857016,-0.05404700827469048,1.5703002524811418
22.480000000000715,0.09424219857703786,3.0942254566748333,4.0,-3.1410345571344154,-3.139360466057294,-0.0,-0.17593059662270918,-0.050614266912413934,1.5705172785672077
22.490000000000716,0.06283019941676171,3.0628252386083425,4.0,-3.1413446066405433,-3.140600504962283,-0.0,-0.17573550021433682,-0.04712931789975846,1.5706723033202716
22.500000000000718,0.03141571982779556,3.0314150997083824,4.0,-3.141530641240445,-3.1413446066405433,-0.0,-0.17538495789561398,-0.04268585454334543,1.5707653206202226
22.51000000000072,2.6645352591003757e-15,3.0000000000000027,4.0,-3.141592653589793,-3.141592653589793,-0.0,-0.17586390238034263,-0.03924911065375001,1.5707963267948966
22.52000000000072,-0.03141571982779001,2.9685849002916234,4.0,-3.141530641240445,-3.1413446066405433,-0.0,-0.17538236065640897,-0.035717617368742266,1.5707653206202226
22.530000000000722,-0.06283019941675638,2.937174761391663,4.0,-3.1413446066405433,-3.1406005049622836,-0.0,-0.17557388567217228,-0.031241437070074443,1.5706723033202716
22.540000000000724,-0.09424219857703231,2.9057745433251725,4.0,-3.1410345571344154,-3.1393604660572945,-0.0,-0.17589702718570263,-0.027698236252381377,1.5705172785672077
22.550000000000725,-0.12565047721669464,2.874389204550569,4.0,-3.140600504962283,-3.137624685742092,-0.0,-0.17520475859353882,-0.02347529963145145,1.5703002524811416
22.560000000000727,-0.1570537953906468,2.8430237011767114,4.0,-3.1400424672597853,-3.135393438116513,-0.0,-0.17471714942231678,-0.019189168217987815,1.5700212336298927
22.57000000000073,-0.1884509133496759,2.811682986180165,4.0,-3.1393604660572936,-3.1326670755204216,-0.0,-0.17524995017294487,-0.015939650871533748,1.5696802330286468
22.58000000000073,-0.21984059158932578,2.7803720086231407,4.0,-3.138554528279048,-3.129446028478077,-0.0,-0.17478202666353104,-0.011624126588068762,1.569277264139524
22.59000000000073,-0.2512215908988471,2.7490957128719633,4.0,-3.1376246857420926,-3.125730805630146,-0.0,-0.17512925495993648,-0.0073713398196489,1.5688123428710463
22.600000000000733,-0.28259267241012,2.7178590378162983,4.0,-3.1365709751550175,-3.1215219936533853,-0.0,-0.174697965728554,-0.004127343983998869,1.5682854875775087
22.610000000000735,-0.31395259764656247,2.686666916089244,4.0,-3.135393438116514,-3.1168202571679964,-0.0,-0.1749986608228707,0.00024699039343465025,1.567696719058257
22.620000000000736,-0.3453001285720225,2.6555242732884112,4.0,-3.1340921211137265,-3.1116263386326737,-0.0,-0.17516516998024723,0.004548699487111675,1.5670460605568632
22.630000000000738,-0.37663402763965514,2.624436027198116,4.0,-3.1326670755204225,-3.1059410582273634,-0.0,-0.17455768922586512,0.00805159724409855,1.5663335377602112
22.64000000000074,-0.40795305784079505,2.5934070870127837,4.0,-3.1311183575949615,-3.0997653137237453,-0.0,-0.17491141133401847,0.012346835064913741,1.5655591787974807
22.65000000000074,-0.43925598275372124,2.5624423525618045,4.0,-3.129446028478077,-3.093100080343474,-0.0,-0.1744899277335442,0.016645232631388576,1.5647230142390385
22.660000000000743,-0.47054156659257496,2.5315467135356853,4.0,-3.1276501541904578,-3.0859464106041625,-0.0,-0.17474491482812488,0.020859904316348574,1.5638250770952289
22.670000000000744,-0.5018085742560761,2.500725048713981,4.0,-3.125730805630146,-3.0783054341531915,-0.0,-0.17511012538102294,0.024914195056243753,1.562865402815073
22.680000000000746,-0.5330557713762991,2.469982225194864,4.0,-3.1236880585697366,-3.070178357589319,-0.0,-0.17439429982704546,0.02913541464615955,1.5618440292848683
22.690000000000747,-0.564281924367406,2.4393230976265494,4.0,-3.1215219936533853,-3.061566464272146,-0.0,-0.1747615896152432,0.03320333606821934,1.5607609968266927
22.70000000000075,-0.5954858004743444,2.408752507440693,4.0,-3.1192326963936265,-3.0524711141194607,-0.0,-0.1750077205592816,0.03740579481856674,1.5596163481968133
22.71000000000075,-0.6266661678215149,2.378275282087869,4.0,-3.116820257167996,-3.0428937433924883,-0.0,-0.1743092738966923,0.04153249815564537,1.558410128583998
22.720000000000752,-0.6578217954614043,2.347896234275266,4.0,-3.1142847712154635,-3.032835864469091,-0.0,-0.17473247388090196,0.04571293150174465,1.5571423856077318
22.730000000000754,-0.6889514534231802,2.3176201612066967,4.0,-3.1116263386326732,-3.0222990656049453,-0.0,-0.17431205614985532,0.049878347372993154,1.5558131693163366
22.740000000000755,-0.7200539127612664,2.287451843825054,4.0,-3.1088450643699894,-3.011285010682732,-0.0,-0.17466660081336433,0.05406307832776194,1.5544225321849947
22.750000000000757,-0.7511279456037889,2.2573960460574094,4.0,-3.1059410582273617,-2.9997954389494144,-0.0,-0.17493607634369526,0.05825132080507331,1.5529705291136808
22.76000000000076,-0.7821723252011559,2.22745751406263,4.0,-3.102914434849978,-2.9878321647415556,-0.0,-0.17430361947266457,0.06244839966945828,1.551457217424989
22.77000000000076,-0.8131858259744178,2.197640975481977,4.0,-3.0997653137237466,-2.975397077198834,-0.0,-0.17465558385753702,0.06665000455417687,1.5498826568618733
22.78000000000076,-0.8441672235636672,2.1679511386925356,4.0,-3.0964938191705786,-2.962492139965726,-0.0,-0.17502690864257822,0.07085798274502304,1.5482469095852893
22.790000000000763,-0.8751152948763763,2.1383926920637113,4.0,-3.0931000803434756,-2.9491193908814193,-0.0,-0.1742696556464182,0.0750708788239546,1.5465500401717378
22.800000000000765,-0.9060288181356806,2.108970303216879,4.0,-3.0895842312214365,-2.9352809416580157,-0.0,-0.1747267049936405,0.07928236718422842,1.5447921156107183
22.810000000000766,-0.9369065729286152,2.079688618288313,4.0,-3.0859464106041643,-2.920978977547068,-0.0,-0.1749867928006941,0.08349291397726995,1.5429732053020822
22.820000000000768,-0.9677473402542915,2.0505522611955067,4.0,-3.082186762106588,-2.906215756994504,-0.0,-0.17437513919916064,0.08770579168875799,1.541093381053294
22.83000000000077,-0.9985499025720408,2.0215658329069885,4.0,-3.078305434153191,-2.8909936112839794,-0.0,-0.1747574300171374,0.09190506478662525,1.5391527170765955
22.84000000000077,-1.0293130438494102,1.99273391071584,4.0,-3.074302579972159,-2.8753149441687804,-0.0,-0.17513618515706023,0.09609551903707404,1.5371512899860795
22.850000000000772,-1.060035549610275,1.964061047516788,4.0,-3.0701783575893185,-2.859182231492189,-0.0,-0.1744187707281071,0.10028115597123052,1.5350891787946592
22.860000000000774,-1.0907162069827128,1.9355517710873185,4.0,-3.065932929821908,-2.8425980207965535,-0.0,-0.17489080977791235,0.10443820716873775,1.532966464910954
22.870000000000775,-1.1213538047469038,1.9072105833726696,4.0,-3.061566464272146,-2.8255649309209923,-0.0,-0.17524694510292557,0.10857359301686066,1.530783232136073
22.880000000000777,-1.151947133382949,1.879041959774923,4.0,-3.057079133320616,-2.808085651587851,-0.0,-0.1746004083789368,0.11269589602296191,1.528539566660308
22.89000000000078,-1.1824949851186175,1.8510503484462857,4.0,-3.0524711141194603,-2.790162942977962,-0.0,-0.17506630402169193,0.11676971552693885,1.5262355570597301
22.90000000000078,-1.2129961539770293,1.8232401695866756,4.0,-3.0477425885853875,-2.7717996352947827,-0.0,-0.1754828561941772,0.12080933034223876,1.5238712942926937
22.91000000000078,-1.2434494358242645,1.7956158147457206,4.0,-3.042893743392488,-2.752998628317469,-0.0,-0.17483319646186207,0.1248252449281464,1.521446871696244
22.920000000000783,-1.2738536284169166,1.7681816461292659,4.0,-3.0379247699648655,-2.7337628909429608,-0.0,-0.17535365519853596,0.12877551777791035,1.5189623849824327
22.930000000000785,-1.3042075314494885,1.7409419959105943,4.0,-3.0328358644690874,-2.714095460717199,-0.0,-0.17579259117707793,0.13267829614981805,1.5164179322345437
22.940000000000786,-1.3345099466018797,1.7139011655462322,4.0,-3.0276272278064273,-2.693999443355397,-0.0,-0.1751994123818736,0.13655442070452678,1.5138136139032137
22.950000000000788,-1.3647596775866262,1.6870634250967607,4.0,-3.0222990656049418,-2.673478012251657,-0.0,-0.17574046204843757,0.14034881687651932,1.5111495328024709
22.96000000000079,-1.3949555301961445,1.66043301255251,4.0,-3.0168515882113507,-2.652534407977842,-0.0,-0.1762337226299576,0.1440925145996352,1.5084257941056753
22.97000000000079,-1.425096312349877,1.6340141331643305,4.0,-3.0112850106827342,-2.631171937771853,-0.0,-0.17566291275716195,0.147810161798826,1.5056425053413671
22.980000000000793,-1.4551808341413537,1.6078109587795348,4.0,-3.005599552778042,-2.609393975015377,-0.0,-0.1762602019206158,0.1514397111822594,1.502799776389021
22.990000000000794,-1.485207907885167,1.581827627183115,4.0,-2.999795438949417,-2.5872039587011924,-0.0,-0.17678791646872158,0.15502005750036643,1.4998977194747085
23.000000000000796,-1.5151763481638605,1.556068241444339,4.0,-2.993872898333335,-2.5646053928901082,-0.0,-0.17627834496108755,0.1585799724543659,1.4969364491666675
23.010000000000797,-1.5450849718747428,1.5305368692688122,4.0,-2.9878321647415547,-2.5416018461576253,-0.0,-0.17691097626226876,0.16204921678696035,1.4939160823707773
23.0200000000008,-1.5749325982765279,1.5052375423561997,4.0,-2.9816734766519017,-2.518196951030464,0.0,-0.1774972775644703,0.1654754651411599,1.4908367383259509
23.0300000000008,-1.6047180490360493,1.480174255763485,4.0,-2.9753970771988336,-2.494394403412869,0.0,-0.17701254995955654,0.16887575779528383,1.4876985385994168
23.040000000000802,-1.6344401482747126,1.455350967274164,4.0,-2.969003214163853,-2.4701979620030383,0.0,-0.17773787124922835,0.17224446263348384,1.4845016070819266
23.050000000000804,-1.6640977226149314,1.4307715967732502,4.0,-2.962492139965726,-2.4456114476995645,0.0,-0.17818420416112898,0.17533802335155932,1.481246069982863
23.060000000000805,-1.6936896012264535,1.4064400256282787,4.0,-2.9558641116505107,-2.420638742998071,0.0,-0.17795018886413896,0.17889160074756838,1.4779320558252553
23.070000000000807,-1.72321461587258,1.3823600960763935,4.0,-2.949119390881419,-2.395283791378124,0.0,-0.1787394277184061,0.18210231157593687,1.4745596954407094
23.08000000000081,-1.752671600956288,1.3585356106176147,4.0,-2.9422582439284755,-2.369550596680508,0.0,-0.17930664555754072,0.1849745936823065,1.4711291219642377
23.09000000000081,-1.7820593935662445,1.334970331414378,4.0,-2.935280941658015,-2.343443222474974,0.0,-0.17905781837819715,0.18861599895941988,1.4676404708290074
23.10000000000081,-1.8113768335227343,1.3116679796974344,4.0,-2.92818775952198,-2.316965791418541,0.0,-0.1799798834133951,0.1917168304659222,1.46409387976099
23.110000000000813,-1.8406227634233938,1.288632235178275,4.0,-2.9209789775470636,-2.2901224846045376,0.0,-0.18058078179578158,0.1944379170951644,1.4604894887735318
23.120000000000815,-1.8697960286890045,1.265866735467986,4.0,-2.9136548803236306,-2.262917540902274,0.0,-0.18037402558087673,0.19804131485892212,1.4568274401618153
23.130000000000816,-1.898895477609006,1.2433750755028767,4.0,-2.906215756994499,-2.235355256287729,0.0,-0.181326602444957,0.20104946042942246,1.4531078784972495
23.140000000000818,-1.9279199613869813,1.2211608069767879,4.0,-2.8986619012435195,-2.207439983165156,0.0,-0.18200313555677125,0.20366174793511108,1.4493309506217598
23.15000000000082,-1.9568683341860087,1.1992274377802352,4.0,-2.890993611283983,-2.179176129679785,0.0,-0.1818288700119249,0.2071635342473719,1.4454968056419915
23.16000000000082,-1.985739453173898,1.177578431446475,4.0,-2.883211189846847,-2.150568159021727,0.0,-0.18281142056977334,0.21006118451844366,1.4416055949234234
23.170000000000822,-2.0145321785683064,1.1562172066045702,4.0,-2.8753149441687844,-2.1216205887211825,0.0,-0.18356502268767416,0.21259186417892942,1.4376574720843922
23.180000000000824,-2.0432453736817364,1.135147136439551,4.0,-2.867305185980053,-2.092337989935073,0.0,-0.1832045156627746,0.21569279644150582,1.4336525929900266
23.190000000000826,-2.0718779049664264,1.114371548159736,4.0,-2.859182231492188,-2.062724986725184,0.0,-0.18448323125366595,0.21883967514575006,1.429591115746094
23.200000000000827,-2.1004286420590352,1.0938937224713774,4.0,-2.850946401385533,-2.0327862553280416,0.0,-0.18523046936644694,0.22114118447388562,1.4254732006927664
23.21000000000083,-2.1288964578253653,1.0737168930605254,4.0,-2.8425980207965527,-2.002526523416377,0.0,-0.18491304490599894,0.22401839435563198,1.4212990103982763
23.22000000000083,-2.1572802284047956,1.053844246082441,4.0,-2.834137419305019,-1.971950569352641,0.0,-0.18525699955534514,0.22729620892230315,1.4170687096525094
23.23000000000083,-2.185578833254663,1.0342789196584534,4.0,-2.8255649309209914,-1.9410632214344277,0.0,-0.18623482600370686,0.22937087427774425,1.4127824654604957
23.240000000000833,-2.213791155194505,1.0150240033804137,4.0,-2.8168808940716334,-1.9098693571320318,0.0,-0.18745661005063285,0.23191132999811548,1.4084404470358167
23.250000000000835,-2.2419160804501566,0.9960825378228115,4.0,-2.80808565158785,-1.8783739023182364,0.0,-0.18759834934219177,0.23507975618024773,1.404042825793925
23.260000000000836,-2.2699524986977275,0.9774575140626358,4.0,-2.799179550690755,-1.846581830490464,0.0,-0.18856322505532205,0.23694431666904248,1.3995897753453774
23.270000000000838,-2.297899303107431,0.9591518732070456,4.0,-2.7901629429779615,-1.8144981619854017,0.0,-0.1886451392406056,0.23942576119269385,1.3950814714889808
23.28000000000084,-2.3257553903872976,0.9411685059289279,4.0,-2.7810361844096985,-1.7821279631862135,0.0,-0.18908992688288057,0.2423791901417996,1.3905180922048492
23.29000000000084,-2.3535196608266666,0.9235102520104657,4.0,-2.7717996352947765,-1.7494763457225737,0.0,-0.19021931612639495,0.24402400522830248,1.3858998176473882
23.300000000000843,-2.381191018339698,0.906179899894644,4.0,-2.7624536602763343,-1.7165484656633712,0.0,-0.19158852781859723,0.2461213713815337,1.3812268301381672
23.310000000000844,-2.408768370508577,0.8891801862449622,4.0,-2.752998628317463,-1.6833495227025792,0.0,-0.1918079443251575,0.24882087198904623,1.3764993141587314
23.320000000000846,-2.4362506286266603,0.8725137955132709,4.0,-2.743434912686634,-1.649884759338146,0.0,-0.1929349987616317,0.25032677400579295,1.371717456343317
23.330000000000847,-2.463636707741455,0.856183359515871,4.0,-2.7337628909429657,-1.6161594600441422,0.0,-0.19302444817623488,0.25238164356849246,1.3668814454714828
23.34000000000085,-2.49092552669745,0.8401914570179141,4.0,-2.7239829449213144,-1.5821789504362829,0.0,-0.1934206243830253,0.25445146514533634,1.3619914724606572
23.35000000000085,-2.518116008178798,0.8245406133261892,4.0,-2.714095460717204,-1.5479485964309494,0.0,-0.1948777254957575,0.2560274583461375,1.357047730358602
23.360000000000852,-2.545207078751849,0.8092332998903453,4.0,-2.7041008286715793,-1.51347380339785,0.0,-0.1963835053227689,0.25795814806298495,1.3520504143357897
23.370000000000854,-2.5721976689075383,0.7942719339126136,4.0,-2.6939994433553958,-1.4787600153064295,0.0,-0.19615326422125387,0.25924681229166324,1.3469997216776979
23.380000000000855,-2.5990867131035515,0.7796588779661366,4.0,-2.6837917035540606,-1.443812713866282,0.0,-0.19761660850394017,0.2610832453970509,1.3418958517770303
23.390000000000857,-2.625873149806481,0.7653964396218393,4.0,-2.673478012251656,-1.408637417661407,0.0,-0.19812984559592148,0.26321958715536736,1.336739006125828
23.40000000000086,-2.6525559215336707,0.7514868710840719,4.0,-2.6630587766150553,-1.37323968127884,0.0,-0.19887349926778006,0.2634456107527833,1.3315293883075277
23.41000000000086,-2.6791339748949823,0.7379323688349517,4.0,-2.652534407977841,-1.3376250944315,0.0,-0.19937261427193456,0.2655604218450969,1.3262672039889205
23.42000000000086,-2.7056062606343767,0.724735073287512,4.0,-2.641905321824066,-1.3017992810755072,0.0,-0.2005388312786169,0.26796887637925115,1.320952660912033
23.430000000000863,-2.731971733671341,0.711897068447708,4.0,-2.631171937771852,-1.2657678985220966,0.0,-0.20101070890986703,0.2673555087087325,1.315585968885926
23.440000000000865,-2.7582293531421453,0.6994203815853268,4.0,-2.620334679556823,-1.2295366365442624,0.0,-0.2018479807217326,0.26924004950496216,1.3101673397784115
23.450000000000866,-2.7843780824409325,0.6873069829138583,4.0,-2.6093939750153767,-1.193111216478277,0.0,-0.20238187848772438,0.2709372210784894,1.3046969875076884
23.460000000000868,-2.810416889260644,0.6755587852793754,4.0,-2.5983502560677945,-1.1564973903202258,0.0,-0.20328444227049386,0.2705558043567785,1.2991751280338972
23.47000000000087,-2.8363447456337862,0.6641776438584679,4.0,-2.5872039587011852,-1.119700939817679,0.0,-0.20521225129312548,0.2720315039686115,1.2936019793505926
23.48000000000087,-2.8621606279729566,0.6531653558653137,4.0,-2.5759555229522952,-1.0827276755567707,0.0,-0.20570027537267896,0.27359435304332363,1.2879777614761476
23.490000000000872,-2.887863517111339,0.6425236602678384,4.0,-2.564605392890101,-1.0455834360445146,0.0,-0.2064914040760116,0.2731178646691504,1.2823026964450506
23.500000000000874,-2.9134523983428795,0.6322542375131395,4.0,-2.5531540165983038,-1.0082740867869195,0.0,-0.20703338333851237,0.2747066621459591,1.2765770082991519
23.510000000000876,-2.9389262614623632,0.6223587092621168,4.0,-2.541601846157631,-0.9708055193627366,0.0,-0.2076431268924479,0.27589476928303525,1.2708009230788155
23.520000000000877,-2.9642841008052923,0.6128386381333941,4.0,-2.529949337627991,-0.9331836504931119,0.0,-0.2085794714192395,0.2752754289498679,1.2649746688139956
23.53000000000088,-2.989524915287589,0.6036955274565621,4.0,-2.518196951030469,-0.8954144211072662,0.0,-0.20933660167244356,0.2765829563239781,1.2590984755152346
23.54000000000088,-3.014647708445117,0.5949308210347874,4.0,-2.5063451503291643,-0.8575037954043545,0.0,-0.20972845673799959,0.276458157311065,1.2531725751645821
23.550000000000882,-3.0396514884730186,0.5865459029168179,4.0,-2.494394403412875,-0.8194577599116489,0.0,-0.21079264345070997,0.2758169525535007,1.2471972017064374
23.560000000000883,-3.064535268264886,0.578542097178421,4.0,-2.482345182076619,-0.7812823225391762,0.0,-0.21160242460195938,0.2770149083474538,1.2411725910383096
23.570000000000885,-3.0892980654516746,0.5709206677133145,4.0,-2.470197962003037,-0.742983511631084,0.0,-0.21244377117317736,0.2781352294767268,1.2350989810015185
23.580000000000886,-3.1139389024405633,0.5636828180335569,4.0,-2.4579532227435723,-0.7045673750135671,0.0,-0.2137694282009397,0.27767554435338965,1.2289766113717862
23.590000000000888,-3.138456806453502,0.5568296910795167,4.0,-2.445611447699563,-0.6660399790399315,0.0,-0.21403970851451687,0.27778302761597684,1.2228057238497816
23.60000000000089,-3.16285080956562,0.5503623690393833,4.0,-2.4331731241031567,-0.6274074076326251,0.0,-0.21462561468960192,0.2775763804968154,1.2165865620515783
23.61000000000089,-3.1871199487434447,0.5442818731782793,4.0,-2.42063874299807,-0.5886757613225162,0.0,-0.21595782339889963,0.2769924400454233,1.210319371499035
23.620000000000893,-3.2112632658829163,0.538589163676988,4.0,-2.4080087992202075,-0.5498511562855485,0.0,-0.2170968281729178,0.2766073976575967,1.2040043996101037
23.630000000000894,-3.235279807847215,0.5332851394803315,4.0,-2.395283791378123,-0.5109397233769266,0.0,-0.2180439222737348,0.277846004089391,1.1976418956890615
23.640000000000896,-3.2591686265043855,0.5283706381552165,4.0,-2.382464221833338,-0.47194760716298223,0.0,-0.21808104746166476,0.27738442129885865,1.191232110916669
23.650000000000897,-3.282928778764786,0.5238464357583714,4.0,-2.3695505966804995,-0.4328809649508545,0.0,-0.21926075141079873,0.27658729103731206,1.1847752983402497
23.6600000000009,-3.306559326618262,0.5197132467138053,4.0,-2.3565434257274323,-0.39374596581626775,0.0,-0.21958974724918237,0.27602944157079756,1.1782717128637161
23.6700000000009,-3.330059337171259,0.5159717236999786,4.0,-2.3434432224749653,-0.3545487896292306,0.0,-0.22058274552739815,0.2750848103122194,1.1717216112374826
23.680000000000902,-3.3534278826835995,0.5126224575467497,4.0,-2.330250504096693,-0.31529562607825107,0.0,-0.22058843670718326,0.2745658339245993,1.1651252520483466
23.690000000000904,-3.37666404060512,0.5096659771420691,4.0,-2.3169657914185473,-0.27599267369289093,0.0,-0.2209428558219155,0.2739880166273612,1.1584828957092737
23.700000000000905,-3.399766893612093,0.5071027493484657,4.0,-2.303589608898237,-0.2366461388649461,0.0,-0.22203603936162952,0.27286741439704726,1.1517948044491184
23.710000000000907,-3.4227355296434387,0.5049331789293214,4.0,-2.2901224846045443,-0.19726223486838543,0.0,-0.22207407792515063,0.27218180100360906,1.1450612423022721
23.72000000000091,-3.445569041936736,0.5031576084849565,4.0,-2.2765649501964775,-0.15784718087820268,0.0,-0.22235129721390298,0.27141028322980754,1.1382824750982388
23.73000000000091,-3.4682665290640173,0.5017763183985271,4.0,-2.2629175409022806,-0.11840720098833671,0.0,-0.22337421287578602,0.2700619078663371,1.1314587704511403
23.74000000000091,-3.4908270949673668,0.5007895267917499,4.0,-2.249180795498296,-0.07894852322879253,0.0,-0.223344394309085,0.2691688972421354,1.124590397749148
23.750000000000913,-3.5132498489942487,0.5001973894904599,4.0,-2.2353552562877277,-0.03947737858225251,0.0,-0.2235210607378207,0.2682039956887054,1.1176776281438638
23.760000000000915,-3.5355339059327386,0.5,4.0,-2.2214414690791826,1.92561527874241e-15,0.0,-0.22443931659815583,0.2666405372933114,1.1107207345395913
23.770000000000916,-3.557678386046427,0.5001973894904599,4.0,-2.207439983165155,0.03947737858225636,0.0,-0.22431209969532057,0.2655703175378378,1.1037199915825775
23.780000000000918,-3.579682415109154,0.5007895267917499,4.0,-2.1933513513003344,0.07894852322879638,0.0,-0.22437229353510235,0.26437560722636294,1.0966756756501672
23.79000000000092,-3.6015451244395313,0.5017763183985267,4.0,-2.1791761296797842,0.11840720098831824,0.0,-0.22515642820526513,0.2625158426782343,1.0895880648398921
23.80000000000092,-3.6232656509352292,0.503157608484956,4.0,-2.1649148779169813,0.15784718087818422,0.0,-0.22492553630055898,0.2612619026253099,1.0824574389584907
23.810000000000922,-3.644843137107052,0.5049331789293205,4.0,-2.150568159021726,0.197262234868367,0.0,-0.22487724645817384,0.2598939170046987,1.075284079510863
23.820000000000924,-3.6662767311127933,0.5071027493484643,4.0,-2.1361365393779153,0.2366461388649277,0.0,-0.22508532234330927,0.2569201820353609,1.0680682696889576
23.830000000000926,-3.6875655867908734,0.5096659771420695,4.0,-2.121620588721173,0.27599267369289476,0.0,-0.22483637022192102,0.2556634258101043,1.0608102943605866
23.840000000000927,-3.708708863693699,0.5126224575467497,4.0,-2.1070208801163925,0.3152956260782549,0.0,-0.22473710510891187,0.25427395344281273,1.0535104400581963
23.85000000000093,-3.7297057271209115,0.5159717236999795,4.0,-2.0923379899350634,0.3545487896292344,0.0,-0.22541989941333887,0.25229505135974173,1.0461689949675317
23.86000000000093,-3.7505553481522975,0.5197132467138053,4.0,-2.0775724978325476,0.3937459658162716,0.0,-0.2250818522692603,0.2509153581059591,1.0387862489162738
23.870000000000932,-3.7712569036805177,0.5238464357583719,4.0,-2.062724986725191,0.4328809649508583,0.0,-0.22481514699522895,0.24928710128464449,1.0313624933625956
23.880000000000933,-3.7918095764436064,0.5283706381552142,4.0,-2.0477960427673096,0.4719476071629639,0.0,-0.22466446556911876,0.24580472581946902,1.0238980213836548
23.890000000000935,-3.8122125550572354,0.5332851394803289,4.0,-2.0327862553280487,0.5109397233769084,0.0,-0.22437724051742264,0.2445110972944422,1.0163931276640243
23.900000000000936,-3.832465034046744,0.5385891636769848,4.0,-2.017696216968115,0.5498511562855304,0.0,-0.22398915545443607,0.24278034979700816,1.0088481084840575
23.910000000000938,-3.85256621387894,0.5442818731782766,4.0,-2.002526523416384,0.5886757613224981,0.0,-0.22398902868556902,0.23965467997730305,1.001263261708192
23.92000000000094,-3.872515300993673,0.5503623690393837,4.0,-1.987277773546375,0.6274074076326289,0.0,-0.22385150666980086,0.23856205431407634,0.9936388867731875
23.93000000000094,-3.8923115078351196,0.5568296910795172,4.0,-1.9719505693526396,0.6660399790399353,0.0,-0.22297755201756042,0.2362636982843332,0.9859752846763198
23.940000000000943,-3.9119540528829417,0.5636828180335574,4.0,-1.956545515926946,0.7045673750135709,0.0,-0.22301819052671243,0.23320479900687682,0.978272757963473
23.950000000000944,-3.9314421606830945,0.570920667713315,4.0,-1.9410632214344263,0.7429835116310877,0.0,-0.22278691404079567,0.23201951891837974,0.9705316107172132
23.960000000000946,-3.9507750618784505,0.5785420971784219,4.0,-1.925504297089557,0.7812823225391798,0.0,-0.2219303703713183,0.22958867730435553,0.9627521485447785
23.970000000000947,-3.969951993239174,0.5865459029168143,4.0,-1.9098693571320302,0.8194577599116312,0.0,-0.22183439291819737,0.22656165713196041,0.9549346785660151
23.98000000000095,-3.988972197692852,0.5949308210347835,4.0,-1.894159018802504,0.8575037954043366,0.0,-0.2209636008100324,0.22430252634349432,0.947079509401252
23.99000000000095,-4.007834924354378,0.6036955274565581,4.0,-1.878373902318235,0.8954144211072486,0.0,-0.2201598790378344,0.22196579168195005,0.9391869511591175
24.000000000000952,-4.026539428555604,0.6128386381333897,4.0,-1.8625146308485938,0.9331836504930943,0.0,-0.2206579409521984,0.21982886805475016,0.9312573154242969
24.010000000000954,-4.0450849718747355,0.622358709262115,4.0,-1.8465818304904582,0.9708055193627296,0.0,-0.21967116042630036,0.2174101041678522,0.9232909152452291
24.020000000000955,-4.063470822165472,0.6322542375131404,4.0,-1.8305761302435093,1.008274086786923,0.0,-0.21875010561523006,0.21491430250672047,0.9152880651217546
24.030000000000957,-4.081696253585921,0.6425236602678397,4.0,-1.8144981619853913,1.0455834360445182,0.0,-0.21855910061727257,0.21182320553729425,0.9072490809926956
24.04000000000096,-4.0997605466272615,0.653165355865315,4.0,-1.7983485604467566,1.0827276755567745,0.0,-0.21758565183364967,0.20943279804454107,0.8991742802233783
24.05000000000096,-4.117662988142136,0.6641776438584692,4.0,-1.7821279631862215,1.1197009398176827,0.0,-0.2166766788082151,0.20694289169654861,0.8910639815931107
24.06000000000096,-4.135402871372807,0.6755587852793701,4.0,-1.7658370105651913,1.1564973903202085,0.0,-0.2164739156005787,0.20388291220741286,0.8829185052825956
24.070000000000963,-4.15297949597906,0.6873069829138525,4.0,-1.7494763457225815,1.1931112164782598,0.0,-0.21544401422684664,0.20142064062419804,0.8747381728612907
24.080000000000965,-4.170392168065852,0.699420381585321,4.0,-1.7330466145494259,1.2295366365442453,0.0,-0.21446565700212852,0.19884592925137773,0.8665233072747129
24.090000000000966,-4.187640200210703,0.7118970684477022,4.0,-1.716548465663379,1.2657678985220797,0.0,-0.21414116629585112,0.19567176381012147,0.8582742328316895
24.100000000000968,-4.204722911490844,0.7247350732875097,4.0,-1.699982550383105,1.3017992810755006,0.0,-0.21302543406728877,0.19311762903598007,0.8499912751915525
24.11000000000097,-4.221639627510077,0.7379323688349531,4.0,-1.6833495227025776,1.3376250944315036,0.0,-0.21194155937926493,0.19042586013475324,0.8416747613512888
24.12000000000097,-4.238389680425417,0.7514868710840732,4.0,-1.6666500392652555,1.3732396812788437,0.0,-0.21146702788983204,0.18712525735332847,0.8333250196326277
24.130000000000972,-4.254972408973459,0.7653964396218407,4.0,-1.6498847593381443,1.4086374176614103,0.0,-0.21022383348109736,0.18444957031691123,0.8249423796690721
24.140000000000974,-4.271387158496475,0.779658877966138,4.0,-1.6330543447857904,1.4438127138662855,0.0,-0.20899168799225745,0.18160111172664772,0.8165271723928952
24.150000000000976,-4.28763328096826,0.794271933912615,4.0,-1.616159460044141,1.4787600153064329,0.0,-0.2083423803859164,0.1781840767759181,0.8080797300220705
24.160000000000977,-4.303710135019715,0.8092332998903382,4.0,-1.5992007720943173,1.5134738033978339,0.0,-0.20713241573917204,0.17554441832950707,0.7996003860471587
24.17000000000098,-4.319617085964173,0.8245406133261821,4.0,-1.5821789504362813,1.5479485964309332,0.0,-0.20568038601989208,0.17223040643744703,0.7910894752181407
24.18000000000098,-4.335353505822446,0.840191457017907,4.0,-1.5650946670624069,1.582178950436267,0.0,-0.20423727757313995,0.16929273059373548,0.7825473335312034
24.190000000000982,-4.350918773347628,0.8561833595158683,4.0,-1.547948596430943,1.616159460044136,0.0,-0.20358407193972783,0.16594879879570593,0.7739742982154715
24.200000000000983,-4.366312274049603,0.8725137955132727,4.0,-1.5307414154394046,1.6498847593381492,0.0,-0.202252391649839,0.16202377789498587,0.7653707077197023
24.210000000000985,-4.381533400219319,0.8891801862449635,4.0,-1.5134738033978388,1.6833495227025825,0.0,-0.20038824134570005,0.15921126190903112,0.7567369016989194
24.220000000000987,-4.3965815509527815,0.9061798998946458,4.0,-1.496146442001997,1.7165484656633745,0.0,-0.19881466806838918,0.15653134650355993,0.7480732210009985
24.230000000000988,-4.411456132174766,0.9235102520104674,4.0,-1.478760015306438,1.749476345722577,0.0,-0.19737459965649667,0.15237767384148904,0.739380007653219
24.24000000000099,-4.426156556662274,0.9411685059289292,4.0,-1.4613152096975175,1.7821279631862166,0.0,-0.19541680746396564,0.14941795326747867,0.7306576048487587
24.25000000000099,-4.4406822440677205,0.9591518732070372,4.0,-1.4438127138662904,1.8144981619853868,0.0,-0.19418908083127698,0.14609717751332837,0.7219063569331452
24.260000000000993,-4.455032620941836,0.9774575140626274,4.0,-1.426253218781323,1.846581830490449,0.0,-0.1924783975666473,0.1419813552290025,0.7131266093906615
24.270000000000994,-4.469207120756314,0.9960825378228026,4.0,-1.4086374176614154,1.8783739023182215,0.0,-0.19025740861604362,0.13905837427328052,0.7043187088307077
24.280000000000996,-4.483205183926178,1.01502400338041,4.0,-1.3909660059482267,1.9098693571320258,0.0,-0.18830649851521802,0.13622470472223566,0.6954830029741134
24.290000000000997,-4.497026257831857,1.0342789196584554,4.0,-1.3732396812788386,1.9410632214344308,0.0,-0.18669734083841216,0.13213169843589334,0.6866198406394193
24.300000000001,-4.510669796841015,1.053844246082443,4.0,-1.3554591434582015,1.9719505693526436,0.0,-0.1842236954922897,0.12885686342134653,0.6777295717291008
24.310000000001,-4.524135262330098,1.0737168930605272,4.0,-1.3376250944314985,2.0025265234163796,0.0,-0.1826374252011042,0.1253838349242394,0.6688125472157492
24.320000000001002,-4.537422122705584,1.0938937224713794,4.0,-1.3197382382564484,2.0327862553280442,0.0,-0.18079824961471785,0.12144046288980632,0.6598691191282242
24.330000000001004,-4.550529853424977,1.114371548159738,4.0,-1.3017992810755057,2.062724986725187,0.0,-0.17792227075924053,0.11821433937054338,0.6508996405377528
24.340000000001005,-4.563457937017512,1.1351471364395411,4.0,-1.2838089310879837,2.092337989935059,0.0,-0.17566689102207575,0.11534824596021856,0.6419044655439918
24.350000000001007,-4.576205863104585,1.1562172066045604,4.0,-1.265767898522095,2.1216205887211688,0.0,-0.1737326553919276,0.11130452017165272,0.6328839492610475
24.36000000000101,-4.588773128419902,1.177578431446465,4.0,-1.2476768956069146,2.150568159021714,0.0,-0.17133390485840452,0.10721845446875103,0.6238384478034573
24.37000000000101,-4.601159236829351,1.1992274377802312,4.0,-1.2295366365442557,2.17917612967978,0.0,-0.16880256378753664,0.10448366235770536,0.6147683182721279
24.38000000000101,-4.613363699350576,1.22116080697679,4.0,-1.2113478374804898,2.207439983165159,0.0,-0.16657449122586399,0.10059086403282115,0.6056739187402449
24.390000000001013,-4.625386034172291,1.243375075502879,4.0,-1.1931112164782651,2.2353552562877317,0.0,-0.1638419007358047,0.09673312345791235,0.5965556082391326
24.400000000001015,-4.637225766673307,1.2658667354679882,4.0,-1.1748274934881473,2.262917540902276,0.0,-0.16115127293652742,0.093955031769738,0.5874137467440737
24.410000000001016,-4.648882429441256,1.2886322351782775,4.0,-1.1564973903202138,2.2901224846045407,0.0,-0.15875450465979335,0.09005074774304217,0.5782486951601069
24.420000000001018,-4.660355562291054,1.3116679796974366,4.0,-1.138121630615551,2.3169657914185433,0.0,-0.15586407681076453,0.08627286786722123,0.5690608153077755
24.43000000000102,-4.671644712283058,1.3349703314143673,4.0,-1.1197009398176878,2.3434432224749617,0.0,-0.15297752658981656,0.08346603495515317,0.5598504699088439
24.44000000000102,-4.682749433740959,1.3585356106176034,4.0,-1.1012360451439558,2.369550596680496,0.0,-0.15039104710679882,0.07959929659441554,0.5506180225719779
24.450000000001022,-4.693669288269367,1.3823600960763822,4.0,-1.0827276755567796,2.3952837913781124,0.0,-0.1475979282320497,0.07586495353121976,0.5413638377783898
24.460000000001024,-4.704403844771127,1.406440025628274,4.0,-1.064176561734894,2.4206387429980665,0.0,-0.14433432531016108,0.07304663772189623,0.532088280867447
24.470000000001026,-4.714952679464323,1.4307715967732524,4.0,-1.045583436044513,2.4456114476995667,0.0,-0.14151303718564856,0.06923435291637108,0.5227917180222565
24.480000000001027,-4.725315375899025,1.4553509672741665,4.0,-1.026949032510408,2.4701979620030405,0.0,-0.13844354524379668,0.06555925227211844,0.513474516255204
24.49000000000103,-4.735491524973722,1.4801742557634874,4.0,-1.0082740867869178,2.4943944034128713,0.0,-0.1352462689488427,0.0628394315039589,0.5041370433934589
24.50000000000103,-4.745480724951473,1.505237542356202,4.0,-0.9895593361289231,2.518196951030466,0.0,-0.13206965886708635,0.059037982862008016,0.49477966806446155
24.510000000001032,-4.755282581475767,1.5305368692688146,4.0,-0.9708055193627351,2.5416018461576275,0.0,-0.12879020252214787,0.05530375251685591,0.48540275968136753
24.520000000001033,-4.764896707586093,1.556068241444327,4.0,-0.9520133768569279,2.564605392890098,0.0,-0.1255395110653582,0.052887826527008075,0.47600668842846394
24.530000000001035,-4.774322723733213,1.581827627183103,4.0,-0.9331836504931104,2.5872039587011817,0.0,-0.12215011725663716,0.04905129074650931,0.4665918252465552
24.540000000001037,-4.78356025779415,1.6078109587795226,4.0,-0.9143170836366377,2.609393975015367,0.0,-0.11852274413745648,0.04528223367642244,0.45715854181831883
24.550000000001038,-4.7926089450868785,1.6340141331643254,4.0,-0.8954144211072592,2.631171937771849,0.0,-0.11525833473410459,0.043077374110410446,0.4477072105536296
24.56000000000104,-4.801468428384717,1.6604330125525129,4.0,-0.8764764091497305,2.652534407977844,0.0,-0.11171487536562133,0.03931897585363988,0.43823820457486523
24.57000000000104,-4.81013835793043,1.6870634250967633,4.0,-0.8575037954043421,2.673478012251659,0.0,-0.10814016167623774,0.03565171156424396,0.42875189770217104
24.580000000001043,-4.818618391450048,1.7139011655462348,4.0,-0.8384973288773926,2.693999443355399,0.0,-0.10453097562237051,0.033443051199309674,0.4192486644386963
24.590000000001044,-4.82690819416637,1.7409419959105972,4.0,-0.8194577599116366,2.7140954607172008,0.0,-0.10083289502195167,0.029773691485115376,0.4097288799558183
24.600000000001046,-4.835007438812174,1.7681816461292685,4.0,-0.8003858401566556,2.733762890942963,0.0,-0.09708597788244815,0.026222143418011438,0.4001929200783278
24.610000000001047,-4.8429158056431545,1.7956158147457078,4.0,-0.7812823225391853,2.7529986283174606,0.0,-0.09329721274186509,0.024010725938968875,0.39064116126959264
24.62000000000105,-4.850632982450527,1.8232401695866627,4.0,-0.7621479612333908,2.7717996352947742,0.0,-0.08942987053125322,0.020472399619493157,0.3810739806166954
24.63000000000105,-4.858158664573367,1.8510503484462726,4.0,-0.7429835116310931,2.790162942977954,0.0,-0.08554715142303579,0.017026920285297436,0.37149175581554655
24.640000000001052,-4.865492554910633,1.8790419597749177,4.0,-0.7237897303119424,2.8080856515878474,0.0,-0.08161555908292069,0.01480643850651496,0.3618948651559712
24.650000000001054,-4.872634363932887,1.9072105833726725,4.0,-0.7045673750135654,2.825564930920994,0.0,-0.07759110628628033,0.011440348970659243,0.3522836875067827
24.660000000001055,-4.879583809693738,1.9355517710873213,4.0,-0.6853172046016409,2.8425980207965553,0.0,-0.07355715972724172,0.008147224514810208,0.34265860230082046
24.670000000001057,-4.886340617840967,1.9640610475167908,4.0,-0.6660399790399298,2.859182231492191,0.0,-0.06968886317742562,0.005306966239826155,0.3330199895199649
24.68000000000106,-4.892904521627361,1.9927339107158426,4.0,-0.6467364593602893,2.8753149441687818,0.0,-0.0654886248335388,0.0021903166188521435,0.32336822968014467
24.69000000000106,-4.899275261921233,2.021565832906991,4.0,-0.6274074076326235,2.8909936112839807,0.0,-0.061232913380882964,-0.0006438749544166823,0.31370370381631174
24.70000000000106,-4.905452587216669,2.050552261195493,4.0,-0.6080535869347978,2.906215756994497,0.0,-0.05686601760827731,-0.002419044484812573,0.3040267934673989
24.710000000001063,-4.911436253643442,2.0796886182882988,4.0,-0.5886757613225145,2.9209789775470614,0.0,-0.052572930660287204,-0.005414854303057794,0.29433788066125727
24.720000000001065,-4.917226024976647,2.108970303216865,4.0,-0.5692746957991485,2.935280941658009,0.0,-0.04830376700262096,-0.008325438277195011,0.28463734789957423
24.730000000001066,-4.922821672646027,2.138392692063706,4.0,-0.5498511562855414,2.9491193908814166,0.0,-0.04410616550127479,-0.01098631389006144,0.2749255781427707
24.740000000001068,-4.92822297574499,2.16795113869253,4.0,-0.5304059095897854,2.9624921399657236,0.0,-0.03968010468186063,-0.013630353824001473,0.2652029547948927
24.75000000000107,-4.9334297210393405,2.1976409754819795,4.0,-0.5109397233769138,2.975397077198835,0.0,-0.03524507989619464,-0.016115302398612013,0.2554698616884569
24.76000000000107,-4.938441702975689,2.2274575140626327,4.0,-0.49145336613863777,2.9878321647415564,0.0,-0.0306033182639751,-0.017545808598842333,0.24572668306931889
24.770000000001072,-4.94325872368957,2.257396046057412,4.0,-0.47194760716296946,2.9997954389494157,0.0,-0.02613264952000292,-0.020080186683122107,0.23597380358148473
24.780000000001074,-4.947880593013255,2.2874518438250573,4.0,-0.4524232165038741,3.011285010682733,0.0,-0.02168935313884268,-0.02255403398796229,0.22621160825193706
24.790000000001076,-4.952307128483255,2.3176201612066825,4.0,-0.4328809649508638,3.02229906560494,0.0,-0.017193054443320543,-0.024905927883956357,0.2164404824754319
24.800000000001077,-4.956538155347532,2.3478962342752516,4.0,-0.41332162399856825,3.032835864469086,0.0,-0.012643994614008168,-0.027142360711892282,0.20666081199928413
24.81000000000108,-4.960573506572389,2.3782752820878548,4.0,-0.3937459658162771,3.042893743392484,0.0,-0.00809861353995631,-0.029201635201673178,0.19687298290813854
24.82000000000108,-4.964413022849068,2.408752507440687,4.0,-0.3741547632174511,3.052471114119459,0.0,-0.0034743005088918063,-0.03111570847358792,0.18707738160872556
24.830000000001082,-4.968056552600041,2.4393230976265436,4.0,-0.3545487896292344,3.0615664642721447,0.0,0.001173016805887494,-0.03308001606989708,0.1772743948146172
24.840000000001083,-4.971503951984994,2.469982225194867,4.0,-0.33492881906188243,3.07017835758932,0.0,0.005733996447159605,-0.03485986071803766,0.16746440953094122
24.850000000001085,-4.9747550849065005,2.500725048713984,4.0,-0.31529562607824935,3.0783054341531924,0.0,0.0104317724374,-0.03653976114825659,0.15764781303912467
24.860000000001087,-4.9778098230154,2.531546713535688,4.0,-0.2956499857631713,3.0859464106041634,0.0,0.015151126076496243,-0.03824360285274181,0.14782499288158565
24.870000000001088,-4.980668045715862,2.5624423525618076,4.0,-0.2759926736928892,3.0931000803434747,0.0,0.019711582836687176,-0.03975649312057373,0.1379963368464446
24.88000000000109,-4.983329640170149,2.5934070870127868,4.0,-0.2563244659044248,3.099765313723746,0.0,0.02445803867061779,-0.04121555290223632,0.1281622329522124
24.89000000000109,-4.985794501303069,2.6244360271981013,4.0,-0.23664613886494437,3.1059410582273608,0.0,0.029215622314318408,-0.04264316254605154,0.11832306943247219
24.900000000001093,-4.988062531806126,2.6555242732883966,4.0,-0.21695846944110458,3.1116263386326706,0.0,0.03377942630758647,-0.043887479697794156,0.10847923472055229
24.910000000001094,-4.990133642141358,2.686666916089238,4.0,-0.19726223486837813,3.116820257167995,0.0,0.03852680761458767,-0.04512711476384692,0.09863111743418906
24.920000000001096,-4.992007750544875,2.7178590378162926,4.0,-0.17755821272039168,3.121521993653385,0.0,0.04329593654908072,-0.04629279848169976,0.08877910636019584
24.930000000001098,-4.993684783030088,2.7490957128719664,4.0,-0.1578471808781898,3.1257308056301465,0.0,0.04787692959393597,-0.04727486711917828,0.0789235904390949
24.9400000000011,-4.995164673390623,2.780372008623144,4.0,-0.1381299174995701,3.129446028478077,0.0,0.05168547125611638,-0.048222259690107634,0.06906495874978505
24.9500000000011,-4.996447363202946,2.811682986180168,4.0,-0.11840720098832382,3.132667075520422,0.0,0.056740445240464635,-0.04916948146604722,0.05920360049416191
24.960000000001102,-4.997532801828657,2.8430237011767145,4.0,-0.09867980996352811,3.1353934381165134,0.0,0.06152548175451964,-0.04991189959005882,0.049339904981764056
24.970000000001104,-4.9984209464165,2.874389204550572,4.0,-0.07894852322880194,3.1376246857420926,0.0,0.06640733966509009,-0.050721636432106615,0.03947426161440097
24.980000000001105,-4.999111761904045,2.9057745433251574,4.0,-0.05921411974156024,3.1393604660572936,0.0,0.070443580811999,-0.05138370020123237,0.02960705987078012
24.990000000001107,-4.99960522101908,2.937174761391648,4.0,-0.03947737858226194,3.140600504962283,0.0,0.07525560968819127,-0.0518734985802768,0.01973868929113097
25.00000000000111,-4.9999013042806855,2.9685849002916176,4.0,-0.019739078923647735,3.1413446066405433,0.0,0.0801295658734636,-0.052464844560801874,0.009869539461823867
25.01000000000111,-5.0,2.999999999999997,4.0,-1.92367069372179e-15,3.141592653589793,0.0,0.085072759641591,-0.05292932302776926,9.61835346860895e-16
25.02000000000111,-4.9999013042806855,3.0314150997083855,4.0,0.01973907892364947,3.1413446066405433,0.0,0.08978444992779269,-0.053159215050668646,-0.009869539461824735
25.030000000001113,-4.99960522101908,3.0628252386083457,4.0,0.03947737858225809,3.140600504962283,0.0,0.0934758187940768,-0.053536345437391546,-0.019738689291129045
25.040000000001115,-4.999111761904045,3.0942254566748364,4.0,0.059214119741556395,3.1393604660572936,0.0,0.0975975712441325,-0.05379055352272973,-0.029607059870778198
25.050000000001116,-4.9984209464165,3.125610795449422,4.0,0.07894852322879811,3.1376246857420926,0.0,0.10247234228589985,-0.053777610999127104,-0.039474261614399056
25.060000000001118,-4.997532801828658,3.1569762988232797,4.0,0.09867980996352425,3.135393438116514,0.0,0.1066340576811178,-0.05395204124481774,-0.04933990498176213
25.07000000000112,-4.996447363202947,3.188317013819826,4.0,0.11840720098831996,3.132667075520423,0.0,0.11085986985702853,-0.053993513941017035,-0.05920360049415998
25.08000000000112,-4.995164673390624,3.21962799137685,4.0,0.13812991749956627,3.129446028478078,0.0,0.11572827053906361,-0.05372943019437327,-0.06906495874978313
25.090000000001123,-4.993684783030087,3.2509042871280363,4.0,0.15784718087819152,3.125730805630146,0.0,0.11977208481401892,-0.05370479203020141,-0.07892359043909576
25.100000000001124,-4.992007750544875,3.282140962183701,4.0,0.17755821272038785,3.1215219936533853,0.0,0.12388243247769955,-0.05353716823190107,-0.08877910636019393
25.110000000001126,-4.990133642141358,3.3133330839107646,4.0,0.19726223486837985,3.116820257167995,0.0,0.128710083720783,-0.053019041816604086,-0.09863111743418992
25.120000000001127,-4.9880625318061265,3.344475726711597,4.0,0.21695846944110075,3.111626338632672,0.0,0.13260525084158806,-0.052773551573561096,-0.10847923472055038
25.13000000000113,-4.98579450130307,3.375563972801893,4.0,0.23664613886494054,3.1059410582273617,0.0,0.13651599317254645,-0.05238150317881077,-0.11832306943247027
25.14000000000113,-4.983329640170149,3.4065929129872075,4.0,0.256324465904421,3.099765313723747,0.0,0.14126996838200329,-0.05161498604409432,-0.1281622329522105
25.150000000001132,-4.980668045715863,3.4375576474381866,4.0,0.2759926736928853,3.093100080343476,0.0,0.14496561208364128,-0.05116331662831747,-0.13799633684644266
25.160000000001133,-4.9778098230154,3.468453286464306,4.0,0.2956499857631675,3.085946410604165,0.0,0.1485042940896272,-0.05051253310794215,-0.14782499288158374
25.170000000001135,-4.974755084906501,3.49927495128601,4.0,0.3152956260782455,3.078305434153194,0.0,0.15341727614281953,-0.04960423901598939,-0.15764781303912276
25.180000000001137,-4.971503951984994,3.530017774805136,4.0,0.3349288190618841,3.070178357589319,0.0,0.1567239244329315,-0.04887255323416659,-0.16746440953094205
25.190000000001138,-4.968056552600043,3.56067690237345,4.0,0.3545487896292306,3.061566464272146,0.0,0.16006275116566507,-0.04802096731755757,-0.1772743948146153
25.20000000000114,-4.964413022849068,3.5912474925593156,4.0,0.3741547632174529,3.0524711141194585,0.0,0.16458517250529758,-0.046867910511399186,-0.18707738160872645
25.21000000000114,-4.960573506572389,3.621724717912139,4.0,0.39374596581627336,3.0428937433924856,0.0,0.1677002931090164,-0.04590439975286005,-0.19687298290813668
25.220000000001143,-4.956538155347533,3.6521037657247426,4.0,0.4133216239985644,3.0328358644690883,0.0,0.17078568083481366,-0.0448500538756317,-0.2066608119992822
25.230000000001144,-4.952307128483256,3.6823798387933113,4.0,0.43288096495086004,3.022299065604942,0.0,0.1739399524245845,-0.043682185389813985,-0.21644048247543002
25.240000000001146,-4.947880593013255,3.712548156174937,4.0,0.4524232165038703,3.011285010682735,0.0,0.17710969589776696,-0.04246380938445781,-0.22621160825193515
25.250000000001148,-4.943258723689571,3.7426039539425817,4.0,0.47194760716296563,2.999795438949418,0.0,0.1802981015858921,-0.04113500700718755,-0.23597380358148282
25.26000000000115,-4.93844170297569,3.7725424859373615,4.0,0.4914533661386339,2.9878321647415587,0.0,0.1834317734966833,-0.03972052739373671,-0.24572668306931694
25.27000000000115,-4.9334297210393405,3.802359024518023,4.0,0.5109397233769155,2.975397077198834,0.0,0.18644225996674177,-0.03827561115925009,-0.25546986168845776
25.280000000001152,-4.9282229757449905,3.832048861307464,4.0,0.5304059095897816,2.9624921399657262,0.0,0.18944488536319307,-0.03671980322521265,-0.2652029547948908
25.290000000001154,-4.922821672646028,3.8616073079362883,4.0,0.5498511562855375,2.9491193908814193,0.0,0.19236263720791388,-0.0350981693366721,-0.27492557814276875
25.300000000001155,-4.917226024976648,3.891029696783129,4.0,0.5692746957991448,2.9352809416580117,0.0,0.1952096357662131,-0.03341979183422041,-0.2846373478995724
25.310000000001157,-4.911436253643443,3.9203113817116955,4.0,0.5886757613225106,2.9209789775470645,0.0,0.19799102274929392,-0.03165300129438123,-0.2943378806612553
25.32000000000116,-4.905452587216671,3.9494477388045013,4.0,0.608053586934794,2.9062157569944995,0.0,0.20070673838669534,-0.029820923617944833,-0.304026793467397
25.33000000000116,-4.899275261921235,3.978434167093003,4.0,0.6274074076326197,2.890993611283984,0.0,0.20335748663323946,-0.027922011911040226,-0.31370370381630985
25.34000000000116,-4.8929045216273614,4.007266089284151,4.0,0.6467364593602856,2.875314944168785,0.0,0.20592358430555985,-0.025951534563651377,-0.3233682296801428
25.350000000001163,-4.886340617840969,4.035938952483203,4.0,0.6660399790399261,2.859182231492194,0.0,0.20842787924178172,-0.023916207533493605,-0.33301998951996303
25.360000000001165,-4.879583809693737,4.064448228912681,4.0,0.6853172046016426,2.8425980207965535,0.0,0.21086347989618304,-0.021815314640609377,-0.3426586023008213
25.370000000001166,-4.872634363932886,4.09278941662733,4.0,0.7045673750135671,2.8255649309209923,0.0,0.2132035858913789,-0.01965566398252316,-0.35228368750678357
25.380000000001168,-4.865492554910634,4.1209580402250765,4.0,0.7237897303119386,2.808085651587851,0.0,0.21547808036329025,-0.017434431493930792,-0.3618948651559693
25.39000000000117,-4.858158664573369,4.148949651553722,4.0,0.7429835116310893,2.790162942977957,0.0,0.21768888315396176,-0.015153776791478087,-0.37149175581554467
25.40000000000117,-4.850632982450529,4.1767598304133315,4.0,0.762147961233387,2.7717996352947774,0.0,0.21978044135706692,-0.012822261659912158,-0.3810739806166935
25.410000000001173,-4.842915805643156,4.204384185254288,4.0,0.7812823225391815,2.752998628317464,0.0,0.2218536620869264,-0.010434652128116393,-0.39064116126959075
25.420000000001174,-4.835007438812176,4.231818353870726,4.0,0.8003858401566519,2.733762890942967,0.0,0.22381742276175348,-0.007994550610362904,-0.40019292007832596
25.430000000001176,-4.826908194166371,4.259058004089398,4.0,0.8194577599116329,2.7140954607172048,0.0,0.22544598997238854,-0.005512171123244613,-0.40972887995581647
25.440000000001177,-4.81861839145005,4.28609883445376,4.0,0.8384973288773889,2.693999443355403,0.0,0.2276112046620414,-0.002947039177214119,-0.41924866443869446
25.45000000000118,-4.8101383579304295,4.3129365749032385,4.0,0.8575037954043436,2.6734780122516573,0.0,0.22931412120547626,-0.00041321192168482755,-0.4287518977021718
25.46000000000118,-4.801468428384716,4.33956698744749,4.0,0.8764764091497322,2.652534407977842,0.0,0.23069430384194634,0.0021314287749297097,-0.4382382045748661
25.470000000001182,-4.792608945086881,4.365985866835669,4.0,0.8954144211072556,2.6311719377718537,0.0,0.23226751341150187,0.005876123159265617,-0.4477072105536278
25.480000000001183,-4.783560257794149,4.39218904122048,4.0,0.9143170836366392,2.609393975015365,0.0,0.23384656191060083,0.008276001972856313,-0.4571585418183196
25.490000000001185,-4.774322723733212,4.418172372816899,4.0,0.9331836504931119,2.58720395870118,0.0,0.2350747152915725,0.010639579718530216,-0.46659182524655596
25.500000000001187,-4.764896707586091,4.443931758555675,4.0,0.9520133768569294,2.564605392890096,0.0,0.2370463743928661,0.01321145856925947,-0.4760066884284647
25.510000000001188,-4.755282581475766,4.469463130731188,4.0,0.9708055193627366,2.5416018461576257,0.0,0.23804559435772502,0.015755544836356872,-0.4854027596813683
25.52000000000119,-4.745480724951472,4.4947624576438,4.0,0.9895593361289248,2.518196951030464,0.0,0.23924639558638972,0.018300527343758352,-0.4947796680644624
25.53000000000119,-4.735491524973721,4.519825744236515,4.0,1.0082740867869195,2.494394403412869,0.0,0.24030939674568388,0.02221575283583158,-0.5041370433934598
25.540000000001193,-4.725315375899024,4.544649032725836,4.0,1.0269490325104096,2.4701979620030388,0.0,0.2410985164944617,0.02450350558824863,-0.5134745162552048
25.550000000001194,-4.714952679464323,4.56922840322675,4.0,1.0455834360445146,2.4456114476995645,0.0,0.242307646052988,0.02689162921984375,-0.5227917180222573
25.560000000001196,-4.704403844771129,4.593559974371721,4.0,1.0641765617348904,2.4206387429980714,0.0,0.2437225293406394,0.02978971133420042,-0.5320882808674452
25.570000000001198,-4.6936692882693665,4.61763990392362,4.0,1.0827276755567812,2.3952837913781098,0.0,0.24424978655685672,0.032069418449492355,-0.5413638377783906
25.5800000000012,-4.682749433740958,4.641464389382398,4.0,1.1012360451439573,2.3695505966804937,0.0,0.24501559492644098,0.03480258608337217,-0.5506180225719787
25.5900000000012,-4.671644712283057,4.665029668585635,4.0,1.1197009398176894,2.34344322247496,0.0,0.24563012503104104,0.03858727915738353,-0.5598504699088447
25.600000000001202,-4.660355562291053,4.688332020302566,4.0,1.1381216306155526,2.316965791418541,0.0,0.24597385094026036,0.04072660569124783,-0.5690608153077763
25.610000000001204,-4.648882429441255,4.711367764821725,4.0,1.1564973903202154,2.290122484604538,0.0,0.24671960477495603,0.04308349763988322,-0.5782486951601077
25.620000000001205,-4.637225766673306,4.734133264532014,4.0,1.174827493488149,2.262917540902274,0.0,0.24707442245320316,0.0467850308761242,-0.5874137467440745
25.630000000001207,-4.6253860341722906,4.756624924497123,4.0,1.1931112164782667,2.235355256287729,0.0,0.24728318027235757,0.048817744142300924,-0.5965556082391333
25.64000000000121,-4.613363699350575,4.778839193023212,4.0,1.2113478374804914,2.2074399831651563,0.0,0.247834284020921,0.05108387971277856,-0.6056739187402457
25.65000000000121,-4.6011592368293535,4.800772562219764,4.0,1.2295366365442522,2.1791761296797856,0.0,0.24750461328551554,0.05460028947976353,-0.6147683182721261
25.66000000000121,-4.5887731284199,4.822421568553537,4.0,1.2476768956069162,2.150568159021711,0.0,0.24796148772339766,0.05666851984269693,-0.6238384478034581
25.670000000001213,-4.576205863104584,4.843782793395441,4.0,1.2657678985220966,2.1216205887211665,0.0,0.2482714551228494,0.05893394397127168,-0.6328839492610483
25.680000000001215,-4.563457937017511,4.864852863560461,4.0,1.2838089310879852,2.0923379899350567,0.0,0.24779563844370822,0.06217297185254284,-0.6419044655439926
25.690000000001216,-4.550529853424976,4.8856284518402635,4.0,1.3017992810755072,2.0627249867251845,0.0,0.248036590680064,0.0643402487848543,-0.6508996405377536
25.700000000001218,-4.537422122705583,4.906106277528623,4.0,1.31973823825645,2.0327862553280416,0.0,0.2480353840064059,0.06673529745392841,-0.659869119128225
25.71000000000122,-4.5241352623300966,4.926283106939475,4.0,1.3376250944315,2.0025265234163774,0.0,0.2474500524314901,0.06975860515306104,-0.66881254721575
25.72000000000122,-4.5106697968410145,4.946155753917559,4.0,1.355459143458203,1.9719505693526411,0.0,0.24738710977080397,0.07203700918220972,-0.6777295717291015
25.730000000001223,-4.497026257831856,4.965721080341546,4.0,1.37323968127884,1.941063221434428,0.0,0.24726977261164573,0.07430161546943158,-0.68661984063942
25.740000000001224,-4.483205183926181,4.9849759966195855,4.0,1.3909660059482234,1.909869357132032,0.0,0.2463943689089496,0.07737005008331234,-0.6954830029741117
25.750000000001226,-4.469207120756313,5.003917462177199,4.0,1.4086374176614167,1.8783739023182187,0.0,0.24616525386863555,0.07959888392284153,-0.7043187088307084
25.760000000001227,-4.455032620941834,5.022542485937374,4.0,1.4262532187813246,1.8465818304904462,0.0,0.24533759751580053,0.08242303023664814,-0.7131266093906623
25.77000000000123,-4.440682244067719,5.040848126792964,4.0,1.443812713866292,1.8144981619853837,0.0,0.24451384460406558,0.08517825980748328,-0.721906356933146
25.78000000000123,-4.4261565566622725,5.058831494071072,4.0,1.461315209697519,1.7821279631862137,0.0,0.2442795298068973,0.08718832407554072,-0.7306576048487595
25.790000000001232,-4.411456132174764,5.076489747989534,4.0,1.4787600153064393,1.7494763457225742,0.0,0.2432894779677452,0.08996316494564453,-0.7393800076532197
25.800000000001234,-4.39658155095278,5.093820100105356,4.0,1.4961464420019985,1.7165484656633716,0.0,0.2425476506186866,0.09268593175326609,-0.7480732210009993
25.810000000001235,-4.381533400219318,5.110819813755038,4.0,1.5134738033978403,1.6833495227025794,0.0,0.2417528514486626,0.09443124616638583,-0.7567369016989202
25.820000000001237,-4.366312274049601,5.127486204486729,4.0,1.5307414154394063,1.6498847593381465,0.0,0.2408281099010914,0.097394814794015,-0.7653707077197032
25.830000000001238,-4.35091877334763,5.143816640484129,4.0,1.5479485964309396,1.6161594600441427,0.0,0.23995386503513705,0.10020134964200818,-0.7739742982154698
25.84000000000124,-4.335353505822444,5.159808542982095,4.0,1.5650946670624082,1.582178950436264,0.0,0.23886338137463764,0.1015303279661884,-0.7825473335312041
25.85000000000124,-4.319617085964172,5.175459386673819,4.0,1.5821789504362829,1.5479485964309303,0.0,0.23790139269089794,0.10456569630500553,-0.7910894752181414
25.860000000001243,-4.303710135019713,5.190766700109663,4.0,1.5992007720943187,1.5134738033978308,0.0,0.23692171462969022,0.10741343970705396,-0.7996003860471593
25.870000000001244,-4.287633280968258,5.205728066087387,4.0,1.6161594600441422,1.47876001530643,0.0,0.23567166095052647,0.1085024016620274,-0.8080797300220711
25.880000000001246,-4.2713871584964735,5.220341122033863,4.0,1.6330543447857917,1.4438127138662822,0.0,0.2345817658180916,0.11144938640428617,-0.8165271723928959
25.890000000001248,-4.254972408973458,5.234603560378161,4.0,1.649884759338146,1.4086374176614072,0.0,0.2334391207618826,0.11425803185118137,-0.824942379669073
25.90000000000125,-4.238389680425415,5.248513128915928,4.0,1.6666500392652568,1.3732396812788406,0.0,0.23210061107690202,0.11520907407948475,-0.8333250196326284
25.91000000000125,-4.221639627510076,5.262067631165048,4.0,1.6833495227025792,1.3376250944315005,0.0,0.23085483291302522,0.11803689494518217,-0.8416747613512896
25.920000000001252,-4.2047229114908475,5.275264926712488,4.0,1.6999825503831014,1.3017992810755077,0.0,0.22954577039513707,0.12073522497813075,-0.8499912751915507
25.930000000001254,-4.187640200210701,5.288102931552299,4.0,1.7165484656633803,1.2657678985220764,0.0,0.2281161002543376,0.12158714586990411,-0.8582742328316901
25.940000000001255,-4.17039216806585,5.30057961841468,4.0,1.7330466145494272,1.2295366365442422,0.0,0.2267269508159948,0.12427506909115903,-0.8665233072747136
25.950000000001257,-4.152979495979058,5.312693017086149,4.0,1.7494763457225828,1.1931112164782567,0.0,0.22526027345084737,0.12683436316582736,-0.8747381728612914
25.96000000000126,-4.135402871372805,5.324441214720631,4.0,1.7658370105651928,1.1564973903202054,0.0,0.22370386171414816,0.1276372169539777,-0.8829185052825964
25.97000000000126,-4.1176629881421345,5.335822356141532,4.0,1.7821279631862228,1.1197009398176794,0.0,0.22220426144621655,0.13015257879512263,-0.8910639815931114
25.98000000000126,-4.099760546627261,5.346834644134686,4.0,1.798348560446758,1.0827276755567712,0.0,0.22061265758595452,0.13255106808319747,-0.899174280223379
25.990000000001263,-4.081696253585919,5.357476339732161,4.0,1.8144981619853926,1.0455834360445149,0.0,0.21815043514640703,0.13391928162171865,-0.9072490809926963
26.000000000001265,-4.0634708221654705,5.3677457624868605,4.0,1.8305761302435108,1.0082740867869198,0.0,0.2166578401533029,0.13615554041632405,-0.9152880651217554
26.010000000001266,-4.045084971874739,5.377641290737883,4.0,1.8465818304904549,0.970805519362737,0.0,0.21517607269699016,0.13827318164978528,-0.9232909152452274
26.020000000001268,-4.026539428555613,5.387161361866606,4.0,1.8625146308485865,0.9331836504931122,0.0,0.2140241477044634,0.13885171269699909,-0.9312573154242932
26.03000000000127,-4.007834924354377,5.396304472543443,4.0,1.8783739023182364,0.8954144211072452,0.0,0.2119678971101998,0.14067989666663253,-0.9391869511591182
26.04000000000127,-3.98897219769285,5.405069178965217,4.0,1.8941590188025055,0.8575037954043334,0.0,0.21060254496733735,0.1429458819411124,-0.9470795094012527
26.050000000001273,-3.9699519932391727,5.413454097083187,4.0,1.9098693571320318,0.8194577599116278,0.0,0.20822643568324867,0.14430790996745807,-0.9549346785660159
26.060000000001274,-3.9507750618784487,5.4214579028215795,4.0,1.9255042970895586,0.7812823225391765,0.0,0.2061282136311206,0.14570328257768442,-0.9627521485447793
26.070000000001276,-3.931442160683093,5.429079332286685,4.0,1.9410632214344277,0.7429835116310843,0.0,0.2049465015487398,0.14787063207028342,-0.9705316107172138
26.080000000001277,-3.91195405288294,5.436317181966443,4.0,1.9565455159269476,0.7045673750135675,0.0,0.20274446338841134,0.1490151067593541,-0.9782727579634738
26.09000000000128,-3.892311507835118,5.443170308920483,4.0,1.971950569352641,0.6660399790399318,0.0,0.20077189105758914,0.15017812268799752,-0.9859752846763205
26.10000000000128,-3.872515300993671,5.449637630960616,4.0,1.9872777735463762,0.6274074076326255,0.0,0.199605208681463,0.15222015466956482,-0.9936388867731881
26.110000000001282,-3.852566213878949,5.45571812682172,4.0,2.002526523416377,0.5886757613225165,0.0,0.1974379076899281,0.1532636553037471,-1.0012632617081885
26.120000000001284,-3.8324650340467423,5.461410836323015,4.0,2.0176962169681163,0.5498511562855269,0.0,0.1954694458971999,0.1543244034350819,-1.0088481084840581
26.130000000001285,-3.812212555057233,5.466714860519671,4.0,2.03278625532805,0.5109397233769049,0.0,0.1943203889882008,0.15623919563727204,-1.016393127664025
26.140000000001287,-3.7918095764436046,5.471629361844786,4.0,2.0477960427673114,0.4719476071629605,0.0,0.1921688404621897,0.15717737194865858,-1.0238980213836557
26.150000000001288,-3.771256903680516,5.476153564241629,4.0,2.0627249867251924,0.4328809649508549,0.0,0.19019285853762732,0.1581727819086001,-1.0313624933625962
26.16000000000129,-3.7505553481522957,5.480286753286195,4.0,2.0775724978325485,0.3937459658162681,0.0,0.1890390289774705,0.15997892572909625,-1.0387862489162742
26.17000000000129,-3.72970572712091,5.484028276300021,4.0,2.0923379899350647,0.354548789629231,0.0,0.1868813164697403,0.16082264080015263,-1.0461689949675324
26.180000000001293,-3.7087088636936967,5.487377542453251,4.0,2.1070208801163943,0.31529562607825146,0.0,0.18489451170392415,0.16178641782028855,-1.0535104400581972
26.190000000001294,-3.687565586790871,5.490334022857931,4.0,2.1216205887211745,0.2759926736928913,0.0,0.18369992738569418,0.1634822383029286,-1.0608102943605873
26.200000000001296,-3.6662767311128035,5.492897250651534,4.0,2.136136539377908,0.23664613886494648,0.0,0.18152988321020783,0.1642331949886915,-1.068068269688954
26.210000000001298,-3.64484313710705,5.4950668210706795,4.0,2.150568159021727,0.19726223486836356,0.0,0.17958170961819825,0.16521138670444105,-1.0752840795108636
26.2200000000013,-3.6232656509352266,5.496842391515044,4.0,2.1649148779169827,0.15784718087818075,0.0,0.17832993713125175,0.1667421767464415,-1.0824574389584913
26.2300000000013,-3.6015451244395296,5.498223681601473,4.0,2.179176129679785,0.11840720098831477,0.0,0.1761496292754282,0.16737865503117128,-1.0895880648398926
26.240000000001302,-3.5796824151091524,5.49921047320825,4.0,2.1933513513003358,0.07894852322879291,0.0,0.17467607247240677,0.1692715592911454,-1.0966756756501679
26.250000000001304,-3.5576783860464243,5.499802610509541,4.0,2.207439983165156,0.0394773785822529,0.0,0.17329627993915053,0.17053428074042878,-1.103719991582578
26.260000000001305,-3.535533905932737,5.5,4.0,2.2214414690791835,-1.5408811399980522e-15,-0.0,0.17098295648872774,0.17080061039497468,-1.1107207345395917
26.270000000001307,-3.5132498489942465,5.499802610509541,4.0,2.235355256287729,-0.03947737858225598,-0.0,0.16885286678066797,0.17126192250604752,-1.1176776281438645
26.28000000000131,-3.4908270949673654,5.49921047320825,4.0,2.2491807954982974,-0.07894852322879597,-0.0,0.16739889270763625,0.17230948797394502,-1.1245903977491487
26.29000000000131,-3.468266529064028,5.498223681601473,4.0,2.262917540902274,-0.11840720098831785,-0.0,0.1652100339543584,0.1726490420390394,-1.131458770451137
26.30000000000131,-3.445569041936734,5.4968423915150435,4.0,2.2765649501964784,-0.15784718087820615,-0.0,0.1638252426024902,0.17444050510130074,-1.1382824750982392
26.310000000001313,-3.4227355296434365,5.495066821070679,4.0,2.2901224846045456,-0.1972622348683889,-0.0,0.16193505098192787,0.17482345620273898,-1.1450612423022728
26.320000000001315,-3.3997668936120906,5.492897250651534,4.0,2.303589608898238,-0.23664613886494956,-0.0,0.15983640119875386,0.17497628835857562,-1.151794804449119
26.330000000001316,-3.3766640406051183,5.4903340228579305,4.0,2.316965791418548,-0.2759926736928944,-0.0,0.15803412888119775,0.1756469961830209,-1.158482895709274
26.340000000001318,-3.3534278826835977,5.487377542453251,4.0,2.3302505040966945,-0.3152956260782545,-0.0,0.15610393148519588,0.17584194787949328,-1.1651252520483473
26.35000000000132,-3.3300593371712575,5.484028276300021,4.0,2.3434432224749666,-0.35454878962923403,-0.0,0.15459659666768502,0.17713253836233514,-1.1717216112374833
26.36000000000132,-3.3065593266182596,5.480286753286195,4.0,2.356543425727433,-0.39374596581627114,-0.0,0.1526387583621896,0.1772133566520696,-1.1782717128637166
26.370000000001323,-3.2829287787647843,5.476153564241629,4.0,2.369550596680501,-0.4328809649508579,-0.0,0.15073584750622965,0.17729317432436878,-1.1847752983402504
26.380000000001324,-3.2591686265043975,5.471629361844785,4.0,2.382464221833332,-0.4719476071629636,-0.0,0.14922108477390333,0.17836316144018138,-1.191232110916666
26.390000000001326,-3.235279807847213,5.4667148605196685,4.0,2.395283791378124,-0.5109397233769299,-0.0,0.14730656989416593,0.17828506405738823,-1.197641895689062
26.400000000001327,-3.211263265882915,5.461410836323012,4.0,2.4080087992202084,-0.549851156285552,-0.0,0.14550599633725517,0.17838510061684457,-1.2040043996101042
26.41000000000133,-3.1871199487434425,5.45571812682172,4.0,2.420638742998071,-0.5886757613225196,-0.0,0.1439889782887818,0.17920453946600579,-1.2103193714990355
26.42000000000133,-3.1628508095656183,5.449637630960616,4.0,2.4331731241031576,-0.6274074076326286,-0.0,0.14217368673418979,0.17908561807273585,-1.2165865620515788
26.430000000001332,-3.1384568064534997,5.443170308920482,4.0,2.4456114476995645,-0.666039979039935,-0.0,0.14065346280105698,0.17967712048564294,-1.2228057238497823
26.440000000001334,-3.113938902440561,5.436317181966443,4.0,2.457953222743573,-0.7045673750135705,-0.0,0.13910315455704914,0.18008393024772673,-1.2289766113717866
26.450000000001335,-3.089298065451672,5.429079332286685,4.0,2.4701979620030383,-0.7429835116310873,-0.0,0.13731338799945683,0.17966749236687024,-1.2350989810015192
26.460000000001337,-3.0645352682648843,5.421457902821579,4.0,2.48234518207662,-0.7812823225391795,-0.0,0.13584520895831903,0.18011501054602883,-1.24117259103831
26.47000000000134,-3.03965148847303,5.413454097083186,4.0,2.494394403412869,-0.8194577599116308,-0.0,0.13436709792062623,0.18040916141013652,-1.2471972017064346
26.48000000000134,-3.0146477084451146,5.405069178965212,4.0,2.5063451503291656,-0.8575037954043577,-0.0,0.1326717097892741,0.179869787519607,-1.2531725751645828
26.49000000000134,-2.989524915287587,5.396304472543437,4.0,2.5181969510304705,-0.8954144211072694,-0.0,0.13128831819180983,0.180161948151957,-1.2590984755152352
26.500000000001343,-2.96428410080529,5.387161361866605,4.0,2.5299493376279925,-0.9331836504931152,-0.0,0.1299275749444661,0.18038673555220874,-1.2649746688139962
26.510000000001344,-2.9389262614623615,5.377641290737882,4.0,2.541601846157632,-0.97080551936274,-0.0,0.12853462181335923,0.18035603471985165,-1.270800923078816
26.520000000001346,-2.9134523983428773,5.36774576248686,4.0,2.5531540165983047,-1.0082740867869227,-0.0,0.12719841340492094,0.1803635562648731,-1.2765770082991523
26.530000000001348,-2.8878635171113363,5.357476339732161,4.0,2.564605392890102,-1.045583436044518,-0.0,0.1258650304927305,0.1802015493235497,-1.282302696445051
26.54000000000135,-2.8621606279729543,5.346834644134685,4.0,2.5759555229522957,-1.0827276755567738,-0.0,0.12460656342955637,0.18012108400123902,-1.2879777614761478
26.55000000000135,-2.8363447456337845,5.335822356141531,4.0,2.587203958701186,-1.119700939817682,-0.0,0.12336756157510034,0.17992766734350368,-1.293601979350593
26.560000000001352,-2.8104168892606562,5.32444121472063,4.0,2.598350256067789,-1.1564973903202083,-0.0,0.1221825227661626,0.1797411373326569,-1.2991751280338946
26.570000000001354,-2.7843780824409454,5.312693017086147,4.0,2.6093939750153714,-1.1931112164782596,-0.0,0.12103503761188243,0.1795087991189443,-1.3046969875076857
26.580000000001355,-2.758229353142143,5.300579618414672,4.0,2.620334679556824,-1.2295366365442655,-0.0,0.11993247836966332,0.17924859399761375,-1.310167339778412
26.590000000001357,-2.731971733671339,5.288102931552291,4.0,2.631171937771853,-1.2657678985221,-0.0,0.11887454254741092,0.1789623358481141,-1.3155859688859266
26.60000000000136,-2.7056062606343745,5.275264926712487,4.0,2.6419053218240673,-1.3017992810755104,-0.0,0.11786080289344164,0.1786474849532988,-1.3209526609120337
26.61000000000136,-2.67913397489498,5.262067631165047,4.0,2.652534407977842,-1.3376250944315031,-0.0,0.11688984905329308,0.178307546963139,-1.326267203988921
26.62000000000136,-2.6525559215336685,5.248513128915927,4.0,2.663058776615056,-1.3732396812788432,-0.0,0.1159602496628559,0.1779426723012538,-1.331529388307528
26.630000000001363,-2.6258731498064787,5.23460356037816,4.0,2.673478012251657,-1.40863741766141,-0.0,0.11507006923069345,0.17755320685154902,-1.3367390061258284
26.640000000001365,-2.599086713103549,5.2203411220338625,4.0,2.683791703554061,-1.443812713866285,-0.0,0.11421695088858633,0.17714004719986298,-1.3418958517770305
26.650000000001366,-2.5721976689075357,5.205728066087385,4.0,2.693999443355397,-1.4787600153064326,-0.0,0.11339859864857643,0.17670332682494683,-1.3469997216776985
26.660000000001368,-2.5452070787518615,5.190766700109662,4.0,2.7041008286715744,-1.5134738033978337,-0.0,0.11261263183618316,0.17624311261019135,-1.3520504143357872
26.67000000000137,-2.5181160081787954,5.1754593866738094,4.0,2.7140954607172043,-1.5479485964309525,-0.0,0.11185627731085963,0.17575954810111008,-1.3570477303586022
26.68000000000137,-2.4909255266974473,5.159808542982084,4.0,2.7239829449213153,-1.582178950436286,-0.0,0.11112714621570804,0.17525240451341756,-1.3619914724606577
26.690000000001373,-2.4636367077414527,5.143816640484127,4.0,2.7337628909429665,-1.6161594600441453,-0.0,0.11042301048730317,0.17472130722514417,-1.3668814454714833
26.700000000001374,-2.436250628626658,5.127486204486727,4.0,2.7434349126866353,-1.649884759338149,-0.0,0.109741484569425,0.17416611601838028,-1.3717174563433177
26.710000000001376,-2.4087683705085747,5.110819813755036,4.0,2.752998628317464,-1.6833495227025823,-0.0,0.10908088603215105,0.17358646743381875,-1.376499314158732
26.720000000001377,-2.3811910183396954,5.093820100105354,4.0,2.762453660276335,-1.716548465663374,-0.0,0.10843941891876875,0.1729804051620224,-1.3812268301381676
26.73000000000138,-2.3535196608266644,5.076489747989532,4.0,2.7717996352947774,-1.7494763457225766,-0.0,0.10781670270163603,0.17235095488468843,-1.3858998176473887
26.74000000000138,-2.325755390387295,5.058831494071071,4.0,2.7810361844096994,-1.7821279631862161,-0.0,0.10720845582198862,0.17168694471768536,-1.3905180922048497
26.750000000001382,-2.297899303107444,5.040848126792963,4.0,2.790162942977957,-1.8144981619853864,-0.0,0.10666628294332042,0.1710714999633592,-1.3950814714889785
26.760000000001384,-2.269952498697725,5.022542485937363,4.0,2.7991795506907557,-1.8465818304904669,-0.0,0.10598976380646477,0.17018547527102587,-1.3995897753453779
26.770000000001385,-2.241916080450154,5.003917462177187,4.0,2.808085651587851,-1.8783739023182393,-0.0,0.10553835341831384,0.16960032980964468,-1.4040428257939255
26.780000000001387,-2.213791155194502,4.984975996619585,4.0,2.8168808940716343,-1.9098693571320344,-0.0,0.10495612745019679,0.16874119900400247,-1.4084404470358172
26.79000000000139,-2.185578833254661,4.965721080341544,4.0,2.8255649309209923,-1.9410632214344306,-0.0,0.10426588726308259,0.16764968084567333,-1.4127824654604961
26.80000000000139,-2.157280228404793,4.946155753917557,4.0,2.8341374193050197,-1.9719505693526433,-0.0,0.10390257184571174,0.1670134582388604,-1.4170687096525099
26.81000000000139,-2.128896457825363,4.926283106939473,4.0,2.8425980207965535,-2.002526523416379,-0.0,0.10332897040320092,0.16597463627202907,-1.4212990103982768
26.820000000001393,-2.100428642059033,4.906106277528621,4.0,2.8509464013855332,-2.0327862553280442,-0.0,0.10268537761961505,0.16475277867097213,-1.4254732006927666
26.830000000001395,-2.071877904966424,4.885628451840262,4.0,2.859182231492189,-2.0627249867251867,-0.0,0.10238175651258773,0.16399502393703144,-1.4295911157460945
26.840000000001396,-2.0432453736817506,4.8648528635604595,4.0,2.8673051859800496,-2.0923379899350585,-0.0,0.10188982006888522,0.16287274469960658,-1.4336525929900248
26.850000000001398,-2.014532178568304,4.843782793395428,4.0,2.875314944168785,-2.121620588721185,-0.0,0.1012803484691131,0.16149510606020195,-1.4376574720843924
26.8600000000014,-1.9857394531738957,4.822421568553523,4.0,2.8832111898468478,-2.15056815902173,-0.0,0.10104769018645357,0.16063815120539013,-1.4416055949234239
26.8700000000014,-1.9568683341860063,4.800772562219763,4.0,2.890993611283984,-2.179176129679788,-0.0,0.10064794850468013,0.15945093362117202,-1.445496805641992
26.880000000001402,-1.9279199613869789,4.77883919302321,4.0,2.89866190124352,-2.2074399831651585,-0.0,0.10010009322794744,0.15795590907836862,-1.44933095062176
26.890000000001404,-1.8988954776090035,4.756624924497121,4.0,2.9062157569944995,-2.2353552562877312,-0.0,0.09995013830820353,0.15701410070950567,-1.4531078784972498
26.900000000001405,-1.8697960286890016,4.734133264532012,4.0,2.9136548803236315,-2.262917540902276,-0.0,0.09964230123202523,0.15576583521341156,-1.4568274401618158
26.910000000001407,-1.8406227634233914,4.7113677648217225,4.0,2.9209789775470645,-2.2901224846045403,-0.0,0.09919167199145715,0.15421924825480418,-1.4604894887735322
26.92000000000141,-1.8113768335227318,4.688332020302564,4.0,2.9281877595219807,-2.316965791418543,-0.0,0.09912507666042991,0.15320535372919739,-1.4640938797609904
26.93000000000141,-1.7820593935662585,4.665029668585634,4.0,2.9352809416580117,-2.3434432224749613,-0.0,0.09891729676221722,0.15192235684218142,-1.4676404708290058
26.94000000000141,-1.7526716009562855,4.641464389382383,4.0,2.942258243928476,-2.36955059668051,-0.0,0.09872020160865927,0.15058392911790547,-1.471129121964238
26.950000000001413,-1.7232146158725774,4.617639903923605,4.0,2.9491193908814193,-2.395283791378126,-0.0,0.09860405842960686,0.14932532595249684,-1.4745596954407096
26.960000000001415,-1.6936896012264508,4.593559974371719,4.0,2.9558641116505115,-2.4206387429980736,-0.0,0.09850294709523709,0.1480371799631817,-1.4779320558252558
26.970000000001416,-1.664097722614929,4.569228403226748,4.0,2.962492139965726,-2.4456114476995663,-0.0,0.0984311876115456,0.14672861468943604,-1.481246069982863
26.980000000001418,-1.63444014827471,4.544649032725834,4.0,2.969003214163854,-2.4701979620030405,-0.0,0.09840143386011614,0.14542463011804874,-1.484501607081927
26.99000000000142,-1.6047180490360469,4.519825744236513,4.0,2.975397077198834,-2.4943944034128713,-0.0,0.09841007038682024,0.1441187945454376,-1.487698538599417
27.00000000000142,-1.5749325982765252,4.494762457643798,4.0,2.981673476651902,-2.518196951030466,-0.0,0.09845743164849752,0.14280955814859453,-1.490836738325951
27.010000000001423,-1.5450849718747404,4.469463130731185,4.0,2.9878321647415556,-2.5416018461576275,0.0,0.09854517113074504,0.14149951223662569,-1.4939160823707778
27.020000000001424,-1.515176348163875,4.4439317585556735,4.0,2.9938728983333323,-2.5646053928900976,0.0,0.098673673123134,0.14018883883687225,-1.4969364491666661
27.030000000001426,-1.4852079078851645,4.4181723728168825,4.0,2.999795438949418,-2.587203958701194,0.0,0.0988430847418819,0.13887714728888995,-1.499897719474709
27.040000000001427,-1.455180834141351,4.392189041220463,4.0,3.005599552778043,-2.6093939750153794,0.0,0.09905380086364417,0.1375637198729942,-1.5027997763890215
27.05000000000143,-1.425096312349874,4.3659858668356675,4.0,3.011285010682735,-2.631171937771855,0.0,0.099306295390491,0.1362479922596112,-1.5056425053413676
27.06000000000143,-1.3949555301961416,4.339566987447487,4.0,3.016851588211351,-2.6525344079778437,0.0,0.09960075434733577,0.13492908383369673,-1.5084257941056756
27.070000000001432,-1.3647596775866235,4.312936574903237,4.0,3.022299065604942,-2.6734780122516586,0.0,0.09993762701334923,0.13360587722027376,-1.511149532802471
27.080000000001434,-1.334509946601877,4.286098834453766,4.0,3.027627227806428,-2.693999443355399,0.0,0.1003175375247637,0.13227714063253004,-1.513813613903214
27.090000000001435,-1.3042075314494859,4.259058004089403,4.0,3.032835864469088,-2.7140954607172008,0.0,0.10074085957642703,0.1309417502063385,-1.516417932234544
27.100000000001437,-1.273853628416914,4.2318183538707315,4.0,3.0379247699648655,-2.7337628909429625,0.0,0.10120811939427009,0.12959830781322546,-1.5189623849824327
27.11000000000144,-1.243449435824279,4.204384185254293,4.0,3.0428937433924856,-2.75299862831746,0.0,0.10172024754127793,0.12824542447391635,-1.5214468716962428
27.12000000000144,-1.2129961539770266,4.176759830413322,4.0,3.0477425885853875,-2.771799635294784,0.0,0.10227763442832566,0.12688188435451966,-1.5238712942926937
27.13000000000144,-1.1824949851186148,4.148949651553712,4.0,3.0524711141194607,-2.7901629429779637,0.0,0.10288086435481454,0.1255062628762137,-1.5262355570597304
27.140000000001443,-1.1519471333829463,4.120958040225075,4.0,3.057079133320616,-2.8080856515878523,0.0,0.10353127985055713,0.12411719308279696,-1.528539566660308
27.150000000001445,-1.1213538047469012,4.092789416627328,4.0,3.061566464272146,-2.8255649309209936,0.0,0.10422864481085914,0.1227135554936226,-1.530783232136073
27.160000000001446,-1.0907162069827099,4.0644482289126795,4.0,3.0659329298219085,-2.842598020796555,0.0,0.10497447383671911,0.12129401808184442,-1.5329664649109542
27.170000000001448,-1.0600355496102722,4.035938952483209,4.0,3.070178357589319,-2.859182231492191,0.0,0.1057690691819489,0.11985738084880508,-1.5350891787946594
27.18000000000145,-1.0293130438494076,4.007266089284157,4.0,3.074302579972159,-2.8753149441687818,0.0,0.10661346911054828,0.11840266286104213,-1.5371512899860795
27.19000000000145,-0.9985499025720381,3.978434167093009,4.0,3.0783054341531915,-2.8909936112839802,0.0,0.10750451534270361,0.11692876967219139,-1.5391527170765957
27.200000000001452,-0.9677473402543062,3.9494477388045075,4.0,3.0821867621065864,-2.9062157569944964,0.0,0.10849211940474315,0.11543414204387718,-1.5410933810532932
27.210000000001454,-0.9369065729286126,3.920311381711685,4.0,3.0859464106041647,-2.92097897754707,0.0,0.1093496528196164,0.11392011057400662,-1.5429732053020824
27.220000000001455,-0.9060288181356779,3.8910296967831184,4.0,3.089584231221437,-2.935280941658017,0.0,0.11082823039604182,0.11237984851775466,-1.5447921156107185
27.230000000001457,-0.8751152948763734,3.861607307936286,4.0,3.093100080343476,-2.9491193908814206,0.0,0.11160424487594149,0.11082156117387253,-1.546550040171738
27.24000000000146,-0.8441672235636644,3.8320488613074617,4.0,3.0964938191705786,-2.9624921399657276,0.0,0.11226365886555095,0.10923892088099021,-1.5482469095852893
27.25000000000146,-0.8131858259744149,3.8023590245180205,4.0,3.099765313723747,-2.975397077198835,0.0,0.11400166732148702,0.10762956930524469,-1.5498826568618735
27.26000000000146,-0.7821723252011532,3.7725424859373673,4.0,3.1029144348499784,-2.9878321647415564,0.0,0.11487634910461865,0.1059965155251574,-1.5514572174249892
27.270000000001463,-0.7511279456037863,3.742603953942588,4.0,3.1059410582273617,-2.9997954389494152,0.0,0.11567311385890061,0.10433579787801452,-1.5529705291136808
27.280000000001465,-0.7200539127612635,3.712548156174943,4.0,3.10884506436999,-3.011285010682733,0.0,0.11744844209041416,0.10265054553344836,-1.554422532184995
27.290000000001466,-0.6889514534231949,3.6823798387933175,4.0,3.111626338632672,-3.02229906560494,0.0,0.11912729626434988,0.10093810675583238,-1.555813169316336
27.300000000001468,-0.6578217954614192,3.652103765724749,4.0,3.114284771215462,-3.032835864469086,0.0,0.11973391828560251,0.0991909327781582,-1.557142385607731
27.31000000000147,-0.6266661678215124,3.6217247179121284,4.0,3.1168202571679964,-3.042893743392489,0.0,0.1214838086940331,0.0974205592029292,-1.5584101285839982
27.32000000000147,-0.5954858004743415,3.5912474925593045,4.0,3.1192326963936265,-3.052471114119462,0.0,0.12312684367199513,0.09561678240803653,-1.5596163481968133
27.330000000001473,-0.5642819243674033,3.560676902373448,4.0,3.1215219936533853,-3.061566464272147,0.0,0.12393981035496505,0.09379488464372253,-1.5607609968266927
27.340000000001474,-0.5330557713762962,3.5300177748051333,4.0,3.1236880585697366,-3.0701783575893193,0.0,0.12561760367651575,0.09183644584468104,-1.5618440292848683
27.350000000001476,-0.5018085742560732,3.4992749512860164,4.0,3.125730805630146,-3.0783054341531924,0.0,0.12762235076396838,0.09013238080721157,-1.562865402815073
27.360000000001477,-0.4705415665925723,3.468453286464312,4.0,3.1276501541904578,-3.0859464106041634,0.0,0.12907520492290622,0.08798907271830435,-1.5638250770952289
27.37000000000148,-0.4392559827537186,3.437557647438193,4.0,3.129446028478077,-3.0931000803434747,0.0,0.13081238733835412,0.08608329853680113,-1.5647230142390385
27.38000000000148,-0.4079530578407924,3.4065929129872137,4.0,3.1311183575949615,-3.099765313723746,0.0,0.1316208750220826,0.08426012486473601,-1.5655591787974807
27.390000000001482,-0.37663402763967024,3.375563972801899,4.0,3.1326670755204216,-3.1059410582273608,0.0,0.13334920193468133,0.08193532234260259,-1.5663335377602108
27.400000000001484,-0.34530012857201964,3.344475726711586,4.0,3.1340921211137265,-3.1116263386326737,0.0,0.13558599575288854,0.07997092658924486,-1.5670460605568632
27.410000000001485,-0.3139525976465596,3.3133330839107535,4.0,3.135393438116514,-3.116820257167997,0.0,0.13744197881108483,0.07802285102461602,-1.567696719058257
27.420000000001487,-0.2825926724101173,3.282140962183699,4.0,3.136570975155018,-3.121521993653386,0.0,0.13935237227056047,0.07567754690048506,-1.568285487577509
27.43000000000149,-0.25122159089884444,3.2509042871280336,4.0,3.1376246857420926,-3.1257308056301465,0.0,0.14130486039170195,0.07340129582706074,-1.5688123428710463
27.44000000000149,-0.21984059158932312,3.2196279913768566,4.0,3.138554528279048,-3.129446028478077,0.0,0.14249292527163743,0.07139762669639742,-1.569277264139524
27.45000000000149,-0.18845091334967323,3.1883170138198325,4.0,3.1393604660572936,-3.132667075520422,0.0,0.1445204269765174,0.06893411072618769,-1.5696802330286468
27.460000000001493,-0.1570537953906439,3.156976298823286,4.0,3.1400424672597853,-3.135393438116513,0.0,0.14683111839855792,0.06651222441660487,-1.5700212336298927
27.470000000001495,-0.12565047721669176,3.125610795449428,4.0,3.140600504962283,-3.137624685742092,0.0,0.14958601527630253,0.06436957226954704,-1.5703002524811416
27.480000000001496,-0.09424219857704719,3.0942254566748426,4.0,3.141034557134415,-3.1393604660572936,0.0,0.1515095017881193,0.06171005517184329,-1.5705172785672075
27.490000000001498,-0.06283019941675372,3.062825238608334,4.0,3.1413446066405433,-3.1406005049622836,0.0,0.1541093071774422,0.05929847340477678,-1.5706723033202716
27.5000000000015,-0.03141571982778735,3.031415099708374,4.0,3.141530641240445,-3.1413446066405433,0.0,0.15658951172707042,0.05690760559583721,-1.5707653206202226
27.5100000000015,5.329070518200751e-15,2.9999999999999947,4.0,3.141592653589793,-3.141592653589793,0.0,0.15849605547986745,0.05408286834281877,-1.5707963267948966
27.520000000001502,0.03141571982779823,2.968584900291615,4.0,3.141530641240445,-3.1413446066405433,0.0,0.1612200656685109,0.051544974939768215,-1.5707653206202226
27.530000000001504,0.06283019941676482,2.937174761391655,4.0,3.1413446066405433,-3.140600504962283,0.0,0.16378458270666,0.048955929109504,-1.5706723033202716
27.540000000001505,0.09424219857704053,2.905774543325164,4.0,3.141034557134415,-3.1393604660572936,0.0,0.16570122790034017,0.045984338352636565,-1.5705172785672075
27.550000000001507,0.1256504772166851,2.8743892045505786,4.0,3.140600504962283,-3.1376246857420926,0.0,0.1685443018080448,0.04326290263740707,-1.5703002524811416
27.56000000000151,0.15705379539063724,2.8430237011767208,4.0,3.1400424672597853,-3.135393438116514,0.0,0.1712458620342612,0.04048003749011387,-1.5700212336298927
27.57000000000151,0.18845091334966657,2.811682986180174,4.0,3.139360466057294,-3.132667075520423,0.0,0.17317878428873243,0.037363005346752694,-1.569680233028647
27.58000000000151,0.219840591589334,2.7803720086231323,4.0,3.1385545282790477,-3.129446028478076,0.0,0.17613260265970582,0.03444174547336994,-1.5692772641395238
27.590000000001513,0.2512215908988553,2.7490957128719553,4.0,3.1376246857420926,-3.125730805630145,0.0,0.1789614233246935,0.03145342088182846,-1.5688123428710463
27.600000000001515,0.2825926724101282,2.7178590378162903,4.0,3.1365709751550175,-3.1215219936533845,0.0,0.1809251594988045,0.028190543896802325,-1.5682854875775087
27.610000000001516,0.31395259764657046,2.686666916089236,4.0,3.1353934381165134,-3.116820257167995,0.0,0.1839717741934598,0.025057878058544078,-1.5676967190582567
27.620000000001518,0.34530012857203074,2.6555242732884032,4.0,3.134092121113726,-3.111626338632672,0.0,0.1868982480767371,0.021849281846912694,-1.567046060556863
27.63000000000152,0.3766340276396636,2.6244360271981075,4.0,3.132667075520422,-3.105941058227362,0.0,0.18893563037738,0.018442582388437063,-1.566333537760211
27.64000000000152,0.4079530578407855,2.593407087012793,4.0,3.1311183575949615,-3.0997653137237475,0.0,0.19203584651476924,0.015087061053058189,-1.5655591787974807
27.650000000001523,0.4392559827537119,2.562442352561814,4.0,3.129446028478077,-3.093100080343476,0.0,0.19481836047717038,0.011619711359434638,-1.5647230142390385
27.660000000001524,0.47054156659256563,2.531546713535694,4.0,3.127650154190458,-3.085946410604165,0.0,0.19743595392217778,0.008099672001189702,-1.563825077095229
27.670000000001526,0.501808574256084,2.500725048713973,4.0,3.1257308056301456,-3.0783054341531892,0.0,0.2002887389100468,0.0045102858041814395,-1.5628654028150728
27.680000000001527,0.5330557713763073,2.4699822251948556,4.0,3.1236880585697357,-3.0701783575893167,0.0,0.20310069470406283,0.0008403829322807284,-1.5618440292848679
27.69000000000153,0.564281924367414,2.4393230976265414,4.0,3.121521993653385,-3.061566464272144,0.0,0.20588839192003072,-0.0028904625375086074,-1.5607609968266924
27.70000000000153,0.5954858004743526,2.4087525074406844,4.0,3.119232696393626,-3.0524711141194585,0.0,0.20873279057658087,-0.006698425321620827,-1.559616348196813
27.710000000001532,0.6266661678215231,2.378275282087861,4.0,3.116820257167995,-3.042893743392486,0.0,0.21158620331737524,-0.010577376377865379,-1.5584101285839975
27.720000000001534,0.6578217954614125,2.3478962342752574,4.0,3.1142847712154627,-3.0328358644690883,0.0,0.2144427614565346,-0.014523889792061616,-1.5571423856077313
27.730000000001535,0.6889514534231882,2.3176201612066887,4.0,3.1116263386326724,-3.022299065604942,0.0,0.21730378034353712,-0.01854366733200518,-1.5558131693163362
27.740000000001537,0.7200539127612569,2.2874518438250635,4.0,3.1088450643699903,-3.011285010682735,0.0,0.22018360400956663,-0.022633238955665904,-1.5544225321849952
27.75000000000154,0.7511279456037796,2.2573960460574183,4.0,3.1059410582273626,-2.999795438949418,0.0,0.22305380496006721,-0.02679555734631547,-1.5529705291136813
27.76000000000154,0.7821723252011643,2.227457514062622,4.0,3.102914434849977,-2.987832164741552,0.0,0.22593294460530142,-0.031025781610226993,-1.5514572174249885
27.77000000000154,0.8131858259744256,2.197640975481969,4.0,3.099765313723746,-2.9753970771988305,0.0,0.22880001708054534,-0.03533654301992193,-1.549882656861873
27.780000000001543,0.8441672235636752,2.1679511386925276,4.0,3.0964938191705773,-2.9624921399657227,0.0,0.23166744146469276,-0.03967529261627117,-1.5482469095852887
27.790000000001545,0.8751152948763843,2.1383926920637037,4.0,3.0931000803434747,-2.9491193908814157,0.0,0.2345029792862971,-0.04467686045956182,-1.5465500401717374
27.800000000001546,0.906028818135689,2.1089703032168714,4.0,3.0895842312214357,-2.9352809416580117,0.0,0.23734789139848353,-0.0487909265837889,-1.5447921156107178
27.810000000001548,0.9369065729286232,2.079688618288305,4.0,3.085946410604164,-2.9209789775470645,0.0,0.24017322160328933,-0.052882165455771526,-1.542973205302082
27.82000000000155,0.9677473402542995,2.0505522611954987,4.0,3.0821867621065877,-2.9062157569945,0.0,0.24294252740530434,-0.05811498783397353,-1.5410933810532939
27.83000000000155,0.9985499025720315,2.0215658329069974,4.0,3.0783054341531924,-2.890993611283984,0.0,0.24570931235867866,-0.06219231932021791,-1.5391527170765962
27.840000000001552,1.0293130438494011,1.9927339107158486,4.0,3.07430257997216,-2.8753149441687853,0.0,0.2484254075401273,-0.06709956883750491,-1.53715128998608
27.850000000001554,1.0600355496102658,1.9640610475167966,4.0,3.07017835758932,-2.859182231492194,0.0,0.2510914793967613,-0.07216750341986139,-1.53508917879466
27.860000000001556,1.0907162069827208,1.935551771087311,4.0,3.0659329298219067,-2.8425980207965487,0.0,0.2537636261870702,-0.07599278133216382,-1.5329664649109533
27.870000000001557,1.1213538047469118,1.9072105833726622,4.0,3.0615664642721447,-2.825564930920988,0.0,0.25633516760743585,-0.08103739235118834,-1.5307832321360724
27.88000000000156,1.151947133382957,1.8790419597749155,4.0,3.057079133320615,-2.808085651587846,0.0,0.25886042922315644,-0.08597244470829225,-1.5285395666603074
27.89000000000156,1.1824949851186255,1.8510503484462784,4.0,3.0524711141194594,-2.7901629429779575,0.0,0.26136542452785516,-0.0898630519225227,-1.5262355570597297
27.90000000000156,1.2129961539770377,1.8232401695866682,4.0,3.047742588585386,-2.7717996352947774,0.0,0.2637529260924892,-0.09497924799983497,-1.523871294292693
27.910000000001563,1.2434494358242723,1.7956158147457133,4.0,3.0428937433924865,-2.752998628317464,0.0,0.26607824900654237,-0.10002744154815198,-1.5214468716962433
27.920000000001565,1.2738536284169077,1.7681816461292743,4.0,3.037924769964867,-2.733762890942967,0.0,0.2683402009320698,-0.1048143329948174,-1.5189623849824334
27.930000000001566,1.3042075314494794,1.7409419959106027,4.0,3.032835864469089,-2.714095460717205,0.0,0.27050116697411153,-0.10974547030941231,-1.5164179322345446
27.940000000001568,1.3345099466018704,1.7139011655462404,4.0,3.027627227806429,-2.693999443355403,0.0,0.2725906380499881,-0.11450914003836007,-1.5138136139032146
27.95000000000157,1.3647596775866342,1.6870634250967538,4.0,3.0222990656049404,-2.673478012251651,0.0,0.2745789372338785,-0.1194638474112273,-1.5111495328024702
27.96000000000157,1.3949555301961523,1.660433012552503,4.0,3.0168515882113494,-2.6525344079778366,0.0,0.27646396379264165,-0.12434125012201198,-1.5084257941056747
27.970000000001573,1.425096312349885,1.6340141331643236,4.0,3.011285010682733,-2.6311719377718474,0.0,0.27825351998385095,-0.12928094945182692,-1.5056425053413665
27.980000000001574,1.4551808341413617,1.607810958779528,4.0,3.005599552778041,-2.609393975015372,0.0,0.2799425103254367,-0.13424831911783477,-1.5027997763890204
27.990000000001576,1.485207907885175,1.5818276271831084,4.0,2.9997954389494157,-2.5872039587011866,0.0,0.28151857756822285,-0.13923405276003178,-1.4998977194747078
28.000000000001577,1.5151763481638687,1.5560682414443323,4.0,2.993872898333333,-2.5646053928901025,0.0,0.28299884181785684,-0.14425960568799578,-1.4969364491666666
28.01000000000158,1.5450849718747337,1.53053686926882,4.0,2.9878321647415564,-2.5416018461576324,0.0,0.28437847754163176,-0.14931481622533116,-1.4939160823707782
28.02000000000158,1.574932598276519,1.5052375423562072,4.0,2.9816734766519035,-2.518196951030471,0.0,0.2856491793343286,-0.1543984509626344,-1.4908367383259518
28.030000000001582,1.6047180490360402,1.4801742557634925,4.0,2.9753970771988354,-2.494394403412876,0.0,0.2868297840927632,-0.15951356565854974,-1.4876985385994177
28.040000000001584,1.6344401482747202,1.4553509672741576,4.0,2.9690032141638514,-2.470197962003032,0.0,0.28791102128665685,-0.16465544198747548,-1.4845016070819257
28.050000000001585,1.6640977226149394,1.4307715967732437,4.0,2.962492139965724,-2.445611447699558,0.0,0.2888887055186945,-0.1698147505412811,-1.481246069982862
28.060000000001587,1.6936896012264615,1.4064400256282723,4.0,2.9558641116505093,-2.4206387429980643,0.0,0.28982935696466305,-0.17502333442597148,-1.4779320558252547
28.07000000000159,1.723214615872588,1.382360096076387,4.0,2.9491193908814166,-2.3952837913781178,0.0,0.29036205197783865,-0.18003247232162206,-1.4745596954407083
28.08000000000159,1.7526716009562957,1.3585356106176083,4.0,2.9422582439284737,-2.3695505966805013,0.0,0.29158749332855033,-0.1855540693819223,-1.4711291219642368
28.09000000000159,1.7820593935662523,1.334970331414372,4.0,2.935280941658013,-2.3434432224749675,0.0,0.29190604353132305,-0.19053202529001692,-1.4676404708290065
28.100000000001593,1.8113768335227256,1.3116679796974413,4.0,2.928187759521982,-2.316965791418549,0.0,0.29242562850290604,-0.19573039129531533,-1.464093879760991
28.110000000001595,1.8406227634233847,1.288632235178282,4.0,2.920978977547066,-2.290122484604546,0.0,0.2936952578901913,-0.20144212572720194,-1.460489488773533
28.120000000001596,1.8697960286889956,1.2658667354679927,4.0,2.913654880323633,-2.2629175409022824,0.0,0.2936382454881918,-0.20629679733342865,-1.4568274401618164
28.130000000001598,1.8988954776090137,1.243375075502871,4.0,2.906215756994497,-2.2353552562877215,0.0,0.29408971339694107,-0.2115691152390886,-1.4531078784972484
28.1400000000016,1.9279199613869888,1.2211608069767819,4.0,2.8986619012435173,-2.207439983165149,0.0,0.2952055716587279,-0.21731432799763648,-1.4493309506217587
28.1500000000016,1.9568683341860167,1.1992274377802294,4.0,2.8909936112839807,-2.179176129679778,0.0,0.294922806151807,-0.22206227594534914,-1.4454968056419903
28.160000000001602,1.9857394531739057,1.1775784314464692,4.0,2.883211189846845,-2.1505681590217196,0.0,0.29517644331610726,-0.2272767395631921,-1.4416055949234226
28.170000000001604,2.014532178568314,1.1562172066045646,4.0,2.875314944168782,-2.121620588721175,0.0,0.2961032253612431,-0.23302336685088357,-1.437657472084391
28.180000000001606,2.043245373681744,1.1351471364395456,4.0,2.8673051859800514,-2.0923379899350647,0.0,0.29555906910981183,-0.23761035118638563,-1.4336525929900257
28.190000000001607,2.071877904966418,1.1143715481597425,4.0,2.859182231492191,-2.0627249867251933,0.0,0.2956007601766465,-0.24274052850013017,-1.4295911157460954
28.20000000000161,2.1004286420590272,1.0938937224713836,4.0,2.850946401385535,-2.032786255328051,0.0,0.2963211480687112,-0.24846581859485933,-1.4254732006927675
28.21000000000161,2.1288964578253573,1.0737168930605314,4.0,2.8425980207965553,-2.002526523416386,0.0,0.295519741476408,-0.25289182156899837,-1.4212990103982777
28.220000000001612,2.1572802284048027,1.0538442460824358,4.0,2.8341374193050166,-1.9719505693526325,0.0,0.2953158803706613,-0.25791434697261134,-1.4170687096525083
28.230000000001613,2.18557883325467,1.0342789196584485,4.0,2.825564930920989,-1.9410632214344197,0.0,0.2957833769517196,-0.2635848794639365,-1.4127824654604946
28.240000000001615,2.213791155194512,1.0150240033804088,4.0,2.8168808940716312,-1.9098693571320233,0.0,0.29475214245617737,-0.2678868410182169,-1.4084404470358156
28.250000000001616,2.2419160804501637,0.9960825378228066,4.0,2.808085651587848,-1.878373902318228,0.0,0.29428570814953753,-0.2727985098377772,-1.404042825793924
28.260000000001618,2.2699524986977346,0.9774575140626309,4.0,2.7991795506907526,-1.8465818304904558,0.0,0.29393320430059444,-0.2778483370070526,-1.3995897753453763
28.27000000000162,2.297899303107439,0.9591518732070408,4.0,2.790162942977959,-1.8144981619853935,0.0,0.2932187641803682,-0.28260164290728135,-1.3950814714889794
28.28000000000162,2.3257553903872896,0.9411685059289332,4.0,2.781036184409701,-1.7821279631862235,0.0,0.29250296141383547,-0.2874228411212194,-1.3905180922048506
28.290000000001623,2.3535196608266586,0.923510252010471,4.0,2.771799635294779,-1.7494763457225835,0.0,0.29174716403782125,-0.2922608652715896,-1.3858998176473896
28.300000000001624,2.38119101833969,0.9061798998946493,4.0,2.7624536602763374,-1.716548465663381,0.0,0.29086861210759235,-0.29703143405202614,-1.3812268301381687
28.310000000001626,2.408768370508584,0.8891801862449578,4.0,2.7529986283174606,-1.6833495227025703,0.0,0.2898965196648786,-0.30176540877423763,-1.3764993141587303
28.320000000001627,2.4362506286266683,0.8725137955132669,4.0,2.7434349126866318,-1.649884759338137,0.0,0.2888394374289311,-0.3064701057110096,-1.3717174563433159
28.33000000000163,2.463636707741462,0.8561833595158665,4.0,2.733762890942963,-1.6161594600441336,0.0,0.2876859371346365,-0.3111326391811899,-1.3668814454714815
28.34000000000163,2.490925526697457,0.8401914570179101,4.0,2.7239829449213118,-1.582178950436274,0.0,0.2864360457629797,-0.31575182695964815,-1.3619914724606559
28.350000000001632,2.518116008178805,0.8245406133261852,4.0,2.7140954607172008,-1.5479485964309403,0.0,0.285092930344176,-0.3203291045179757,-1.3570477303586004
28.360000000001634,2.545207078751856,0.8092332998903413,4.0,2.704100828671577,-1.513473803397841,0.0,0.28365668900077673,-0.3248632141662932,-1.3520504143357885
28.370000000001635,2.5721976689075294,0.7942719339126181,4.0,2.693999443355399,-1.4787600153064402,0.0,0.28212870677979424,-0.32935308222944226,-1.3469997216776994
28.380000000001637,2.599086713103543,0.7796588779661406,4.0,2.6837917035540637,-1.4438127138662926,0.0,0.2805113617428917,-0.3337974374330289,-1.3418958517770319
28.39000000000164,2.6258731498064734,0.7653964396218438,4.0,2.673478012251659,-1.4086374176614176,0.0,0.27880655256511566,-0.3381954993563498,-1.3367390061258295
28.40000000000164,2.6525559215336783,0.7514868710840683,4.0,2.6630587766150526,-1.3732396812788308,0.0,0.2770160049633509,-0.34254622654048406,-1.3315293883075263
28.41000000000164,2.67913397489499,0.7379323688349482,4.0,2.6525344079778383,-1.3376250944314907,0.0,0.2751422000142192,-0.3468479785391126,-1.3262672039889192
28.420000000001643,2.705606260634383,0.7247350732875084,4.0,2.6419053218240633,-1.301799281075498,0.0,0.27318695583135555,-0.35109932327971866,-1.3209526609120317
28.430000000001645,2.7319717336713483,0.7118970684477048,4.0,2.631171937771849,-1.265767898522087,0.0,0.2711513258105391,-0.35529927689834,-1.3155859688859246
28.440000000001646,2.758229353142152,0.6994203815853237,4.0,2.62033467955682,-1.2295366365442528,0.0,0.2690370380330184,-0.3594460499114725,-1.31016733977841
28.450000000001648,2.7843780824409397,0.6873069829138552,4.0,2.6093939750153736,-1.1931112164782673,0.0,0.2668459121658682,-0.3635376269524982,-1.3046969875076868
28.46000000000165,2.810416889260651,0.6755587852793723,4.0,2.598350256067792,-1.156497390320216,0.0,0.2645787916102435,-0.367572580518111,-1.299175128033896
28.47000000000165,2.836344745633779,0.6641776438584714,4.0,2.5872039587011884,-1.1197009398176903,0.0,0.2622371065146992,-0.37154893350417834,-1.2936019793505942
28.480000000001652,2.8621606279729495,0.6531653558653172,4.0,2.5759555229522983,-1.0827276755567818,0.0,0.25982259582365874,-0.3754644146749467,-1.2879777614761492
28.490000000001654,2.887863517111345,0.6425236602678357,4.0,2.564605392890098,-1.0455834360445049,0.0,0.25733601170419457,-0.3793174257765155,-1.282302696445049
28.500000000001656,2.913452398342886,0.6322542375131368,4.0,2.5531540165983007,-1.0082740867869098,0.0,0.2547787490603469,-0.38310880264527675,-1.2765770082991503
28.510000000001657,2.9389262614623703,0.6223587092621146,4.0,2.541601846157628,-0.9708055193627269,0.0,0.2521502224077359,-0.3868384599662793,-1.270800923078814
28.52000000000166,2.9642841008052994,0.6128386381333915,4.0,2.529949337627988,-0.9331836504931019,0.0,0.24945313125817098,-0.39048926512974164,-1.264974668813994
28.53000000000166,2.9895249152875962,0.6036955274565599,4.0,2.518196951030466,-0.8954144211072562,0.0,0.2466958087190998,-0.39407284229527634,-1.259098475515233
28.540000000001662,3.014647708445123,0.5949308210347857,4.0,2.506345150329161,-0.8575037954043445,0.0,0.2438686617112495,-0.397586264997865,-1.2531725751645806
28.550000000001663,3.039651488473025,0.5865459029168161,4.0,2.4943944034128713,-0.819457759911639,0.0,0.2409760291988423,-0.401009354113283,-1.2471972017064357
28.560000000001665,3.064535268264879,0.5785420971784232,4.0,2.4823451820766222,-0.7812823225391877,0.0,0.2380301036723772,-0.40436595743173326,-1.2411725910383111
28.570000000001667,3.0892980654516666,0.5709206677133167,4.0,2.470197962003041,-0.7429835116310956,0.0,0.23501638477432327,-0.4076524851522252,-1.2350989810015205
28.580000000001668,3.113938902440556,0.5636828180335591,4.0,2.457953222743576,-0.7045673750135787,0.0,0.23193784392268804,-0.4108554234373768,-1.228976611371788
28.59000000000167,3.138456806453508,0.5568296910795145,4.0,2.4456114476995596,-0.6660399790399214,0.0,0.22880711555226824,-0.4139832447774609,-1.2228057238497798
28.60000000000167,3.1628508095656267,0.550362369039382,4.0,2.4331731241031536,-0.6274074076326149,0.0,0.22561774274749216,-0.4170425582314346,-1.2165865620515768
28.610000000001673,3.187119948743451,0.5442818731782775,4.0,2.420638742998067,-0.588675761322506,0.0,0.22236735564934765,-0.42001070905946725,-1.2103193714990335
28.620000000001674,3.2112632658829234,0.5385891636769866,4.0,2.408008799220204,-0.5498511562855383,0.0,0.2190679916651054,-0.42290032385098947,-1.204004399610102
28.630000000001676,3.2352798078472214,0.5332851394803297,4.0,2.3952837913781195,-0.5109397233769163,0.0,0.21571329596868957,-0.4257169664881017,-1.1976418956890598
28.640000000001677,3.259168626504392,0.5283706381552156,4.0,2.3824642218333345,-0.4719476071629719,0.0,0.21230501268676716,-0.42844648398608176,-1.1912321109166673
28.65000000000168,3.282928778764779,0.5238464357583728,4.0,2.3695505966805035,-0.4328809649508663,0.0,0.20884880688784396,-0.43108678425425917,-1.1847752983402517
28.66000000000168,3.3065593266182542,0.5197132467138061,4.0,2.3565434257274362,-0.39374596581627963,0.0,0.2053407707458243,-0.4336603200701197,-1.1782717128637181
28.670000000001682,3.3300593371712512,0.5159717236999799,4.0,2.3434432224749697,-0.35454878962924247,0.0,0.20178900914963657,-0.4361509514569944,-1.1717216112374849
28.680000000001684,3.353427882683606,0.5126224575467488,4.0,2.3302505040966897,-0.31529562607824074,0.0,0.1981736229569747,-0.43855818358308907,-1.1651252520483448
28.690000000001685,3.3766640406051263,0.5096659771420686,4.0,2.3169657914185438,-0.27599267369288055,0.0,0.19451260586129807,-0.4408883573684414,-1.1584828957092719
28.700000000001687,3.3997668936120995,0.5071027493484648,4.0,2.3035896088982333,-0.23664613886493574,0.0,0.19085381273011326,-0.44315818427271253,-1.1517948044491166
28.71000000000169,3.422735529643445,0.504933178929321,4.0,2.2901224846045407,-0.19726223486837507,0.0,0.18656718078863413,-0.4450025748993101,-1.1450612423022704
28.72000000000169,3.445569041936743,0.5031576084849565,4.0,2.276564950196474,-0.1578471808781923,0.0,0.1830867618049197,-0.4472664281432783,-1.138282475098237
28.73000000000169,3.4682665290640236,0.5017763183985271,4.0,2.2629175409022766,-0.1184072009883263,0.0,0.17961661549656502,-0.4494876370211188,-1.1314587704511383
28.740000000001693,3.4908270949673605,0.5007895267917499,4.0,2.2491807954983005,-0.07894852322880445,0.0,0.17530646118299725,-0.4511145495459742,-1.1245903977491503
28.750000000001695,3.513249848994242,0.5001973894904599,4.0,2.235355256287732,-0.03947737858226444,0.0,0.17185089330433884,-0.4532021334472767,-1.117677628143866
28.760000000001696,3.5355339059327315,0.5,4.0,2.2214414690791866,-1.0005032192373928e-14,0.0,0.1681853173213406,-0.4551039636978868,-1.1107207345395933
28.770000000001698,3.5576783860464323,0.5001973894904599,4.0,2.207439983165151,0.03947737858226675,0.0,0.16396924180656244,-0.4565678737553987,-1.1037199915825755
28.7800000000017,3.5796824151091595,0.5007895267917499,4.0,2.193351351300331,0.07894852322880676,0.0,0.1603899327368179,-0.4583723904495703,-1.0966756756501654
28.7900000000017,3.6015451244395367,0.5017763183985271,4.0,2.1791761296797802,0.11840720098832862,0.0,0.15632292931430392,-0.459795495909444,-1.0895880648398901
28.800000000001702,3.6232656509352346,0.5031576084849565,4.0,2.1649148779169773,0.1578471808781946,0.0,0.15228035598339268,-0.46114859757602755,-1.0824574389584887
28.810000000001704,3.644843137107058,0.504933178929321,4.0,2.1505681590217223,0.19726223486837738,0.0,0.14889963743444434,-0.4628806713271481,-1.0752840795108611
28.820000000001706,3.6662767311127986,0.5071027493484648,4.0,2.1361365393779113,0.23664613886493807,0.0,0.1448451170282601,-0.46407632163614876,-1.0680682696889556
28.830000000001707,3.6875655867908668,0.5096659771420686,4.0,2.1216205887211776,0.2759926736928829,0.0,0.14073050869243436,-0.46513912599408014,-1.0608102943605888
28.84000000000171,3.7087088636936922,0.5126224575467488,4.0,2.1070208801163974,0.315295626078243,0.0,0.13738545218552592,-0.4666886450653881,-1.0535104400581987
28.85000000000171,3.7297057271209058,0.5159717236999781,4.0,2.092337989935068,0.3545487896292226,0.0,0.1332748787286933,-0.46752369164348223,-1.046168994967534
28.860000000001712,3.750555348152303,0.5197132467138066,4.0,2.0775724978325436,0.3937459658162819,0.0,0.1292989323070889,-0.4688639309347387,-1.0387862489162718
28.870000000001713,3.7712569036805235,0.5238464357583728,4.0,2.062724986725187,0.4328809649508686,0.0,0.12572472938374424,-0.4691162103634557,-1.0313624933625936
28.880000000001715,3.7918095764436117,0.5283706381552156,4.0,2.047796042767306,0.4719476071629742,0.0,0.12185022090976637,-0.47091149003784494,-1.023898021383653
28.890000000001717,3.8122125550572408,0.5332851394803302,4.0,2.0327862553280447,0.5109397233769185,0.0,0.11760929288428763,-0.4711622913463006,-1.0163931276640223
28.900000000001718,3.8324650340467494,0.5385891636769866,4.0,2.0176962169681105,0.5498511562855406,0.0,0.11447457335841417,-0.4714451189783659,-1.0088481084840553
28.91000000000172,3.852566213878945,0.5442818731782779,4.0,2.00252652341638,0.5886757613225082,0.0,0.11051390516617592,-0.4734506772453693,-1.00126326170819
28.92000000000172,3.8725153009936673,0.550362369039382,4.0,1.9872777735463794,0.6274074076326173,0.0,0.10614189624217134,-0.4730533345602518,-0.9936388867731897
28.930000000001723,3.892311507835114,0.556829691079515,4.0,1.971950569352644,0.6660399790399236,0.0,0.10295780575766728,-0.47318496645339864,-0.985975284676322
28.940000000001724,3.911954052882936,0.5636828180335556,4.0,1.9565455159269507,0.7045673750135593,0.0,0.09893460663223057,-0.4748765171475367,-0.9782727579634753
28.950000000001726,3.9314421606830994,0.5709206677133172,4.0,1.9410632214344226,0.7429835116310978,0.0,0.0946069399727786,-0.474574071092817,-0.9705316107172113
28.960000000001727,3.9507750618784563,0.5785420971784236,4.0,1.925504297089553,0.7812823225391899,0.0,0.0903966693059773,-0.4734635027655656,-0.9627521485447765
28.97000000000173,3.969951993239179,0.5865459029168165,4.0,1.9098693571320262,0.8194577599116413,0.0,0.08649766931223941,-0.4752344179527772,-0.9549346785660131
28.98000000000173,3.9889721976928563,0.5949308210347861,4.0,1.8941590188024997,0.8575037954043466,0.0,0.08230845870999956,-0.47456921329691376,-0.9470795094012499
28.990000000001732,4.007834924354383,0.6036955274565603,4.0,1.8783739023182309,0.8954144211072586,0.0,0.07921837812239754,-0.47433686747671283,-0.9391869511591154
29.000000000001734,4.026539428555608,0.6128386381333919,4.0,1.8625146308485896,0.9331836504931043,0.0,0.07535657130129728,-0.47601827232241073,-0.9312573154242948
29.010000000001735,4.045084971874735,0.622358709262115,4.0,1.8465818304904584,0.970805519362729,0.0,0.07115087135802184,-0.4747691026356724,-0.9232909152452292
29.020000000001737,4.063470822165466,0.6322542375131377,4.0,1.8305761302435142,1.0082740867869118,0.0,0.0670747752728911,-0.4735197721586833,-0.9152880651217571
29.03000000000174,4.081696253585915,0.6425236602678366,4.0,1.8144981619853962,1.045583436044507,0.0,0.06331788250305183,-0.4750089290331911,-0.9072490809926981
29.04000000000174,4.099760546627266,0.6531653558653177,4.0,1.7983485604467524,1.082727675556784,0.0,0.05930292789588273,-0.4735381853846833,-0.8991742802233762
29.05000000000174,4.117662988142141,0.6641776438584723,4.0,1.7821279631862168,1.1197009398176923,0.0,0.05543611560027272,-0.4722019783845858,-0.8910639815931084
29.060000000001743,4.135402871372811,0.6755587852793732,4.0,1.7658370105651873,1.156497390320218,0.0,0.05183997268164642,-0.4735053212615589,-0.8829185052825936
29.070000000001745,4.152979495979064,0.6873069829138556,4.0,1.7494763457225773,1.1931112164782696,0.0,0.04802616708797836,-0.471856988818497,-0.8747381728612886
29.080000000001746,4.170392168065856,0.6994203815853242,4.0,1.7330466145494217,1.2295366365442548,0.0,0.04431265744754417,-0.470355813200238,-0.8665233072747108
29.090000000001748,4.187640200210708,0.7118970684477057,4.0,1.7165484656633747,1.2657678985220893,0.0,0.04090524535743588,-0.4713027617811443,-0.8582742328316874
29.10000000000175,4.204722911490844,0.7247350732875093,4.0,1.6999825503831052,1.3017992810755,0.0,0.0372685068241048,-0.4694991143724455,-0.8499912751915526
29.11000000000175,4.221639627510073,0.7379323688349491,4.0,1.683349522702583,1.3376250944314927,0.0,0.03370997235240092,-0.468383911427999,-0.8416747613512915
29.120000000001752,4.238389680425413,0.7514868710840692,4.0,1.6666500392652603,1.3732396812788328,0.0,0.030520905156393996,-0.4675978277989334,-0.8333250196326302
29.130000000001754,4.254972408973455,0.7653964396218362,4.0,1.6498847593381496,1.4086374176613996,0.0,0.027051957721052212,-0.4662967010374361,-0.8249423796690748
29.140000000001756,4.271387158496479,0.7796588779661415,4.0,1.6330543447857857,1.4438127138662946,0.0,0.02364166261085562,-0.46510045363773767,-0.8165271723928929
29.150000000001757,4.287633280968263,0.794271933912619,4.0,1.6161594600441362,1.4787600153064422,0.0,0.020488809919239587,-0.4637655091350567,-0.8080797300220681
29.16000000000176,4.3037101350197196,0.8092332998903422,4.0,1.5992007720943127,1.513473803397843,0.0,0.017212704543053223,-0.4623867863480201,-0.7996003860471563
29.17000000000176,4.319617085964177,0.8245406133261861,4.0,1.5821789504362769,1.5479485964309423,0.0,0.014046979203774977,-0.4608766406947726,-0.7910894752181384
29.180000000001762,4.335353505822449,0.840191457017911,4.0,1.5650946670624024,1.5821789504362758,0.0,0.011073580923315932,-0.4591650667149332,-0.7825473335312012
29.190000000001763,4.350918773347627,0.8561833595158674,4.0,1.5479485964309434,1.6161594600441354,0.0,0.00797133196434602,-0.4575448254589262,-0.7739742982154717
29.200000000001765,4.366312274049599,0.8725137955132678,4.0,1.53074141543941,1.6498847593381392,0.0,0.0055084591509423205,-0.4552232195778454,-0.765370707719705
29.210000000001767,4.381533400219315,0.8891801862449586,4.0,1.513473803397844,1.6833495227025725,0.0,0.0024621258761014847,-0.45354063967739827,-0.756736901698922
29.220000000001768,4.396581550952777,0.9061798998946409,4.0,1.4961464420020023,1.7165484656633643,0.0,-0.0005352066925372061,-0.45179564197706096,-0.7480732210010012
29.23000000000177,4.41145613217477,0.9235102520104723,4.0,1.4787600153064333,1.7494763457225857,0.0,-0.003308913839955599,-0.44980894434863633,-0.7393800076532167
29.24000000000177,4.426156556662279,0.9411685059289341,4.0,1.4613152096975126,1.7821279631862252,0.0,-0.005974141561340764,-0.4477083366739574,-0.7306576048487563
29.250000000001773,4.440682244067724,0.9591518732070416,4.0,1.4438127138662857,1.814498161985395,0.0,-0.008235384380284599,-0.44520353026588416,-0.7219063569331429
29.260000000001774,4.455032620941839,0.9774575140626318,4.0,1.4262532187813186,1.8465818304904573,0.0,-0.01096637254252933,-0.443194103925646,-0.7131266093906593
29.270000000001776,4.469207120756319,0.996082537822808,4.0,1.4086374176614107,1.8783739023182298,0.0,-0.013584950360538696,-0.44108406708719194,-0.7043187088307054
29.280000000001777,4.483205183926177,1.0150240033804099,4.0,1.390966005948227,1.909869357132025,0.0,-0.015593196781558022,-0.4383911775068035,-0.6954830029741135
29.29000000000178,4.497026257831854,1.0342789196584496,4.0,1.3732396812788439,1.9410632214344214,0.0,-0.017732858884477166,-0.43586609988414665,-0.6866198406394219
29.30000000000178,4.510669796841011,1.0538442460824369,4.0,1.3554591434582068,1.9719505693526347,0.0,-0.02031645619286622,-0.4337823583354695,-0.6777295717291034
29.310000000001782,4.524135262330094,1.0737168930605212,4.0,1.3376250944315038,2.0025265234163707,0.0,-0.022174357057570267,-0.4310449861770536,-0.6688125472157519
29.320000000001784,4.537422122705587,1.0938937224713847,4.0,1.3197382382564438,2.0327862553280522,0.0,-0.024530261808484742,-0.4287883234688924,-0.6598691191282219
29.330000000001785,4.5505298534249805,1.1143715481597436,4.0,1.301799281075501,2.062724986725195,0.0,-0.026252230842662667,-0.42600694306617587,-0.6508996405377505
29.340000000001787,4.563457937017516,1.1351471364395467,4.0,1.2838089310879788,2.092337989935067,0.0,-0.027990090567519672,-0.42322544463344686,-0.6419044655439894
29.35000000000179,4.5762058631045885,1.156217206604566,4.0,1.2657678985220904,2.1216205887211768,0.0,-0.029737128338451584,-0.42088408204956196,-0.6328839492610452
29.36000000000179,4.588773128419906,1.1775784314464706,4.0,1.24767689560691,2.1505681590217214,0.0,-0.03204242182658619,-0.4181398411358926,-0.623838447803455
29.37000000000179,4.601159236829351,1.1992274377802308,4.0,1.229536636544256,2.17917612967978,0.0,-0.03341464697000719,-0.4152502962451315,-0.614768318272128
29.380000000001793,4.613363699350572,1.2211608069767834,4.0,1.2113478374804953,2.2074399831651506,0.0,-0.03470374149965492,-0.41274299062962716,-0.6056739187402477
29.390000000001795,4.625386034172287,1.2433750755028723,4.0,1.1931112164782707,2.2353552562877232,0.0,-0.036926689642222774,-0.4097114746593016,-0.5965556082391353
29.400000000001796,4.637225766673303,1.2658667354679813,4.0,1.1748274934881529,2.262917540902268,0.0,-0.038021371487063145,-0.4067146613803932,-0.5874137467440764
29.410000000001798,4.64888242944126,1.2886322351782835,4.0,1.156497390320209,2.2901224846045474,0.0,-0.039046997388218936,-0.4041114518818066,-0.5782486951601045
29.4200000000018,4.660355562291056,1.3116679796974426,4.0,1.1381216306155462,2.3169657914185504,0.0,-0.040963069018058615,-0.4008659578500407,-0.5690608153077731
29.4300000000018,4.6716447122830616,1.3349703314143733,4.0,1.119700939817683,2.343443222474969,0.0,-0.041894782463936506,-0.3982095682621612,-0.5598504699088415
29.440000000001803,4.682749433740962,1.3585356106176099,4.0,1.101236045143951,2.3695505966805026,0.0,-0.04266994281296737,-0.39506233268887375,-0.5506180225719755
29.450000000001804,4.69366928826937,1.3823600960763887,4.0,1.0827276755567747,2.395283791378119,0.0,-0.04352405904701635,-0.3911173061696193,-0.5413638377783874
29.460000000001806,4.704403844771127,1.4064400256282736,4.0,1.0641765617348942,2.420638742998066,0.0,-0.04428065230425286,-0.38855693963387083,-0.5320882808674471
29.470000000001807,4.714952679464321,1.4307715967732453,4.0,1.0455834360445186,2.445611447699559,0.0,-0.04497092175241855,-0.38533843662831846,-0.5227917180222593
29.48000000000181,4.725315375899022,1.455350967274159,4.0,1.0269490325104136,2.4701979620030334,0.0,-0.046638395067751366,-0.38201006493793765,-0.5134745162552068
29.49000000000181,4.735491524973719,1.4801742557634796,4.0,1.0082740867869235,2.4943944034128642,0.0,-0.047132831766408124,-0.3793845553832284,-0.5041370433934618
29.500000000001812,4.745480724951475,1.5052375423562085,4.0,0.9895593361289182,2.5181969510304723,0.0,-0.04747275463833171,-0.376007406715094,-0.4947796680644591
29.510000000001813,4.755282581475769,1.5305368692688215,4.0,0.9708055193627301,2.5416018461576337,0.0,-0.047765229647420165,-0.37192983749445796,-0.48540275968136504
29.520000000001815,4.764896707586095,1.5560682414443336,4.0,0.9520133768569228,2.564605392890104,0.0,-0.04808332152259264,-0.36930950617615704,-0.4760066884284614
29.530000000001817,4.774322723733215,1.5818276271831098,4.0,0.9331836504931053,2.5872039587011875,0.0,-0.04827892602017187,-0.3659940012168862,-0.4665918252465526
29.540000000001818,4.783560257794152,1.6078109587795295,4.0,0.9143170836366326,2.6093939750153727,0.0,-0.04847007134411715,-0.362018778897885,-0.4571585418183163
29.55000000000182,4.7926089450868785,1.6340141331643252,4.0,0.8954144211072596,2.6311719377718488,0.0,-0.04861976956711072,-0.3593879719405905,-0.4477072105536298
29.56000000000182,4.801468428384714,1.6604330125525046,4.0,0.8764764091497362,2.6525344079778375,0.0,-0.0486262249721411,-0.3561122770601503,-0.4382382045748681
29.570000000001823,4.810138357930428,1.687063425096755,4.0,0.8575037954043478,2.673478012251653,0.0,-0.04864479008888528,-0.3526970640961561,-0.4287518977021739
29.580000000001824,4.8186183914500464,1.7139011655462268,4.0,0.8384973288773984,2.6939994433553927,0.0,-0.04853418829326194,-0.3495439297537283,-0.4192486644386992
29.590000000001826,4.826908194166371,1.7409419959106045,4.0,0.8194577599116315,2.714095460717206,0.0,-0.048315103655320955,-0.34627627830617974,-0.40972887995581575
29.600000000001828,4.835007438812177,1.7681816461292759,4.0,0.8003858401566505,2.733762890942968,0.0,-0.04802082517534594,-0.34297401276188283,-0.40019292007832524
29.61000000000183,4.842915805643156,1.7956158147457149,4.0,0.7812823225391802,2.7529986283174654,0.0,-0.04764169888485805,-0.3397108622556351,-0.3906411612695901
29.62000000000183,4.85063298245053,1.82324016958667,4.0,0.7621479612333857,2.771799635294779,0.0,-0.047168386829209104,-0.336451747830613,-0.38107398061669284
29.630000000001832,4.858158664573369,1.85105034844628,4.0,0.742983511631088,2.790162942977959,0.0,-0.04660265993472623,-0.33318022628146304,-0.371491755815544
29.640000000001834,4.865492554910632,1.8790419597749173,4.0,0.7237897303119427,2.808085651587847,0.0,-0.045948868115218575,-0.32992362053792657,-0.36189486515597136
29.650000000001835,4.872634363932884,1.9072105833726638,4.0,0.7045673750135713,2.8255649309209887,0.0,-0.04519916786180073,-0.3266861931667742,-0.3522836875067856
29.660000000001837,4.879583809693735,1.9355517710873127,4.0,0.6853172046016468,2.84259802079655,0.0,-0.044351441703476414,-0.3234517226712043,-0.3426586023008234
29.67000000000184,4.886340617840966,1.9640610475167821,4.0,0.6660399790399357,2.859182231492186,0.0,-0.043409214220017804,-0.32023316260286594,-0.33301998951996786
29.68000000000184,4.892904521627362,1.9927339107158502,4.0,0.6467364593602842,2.875314944168786,0.0,-0.04236648277439075,-0.31704239862953354,-0.3233682296801421
29.69000000000184,4.899275261921235,2.021565832906999,4.0,0.6274074076326184,2.890993611283985,0.0,-0.04122231057000539,-0.3138654996072,-0.3137037038163092
29.700000000001843,4.905452587216671,2.0505522611955005,4.0,0.6080535869347927,2.906215756994501,0.0,-0.03998284744613667,-0.31071517181366787,-0.30402679346739636
29.710000000001845,4.911436253643443,2.0796886182883068,4.0,0.5886757613225094,2.9209789775470654,0.0,-0.03864390916630921,-0.3076043280271956,-0.2943378806612547
29.720000000001846,4.917226024976649,2.108970303216873,4.0,0.5692746957991435,2.935280941658013,0.0,-0.03720563526376055,-0.3045205765561281,-0.28463734789957174
29.730000000001848,4.922821672646027,2.1383926920637055,4.0,0.5498511562855417,2.949119390881416,0.0,-0.03567459640366694,-0.30147608587138386,-0.27492557814277085
29.74000000000185,4.92822297574499,2.1679511386925294,4.0,0.5304059095897858,2.962492139965723,0.0,-0.03404803162313621,-0.2984845940661947,-0.2652029547948929
29.75000000000185,4.93342972103934,2.1976409754819706,4.0,0.5109397233769197,2.9753970771988314,0.0,-0.03232685796239395,-0.2955346574016602,-0.25546986168845986
29.760000000001853,4.9384417029756875,2.227457514062624,4.0,0.49145336613864365,2.9878321647415524,0.0,-0.030517582562883307,-0.29263790958804586,-0.24572668306932183
29.770000000001854,4.9432587236895715,2.25739604605742,4.0,0.47194760716296436,2.9997954389494184,0.0,-0.028618528376692313,-0.289808463868684,-0.23597380358148218
29.780000000001856,4.947880593013256,2.2874518438250653,4.0,0.45242321650386896,3.0112850106827356,0.0,-0.0266312220078065,-0.2870358465668472,-0.22621160825193448
29.790000000001857,4.952307128483256,2.3176201612066905,4.0,0.43288096495085865,3.0222990656049427,0.0,-0.024561748357758734,-0.28433123222087214,-0.21644048247542932
29.80000000000186,4.956538155347533,2.347896234275259,4.0,0.4133216239985631,3.0328358644690887,0.0,-0.022409475840384652,-0.2817080774087494,-0.20666081199928155
29.81000000000186,4.9605735065723895,2.3782752820878628,4.0,0.3937459658162719,3.042893743392486,0.0,-0.0201761964311225,-0.27915995281879274,-0.19687298290813596
29.820000000001862,4.964413022849068,2.408752507440686,4.0,0.3741547632174515,3.052471114119459,0.0,-0.01786640325656675,-0.2766999843484091,-0.18707738160872575
29.830000000001863,4.968056552600041,2.439323097626543,4.0,0.3545487896292348,3.0615664642721447,0.0,-0.01548245174441509,-0.27432691062899217,-0.1772743948146174
29.840000000001865,4.971503951984994,2.4699822251948573,4.0,0.33492881906188837,3.070178357589317,0.0,-0.01302840455383003,-0.272036082066168,-0.16746440953094419
29.850000000001867,4.9747550849065,2.5007250487139747,4.0,0.3152956260782553,3.0783054341531897,0.0,-0.010505174284942747,-0.2698485956960592,-0.15764781303912764
29.860000000001868,4.977809823015399,2.5315467135356786,4.0,0.29564998576317725,3.085946410604161,0.0,-0.007914978045847372,-0.26775734806873525,-0.14782499288158862
29.87000000000187,4.980668045715863,2.5624423525618156,4.0,0.27599267369288405,3.0931000803434765,0.0,-0.005261739238441611,-0.26577506118908767,-0.13799633684644202
29.88000000000187,4.98332964017015,2.5934070870127948,4.0,0.2563244659044197,3.099765313723748,0.0,-0.0025485664978916463,-0.2638996326464736,-0.12816223295220985
29.890000000001873,4.98579450130307,2.6244360271981093,4.0,0.23664613886493918,3.1059410582273626,0.0,0.00022068071740061158,-0.2621213559422573,-0.11832306943246959
29.900000000001874,4.9880625318061265,2.655524273288405,4.0,0.2169584694410994,3.111626338632672,0.0,0.0030448851166359446,-0.26046571514459077,-0.1084792347205497
29.910000000001876,4.990133642141358,2.6866669160892376,4.0,0.19726223486837852,3.116820257167995,0.0,0.005919571527881107,-0.2589209050098504,-0.09863111743418926
29.920000000001878,4.992007750544875,2.717859037816292,4.0,0.17755821272039204,3.121521993653385,0.0,0.008841904781869995,-0.2575009809364595,-0.08877910636019602
29.93000000000188,4.993684783030087,2.749095712871957,4.0,0.15784718087819577,3.1257308056301456,0.0,0.011807994776600859,-0.25619762421683406,-0.07892359043909788
29.94000000000188,4.995164673390623,2.7803720086231345,4.0,0.13812991749957607,3.129446028478076,0.0,0.014813808771829308,-0.25500205804731974,-0.06906495874978803
29.950000000001882,4.996447363202946,2.8116829861801587,4.0,0.11840720098832977,3.132667075520421,0.0,0.01785758014893573,-0.2539348016874941,-0.059203600494164885
29.960000000001884,4.997532801828658,2.8430237011767225,4.0,0.09867980996352291,3.135393438116514,0.0,0.020933311196537355,-0.25298482548946105,-0.049339904981761454
29.970000000001885,4.9984209464165,2.8743892045505803,4.0,0.07894852322879675,3.1376246857420926,0.0,0.024038136499030822,-0.252159771857767,-0.039474261614398376
29.980000000001887,4.999111761904045,2.905774543325166,4.0,0.05921411974155504,3.139360466057294,0.0,0.027168805526256362,-0.2514487395504078,-0.02960705987077752
29.99000000000189,4.99960522101908,2.9371747613916566,4.0,0.03947737858225674,3.140600504962283,0.0,0.030321912597280325,-0.2508653609378924,-0.01973868929112837
30.00000000000189,4.9999013042806855,2.9685849002916167,4.0,0.01973907892364812,3.1413446066405433,0.0,0.03349029549035616,-0.2503999763451786,-0.00986953946182406
30.01000000000189,5.0,2.9999999999999964,4.0,2.3084048324661477e-15,3.141592653589793,0.0,0.036671898916517766,-0.25005692004179286,-1.1542024162330739e-15
30.020000000001893,4.9999013042806855,3.0314150997083757,4.0,-0.019739078923643506,3.1413446066405433,0.0,0.039863486854363854,-0.24982413098883932,0.009869539461821753
30.030000000001895,4.99960522101908,3.0628252386083363,4.0,-0.03947737858225213,3.1406005049622836,0.0,0.04306088033388675,-0.24972117215235606,0.019738689291126064
30.040000000001896,4.999111761904046,3.0942254566748266,4.0,-0.05921411974155043,3.1393604660572945,0.0,0.04625503807072155,-0.2497356367053652,0.029607059870775214
30.050000000001898,4.9984209464165,3.1256107954494303,4.0,-0.07894852322880329,3.137624685742092,0.0,0.04944484072689496,-0.24987554260195216,0.039474261614401644
30.0600000000019,4.997532801828657,3.1569762988232877,4.0,-0.09867980996352947,3.135393438116513,0.0,0.052626861694783963,-0.25012742891897904,0.049339904981764736
30.0700000000019,4.996447363202946,3.1883170138198342,4.0,-0.11840720098832518,3.1326670755204216,0.0,0.05579652893758671,-0.2505075687000004,0.05920360049416259
30.080000000001903,4.995164673390623,3.2196279913768584,4.0,-0.13812991749957146,3.129446028478077,0.0,0.058943198497270755,-0.25100399476877183,0.06906495874978573
30.090000000001904,4.993684783030087,3.250904287128036,4.0,-0.15784718087819113,3.125730805630146,0.0,0.0620662423567488,-0.25162366668753156,0.07892359043909557
30.100000000001906,4.992007750544875,3.2821409621837008,4.0,-0.17755821272038746,3.121521993653386,0.0,0.06516300620658087,-0.252353631945878,0.08877910636019373
30.110000000001907,4.990133642141358,3.3133330839107553,4.0,-0.19726223486837394,3.1168202571679964,0.0,0.06822759218845358,-0.2532097904312684,0.09863111743418697
30.12000000000191,4.9880625318061265,3.344475726711588,4.0,-0.21695846944109484,3.1116263386326737,0.0,0.07124821976564846,-0.25418093680923126,0.10847923472054742
30.13000000000191,4.9857945013030704,3.375563972801883,4.0,-0.23664613886493457,3.105941058227364,0.0,0.0742255028491372,-0.255273057956563,0.11832306943246729
30.140000000001912,4.983329640170149,3.4065929129872154,4.0,-0.2563244659044262,3.0997653137237458,0.0,0.07715688512410945,-0.2564725520633336,0.1281622329522131
30.150000000001913,4.980668045715862,3.4375576474381946,4.0,-0.27599267369289054,3.0931000803434743,0.0,0.08003539478670635,-0.2577972710566223,0.13799633684644527
30.160000000001915,4.9778098230154,3.468453286464314,4.0,-0.29564998576317264,3.085946410604163,0.0,0.0828482295376326,-0.25923570466335294,0.14782499288158632
30.170000000001917,4.9747550849065005,3.499274951286018,4.0,-0.3152956260782507,3.078305434153192,0.0,0.08559699092360651,-0.2607924335522859,0.15764781303912534
30.180000000001918,4.971503951984994,3.530017774805135,4.0,-0.3349288190618837,3.0701783575893193,0.0,0.08827986997723342,-0.26245081440499873,0.16746440953094185
30.19000000000192,4.968056552600043,3.5606769023734497,4.0,-0.35454878962923025,3.0615664642721465,0.0,0.09088771192985265,-0.26423850346558697,0.17727439481461513
30.20000000000192,4.964413022849069,3.5912474925593063,4.0,-0.37415476321744695,3.052471114119461,0.0,0.09340737335849326,-0.2661355849671862,0.18707738160872348
30.210000000001923,4.9605735065723895,3.62172471791213,4.0,-0.3937459658162674,3.0428937433924887,0.0,0.09584317352946316,-0.26813734140403145,0.1968729829081337
30.220000000001924,4.956538155347534,3.6521037657247337,4.0,-0.4133216239985585,3.0328358644690914,0.0,0.0981954141482201,-0.27023030079572496,0.20666081199927924
30.230000000001926,4.952307128483255,3.6823798387933193,4.0,-0.4328809649508652,3.022299065604939,0.0,0.10032907600684737,-0.27305342588229475,0.2164404824754326
30.240000000001928,4.947880593013254,3.712548156174945,4.0,-0.45242321650387546,3.011285010682732,0.0,0.10254755407981792,-0.27501174430929437,0.22621160825193773
30.25000000000193,4.94325872368957,3.7426039539425897,4.0,-0.4719476071629708,2.999795438949415,0.0,0.10467840186670266,-0.2769876544667588,0.2359738035814854
30.26000000000193,4.938441702975688,3.772542485937369,4.0,-0.49145336613863905,2.9878321647415556,0.0,0.10649385251073393,-0.27999276269454404,0.24572668306931952
30.270000000001932,4.9334297210393405,3.8023590245180223,4.0,-0.5109397233769152,2.9753970771988345,0.0,0.10844911442743273,-0.28200578940213844,0.2554698616884576
30.280000000001934,4.9282229757449905,3.832048861307464,4.0,-0.5304059095897813,2.9624921399657262,0.0,0.11010145312064071,-0.28475892715428586,0.26520295479489064
30.290000000001935,4.922821672646028,3.861607307936288,4.0,-0.5498511562855372,2.9491193908814197,0.0,0.11161827441531225,-0.2876653623565852,0.2749255781427686
30.300000000001937,4.9172260249766495,3.89102969678312,4.0,-0.5692746957991389,2.935280941658016,0.0,0.1133229747369315,-0.28948564408596733,0.28463734789956946
30.31000000000194,4.911436253643445,3.9203113817116866,4.0,-0.5886757613225049,2.920978977547069,0.0,0.11459735475550638,-0.2924387074520273,0.29433788066125244
30.32000000000194,4.905452587216669,3.9494477388045093,4.0,-0.6080535869347992,2.906215756994496,0.0,0.11579365215068614,-0.2952233247520904,0.3040267934673996
30.33000000000194,4.899275261921233,3.9784341670930106,4.0,-0.6274074076326248,2.89099361128398,0.0,0.11710810110726726,-0.2972638696781978,0.3137037038163124
30.340000000001943,4.89290452162736,4.007266089284159,4.0,-0.6467364593602907,2.875314944168781,0.0,0.11800729251125715,-0.3001791434995826,0.32336822968014534
30.350000000001945,4.8863406178409665,4.035938952483211,4.0,-0.6660399790399312,2.8591822314921895,0.0,0.11878452231578872,-0.3031093365279178,0.3330199895199656
30.360000000001946,4.879583809693737,4.06444822891268,4.0,-0.6853172046016422,2.8425980207965535,0.0,0.11947147830878574,-0.30594932350551657,0.3426586023008211
30.370000000001948,4.872634363932886,4.09278941662733,4.0,-0.7045673750135667,2.8255649309209927,0.0,0.11998875552586061,-0.3087336211845675,0.35228368750678335
30.38000000000195,4.865492554910634,4.1209580402250765,4.0,-0.7237897303119383,2.8080856515878514,0.0,0.1204191378967345,-0.3115537806674247,0.36189486515596914
30.39000000000195,4.858158664573372,4.148949651553713,4.0,-0.7429835116310836,2.790162942977963,0.0,0.12067487131062828,-0.31438388982859966,0.3714917558155418
30.400000000001953,4.850632982450531,4.1767598304133235,4.0,-0.7621479612333812,2.771799635294783,0.0,0.1206079526741184,-0.31695721967976137,0.3810739806166906
30.410000000001954,4.842915805643158,4.204384185254279,4.0,-0.7812823225391757,2.75299862831747,0.0,0.12099377862641175,-0.3203955279116394,0.39064116126958787
30.420000000001956,4.835007438812174,4.231818353870733,4.0,-0.8003858401566569,2.7337628909429617,0.0,0.12053954734677394,-0.3228761498468138,0.40019292007832846
30.430000000001957,4.826908194166369,4.259058004089405,4.0,-0.8194577599116378,2.7140954607171994,0.0,0.11994366231817395,-0.32547437069998547,0.4097288799558189
30.44000000000196,4.818618391450048,4.286098834453767,4.0,-0.838497328877394,2.6939994433553975,0.0,0.12055699954498283,-0.3283070192998218,0.419248664438697
30.45000000000196,4.8101383579304295,4.3129365749032385,4.0,-0.8575037954043433,2.6734780122516577,0.0,0.11951589049800726,-0.33079233282144976,0.42875189770217165
30.460000000001962,4.801468428384716,4.339566987447489,4.0,-0.8764764091497319,2.6525344079778423,0.0,0.11819046756063313,-0.33296621997663794,0.43823820457486595
30.470000000001964,4.792608945086881,4.365985866835668,4.0,-0.8954144211072552,2.6311719377718537,0.0,0.11774577577855416,-0.33810328447895366,0.4477072105536276
30.480000000001965,4.7835602577941545,4.3921890412204645,4.0,-0.9143170836366282,2.609393975015378,0.0,0.11642997512354439,-0.34060517999046863,0.4571585418183141
30.490000000001967,4.774322723733217,4.418172372816884,4.0,-0.9331836504931009,2.5872039587011932,0.0,0.11486087925522497,-0.34277395508637065,0.46659182524655046
30.500000000001968,4.764896707586097,4.44393175855566,4.0,-0.9520133768569184,2.564605392890109,0.0,0.11300699357932527,-0.34726260867682784,0.4760066884284592
30.51000000000197,4.755282581475766,4.469463130731187,4.0,-0.9708055193627363,2.541601846157626,0.0,0.11141316502750977,-0.3494571752503957,0.48540275968136815
30.52000000000197,4.745480724951472,4.4947624576438,4.0,-0.9895593361289243,2.5181969510304643,0.0,0.11004722293342643,-0.3525097159254378,0.49477966806446216
30.530000000001973,4.735491524973721,4.519825744236515,4.0,-1.008274086786919,2.49439440341287,0.0,0.10913780124210427,-0.35748810468305975,0.5041370433934595
30.540000000001974,4.725315375899025,4.544649032725835,4.0,-1.0269490325104094,2.4701979620030388,0.0,0.10716640167107173,-0.3593677276087494,0.5134745162552047
30.550000000001976,4.714952679464323,4.569228403226749,4.0,-1.0455834360445142,2.445611447699565,0.0,0.10555358300391975,-0.36269847664101934,0.5227917180222571
30.560000000001978,4.704403844771129,4.593559974371721,4.0,-1.06417656173489,2.420638742998072,0.0,0.10282535862690115,-0.3666029779784722,0.532088280867445
30.57000000000198,4.693669288269373,4.617639903923606,4.0,-1.0827276755567705,2.395283791378125,0.0,0.1007313424077858,-0.3683915213427429,0.5413638377783853
30.58000000000198,4.682749433740964,4.641464389382385,4.0,-1.1012360451439465,2.369550596680509,0.0,0.09902834850362027,-0.3719259452652524,0.5506180225719732
30.590000000001982,4.671644712283064,4.665029668585621,4.0,-1.1197009398176787,2.343443222474975,0.0,0.09614760168413815,-0.3759707211367933,0.5598504699088394
30.600000000001984,4.660355562291053,4.688332020302565,4.0,-1.1381216306155522,2.3169657914185415,0.0,0.09378902901167066,-0.3771079769587572,0.5690608153077761
30.610000000001985,4.648882429441255,4.711367764821724,4.0,-1.156497390320215,2.2901224846045385,0.0,0.09204969930766019,-0.3813823797385202,0.5782486951601075
30.620000000001987,4.637225766673306,4.734133264532014,4.0,-1.1748274934881486,2.2629175409022744,0.0,0.08890739442547665,-0.38539804141468714,0.5874137467440743
30.63000000000199,4.6253860341722906,4.756624924497123,4.0,-1.1931112164782662,2.23535525628773,0.0,0.08644401649790874,-0.38659666017453537,0.5965556082391331
30.64000000000199,4.613363699350575,4.778839193023211,4.0,-1.2113478374804911,2.207439983165157,0.0,0.08442832150668315,-0.3909496192852499,0.6056739187402456
30.65000000000199,4.6011592368293535,4.800772562219764,4.0,-1.2295366365442517,2.1791761296797865,0.0,0.08084734647122864,-0.39435879218426195,0.6147683182721259
30.660000000001993,4.588773128419908,4.8224215685535246,4.0,-1.2476768956069058,2.150568159021728,0.0,0.07844563525626161,-0.3968314347710627,0.6238384478034529
30.670000000001995,4.576205863104591,4.8437827933954285,4.0,-1.2657678985220862,2.1216205887211834,0.0,0.07573600958372353,-0.4000816581233111,0.6328839492610431
30.680000000001996,4.563457937017518,4.864852863560449,4.0,-1.2838089310879746,2.0923379899350736,0.0,0.07196256054641584,-0.4033395632249796,0.6419044655439873
30.690000000001998,4.550529853424976,4.8856284518402635,4.0,-1.301799281075507,2.062724986725185,0.0,0.06920239663864958,-0.4058586648521117,0.6508996405377535
30.700000000002,4.537422122705584,4.906106277528622,4.0,-1.3197382382564495,2.0327862553280425,0.0,0.06537043814777145,-0.40810241379208373,0.6598691191282248
30.710000000002,4.5241352623300966,4.926283106939474,4.0,-1.3376250944314998,2.0025265234163774,0.0,0.06145692016932005,-0.4112461328562458,0.6688125472157499
30.720000000002003,4.5106697968410145,4.946155753917559,4.0,-1.3554591434582026,1.9719505693526416,0.0,0.05863222777100217,-0.41370920618664064,0.6777295717291013
30.730000000002004,4.497026257831856,4.965721080341546,4.0,-1.3732396812788399,1.9410632214344288,0.0,0.05493913315278941,-0.41612397610808777,0.6866198406394199
30.740000000002006,4.483205183926181,4.9849759966195855,4.0,-1.390966005948223,1.9098693571320324,0.0,0.05081276969707146,-0.4190624614730811,0.6954830029741115
30.750000000002007,4.469207120756321,5.003917462177188,4.0,-1.4086374176614065,1.8783739023182375,0.0,0.047756398476062695,-0.4212356472953695,0.7043187088307032
30.76000000000201,4.455032620941843,5.022542485937364,4.0,-1.4262532187813144,1.846581830490465,0.0,0.04360119671448789,-0.42320558677639786,0.7131266093906572
30.77000000000201,4.440682244067728,5.0408481267929535,4.0,-1.4438127138662815,1.8144981619854024,0.0,0.03930710619947769,-0.42593704896227996,0.7219063569331408
30.780000000002012,4.426156556662273,5.058831494071072,4.0,-1.4613152096975186,1.7821279631862144,0.0,0.036091220393129786,-0.42795385174383227,0.7306576048487593
30.790000000002014,4.411456132174765,5.076489747989534,4.0,-1.4787600153064393,1.7494763457225746,0.0,0.031726471308509516,-0.42962686732732713,0.7393800076532197
30.800000000002015,4.396581550952781,5.093820100105355,4.0,-1.496146442001998,1.716548465663372,0.0,0.027207128909270482,-0.4315724572158008,0.748073221000999
30.810000000002017,4.381533400219318,5.110819813755038,4.0,-1.5134738033978399,1.68334952270258,0.0,0.023652812242182606,-0.4337406835614547,0.7567369016989199
30.82000000000202,4.366312274049601,5.127486204486729,4.0,-1.530741415439406,1.6498847593381472,0.0,0.019140728761603755,-0.43521821513418035,0.765370707719703
30.83000000000202,4.35091877334763,5.143816640484129,4.0,-1.5479485964309394,1.6161594600441433,0.0,0.01451277118684808,-0.43667346839972165,0.7739742982154697
30.84000000000202,4.335353505822454,5.159808542982085,4.0,-1.5650946670623984,1.5821789504362838,0.0,0.00999529404406571,-0.438091651367221,0.7825473335311992
30.850000000002023,4.319617085964181,5.1754593866738094,4.0,-1.582178950436273,1.5479485964309503,0.0,0.005503223961152961,-0.43953361621647546,0.7910894752181366
30.860000000002024,4.303710135019723,5.190766700109654,4.0,-1.5992007720943087,1.513473803397851,0.0,0.0009212971536074926,-0.4409145284565438,0.7996003860471543
30.870000000002026,4.287633280968258,5.205728066087386,4.0,-1.616159460044142,1.4787600153064306,0.0,-0.003619809719300801,-0.4422665663553074,0.808079730022071
30.880000000002028,4.271387158496474,5.220341122033863,4.0,-1.6330543447857913,1.443812713866283,0.0,-0.008230228623553864,-0.44351733438727176,0.8165271723928956
30.89000000000203,4.254972408973458,5.23460356037816,4.0,-1.6498847593381458,1.4086374176614078,0.0,-0.012885561897088279,-0.44471247310697076,0.8249423796690729
30.90000000000203,4.238389680425416,5.248513128915928,4.0,-1.6666500392652563,1.3732396812788412,0.0,-0.017574225318223863,-0.445819470723023,0.8333250196326282
30.910000000002032,4.2216396275100765,5.262067631165048,4.0,-1.6833495227025792,1.3376250944315011,0.0,-0.022302750693019995,-0.446850892563497,0.8416747613512896
30.920000000002034,4.2047229114908475,5.275264926712488,4.0,-1.699982550383101,1.3017992810755084,0.0,-0.0270704114451914,-0.4478131553397856,0.8499912751915505
30.930000000002035,4.187640200210712,5.288102931552292,4.0,-1.716548465663371,1.2657678985220977,0.0,-0.03186067095814466,-0.44867034319646687,0.8582742328316855
30.940000000002037,4.17039216806586,5.300579618414673,4.0,-1.7330466145494179,1.2295366365442635,0.0,-0.03669238841747662,-0.4494621768468574,0.8665233072747089
30.95000000000204,4.152979495979069,5.312693017086142,4.0,-1.7494763457225735,1.193111216478278,0.0,-0.04155459046343362,-0.45014866623443145,0.8747381728612867
30.96000000000204,4.135402871372806,5.324441214720631,4.0,-1.7658370105651924,1.156497390320206,0.0,-0.04644811578601922,-0.4507709126348409,0.8829185052825962
30.97000000000204,4.117662988142135,5.335822356141532,4.0,-1.7821279631862224,1.11970093981768,0.0,-0.0513673522867383,-0.4512856320093311,0.8910639815931112
30.980000000002043,4.099760546627261,5.346834644134686,4.0,-1.7983485604467575,1.0827276755567719,0.0,-0.05631824090394021,-0.4517370401930396,0.8991742802233788
30.990000000002045,4.081696253585919,5.357476339732161,4.0,-1.8144981619853924,1.0455834360445158,0.0,-0.06129359115603711,-0.4520802630013426,0.9072490809926962
31.000000000002046,4.0634708221654705,5.3677457624868605,4.0,-1.8305761302435104,1.0082740867869207,0.0,-0.06628552059285495,-0.4523415039190701,0.9152880651217552
31.010000000002048,4.04508497187474,5.377641290737882,4.0,-1.8465818304904547,0.9708055193627378,0.0,-0.07130278304882326,-0.452525238769288,0.9232909152452273
31.02000000000205,4.026539428555614,5.387161361866606,4.0,-1.862514630848586,0.9331836504931129,0.0,-0.0763318588093799,-0.4525967469304518,0.931257315424293
31.03000000000205,4.007834924354388,5.396304472543438,4.0,-1.878373902318227,0.8954144211072674,0.0,-0.08137205992411627,-0.4525887867105805,0.9391869511591135
31.040000000002053,3.9889721976928616,5.405069178965212,4.0,-1.894159018802496,0.8575037954043555,0.0,-0.08642862866283779,-0.45249669642463725,0.947079509401248
31.050000000002054,3.9699519932391727,5.413454097083187,4.0,-1.9098693571320313,0.8194577599116285,0.0,-0.09148590754012063,-0.452294607741989,0.9549346785660157
31.060000000002056,3.950775061878449,5.421457902821579,4.0,-1.9255042970895582,0.7812823225391773,0.0,-0.09655636328539562,-0.4520248203171713,0.9627521485447791
31.070000000002057,3.931442160683093,5.429079332286685,4.0,-1.9410632214344274,0.7429835116310851,0.0,-0.10162392025857646,-0.45164412119435127,0.9705316107172137
31.08000000000206,3.9119540528829404,5.436317181966443,4.0,-1.9565455159269471,0.7045673750135683,0.0,-0.10669867245055735,-0.451195922684789,0.9782727579634736
31.09000000000206,3.8923115078351183,5.443170308920483,4.0,-1.9719505693526405,0.6660399790399326,0.0,-0.11176369930064946,-0.4506369735642556,0.9859752846763202
31.100000000002062,3.872515300993671,5.449637630960616,4.0,-1.9872777735463758,0.6274074076326263,0.0,-0.11683062275970668,-0.45001143456283843,0.9936388867731879
31.110000000002064,3.8525662138789496,5.45571812682172,4.0,-2.0025265234163765,0.5886757613225173,0.0,-0.1218814732087511,-0.44927604330657817,1.0012632617081882
31.120000000002065,3.832465034046754,5.461410836323012,4.0,-2.017696216968107,0.5498511562855496,0.0,-0.12692832674862667,-0.44847453616058264,1.0088481084840535
31.130000000002067,3.812212555057245,5.4667148605196685,4.0,-2.032786255328041,0.5109397233769277,0.0,-0.13195280069902435,-0.44756469668044674,1.0163931276640206
31.14000000000207,3.791809576443617,5.4716293618447835,4.0,-2.0477960427673025,0.47194760716298334,0.0,-0.1369675050348043,-0.4465891416760606,1.0238980213836513
31.15000000000207,3.7712569036805164,5.476153564241629,4.0,-2.062724986725192,0.4328809649508556,0.0,-0.14195364111379744,-0.4455072504423431,1.031362493362596
31.16000000000207,3.7505553481522966,5.480286753286195,4.0,-2.0775724978325485,0.39374596581626886,0.0,-0.14692431666175954,-0.44436008781831815,1.0387862489162742
31.170000000002073,3.72970572712091,5.484028276300021,4.0,-2.0923379899350643,0.35454878962923175,0.0,-0.1518607986066561,-0.4431089459679362,1.0461689949675321
31.180000000002075,3.7087088636936976,5.487377542453251,4.0,-2.107020880116394,0.31529562607825223,0.0,-0.15677850570557883,-0.4417968484972443,1.053510440058197
31.190000000002076,3.687565586790872,5.490334022857931,4.0,-2.121620588721174,0.27599267369289204,0.0,-0.16166020184062604,-0.44038319576641366,1.060810294360587
31.200000000002078,3.666276731112804,5.492897250651534,4.0,-2.1361365393779077,0.23664613886494726,0.0,-0.1665056275038482,-0.4388934543748306,1.0680682696889539
31.21000000000208,3.6448431371070633,5.495066821070679,4.0,-2.1505681590217187,0.19726223486838657,0.0,-0.17131938261525728,-0.4373310001534129,1.0752840795108594
31.22000000000208,3.62326565093524,5.4968423915150435,4.0,-2.1649148779169742,0.15784718087820382,0.0,-0.17608222858558212,-0.4356644677369488,1.0824574389584871
31.230000000002082,3.601545124439543,5.498223681601473,4.0,-2.179176129679777,0.11840720098833786,0.0,-0.1808074920398678,-0.4339351959587328,1.0895880648398886
31.240000000002084,3.5796824151091524,5.49921047320825,4.0,-2.1933513513003353,0.07894852322879367,0.0,-0.1854986088684376,-0.43213332791498776,1.0966756756501677
31.250000000002085,3.557678386046425,5.499802610509541,4.0,-2.207439983165156,0.03947737858225367,0.0,-0.1901425814185111,-0.43024073859419665,1.103719991582578
31.260000000002087,3.5355339059327378,5.5,4.0,-2.221441469079183,-7.714128625093363e-16,0.0,-0.1947408673214789,-0.4282825890834396,1.1107207345395915
31.27000000000209,3.5132498489942474,5.499802610509541,4.0,-2.2353552562877286,-0.03947737858225521,0.0,-0.19929586309497316,-0.4262585481023649,1.1176776281438643
31.28000000000209,3.490827094967366,5.49921047320825,4.0,-2.249180795498297,-0.07894852322879523,0.0,-0.20378824992019967,-0.42413879647489056,1.1245903977491485
31.29000000000209,3.468266529064028,5.498223681601473,4.0,-2.2629175409022735,-0.11840720098831709,0.0,-0.20823971112997253,-0.42196694884999314,1.1314587704511367
31.300000000002093,3.4455690419367473,5.496842391515044,4.0,-2.276564950196471,-0.15784718087818309,0.0,-0.21263346091741514,-0.41971033278589726,1.1382824750982354
31.310000000002095,3.4227355296434503,5.4950668210706795,4.0,-2.290122484604537,-0.19726223486836586,0.0,-0.21696683337106376,-0.4173818800498885,1.1450612423022686
31.320000000002096,3.399766893612104,5.492897250651536,4.0,-2.30358960889823,-0.2366461388649265,0.0,-0.22124738641257177,-0.41499536334429854,1.151794804449115
31.330000000002098,3.3766640406051183,5.4903340228579305,4.0,-2.3169657914185477,-0.2759926736928936,0.0,-0.22546705841364162,-0.41253062703218213,1.1584828957092739
31.3400000000021,3.353427882683598,5.487377542453251,4.0,-2.330250504096694,-0.31529562607825373,0.0,-0.22962259629593296,-0.40999485004932884,1.165125252048347
31.3500000000021,3.3300593371712575,5.484028276300021,4.0,-2.343443222474966,-0.3545487896292333,0.0,-0.23372852270332845,-0.4074116657947666,1.171721611237483
31.360000000002103,3.3065593266182605,5.480286753286195,4.0,-2.356543425727433,-0.39374596581627047,0.0,-0.23776112421250115,-0.4047469461321419,1.1782717128637166
31.370000000002104,3.2829287787647843,5.476153564241629,4.0,-2.3695505966805004,-0.43288096495085715,0.0,-0.24174016036625778,-0.4020358499039324,1.1847752983402502
31.380000000002106,3.2591686265043975,5.471629361844785,4.0,-2.3824642218333314,-0.4719476071629628,0.0,-0.24564214454881086,-0.399246131689888,1.1912321109166657
31.390000000002107,3.2352798078472267,5.466714860519671,4.0,-2.395283791378117,-0.5109397233769072,0.0,-0.24948824216332752,-0.3964119418835342,1.1976418956890584
31.40000000000211,3.2112632658829288,5.461410836323015,4.0,-2.4080087992202013,-0.5498511562855293,0.0,-0.2532544974282909,-0.39350104639309524,1.2040043996101006
31.41000000000211,3.187119948743457,5.455718126821724,4.0,-2.420638742998064,-0.5886757613224969,0.0,-0.25696094986809315,-0.3905465257938862,1.210319371499032
31.420000000002112,3.1628508095656187,5.449637630960616,4.0,-2.433173124103157,-0.6274074076326278,0.0,-0.26058515430405366,-0.38751766964921713,1.2165865620515786
31.430000000002114,3.1384568064535,5.443170308920483,4.0,-2.445611447699564,-0.6660399790399342,0.0,-0.26414633339172117,-0.3844453158242405,1.222805723849782
31.440000000002115,3.1139389024405615,5.436317181966443,4.0,-2.4579532227435728,-0.7045673750135698,0.0,-0.2676223567601099,-0.3813014765429135,1.2289766113717864
31.450000000002117,3.089298065451673,5.429079332286685,4.0,-2.4701979620030383,-0.7429835116310866,0.0,-0.27103219297193964,-0.3781141871107708,1.2350989810015192
31.46000000000212,3.064535268264885,5.421457902821579,4.0,-2.4823451820766196,-0.7812823225391787,0.0,-0.2743548218362611,-0.3748578407444681,1.2411725910383098
31.47000000000212,3.039651488473031,5.413454097083186,4.0,-2.4943944034128687,-0.8194577599116301,0.0,-0.27760739769309645,-0.3715586764162562,1.2471972017064343
31.48000000000212,3.0146477084451284,5.405069178965217,4.0,-2.5063451503291585,-0.8575037954043356,0.0,-0.2807708860386228,-0.36819301551608097,1.2531725751645792
31.490000000002123,2.9895249152876016,5.396304472543442,4.0,-2.5181969510304634,-0.8954144211072473,0.0,-0.28386120453978375,-0.3647848073941566,1.2590984755152317
31.500000000002125,2.9642841008053047,5.38716136186661,4.0,-2.5299493376279854,-0.9331836504930933,0.0,-0.28685995448969875,-0.36131341144415946,1.2649746688139927
31.510000000002126,2.9389262614623615,5.377641290737882,4.0,-2.5416018461576315,-0.9708055193627393,0.0,-0.28978253115557395,-0.3577999835991617,1.2708009230788158
31.520000000002128,2.913452398342878,5.36774576248686,4.0,-2.553154016598304,-1.008274086786922,0.0,-0.2926119416686948,-0.35422636070759106,1.276577008299152
31.53000000000213,2.887863517111337,5.357476339732161,4.0,-2.5646053928901016,-1.0455834360445173,0.0,-0.2953615387984179,-0.3506120345716866,1.2823026964450508
31.54000000000213,2.862160627972955,5.3468346441346855,4.0,-2.5759555229522957,-1.0827276755567732,0.0,-0.2980165117079505,-0.34694094898786815,1.2879777614761478
31.550000000002132,2.8363447456337845,5.335822356141531,4.0,-2.5872039587011857,-1.1197009398176814,0.0,-0.30058890410360783,-0.3432300798128437,1.2936019793505928
31.560000000002134,2.8104168892606562,5.324441214720631,4.0,-2.598350256067789,-1.1564973903202076,0.0,-0.30306474975946923,-0.33946708586180996,1.2991751280338946
31.570000000002135,2.784378082440945,5.312693017086147,4.0,-2.609393975015371,-1.193111216478259,0.0,-0.30545539028284896,-0.33566694823456206,1.3046969875076855
31.580000000002137,2.758229353142159,5.300579618414679,4.0,-2.6203346795568176,-1.2295366365442442,0.0,-0.30775002837456406,-0.3318198592982479,1.3101673397784088
31.59000000000214,2.7319717336713545,5.288102931552299,4.0,-2.631171937771847,-1.2657678985220786,0.0,-0.30994561326296804,-0.32792941189241,1.3155859688859235
31.60000000000214,2.705606260634375,5.275264926712487,4.0,-2.641905321824067,-1.3017992810755097,0.0,-0.31205653214050694,-0.3240100399385377,1.3209526609120334
31.61000000000214,2.679133974894981,5.262067631165047,4.0,-2.652534407977842,-1.3376250944315025,0.0,-0.31405562923134406,-0.32003448556523123,1.326267203988921
31.620000000002143,2.6525559215336694,5.248513128915928,4.0,-2.663058776615056,-1.3732396812788425,0.0,-0.3159634251365626,-0.3160341115240334,1.331529388307528
31.630000000002145,2.6258731498064787,5.23460356037816,4.0,-2.6734780122516564,-1.4086374176614094,0.0,-0.317782605209068,-0.3120090105221008,1.3367390061258282
31.640000000002146,2.5990867131035493,5.2203411220338625,4.0,-2.683791703554061,-1.4438127138662844,0.0,-0.3194379241125929,-0.30788495253487647,1.3418958517770305
31.650000000002148,2.5721976689075365,5.205728066087385,4.0,-2.6939994433553967,-1.478760015306432,0.0,-0.3213693874429414,-0.3041243450860362,1.3469997216776983
31.66000000000215,2.5452070787518624,5.190766700109662,4.0,-2.7041008286715744,-1.513473803397833,0.0,-0.32244696312746735,-0.2995536529928546,1.3520504143357872
31.67000000000215,2.5181160081788114,5.175459386673818,4.0,-2.714095460717199,-1.5479485964309323,0.0,-0.3238673888212116,-0.29541275811177437,1.3570477303585995
31.680000000002153,2.4909255266974633,5.159808542982093,4.0,-2.7239829449213095,-1.582178950436266,0.0,-0.32549986577647044,-0.2916326957487357,1.3619914724606548
31.690000000002154,2.4636367077414683,5.143816640484137,4.0,-2.7337628909429608,-1.6161594600441256,0.0,-0.32614639785151056,-0.28683264362269634,1.3668814454714804
31.700000000002156,2.4362506286266585,5.127486204486727,4.0,-2.743434912686635,-1.6498847593381483,0.0,-0.32728808606585724,-0.28264068142974863,1.3717174563433174
31.710000000002157,2.408768370508575,5.110819813755037,4.0,-2.7529986283174637,-1.6833495227025816,0.0,-0.3275039852835727,-0.2784658545728384,1.3764993141587318
31.72000000000216,2.3811910183396954,5.093820100105354,4.0,-2.762453660276335,-1.7165484656633734,0.0,-0.3281358041473364,-0.2737510012005408,1.3812268301381676
31.73000000000216,2.353519660826665,5.076489747989533,4.0,-2.7717996352947774,-1.749476345722576,0.0,-0.3293600810495403,-0.2696474067377532,1.3858998176473887
31.740000000002162,2.325755390387296,5.058831494071072,4.0,-2.781036184409699,-1.782127963186216,0.0,-0.329568532419076,-0.2654855426564593,1.3905180922048495
31.750000000002164,2.297899303107445,5.040848126792963,4.0,-2.790162942977957,-1.8144981619853857,0.0,-0.330182146303996,-0.26090776022552675,1.3950814714889785
31.760000000002165,2.2699524986977417,5.0225424859373735,4.0,-2.7991795506907504,-1.8465818304904484,0.0,-0.3313380742446423,-0.2568111880718305,1.3995897753453752
31.770000000002167,2.2419160804501708,5.003917462177197,4.0,-2.8080856515878456,-1.8783739023182207,0.0,-0.3313480530808214,-0.25256384231725,1.4040428257939228
31.78000000000217,2.213791155194519,4.984975996619596,4.0,-2.816880894071629,-1.909869357132016,0.0,-0.3322350247775734,-0.24847828657254137,1.4084404470358145
31.79000000000217,2.1855788332546613,4.965721080341545,4.0,-2.825564930920992,-1.9410632214344299,0.0,-0.33273535311599955,-0.2439120925347158,1.412782465460496
31.80000000000217,2.157280228404794,4.946155753917558,4.0,-2.8341374193050193,-1.971950569352643,0.0,-0.3326905233484566,-0.23967546932579314,1.4170687096525096
31.810000000002173,2.1288964578253635,4.926283106939474,4.0,-2.842598020796553,-2.002526523416379,0.0,-0.33240922858865457,-0.2352741578091324,1.4212990103982766
31.820000000002175,2.1004286420590335,4.906106277528621,4.0,-2.8509464013855332,-2.0327862553280434,0.0,-0.33262513655742787,-0.23171714981015373,1.4254732006927666
31.830000000002176,2.071877904966424,4.885628451840262,4.0,-2.859182231492189,-2.0627249867251862,0.0,-0.33264015669761965,-0.22732049642307367,1.4295911157460945
31.840000000002178,2.043245373681751,4.8648528635604595,4.0,-2.8673051859800496,-2.0923379899350585,0.0,-0.3322729721107875,-0.222523689770795,1.4336525929900248
31.85000000000218,2.01453217856832,4.84378279339544,4.0,-2.87531494416878,-2.1216205887211683,0.0,-0.3325019754475895,-0.21882921108896133,1.43765747208439
31.86000000000218,1.9857394531739123,4.822421568553536,4.0,-2.8832111898468433,-2.150568159021713,0.0,-0.33246801542628945,-0.21429492145086745,1.4416055949234217
31.870000000002182,1.9568683341860234,4.800772562219776,4.0,-2.890993611283979,-2.1791761296797714,0.0,-0.3318926181535944,-0.20937477717001185,1.4454968056419895
31.880000000002184,1.927919961386979,4.77883919302321,4.0,-2.89866190124352,-2.2074399831651577,0.0,-0.33205812594157225,-0.2057094431971819,1.44933095062176
31.890000000002185,1.898895477609004,4.756624924497121,4.0,-2.906215756994499,-2.235355256287731,0.0,-0.33188584631429047,-0.20103557047751358,1.4531078784972495
31.900000000002187,1.8697960286890023,4.734133264532012,4.0,-2.913654880323631,-2.2629175409022757,0.0,-0.3310989946094172,-0.19606078846053301,1.4568274401618155
31.91000000000219,1.8406227634233918,4.711367764821723,4.0,-2.920978977547064,-2.2901224846045394,0.0,-0.3311186901771478,-0.19243343011179817,1.460489488773532
31.92000000000219,1.8113768335227323,4.688332020302564,4.0,-2.9281877595219803,-2.316965791418543,0.0,-0.3307229304674694,-0.18763957746437557,1.4640938797609901
31.93000000000219,1.7820593935662594,4.665029668585634,4.0,-2.9352809416580117,-2.3434432224749613,0.0,-0.3297303553513858,-0.18273956475846498,1.4676404708290058
31.940000000002193,1.7526716009563028,4.6414643893823975,4.0,-2.942258243928472,-2.369550596680495,0.0,-0.32876025554138444,-0.17916195152134368,1.471129121964236
31.950000000002195,1.7232146158725947,4.617639903923618,4.0,-2.9491193908814153,-2.3952837913781115,0.0,-0.3278640184867551,-0.1741238723571868,1.4745596954407076
31.960000000002196,1.6936896012264682,4.5935599743717335,4.0,-2.9558641116505076,-2.4206387429980585,0.0,-0.3269203851474163,-0.17036950334221398,1.4779320558252538
31.970000000002198,1.6640977226149296,4.569228403226748,4.0,-2.962492139965726,-2.4456114476995663,0.0,-0.32586077382233664,-0.16538777690693873,1.481246069982863
31.9800000000022,1.6344401482747104,4.544649032725834,4.0,-2.9690032141638536,-2.47019796200304,0.0,-0.3252167854118645,-0.16169375206399225,1.4845016070819268
31.9900000000022,1.6047180490360473,4.519825744236513,4.0,-2.9753970771988336,-2.494394403412871,0.0,-0.3235526182467226,-0.15656717366759992,1.4876985385994168
32.0000000000022,1.5749325982765257,4.494762457643799,4.0,-2.981673476651902,-2.518196951030465,0.0,-0.32284251829022964,-0.15291983392001446,1.490836738325951
32.0100000000022,1.5450849718747408,4.469463130731186,4.0,-2.987832164741555,-2.541601846157627,0.0,-0.322194712565149,-0.1481435091587537,1.4939160823707776
32.0200000000022,1.5151763481638758,4.443931758555674,4.0,-2.993872898333332,-2.564605392890097,0.0,-0.31985034302245424,-0.14407428031071182,1.496936449166666
32.0300000000022,1.485207907885182,4.418172372816898,4.0,-2.9997954389494144,-2.5872039587011813,0.0,-0.3195810311164707,-0.13954732604534606,1.4998977194747072
32.040000000002195,1.4551808341413688,4.392189041220478,4.0,-3.0055995527780395,-2.6093939750153665,0.0,-0.31844428259214735,-0.13589483996242008,1.5027997763890197
32.05000000000219,1.4250963123498916,4.365985866835683,4.0,-3.0112850106827316,-2.631171937771842,0.0,-0.31593469786482964,-0.1319039714501679,1.5056425053413658
32.06000000000219,1.3949555301961425,4.339566987447488,4.0,-3.016851588211351,-2.6525344079778437,0.0,-0.3158915270963675,-0.12733021960226673,1.5084257941056756
32.07000000000219,1.3647596775866244,4.312936574903238,4.0,-3.022299065604942,-2.673478012251658,0.0,-0.3139434470515236,-0.12348693317886211,1.511149532802471
32.08000000000219,1.3345099466018775,4.286098834453766,4.0,-3.027627227806428,-2.6939994433553984,0.0,-0.3116698709666432,-0.11969392470273653,1.513813613903214
32.090000000002185,1.304207531449486,4.259058004089404,4.0,-3.032835864469088,-2.7140954607172003,0.0,-0.3115185991342623,-0.11504260609481845,1.516417932234544
32.10000000000218,1.2738536284169144,4.231818353870732,4.0,-3.0379247699648655,-2.733762890942962,0.0,-0.3092287944482337,-0.1112835073886417,1.5189623849824327
32.11000000000218,1.2434494358242798,4.204384185254293,4.0,-3.0428937433924856,-2.7529986283174597,0.0,-0.3069007488910492,-0.10757082981027635,1.5214468716962428
32.12000000000218,1.2129961539770444,4.176759830413339,4.0,-3.047742588585385,-2.7717996352947734,0.0,-0.30658083502561456,-0.10294228504269813,1.5238712942926924
32.13000000000218,1.182494985118633,4.148949651553728,4.0,-3.0524711141194585,-2.7901629429779535,0.0,-0.30414106812076896,-0.0992768373461128,1.5262355570597292
32.140000000002175,1.151947133382964,4.120958040225091,4.0,-3.057079133320614,-2.808085651587842,0.0,-0.30166794582106204,-0.09566138508437583,1.528539566660307
32.15000000000217,1.121353804746902,4.092789416627328,4.0,-3.061566464272146,-2.825564930920993,0.0,-0.3011196905041884,-0.09123398812564887,1.530783232136073
32.16000000000217,1.0907162069827105,4.0644482289126795,4.0,-3.0659329298219085,-2.8425980207965544,0.0,-0.2985273897494132,-0.08758292739616223,1.5329664649109542
32.17000000000217,1.060035549610273,4.03593895248321,4.0,-3.070178357589319,-2.8591822314921904,0.0,-0.2959193416477507,-0.08400869362112755,1.5350891787946594
32.18000000000217,1.0293130438494082,4.007266089284158,4.0,-3.074302579972159,-2.8753149441687813,0.0,-0.29504374294391195,-0.08059780531076126,1.5371512899860795
32.190000000002165,0.9985499025720386,3.9784341670930097,4.0,-3.0783054341531915,-2.8909936112839802,0.0,-0.2923366293061281,-0.0768538420351739,1.5391527170765957
32.20000000000216,0.9677473402543066,3.949447738804508,4.0,-3.0821867621065864,-2.906215756994496,0.0,-0.28998325260214103,-0.07323149408439812,1.5410933810532932
32.21000000000216,0.9369065729286303,3.920311381711702,4.0,-3.0859464106041625,-2.9209789775470614,0.0,-0.28796961392610965,-0.06844533636375394,1.5429732053020813
32.22000000000216,0.9060288181356961,3.8910296967831357,4.0,-3.0895842312214348,-2.9352809416580086,0.0,-0.2855682081872574,-0.06492595694170891,1.5447921156107174
32.23000000000216,0.8751152948763914,3.8616073079363034,4.0,-3.093100080343474,-2.9491193908814126,0.0,-0.28313009364173597,-0.061436897049090305,1.546550040171737
32.240000000002155,0.844167223563665,3.832048861307462,4.0,-3.0964938191705786,-2.962492139965727,0.0,-0.2806597795247681,-0.05794699087223615,1.5482469095852893
32.25000000000215,0.8131858259744158,3.8023590245180214,4.0,-3.099765313723747,-2.975397077198835,0.0,-0.2780880289685542,-0.054406387449672175,1.5498826568618735
32.26000000000215,0.7821723252011541,3.772542485937368,4.0,-3.1029144348499784,-2.987832164741556,0.0,-0.27545394580311416,-0.05084319557671567,1.5514572174249892
32.27000000000215,0.7511279456037867,3.742603953942589,4.0,-3.1059410582273617,-2.9997954389494152,0.0,-0.2727308601708383,-0.04725059606808331,1.5529705291136808
32.28000000000215,0.720053912761264,3.7125481561749436,4.0,-3.1088450643699894,-3.0112850106827325,0.0,-0.26995850284860184,-0.043654124042670744,1.5544225321849947
32.290000000002145,0.6889514534231957,3.6823798387933184,4.0,-3.111626338632672,-3.0222990656049395,0.0,-0.26710734580869805,-0.040072790923166395,1.555813169316336
32.30000000000214,0.6578217954614196,3.6521037657247497,4.0,-3.114284771215462,-3.0328358644690856,0.0,-0.2642006973904226,-0.03650339416624054,1.557142385607731
32.31000000000214,0.6266661678215302,3.621724717912146,4.0,-3.116820257167995,-3.0428937433924834,0.0,-0.2612359832072259,-0.032946337495300355,1.5584101285839975
32.32000000000214,0.5954858004743597,3.5912474925593227,4.0,-3.119232696393625,-3.0524711141194563,0.0,-0.2582251081881738,-0.02942471279215847,1.5596163481968126
32.33000000000214,0.5642819243674038,3.5606769023734484,4.0,-3.1215219936533853,-3.061566464272147,0.0,-0.2551567943084366,-0.025920965783263392,1.5607609968266927
32.340000000002135,0.5330557713762971,3.530017774805134,4.0,-3.1236880585697366,-3.0701783575893193,0.0,-0.25204486002852056,-0.02244009325233877,1.5618440292848683
32.35000000000213,0.5018085742560738,3.499274951286017,4.0,-3.125730805630146,-3.0783054341531924,0.0,-0.24889343823138427,-0.01900140184943387,1.562865402815073
32.36000000000213,0.47054156659257274,3.468453286464313,4.0,-3.1276501541904578,-3.0859464106041634,0.0,-0.2456970861113866,-0.015588559085710182,1.5638250770952289
32.37000000000213,0.439255982753719,3.4375576474381933,4.0,-3.129446028478077,-3.0931000803434743,0.0,-0.24246363077695282,-0.012200630890132548,1.5647230142390385
32.38000000000213,0.40795305784079305,3.406592912987214,4.0,-3.1311183575949615,-3.0997653137237458,0.0,-0.23920321950181433,-0.00884802589584983,1.5655591787974807
32.390000000002125,0.3766340276396707,3.3755639728018996,4.0,-3.1326670755204216,-3.1059410582273608,0.0,-0.2359068180105189,-0.005533699554539979,1.5663335377602108
32.40000000000212,0.3453001285720383,3.3444757267116043,4.0,-3.1340921211137256,-3.1116263386326706,0.0,-0.2325785336147074,-0.002268806786233298,1.5670460605568628
32.41000000000212,0.313952597646578,3.3133330839107717,4.0,-3.135393438116513,-3.1168202571679937,0.0,-0.22922695127939757,0.0009627840511867339,1.5676967190582565
32.42000000000212,0.28259267241013575,3.282140962183717,4.0,-3.1365709751550175,-3.1215219936533836,0.0,-0.22584576407421186,0.004165808825686402,1.5682854875775087
32.43000000000212,0.2512215908988451,3.2509042871280345,4.0,-3.1376246857420926,-3.1257308056301465,0.0,-0.22245069541499282,0.007335749910272495,1.5688123428710463
32.440000000002115,0.21984059158932379,3.219627991376857,4.0,-3.138554528279048,-3.129446028478077,0.0,-0.2190355540527362,0.01046805007198109,1.569277264139524
32.45000000000211,0.18845091334967368,3.188317013819833,4.0,-3.1393604660572936,-3.132667075520422,0.0,-0.2155927981891836,0.013563748215086184,1.5696802330286468
32.46000000000211,0.15705379539064435,3.1569762988232863,4.0,-3.1400424672597853,-3.135393438116513,0.0,-0.2121318561784141,0.016615605660611356,1.5700212336298927
32.47000000000211,0.1256504772166922,3.125610795449429,4.0,-3.140600504962283,-3.137624685742092,0.0,-0.20865509947040028,0.019637606744891296,1.5703002524811416
32.48000000000211,0.09424219857704808,3.0942254566748435,4.0,-3.141034557134415,-3.139360466057293,0.0,-0.20516245013129544,0.022634953162061308,1.5705172785672075
32.490000000002105,0.06283019941677193,3.0628252386083528,4.0,-3.1413446066405433,-3.140600504962283,0.0,-0.201662710911179,0.025606521337951993,1.5706723033202716
32.5000000000021,0.03141571982780578,3.0314150997083926,4.0,-3.141530641240445,-3.1413446066405433,0.0,-0.19814382248238885,0.02854837593639446,1.5707653206202226
32.5100000000021,1.2878587085651816e-14,3.000000000000013,4.0,-3.141592653589793,-3.141592653589793,0.0,-0.19461942755885517,0.031464985481467624,1.5707963267948966
32.5200000000021,-0.03141571982779778,2.9685849002916154,4.0,-3.141530641240445,-3.1413446066405433,0.0,-0.19107860767429816,0.034353879719814726,1.5707653206202226
32.5300000000021,-0.06283019941676393,2.9371747613916552,4.0,-3.1413446066405433,-3.140600504962283,0.0,-0.1875335381018007,0.03722043744994206,1.5706723033202716
32.540000000002095,-0.09424219857703986,2.9057745433251645,4.0,-3.141034557134415,-3.139360466057294,0.0,-0.18397430135753193,0.040063080052314376,1.5705172785672075
32.55000000000209,-0.12565047721668443,2.874389204550579,4.0,-3.1406005049622836,-3.1376246857420926,0.0,-0.1804127393199482,0.04288558213209826,1.5703002524811418
32.56000000000209,-0.15705379539063657,2.8430237011767217,4.0,-3.1400424672597853,-3.135393438116514,0.0,-0.1768397307466536,0.045687148448844576,1.5700212336298927
32.57000000000209,-0.1884509133496659,2.811682986180175,4.0,-3.139360466057294,-3.132667075520423,0.0,-0.17326663445880605,0.048471130254762455,1.569680233028647
32.58000000000209,-0.2198405915893158,2.780372008623151,4.0,-3.1385545282790486,-3.129446028478078,0.0,-0.16968554229515112,0.051236371274978876,1.5692772641395243
32.590000000002085,-0.2512215908988371,2.7490957128719735,4.0,-3.1376246857420926,-3.1257308056301474,0.0,-0.16610714734416285,0.053985800256748234,1.5688123428710463
32.60000000000208,-0.28259267241011,2.7178590378163086,4.0,-3.136570975155018,-3.1215219936533867,0.0,-0.1625245953871322,0.05671875598141513,1.568285487577509
32.61000000000208,-0.31395259764655226,2.686666916089254,4.0,-3.1353934381165143,-3.1168202571679977,0.0,-0.15894790499154215,0.05943758328648768,1.5676967190582571
32.62000000000208,-0.34530012857201253,2.6555242732884214,4.0,-3.1340921211137265,-3.1116263386326755,0.0,-0.15537149736929262,0.06214137305937558,1.5670460605568632
32.63000000000208,-0.37663402763964515,2.6244360271981257,4.0,-3.132667075520423,-3.1059410582273657,0.0,-0.15180399910708625,0.06483266628922307,1.5663335377602114
32.640000000002075,-0.4079530578407673,2.593407087012811,4.0,-3.131118357594963,-3.099765313723751,0.0,-0.14824096058536,0.0675104264843543,1.5655591787974814
32.65000000000207,-0.43925598275371125,2.5624423525618143,4.0,-3.129446028478077,-3.093100080343476,0.0,-0.14468903427437327,0.0701763996198174,1.5647230142390385
32.66000000000207,-0.4705415665925827,2.5315467135356773,4.0,-3.127650154190457,-3.0859464106041608,0.0,-0.14115403293260834,0.07283021197329133,1.5638250770952284
32.67000000000207,-0.5018085742560836,2.5007250487139734,4.0,-3.1257308056301456,-3.0783054341531892,0.0,-0.1376384620610844,0.0754718932498364,1.5628654028150728
32.68000000000207,-0.5330557713763067,2.4699822251948564,4.0,-3.1236880585697357,-3.0701783575893167,0.0,-0.13413580704153863,0.07810150812055068,1.5618440292848679
32.690000000002065,-0.5642819243674135,2.439323097626542,4.0,-3.121521993653385,-3.0615664642721443,0.0,-0.13065192692444436,0.08072026339583403,1.5607609968266924
32.70000000000206,-0.595485800474352,2.4087525074406853,4.0,-3.119232696393626,-3.0524711141194585,0.0,-0.12719669212827525,0.08332637269291193,1.559616348196813
32.71000000000206,-0.6266661678215226,2.378275282087862,4.0,-3.116820257167995,-3.042893743392486,0.0,-0.12376300645410769,0.0859194215915907,1.5584101285839975
32.72000000000206,-0.6578217954614118,2.3478962342752583,4.0,-3.1142847712154627,-3.0328358644690887,0.0,-0.12035653235867447,0.08850217313859197,1.5571423856077313
32.73000000000206,-0.6889514534231878,2.3176201612066896,4.0,-3.1116263386326724,-3.022299065604942,0.0,-0.11697881924825808,0.0910721064208493,1.5558131693163362
32.740000000002055,-0.7200539127612564,2.287451843825064,4.0,-3.1088450643699908,-3.011285010682735,0.0,-0.11364296456877547,0.09362948056705417,1.5544225321849954
32.75000000000205,-0.7511279456037787,2.257396046057419,4.0,-3.1059410582273626,-2.9997954389494184,0.0,-0.11034002265462987,0.09617379443665543,1.5529705291136813
32.76000000000205,-0.7821723252011461,2.2274575140626394,4.0,-3.102914434849979,-2.987832164741559,0.0,-0.10707592957597793,0.09870786028003117,1.5514572174249894
32.77000000000205,-0.8131858259744078,2.197640975481986,4.0,-3.099765313723748,-2.9753970771988385,0.0,-0.10386018323996413,0.10122719726330284,1.549882656861874
32.78000000000205,-0.844167223563657,2.167951138692545,4.0,-3.0964938191705795,-2.9624921399657302,0.0,-0.10068364617071841,0.10373189272888665,1.5482469095852898
32.790000000002046,-0.8751152948763661,2.1383926920637206,4.0,-3.0931000803434765,-2.9491193908814237,0.0,-0.09755673253280024,0.10622935596763505,1.5465500401717382
32.80000000000204,-0.9060288181356708,2.1089703032168883,4.0,-3.089584231221438,-2.93528094165802,0.0,-0.09447902607461575,0.10870271539531733,1.544792115610719
32.81000000000204,-0.9369065729286052,2.079688618288322,4.0,-3.0859464106041656,-2.920978977547073,0.0,-0.0914593983607587,0.11117423453566781,1.5429732053020828
32.82000000000204,-0.9677473402542813,2.050552261195516,4.0,-3.0821867621065895,-2.906215756994509,0.0,-0.08848745668185345,0.11362730204302404,1.5410933810532947
32.83000000000204,-0.9985499025720308,2.021565832906998,4.0,-3.0783054341531924,-2.8909936112839842,0.0,-0.08550014694102774,0.11595389666993934,1.5391527170765962
32.840000000002036,-1.0293130438494178,1.9927339107158328,4.0,-3.0743025799721577,-2.8753149441687764,0.0,-0.08276939684902358,0.11854621756169492,1.5371512899860789
32.850000000002034,-1.0600355496102825,1.964061047516781,4.0,-3.0701783575893176,-2.859182231492185,0.0,-0.07987932503721298,0.1208036588876843,1.5350891787946588
32.86000000000203,-1.09071620698272,1.9355517710873116,4.0,-3.065932929821907,-2.842598020796549,0.0,-0.07712963812532331,0.12315719780851381,1.5329664649109536
32.87000000000203,-1.1213538047469114,1.9072105833726627,4.0,-3.0615664642721447,-2.825564930920988,0.0,-0.07463173459307368,0.12578768741097013,1.5307832321360724
32.88000000000203,-1.1519471333829565,1.8790419597749162,4.0,-3.057079133320615,-2.8080856515878465,0.0,-0.07194274468244241,0.12797952323384498,1.5285395666603074
32.890000000002026,-1.182494985118625,1.851050348446279,4.0,-3.0524711141194594,-2.790162942977958,0.0,-0.0694008642055525,0.13028307887044824,1.5262355570597297
32.900000000002024,-1.2129961539770369,1.823240169586669,4.0,-3.047742588585386,-2.7717996352947782,0.0,-0.06711589168900073,0.13288778031235657,1.523871294292693
32.91000000000202,-1.2434494358242718,1.7956158147457137,4.0,-3.0428937433924865,-2.7529986283174646,0.0,-0.0647311389128709,0.13515934094220086,1.5214468716962433
32.92000000000202,-1.2738536284169069,1.7681816461292748,4.0,-3.037924769964867,-2.733762890942967,0.0,-0.0623527794825576,0.13726079811762282,1.5189623849824334
32.93000000000202,-1.3042075314494785,1.7409419959106032,4.0,-3.032835864469089,-2.7140954607172056,0.0,-0.06028949276863393,0.1398177250444441,1.5164179322345446
32.940000000002016,-1.33450994660187,1.7139011655462408,4.0,-3.027627227806429,-2.6939994433554033,0.0,-0.05807669253323705,0.141828095736315,1.5138136139032146
32.950000000002014,-1.3647596775866164,1.6870634250967693,4.0,-3.0222990656049435,-2.6734780122516635,0.0,-0.056008400203281905,0.14401779036307782,1.5111495328024718
32.96000000000201,-1.3949555301961347,1.6604330125525186,4.0,-3.0168515882113525,-2.6525344079778486,0.0,-0.05417159113288214,0.1465032176353416,1.5084257941056762
32.97000000000201,-1.4250963123498672,1.6340141331643392,4.0,-3.0112850106827365,-2.63117193777186,0.0,-0.052199840044230644,0.14840545857003024,1.5056425053413682
32.98000000000201,-1.455180834141344,1.607810958779543,4.0,-3.0055995527780444,-2.6093939750153847,0.0,-0.050436519735298245,0.15059973898615622,1.5027997763890222
32.990000000002006,-1.4852079078851574,1.5818276271831233,4.0,-2.9997954389494192,-2.5872039587011995,0.0,-0.04886622630558798,0.1529854695191545,1.4998977194747096
33.000000000002004,-1.515176348163851,1.5560682414443474,4.0,-2.9938728983333367,-2.564605392890116,0.0,-0.047182712233712044,0.15484226593333286,1.4969364491666683
33.010000000002,-1.5450849718747333,1.5305368692688206,4.0,-2.987832164741557,-2.541601846157633,0.0,-0.045692515228187486,0.15694038871225635,1.4939160823707784
33.020000000002,-1.5749325982765352,1.5052375423561934,4.0,-2.9816734766519004,-2.5181969510304576,-0.0,-0.04440128255472491,0.15920855823445074,1.4908367383259502
33.030000000002,-1.6047180490360569,1.4801742557634787,4.0,-2.975397077198832,-2.4943944034128633,-0.0,-0.0430444139147381,0.16112118242441378,1.487698538599416
33.040000000001996,-1.6344401482747197,1.455350967274158,4.0,-2.969003214163852,-2.470197962003032,-0.0,-0.04185038700745191,0.16303513562731356,1.484501607081926
33.050000000001994,-1.6640977226149387,1.4307715967732442,4.0,-2.962492139965724,-2.4456114476995583,-0.0,-0.040827267340363974,0.16510996700914335,1.481246069982862
33.06000000000199,-1.6936896012264606,1.4064400256282725,4.0,-2.9558641116505093,-2.420638742998065,-0.0,-0.03990716720454095,0.16805661412134548,1.4779320558252547
33.07000000000199,-1.7232146158725872,1.3823600960763878,4.0,-2.949119390881417,-2.3952837913781178,-0.0,-0.03902496596443473,0.1696237158721088,1.4745596954407085
33.08000000000199,-1.752671600956295,1.358535610617609,4.0,-2.9422582439284737,-2.3695505966805017,-0.0,-0.03824762492223056,0.1711049060613926,1.4711291219642368
33.090000000001986,-1.7820593935662519,1.3349703314143726,4.0,-2.9352809416580135,-2.343443222474968,-0.0,-0.03758557195655475,0.17268386300978958,1.4676404708290067
33.100000000001984,-1.8113768335227247,1.3116679796974418,4.0,-2.9281877595219825,-2.316965791418549,-0.0,-0.037074468212514367,0.17443849746636578,1.4640938797609913
33.11000000000198,-1.8406227634233843,1.2886322351782826,4.0,-2.920978977547066,-2.2901224846045465,-0.0,-0.036666938390816764,0.17604612466120848,1.460489488773533
33.12000000000198,-1.869796028688995,1.265866735467993,4.0,-2.9136548803236333,-2.2629175409022824,-0.0,-0.03648829668229454,0.1787641892082199,1.4568274401618166
33.13000000000198,-1.8988954776089964,1.2433750755028838,4.0,-2.9062157569945013,-2.235355256287738,-0.0,-0.036286221771293585,0.18010881556449385,1.4531078784972506
33.140000000001976,-1.927919961386972,1.221160806976795,4.0,-2.8986619012435217,-2.207439983165165,-0.0,-0.03621446180542594,0.1814643676330269,1.4493309506217609
33.150000000001974,-1.9568683341859996,1.199227437780242,4.0,-2.890993611283985,-2.1791761296797945,-0.0,-0.03629112819632518,0.18312401775160592,1.4454968056419926
33.16000000000197,-1.9857394531738888,1.1775784314464819,4.0,-2.8832111898468495,-2.1505681590217365,-0.0,-0.03646192415742766,0.18466432695772908,1.4416055949234248
33.17000000000197,-2.0145321785682975,1.156217206604577,4.0,-2.8753149441687866,-2.121620588721192,-0.0,-0.03684465900177633,0.1870119780752883,1.4376574720843933
33.18000000000197,-2.0432453736817275,1.1351471364395578,4.0,-2.8673051859800562,-2.0923379899350825,-0.0,-0.03721392071373063,0.18825630877347,1.4336525929900281
33.190000000001966,-2.0718779049664175,1.1143715481597427,4.0,-2.859182231492191,-2.0627249867251938,-0.0,-0.0376861881225609,0.18950474392884825,1.4295911157460954
33.200000000001964,-2.1004286420590423,1.0938937224713725,4.0,-2.8509464013855306,-2.0327862553280345,-0.0,-0.03839734471260164,0.1918037509351123,1.4254732006927653
33.21000000000196,-2.1288964578253724,1.0737168930605205,4.0,-2.8425980207965504,-2.0025265234163694,-0.0,-0.039045060589039185,0.19291258871390057,1.4212990103982752
33.22000000000196,-2.1572802284048023,1.0538442460824364,4.0,-2.834137419305017,-1.9719505693526331,-0.0,-0.039919661347299115,0.1949029300768839,1.4170687096525085
33.23000000000196,-2.18557883325467,1.0342789196584488,4.0,-2.8255649309209896,-1.9410632214344203,-0.0,-0.040759335855646756,0.19599455575122368,1.4127824654604948
33.240000000001956,-2.2137911551945115,1.015024003380409,4.0,-2.8168808940716312,-1.909869357132024,-0.0,-0.041809337024689676,0.19784770933510662,1.4084404470358156
33.250000000001954,-2.241916080450163,0.9960825378228071,4.0,-2.808085651587848,-1.8783739023182289,-0.0,-0.04294444982108603,0.1996235722566302,1.404042825793924
33.26000000000195,-2.269952498697734,0.9774575140626314,4.0,-2.7991795506907526,-1.8465818304904564,-0.0,-0.044021482635370805,0.200409757225063,1.3995897753453763
33.27000000000195,-2.297899303107438,0.9591518732070412,4.0,-2.7901629429779593,-1.8144981619853937,-0.0,-0.04532578891699347,0.20216441043981753,1.3950814714889797
33.28000000000195,-2.3257553903872887,0.9411685059289332,4.0,-2.7810361844097016,-1.782127963186224,-0.0,-0.04696429905803178,0.20383148900085352,1.3905180922048508
33.290000000001946,-2.3535196608266578,0.9235102520104714,4.0,-2.7717996352947796,-1.7494763457225844,-0.0,-0.04797730238526697,0.20448620796507253,1.3858998176473898
33.300000000001944,-2.381191018339689,0.9061798998946498,4.0,-2.7624536602763374,-1.7165484656633818,-0.0,-0.04899079296500082,0.20628914665084977,1.3812268301381687
33.31000000000194,-2.408768370508568,0.8891801862449675,4.0,-2.752998628317466,-1.6833495227025899,-0.0,-0.05093007398256546,0.20781791607484043,1.376499314158733
33.32000000000194,-2.4362506286266514,0.8725137955132762,4.0,-2.7434349126866375,-1.649884759338157,-0.0,-0.052603954476880904,0.20835657808379454,1.3717174563433188
33.33000000000194,-2.463636707741446,0.8561833595158763,4.0,-2.7337628909429688,-1.6161594600441531,-0.0,-0.05331645227906732,0.21011657990044327,1.3668814454714844
33.340000000001936,-2.490925526697441,0.8401914570179194,4.0,-2.7239829449213175,-1.582178950436294,-0.0,-0.05520516017200518,0.21162821479429164,1.3619914724606588
33.350000000001934,-2.5181160081787892,0.8245406133261945,4.0,-2.714095460717207,-1.5479485964309605,-0.0,-0.05682408593660113,0.212901663080754,1.3570477303586035
33.36000000000193,-2.54520707875184,0.8092332998903502,4.0,-2.7041008286715824,-1.5134738033978612,-0.0,-0.05841577423460491,0.21415447629128842,1.3520504143357912
33.37000000000193,-2.5721976689075294,0.7942719339126185,4.0,-2.6939994433553993,-1.4787600153064409,-0.0,-0.05921498230745365,0.215493885273815,1.3469997216776997
33.38000000000193,-2.5990867131035427,0.7796588779661411,4.0,-2.6837917035540637,-1.4438127138662933,-0.0,-0.06101453229181616,0.2166245780053178,1.3418958517770319
33.390000000001926,-2.6258731498064876,0.7653964396218358,4.0,-2.6734780122516533,-1.4086374176613983,-0.0,-0.06281269660617798,0.21769328037639346,1.3367390061258266
33.400000000001924,-2.6525559215336774,0.7514868710840688,4.0,-2.663058776615053,-1.3732396812788314,-0.0,-0.06454855807251579,0.21875981458286733,1.3315293883075265
33.41000000000192,-2.679133974894989,0.7379323688349482,4.0,-2.652534407977839,-1.3376250944314914,-0.0,-0.06622243700041354,0.2198087754926376,1.3262672039889194
33.42000000000192,-2.705606260634383,0.7247350732875089,4.0,-2.641905321824064,-1.3017992810754986,-0.0,-0.06795698420561264,0.2208099800045614,1.320952660912032
33.43000000000192,-2.731971733671348,0.7118970684477048,4.0,-2.6311719377718497,-1.265767898522088,-0.0,-0.0696989607147887,0.22178361982485567,1.3155859688859248
33.440000000001916,-2.758229353142152,0.6994203815853237,4.0,-2.6203346795568203,-1.2295366365442535,-0.0,-0.07150023942458066,0.22271226269814262,1.3101673397784102
33.450000000001914,-2.784378082440939,0.6873069829138556,4.0,-2.6093939750153736,-1.193111216478268,-0.0,-0.07334757667150531,0.2236030985266065,1.3046969875076868
33.46000000000191,-2.81041688926065,0.6755587852793727,4.0,-2.598350256067792,-1.1564973903202167,-0.0,-0.07525570930859425,0.22445150398634386,1.299175128033896
33.47000000000191,-2.8363447456337783,0.6641776438584714,4.0,-2.5872039587011884,-1.119700939817691,-0.0,-0.07722497153728299,0.22525798864809388,1.2936019793505942
33.48000000000191,-2.8621606279729486,0.6531653558653172,4.0,-2.5759555229522983,-1.0827276755567825,-0.0,-0.07926084686057847,0.22602145496261794,1.2879777614761492
33.490000000001906,-2.8878635171113305,0.6425236602678419,4.0,-2.5646053928901047,-1.0455834360445266,-0.0,-0.08136512982987497,0.22674091317715514,1.2823026964450523
33.500000000001904,-2.913452398342871,0.6322542375131426,4.0,-2.5531540165983073,-1.0082740867869315,-0.0,-0.08354034914366526,0.2274158854418858,1.2765770082991537
33.5100000000019,-2.9389262614623552,0.6223587092621199,4.0,-2.5416018461576346,-0.9708055193627487,-0.0,-0.08578662123220582,0.22804531675718967,1.2708009230788173
33.5200000000019,-2.9642841008052843,0.6128386381333972,4.0,-2.529949337627995,-0.9331836504931241,-0.0,-0.08810544699286144,0.22862829150715272,1.2649746688139976
33.5300000000019,-2.9895249152875807,0.6036955274565652,4.0,-2.518196951030473,-0.8954144211072784,-0.0,-0.09049500017761489,0.22916463969643425,1.2590984755152366
33.540000000001896,-3.0146477084451084,0.5949308210347906,4.0,-2.506345150329168,-0.8575037954043667,-0.0,-0.09295345929010049,0.22964784567905,1.253172575164584
33.550000000001894,-3.039651488473025,0.5865459029168161,4.0,-2.4943944034128718,-0.8194577599116397,-0.0,-0.09549682502159391,0.23013125606867924,1.2471972017064359
33.56000000000189,-3.0645352682648785,0.5785420971784232,4.0,-2.4823451820766227,-0.7812823225391885,-0.0,-0.09802029745937275,0.23033023229021873,1.2411725910383113
33.57000000000189,-3.08929806545168,0.5709206677133127,4.0,-2.4701979620030343,-0.7429835116310747,-0.0,-0.10084136441563778,0.2310845534742526,1.2350989810015172
33.58000000000189,-3.1139389024405695,0.5636828180335551,4.0,-2.457953222743569,-0.7045673750135577,-0.0,-0.10334703563284402,0.2308618480590664,1.2289766113717846
33.590000000001886,-3.138456806453508,0.556829691079515,4.0,-2.44561144769956,-0.6660399790399221,-0.0,-0.10624342867512976,0.23136598605724015,1.22280572384978
33.600000000001884,-3.162850809565626,0.550362369039382,4.0,-2.4331731241031536,-0.6274074076326157,-0.0,-0.10919808538574548,0.2318349663027085,1.2165865620515768
33.61000000000188,-3.187119948743451,0.5442818731782775,4.0,-2.420638742998067,-0.5886757613225068,-0.0,-0.11175601386356887,0.2312658680708833,1.2103193714990335
33.62000000000188,-3.2112632658829225,0.5385891636769866,4.0,-2.4080087992202044,-0.549851156285539,-0.0,-0.11490050799050587,0.23175633546357413,1.2040043996101022
33.63000000000188,-3.2352798078472214,0.5332851394803297,4.0,-2.39528379137812,-0.5109397233769171,-0.0,-0.11798183682753983,0.23198757440038117,1.19764189568906
33.640000000001876,-3.2591686265043918,0.5283706381552156,4.0,-2.3824642218333345,-0.47194760716297274,-0.0,-0.12063847639905323,0.23127340311432343,1.1912321109166673
33.650000000001874,-3.282928778764779,0.5238464357583728,4.0,-2.3695505966805035,-0.43288096495086703,-0.0,-0.1239277961296085,0.23165955080490525,1.1847752983402517
33.66000000000187,-3.3065593266182542,0.5197132467138061,4.0,-2.3565434257274362,-0.3937459658162804,-0.0,-0.12714298804101215,0.23179702084208176,1.1782717128637181
33.67000000000187,-3.3300593371712517,0.5159717236999799,4.0,-2.3434432224749697,-0.35454878962924324,-0.0,-0.12982763618759866,0.23086331101059038,1.1717216112374849
33.68000000000187,-3.3534278826835924,0.5126224575467506,4.0,-2.3302505040966977,-0.31529562607826367,-0.0,-0.1332070862241518,0.23107717770152844,1.1651252520483488
33.69000000000187,-3.376664040605113,0.50966597714207,4.0,-2.3169657914185513,-0.2759926736929036,-0.0,-0.13650938488833117,0.23107370932741111,1.1584828957092757
33.700000000001864,-3.3997668936120853,0.5071027493484661,4.0,-2.3035896088982413,-0.23664613886495878,-0.0,-0.1391941606003096,0.22995938987455844,1.1517948044491206
33.71000000000186,-3.4227355296434316,0.5049331789293223,4.0,-2.2901224846045487,-0.19726223486839814,-0.0,-0.14263839601244999,0.2300237737106874,1.1450612423022744
33.72000000000186,-3.445569041936729,0.5031576084849574,4.0,-2.276564950196482,-0.15784718087821537,-0.0,-0.14600581474751712,0.22987658008769726,1.138282475098241
33.73000000000186,-3.468266529064023,0.5017763183985271,4.0,-2.262917540902277,-0.11840720098832709,-0.0,-0.14867072389205044,0.22854893588670258,1.1314587704511385
33.74000000000186,-3.4908270949673597,0.5007895267917499,4.0,-2.2491807954983005,-0.07894852322880522,-0.0,-0.15214382066406162,0.22839329332579636,1.1245903977491503
33.750000000001855,-3.5132498489942536,0.5001973894904594,4.0,-2.235355256287724,-0.03947737858224289,-0.0,-0.15550866256538287,0.2279985227141519,1.117677628143862
33.76000000000185,-3.535533905932744,0.5,4.0,-2.221441469079179,1.15478579173926e-14,0.0,-0.15823867871204797,0.22663060524695716,1.1107207345395895
33.77000000000185,-3.557678386046432,0.5001973894904599,4.0,-2.2074399831651514,0.039477378582265986,0.0,-0.16167420014706904,0.22620405676689725,1.1037199915825757
33.78000000000185,-3.5796824151091595,0.5007895267917499,4.0,-2.1933513513003313,0.07894852322880598,0.0,-0.16488566579389774,0.2253765419454864,1.0966756756501657
33.79000000000185,-3.6015451244395367,0.5017763183985271,4.0,-2.1791761296797807,0.11840720098832785,0.0,-0.16799120603650095,0.22435047532375416,1.0895880648398903
33.800000000001845,-3.623265650935234,0.5031576084849565,4.0,-2.164914877916978,0.15784718087819385,0.0,-0.17118698155444315,0.22336846036460972,1.082457438958489
33.81000000000184,-3.644843137107057,0.504933178929321,4.0,-2.1505681590217223,0.1972622348683766,0.0,-0.17436200892520257,0.22229833968461854,1.0752840795108611
33.82000000000184,-3.6662767311127986,0.5071027493484648,4.0,-2.1361365393779117,0.23664613886493727,0.0,-0.17752398576681727,0.2211530177999348,1.0680682696889559
33.83000000000184,-3.6875655867908663,0.5096659771420686,4.0,-2.121620588721178,0.2759926736928821,0.0,-0.18069547251279633,0.2199437745986102,1.060810294360589
33.84000000000184,-3.7087088636936913,0.5126224575467488,4.0,-2.1070208801163974,0.3152956260782423,0.0,-0.18386302202119187,0.2186651663963938,1.0535104400581987
33.850000000001835,-3.729705727120905,0.5159717236999777,4.0,-2.0923379899350683,0.3545487896292218,0.0,-0.18702159983188965,0.21730906184220627,1.0461689949675341
33.86000000000183,-3.750555348152291,0.5197132467138044,4.0,-2.077572497832552,0.3937459658162589,0.0,-0.19017937405396404,0.21587203839084596,1.038786248916276
33.87000000000183,-3.771256903680511,0.5238464357583705,4.0,-2.062724986725196,0.43288096495084577,0.0,-0.19332759363564433,0.21436001356641238,1.031362493362598
33.88000000000183,-3.7918095764436,0.5283706381552129,4.0,-2.0477960427673145,0.47194760716295137,0.0,-0.19646332411693632,0.21277088398748917,1.0238980213836573
33.89000000000183,-3.812212555057229,0.5332851394803271,4.0,-2.0327862553280536,0.5109397233768957,0.0,-0.19959366093604455,0.21109916453465558,1.0163931276640268
33.900000000001825,-3.8324650340467374,0.5385891636769835,4.0,-2.01769621696812,0.5498511562855178,0.0,-0.20270783915207,0.20935402426781521,1.00884810848406
33.91000000000182,-3.8525662138789447,0.5442818731782779,4.0,-2.0025265234163805,0.5886757613225074,0.0,-0.20580347655793813,0.20753481419526865,1.0012632617081902
33.92000000000182,-3.8725153009936664,0.550362369039382,4.0,-1.9872777735463798,0.6274074076326165,0.0,-0.20888785412796157,0.20563559444903293,0.9936388867731899
33.93000000000182,-3.8923115078351245,0.556829691079519,4.0,-1.9719505693526356,0.6660399790399447,0.0,-0.21194894575498127,0.20366626725761935,0.9859752846763178
33.94000000000182,-3.9119540528829466,0.5636828180335591,4.0,-1.9565455159269423,0.7045673750135802,0.0,-0.21498471491016458,0.20162689914787132,0.9782727579634711
33.950000000001815,-3.931442160683099,0.5709206677133172,4.0,-1.9410632214344226,0.742983511631097,0.0,-0.218001708772656,0.19951106995828455,0.9705316107172113
33.96000000000181,-3.9507750618784554,0.5785420971784236,4.0,-1.9255042970895533,0.7812823225391892,0.0,-0.22098759466407877,0.1973285015276569,0.9627521485447766
33.97000000000181,-3.9699519932391785,0.5865459029168161,4.0,-1.9098693571320264,0.8194577599116404,0.0,-0.22394097409135952,0.19507922817566087,0.9549346785660132
33.98000000000181,-3.9889721976928563,0.5949308210347857,4.0,-1.8941590188025001,0.857503795404346,0.0,-0.2268677026004543,0.19275610203444918,0.9470795094012501
33.99000000000181,-4.007834924354382,0.6036955274565603,4.0,-1.8783739023182313,0.8954144211072578,0.0,-0.22975549945190926,0.1903684176441099,0.9391869511591157
34.000000000001805,-4.026539428555608,0.6128386381333919,4.0,-1.8625146308485898,0.9331836504931035,0.0,-0.23260378568827153,0.187915940423721,0.9312573154242949
34.0100000000018,-4.045084971874735,0.622358709262115,4.0,-1.8465818304904589,0.9708055193627283,0.0,-0.23541738544153007,0.1853912243732186,0.9232909152452294
34.0200000000018,-4.063470822165466,0.6322542375131373,4.0,-1.8305761302435142,1.008274086786911,0.0,-0.23818478357507603,0.18280263261702018,0.9152880651217571
34.0300000000018,-4.081696253585915,0.6425236602678361,4.0,-1.8144981619853962,1.0455834360445064,0.0,-0.24090654857703828,0.18014934372824248,0.9072490809926981
34.0400000000018,-4.099760546627255,0.653165355865311,4.0,-1.7983485604467617,1.0827276755567623,0.0,-0.24358554369805413,0.17742448790876622,0.8991742802233809
34.050000000001795,-4.11766298814213,0.6641776438584657,4.0,-1.7821279631862263,1.1197009398176707,0.0,-0.24621246787358594,0.1746348231433208,0.8910639815931132
34.06000000000179,-4.1354028713728015,0.6755587852793665,4.0,-1.7658370105651966,1.1564973903201967,0.0,-0.24879098205956748,0.17177736477648714,0.8829185052825983
34.07000000000179,-4.1529794959790545,0.687306982913849,4.0,-1.7494763457225868,1.1931112164782482,0.0,-0.2513083653256227,0.16885626347484223,0.8747381728612934
34.08000000000179,-4.170392168065846,0.699420381585317,4.0,-1.7330466145494312,1.2295366365442337,0.0,-0.2537680388203056,0.16587324847682558,0.8665233072747156
34.09000000000179,-4.187640200210708,0.7118970684477053,4.0,-1.7165484656633752,1.2657678985220886,0.0,-0.2561745468745128,0.16281994080522907,0.8582742328316876
34.100000000001785,-4.204722911490843,0.7247350732875093,4.0,-1.6999825503831052,1.3017992810754992,0.0,-0.2584942982521203,0.15968983006860835,0.8499912751915526
34.11000000000178,-4.221639627510072,0.7379323688349486,4.0,-1.6833495227025832,1.337625094431492,0.0,-0.2609473946958794,0.15662552176245392,0.8416747613512916
34.12000000000178,-4.2383896804254215,0.7514868710840767,4.0,-1.6666500392652512,1.373239681278852,0.0,-0.2628362500946307,0.15317620505460702,0.8333250196326256
34.13000000000178,-4.2549724089734635,0.7653964396218442,4.0,-1.6498847593381405,1.408637417661419,0.0,-0.2652775260587504,0.15003181476074595,0.8249423796690702
34.14000000000178,-4.271387158496479,0.7796588779661411,4.0,-1.6330543447857861,1.443812713866294,0.0,-0.2673427287788718,0.1466447718805769,0.8165271723928931
34.150000000001775,-4.287633280968263,0.7942719339126185,4.0,-1.6161594600441367,1.4787600153064415,0.0,-0.26884523176194264,0.14292883570985432,0.8080797300220683
34.16000000000177,-4.3037101350197196,0.8092332998903418,4.0,-1.599200772094313,1.5134738033978423,0.0,-0.27115675961133506,0.13963649580180038,0.7996003860471566
34.17000000000177,-4.319617085964176,0.8245406133261857,4.0,-1.582178950436277,1.5479485964309416,0.0,-0.2729017823634433,0.1360102302784809,0.7910894752181385
34.18000000000177,-4.335353505822449,0.8401914570179105,4.0,-1.5650946670624026,1.582178950436275,0.0,-0.27412845568353394,0.13212408794429698,0.7825473335312013
34.19000000000177,-4.350918773347626,0.8561833595158674,4.0,-1.5479485964309436,1.6161594600441347,0.0,-0.2762037313001238,0.12864456069284275,0.7739742982154718
34.200000000001765,-4.366312274049598,0.8725137955132674,4.0,-1.5307414154394103,1.6498847593381385,0.0,-0.2776838648530643,0.12485196549066988,0.7653707077197052
34.21000000000176,-4.381533400219314,0.8891801862449582,4.0,-1.5134738033978443,1.6833495227025719,0.0,-0.27860240049403373,0.12081615908478621,0.7567369016989222
34.22000000000176,-4.396581550952777,0.9061798998946404,4.0,-1.4961464420020025,1.7165484656633636,0.0,-0.2804185283145023,0.11716617777498374,0.7480732210010013
34.23000000000176,-4.411456132174761,0.9235102520104621,4.0,-1.4787600153064435,1.7494763457225664,0.0,-0.28160931744231665,0.11322092350963489,0.7393800076532218
34.24000000000176,-4.42615655666227,0.9411685059289239,4.0,-1.461315209697523,1.7821279631862061,0.0,-0.2821967702856392,0.1090546107875539,0.7306576048487615
34.250000000001755,-4.440682244067716,0.9591518732070314,4.0,-1.443812713866296,1.8144981619853764,0.0,-0.2837190959644669,0.10524060080496778,0.721906356933148
34.26000000000175,-4.455032620941831,0.9774575140626212,4.0,-1.4262532187813288,1.846581830490439,0.0,-0.2845873628429998,0.10115152185867682,0.7131266093906644
34.27000000000175,-4.469207120756319,0.9960825378228075,4.0,-1.408637417661411,1.878373902318229,0.0,-0.2848536544930482,0.09688541732508428,0.7043187088307055
34.28000000000175,-4.483205183926177,1.0150240033804092,4.0,-1.3909660059482274,1.9098693571320247,0.0,-0.28602298260576753,0.09290734440307291,0.6954830029741137
34.29000000000175,-4.497026257831853,1.0342789196584494,4.0,-1.3732396812788443,1.9410632214344208,0.0,-0.2865425552090689,0.08868849167335963,0.6866198406394222
34.300000000001745,-4.510669796841019,1.0538442460824478,4.0,-1.355459143458197,1.9719505693526513,0.0,-0.28689424369033284,0.08447593157317002,0.6777295717290985
34.31000000000174,-4.524135262330101,1.073716893060532,4.0,-1.337625094431494,2.002526523416387,0.0,-0.28728509719884665,0.08024416504507585,0.668812547215747
34.32000000000174,-4.537422122705587,1.0938937224713845,4.0,-1.319738238256444,2.032786255328052,0.0,-0.28743739867913665,0.07592629344021821,0.659869119128222
34.33000000000174,-4.55052985342498,1.1143715481597434,4.0,-1.3017992810755012,2.062724986725194,0.0,-0.2874681026071853,0.07160384211892715,0.6508996405377506
34.34000000000174,-4.563457937017515,1.1351471364395462,4.0,-1.283808931087979,2.0923379899350665,0.0,-0.28736714257842155,0.06724483538185758,0.6419044655439895
34.350000000001735,-4.5762058631045885,1.1562172066045655,4.0,-1.2657678985220906,2.1216205887211763,0.0,-0.28713322199432895,0.06285832579693229,0.6328839492610453
34.36000000000173,-4.588773128419906,1.1775784314464701,4.0,-1.2476768956069102,2.1505681590217205,0.0,-0.2867682320116545,0.05845879811349092,0.6238384478034551
34.37000000000173,-4.60115923682935,1.1992274377802303,4.0,-1.2295366365442564,2.179176129679779,0.0,-0.2862581545093398,0.0540423032383956,0.6147683182721282
34.38000000000173,-4.613363699350572,1.2211608069767828,4.0,-1.2113478374804956,2.2074399831651497,0.0,-0.28561277260869306,0.049609985953663845,0.6056739187402478
34.39000000000173,-4.625386034172287,1.2433750755028719,4.0,-1.1931112164782711,2.235355256287723,0.0,-0.28483179753611454,0.04516891136276074,0.5965556082391356
34.400000000001725,-4.637225766673303,1.2658667354679811,4.0,-1.1748274934881533,2.2629175409022677,0.0,-0.28390743983013395,0.04071840254674038,0.5874137467440766
34.41000000000172,-4.648882429441253,1.2886322351782702,4.0,-1.1564973903202198,2.290122484604532,0.0,-0.28283990298639705,0.03626599598187844,0.5782486951601099
34.42000000000172,-4.66035556229105,1.311667979697429,4.0,-1.1381216306155568,2.3169657914185344,0.0,-0.28162783203718394,0.031825536886068886,0.5690608153077784
34.43000000000172,-4.671644712283055,1.3349703314143597,4.0,-1.1197009398176936,2.3434432224749533,0.0,-0.280271852026557,0.027386594294880263,0.5598504699088468
34.44000000000172,-4.682749433740955,1.3585356106175959,4.0,-1.1012360451439618,2.3695505966804875,0.0,-0.27878512846327896,0.022961108715983888,0.5506180225719809
34.450000000001715,-4.69366928826937,1.382360096076388,4.0,-1.0827276755567752,2.395283791378118,0.0,-0.27714688876072047,0.018540372148194414,0.5413638377783876
34.46000000000171,-4.704403844771126,1.4064400256282732,4.0,-1.0641765617348946,2.4206387429980656,0.0,-0.27539197942164195,0.014150987932741808,0.5320882808674473
34.47000000000171,-4.714952679464321,1.4307715967732446,4.0,-1.0455834360445189,2.4456114476995587,0.0,-0.2734500269014219,0.009756096564801047,0.5227917180222594
34.48000000000171,-4.725315375899028,1.4553509672741725,4.0,-1.0269490325104034,2.4701979620030468,0.0,-0.2714830342207456,0.005453024833360568,0.5134745162552017
34.49000000000171,-4.735491524973724,1.4801742557634932,4.0,-1.0082740867869133,2.494394403412877,0.0,-0.2687901665886313,0.0008495316884039228,0.5041370433934567
34.500000000001705,-4.745480724951475,1.505237542356208,4.0,-0.9895593361289187,2.518196951030472,0.0,-0.26677702074984333,-0.00326451055192823,0.49477966806445933
34.5100000000017,-4.755282581475769,1.530536869268821,4.0,-0.9708055193627305,2.5416018461576333,0.0,-0.2646631082918375,-0.007334968913689933,0.48540275968136526
34.5200000000017,-4.764896707586095,1.5560682414443332,4.0,-0.9520133768569231,2.5646053928901034,0.0,-0.2615759937690269,-0.011811068007097515,0.47600668842846156
34.5300000000017,-4.774322723733214,1.5818276271831093,4.0,-0.9331836504931056,2.587203958701187,0.0,-0.2593256026036561,-0.015743120546350613,0.4665918252465528
34.5400000000017,-4.783560257794152,1.607810958779529,4.0,-0.9143170836366329,2.6093939750153723,0.0,-0.25622946970792043,-0.02000120359338045,0.45715854181831644
34.550000000001695,-4.7926089450868785,1.6340141331643248,4.0,-0.8954144211072599,2.6311719377718483,0.0,-0.25372705280868973,-0.02386508848551659,0.44770721055362994
34.56000000000169,-4.801468428384713,1.6604330125525042,4.0,-0.8764764091497366,2.652534407977837,0.0,-0.250521984236952,-0.027960665999774623,0.4382382045748683
34.57000000000169,-4.810138357930428,1.6870634250967547,4.0,-0.8575037954043482,2.6734780122516524,0.0,-0.24711201336496297,-0.032043052653879515,0.4287518977021741
34.58000000000169,-4.8186183914500464,1.7139011655462262,4.0,-0.8384973288773987,2.6939994433553927,0.0,-0.24455455182572755,-0.03564552851470796,0.41924866443869935
34.59000000000169,-4.826908194166367,1.7409419959105885,4.0,-0.8194577599116427,2.714095460717194,0.0,-0.2409723956845625,-0.039597892481378065,0.40972887995582136
34.600000000001685,-4.835007438812172,1.7681816461292599,4.0,-0.8003858401566617,2.7337628909429568,0.0,-0.2373189256315464,-0.043475621918177325,0.40019292007833085
34.61000000000168,-4.842915805643152,1.7956158147456989,4.0,-0.7812823225391915,2.7529986283174543,0.0,-0.23448250627182832,-0.04692405237169072,0.39064116126959575
34.62000000000168,-4.850632982450525,1.8232401695866538,4.0,-0.762147961233397,2.7717996352947676,0.0,-0.230557255018523,-0.05071275573721474,0.3810739806166985
34.63000000000168,-4.858158664573369,1.8510503484462795,4.0,-0.7429835116310884,2.7901629429779584,0.0,-0.2265677267240574,-0.05442380544017648,0.3714917558155442
34.64000000000168,-4.865492554910632,1.8790419597749166,4.0,-0.7237897303119432,2.808085651587847,0.0,-0.2227349040585758,-0.05797850973136946,0.3618948651559716
34.650000000001675,-4.872634363932884,1.9072105833726634,4.0,-0.7045673750135716,2.8255649309209883,0.0,-0.21868745945104096,-0.06150771384978836,0.3522836875067858
34.66000000000167,-4.879583809693735,1.935551771087312,4.0,-0.6853172046016471,2.8425980207965496,0.0,-0.21464147490433158,-0.0649365483061916,0.34265860230082357
34.67000000000167,-4.886340617840969,1.9640610475167979,4.0,-0.6660399790399252,2.859182231492195,0.0,-0.21040074476978138,-0.06833009619695109,0.3330199895199626
34.68000000000167,-4.892904521627362,1.9927339107158497,4.0,-0.6467364593602847,2.8753149441687857,0.0,-0.20610285358617686,-0.07163399113629439,0.32336822968014234
34.69000000000167,-4.899275261921235,2.0215658329069983,4.0,-0.6274074076326187,2.8909936112839847,0.0,-0.2016473403186367,-0.07488390435911162,0.31370370381630935
34.700000000001666,-4.905452587216671,2.0505522611955,4.0,-0.6080535869347932,2.9062157569945004,0.0,-0.19708422326717745,-0.07805778931592323,0.3040267934673966
34.71000000000166,-4.911436253643443,2.079688618288306,4.0,-0.5886757613225098,2.920978977547065,0.0,-0.19241137812985062,-0.081156134568353,0.2943378806612549
34.72000000000166,-4.917226024976648,2.1089703032168723,4.0,-0.5692746957991438,2.9352809416580126,0.0,-0.1875907129247102,-0.0841793672145508,0.2846373478995719
34.73000000000166,-4.922821672646027,2.1383926920637046,4.0,-0.5498511562855422,2.949119390881416,0.0,-0.18266021807955465,-0.0871253729084977,0.2749255781427711
34.74000000000166,-4.928222975744989,2.167951138692529,4.0,-0.5304059095897862,2.962492139965723,0.0,-0.17759890778801732,-0.08998915727400435,0.2652029547948931
34.750000000001656,-4.933429721039339,2.1976409754819697,4.0,-0.5109397233769202,2.9753970771988314,0.0,-0.17240829519173118,-0.0927345465562411,0.2554698616884601
34.760000000001654,-4.9384417029756875,2.227457514062623,4.0,-0.49145336613864404,2.9878321647415524,0.0,-0.16712103356741592,-0.09552263360183602,0.24572668306932202
34.77000000000165,-4.943258723689569,2.2573960460574023,4.0,-0.4719476071629758,2.999795438949412,0.0,-0.16154729646863458,-0.09755986949048463,0.2359738035814879
34.78000000000165,-4.947880593013253,2.2874518438250475,4.0,-0.4524232165038804,3.0112850106827294,0.0,-0.15609788523757687,-0.10047735878478183,0.2262116082519402
34.79000000000165,-4.9523071284832545,2.3176201612066727,4.0,-0.4328809649508701,3.0222990656049364,0.0,-0.1505364081351243,-0.10334071699488644,0.21644048247543504
34.800000000001646,-4.9565381553475305,2.3478962342752414,4.0,-0.4133216239985745,3.0328358644690825,0.0,-0.14463228121959015,-0.10512107351734556,0.20666081199928726
34.810000000001644,-4.960573506572389,2.3782752820878623,4.0,-0.39374596581627236,3.042893743392486,0.0,-0.13884338306379568,-0.10787842155590707,0.19687298290813618
34.82000000000164,-4.964413022849068,2.4087525074406857,4.0,-0.3741547632174519,3.0524711141194585,0.0,-0.132783810032772,-0.10976916460278152,0.18707738160872595
34.83000000000164,-4.968056552600041,2.4393230976265423,4.0,-0.3545487896292352,3.0615664642721443,0.0,-0.12663698372835222,-0.11162546896539301,0.1772743948146176
34.84000000000164,-4.971503951984993,2.469982225194857,4.0,-0.3349288190618887,3.070178357589317,0.0,-0.12056614487657011,-0.1144121720899118,0.16746440953094435
34.850000000001636,-4.974755084906502,2.5007250487139916,4.0,-0.3152956260782446,3.078305434153194,0.0,-0.11421044217256462,-0.11602879526752108,0.1576478130391223
34.860000000001634,-4.9778098230154,2.5315467135356955,4.0,-0.29564998576316653,3.085946410604165,0.0,-0.10777469102609785,-0.11764406843799298,0.14782499288158327
34.87000000000163,-4.980668045715863,2.562442352561815,4.0,-0.2759926736928844,3.0931000803434765,0.0,-0.1013923013618082,-0.12014181650977461,0.1379963368464422
34.88000000000163,-4.98332964017015,2.5934070870127943,4.0,-0.25632446590442004,3.0997653137237475,0.0,-0.09475947894138442,-0.12146326339292858,0.12816223295221002
34.89000000000163,-4.98579450130307,2.624436027198109,4.0,-0.2366461388649396,3.105941058227362,0.0,-0.08804591378215297,-0.12269472492840809,0.1183230694324698
34.900000000001626,-4.9880625318061265,2.655524273288404,4.0,-0.2169584694410998,3.111626338632672,0.0,-0.08127799270104351,-0.12400782690336877,0.1084792347205499
34.910000000001624,-4.990133642141358,2.686666916089237,4.0,-0.1972622348683789,3.116820257167995,0.0,-0.07444318045682853,-0.12522182504072826,0.09863111743418945
34.92000000000162,-4.992007750544875,2.7178590378162912,4.0,-0.17755821272039243,3.1215219936533845,0.0,-0.06753250717203965,-0.12630389901103542,0.08877910636019622
34.93000000000162,-4.993684783030087,2.7490957128719566,4.0,-0.15784718087819616,3.1257308056301456,0.0,-0.06055300510168413,-0.12726804297337235,0.07892359043909808
34.94000000000162,-4.995164673390623,2.7803720086231336,4.0,-0.13812991749957643,3.129446028478076,0.0,-0.05351033465545431,-0.12806385265501222,0.06906495874978821
34.950000000001616,-4.996447363202946,2.8116829861801578,4.0,-0.11840720098833016,3.132667075520421,0.0,-0.04640570910625879,-0.12872058450712348,0.05920360049416508
34.960000000001614,-4.997532801828657,2.8430237011767043,4.0,-0.09867980996353447,3.1353934381165125,0.0,-0.03924075963729768,-0.12920724312226223,0.049339904981767234
34.97000000000161,-4.9984209464165,2.874389204550562,4.0,-0.0789485232288083,3.1376246857420917,0.0,-0.03202318355906949,-0.12953455541794714,0.03947426161440415
34.98000000000161,-4.999111761904045,2.9057745433251476,4.0,-0.05921411974156658,3.139360466057293,0.0,-0.024758822980449624,-0.1296896595597868,0.02960705987078329
34.99000000000161,-4.99960522101908,2.937174761391656,4.0,-0.03947737858225713,3.140600504962283,0.0,-0.017460268925087355,-0.12967189937182888,0.019738689291128566
35.000000000001606,-4.9999013042806855,2.9685849002916163,4.0,-0.01973907892364851,3.1413446066405433,0.0,-0.010123765846553664,-0.129477992426268,0.009869539461824254
35.010000000001604,-5.0,2.9999999999999956,4.0,-2.693138971210506e-15,3.141592653589793,0.0,-0.002751531299665281,-0.12910722400873348,1.346569485605253e-15
35.0200000000016,-4.9999013042806855,3.0314150997083753,4.0,0.01973907892364312,3.1413446066405433,0.0,0.0046490849169594185,-0.12855714000412988,-0.00986953946182156
35.0300000000016,-4.99960522101908,3.062825238608353,4.0,0.039477378582262905,3.140600504962283,0.0,0.01207068806190077,-0.12782703102939108,-0.019738689291131453
35.0400000000016,-4.999111761904045,3.094225456674844,4.0,0.0592141197415612,3.139360466057293,0.0,0.0195072550109082,-0.1269169477111897,-0.0296070598707806
35.050000000001596,-4.9984209464165,3.1256107954494294,4.0,0.07894852322880291,3.137624685742092,0.0,0.026951388399125222,-0.12582665466646992,-0.03947426161440146
35.060000000001594,-4.997532801828657,3.1569762988232872,4.0,0.09867980996352908,3.135393438116513,0.0,0.03439740831025787,-0.1245566641529443,-0.04933990498176454
35.07000000000159,-4.996447363202946,3.1883170138198333,4.0,0.11840720098832477,3.132667075520422,0.0,0.04183924693924224,-0.1231102308070127,-0.05920360049416239
35.08000000000159,-4.995164673390623,3.219627991376858,4.0,0.13812991749957107,3.129446028478077,0.0,0.04926712200782551,-0.12147887676409032,-0.06906495874978553
35.09000000000159,-4.993684783030087,3.250904287128035,4.0,0.15784718087819077,3.1257308056301465,0.0,0.05672701921543796,-0.11976753155474029,-0.07892359043909539
35.100000000001586,-4.992007750544875,3.2821409621837003,4.0,0.17755821272038705,3.121521993653386,0.0,0.06398775553518905,-0.11757281675049575,-0.08877910636019352
35.110000000001584,-4.990133642141358,3.3133330839107544,4.0,0.19726223486837355,3.1168202571679964,0.0,0.07153077156543357,-0.11570802009914745,-0.09863111743418677
35.12000000000158,-4.9880625318061265,3.344475726711587,4.0,0.21695846944109443,3.1116263386326737,0.0,0.07875019195997614,-0.11322299803541575,-0.10847923472054721
35.13000000000158,-4.9857945013030704,3.3755639728018827,4.0,0.2366461388649342,3.105941058227364,0.0,0.08586914255435193,-0.11056811077229048,-0.1183230694324671
35.14000000000158,-4.98332964017015,3.4065929129871972,4.0,0.25632446590441466,3.0997653137237493,0.0,0.09345079574874648,-0.10828325456825422,-0.12816223295220733
35.150000000001576,-4.980668045715864,3.4375576474381764,4.0,0.27599267369287905,3.0931000803434783,0.0,0.10029244159995156,-0.105105196872687,-0.13799633684643953
35.160000000001574,-4.977809823015401,3.468453286464296,4.0,0.29564998576316115,3.085946410604167,0.0,0.10749051409778808,-0.10223267761998468,-0.14782499288158057
35.17000000000157,-4.9747550849065005,3.4992749512860177,4.0,0.3152956260782503,3.078305434153192,0.0,0.11487596984930483,-0.0993477884578778,-0.15764781303912515
35.18000000000157,-4.971503951984994,3.5300177748051347,4.0,0.3349288190618834,3.0701783575893193,0.0,0.12134346710004837,-0.09565629097448414,-0.1674644095309417
35.19000000000157,-4.968056552600043,3.5606769023734492,4.0,0.35454878962922987,3.0615664642721465,0.0,0.12848432534561027,-0.09238969479654774,-0.17727439481461493
35.200000000001566,-4.964413022849069,3.591247492559306,4.0,0.37415476321744656,3.0524711141194616,0.0,0.1355973397997936,-0.08894321422017137,-0.18707738160872328
35.210000000001564,-4.9605735065723895,3.6217247179121292,4.0,0.393745965816267,3.0428937433924887,0.0,0.14195913195588944,-0.08495712115850813,-0.1968729829081335
35.22000000000156,-4.956538155347532,3.6521037657247497,4.0,0.4133216239985692,3.0328358644690856,0.0,0.14835240079771822,-0.0809242664638212,-0.2066608119992846
35.23000000000156,-4.952307128483255,3.682379838793319,4.0,0.43288096495086476,3.0222990656049395,0.0,0.1555207649640155,-0.07716522196544695,-0.21644048247543238
35.24000000000156,-4.947880593013254,3.712548156174944,4.0,0.45242321650387507,3.011285010682732,0.0,0.16154099898313137,-0.07277501371007265,-0.22621160825193753
35.250000000001556,-4.94325872368957,3.7426039539425893,4.0,0.47194760716297035,2.9997954389494152,0.0,0.16743869262085645,-0.0682955695555227,-0.23597380358148518
35.260000000001554,-4.938441702975689,3.7725424859373686,4.0,0.4914533661386387,2.9878321647415556,0.0,0.1744018182038356,-0.064101541883444,-0.24572668306931936
35.27000000000155,-4.9334297210393405,3.8023590245180223,4.0,0.5109397233769148,2.975397077198835,0.0,0.18000318432566817,-0.0593123079561381,-0.2554698616884574
35.28000000000155,-4.9282229757449905,3.832048861307463,4.0,0.5304059095897808,2.9624921399657267,0.0,0.18543434425102343,-0.054431653533433634,-0.2652029547948904
35.29000000000155,-4.922821672646028,3.8616073079362874,4.0,0.5498511562855368,2.9491193908814197,0.0,0.19205141641806003,-0.049772654127699656,-0.2749255781427684
35.300000000001546,-4.9172260249766495,3.8910296967831197,4.0,0.5692746957991385,2.9352809416580166,0.0,0.19718517873340366,-0.04465700949653232,-0.28463734789956924
35.310000000001544,-4.911436253643445,3.920311381711686,4.0,0.5886757613225045,2.920978977547069,0.0,0.20213138923663856,-0.039461458563770785,-0.29433788066125227
35.32000000000154,-4.905452587216673,3.949447738804492,4.0,0.6080535869347878,2.9062157569945044,0.0,0.20826506899796987,-0.03437062362464933,-0.3040267934673939
35.33000000000154,-4.899275261921237,3.9784341670929937,4.0,0.6274074076326135,2.8909936112839887,0.0,0.2129085968775069,-0.02893526233421464,-0.31370370381630674
35.34000000000154,-4.892904521627363,4.007266089284142,4.0,0.6467364593602793,2.87531494416879,0.0,0.21760250359169314,-0.02345145462557364,-0.3233682296801397
35.350000000001536,-4.886340617840967,4.03593895248321,4.0,0.6660399790399308,2.85918223149219,0.0,0.22255102986418734,-0.017912132935205875,-0.3330199895199654
35.360000000001534,-4.879583809693737,4.06444822891268,4.0,0.6853172046016419,2.842598020796554,0.0,0.2270282880605147,-0.012257193539292163,-0.34265860230082096
35.37000000000153,-4.872634363932887,4.092789416627329,4.0,0.7045673750135664,2.8255649309209927,0.0,0.2312512991221514,-0.006518161905536562,-0.3522836875067832
35.38000000000153,-4.8654925549106345,4.120958040225076,4.0,0.7237897303119379,2.808085651587852,0.0,0.2354697859630532,-0.0006978437213385943,-0.36189486515596897
35.39000000000153,-4.858158664573372,4.148949651553713,4.0,0.7429835116310832,2.7901629429779633,0.0,0.2394036560198836,0.005214432857943167,-0.3714917558155416
35.400000000001526,-4.850632982450527,4.176759830413339,4.0,0.7621479612333918,2.771799635294773,0.0,0.24273922045579266,0.011175498040577126,-0.3810739806166959
35.410000000001524,-4.8429158056431545,4.204384185254294,4.0,0.7812823225391863,2.7529986283174592,0.0,0.24676072656288134,0.017243027831821352,-0.39064116126959314
35.42000000000152,-4.835007438812174,4.231818353870732,4.0,0.8003858401566565,2.733762890942962,0.0,0.25013072239268885,0.023343926580791936,-0.40019292007832824
35.43000000000152,-4.826908194166369,4.259058004089404,4.0,0.8194577599116374,2.7140954607172,0.0,0.2527622693825192,0.029443398459345474,-0.4097288799558187
35.44000000000152,-4.818618391450048,4.2860988344537665,4.0,0.8384973288773937,2.693999443355398,0.0,0.2563751999542477,0.03573331896604425,-0.41924866443869685
35.450000000001516,-4.8101383579304295,4.3129365749032385,4.0,0.857503795404343,2.6734780122516577,0.0,0.2592044614495086,0.04197658331172729,-0.4287518977021715
35.460000000001514,-4.801468428384716,4.339566987447489,4.0,0.8764764091497316,2.6525344079778432,0.0,0.26126984351413785,0.0481391029243151,-0.4382382045748658
35.47000000000151,-4.792608945086881,4.365985866835668,4.0,0.8954144211072549,2.631171937771854,0.0,0.2643556024592752,0.05457714866786204,-0.44770721055362744
35.48000000000151,-4.7835602577941545,4.392189041220464,4.0,0.9143170836366279,2.6093939750153785,0.0,0.2666578307283618,0.06090604765000882,-0.45715854181831395
35.49000000000151,-4.774322723733217,4.418172372816883,4.0,0.9331836504931006,2.5872039587011932,0.0,0.2682494118680857,0.06709615561955433,-0.4665918252465503
35.500000000001506,-4.7648967075860975,4.44393175855566,4.0,0.9520133768569181,2.5646053928901096,0.0,0.27038318731926125,0.07346992267047134,-0.47600668842845906
35.510000000001504,-4.755282581475772,4.469463130731172,4.0,0.9708055193627253,2.5416018461576395,0.0,0.27271956436584877,0.07996101724356511,-0.48540275968136265
35.5200000000015,-4.745480724951477,4.494762457643786,4.0,0.9895593361289133,2.518196951030478,0.0,0.2737514440439428,0.08609564914084929,-0.49477966806445667
35.5300000000015,-4.735491524973721,4.519825744236514,4.0,1.0082740867869187,2.49439440341287,0.0,0.27528938388045465,0.09242039818390548,-0.5041370433934593
35.5400000000015,-4.725315375899025,4.544649032725834,4.0,1.026949032510409,2.4701979620030396,0.0,0.2773233695405434,0.09895941872152579,-0.5134745162552045
35.550000000001496,-4.714952679464323,4.569228403226749,4.0,1.045583436044514,2.4456114476995654,0.0,0.27788375809025434,0.10497758635521273,-0.522791718022257
35.560000000001494,-4.704403844771129,4.59355997437172,4.0,1.0641765617348895,2.4206387429980722,0.0,0.27895225218830483,0.11120249738466549,-0.5320882808674448
35.57000000000149,-4.693669288269373,4.617639903923605,4.0,1.08272767555677,2.3952837913781257,0.0,0.28053308085014655,0.11766158325636034,-0.541363837778385
35.58000000000149,-4.682749433740959,4.6414643893823975,4.0,1.1012360451439567,2.3695505966804946,0.0,0.28068016579763394,0.12350180114541198,-0.5506180225719783
35.59000000000149,-4.671644712283058,4.665029668585634,4.0,1.1197009398176887,2.3434432224749604,0.0,0.28130549949560124,0.1295517760518696,-0.5598504699088444
35.60000000000149,-4.660355562291053,4.688332020302564,4.0,1.138121630615552,2.3169657914185424,0.0,0.281927490240084,0.13558722773268725,-0.569060815307776
35.610000000001484,-4.648882429441256,4.711367764821723,4.0,1.1564973903202147,2.290122484604539,0.0,0.2821646892757417,0.14142928410179675,-0.5782486951601074
35.62000000000148,-4.637225766673306,4.734133264532013,4.0,1.1748274934881482,2.2629175409022753,0.0,0.28237276518881055,0.1472311771501906,-0.5874137467440741
35.63000000000148,-4.6253860341722906,4.756624924497122,4.0,1.193111216478266,2.2353552562877304,0.0,0.2824793636309344,0.15294941330210873,-0.596555608239133
35.64000000000148,-4.613363699350575,4.778839193023211,4.0,1.2113478374804907,2.207439983165157,0.0,0.2824167943954667,0.15855762302330376,-0.6056739187402453
35.65000000000148,-4.6011592368293535,4.8007725622197635,4.0,1.2295366365442515,2.1791761296797865,0.0,0.2822294521184764,0.164054859743482,-0.6147683182721257
35.660000000001475,-4.588773128419908,4.822421568553524,4.0,1.2476768956069053,2.1505681590217285,0.0,0.28191220379090415,0.16943664137699854,-0.6238384478034527
35.67000000000147,-4.576205863104591,4.8437827933954285,4.0,1.2657678985220857,2.121620588721184,0.0,0.2814586021357547,0.17470961030988355,-0.6328839492610429
35.68000000000147,-4.563457937017519,4.864852863560448,4.0,1.2838089310879741,2.0923379899350745,0.0,0.2808800287842475,0.17986188903108113,-0.6419044655439871
35.69000000000147,-4.550529853424984,4.885628451840251,4.0,1.3017992810754964,2.062724986725202,0.0,0.2801733623096196,0.18489893989094272,-0.6508996405377482
35.70000000000147,-4.537422122705591,4.90610627752861,4.0,1.319738238256439,2.0327862553280602,0.0,0.2793533344617334,0.18981880513828578,-0.6598691191282196
35.710000000001465,-4.524135262330097,4.926283106939474,4.0,1.3376250944314994,2.0025265234163783,0.0,0.27841262939583167,0.1946278332275161,-0.6688125472157497
35.72000000000146,-4.5106697968410145,4.946155753917558,4.0,1.3554591434582024,1.9719505693526422,0.0,0.2773630052122195,0.19933144930855473,-0.6777295717291012
35.73000000000146,-4.497026257831856,4.965721080341545,4.0,1.3732396812788394,1.9410632214344294,0.0,0.27621102455788055,0.20391847550956105,-0.6866198406394197
35.74000000000146,-4.483205183926182,4.9849759966195855,4.0,1.3909660059482227,1.909869357132033,0.0,0.27494843683394354,0.20839894771934367,-0.6954830029741114
35.75000000000146,-4.469207120756322,5.003917462177188,4.0,1.408637417661406,1.8783739023182378,0.0,0.2735802683665918,0.21277724649783925,-0.704318708830703
35.760000000001455,-4.455032620941835,5.0225424859373735,4.0,1.4262532187813242,1.8465818304904476,0.0,0.2721152672338324,0.21704024069197422,-0.7131266093906621
35.77000000000145,-4.44068224406772,5.040848126792964,4.0,1.443812713866291,1.814498161985385,0.0,0.27054854288420327,0.22120181472022143,-0.7219063569331455
35.78000000000145,-4.426156556662273,5.058831494071072,4.0,1.4613152096975184,1.782127963186215,0.0,0.26888788134635266,0.22526624271811774,-0.7306576048487592
35.79000000000145,-4.411456132174765,5.076489747989534,4.0,1.4787600153064389,1.7494763457225753,0.0,0.26714233635158735,0.2292219842392657,-0.7393800076532194
35.80000000000145,-4.396581550952781,5.093820100105355,4.0,1.4961464420019976,1.7165484656633727,0.0,0.265307298953937,0.2330829054131155,-0.7480732210009988
35.810000000001445,-4.381533400219318,5.110819813755037,4.0,1.5134738033978394,1.6833495227025808,0.0,0.2633870464472205,0.2368443634703467,-0.7567369016989197
35.82000000000144,-4.366312274049601,5.127486204486728,4.0,1.5307414154394055,1.6498847593381474,0.0,0.2613957508600454,0.24050476571817783,-0.7653707077197027
35.83000000000144,-4.35091877334763,5.143816640484128,4.0,1.547948596430939,1.616159460044144,0.0,0.25932061207528284,0.244066631537627,-0.7739742982154695
35.84000000000144,-4.335353505822454,5.159808542982085,4.0,1.565094667062398,1.5821789504362844,0.0,0.25716758414528096,0.24752812623649184,-0.782547333531199
35.85000000000144,-4.319617085964181,5.1754593866738094,4.0,1.5821789504362727,1.547948596430951,0.0,0.2549737340029615,0.25090629685818505,-0.7910894752181363
35.860000000001435,-4.303710135019724,5.190766700109654,4.0,1.5992007720943082,1.5134738033978516,0.0,0.2523604252526488,0.2537880766222257,-0.7996003860471541
35.87000000000143,-4.287633280968268,5.205728066087378,4.0,1.6161594600441322,1.478760015306451,0.0,0.2502031049117214,0.2571582689086859,-0.8080797300220661
35.88000000000143,-4.271387158496483,5.2203411220338545,4.0,1.6330543447857815,1.4438127138663035,0.0,0.2480422626481926,0.26048025485121346,-0.8165271723928907
35.89000000000143,-4.254972408973458,5.23460356037816,4.0,1.6498847593381454,1.4086374176614085,0.0,0.24522969928265628,0.2629976348615528,-0.8249423796690727
35.90000000000143,-4.238389680425417,5.248513128915928,4.0,1.6666500392652561,1.3732396812788419,0.0,0.24302022530460893,0.26619227578019666,-0.8333250196326281
35.910000000001425,-4.221639627510077,5.262067631165047,4.0,1.6833495227025788,1.3376250944315018,0.0,0.24086133742784566,0.26939364394840143,-0.8416747613512894
35.92000000000142,-4.2047229114908475,5.275264926712487,4.0,1.699982550383101,1.301799281075509,0.0,0.23792383122483238,0.27157871538085276,-0.8499912751915505
35.93000000000142,-4.187640200210712,5.288102931552292,4.0,1.7165484656633705,1.2657678985220984,0.0,0.23566620622136814,0.2745594978299409,-0.8582742328316852
35.94000000000142,-4.17039216806586,5.300579618414673,4.0,1.7330466145494174,1.2295366365442641,0.0,0.23289156226817137,0.27679765417211344,-0.8665233072747087
35.95000000000142,-4.152979495979059,5.312693017086148,4.0,1.7494763457225821,1.193111216478258,0.0,0.23022747556621492,0.2791086002897787,-0.8747381728612911
35.960000000001415,-4.135402871372806,5.324441214720631,4.0,1.7658370105651922,1.1564973903202067,0.0,0.22802679438973716,0.281973139572778,-0.8829185052825961
35.97000000000141,-4.117662988142135,5.335822356141532,4.0,1.7821279631862221,1.1197009398176807,0.0,0.22523859870126856,0.28397099444113044,-0.8910639815931111
35.98000000000141,-4.099760546627261,5.346834644134686,4.0,1.7983485604467573,1.0827276755567725,0.0,0.22247822218474442,0.28591299644017276,-0.8991742802233786
35.99000000000141,-4.08169625358592,5.357476339732161,4.0,1.814498161985392,1.0455834360445164,0.0,0.2202877550665037,0.28854924845403257,-0.907249080992696
36.00000000000141,-4.063470822165471,5.3677457624868605,4.0,1.83057613024351,1.0082740867869213,0.0,0.21749826967743618,0.2902551443322099,-0.915288065121755
36.010000000001405,-4.04508497187474,5.377641290737882,4.0,1.8465818304904547,0.9708055193627386,0.0,0.21470945835929928,0.2918648233453363,-0.9232909152452273
36.0200000000014,-4.026539428555614,5.387161361866605,4.0,1.8625146308485856,0.9331836504931138,0.0,0.21204936311363837,0.2935579185617488,-0.9312573154242928
36.0300000000014,-4.007834924354388,5.396304472543438,4.0,1.8783739023182267,0.8954144211072681,0.0,0.20939552244263096,0.2951548729157134,-0.9391869511591133
36.0400000000014,-3.988972197692861,5.405069178965212,4.0,1.8941590188024957,0.8575037954043564,0.0,0.20676708990291096,0.2966812780717819,-0.9470795094012479
36.0500000000014,-3.9699519932391842,5.413454097083182,4.0,1.9098693571320222,0.8194577599116508,0.0,0.2041248258283975,0.29806276132292825,-0.9549346785660111
36.060000000001395,-3.9507750618784603,5.421457902821574,4.0,1.925504297089549,0.7812823225391997,0.0,0.2014995778981618,0.29936019014550364,-0.9627521485447745
36.07000000000139,-3.9314421606830936,5.429079332286685,4.0,1.9410632214344274,0.7429835116310858,0.0,0.1988648282438592,0.30053520114882526,-0.9705316107172137
36.08000000000139,-3.9119540528829413,5.436317181966443,4.0,1.9565455159269467,0.704567375013569,0.0,0.19623654389016923,0.30160675874078163,-0.9782727579634733
36.09000000000139,-3.8923115078351183,5.443170308920483,4.0,1.9719505693526402,0.6660399790399334,0.0,0.19361199749335356,0.3025616838393506,-0.9859752846763201
36.10000000000139,-3.8725153009936717,5.449637630960616,4.0,1.9872777735463756,0.627407407632627,0.0,0.19099295688684503,0.3034034922650878,-0.9936388867731878
36.110000000001385,-3.85256621387895,5.45571812682172,4.0,2.002526523416376,0.5886757613225181,0.0,0.188382577274963,0.30413164080043925,-1.001263261708188
36.12000000000138,-3.8324650340467543,5.461410836323012,4.0,2.0176962169681065,0.5498511562855504,0.0,0.18578077535368295,0.30474740791842697,-1.0088481084840533
36.13000000000138,-3.8122125550572346,5.466714860519671,4.0,2.032786255328049,0.5109397233769064,0.0,0.1831903532435642,0.30525165947483224,-1.0163931276640246
36.14000000000138,-3.7918095764436055,5.471629361844786,4.0,2.047796042767311,0.47194760716296197,0.0,0.18061175740624028,0.3056462382169521,-1.0238980213836555
36.15000000000138,-3.7712569036805164,5.476153564241629,4.0,2.062724986725192,0.4328809649508564,0.0,0.1780473731775015,0.305932734129282,-1.031362493362596
36.160000000001375,-3.750555348152296,5.480286753286195,4.0,2.0775724978325485,0.3937459658162697,0.0,0.1754992280949584,0.3061129468549349,-1.0387862489162742
36.17000000000137,-3.729705727120911,5.484028276300021,4.0,2.092337989935064,0.35454878962923253,0.0,0.1729689551842647,0.30618923685076044,-1.046168994967532
36.18000000000137,-3.7087088636936976,5.487377542453251,4.0,2.1070208801163934,0.31529562607825296,0.0,0.17045825087965452,0.30616406310446836,-1.0535104400581967
36.19000000000137,-3.6875655867908725,5.4903340228579305,4.0,2.1216205887211737,0.2759926736928928,0.0,0.16797046013197936,0.306039044041118,-1.0608102943605868
36.20000000000137,-3.666276731112804,5.492897250651534,4.0,2.1361365393779077,0.236646138864948,0.0,0.16550733684256194,0.30581684423776717,-1.0680682696889539
36.210000000001365,-3.6448431371070633,5.495066821070679,4.0,2.1505681590217187,0.19726223486838737,0.0,0.16306959077302696,0.30550052841369413,-1.0752840795108594
36.22000000000136,-3.62326565093524,5.4968423915150435,4.0,2.164914877916974,0.1578471808782046,0.0,0.16066117399641644,0.30509159367768374,-1.082457438958487
36.23000000000136,-3.6015451244395424,5.498223681601473,4.0,2.1791761296797767,0.11840720098833862,0.0,0.1582815556783983,0.30459366132112226,-1.0895880648398883
36.24000000000136,-3.5796824151091657,5.499210473208249,4.0,2.1933513513003273,0.07894852322881675,0.0,0.1559341933978121,0.30400832112124077,-1.0966756756501637
36.25000000000136,-3.5576783860464256,5.499802610509541,4.0,2.207439983165156,0.03947737858225443,0.0,0.15360977567027034,0.3033431556399412,-1.103719991582578
36.260000000001355,-3.5355339059327378,5.5,4.0,2.221441469079183,-1.944585020620318e-18,0.0,0.15164297578832345,0.30244558567524504,-1.1107207345395915
36.27000000000135,-3.5132498489942474,5.499802610509541,4.0,2.2353552562877286,-0.03947737858225444,0.0,0.14918666050454946,0.3017137400918938,-1.1176776281438643
36.28000000000135,-3.490827094967366,5.49921047320825,4.0,2.249180795498297,-0.07894852322879445,0.0,0.14671558515975633,0.30092619359015466,-1.1245903977491485
36.29000000000135,-3.468266529064029,5.498223681601473,4.0,2.262917540902273,-0.11840720098831632,0.0,0.14497632456290077,0.2997548276951126,-1.1314587704511365
36.30000000000135,-3.445569041936748,5.496842391515044,4.0,2.2765649501964704,-0.1578471808781823,0.0,0.14249922108145152,0.29885359226139696,-1.1382824750982352
36.310000000001345,-3.4227355296434374,5.495066821070679,4.0,2.290122484604545,-0.19726223486838737,0.0,0.1400265819326809,0.29789313429277364,-1.1450612423022726
36.32000000000134,-3.3997668936120915,5.492897250651534,4.0,2.3035896088982373,-0.236646138864948,0.0,0.13843283799192557,0.2965103327284002,-1.1517948044491186
36.33000000000134,-3.376664040605119,5.4903340228579305,4.0,2.3169657914185477,-0.2759926736928928,0.0,0.13602188986834193,0.2954194124851971,-1.1584828957092739
36.34000000000134,-3.353427882683598,5.487377542453251,4.0,2.330250504096694,-0.31529562607825296,0.0,0.13433323820453597,0.2939863324863084,-1.165125252048347
36.35000000000134,-3.330059337171258,5.484028276300021,4.0,2.343443222474966,-0.35454878962923253,0.0,0.13238329509849153,0.292614760456895,-1.171721611237483
36.360000000001335,-3.306559326618261,5.480286753286195,4.0,2.3565434257274327,-0.3937459658162697,0.0,0.13014422314923138,0.2913097097227608,-1.1782717128637163
36.37000000000133,-3.2829287787647847,5.476153564241629,4.0,2.3695505966805004,-0.4328809649508564,0.0,0.12843988183365446,0.2897531249279301,-1.1847752983402502
36.38000000000133,-3.2591686265043984,5.471629361844786,4.0,2.3824642218333314,-0.4719476071629621,0.0,0.1267410307390204,0.28815335168983125,-1.1912321109166657
36.39000000000133,-3.235279807847227,5.466714860519671,4.0,2.3952837913781164,-0.5109397233769064,0.0,0.12486100201634841,0.2865777851031936,-1.1976418956890582
36.40000000000133,-3.211263265882929,5.461410836323015,4.0,2.408008799220201,-0.5498511562855284,0.0,0.12257096932704369,0.2851043103237559,-1.2040043996101004
36.410000000001325,-3.1871199487434576,5.455718126821724,4.0,2.4206387429980634,-0.5886757613224961,0.0,0.12115461961519133,0.28327565393349136,-1.2103193714990317
36.42000000000132,-3.162850809565633,5.44963763096062,4.0,2.4331731241031505,-0.6274074076326052,0.0,0.1196761307510516,0.2814315816758029,-1.2165865620515752
36.43000000000132,-3.1384568064535006,5.443170308920483,4.0,2.4456114476995636,-0.6660399790399334,0.0,0.11819152078135091,0.27955073757830756,-1.2228057238497818
36.44000000000132,-3.1139389024405624,5.436317181966443,4.0,2.4579532227435728,-0.704567375013569,0.0,0.11599065928882994,0.277866889833394,-1.2289766113717864
36.45000000000132,-3.0892980654516733,5.429079332286685,4.0,2.470197962003038,-0.7429835116310859,0.0,0.114732308189786,0.27583032789519396,-1.235098981001519
36.460000000001315,-3.064535268264885,5.421457902821579,4.0,2.4823451820766196,-0.7812823225391781,0.0,0.11350434955996565,0.27374852346661294,-1.2411725910383098
36.47000000000131,-3.0396514884730315,5.413454097083186,4.0,2.494394403412868,-0.8194577599116293,0.0,0.11224657151059554,0.2716391886261444,-1.247197201706434
36.48000000000131,-3.0146477084451293,5.405069178965217,4.0,2.506345150329158,-0.8575037954043347,0.0,0.11095006922303385,0.2695041179942595,-1.253172575164579
36.49000000000131,-2.9895249152875873,5.396304472543438,4.0,2.5181969510304696,-0.8954144211072681,0.0,0.10973361302176667,0.2673065263321819,-1.2590984755152348
36.50000000000131,-2.9642841008052914,5.387161361866605,4.0,2.529949337627992,-0.9331836504931138,0.0,0.10851348891624547,0.26507154186102916,-1.264974668813996
36.510000000001305,-2.9389262614623624,5.377641290737882,4.0,2.541601846157631,-0.9708055193627386,0.0,0.10738273937747589,0.2627719523672562,-1.2708009230788155
36.5200000000013,-2.913452398342878,5.3677457624868605,4.0,2.553154016598304,-1.0082740867869213,0.0,0.10627734495408521,0.26042652363895624,-1.276577008299152
36.5300000000013,-2.8878635171113376,5.357476339732161,4.0,2.5646053928901016,-1.0455834360445164,0.0,0.10524219453194829,0.25802286678307373,-1.2823026964450508
36.5400000000013,-2.8621606279729557,5.346834644134686,4.0,2.5759555229522952,-1.0827276755567725,0.0,0.10425251842801546,0.25556827332164483,-1.2879777614761476
36.5500000000013,-2.8363447456337854,5.335822356141532,4.0,2.5872039587011852,-1.1197009398176807,0.0,0.103320885403619,0.2530595728163491,-1.2936019793505926
36.560000000001295,-2.810416889260657,5.324441214720631,4.0,2.598350256067789,-1.1564973903202067,0.0,0.10244283167714854,0.25049815243543344,-1.2991751280338946
36.57000000000129,-2.784378082440946,5.312693017086148,4.0,2.6093939750153705,-1.193111216478258,0.0,0.10162009929403401,0.24788370939998083,-1.3046969875076853
36.58000000000129,-2.7582293531421587,5.300579618414679,4.0,2.620334679556817,-1.2295366365442435,0.0,0.10085201749977599,0.24521654442410595,-1.3101673397784086
36.59000000000129,-2.731971733671355,5.288102931552299,4.0,2.6311719377718465,-1.265767898522078,0.0,0.10013930263898889,0.2424951592822651,-1.3155859688859233
36.60000000000129,-2.70560626063439,5.275264926712495,4.0,2.6419053218240607,-1.3017992810754886,0.0,0.0994819626646173,0.23971889696435322,-1.3209526609120303
36.610000000001286,-2.679133974894981,5.262067631165047,4.0,2.652534407977842,-1.3376250944315018,0.0,0.09888210243215269,0.23689413413871746,-1.326267203988921
36.62000000000128,-2.65255592153367,5.248513128915928,4.0,2.663058776615056,-1.3732396812788419,0.0,0.09830568287847735,0.23392674561731175,-1.331529388307528
36.63000000000128,-2.6258731498064796,5.23460356037816,4.0,2.6734780122516564,-1.4086374176614085,0.0,0.09791646471920544,0.23125385234509688,-1.3367390061258282
36.64000000000128,-2.59908671310355,5.220341122033863,4.0,2.683791703554061,-1.4438127138662837,0.0,0.0973298211930816,0.22785242917870857,-1.3418958517770305
36.65000000000128,-2.5721976689075365,5.205728066087386,4.0,2.6939994433553967,-1.4787600153064313,0.0,0.09712867573208062,0.22523165685681706,-1.3469997216776983
36.660000000001276,-2.545207078751863,5.190766700109663,4.0,2.7041008286715744,-1.513473803397832,0.0,0.09675869809077542,0.22204027894041267,-1.3520504143357872
36.670000000001274,-2.5181160081788123,5.175459386673818,4.0,2.7140954607171985,-1.5479485964309316,0.0,0.09635330896351374,0.21844724164140458,-1.3570477303585993
36.68000000000127,-2.490925526697448,5.159808542982085,4.0,2.723982944921315,-1.5821789504362844,0.0,0.09649676608625864,0.2160751199574229,-1.3619914724606574
36.69000000000127,-2.4636367077414536,5.143816640484128,4.0,2.733762890942966,-1.616159460044144,0.0,0.09617113857271073,0.21234574855607524,-1.366881445471483
36.70000000000127,-2.436250628626659,5.127486204486728,4.0,2.7434349126866344,-1.6498847593381474,0.0,0.09597698990260412,0.2086623983002623,-1.3717174563433172
36.710000000001266,-2.4087683705085756,5.110819813755037,4.0,2.7529986283174637,-1.6833495227025808,0.0,0.096398878159769,0.20637538271979605,-1.3764993141587318
36.720000000001264,-2.3811910183396963,5.093820100105355,4.0,2.7624536602763348,-1.7165484656633727,0.0,0.0961106863087188,0.20220943684978057,-1.3812268301381674
36.73000000000126,-2.3535196608266657,5.076489747989534,4.0,2.771799635294777,-1.7494763457225753,0.0,0.09610467015365982,0.19841831175360158,-1.3858998176473885
36.74000000000126,-2.3257553903872963,5.058831494071072,4.0,2.7810361844096985,-1.782127963186215,0.0,0.09662586234800861,0.19572130661192935,-1.3905180922048492
36.75000000000126,-2.2978993031074455,5.040848126792964,4.0,2.790162942977957,-1.814498161985385,0.0,0.09676630888734367,0.1919249326138856,-1.3950814714889785
36.760000000001256,-2.269952498697742,5.0225424859373735,4.0,2.79917955069075,-1.8465818304904476,0.0,0.09675767898035786,0.18761553936034267,-1.399589775345375
36.770000000001254,-2.2419160804501708,5.003917462177197,4.0,2.8080856515878456,-1.87837390231822,0.0,0.09745846620098432,0.18469138835510965,-1.4040428257939228
36.78000000000125,-2.213791155194519,4.984975996619596,4.0,2.816880894071629,-1.9098693571320153,0.0,0.09797436461906131,0.1812174171414406,-1.4084404470358145
36.79000000000125,-2.1855788332546617,4.965721080341545,4.0,2.825564930920992,-1.9410632214344294,0.0,0.09795657881493193,0.17649097832686747,-1.412782465460496
36.80000000000125,-2.157280228404794,4.946155753917558,4.0,2.8341374193050193,-1.9719505693526422,0.0,0.09869856067181682,0.1730913568108673,-1.4170687096525096
36.810000000001246,-2.128896457825364,4.926283106939474,4.0,2.842598020796553,-2.0025265234163783,0.0,0.09959000479339748,0.169853586133258,-1.4212990103982766
36.820000000001244,-2.100428642059034,4.906106277528622,4.0,2.8509464013855332,-2.032786255328043,0.0,0.09974243676540456,0.16510934974427616,-1.4254732006927666
36.83000000000124,-2.071877904966425,4.885628451840263,4.0,2.859182231492189,-2.062724986725186,0.0,0.10067631518749615,0.1616077301313666,-1.4295911157460945
36.84000000000124,-2.0432453736817515,4.8648528635604595,4.0,2.867305185980049,-2.0923379899350576,0.0,0.10173731245044056,0.15823428550746932,-1.4336525929900246
36.85000000000124,-2.014532178568321,4.843782793395441,4.0,2.87531494416878,-2.1216205887211674,0.0,0.1021855732153276,0.15372013459637915,-1.43765747208439
36.860000000001236,-1.9857394531738968,4.822421568553524,4.0,2.8832111898468473,-2.1505681590217285,0.0,0.1031838898947995,0.14992119763496756,-1.4416055949234237
36.870000000001234,-1.9568683341860074,4.8007725622197635,4.0,2.8909936112839834,-2.1791761296797865,0.0,0.10445977883576615,0.1464556257250122,-1.4454968056419917
36.88000000000123,-1.92791996138698,4.778839193023211,4.0,2.89866190124352,-2.207439983165157,0.0,0.10513327612491508,0.1420493394904711,-1.44933095062176
36.89000000000123,-1.8988954776090043,4.756624924497122,4.0,2.906215756994499,-2.2353552562877304,0.0,0.10620866478833875,0.13811599137493635,-1.4531078784972495
36.90000000000123,-1.8697960286890027,4.734133264532013,4.0,2.913654880323631,-2.2629175409022753,0.0,0.10755657771374355,0.13449198998064105,-1.4568274401618155
36.910000000001226,-1.8406227634233923,4.711367764821723,4.0,2.920978977547064,-2.290122484604539,0.0,0.10862611656348306,0.13039444629717167,-1.460489488773532
36.920000000001224,-1.811376833522733,4.688332020302564,4.0,2.9281877595219803,-2.3169657914185424,0.0,0.10984145294630647,0.12635456356120717,-1.4640938797609901
36.93000000000122,-1.7820593935662599,4.665029668585634,4.0,2.9352809416580117,-2.3434432224749604,0.0,0.11121667799203015,0.12244845012619304,-1.4676404708290058
36.94000000000122,-1.7526716009563033,4.6414643893823975,4.0,2.942258243928472,-2.3695505966804946,0.0,0.11250784277624125,0.1183883292185919,-1.471129121964236
36.95000000000122,-1.7232146158725952,4.617639903923619,4.0,2.9491193908814153,-2.395283791378111,0.0,0.11386335413050945,0.1143336542561035,-1.4745596954407076
36.960000000001216,-1.6936896012264688,4.593559974371734,4.0,2.9558641116505076,-2.420638742998058,0.0,0.11528069728427606,0.11029075910965831,-1.4779320558252538
36.970000000001214,-1.66409772261493,4.569228403226749,4.0,2.962492139965726,-2.4456114476995654,0.0,0.11671645799459976,0.10621122556900824,-1.481246069982863
36.98000000000121,-1.6344401482747113,4.544649032725834,4.0,2.9690032141638536,-2.4701979620030396,0.0,0.11821132833896492,0.10212476285587976,-1.4845016070819268
36.99000000000121,-1.604718049036048,4.519825744236514,4.0,2.9753970771988336,-2.49439440341287,0.0,0.11974770386377576,0.09803079891852447,-1.4876985385994168
37.00000000000121,-1.5749325982765263,4.494762457643799,4.0,2.9816734766519017,-2.5181969510304647,0.0,0.1213141034515386,0.09392403494895714,-1.4908367383259509
37.010000000001206,-1.5450849718747415,4.469463130731187,4.0,2.987832164741555,-2.541601846157626,0.0,0.12291884485446927,0.08980866949173331,-1.4939160823707776
37.020000000001204,-1.515176348163876,4.443931758555674,4.0,2.993872898333332,-2.5646053928900967,-0.0,0.12456815608540348,0.08568518458606993,-1.496936449166666
37.0300000000012,-1.4852079078851825,4.4181723728168985,4.0,2.9997954389494144,-2.5872039587011804,-0.0,0.12624997436901544,0.08155455486746971,-1.4998977194747072
37.0400000000012,-1.4551808341413521,4.392189041220464,4.0,3.0055995527780426,-2.6093939750153785,-0.0,0.12796367924865035,0.07741931571793682,-1.5027997763890213
37.0500000000012,-1.4250963123498757,4.365985866835668,4.0,3.0112850106827347,-2.631171937771854,-0.0,0.12971099553168708,0.07327942646621005,-1.5056425053413673
37.060000000001196,-1.394955530196143,4.339566987447489,4.0,3.016851588211351,-2.6525344079778432,-0.0,0.13149926614740345,0.06913661360424327,-1.5084257941056756
37.070000000001194,-1.3647596775866246,4.3129365749032385,4.0,3.0222990656049418,-2.6734780122516577,-0.0,0.13331728157438977,0.06499307975361819,-1.5111495328024709
37.08000000000119,-1.3345099466018784,4.2860988344537665,4.0,3.027627227806428,-2.693999443355398,-0.0,0.1351660295174184,0.06085084341865164,-1.513813613903214
37.09000000000119,-1.304207531449487,4.259058004089404,4.0,3.032835864469088,-2.7140954607172,-0.0,0.13704876066139252,0.0567104153403221,-1.516417932234544
37.10000000000119,-1.2738536284169149,4.231818353870732,4.0,3.0379247699648655,-2.733762890942962,-0.0,0.1389584091209668,0.052574410620698876,-1.5189623849824327
37.110000000001186,-1.24344943582428,4.204384185254294,4.0,3.0428937433924856,-2.7529986283174592,-0.0,0.14089737984701284,0.04844496513078265,-1.5214468716962428
37.120000000001184,-1.2129961539770453,4.176759830413339,4.0,3.047742588585385,-2.771799635294773,-0.0,0.14286982264097942,0.044322979824603564,-1.5238712942926924
37.13000000000118,-1.1824949851186335,4.148949651553728,4.0,3.052471114119458,-2.7901629429779526,-0.0,0.14486657961333155,0.040210979060765734,-1.526235557059729
37.14000000000118,-1.1519471333829647,4.120958040225092,4.0,3.0570791333206135,-2.8080856515878416,-0.0,0.1468901469858151,0.036110844231229164,-1.5285395666603068
37.15000000000118,-1.1213538047469025,4.092789416627329,4.0,3.061566464272146,-2.8255649309209927,-0.0,0.14894394683718507,0.03202345132677051,-1.530783232136073
37.160000000001176,-1.0907162069827112,4.06444822891268,4.0,3.065932929821908,-2.842598020796554,-0.0,0.1510186630847977,0.027950990467761096,-1.532966464910954
37.170000000001174,-1.0600355496102736,4.03593895248321,4.0,3.070178357589319,-2.85918223149219,-0.0,0.15311720103594614,0.023894631252015196,-1.5350891787946594
37.18000000000117,-1.029313043849409,4.007266089284158,4.0,3.074302579972159,-2.8753149441687813,-0.0,0.1552415312215879,0.019855099462165803,-1.5371512899860795
37.19000000000117,-0.998549902572039,3.9784341670930097,4.0,3.0783054341531915,-2.8909936112839802,-0.0,0.1573834727742656,0.015833928398108207,-1.5391527170765957
37.20000000000117,-0.9677473402543073,3.9494477388045084,4.0,3.0821867621065864,-2.906215756994496,-0.0,0.15954592632451028,0.011831656801467222,-1.5410933810532932
37.210000000001166,-0.936906572928631,3.9203113817117026,4.0,3.0859464106041625,-2.920978977547061,-0.0,0.16173014732227228,0.007849345821735073,-1.5429732053020813
37.220000000001164,-0.9060288181356966,3.891029696783136,4.0,3.0895842312214348,-2.935280941658008,-0.0,0.16392940008727191,0.003887821051649099,-1.5447921156107174
37.23000000000116,-0.8751152948763745,3.8616073079362874,4.0,3.0931000803434756,-2.9491193908814197,-0.0,0.16614795502857613,-5.252065940381324e-05,-1.5465500401717378
37.24000000000116,-0.8441672235636655,3.832048861307463,4.0,3.0964938191705786,-2.9624921399657267,-0.0,0.16837798145177463,-0.003969591476515912,-1.5482469095852893
37.25000000000116,-0.8131858259744162,3.8023590245180223,4.0,3.099765313723747,-2.975397077198835,-0.0,0.17062048832328688,-0.007865246389164186,-1.5498826568618735
37.260000000001156,-0.7821723252011545,3.7725424859373686,4.0,3.1029144348499784,-2.9878321647415556,-0.0,0.17287932961824465,-0.011736138388274963,-1.5514572174249892
37.270000000001154,-0.7511279456037872,3.7426039539425893,4.0,3.1059410582273617,-2.9997954389494152,-0.0,0.1751447167436912,-0.015585179975366209,-1.5529705291136808
37.28000000000115,-0.7200539127612648,3.712548156174944,4.0,3.1088450643699894,-3.011285010682732,-0.0,0.17741795493703152,-0.019404816349879127,-1.5544225321849947
37.29000000000115,-0.6889514534231962,3.682379838793319,4.0,3.111626338632672,-3.0222990656049395,-0.0,0.17970308658371653,-0.023235725555844702,-1.555813169316336
37.30000000000115,-0.6578217954614205,3.6521037657247497,4.0,3.114284771215462,-3.0328358644690856,-0.0,0.18199532213813047,-0.02659557636167011,-1.557142385607731
37.310000000001146,-0.6266661678215311,3.6217247179121466,4.0,3.1168202571679946,-3.0428937433924834,-0.0,0.1842935626168854,-0.03070052841601871,-1.5584101285839973
37.320000000001144,-0.5954858004743604,3.591247492559323,4.0,3.119232696393625,-3.0524711141194563,-0.0,0.18659152579020505,-0.03485507907369625,-1.5596163481968126
37.33000000000114,-0.5642819243674047,3.5606769023734492,4.0,3.1215219936533853,-3.0615664642721465,-0.0,0.1889005886953046,-0.03807649013669484,-1.5607609968266927
37.34000000000114,-0.5330557713762976,3.5300177748051347,4.0,3.1236880585697366,-3.0701783575893193,-0.0,0.1912011501633068,-0.042194597641616385,-1.5618440292848683
37.35000000000114,-0.5018085742560743,3.4992749512860177,4.0,3.125730805630146,-3.078305434153192,-0.0,0.19349964250849203,-0.046446975099714724,-1.562865402815073
37.360000000001136,-0.4705415665925736,3.4684532864643134,4.0,3.1276501541904578,-3.085946410604163,-0.0,0.19580376220870535,-0.04968948926365022,-1.5638250770952289
37.370000000001134,-0.4392559827537197,3.4375576474381937,4.0,3.129446028478077,-3.0931000803434743,-0.0,0.19810630104417104,-0.05307864476791447,-1.5647230142390385
37.38000000000113,-0.4079530578407935,3.4065929129872146,4.0,3.1311183575949615,-3.0997653137237458,-0.0,0.20040018400796078,-0.0576145994240156,-1.5655591787974807
37.39000000000113,-0.37663402763967135,3.3755639728019005,4.0,3.1326670755204216,-3.1059410582273603,-0.0,0.20268830439487287,-0.061016007772419806,-1.5663335377602108
37.40000000000113,-0.34530012857203873,3.3444757267116048,4.0,3.1340921211137256,-3.1116263386326706,-0.0,0.20495865433004157,-0.06452981053036823,-1.5670460605568628
37.410000000001126,-0.3139525976465607,3.3133330839107544,4.0,3.135393438116514,-3.1168202571679964,-0.0,0.207229687898241,-0.06895843760068628,-1.567696719058257
37.420000000001124,-0.28259267241011843,3.2821409621837,4.0,3.136570975155018,-3.121521993653386,-0.0,0.20947770165488178,-0.0724558976268112,-1.568285487577509
37.43000000000112,-0.25122159089884555,3.250904287128035,4.0,3.1376246857420926,-3.1257308056301465,-0.0,0.21172098409417794,-0.0759264610340242,-1.5688123428710463
37.44000000000112,-0.21984059158932423,3.219627991376858,4.0,3.138554528279048,-3.129446028478077,-0.0,0.21394962693798728,-0.07955481455429798,-1.569277264139524
37.45000000000112,-0.18845091334967456,3.1883170138198333,4.0,3.1393604660572936,-3.132667075520422,-0.0,0.21615809823289733,-0.08329016794667699,-1.5696802330286468
37.460000000001116,-0.15705379539064523,3.1569762988232872,4.0,3.1400424672597853,-3.135393438116513,-0.0,0.21835483008104925,-0.0869362659029022,-1.5700212336298927
37.470000000001114,-0.1256504772166931,3.1256107954494294,4.0,3.140600504962283,-3.137624685742092,-0.0,0.22053335647663236,-0.09066828626772065,-1.5703002524811416
37.48000000000111,-0.09424219857704852,3.094225456674844,4.0,3.141034557134415,-3.139360466057293,-0.0,0.22268225149262105,-0.09431731780952389,-1.5705172785672075
37.49000000000111,-0.06283019941677259,3.062825238608353,4.0,3.1413446066405433,-3.140600504962283,-0.0,0.22481608625233304,-0.09799620192879523,-1.5706723033202716
37.50000000000111,-0.03141571982780622,3.031415099708393,4.0,3.141530641240445,-3.1413446066405433,-0.0,0.22692592196399836,-0.10163678093601274,-1.5707653206202226
37.51000000000111,4.440892098500626e-15,2.9999999999999956,4.0,3.141592653589793,-3.141592653589793,-0.0,0.2290045744738255,-0.1052650914124492,-1.5707963267948966
37.520000000001104,0.031415719827796895,2.9685849002916163,4.0,3.141530641240445,-3.1413446066405433,-0.0,0.23106280450766992,-0.10886890610488424,-1.5707653206202226
37.5300000000011,0.06283019941676349,2.937174761391656,4.0,3.1413446066405433,-3.140600504962283,-0.0,0.23309711162716776,-0.11244631937946993,-1.5706723033202716
37.5400000000011,0.0942421985770392,2.9057745433251654,4.0,3.141034557134415,-3.139360466057294,-0.0,0.23509314481002913,-0.1159951977523419,-1.5705172785672075
37.5500000000011,0.12565047721668376,2.8743892045505794,4.0,3.1406005049622836,-3.1376246857420926,-0.0,0.23706764687967036,-0.11951583496276563,-1.5703002524811418
37.5600000000011,0.1570537953906359,2.843023701176722,4.0,3.1400424672597853,-3.135393438116514,-0.0,0.23901755505079508,-0.12300162347591942,-1.5700212336298927
37.570000000001095,0.18845091334966524,2.8116829861801755,4.0,3.139360466057294,-3.132667075520423,-0.0,0.24092238322741039,-0.1264548286598843,-1.569680233028647
37.58000000000109,0.2198405915893149,2.7803720086231514,4.0,3.1385545282790486,-3.1294460284780783,-0.0,0.2428044948369,-0.12987541180655454,-1.5692772641395243
37.59000000000109,0.25122159089885443,2.7490957128719566,4.0,3.1376246857420926,-3.1257308056301456,-0.0,0.24466336387566792,-0.13325756808106423,-1.5688123428710463
37.60000000000109,0.28259267241012687,2.7178590378162912,4.0,3.1365709751550175,-3.1215219936533845,-0.0,0.2464616112789295,-0.13660450623041623,-1.5682854875775087
37.61000000000109,0.31395259764656913,2.686666916089237,4.0,3.1353934381165134,-3.116820257167995,-0.0,0.24824985827592777,-0.13991752670904756,-1.5676967190582567
37.620000000001085,0.3453001285720294,2.655524273288404,4.0,3.134092121113726,-3.111626338632672,-0.0,0.2500031924653302,-0.1431896870237797,-1.567046060556863
37.63000000000108,0.37663402763966225,2.624436027198109,4.0,3.132667075520422,-3.105941058227362,-0.0,0.25168599385305973,-0.14642561988588162,-1.566333537760211
37.64000000000108,0.4079530578407846,2.5934070870127943,4.0,3.131118357594962,-3.0997653137237475,-0.0,0.2533803663167914,-0.14962848723003813,-1.565559178797481
37.65000000000108,0.4392559827537106,2.562442352561815,4.0,3.129446028478077,-3.0931000803434765,-0.0,0.255005308291989,-0.15278864691396207,-1.5647230142390385
37.66000000000108,0.4705415665925643,2.5315467135356955,4.0,3.127650154190458,-3.085946410604165,-0.0,0.25658708878687964,-0.15591379117392984,-1.563825077095229
37.670000000001075,0.5018085742560654,2.5007250487139916,4.0,3.125730805630147,-3.078305434153194,-0.0,0.25815599267711026,-0.15900590476795698,-1.5628654028150735
37.68000000000107,0.5330557713762882,2.469982225194874,4.0,3.123688058569737,-3.0701783575893216,-0.0,0.2596843548799657,-0.16205667758946987,-1.5618440292848685
37.69000000000107,0.5642819243674131,2.4393230976265423,4.0,3.121521993653385,-3.0615664642721443,-0.0,0.2605977654003961,-0.1650459835864799,-1.5607609968266924
37.70000000000107,0.5954858004743513,2.4087525074406857,4.0,3.119232696393626,-3.0524711141194585,-0.0,0.26231557097755964,-0.16804352262775682,-1.559616348196813
37.71000000000107,0.6266661678215222,2.3782752820878623,4.0,3.116820257167995,-3.042893743392486,-0.0,0.2640522890818501,-0.17100751325216704,-1.5584101285839975
37.720000000001065,0.6578217954614112,2.347896234275259,4.0,3.1142847712154627,-3.0328358644690887,-0.0,0.2647648556412536,-0.17388247480468355,-1.5571423856077313
37.73000000000106,0.6889514534231873,2.31762016120669,4.0,3.1116263386326724,-3.0222990656049427,-0.0,0.2665153869623147,-0.17678247896355712,-1.5558131693163362
37.74000000000106,0.720053912761256,2.287451843825065,4.0,3.1088450643699908,-3.0112850106827356,-0.0,0.2682104117052143,-0.17964846583951524,-1.5544225321849954
37.75000000000106,0.7511279456037783,2.2573960460574196,4.0,3.1059410582273626,-2.9997954389494184,-0.0,0.2687550162641596,-0.18240827841227192,-1.5529705291136813
37.76000000000106,0.7821723252011452,2.2274575140626403,4.0,3.102914434849979,-2.987832164741559,-0.0,0.27049208999746327,-0.18521189831924686,-1.5514572174249894
37.770000000001055,0.8131858259744069,2.1976409754819866,4.0,3.099765313723748,-2.9753970771988385,-0.0,0.27127441545990283,-0.18791818653133116,-1.549882656861874
37.78000000000105,0.8441672235636739,2.167951138692529,4.0,3.0964938191705773,-2.962492139965723,-0.0,0.27289719231495846,-0.1906459699859866,-1.5482469095852887
37.79000000000105,0.875115294876383,2.1383926920637046,4.0,3.093100080343475,-2.949119390881416,-0.0,0.27359372176558455,-0.19327734341688624,-1.5465500401717376
37.80000000000105,0.9060288181356877,2.1089703032168723,4.0,3.0895842312214357,-2.9352809416580126,-0.0,0.2751740423748565,-0.195939046622228,-1.5447921156107178
37.81000000000105,0.9369065729286219,2.079688618288306,4.0,3.085946410604164,-2.920978977547065,-0.0,0.27576142812989085,-0.1984861131195737,-1.542973205302082
37.820000000001045,0.9677473402542986,2.0505522611955,4.0,3.0821867621065877,-2.9062157569945004,-0.0,0.2772968000329353,-0.20107254218431245,-1.5410933810532939
37.83000000000104,0.9985499025720301,2.0215658329069983,4.0,3.0783054341531924,-2.8909936112839847,-0.0,0.2777596294692712,-0.20353855492083459,-1.5391527170765962
37.84000000000104,1.0293130438493998,1.9927339107158497,4.0,3.0743025799721604,-2.8753149441687857,-0.0,0.2792397368223244,-0.20605404533788346,-1.5371512899860802
37.85000000000104,1.0600355496102645,1.9640610475167977,4.0,3.07017835758932,-2.859182231492195,-0.0,0.27961109059799966,-0.20843127256983027,-1.53508917879466
37.86000000000104,1.090716206982702,1.9355517710873282,4.0,3.0659329298219093,-2.842598020796559,-0.0,0.2809258272924485,-0.21085659746858368,-1.5329664649109547
37.870000000001035,1.121353804746911,1.9072105833726631,4.0,3.0615664642721447,-2.8255649309209883,-0.0,0.28123877205885994,-0.21315381166924238,-1.5307832321360724
37.88000000000103,1.151947133382956,1.8790419597749166,4.0,3.057079133320615,-2.808085651587847,-0.0,0.2818247752495521,-0.21543688474040487,-1.5285395666603074
37.89000000000103,1.1824949851186246,1.8510503484462795,4.0,3.0524711141194594,-2.7901629429779584,-0.0,0.2823091378782555,-0.21766648724434962,-1.5262355570597297
37.90000000000103,1.212996153977036,1.8232401695866693,4.0,3.047742588585386,-2.7717996352947787,-0.0,0.28364141453067643,-0.21994832835843062,-1.523871294292693
37.91000000000103,1.243449435824271,1.7956158147457144,4.0,3.042893743392487,-2.752998628317465,-0.0,0.28378617017051544,-0.22206540778900638,-1.5214468716962435
37.920000000001025,1.273853628416906,1.7681816461292752,4.0,3.0379247699648673,-2.7337628909429674,-0.0,0.2840351755886991,-0.22414807909272935,-1.5189623849824336
37.93000000000102,1.304207531449478,1.7409419959106038,4.0,3.032835864469089,-2.7140954607172056,-0.0,0.2851077139465737,-0.22628098868634022,-1.5164179322345446
37.94000000000102,1.3345099466018695,1.7139011655462415,4.0,3.027627227806429,-2.6939994433554038,-0.0,0.2851469087164698,-0.2282559105294324,-1.5138136139032146
37.95000000000102,1.3647596775866155,1.68706342509677,4.0,3.0222990656049435,-2.673478012251664,-0.0,0.2851401397920464,-0.23017763025335622,-1.5111495328024718
37.96000000000102,1.3949555301961514,1.6604330125525042,4.0,3.0168515882113494,-2.652534407977837,-0.0,0.2861154511214093,-0.232176564216894,-1.5084257941056747
37.970000000001015,1.4250963123498837,1.6340141331643248,4.0,3.0112850106827334,-2.6311719377718483,-0.0,0.2859329794839824,-0.2339854304198604,-1.5056425053413667
37.98000000000101,1.4551808341413603,1.607810958779529,4.0,3.0055995527780413,-2.6093939750153723,-0.0,0.2857298295979594,-0.2357324686636237,-1.5027997763890206
37.99000000000101,1.4852079078851737,1.5818276271831093,4.0,2.9997954389494157,-2.587203958701187,-0.0,0.2857849883025945,-0.23750232719079312,-1.4998977194747078
38.00000000000101,1.515176348163867,1.5560682414443332,4.0,2.9938728983333336,-2.5646053928901034,-0.0,0.2853920200275143,-0.23892404104629106,-1.4969364491666668
38.01000000000101,1.5450849718747328,1.530536869268821,4.0,2.987832164741557,-2.541601846157633,-0.0,0.28556899067797525,-0.24091474354384312,-1.4939160823707784
38.020000000001005,1.5749325982765177,1.505237542356208,4.0,2.981673476651904,-2.518196951030472,-0.0,0.28617307393453484,-0.24234868123624456,-1.490836738325952
38.030000000001,1.6047180490360393,1.4801742557634932,4.0,2.9753970771988354,-2.494394403412877,-0.0,0.2857291356502018,-0.24374006714901417,-1.4876985385994177
38.040000000001,1.6344401482747193,1.4553509672741582,4.0,2.969003214163852,-2.470197962003033,-0.0,0.285588283956509,-0.2457245231266359,-1.484501607081926
38.050000000001,1.664097722614938,1.4307715967732446,4.0,2.962492139965724,-2.4456114476995587,-0.0,0.28598507023176223,-0.2468812924118064,-1.481246069982862
38.060000000001,1.6936896012264602,1.4064400256282732,4.0,2.9558641116505093,-2.4206387429980656,-0.0,0.2854629276170333,-0.24836550410901073,-1.4779320558252547
38.070000000000995,1.7232146158725867,1.382360096076388,4.0,2.949119390881417,-2.395283791378118,-0.0,0.28458318972891344,-0.24970368278731364,-1.4745596954407085
38.08000000000099,1.7526716009562948,1.3585356106176092,4.0,2.942258243928474,-2.369550596680502,-0.0,0.28510044711404037,-0.251138207520834,-1.471129121964237
38.09000000000099,1.782059393566251,1.3349703314143728,4.0,2.9352809416580135,-2.343443222474968,-0.0,0.2848646644630586,-0.2529522066298853,-1.4676404708290067
38.10000000000099,1.8113768335227243,1.3116679796974422,4.0,2.9281877595219825,-2.31696579141855,-0.0,0.28263429579759486,-0.2527707147801813,-1.4640938797609913
38.11000000000099,1.8406227634233838,1.2886322351782833,4.0,2.9209789775470663,-2.290122484604547,-0.0,0.2828691570776358,-0.2550429070342458,-1.4604894887735331
38.120000000000985,1.8697960286889943,1.2658667354679938,4.0,2.9136548803236333,-2.262917540902283,-0.0,0.2824888176912619,-0.25673231654281936,-1.4568274401618166
38.13000000000098,1.898895477608996,1.2433750755028845,4.0,2.9062157569945013,-2.2353552562877383,-0.0,0.2815906844214627,-0.25636685318707625,-1.4531078784972506
38.14000000000098,1.927919961386988,1.2211608069767828,4.0,2.8986619012435177,-2.2074399831651497,-0.0,0.2811161735419428,-0.2581118993906166,-1.4493309506217589
38.15000000000098,1.956868334186015,1.1992274377802303,4.0,2.890993611283981,-2.179176129679779,-0.0,0.28112498317173035,-0.2604133685041227,-1.4454968056419906
38.16000000000098,1.9857394531739043,1.1775784314464701,4.0,2.883211189846845,-2.1505681590217205,-0.0,0.2799532917923298,-0.25995388216871407,-1.4416055949234226
38.170000000000975,2.014532178568313,1.1562172066045655,4.0,2.8753149441687826,-2.1216205887211763,-0.0,0.27934282242047404,-0.2616476869194026,-1.4376574720843913
38.18000000000097,2.043245373681743,1.1351471364395462,4.0,2.8673051859800514,-2.0923379899350665,-0.0,0.2792105001473494,-0.2639958830061583,-1.4336525929900257
38.19000000000097,2.071877904966417,1.1143715481597434,4.0,2.859182231492191,-2.062724986725194,-0.0,0.27778347713386015,-0.26359168908051184,-1.4295911157460954
38.20000000000097,2.1004286420590255,1.0938937224713845,4.0,2.8509464013855355,-2.032786255328052,-0.0,0.27699240309360634,-0.2652681709687062,-1.4254732006927677
38.21000000000097,2.1288964578253555,1.073716893060532,4.0,2.8425980207965553,-2.002526523416387,-0.0,0.2766952530573663,-0.2676231660363787,-1.4212990103982777
38.220000000000965,2.157280228404802,1.0538442460824367,4.0,2.834137419305017,-1.9719505693526338,-0.0,0.2743372780349909,-0.2673183098893033,-1.4170687096525085
38.23000000000096,2.18557883325467,1.0342789196584494,4.0,2.8255649309209896,-1.9410632214344208,-0.0,0.2729037588130375,-0.26830444742636333,-1.4127824654604948
38.24000000000096,2.21379115519451,1.0150240033804092,4.0,2.8168808940716312,-1.9098693571320247,-0.0,0.27298243200076233,-0.27110584816306715,-1.4084404470358156
38.25000000000096,2.2419160804501628,0.9960825378228075,4.0,2.8080856515878483,-1.878373902318229,-0.0,0.27197266677777265,-0.2713214485695743,-1.4040428257939241
38.26000000000096,2.2699524986977337,0.9774575140626318,4.0,2.799179550690753,-1.846581830490457,-0.0,0.27038674757571673,-0.27205273922300555,-1.3995897753453765
38.270000000000955,2.297899303107437,0.9591518732070412,4.0,2.7901629429779593,-1.8144981619853944,-0.0,0.2698800725667031,-0.27441598961714425,-1.3950814714889797
38.28000000000095,2.325755390387288,0.9411685059289336,4.0,2.7810361844097016,-1.7821279631862246,-0.0,0.2675990123284616,-0.2747499148401463,-1.3905180922048508
38.29000000000095,2.3535196608266578,0.9235102520104714,4.0,2.7717996352947796,-1.749476345722585,-0.0,0.2672272432929257,-0.275685662393621,-1.3858998176473898
38.30000000000095,2.3811910183396883,0.9061798998946502,4.0,2.7624536602763374,-1.7165484656633825,-0.0,0.26661886290392256,-0.2779737693423392,-1.3812268301381687
38.31000000000095,2.408768370508568,0.8891801862449675,4.0,2.7529986283174663,-1.6833495227025905,-0.0,0.26421736209217656,-0.2782548631474767,-1.3764993141587332
38.320000000000945,2.4362506286266665,0.8725137955132674,4.0,2.743434912686632,-1.6498847593381385,-0.0,0.2624171630409364,-0.2787651257050724,-1.371717456343316
38.33000000000094,2.463636707741461,0.8561833595158674,4.0,2.7337628909429634,-1.6161594600441347,-0.0,0.2617323574304885,-0.28100903680447775,-1.3668814454714817
38.34000000000094,2.490925526697456,0.8401914570179105,4.0,2.723982944921312,-1.582178950436275,-0.0,0.2594044583267178,-0.2812692857833443,-1.361991472460656
38.35000000000094,2.5181160081788043,0.8245406133261857,4.0,2.714095460717201,-1.5479485964309416,-0.0,0.2588500935241043,-0.28211362717326544,-1.3570477303586006
38.36000000000094,2.5452070787518544,0.8092332998903418,4.0,2.7041008286715775,-1.5134738033978423,-0.0,0.25799733483414417,-0.2842763796041048,-1.3520504143357888
38.370000000000935,2.5721976689075285,0.7942719339126185,4.0,2.6939994433553993,-1.4787600153064415,-0.0,0.25541778817301497,-0.28440079723434847,-1.3469997216776997
38.38000000000093,2.5990867131035422,0.7796588779661411,4.0,2.683791703554064,-1.443812713866294,-0.0,0.25353667053293744,-0.2847936063390198,-1.341895851777032
38.39000000000093,2.6258731498064716,0.7653964396218442,4.0,2.6734780122516595,-1.408637417661419,-0.0,0.25257478960027036,-0.2868611566478707,-1.3367390061258297
38.40000000000093,2.6525559215336774,0.7514868710840688,4.0,2.663058776615053,-1.3732396812788321,-0.0,0.25004086238748513,-0.2869765342636339,-1.3315293883075265
38.41000000000093,2.679133974894988,0.7379323688349486,4.0,2.652534407977839,-1.337625094431492,-0.0,0.24926453817988434,-0.2877715510122088,-1.3262672039889194
38.420000000000925,2.705606260634382,0.7247350732875093,4.0,2.641905321824064,-1.3017992810754992,-0.0,0.2481034131029138,-0.2897638769841936,-1.320952660912032
38.43000000000092,2.7319717336713474,0.7118970684477053,4.0,2.63117193777185,-1.2657678985220886,-0.0,0.24538114066253136,-0.28982801146970344,-1.315585968885925
38.44000000000092,2.758229353142152,0.6994203815853242,4.0,2.6203346795568203,-1.2295366365442542,-0.0,0.24323538431759678,-0.29018243231130736,-1.3101673397784102
38.45000000000092,2.7843780824409388,0.6873069829138556,4.0,2.609393975015374,-1.1931112164782687,-0.0,0.2419162146816106,-0.2920104886010916,-1.304696987507687
38.46000000000092,2.810416889260649,0.6755587852793732,4.0,2.5983502560677922,-1.1564973903202174,-0.0,0.2393441921293063,-0.2921529613290751,-1.2991751280338961
38.470000000000915,2.8363447456337774,0.6641776438584719,4.0,2.587203958701189,-1.1197009398176916,-0.0,0.23873642925527697,-0.2933369469975498,-1.2936019793505944
38.48000000000091,2.8621606279729486,0.6531653558653172,4.0,2.575955522952299,-1.0827276755567834,-0.0,0.23663474597460557,-0.29434249620299646,-1.2879777614761494
38.49000000000091,2.88786351711133,0.6425236602678419,4.0,2.5646053928901047,-1.0455834360445273,-0.0,0.2341689051542076,-0.2948280158232915,-1.2823026964450523
38.50000000000091,2.913452398342871,0.632254237513143,4.0,2.5531540165983073,-1.0082740867869324,-0.0,0.23194509316060585,-0.295509293756566,-1.2765770082991537
38.51000000000091,2.9389262614623686,0.622358709262115,4.0,2.541601846157628,-0.9708055193627283,-0.0,0.22979206348119627,-0.29631678604760525,-1.270800923078814
38.520000000000906,2.9642841008052976,0.6128386381333919,4.0,2.5299493376279885,-0.9331836504931035,-0.0,0.22765460022345974,-0.2970127005163001,-1.2649746688139942
38.5300000000009,2.9895249152875945,0.6036955274565603,4.0,2.5181969510304665,-0.8954144211072578,-0.0,0.22564342167577797,-0.2978077266755778,-1.2590984755152332
38.5400000000009,3.014647708445122,0.5949308210347857,4.0,2.5063451503291616,-0.857503795404346,-0.0,0.2235681995031243,-0.29857295367289277,-1.2531725751645808
38.5500000000009,3.039651488473024,0.5865459029168161,4.0,2.4943944034128718,-0.8194577599116404,-0.0,0.22159230951276498,-0.2993448218564653,-1.2471972017064359
38.5600000000009,3.064535268264878,0.5785420971784236,4.0,2.482345182076623,-0.7812823225391892,-0.0,0.2195387188194332,-0.30012205397690134,-1.2411725910383116
38.570000000000896,3.0892980654516657,0.5709206677133172,4.0,2.4701979620030414,-0.742983511631097,-0.0,0.21752206792831322,-0.3008982911129911,-1.2350989810015207
38.580000000000894,3.1139389024405695,0.5636828180335551,4.0,2.4579532227435696,-0.7045673750135585,-0.0,0.215510345954266,-0.30168339050729026,-1.2289766113717848
38.59000000000089,3.138456806453507,0.556829691079515,4.0,2.4456114476995605,-0.6660399790399228,-0.0,0.21347506385810738,-0.30247592476192836,-1.2228057238497803
38.60000000000089,3.162850809565626,0.550362369039382,4.0,2.4331731241031536,-0.6274074076326165,-0.0,0.21145942227300754,-0.30326912553413776,-1.2165865620515768
38.61000000000089,3.187119948743451,0.5442818731782779,4.0,2.4206387429980674,-0.5886757613225074,-0.0,0.20941217346162425,-0.3040663065773835,-1.2103193714990337
38.620000000000886,3.2112632658829217,0.5385891636769866,4.0,2.408008799220205,-0.5498511562855398,-0.0,0.20736866844110025,-0.3048718887414085,-1.2040043996101024
38.630000000000884,3.2352798078472205,0.5332851394803302,4.0,2.3952837913781204,-0.5109397233769178,-0.0,0.20532596120804253,-0.3056955151609142,-1.1976418956890602
38.64000000000088,3.2591686265043913,0.5283706381552156,4.0,2.382464221833335,-0.4719476071629734,-0.0,0.2032442454395382,-0.3064949409589926,-1.1912321109166675
38.65000000000088,3.282928778764778,0.5238464357583728,4.0,2.369550596680504,-0.4328809649508678,-0.0,0.20116900037039537,-0.3073200105735772,-1.184775298340252
38.66000000000088,3.3065593266182534,0.5197132467138066,4.0,2.3565434257274362,-0.3937459658162811,-0.0,0.19906897785800018,-0.3082042594264471,-1.1782717128637181
38.670000000000876,3.3300593371712512,0.5159717236999803,4.0,2.3434432224749697,-0.35454878962924397,-0.0,0.1969724967367043,-0.30893124691726914,-1.1717216112374849
38.680000000000874,3.353427882683592,0.5126224575467506,4.0,2.3302505040966977,-0.3152956260782645,-0.0,0.1945758505286137,-0.3104359602611583,-1.1651252520483488
38.69000000000087,3.3766640406051263,0.5096659771420686,4.0,2.316965791418544,-0.2759926736928821,-0.0,0.1925695224096631,-0.3109643349558207,-1.158482895709272
38.70000000000087,3.3997668936120977,0.5071027493484648,4.0,2.3035896088982337,-0.23664613886493727,-0.0,0.1905123897735224,-0.3114370508702099,-1.1517948044491169
38.71000000000087,3.422735529643443,0.504933178929321,4.0,2.290122484604541,-0.1972622348683766,-0.0,0.1880958539422026,-0.31283715614475266,-1.1450612423022706
38.720000000000866,3.445569041936741,0.5031576084849565,4.0,2.276564950196474,-0.15784718087819385,-0.0,0.18610945746369068,-0.31326632922519204,-1.138282475098237
38.730000000000864,3.4682665290640227,0.5017763183985271,4.0,2.2629175409022775,-0.11840720098832785,-0.0,0.18400153149473336,-0.31374050764085,-1.1314587704511387
38.74000000000086,3.4908270949673597,0.5007895267917499,4.0,2.2491807954983005,-0.07894852322880598,-0.0,0.18156616326488437,-0.315064777472865,-1.1245903977491503
38.75000000000086,3.513249848994241,0.5001973894904599,4.0,2.2353552562877326,-0.039477378582265986,-0.0,0.17951075865747634,-0.31555990923421284,-1.1176776281438663
38.76000000000086,3.535533905932744,0.5,4.0,2.2214414690791795,1.0778389639903884e-14,0.0,0.1773450925277902,-0.3160353466764474,-1.1107207345395897
38.770000000000856,3.5576783860464314,0.5001973894904599,4.0,2.2074399831651514,0.039477378582265216,0.0,0.17489727124804416,-0.31728192671440436,-1.1037199915825757
38.780000000000854,3.5796824151091586,0.5007895267917499,4.0,2.1933513513003313,0.07894852322880523,0.0,0.1724866602515708,-0.3183696558161045,-1.0966756756501657
38.79000000000085,3.601545124439536,0.5017763183985271,4.0,2.179176129679781,0.11840720098832709,0.0,0.1704406889885349,-0.3184998735357157,-1.0895880648398906
38.80000000000085,3.6232656509352337,0.5031576084849565,4.0,2.164914877916978,0.15784718087819308,0.0,0.16798953176144457,-0.3195961772971,-1.082457438958489
38.81000000000085,3.644843137107056,0.504933178929321,4.0,2.1505681590217227,0.19726223486837585,0.0,0.16556119210156395,-0.3206276050155941,-1.0752840795108614
38.820000000000846,3.6662767311127986,0.5071027493484648,4.0,2.136136539377912,0.2366461388649365,0.0,0.16347833235312176,-0.3207417666909126,-1.068068269688956
38.830000000000844,3.687565586790866,0.5096659771420686,4.0,2.121620588721178,0.27599267369288133,0.0,0.1610373628116823,-0.3218373787724914,-1.060810294360589
38.84000000000084,3.7087088636936913,0.5126224575467488,4.0,2.107020880116398,0.3152956260782415,0.0,0.15847616656601157,-0.32283148173274423,-1.053510440058199
38.85000000000084,3.729705727120905,0.5159717236999777,4.0,2.0923379899350683,0.35454878962922104,0.0,0.15606508007040398,-0.32369585637354154,-1.0461689949675341
38.86000000000084,3.7505553481522904,0.5197132467138039,4.0,2.0775724978325525,0.39374596581625826,0.0,0.15356389240136606,-0.32446333310842984,-1.0387862489162762
38.870000000000836,3.7712569036805217,0.5238464357583728,4.0,2.062724986725188,0.43288096495086703,0.0,0.15163282966669664,-0.3256333721349269,-1.031362493362594
38.880000000000834,3.791809576443611,0.5283706381552156,4.0,2.0477960427673065,0.47194760716297274,0.0,0.14897487423812833,-0.32623539034134413,-1.0238980213836533
38.89000000000083,3.81221255505724,0.5332851394803297,4.0,2.0327862553280456,0.5109397233769171,0.0,0.14623298968015944,-0.3268643892226774,-1.0163931276640228
38.90000000000083,3.8324650340467485,0.5385891636769866,4.0,2.0176962169681114,0.549851156285539,0.0,0.14375745330303635,-0.32764712609745417,-1.0088481084840557
38.91000000000083,3.8525662138789443,0.5442818731782775,4.0,2.0025265234163805,0.5886757613225068,0.0,0.14108412150097946,-0.3283276064882117,-1.0012632617081902
38.920000000000826,3.8725153009936655,0.550362369039382,4.0,1.98727777354638,0.6274074076326157,0.0,0.13914220342889524,-0.3295436074006468,-0.99363888677319
38.930000000000824,3.892311507835113,0.556829691079515,4.0,1.9719505693526447,0.6660399790399221,0.0,0.1363073047208561,-0.3301098261509058,-0.9859752846763223
38.94000000000082,3.9119540528829457,0.5636828180335591,4.0,1.9565455159269427,0.7045673750135796,0.0,0.13349563306606196,-0.33071180853069543,-0.9782727579634714
38.95000000000082,3.9314421606830985,0.5709206677133167,4.0,1.9410632214344228,0.7429835116310963,0.0,0.13143150542164553,-0.33189535596387887,-0.9705316107172114
38.96000000000082,3.9507750618784545,0.5785420971784232,4.0,1.9255042970895537,0.7812823225391885,0.0,0.12850724552906606,-0.3324519645916898,-0.9627521485447769
38.970000000000816,3.969951993239178,0.5865459029168161,4.0,1.9098693571320269,0.8194577599116397,0.0,0.12563048824948259,-0.3330454643394719,-0.9549346785660134
38.980000000000814,3.9889721976928554,0.5949308210347857,4.0,1.8941590188025006,0.8575037954043452,0.0,0.12348540448099206,-0.3342539622944955,-0.9470795094012503
38.99000000000081,4.007834924354382,0.6036955274565603,4.0,1.8783739023182315,0.8954144211072569,0.0,0.12049906238511977,-0.3348081528432439,-0.9391869511591158
39.00000000000081,4.0265394285556075,0.6128386381333919,4.0,1.8625146308485903,0.9331836504931027,0.0,0.11760836163269722,-0.33546413840129974,-0.9312573154242951
39.01000000000081,4.045084971874735,0.6223587092621146,4.0,1.846581830490459,0.9708055193627276,0.0,0.1153473780881368,-0.3366575112494586,-0.9232909152452295
39.020000000000806,4.063470822165466,0.6322542375131373,4.0,1.8305761302435146,1.0082740867869104,0.0,0.11235106342154556,-0.33726172968439944,-0.9152880651217573
39.030000000000804,4.081696253585915,0.6425236602678357,4.0,1.8144981619853966,1.0455834360445055,0.0,0.10937759865737466,-0.33790557534168564,-0.9072490809926983
39.0400000000008,4.099760546627255,0.653165355865311,4.0,1.7983485604467622,1.0827276755567616,0.0,0.10712266361399866,-0.33918665272460424,-0.8991742802233811
39.0500000000008,4.11766298814214,0.6641776438584714,4.0,1.7821279631862175,1.119700939817691,0.0,0.10403348374575229,-0.33976043272377143,-0.8910639815931087
39.0600000000008,4.135402871372811,0.6755587852793727,4.0,1.7658370105651875,1.1564973903202167,0.0,0.10114682220287753,-0.34054260835996886,-0.8829185052825937
39.070000000000796,4.152979495979064,0.6873069829138556,4.0,1.749476345722578,1.193111216478268,0.0,0.09872980684061698,-0.3417603967334323,-0.874738172861289
39.080000000000794,4.170392168065856,0.6994203815853237,4.0,1.7330466145494223,1.2295366365442535,0.0,0.09566058046404477,-0.3423963589402219,-0.8665233072747112
39.09000000000079,4.187640200210707,0.7118970684477048,4.0,1.7165484656633754,1.265767898522088,0.0,0.09265656049837984,-0.3431176502544348,-0.8582742328316877
39.10000000000079,4.204722911490843,0.7247350732875089,4.0,1.6999825503831056,1.3017992810754986,0.0,0.09026879173864402,-0.34442325443282573,-0.8499912751915528
39.11000000000079,4.221639627510072,0.7379323688349482,4.0,1.6833495227025836,1.3376250944314914,0.0,0.08715159810049783,-0.3450408717297178,-0.8416747613512918
39.120000000000786,4.2383896804254215,0.7514868710840763,4.0,1.6666500392652515,1.3732396812788514,0.0,0.08453924746154222,-0.346196677987497,-0.8333250196326257
39.130000000000784,4.2549724089734635,0.7653964396218438,4.0,1.649884759338141,1.4086374176614183,0.0,0.08199208015979804,-0.3473671479092766,-0.8249423796690705
39.14000000000078,4.271387158496479,0.7796588779661411,4.0,1.6330543447857864,1.4438127138662933,0.0,0.07875407542235828,-0.3479134600121025,-0.8165271723928932
39.15000000000078,4.287633280968263,0.7942719339126185,4.0,1.6161594600441371,1.4787600153064409,0.0,0.07564674335924514,-0.3487794472909069,-0.8080797300220686
39.16000000000078,4.303710135019719,0.8092332998903418,4.0,1.5992007720943135,1.5134738033978417,0.0,0.07319784304796814,-0.34978512804784223,-0.7996003860471568
39.170000000000776,4.319617085964176,0.8245406133261857,4.0,1.5821789504362775,1.5479485964309412,0.0,0.06998304899040332,-0.3504068068526879,-0.7910894752181388
39.180000000000774,4.335353505822449,0.8401914570179105,4.0,1.565094667062403,1.5821789504362747,0.0,0.06687020064832952,-0.3513590066795596,-0.7825473335312015
39.19000000000077,4.350918773347626,0.856183359515867,4.0,1.547948596430944,1.6161594600441342,0.0,0.064502862888758,-0.3522576882659079,-0.773974298215472
39.20000000000077,4.366312274049598,0.8725137955132669,4.0,1.5307414154394106,1.6498847593381376,0.0,0.06194802535166109,-0.35351918180169273,-0.7653707077197053
39.21000000000077,4.381533400219314,0.8891801862449578,4.0,1.5134738033978445,1.683349522702571,0.0,0.05869300246079335,-0.3544235444351398,-0.7567369016989223
39.220000000000766,4.396581550952776,0.90617989989464,4.0,1.496146442002003,1.716548465663363,0.0,0.05629330458947801,-0.35520353004013216,-0.7480732210010015
39.230000000000764,4.411456132174761,0.9235102520104617,4.0,1.478760015306444,1.7494763457225657,0.0,0.0530662627002266,-0.3556246856633705,-0.739380007653222
39.24000000000076,4.426156556662278,0.9411685059289332,4.0,1.4613152096975135,1.782127963186224,0.0,0.04986551654516219,-0.35655395133368933,-0.7306576048487567
39.25000000000076,4.440682244067723,0.9591518732070412,4.0,1.4438127138662864,1.8144981619853937,0.0,0.04757205219646818,-0.3574281251782259,-0.7219063569331432
39.26000000000076,4.455032620941839,0.9774575140626314,4.0,1.4262532187813193,1.8465818304904564,0.0,0.04523302783070549,-0.35883927873709764,-0.7131266093906596
39.270000000000756,4.469207120756318,0.9960825378228071,4.0,1.4086374176614114,1.8783739023182289,0.0,0.04197260006972782,-0.35957273645750176,-0.7043187088307057
39.280000000000754,4.483205183926177,1.015024003380409,4.0,1.3909660059482276,1.909869357132024,0.0,0.039662487336988315,-0.36071891717582955,-0.6954830029741138
39.29000000000075,4.497026257831853,1.0342789196584488,4.0,1.3732396812788448,1.9410632214344203,0.0,0.036903297880319375,-0.361046274684589,-0.6866198406394224
39.30000000000075,4.510669796841018,1.0538442460824475,4.0,1.3554591434581975,1.9719505693526507,0.0,0.03371515690734017,-0.3617938105993416,-0.6777295717290988
39.31000000000075,4.524135262330101,1.0737168930605319,4.0,1.3376250944314945,2.0025265234163867,0.0,0.03139724601752178,-0.3629055514075192,-0.6688125472157472
39.320000000000746,4.537422122705587,1.0938937224713838,4.0,1.3197382382564444,2.032786255328051,0.0,0.029057037086614373,-0.36361357910962383,-0.6598691191282222
39.330000000000744,4.55052985342498,1.1143715481597427,4.0,1.3017992810755017,2.0627249867251938,0.0,0.025856560612331755,-0.364003388177783,-0.6508996405377508
39.34000000000074,4.563457937017515,1.1351471364395458,4.0,1.2838089310879794,2.0923379899350656,0.0,0.022899847022932233,-0.363999538172948,-0.6419044655439897
39.35000000000074,4.576205863104588,1.1562172066045653,4.0,1.265767898522091,2.1216205887211754,0.0,0.02072491272403781,-0.3653802255444488,-0.6328839492610455
39.36000000000074,4.588773128419905,1.1775784314464697,4.0,1.2476768956069106,2.1505681590217205,0.0,0.01777364839064784,-0.3655426048094736,-0.6238384478034553
39.370000000000736,4.60115923682935,1.1992274377802299,4.0,1.2295366365442568,2.1791761296797785,0.0,0.015590578999716208,-0.36617798712785815,-0.6147683182721284
39.380000000000734,4.613363699350572,1.2211608069767825,4.0,1.211347837480496,2.2074399831651492,0.0,0.012671348773568767,-0.3674550056406343,-0.605673918740248
39.39000000000073,4.625386034172287,1.2433750755028712,4.0,1.1931112164782713,2.2353552562877224,0.0,0.010514736618599925,-0.3677498458754839,-0.5965556082391357
39.40000000000073,4.637225766673303,1.2658667354679805,4.0,1.1748274934881537,2.2629175409022673,0.0,0.008372996134606878,-0.367560469934041,-0.5874137467440769
39.41000000000073,4.648882429441253,1.2886322351782695,4.0,1.15649739032022,2.290122484604531,0.0,0.005308830211017936,-0.36929574648281493,-0.57824869516011
39.42000000000073,4.660355562291056,1.3116679796974418,4.0,1.1381216306155468,2.316965791418549,0.0,0.0030121616884572944,-0.36920602154707427,-0.5690608153077734
39.430000000000724,4.6716447122830616,1.3349703314143726,4.0,1.1197009398176838,2.343443222474968,0.0,0.0010461000193646643,-0.36879266104895553,-0.5598504699088419
39.44000000000072,4.682749433740962,1.358535610617609,4.0,1.1012360451439516,2.3695505966805017,0.0,-0.001979879717169671,-0.3704757005809829,-0.5506180225719758
39.45000000000072,4.69366928826937,1.3823600960763878,4.0,1.0827276755567754,2.3952837913781178,0.0,-0.004734105340101501,-0.3693691356889392,-0.5413638377783877
39.46000000000072,4.704403844771126,1.4064400256282725,4.0,1.064176561734895,2.420638742998065,0.0,-0.006576678394459149,-0.36894307333060594,-0.5320882808674475
39.47000000000072,4.714952679464321,1.4307715967732442,4.0,1.0455834360445193,2.4456114476995583,0.0,-0.009445575924126383,-0.3706352803942721,-0.5227917180222597
39.480000000000715,4.725315375899028,1.455350967274172,4.0,1.0269490325104038,2.4701979620030463,0.0,-0.011373041406119807,-0.37074215292255064,-0.5134745162552019
39.49000000000071,4.735491524973724,1.480174255763493,4.0,1.0082740867869138,2.4943944034128767,0.0,-0.013159713487900007,-0.3708468514835533,-0.5041370433934569
39.50000000000071,4.7454807249514745,1.5052375423562077,4.0,0.989559336128919,2.518196951030471,0.0,-0.015990835361425988,-0.3716525132039157,-0.4947796680644595
39.51000000000071,4.755282581475769,1.5305368692688206,4.0,0.9708055193627309,2.541601846157633,0.0,-0.017914950184450853,-0.3714964277729897,-0.4854027596813654
39.52000000000071,4.764896707586095,1.5560682414443328,4.0,0.9520133768569236,2.564605392890103,0.0,-0.019689511344010008,-0.3714271458106517,-0.4760066884284618
39.530000000000705,4.774322723733214,1.581827627183109,4.0,0.9331836504931059,2.5872039587011866,0.0,-0.02247160641118795,-0.37199653569839786,-0.46659182524655296
39.5400000000007,4.783560257794152,1.6078109587795284,4.0,0.9143170836366334,2.609393975015372,0.0,-0.02435188440227624,-0.37168187960519417,-0.4571585418183167
39.5500000000007,4.7926089450868785,1.634014133164324,4.0,0.8954144211072602,2.631171937771848,0.0,-0.026034569213753137,-0.37156031748961765,-0.4477072105536301
39.5600000000007,4.801468428384713,1.6604330125525038,4.0,0.876476409149737,2.652534407977837,0.0,-0.02871744812909163,-0.3720088636719745,-0.4382382045748685
39.5700000000007,4.810138357930428,1.6870634250967544,4.0,0.8575037954043485,2.673478012251652,0.0,-0.030522148042581285,-0.37176092015740897,-0.42875189770217426
39.580000000000695,4.818618391450046,1.7139011655462255,4.0,0.838497328877399,2.693999443355392,0.0,-0.03212046844947763,-0.37159118565242594,-0.4192486644386995
39.59000000000069,4.826908194166367,1.740941995910588,4.0,0.819457759911643,2.714095460717194,0.0,-0.03465297109152449,-0.3715127206706896,-0.4097288799558215
39.60000000000069,4.835007438812176,1.7681816461292748,4.0,0.8003858401566514,2.733762890942967,0.0,-0.03686814830004894,-0.3712227061449248,-0.4001929200783257
39.61000000000069,4.842915805643156,1.7956158147457137,4.0,0.7812823225391811,2.7529986283174646,0.0,-0.0382609795755272,-0.3705908399394811,-0.39064116126959053
39.62000000000069,4.85063298245053,1.823240169586669,4.0,0.7621479612333866,2.7717996352947782,0.0,-0.04044053540241865,-0.37089971740095223,-0.3810739806166933
39.630000000000685,4.858158664573369,1.851050348446279,4.0,0.7429835116310889,2.790162942977958,0.0,-0.04263996720517982,-0.37074204779333997,-0.37149175581554444
39.64000000000068,4.865492554910632,1.8790419597749162,4.0,0.7237897303119435,2.8080856515878465,0.0,-0.04383677188216449,-0.3701329132901652,-0.36189486515597175
39.65000000000068,4.872634363932884,1.9072105833726627,4.0,0.704567375013572,2.825564930920988,0.0,-0.04540283915315441,-0.371694261576742,-0.352283687506786
39.66000000000068,4.87958380969374,1.9355517710873276,4.0,0.6853172046016367,2.8425980207965584,0.0,-0.04755201517243501,-0.3713374595685374,-0.34265860230081835
39.67000000000068,4.886340617840969,1.9640610475167972,4.0,0.6660399790399255,2.8591822314921944,0.0,-0.04865782404099701,-0.370612958597473,-0.33301998951996276
39.680000000000675,4.892904521627362,1.992733910715849,4.0,0.646736459360285,2.8753149441687857,0.0,-0.05056180174289087,-0.370653633535912,-0.3233682296801425
39.69000000000067,4.899275261921235,2.021565832906998,4.0,0.6274074076326192,2.8909936112839842,0.0,-0.05252247639796252,-0.3703325148558173,-0.3137037038163096
39.70000000000067,4.905452587216671,2.0505522611954996,4.0,0.6080535869347935,2.9062157569945,0.0,-0.05345468211440965,-0.36966525182159826,-0.30402679346739675
39.71000000000067,4.911436253643443,2.0796886182883054,4.0,0.5886757613225102,2.920978977547065,0.0,-0.05480249868263821,-0.3710521260171102,-0.2943378806612551
39.72000000000067,4.917226024976648,2.108970303216872,4.0,0.5692746957991441,2.935280941658012,0.0,-0.05664208372372494,-0.3705367613602487,-0.28463734789957207
39.730000000000665,4.922821672646026,2.138392692063704,4.0,0.5498511562855425,2.949119390881416,0.0,-0.05746847621227624,-0.3696546143232812,-0.27492557814277124
39.74000000000066,4.928222975744989,2.167951138692528,4.0,0.5304059095897865,2.9624921399657227,0.0,-0.05908984392795834,-0.3694351709243318,-0.26520295479489325
39.75000000000066,4.933429721039339,2.1976409754819692,4.0,0.5109397233769205,2.975397077198831,0.0,-0.060722992172246505,-0.3689444776081967,-0.25546986168846025
39.76000000000066,4.9384417029756875,2.2274575140626225,4.0,0.4914533661386444,2.987832164741552,0.0,-0.061365876145064585,-0.3680993639662211,-0.2457266830693222
39.77000000000066,4.943258723689568,2.2573960460574023,4.0,0.4719476071629761,2.9997954389494117,0.0,-0.06247265085112524,-0.36933154166479226,-0.23597380358148806
39.780000000000655,4.947880593013253,2.287451843825047,4.0,0.45242321650388073,3.011285010682729,0.0,-0.06396874498224121,-0.368612256835397,-0.22621160825194037
39.79000000000065,4.952307128483256,2.3176201612066896,4.0,0.4328809649508594,3.022299065604942,0.0,-0.06449544133057414,-0.3675448483412807,-0.2164404824754297
39.80000000000065,4.956538155347533,2.3478962342752583,4.0,0.4133216239985638,3.0328358644690887,0.0,-0.06578564181944954,-0.36711224682681,-0.2066608119992819
39.81000000000065,4.960573506572389,2.378275282087862,4.0,0.39374596581627275,3.042893743392486,0.0,-0.06706097104342898,-0.36642697506476346,-0.19687298290813637
39.82000000000065,4.964413022849068,2.4087525074406853,4.0,0.3741547632174523,3.0524711141194585,0.0,-0.06740843341010799,-0.36544307473991133,-0.18707738160872614
39.830000000000645,4.968056552600041,2.439323097626542,4.0,0.3545487896292356,3.0615664642721443,0.0,-0.06824358424236551,-0.3665136566787998,-0.1772743948146178
39.84000000000064,4.971503951984996,2.4699822251948738,4.0,0.33492881906187805,3.0701783575893216,0.0,-0.06934755653117877,-0.36561248659797746,-0.16746440953093902
39.85000000000064,4.974755084906501,2.500725048713991,4.0,0.31529562607824496,3.078305434153194,0.0,-0.06956827282612023,-0.3644552527215519,-0.15764781303912248
39.86000000000064,4.9778098230154,2.531546713535695,4.0,0.2956499857631669,3.085946410604165,0.0,-0.070479936319998,-0.36382495007035526,-0.14782499288158346
39.87000000000064,4.980668045715863,2.5624423525618143,4.0,0.27599267369288477,3.093100080343476,0.0,-0.07133322507991802,-0.36299653125662,-0.13799633684644239
39.880000000000635,4.98332964017015,2.5934070870127934,4.0,0.25632446590442043,3.0997653137237475,0.0,-0.07138490329066705,-0.36202241701338633,-0.12816223295221021
39.89000000000063,4.98579450130307,2.624436027198108,4.0,0.23664613886494,3.105941058227362,0.0,-0.07190180667200866,-0.3629565248030385,-0.11832306943247
39.90000000000063,4.9880625318061265,2.6555242732884037,4.0,0.2169584694411002,3.111626338632672,0.0,-0.07254909467647047,-0.3619392973262452,-0.1084792347205501
39.91000000000063,4.990133642141358,2.6866669160892362,4.0,0.1972622348683793,3.116820257167995,0.0,-0.07249528988000498,-0.3608794154498794,-0.09863111743418965
39.92000000000063,4.992007750544875,2.717859037816291,4.0,0.17755821272039285,3.1215219936533845,0.0,-0.0729895113317663,-0.3600919980618731,-0.08877910636019642
39.930000000000625,4.993684783030087,2.7490957128719558,4.0,0.15784718087819652,3.125730805630145,0.0,-0.07335286133450941,-0.35914026751027367,-0.07892359043909826
39.94000000000062,4.995164673390623,2.780372008623133,4.0,0.13812991749957684,3.129446028478076,0.0,-0.07321156099067212,-0.3584970973760173,-0.06906495874978842
39.95000000000062,4.996447363202946,2.8116829861801573,4.0,0.11840720098833053,3.132667075520421,0.0,-0.07337632818357231,-0.3592224053191918,-0.059203600494165266
39.96000000000062,4.997532801828657,2.843023701176704,4.0,0.09867980996353486,3.1353934381165125,0.0,-0.07342413989088782,-0.3578225650723144,-0.04933990498176743
39.97000000000062,4.9984209464165,2.874389204550579,4.0,0.07894852322879752,3.1376246857420926,0.0,-0.07338016308300602,-0.35777742905835896,-0.03947426161439876
39.980000000000615,4.999111761904045,2.9057745433251645,4.0,0.05921411974155581,3.139360466057294,0.0,-0.0733488170519482,-0.3565552748438521,-0.029607059870777906
39.99000000000061,4.99960522101908,2.9371747613916552,4.0,0.039477378582257514,3.140600504962283,0.0,-0.0732325909386086,-0.35546654054508275,-0.019738689291128757
40.00000000000061,4.9999013042806855,2.9685849002916154,4.0,0.01973907892364889,3.1413446066405433,0.0,-0.07307716482831812,-0.3557728784023944,-0.009869539461824445
