k1_x,k1_y,k1_z,k2_x,k2_y,k2_z,k4_x,k4_y,k4_z
0.3358909785747528,0.4256364107131958,0.45318788290023804,0.270833283662796,0.25437256693840027,0.4310767650604248,1.754009872674942,2.440207451581955,2.940869629383087
0.327950656414032,0.37463563680648804,0.3874034285545349,0.22308865189552307,0.20710010826587677,0.26107800006866455,1.7471562325954437,2.189190834760666,2.406919300556183
0.3334181606769562,0.4244348406791687,0.4531734883785248,0.2708483338356018,0.25452524423599243,0.43588125705718994,1.7402291297912598,2.4318094551563263,2.9435887932777405
0.34670549631118774,0.42409399151802063,0.44572556018829346,0.26465654373168945,0.24786055088043213,0.38681596517562866,1.820865422487259,2.448960989713669,2.8594449162483215
0.3464048206806183,0.41375893354415894,0.43178850412368774,0.25457966327667236,0.2377907931804657,0.3482990264892578,1.827007234096527,2.3995675146579742,2.7442866563796997
0.34247592091560364,0.4028862714767456,0.42062100768089294,0.24591709673404694,0.22957530617713928,0.32257750630378723,1.813514530658722,2.347111701965332,2.6510649919509888
0.33272480964660645,0.382545530796051,0.40000030398368835,0.23031221330165863,0.2147957980632782,0.28112077713012695,1.773320734500885,2.243693917989731,2.486320585012436
0.32328423857688904,0.3651236891746521,0.3845756947994232,0.2178002893924713,0.20337630808353424,0.2513980567455292,1.7342785000801086,2.158523052930832,2.3578262329101562
0.3124498724937439,0.3461810052394867,0.3686850666999817,0.20453700423240662,0.19147484004497528,0.2215709686279297,1.6892431676387787,2.0671486854553223,2.223227620124817
0.3008034825325012,0.3265097737312317,0.3528986871242523,0.19102200865745544,0.17952832579612732,0.1923704296350479,1.640862226486206,1.9735564291477203,2.0871956646442413
0.29233649373054504,0.3122236132621765,0.34274402260780334,0.1816016584634781,0.17150090634822845,0.17287784814834595,1.6070052981376648,1.9093096256256104,1.993502676486969
0.2952078878879547,0.3157472610473633,0.3498235046863556,0.18523424863815308,0.17562182247638702,0.18209904432296753,1.62446990609169,1.9394241273403168,2.0328550040721893
0.29007771611213684,0.3071090281009674,0.3441463112831116,0.1797466278076172,0.171097993850708,0.17081695795059204,1.604369729757309,1.9022829830646515,1.9779601693153381
0.29184994101524353,0.3093647360801697,0.34897246956825256,0.1822560876607895,0.17402267456054688,0.1770741045475006,1.6154113411903381,1.9228202104568481,2.0043419301509857
0.2885912358760834,0.30435681343078613,0.3448263704776764,0.17896196246147156,0.17119081318378448,0.169762521982193,1.6012045741081238,1.8990901112556458,1.9696347415447235
0.29028481245040894,0.30725333094596863,0.3480546772480011,0.18141597509384155,0.173669695854187,0.17495131492614746,1.6090057790279388,1.9164861738681793,1.9930580258369446
0.28925183415412903,0.3065747320652008,0.34553077816963196,0.18065877258777618,0.17272482812404633,0.17216342687606812,1.6015933454036713,1.9080351293087006,1.9816827774047852
0.2911148965358734,0.3106905221939087,0.3468933701515198,0.1832362562417984,0.17474642395973206,0.17640291154384613,1.6063012182712555,1.9227595627307892,2.003522515296936
0.2816171646118164,0.29806894063949585,0.32911282777786255,0.17267416417598724,0.16392749547958374,0.15115240216255188,1.555911898612976,1.8391850590705872,1.8900445103645325
0.2683718502521515,0.27930790185928345,0.3084196448326111,0.1583072692155838,0.15012452006340027,0.11975707858800888,1.492101401090622,1.7311261594295502,1.7418114840984344
0.27723681926727295,0.2924032211303711,0.32151660323143005,0.1681068390607834,0.15929310023784637,0.14060351252555847,1.533028781414032,1.8026410043239594,1.8409045040607452
0.28568264842033386,0.3050059676170349,0.3347950279712677,0.17775076627731323,0.16847938299179077,0.161617249250412,1.5726786851882935,1.8734093010425568,1.9388380646705627
0.293350487947464,0.3166784644126892,0.34767332673072815,0.18689265847206116,0.17733635008335114,0.18204966187477112,1.6091252863407135,1.9405736029148102,2.0319469273090363
0.29035618901252747,0.31241968274116516,0.3426809012889862,0.18363362550735474,0.17414440214633942,0.17451326549053192,1.594340205192566,1.9155006110668182,1.997292935848236
0.2912854254245758,0.3139517903327942,0.3446144163608551,0.18501709401607513,0.17554903030395508,0.17761290073394775,1.5988709032535553,1.9252972304821014,2.010679244995117
0.29014453291893005,0.3122691512107849,0.3433229625225067,0.1840064525604248,0.174696683883667,0.17541903257369995,1.5939077734947205,1.917683333158493,1.9996321201324463
0.29008641839027405,0.31210675835609436,0.34419241547584534,0.18432694673538208,0.17522990703582764,0.17635740339756012,1.5946455299854279,1.920345276594162,2.0024482905864716
0.28858450055122375,0.309700071811676,0.34283795952796936,0.18298916518688202,0.17420659959316254,0.17362797260284424,1.5887890756130219,1.91095769405365,1.988312155008316
0.2880041301250458,0.30853304266929626,0.3434991240501404,0.18281692266464233,0.17444126307964325,0.17371124029159546,1.588047742843628,1.9107599556446075,1.986406296491623
0.28626006841659546,0.3055959641933441,0.34230396151542664,0.18131260573863983,0.17340633273124695,0.17081083357334137,1.5818604826927185,1.900751143693924,1.9707770645618439
0.28509408235549927,0.3033376932144165,0.3426784574985504,0.18059171736240387,0.17329275608062744,0.1699247509241104,1.5793462097644806,1.8972598016262054,1.9635464251041412
0.28311285376548767,0.2998611330986023,0.34174516797065735,0.17895284295082092,0.17229993641376495,0.16696980595588684,1.5729692578315735,1.8869379162788391,1.9467824697494507
0.2813354730606079,0.2964077889919281,0.3420177698135376,0.17769867181777954,0.17191289365291595,0.16525240242481232,1.5688864886760712,1.8805170059204102,1.9345112144947052
0.2788461744785309,0.29179373383522034,0.34146201610565186,0.17570406198501587,0.1709030717611313,0.161989226937294,1.5618929266929626,1.8689484894275665,1.9146914780139923
0.27596208453178406,0.28638869524002075,0.34091928601264954,0.1733875572681427,0.16976124048233032,0.15826940536499023,1.553983986377716,1.855730563402176,1.891854703426361
0.2726781368255615,0.28021377325057983,0.34033313393592834,0.17074701189994812,0.1684713214635849,0.154067724943161,1.545032411813736,1.8407481908798218,1.8659065663814545
0.26908645033836365,0.273462176322937,0.3397499620914459,0.16788996756076813,0.16710743308067322,0.14957496523857117,1.5352709591388702,1.824604570865631,1.8378132581710815
0.26534080505371094,0.26647940278053284,0.33916181325912476,0.16497620940208435,0.16575077176094055,0.14502233266830444,1.5249741077423096,1.8080711364746094,1.808943897485733
0.2616342008113861,0.25967127084732056,0.3386152386665344,0.16220723092556,0.16451948881149292,0.14072765409946442,1.514594852924347,1.792217642068863,1.781092882156372
0.2580145597457886,0.25303953886032104,0.33840855956077576,0.1596817672252655,0.16357049345970154,0.1370084583759308,1.5046776831150055,1.778024435043335,1.7553889751434326
0.25369206070899963,0.2443680763244629,0.34017276763916016,0.15696850419044495,0.16331912577152252,0.13424275815486908,1.4958861470222473,1.766030341386795,1.729350984096527
0.24834699928760529,0.23323293030261993,0.3437531292438507,0.15397928655147552,0.1638009399175644,0.1322689950466156,1.4867135882377625,1.755356341600418,1.7013470828533173
0.24933475255966187,0.2386142760515213,0.33893775939941406,0.15568959712982178,0.1634705364704132,0.13133130967617035,1.4784899353981018,1.7539851367473602,1.7060144245624542
0.25195643305778503,0.24758991599082947,0.3338417112827301,0.15883880853652954,0.16366630792617798,0.1325138509273529,1.4733025431632996,1.7592470347881317,1.7239120602607727
0.2533700168132782,0.2521366775035858,0.3337600827217102,0.16159862279891968,0.16546830534934998,0.13636267185211182,1.4731870591640472,1.7708942294120789,1.7434105277061462
0.25621843338012695,0.2600502073764801,0.33264362812042236,0.16544732451438904,0.16734763979911804,0.14130070805549622,1.4746960997581482,1.7862610518932343,1.7722564935684204
0.2596999406814575,0.2690233588218689,0.33204385638237,0.16986945271492004,0.1696341633796692,0.14750845730304718,1.4785051345825195,1.8054212629795074,1.8072399497032166
0.2639685273170471,0.27994537353515625,0.3301455080509186,0.1746370494365692,0.1715337187051773,0.1536337435245514,1.4823251962661743,1.8243856728076935,1.8450747430324554
0.26822054386138916,0.2902580499649048,0.32938793301582336,0.17943862080574036,0.17381256818771362,0.1605822890996933,1.4880990982055664,1.845572590827942,1.8847854435443878
0.27261653542518616,0.3008250892162323,0.3282012343406677,0.18412214517593384,0.1758078932762146,0.1672569066286087,1.4938580989837646,1.8657103180885315,1.9238953292369843
0.2769361138343811,0.3110315799713135,0.3269988000392914,0.18855391442775726,0.17761023342609406,0.17367038130760193,1.4997681975364685,1.8848031759262085,1.9614841043949127
0.2811777889728546,0.3207073509693146,0.3263229429721832,0.19284656643867493,0.17947964370250702,0.18025365471839905,1.506623774766922,1.9042570888996124,1.9988608360290527
0.2850915193557739,0.3296772539615631,0.3250938355922699,0.19655650854110718,0.1807994842529297,0.18576401472091675,1.5122993290424347,1.920131891965866,2.0312967896461487
0.2890459895133972,0.33823075890541077,0.3248891234397888,0.20035795867443085,0.18249192833900452,0.19200101494789124,1.5198829770088196,1.9382724165916443,2.065778821706772
0.29249218106269836,0.34580594301223755,0.3238714039325714,0.20337894558906555,0.1834508776664734,0.19670000672340393,1.5254853665828705,1.951393187046051,2.09324449300766
0.29602673649787903,0.3531484007835388,0.32371222972869873,0.20653139054775238,0.18475228548049927,0.20206218957901,1.5328037738800049,1.9666869938373566,2.1228623390197754
0.29920104146003723,0.3596837520599365,0.32328128814697266,0.20918098092079163,0.18567076325416565,0.2065434753894806,1.5391987562179565,1.9791696965694427,2.148146480321884
0.3021877110004425,0.3656526207923889,0.32301926612854004,0.21159546077251434,0.1865101456642151,0.21074919402599335,1.5456543862819672,1.99086531996727,2.1716925501823425
0.30526208877563477,0.37151068449020386,0.32337066531181335,0.21413429081439972,0.18761616945266724,0.21544283628463745,1.5533837676048279,2.004268765449524,2.1969780325889587
0.30751633644104004,0.3758234679698944,0.3228372633457184,0.21565783023834229,0.18788035213947296,0.21811211109161377,1.5582424402236938,2.0112617313861847,2.212691605091095
0.31052711606025696,0.3811532258987427,0.32389578223228455,0.2181478589773178,0.18919456005096436,0.22303947806358337,1.5671893954277039,2.0257312059402466,2.2383062541484833
0.31206849217414856,0.3838583827018738,0.32317110896110535,0.21884216368198395,0.18895260989665985,0.22427985072135925,1.5705610811710358,2.028406709432602,2.2466684877872467
0.31496238708496094,0.38866132497787476,0.324684202671051,0.22120803594589233,0.19035178422927856,0.22919222712516785,1.5801860392093658,2.0431266725063324,2.2716905176639557
0.31609416007995605,0.39032959938049316,0.32408612966537476,0.22144359350204468,0.1899096965789795,0.22972697019577026,1.5831290185451508,2.043823152780533,2.276182472705841
0.31853193044662476,0.39409559965133667,0.3254750072956085,0.22327014803886414,0.1909807026386261,0.23369011282920837,1.591823697090149,2.05575630068779,2.2964225709438324
0.3198252022266388,0.39576902985572815,0.3256218433380127,0.22372651100158691,0.19090662896633148,0.23488330841064453,1.5964025259017944,2.0588621497154236,2.3035499453544617
0.3211793005466461,0.3974357843399048,0.3260783851146698,0.2242734432220459,0.19098886847496033,0.23633801937103271,1.6016405820846558,2.062968760728836,2.311733216047287
0.32345494627952576,0.4005831182003021,0.32788681983947754,0.22591254115104675,0.1920931339263916,0.24016013741493225,1.6109058260917664,2.074780911207199,2.3308266699314117
0.32265010476112366,0.3982241749763489,0.3262372314929962,0.22392232716083527,0.19012588262557983,0.23656071722507477,1.6087457537651062,2.0628319680690765,2.3148171603679657
0.32685524225234985,0.4045349359512329,0.3307546079158783,0.22784161567687988,0.19332729279994965,0.2452697902917862,1.6262228786945343,2.0905479788780212,2.3565734922885895
0.3233100473880768,0.39710068702697754,0.3264159858226776,0.22265492379665375,0.1887718141078949,0.23529255390167236,1.614593267440796,2.0582710206508636,2.309986650943756
0.3292652368545532,0.406310498714447,0.3332822620868683,0.22861093282699585,0.19381044805049896,0.2483372688293457,1.6393816471099854,2.1000979840755463,2.371990382671356
0.32409918308258057,0.3957476019859314,0.3276301920413971,0.22155648469924927,0.18782643973827362,0.23475387692451477,1.6226547956466675,2.0563778281211853,2.307792901992798
0.32857921719551086,0.4021896421909332,0.3330781161785126,0.2257755994796753,0.1914668083190918,0.24431492388248444,1.6424603760242462,2.087288498878479,2.35321581363678
0.31955650448799133,0.38499873876571655,0.32342660427093506,0.2145325392484665,0.1820787489414215,0.2221415489912033,1.6112186014652252,2.0159293711185455,2.2476889193058014
0.32763054966926575,0.39795130491256714,0.332651287317276,0.22299031913280487,0.18928098678588867,0.23991969227790833,1.6439242660999298,2.074407786130905,2.3332299292087555
0.32755717635154724,0.3966226577758789,0.33291712403297424,0.2221551537513733,0.18869245052337646,0.2387433648109436,1.6460183262825012,2.0715537667274475,2.3282237350940704
0.32714414596557617,0.39483681321144104,0.33271077275276184,0.22101189196109772,0.1878400295972824,0.2367725372314453,1.6464677453041077,2.066376209259033,2.3196807503700256
0.330986887216568,0.4007025957107544,0.33702805638313293,0.22479601204395294,0.1910848319530487,0.24472643435001373,1.66240394115448,2.0932966470718384,2.3587068915367126
0.32675623893737793,0.3923257291316986,0.33261263370513916,0.21941104531288147,0.18671120703220367,0.23389287292957306,1.648269146680832,2.0599572360515594,2.3081383109092712
0.33449605107307434,0.4054681062698364,0.3407003879547119,0.22776515781879425,0.1936691552400589,0.25078684091567993,1.677510142326355,2.115907222032547,2.390536516904831
0.32785195112228394,0.39292317628860474,0.333660751581192,0.21973183751106262,0.1871187835931778,0.2343612015247345,1.6541722416877747,2.0650161802768707,2.313528209924698
0.33720389008522034,0.40927547216415405,0.3430422842502594,0.23002663254737854,0.19559520483016968,0.2548646628856659,1.6882693767547607,2.132740169763565,2.413788288831711
0.3311869502067566,0.39806249737739563,0.3363766074180603,0.22277970612049103,0.18963751196861267,0.23974907398223877,1.6665177047252655,2.0864154398441315,2.3435932397842407
0.3408673107624054,0.41536977887153625,0.345601350069046,0.23351280391216278,0.19834594428539276,0.2609058916568756,1.7006315290927887,2.155948728322983,2.4473462998867035
0.33487701416015625,0.40443742275238037,0.3385166525840759,0.2263021320104599,0.1922992765903473,0.24558210372924805,1.6780900955200195,2.1091437339782715,2.376783639192581
0.34558138251304626,0.4238384962081909,0.34849509596824646,0.23825138807296753,0.20192396640777588,0.26914146542549133,1.7151328921318054,2.1858440339565277,2.492002695798874
0.3394533097743988,0.41276225447654724,0.3409094512462616,0.23082327842712402,0.19559097290039062,0.25319209694862366,1.6915388405323029,2.13720440864563,2.4189750850200653
0.35007810592651367,0.43203282356262207,0.3508700132369995,0.24270133674144745,0.20517319440841675,0.27676281332969666,1.7283250391483307,2.2133931517601013,2.5337636470794678
0.3436836898326874,0.4205320477485657,0.3427019417285919,0.23488108813762665,0.19841314852237701,0.25991350412368774,1.7033691704273224,2.16191828250885,2.456807494163513
0.35474058985710144,0.44043755531311035,0.35345572233200073,0.24727588891983032,0.208518385887146,0.28481781482696533,1.7423029243946075,2.2418688237667084,2.577214241027832
0.348347932100296,0.4289078712463379,0.3450935184955597,0.23935134708881378,0.2015966773033142,0.26771512627601624,1.7172208428382874,2.189653366804123,2.499321550130844
0.3587067127227783,0.44733184576034546,0.3555150628089905,0.2509342133998871,0.21114329993724823,0.2912557125091553,1.7544162273406982,2.2649402916431427,2.612553834915161
0.3904661238193512,0.5065652132034302,0.39681994915008545,0.2909110486507416,0.24613244831562042,0.38089895248413086,1.8736746907234192,2.5252431631088257,3.0116716027259827
0.36720210313796997,0.45999032258987427,0.36627328395843506,0.2595488131046295,0.21886636316776276,0.3103700280189514,1.7912593483924866,2.3268434405326843,2.7029556035995483
0.34981203079223633,0.4286126494407654,0.3449908196926117,0.2384270578622818,0.20057553052902222,0.2657496929168701,1.7250996828079224,2.188285142183304,2.4963603913784027
0.36020731925964355,0.44580140709877014,0.3570857346057892,0.2498144954442978,0.2104269415140152,0.2896000146865845,1.7663723230361938,2.2656698524951935,2.610214948654175
0.35725137591362,0.4399588704109192,0.35304269194602966,0.24570903182029724,0.2068137377500534,0.28092217445373535,1.7554086446762085,2.2395330667495728,2.571200132369995
0.3637411892414093,0.45046836137771606,0.36057761311531067,0.25265297293663025,0.21284738183021545,0.2955487370491028,1.7814669013023376,2.287217229604721,2.6412737369537354
0.3592694103717804,0.4419827461242676,0.3546997010707855,0.24677442014217377,0.20769453048706055,0.2831238806247711,1.7646166682243347,2.2492997348308563,2.5847330689430237
0.3649676442146301,0.45099928975105286,0.36148038506507874,0.25281140208244324,0.21301427483558655,0.2958463430404663,1.7879869043827057,2.291298061609268,2.645910084247589
0.34627968072891235,0.41830331087112427,0.33939075469970703,0.23097272217273712,0.19425378739833832,0.25038522481918335,1.7159953713417053,2.1470895409584045,2.4317869544029236
0.367605060338974,0.45331281423568726,0.36566057801246643,0.2549010217189789,0.21541066467761993,0.3002668023109436,1.802622228860855,2.3106667399406433,2.6695990562438965
0.3636340796947479,0.44561833143234253,0.36072835326194763,0.24972772598266602,0.21098819375038147,0.28929293155670166,1.788172870874405,2.2778402268886566,2.619738280773163
0.369113951921463,0.4540212154388428,0.3679012656211853,0.25567060708999634,0.21644969284534454,0.3018283545970917,1.8117034435272217,2.3200568556785583,2.6798415184020996
0.36660781502723694,0.44895923137664795,0.3646716773509979,0.2522464394569397,0.21352547407150269,0.2944847345352173,1.8027305603027344,2.298649400472641,2.6470014452934265
0.370376318693161,0.45444726943969727,0.36974892020225525,0.2562325894832611,0.21727953851222992,0.3028561472892761,1.819463074207306,2.3276902735233307,2.6875820755958557
0.3691648542881012,0.451712042093277,0.3680676519870758,0.254376620054245,0.2157149314880371,0.29876193404197693,1.8153664469718933,2.3165495693683624,2.669956386089325
0.37199604511260986,0.4556592106819153,0.3719421625137329,0.257312148809433,0.21853584051132202,0.30486080050468445,1.828218251466751,2.3383629322052,2.6998990774154663
0.37160441279411316,0.45443034172058105,0.3712056577205658,0.25645947456359863,0.21782894432544708,0.3028309643268585,1.827114224433899,2.333691120147705,2.691933810710907
0.3738074004650116,0.45740756392478943,0.37417134642601013,0.2586885988712311,0.21998661756515503,0.30738767981529236,1.8371579051017761,2.35044464468956,2.7146559953689575
0.37400105595588684,0.45727282762527466,0.3740677535533905,0.2585444450378418,0.2198682576417923,0.3068258762359619,1.8381200730800629,2.350258380174637,2.7135300636291504
0.3757917582988739,0.4596743583679199,0.3763183653354645,0.26029494404792786,0.2215343862771988,0.31034019589424133,1.8461063504219055,2.363380342721939,2.7313536405563354
0.3765038549900055,0.460490882396698,0.3767673671245575,0.2607559859752655,0.22191065549850464,0.3110673129558563,1.8489286303520203,2.3670318722724915,2.736186683177948
0.37803590297698975,0.46259334683418274,0.3784315884113312,0.262178510427475,0.2231924682855606,0.3138878643512726,1.8553951382637024,2.377462238073349,2.750713527202606
0.37904730439186096,0.4639911651611328,0.379104882478714,0.2629590332508087,0.22379034757614136,0.31532949209213257,1.8591558933258057,2.382984459400177,2.7587923407554626
0.3804801404476166,0.4660491645336151,0.38037940859794617,0.26421791315078735,0.22482912242412567,0.3178364932537079,1.8647730350494385,2.3918600380420685,2.7717724442481995
0.3816941976547241,0.4678545594215393,0.38114133477211,0.2651863098144531,0.22552649676799774,0.31973716616630554,1.8690934777259827,2.3983781039714813,2.781885266304016
0.38312795758247375,0.47001004219055176,0.3821841776371002,0.266387939453125,0.22642619907855988,0.3221806287765503,1.8743455410003662,2.4064965546131134,2.7944645285606384
0.3846117854118347,0.47228020429611206,0.3832021653652191,0.2676176428794861,0.22731569409370422,0.32472342252731323,1.8796730041503906,2.4146725237369537,2.807442843914032
0.3870120346546173,0.4757845401763916,0.3858692944049835,0.26990649104118347,0.22929716110229492,0.3296683728694916,1.889711618423462,2.430894374847412,2.831450402736664
0.39237740635871887,0.48306113481521606,0.39445436000823975,0.275736004114151,0.23509112000465393,0.34272053837776184,1.915924847126007,2.474726438522339,2.8923845291137695
0.3960625231266022,0.4883549213409424,0.3992414176464081,0.27934393286705017,0.2382863163948059,0.35125932097435,1.9324329495429993,2.5006532669067383,2.931654155254364
0.3886709213256836,0.47929704189300537,0.3815208375453949,0.2692013680934906,0.22646403312683105,0.32948169112205505,1.8887311220169067,2.4195662140846252,2.830843925476074
0.3906470239162445,0.4821729362010956,0.3829129934310913,0.2706111669540405,0.22737076878547668,0.3329845666885376,1.8963012099266052,2.4291451275348663,2.8476494550704956
0.39424529671669006,0.487263560295105,0.3873421251773834,0.27398642897605896,0.23036310076713562,0.34075960516929626,1.9122716784477234,2.453732192516327,2.884434163570404
0.3942412734031677,0.48705464601516724,0.3856448233127594,0.2730032205581665,0.22894014418125153,0.3391735553741455,1.9108520448207855,2.446245700120926,2.8773891925811768
0.3969222903251648,0.4907382130622864,0.38859230279922485,0.27524861693382263,0.23081707954406738,0.3445746898651123,1.9225816428661346,2.4627307057380676,2.903023064136505
0.39737024903297424,0.49083396792411804,0.3881499469280243,0.27477988600730896,0.23008984327316284,0.3441721200942993,1.9244390726089478,2.460138350725174,2.9016026854515076
0.399551659822464,0.49359625577926636,0.39048707485198975,0.2763890326023102,0.23140612244606018,0.34827950596809387,1.934322863817215,2.472517490386963,2.921176850795746
0.40018755197525024,0.4937094748020172,0.39069679379463196,0.2761116027832031,0.23099297285079956,0.34835222363471985,1.9378694891929626,2.4721375107765198,2.9220569133758545
0.4020708501338959,0.4958380460739136,0.3927822411060333,0.2773320972919464,0.23200568556785583,0.3516828417778015,1.9469130039215088,2.4822674691677094,2.9380306601524353
0.40280085802078247,0.4958980679512024,0.39340341091156006,0.27714279294013977,0.2317735105752945,0.35198473930358887,1.951504647731781,2.4831511080265045,2.9400697350502014
0.40445590019226074,0.4975128769874573,0.3953474760055542,0.2780708372592926,0.2325783520936966,0.3547179102897644,1.9600063562393188,2.491704523563385,2.9533281922340393
0.4052504301071167,0.4975336194038391,0.39627620577812195,0.2779519557952881,0.23249104619026184,0.3551784157752991,1.9653481245040894,2.4935708940029144,2.9562202095985413
0.4067899286746979,0.4988552927970886,0.3982222080230713,0.2787425220012665,0.23322919011116028,0.3576136529445648,1.9737091660499573,2.501547932624817,2.9681947827339172
0.4075094759464264,0.4986322224140167,0.39924356341362,0.2785423696041107,0.2331433743238449,0.35787147283554077,1.9791436195373535,2.5032979249954224,2.970314621925354
0.4089469015598297,0.4997098743915558,0.401196151971817,0.2792277932167053,0.2338426113128662,0.3600476384162903,1.987358182668686,2.5108659267425537,2.981225848197937
0.4097248315811157,0.49952638149261475,0.4024427831172943,0.27912458777427673,0.23390421271324158,0.36046600341796875,1.993286907672882,2.513563632965088,2.984248399734497
0.4110542833805084,0.5003693103790283,0.4043823182582855,0.2797091007232666,0.2345663458108902,0.3623715043067932,2.001282572746277,2.5207090377807617,2.9940664768218994
0.41183987259864807,0.5001572370529175,0.40576449036598206,0.2796466052532196,0.23471660912036896,0.36282211542129517,2.007443755865097,2.5239181518554688,2.9973939061164856
0.4131380319595337,0.500921905040741,0.40776047110557556,0.28022268414497375,0.2354101985692978,0.3646661639213562,2.0154598355293274,2.5311779975891113,3.0070415139198303
0.413700670003891,0.5002436637878418,0.4090050160884857,0.27991512417793274,0.2354046106338501,0.3645298182964325,2.0210230350494385,2.533082962036133,3.0078527331352234
0.41512003540992737,0.5012332201004028,0.4112001061439514,0.28066059947013855,0.23626066744327545,0.36672845482826233,2.0295511186122894,2.5414997339248657,3.019142746925354
0.4156392216682434,0.5004372000694275,0.4124890863895416,0.2803184688091278,0.23626117408275604,0.3664919137954712,2.035124897956848,2.5433719158172607,3.0195796489715576
0.41694048047065735,0.5011892318725586,0.41461455821990967,0.2809383273124695,0.23703423142433167,0.36840003728866577,2.043331563472748,2.551107406616211,3.029593825340271
0.41748157143592834,0.5004171133041382,0.4160004258155823,0.28064194321632385,0.23709745705127716,0.3682478666305542,2.049097418785095,2.5533920526504517,3.0304554104804993
0.4186878502368927,0.500984787940979,0.41807445883750916,0.2811674475669861,0.2378106713294983,0.36993151903152466,2.057040184736252,2.5606203079223633,3.0394867062568665
0.41923731565475464,0.5002260804176331,0.41952869296073914,0.28090542554855347,0.2379230558872223,0.3698332607746124,2.062908113002777,2.563207745552063,3.040631115436554
0.42036572098731995,0.5006577968597412,0.4215620160102844,0.281366229057312,0.23860058188438416,0.37134307622909546,2.0706087350845337,2.5700849294662476,3.0489233136177063
0.4209150969982147,0.4999160170555115,0.4230636656284332,0.28113874793052673,0.23876114189624786,0.3712823688983917,2.0765000581741333,2.5729402899742126,3.0502915382385254
0.4219793677330017,0.5002574324607849,0.425061970949173,0.28156349062919617,0.23942743241786957,0.3726600110530853,2.08395779132843,2.5796139240264893,3.058057725429535
0.42252317070961,0.4995422661304474,0.4265933334827423,0.28137558698654175,0.2396402657032013,0.37262722849845886,2.089800387620926,2.5827306509017944,3.0596277117729187
0.4235357940196991,0.4998370409011841,0.4285595417022705,0.2817915976047516,0.2403183877468109,0.3739106059074402,2.097007930278778,2.589334547519684,3.067064583301544
0.42407119274139404,0.49916210770606995,0.4301057457923889,0.2816510498523712,0.24058985710144043,0.3739026188850403,2.102741301059723,2.592724561691284,3.0688437819480896
0.4250432550907135,0.4994495213031769,0.43204042315483093,0.28208231925964355,0.2412993609905243,0.3751252293586731,2.1096882224082947,2.599371075630188,3.076121211051941
0.4255695939064026,0.49882829189300537,0.43358898162841797,0.2819961607456207,0.2416338324546814,0.375143826007843,2.1152669191360474,2.6030415296554565,3.078126609325409
0.42651012539863586,0.4991376996040344,0.43549033999443054,0.2824590802192688,0.24238590896129608,0.3763330578804016,2.121947258710861,2.6097989082336426,3.0853700637817383
0.4270037114620209,0.4985268712043762,0.43701043725013733,0.2823999226093292,0.24275967478752136,0.3763158619403839,2.127276360988617,2.6135653257369995,3.087315857410431
0.42804592847824097,0.499153196811676,0.43898025155067444,0.283062607049942,0.2436758279800415,0.37784162163734436,2.1340402960777283,2.6213550567626953,3.09615820646286
0.4283284842967987,0.49816516041755676,0.44031813740730286,0.28280556201934814,0.24391904473304749,0.3772982954978943,2.138615846633911,2.623935043811798,3.095846474170685
0.4294593036174774,0.49908778071403503,0.44233211874961853,0.2836519777774811,0.2449823021888733,0.3791266083717346,2.145397663116455,2.632632255554199,3.1061211228370667
0.4298391044139862,0.49839597940444946,0.44373375177383423,0.2835817039012909,0.24537521600723267,0.3789089322090149,2.15006023645401,2.6361650228500366,3.1073179841041565
0.43075811862945557,0.4989515244960785,0.4455467462539673,0.28423091769218445,0.24630224704742432,0.3802114427089691,2.156045436859131,2.643631100654602,3.1153225898742676
0.4312935173511505,0.4986940026283264,0.4470458924770355,0.28442248702049255,0.24689547717571259,0.3804837465286255,2.1609219908714294,2.6485002040863037,3.1187471747398376
0.43214771151542664,0.4992029070854187,0.44877365231513977,0.28505709767341614,0.2478182017803192,0.38166722655296326,2.1665099263191223,2.6557469367980957,3.126271665096283
0.4326814115047455,0.4990307092666626,0.45024076104164124,0.28530967235565186,0.24846111238002777,0.38199564814567566,2.171175181865692,2.66082227230072,3.1299760937690735
0.4335145950317383,0.4995872974395752,0.4519139230251312,0.28598132729530334,0.2494134157896042,0.3831825256347656,2.176484167575836,2.6681220531463623,3.1375420093536377
0.434061735868454,0.49952787160873413,0.4533554017543793,0.28630590438842773,0.2501073479652405,0.3836095929145813,2.1809859573841095,2.6734477281570435,3.1416770815849304
0.43486642837524414,0.500105619430542,0.45496538281440735,0.28699514269828796,0.25106844305992126,0.3847793936729431,2.1860139071941376,2.6806849241256714,3.1491509079933167
0.43544742465019226,0.5002038478851318,0.4563924968242645,0.28741493821144104,0.25182726979255676,0.38536110520362854,2.1904030442237854,2.686377167701721,3.1539535522460938
0.43619611859321594,0.5007355213165283,0.4579186737537384,0.2880830466747284,0.25276681780815125,0.38643771409988403,2.1950890123844147,2.693336606025696,3.1609785556793213
0.43681225180625916,0.5009924173355103,0.45932865142822266,0.28859636187553406,0.2535862922668457,0.3871774673461914,2.1993693709373474,2.6993757486343384,3.166448175907135
0.43752244114875793,0.5015075206756592,0.4607817530632019,0.28925564885139465,0.2545071244239807,0.38820770382881165,2.203775644302368,2.7061182260513306,3.173198401927948
0.43816015124320984,0.5018795132637024,0.4621600806713104,0.28983041644096375,0.255354642868042,0.3890659213066101,2.20793753862381,2.712315320968628,3.1791064143180847
0.4388481676578522,0.5023959279060364,0.4635465443134308,0.29047977924346924,0.25624293088912964,0.39009153842926025,2.212143838405609,2.7188175916671753,3.1856948137283325
0.4394568204879761,0.5027368068695068,0.46484991908073425,0.2910175025463104,0.25702807307243347,0.3909222185611725,2.2161217033863068,2.724616527557373,3.1912821531295776
0.4401085078716278,0.5031954646110535,0.4661521017551422,0.2916075885295868,0.25783059000968933,0.3918965458869934,2.220146358013153,2.7305901050567627,3.1974080204963684
0.44068410992622375,0.5034775733947754,0.4673713743686676,0.2920798361301422,0.25852036476135254,0.3926808834075928,2.223968952894211,2.735823392868042,3.2025307416915894
0.44126784801483154,0.5037899613380432,0.46856459975242615,0.29255199432373047,0.2591869533061981,0.39350810647010803,2.2277678549289703,2.740950584411621,3.207728862762451
0.44184452295303345,0.5040963292121887,0.46972259879112244,0.2930038273334503,0.259816437959671,0.39433467388153076,2.231511026620865,2.745867371559143,3.212810456752777
0.44236090779304504,0.504265546798706,0.4708109200000763,0.2933613061904907,0.26035425066947937,0.39501044154167175,2.2350865602493286,2.7501845359802246,3.2170942425727844
0.4429449737071991,0.5046178102493286,0.4719151258468628,0.2938079535961151,0.2609412372112274,0.3958921730518341,2.2387543320655823,2.754884958267212,3.2222381234169006
0.4434211552143097,0.5047125220298767,0.47292008996009827,0.29409149289131165,0.261385440826416,0.39648735523223877,2.242163121700287,2.758626341819763,3.2259637117385864
0.4439612329006195,0.5049828290939331,0.47393959760665894,0.2944607436656952,0.2618783116340637,0.3972761034965515,2.2456537187099457,2.762739658355713,3.2305070757865906
0.44444605708122253,0.5051275491714478,0.47489675879478455,0.2947433292865753,0.2622886300086975,0.39792370796203613,2.248993217945099,2.7663105726242065,3.2343176007270813
0.44492676854133606,0.5052773356437683,0.47582605481147766,0.295014888048172,0.2626756429672241,0.398573100566864,2.2522807121276855,2.76974618434906,3.2380682229995728
0.4454050362110138,0.5054367184638977,0.4767298996448517,0.29527899622917175,0.2630433738231659,0.3992280066013336,2.2555193305015564,2.7730703353881836,3.241783380508423
0.44720467925071716,0.5066961646080017,0.4797554910182953,0.29665085673332214,0.2645432949066162,0.4023247957229614,2.266151010990143,2.786526083946228,3.2577264308929443
0.4514993131160736,0.5128418803215027,0.4852285087108612,0.30114319920539856,0.26861852407455444,0.41167598962783813,2.2847330570220947,2.8192782402038574,3.303169906139374
0.4552047848701477,0.5175296664237976,0.49031370878219604,0.3047962486743927,0.2720378041267395,0.4194680452346802,2.3020973801612854,2.8474557399749756,3.341149687767029
0.4594324827194214,0.5237336754798889,0.49568435549736023,0.30930227041244507,0.2760905623435974,0.4289863407611847,2.3201048374176025,2.8798043727874756,3.386739492416382
0.4631766378879547,0.5287144184112549,0.5007369518280029,0.3130962550640106,0.2795791029930115,0.43720871210098267,2.337164878845215,2.908281087875366,3.426091969013214
0.4672710597515106,0.5348403453826904,0.5059503316879272,0.3175223171710968,0.2835266888141632,0.44676196575164795,2.354416847229004,2.939649820327759,3.4710821509361267
0.47103244066238403,0.5401406288146973,0.5109361410140991,0.3214559853076935,0.2870730459690094,0.45546454191207886,2.3709870874881744,2.968275547027588,3.511848747730255
0.47495219111442566,0.546119213104248,0.5159566402435303,0.325748473405838,0.29086557030677795,0.4649946391582489,2.387344390153885,2.9983049631118774,3.555842638015747
0.47870418429374695,0.5517874956130981,0.520836591720581,0.32983478903770447,0.29447102546691895,0.47425711154937744,2.4031659960746765,3.0269640684127808,3.598160147666931
0.48243504762649536,0.5576530694961548,0.525645911693573,0.33400237560272217,0.29810917377471924,0.48382335901260376,2.418481409549713,3.05558979511261,3.641277849674225
0.4860353469848633,0.5633707046508789,0.5303319692611694,0.3380564749240875,0.3016335964202881,0.4933079481124878,2.4332082271575928,3.083256483078003,3.683501183986664
0.4895312190055847,0.569060206413269,0.5349056720733643,0.3420671820640564,0.3051002323627472,0.5028460621833801,2.447296977043152,3.11026930809021,3.725404441356659
0.4929603040218353,0.5749298930168152,0.5393712520599365,0.3461504876613617,0.30859610438346863,0.5126833319664001,2.4606072902679443,3.137076497077942,3.7679582834243774
0.49621933698654175,0.5805873870849609,0.5436910390853882,0.3500853180885315,0.31195390224456787,0.5223764777183533,2.4731871485710144,3.1626975536346436,3.80928635597229
0.4993378221988678,0.5861886143684387,0.5478746891021729,0.3539615273475647,0.31524354219436646,0.5321111679077148,2.4849435687065125,3.1874972581863403,3.850136399269104
0.5023256540298462,0.5918053388595581,0.5519416332244873,0.357826828956604,0.3185059428215027,0.5419987440109253,2.495827376842499,3.21167528629303,3.8909292221069336
0.5051430463790894,0.5971776247024536,0.5559234619140625,0.3615470230579376,0.3216495215892792,0.5517607927322388,2.5060898065567017,3.234790563583374,3.930586278438568
0.5078043937683105,0.6023218631744385,0.5598591566085815,0.3651428818702698,0.32469919323921204,0.5614356994628906,2.515821158885956,3.257017731666565,3.969312608242035
0.5103275179862976,0.6072959303855896,0.5637842416763306,0.3686582148075104,0.32769665122032166,0.5711138248443604,2.525058388710022,3.278602957725525,4.00750070810318
0.5127192735671997,0.6118601560592651,0.5677955150604248,0.37198173999786377,0.33057811856269836,0.5805321931838989,2.5343498587608337,3.2994186878204346,4.044316411018372
0.5150213837623596,0.6160792112350464,0.5719698667526245,0.3751697838306427,0.3334025740623474,0.5897927284240723,2.543899118900299,3.319893479347229,4.08029317855835
0.5172704458236694,0.619901180267334,0.5763963460922241,0.37821540236473083,0.33618444204330444,0.5988410711288452,2.5540927052497864,3.340291976928711,4.115428030490875
0.5195117592811584,0.6232099533081055,0.5811799764633179,0.3810776472091675,0.33891576528549194,0.607524037361145,2.5654909014701843,3.360845446586609,4.1494327783584595
0.5217828154563904,0.626128077507019,0.5863605737686157,0.3838391900062561,0.3416709899902344,0.6159845590591431,2.5781312584877014,3.3820098638534546,4.182978570461273
0.5241225957870483,0.6285973787307739,0.5920077562332153,0.38648518919944763,0.34445613622665405,0.6241234540939331,2.592398524284363,3.4040266275405884,4.215938150882721
0.5265600085258484,0.6306402087211609,0.5981556177139282,0.3890403211116791,0.3473008871078491,0.6319407224655151,2.608441412448883,3.427160382270813,4.248475432395935
0.5291141271591187,0.6322817802429199,0.6048192977905273,0.3915274739265442,0.35023045539855957,0.6394392251968384,2.6263269782066345,3.451610803604126,4.280720949172974
0.5317929983139038,0.6335299015045166,0.611991286277771,0.393955260515213,0.35325488448143005,0.6465908288955688,2.6460596919059753,3.4774625301361084,4.312657117843628
0.5345737934112549,0.6344457268714905,0.6195820569992065,0.39634498953819275,0.3563786447048187,0.6534117460250854,2.6672908663749695,3.5046005249023438,4.344286322593689
0.5374155044555664,0.6351409554481506,0.6274588108062744,0.39873695373535156,0.359611451625824,0.6599869728088379,2.6894405484199524,3.5328131914138794,4.375748932361603
0.5402796864509583,0.6357278823852539,0.6355036497116089,0.40117326378822327,0.3629642128944397,0.6664299368858337,2.7119651436805725,3.561902642250061,4.407261610031128
0.5431451797485352,0.6362015604972839,0.6436409950256348,0.403635710477829,0.3664083182811737,0.6726963520050049,2.7346622943878174,3.591618537902832,4.438574016094208
0.5459896922111511,0.6365887522697449,0.6517924070358276,0.40612292289733887,0.3699262738227844,0.6787941455841064,2.7572718262672424,3.621736764907837,4.469592273235321
0.5487868785858154,0.6369994878768921,0.6598786115646362,0.4086798429489136,0.3735337555408478,0.6848708391189575,2.779381573200226,3.6521339416503906,4.500658214092255
0.5515280365943909,0.6374238729476929,0.6678632497787476,0.41129016876220703,0.3772073984146118,0.6909065842628479,2.8009232878684998,3.6826449632644653,4.531626999378204
0.5542067289352417,0.6378939151763916,0.675729513168335,0.41396620869636536,0.38094887137413025,0.6969639658927917,2.8217974305152893,3.7132227420806885,4.562638700008392
0.5568228960037231,0.6383227109909058,0.6834677457809448,0.4166525602340698,0.38471007347106934,0.702918291091919,2.8421393036842346,3.7436717748641968,4.593236744403839
0.5593693256378174,0.6387791633605957,0.6910750865936279,0.41938516497612,0.3885130286216736,0.7089051008224487,2.8618022799491882,3.774033784866333,4.623804092407227
0.561843752861023,0.6392145156860352,0.6985477209091187,0.4221315085887909,0.3923286199569702,0.7148643732070923,2.880854904651642,3.8041824102401733,4.654097557067871
0.5642387866973877,0.6395643353462219,0.7058615684509277,0.42484286427497864,0.3961105942726135,0.7206971049308777,2.899342179298401,3.833894729614258,4.683718979358673
0.5665479898452759,0.6399210691452026,0.7130333185195923,0.4275722801685333,0.3998986482620239,0.7265889048576355,2.9171082377433777,3.86330246925354,4.7132351994514465
0.5687681436538696,0.6401658058166504,0.7200428247451782,0.4302419424057007,0.4036271870136261,0.7323487997055054,2.934309244155884,3.8921326398849487,4.741969406604767
0.5708939433097839,0.6402994990348816,0.7268902063369751,0.43284833431243896,0.4072909355163574,0.73799729347229,2.950921356678009,3.92034649848938,4.769946038722992
0.5729213356971741,0.640312135219574,0.7335760593414307,0.43538233637809753,0.41088128089904785,0.7435339689254761,2.966943085193634,3.947896957397461,4.797131419181824
0.574847936630249,0.6401768922805786,0.7401045560836792,0.4378274381160736,0.4143858551979065,0.7489330768585205,2.9824110865592957,3.974735736846924,4.823417067527771
0.5766738653182983,0.6398550271987915,0.7464885711669922,0.44016578793525696,0.41779494285583496,0.7541581988334656,2.997397482395172,4.000846743583679,4.848677814006805
0.5783989429473877,0.6393133401870728,0.7527414560317993,0.4423842132091522,0.42110344767570496,0.7591819167137146,3.011961877346039,4.026228189468384,4.87282007932663
0.5800206661224365,0.6385260820388794,0.7588756084442139,0.44447389245033264,0.42430955171585083,0.763992428779602,3.0261361598968506,4.050885438919067,4.895794987678528
0.5815330147743225,0.6374605894088745,0.7648963928222656,0.4464195966720581,0.4274049699306488,0.7685669660568237,3.039940595626831,4.074782729148865,4.917497634887695
0.5829269886016846,0.6360806226730347,0.7708040475845337,0.44820210337638855,0.43037694692611694,0.7728784680366516,3.053376078605652,4.097850322723389,4.937791228294373
0.5841900706291199,0.6343458890914917,0.7765935659408569,0.4497980773448944,0.4332084059715271,0.7768940925598145,3.066428005695343,4.1199904680252075,4.956503808498383
0.585307240486145,0.6322146058082581,0.782253623008728,0.45118093490600586,0.43587827682495117,0.780576229095459,3.0790644884109497,4.141073822975159,4.973434209823608
0.5862605571746826,0.6296463012695312,0.7877720594406128,0.45232468843460083,0.4383663237094879,0.7838925719261169,3.091234862804413,4.16096568107605,4.988388121128082
0.5870296359062195,0.626600980758667,0.7931320667266846,0.4532020390033722,0.4406503438949585,0.7868087887763977,3.1028708815574646,4.179510474205017,5.001155138015747
0.5875915288925171,0.6230396032333374,0.798312783241272,0.4537850618362427,0.44270750880241394,0.7892904281616211,3.113887310028076,4.196538329124451,5.011513829231262
0.5879205465316772,0.6189240217208862,0.803289532661438,0.454044908285141,0.4445134699344635,0.7913010716438293,3.1241795420646667,4.211857318878174,5.0192272663116455
0.5879884958267212,0.614220917224884,0.8080346584320068,0.4539544880390167,0.4460449814796448,0.7928096652030945,3.133622109889984,4.225268363952637,5.024068355560303
0.5877671837806702,0.6089230179786682,0.8125073909759521,0.453492671251297,0.4472780227661133,0.7937971353530884,3.1420469284057617,4.23654317855835,5.025845766067505
0.5872365832328796,0.6030716300010681,0.816646933555603,0.4526512026786804,0.4481883645057678,0.7942566871643066,3.1492602825164795,4.245443344116211,5.02444326877594
0.5863895416259766,0.5967490673065186,0.8204041719436646,0.45144519209861755,0.44876959919929504,0.7942219376564026,3.155093491077423,4.251834154129028,5.019939541816711
0.5852348804473877,0.5900713205337524,0.823744535446167,0.44991087913513184,0.4490323066711426,0.7937546968460083,3.159433901309967,4.255699515342712,5.012582540512085
0.5838038921356201,0.5831930041313171,0.8266422748565674,0.4481055438518524,0.449000746011734,0.7929313778877258,3.162248730659485,4.257145524024963,5.002772808074951
0.5821492671966553,0.5763015151023865,0.8291047811508179,0.4461151659488678,0.44872674345970154,0.7918788194656372,3.1635984778404236,4.2564791440963745,4.991176128387451
0.5803581476211548,0.5696383118629456,0.8311412334442139,0.4440494179725647,0.44827237725257874,0.7907290458679199,3.1636688113212585,4.254145622253418,4.9786219000816345
0.5785282850265503,0.5634477138519287,0.8328233957290649,0.44204550981521606,0.4477371871471405,0.7896982431411743,3.162730634212494,4.2508465051651,4.96627539396286
0.576774537563324,0.5579879879951477,0.8342368602752686,0.44025084376335144,0.44722795486450195,0.7890148162841797,3.1611403822898865,4.24738347530365,4.955402910709381
0.5752511620521545,0.5535821914672852,0.8354486227035522,0.4388316869735718,0.4468501806259155,0.78889000415802,3.159377872943878,4.24465537071228,4.947373867034912
0.5740801692008972,0.5504695773124695,0.8365719318389893,0.4379381835460663,0.4467197060585022,0.7895697355270386,3.157874047756195,4.243578314781189,4.9435341358184814
0.5733362436294556,0.5487585067749023,0.8376979827880859,0.43765702843666077,0.4469137489795685,0.7911924123764038,3.1569504737854004,4.244774580001831,4.944672584533691
0.5730723738670349,0.5484963655471802,0.8388636112213135,0.4380287528038025,0.44746726751327515,0.7937750816345215,3.1568530201911926,4.248594641685486,4.951084554195404
0.5732189416885376,0.549484372138977,0.8401356935501099,0.4390014708042145,0.4483847916126251,0.7973098754882812,3.1574752926826477,4.2549580335617065,4.962457716464996
0.5737513303756714,0.5516179800033569,0.8414945602416992,0.44052854180336,0.449639230966568,0.8016811013221741,3.1587955355644226,4.2636895179748535,4.978313446044922
0.5745890140533447,0.5546823143959045,0.8429286479949951,0.44251832365989685,0.4511849880218506,0.8067537546157837,3.1606289744377136,4.274393916130066,4.997870624065399
0.5756359100341797,0.5584389567375183,0.8444268703460693,0.44486698508262634,0.4529690444469452,0.8123955726623535,3.1627345085144043,4.28659975528717,5.020285248756409
0.5768548250198364,0.5627725720405579,0.8459352254867554,0.44750452041625977,0.4549366235733032,0.8184446096420288,3.1650227308273315,4.299946427345276,5.044865012168884
0.5781645774841309,0.5674766898155212,0.8474370241165161,0.45033562183380127,0.45703423023223877,0.8247708082199097,3.167295455932617,4.313993453979492,5.070834159851074
0.579479455947876,0.5723534822463989,0.8489447832107544,0.4532780051231384,0.4592236280441284,0.8313129544258118,3.1693345308303833,4.328371286392212,5.0976186990737915
0.5807881355285645,0.577354907989502,0.8504219055175781,0.45629480481147766,0.461470365524292,0.8379741907119751,3.1711193919181824,4.342883825302124,5.12484610080719
0.5820738077163696,0.5824179649353027,0.8518424034118652,0.45934638381004333,0.46374279260635376,0.8446648120880127,3.172624409198761,4.357337951660156,5.152146816253662
0.5832867622375488,0.5874381065368652,0.8532332181930542,0.4623952805995941,0.4660285711288452,0.8513977527618408,3.173721730709076,4.371578693389893,5.179339051246643
0.5844410061836243,0.5924193263053894,0.8545576333999634,0.4654267728328705,0.46830451488494873,0.8580905199050903,3.1744641065597534,4.385518431663513,5.206210017204285
0.5855172872543335,0.5973086953163147,0.855821967124939,0.4684178829193115,0.47055864334106445,0.8647255301475525,3.1748166680336,4.399064779281616,5.232611298561096
0.5865042209625244,0.6020622253417969,0.8570282459259033,0.47134822607040405,0.47277870774269104,0.8712728023529053,3.174774944782257,4.412145018577576,5.258392095565796
0.5873928666114807,0.6066318154335022,0.8581812381744385,0.4741963744163513,0.4749530255794525,0.8776953220367432,3.1743547320365906,4.424697756767273,5.2833908796310425
0.5881679058074951,0.6109583377838135,0.8593007326126099,0.47694215178489685,0.47707584500312805,0.8839789628982544,3.173559606075287,4.436683654785156,5.307492017745972
0.5888393521308899,0.6150041818618774,0.860379695892334,0.47956329584121704,0.4791303873062134,0.8900384306907654,3.172495663166046,4.448068737983704,5.330458879470825
0.5894063711166382,0.6187213063240051,0.8614343404769897,0.48204201459884644,0.48111045360565186,0.8958359956741333,3.1712350249290466,4.4588518142700195,5.352163314819336
0.5898699760437012,0.6220680475234985,0.8624844551086426,0.48436450958251953,0.4830130338668823,0.9013442993164062,3.1698545813560486,4.469053745269775,5.372516512870789
0.5902379155158997,0.6250261068344116,0.8635436296463013,0.4865245819091797,0.4848368465900421,0.9065433144569397,3.1684353947639465,4.478714466094971,5.391480326652527
0.590520977973938,0.627596914768219,0.8646196126937866,0.4885220229625702,0.4865812361240387,0.9114246368408203,3.16704660654068,4.487873315811157,5.409064888954163
0.5907293558120728,0.6297945380210876,0.8657158613204956,0.49036064743995667,0.48824575543403625,0.915992259979248,3.1657353043556213,4.496563076972961,5.425313711166382
0.5908727645874023,0.6316397786140442,0.8668311834335327,0.4920448362827301,0.48982876539230347,0.9202548265457153,3.1645330786705017,4.504805207252502,5.440277457237244
0.5909581184387207,0.6331504583358765,0.867963433265686,0.49357762932777405,0.49132710695266724,0.9242208003997803,3.163457214832306,4.5126014947891235,5.454000234603882
0.5909898281097412,0.6343392133712769,0.8691097497940063,0.49495911598205566,0.4927358627319336,0.9278963804244995,3.1625190377235413,4.519942998886108,5.466499328613281
0.5909711718559265,0.6352152228355408,0.8702661991119385,0.49618759751319885,0.4940485954284668,0.9312836527824402,3.1617262959480286,4.526808857917786,5.477780103683472
0.5909039974212646,0.6357846260070801,0.8714280128479004,0.4972597658634186,0.4952583312988281,0.9343827366828918,3.1610819697380066,4.533170461654663,5.487832427024841
0.5907891988754272,0.6360524892807007,0.8725903034210205,0.49817219376564026,0.4963577389717102,0.9371928572654724,3.1605836749076843,4.538995027542114,5.496642589569092
0.5906273722648621,0.6360249519348145,0.8737467527389526,0.4989220201969147,0.4973407983779907,0.939712643623352,3.160226047039032,4.544252157211304,5.5041950941085815
0.5904192924499512,0.6357110738754272,0.8748902082443237,0.49950915575027466,0.4982035458087921,0.941942036151886,3.159998655319214,4.548919200897217,5.510489344596863
0.590165376663208,0.6351244449615479,0.8760143518447876,0.4999373257160187,0.49894624948501587,0.9438873529434204,3.1598806381225586,4.5529866218566895,5.515545010566711
0.5898655652999878,0.6342803835868835,0.8771114349365234,0.5002115368843079,0.49957039952278137,0.9455554485321045,3.1598475575447083,4.556447267532349,5.519390106201172
0.5895197987556458,0.6331949234008789,0.8781737089157104,0.500337541103363,0.5000781416893005,0.9469541311264038,3.1598708033561707,4.559296369552612,5.522053837776184
0.5891273021697998,0.6318846940994263,0.8791935443878174,0.500322163105011,0.5004727840423584,0.9480929374694824,3.159918189048767,4.561530947685242,5.523571968078613
0.5886870622634888,0.6303665041923523,0.8801635503768921,0.50017249584198,0.5007583498954773,0.9489823579788208,3.1599557399749756,4.563152194023132,5.523983836174011
0.588198721408844,0.6286575794219971,0.8810762166976929,0.4998961091041565,0.5009389519691467,0.9496323466300964,3.1599512696266174,4.56416130065918,5.523329973220825
0.5876630544662476,0.6267759203910828,0.8819239139556885,0.49950042366981506,0.501018762588501,0.9500502347946167,3.159880042076111,4.564563035964966,5.521646738052368
0.587077260017395,0.6247411966323853,0.8827022314071655,0.4989960193634033,0.501004695892334,0.9502598643302917,3.1596943736076355,4.5643675327301025,5.519009828567505
0.5864495038986206,0.6225743293762207,0.88340163230896,0.4983889162540436,0.5008983016014099,0.9502531290054321,3.1594085693359375,4.56359326839447,5.515435338020325
0.5857657194137573,0.6202996969223022,0.8840265274047852,0.497698038816452,0.5007154941558838,0.9501012563705444,3.158905804157257,4.562255144119263,5.51110565662384
0.5850656032562256,0.6179443597793579,0.884555459022522,0.4969199299812317,0.5004436373710632,0.9497122764587402,3.1583765149116516,4.560412764549255,5.50589919090271
0.5842744708061218,0.6155358552932739,0.8850276470184326,0.49610379338264465,0.50013667345047,0.9493601322174072,3.157348334789276,4.558053016662598,5.50039529800415
0.5835286974906921,0.6131075024604797,0.8853787183761597,0.4952068626880646,0.49972912669181824,0.9486682415008545,3.1565722823143005,4.555326700210571,5.493960380554199
0.5827175974845886,0.6107034683227539,0.8856744766235352,0.49430975317955017,0.49931037425994873,0.9480596780776978,3.1553423404693604,4.552255272865295,5.487511157989502
0.5818367004394531,0.6083377599716187,0.8859195709228516,0.4934214651584625,0.49888676404953003,0.947573184967041,3.1536146998405457,4.548848867416382,5.481148362159729
0.5810966491699219,0.606102705001831,0.8860408067703247,0.4925077557563782,0.4983861744403839,0.9467253088951111,3.1525078415870667,4.545487761497498,5.474236607551575
0.580241322517395,0.6039811372756958,0.8861618041992188,0.491678923368454,0.4979543089866638,0.9462909698486328,3.1505393981933594,4.541954398155212,5.468181371688843
0.5794351100921631,0.6020559668540955,0.8862305879592896,0.49091312289237976,0.4975365102291107,0.9459195137023926,3.1485721468925476,4.538559317588806,5.462562441825867
0.5788012742996216,0.600449800491333,0.8862366676330566,0.4902406632900238,0.4971334636211395,0.9454752206802368,3.1471794843673706,4.535720944404602,5.457504391670227
0.5780739784240723,0.5990680456161499,0.8862816095352173,0.48972567915916443,0.4968557059764862,0.945618212223053,3.144911229610443,4.533026218414307,5.453971028327942
0.5775036811828613,0.5980947017669678,0.8863118886947632,0.4893757700920105,0.4966544508934021,0.9459326267242432,3.1430163979530334,4.531109929084778,5.4517292976379395
0.5771470665931702,0.5975909233093262,0.8863368034362793,0.4892168343067169,0.4965451657772064,0.9463858604431152,3.141756057739258,4.530237913131714,5.450944900512695
0.5767173767089844,0.5973551273345947,0.8864268064498901,0.489250123500824,0.4965921640396118,0.9474838972091675,3.139685094356537,4.529716968536377,5.45197606086731
0.5764790177345276,0.5975966453552246,0.8865338563919067,0.4894966185092926,0.49675658345222473,0.948822021484375,3.1381061673164368,4.530279040336609,5.454700589179993
0.5764666795730591,0.598347544670105,0.886662483215332,0.48997098207473755,0.4970487654209137,0.9503684043884277,3.137184977531433,4.53208863735199,5.459192395210266
0.5763742923736572,0.5993419289588928,0.8868575096130371,0.4906345307826996,0.49750185012817383,0.9525437355041504,3.1354346871376038,4.534240365028381,5.465431213378906
0.576468288898468,0.6007930040359497,0.8870720863342285,0.49150994420051575,0.4980788826942444,0.9549424648284912,3.1341686844825745,4.537484049797058,5.473312735557556
0.5767631530761719,0.6026809215545654,0.887298583984375,0.49258294701576233,0.49876996874809265,0.9574861526489258,3.1335002183914185,4.54183042049408,5.482661724090576
0.5769287347793579,0.6046768426895142,0.8875638246536255,0.4937783181667328,0.4995799958705902,0.9605384469032288,3.1318730115890503,4.546164870262146,5.493148565292358
0.5772501230239868,0.6070088148117065,0.8878204822540283,0.49512025713920593,0.5004706978797913,0.9636664986610413,3.1306996941566467,4.551302790641785,5.504669547080994
0.5776476263999939,0.6095576286315918,0.8880655765533447,0.49656543135643005,0.5014249086380005,0.9668857455253601,3.1296584010124207,4.556899070739746,5.516909956932068
0.5779781937599182,0.6121475696563721,0.8883018493652344,0.49805834889411926,0.5024259686470032,0.9702938199043274,3.128117024898529,4.56239640712738,5.529524087905884
0.5783554911613464,0.6148407459259033,0.8885068893432617,0.4995911121368408,0.5034462213516235,0.9736714363098145,3.1266817450523376,4.568071365356445,5.542316436767578
0.5787230730056763,0.6175411939620972,0.888680100440979,0.5011255741119385,0.5044675469398499,0.9770175218582153,3.125142455101013,4.573660492897034,5.555015802383423
0.5790209770202637,0.6201543211936951,0.8888227939605713,0.5026261806488037,0.5054736733436584,0.9803454875946045,3.12326580286026,4.578899145126343,5.567378997802734
0.579310953617096,0.6226965188980103,0.8889279365539551,0.5040799975395203,0.5064454078674316,0.9835202693939209,3.1214097142219543,4.5839279890060425,5.579243302345276
0.5795575380325317,0.6250994205474854,0.8890007734298706,0.5054609179496765,0.5073705315589905,0.9865416288375854,3.119458854198456,4.5885878801345825,5.590432286262512
0.5797236561775208,0.6272983551025391,0.8890488147735596,0.5067451000213623,0.5082393884658813,0.9894204139709473,3.1172820925712585,4.592723846435547,5.600799918174744
0.5798636674880981,0.6293078064918518,0.8890738487243652,0.5079247355461121,0.5090396404266357,0.9920508861541748,3.1152012944221497,4.5964860916137695,5.610243082046509
0.5799499750137329,0.6310793161392212,0.8890858888626099,0.508983850479126,0.5097661018371582,0.9944499135017395,3.1131204962730408,4.599772691726685,5.618675351142883
0.5799573659896851,0.6325787305831909,0.889093279838562,0.5099127292633057,0.5104169249534607,0.9966446161270142,3.1109416484832764,4.602500796318054,5.626060366630554
0.5799233913421631,0.6338314414024353,0.8890995979309082,0.5107147693634033,0.510989248752594,0.9985878467559814,3.1088653206825256,4.6047961711883545,5.632409453392029
0.5798681378364563,0.6348530054092407,0.8891096115112305,0.5113935470581055,0.5114837288856506,1.0002614259719849,3.106999099254608,4.60673987865448,5.637751221656799
0.5797458291053772,0.6356176137924194,0.8891276121139526,0.5119491815567017,0.5119063258171082,1.0017483234405518,3.1050971150398254,4.608196020126343,5.642139315605164
0.5795899629592896,0.6361631155014038,0.8891534805297852,0.5123923420906067,0.5122594833374023,1.0030207633972168,3.103315532207489,4.60929274559021,5.645637512207031
0.5794308185577393,0.6365251541137695,0.8891880512237549,0.5127336382865906,0.5125464200973511,1.0040569305419922,3.1017938256263733,4.610149264335632,5.6483131647109985
0.5792177319526672,0.6366832256317139,0.8892301321029663,0.5129762291908264,0.5127748250961304,1.0049487352371216,3.100242018699646,4.610612988471985,5.650234818458557
0.5789802670478821,0.636675238609314,0.889277458190918,0.5131319761276245,0.5129484534263611,1.0056743621826172,3.098790943622589,4.610799551010132,5.6514692306518555
0.5787470936775208,0.6365401148796082,0.8893296718597412,0.5132136940956116,0.5130723714828491,1.0062168836593628,3.097563087940216,4.610827565193176,5.652100443840027
0.5784720182418823,0.6362696886062622,0.8893810510635376,0.5132288932800293,0.5131558179855347,1.0066677331924438,3.0962759256362915,4.610558748245239,5.652215480804443
0.5781824588775635,0.6359057426452637,0.8894294500350952,0.5131922364234924,0.5132045745849609,1.0070149898529053,3.095039427280426,4.610110521316528,5.65190851688385
0.5779077410697937,0.6354910135269165,0.889474630355835,0.5131192207336426,0.5132258534431458,1.0072461366653442,3.0939748883247375,4.6096110343933105,5.651283264160156
0.5775984525680542,0.6350157260894775,0.8895097970962524,0.5130169987678528,0.5132285952568054,1.0074571371078491,3.092779219150543,4.608907103538513,5.650424957275391
0.5772953033447266,0.6345285773277283,0.8895361423492432,0.5129016637802124,0.5132192969322205,1.0076181888580322,3.0916374921798706,4.608170390129089,5.649433135986328
0.5770010948181152,0.634051501750946,0.8895528316497803,0.5127848386764526,0.5132054090499878,1.0077515840530396,3.0905351042747498,4.607434272766113,5.648400783538818
0.5767017602920532,0.6335906982421875,0.8895578384399414,0.5126739740371704,0.5131934285163879,1.0078970193862915,3.0893713235855103,4.606670141220093,5.647391676902771
0.5764094591140747,0.6331676840782166,0.8895522356033325,0.5125784277915955,0.5131886601448059,1.0080565214157104,3.088190257549286,4.60594117641449,5.6464773416519165
0.5761299133300781,0.63279789686203,0.8895366191864014,0.5125058889389038,0.5131960511207581,1.0082391500473022,3.087005913257599,4.605286121368408,5.645714998245239
0.5758644342422485,0.6324867010116577,0.8895126581192017,0.512459933757782,0.5132185220718384,1.008451223373413,3.0858173966407776,4.604721665382385,5.645134449005127
0.5756051540374756,0.6322308778762817,0.8894797563552856,0.5124414563179016,0.5132578015327454,1.0087072849273682,3.0845800042152405,4.604225158691406,5.644746422767639
0.5753580331802368,0.6320385336875916,0.8894394636154175,0.5124540328979492,0.5133159756660461,1.0090062618255615,3.0833199620246887,4.603827595710754,5.644577145576477
0.5751457810401917,0.6319239735603333,0.8893975019454956,0.5125011801719666,0.5133948922157288,1.0093215703964233,3.082161247730255,4.603622555732727,5.644649267196655
0.5749235153198242,0.6318506598472595,0.8893464803695679,0.5125735998153687,0.5134913921356201,1.0097014904022217,3.08087021112442,4.6034300327301025,5.644904375076294
0.5746889114379883,0.6318198442459106,0.889285683631897,0.5126721858978271,0.5136057734489441,1.010151982307434,3.079429268836975,4.603239297866821,5.645350217819214
0.5745270252227783,0.6318950057029724,0.8892322778701782,0.5128134489059448,0.5137444138526917,1.0105807781219482,3.078294098377228,4.603404402732849,5.646093487739563
0.5743443369865417,0.63199782371521,0.8891689777374268,0.5129746794700623,0.5138973593711853,1.0110818147659302,3.076975643634796,4.603527784347534,5.646989345550537
0.5741399526596069,0.6321251392364502,0.8890949487686157,0.5131539106369019,0.5140630602836609,1.011651635169983,3.0754727125167847,4.603599309921265,5.648018717765808
0.5740125179290771,0.6323447227478027,0.8890328407287598,0.5133678913116455,0.5142479538917542,1.0121774673461914,3.074326813220978,4.604030251502991,5.649289488792419
0.5738545656204224,0.632562518119812,0.8889602422714233,0.5135872960090637,0.5144378542900085,1.0127582550048828,3.072979748249054,4.604349732398987,5.650601387023926
0.5736825466156006,0.6327915191650391,0.8888797760009766,0.5138148069381714,0.5146328210830688,1.0133758783340454,3.071519434452057,4.604620933532715,5.6519728899002075
0.5735644102096558,0.6330757141113281,0.8888084888458252,0.5140613317489624,0.5148376226425171,1.0139521360397339,3.070322871208191,4.605131149291992,5.653476119041443
0.5734274387359619,0.6333492994308472,0.888730525970459,0.514305055141449,0.5150409936904907,1.0145485401153564,3.0690163373947144,4.6055543422698975,5.65495491027832
0.5732859969139099,0.6336181163787842,0.8886491060256958,0.5145458579063416,0.5152415037155151,1.0151439905166626,3.0676838755607605,4.605942964553833,5.656409859657288
0.5731523036956787,0.6338871121406555,0.8885679244995117,0.514784038066864,0.5154392123222351,1.0157207250595093,3.0663996934890747,4.606345295906067,5.657840371131897
0.5730190277099609,0.634148895740509,0.8884854316711426,0.5150167942047119,0.5156325101852417,1.0162842273712158,3.065127432346344,4.606727361679077,5.659226775169373
0.572887659072876,0.6344002485275269,0.8884021043777466,0.5152416229248047,0.5158191323280334,1.0168275833129883,3.0638816952705383,4.607088565826416,5.6605517864227295
0.5727264881134033,0.6346130967140198,0.8883097171783447,0.5154491066932678,0.5159939527511597,1.0173768997192383,3.06249737739563,4.607282876968384,5.661745667457581
0.5725970268249512,0.6348378658294678,0.8882253170013428,0.5156557559967041,0.5161662697792053,1.0178767442703247,3.0613023042678833,4.607590436935425,5.662928819656372
0.5724765658378601,0.6350529193878174,0.8881430625915527,0.5158534049987793,0.5163311958312988,1.0183449983596802,3.0601799488067627,4.607903361320496,5.664044618606567
0.5723087787628174,0.6352112293243408,0.8880469799041748,0.5160269737243652,0.5164802074432373,1.018829584121704,3.0588316917419434,4.6079665422439575,5.664977431297302
0.5721752643585205,0.6353801488876343,0.8879609107971191,0.5161988735198975,0.51662677526474,1.0192593336105347,3.0576926469802856,4.608154296875,5.665894150733948
0.5720710754394531,0.6355555057525635,0.8878839015960693,0.5163676142692566,0.5167698860168457,1.0196402072906494,3.05673748254776,4.608445167541504,5.666788220405579
0.5718985199928284,0.6356610059738159,0.8877861499786377,0.5165087580680847,0.5168949961662292,1.0200600624084473,3.055437207221985,4.608393311500549,5.667469501495361
0.5717364549636841,0.6357622146606445,0.8876907825469971,0.5166445374488831,0.517015814781189,1.0204514265060425,3.054211139678955,4.608363509178162,5.66810667514801
0.5716361999511719,0.6358985900878906,0.8876150846481323,0.5167878270149231,0.51714026927948,1.020769476890564,3.0533409118652344,4.608595967292786,5.668803453445435
0.5714655518531799,0.6359659433364868,0.8875172138214111,0.5169045925140381,0.51724773645401,1.0211303234100342,3.0521097779273987,4.60847795009613,5.669292211532593
0.5713010430335999,0.6360286474227905,0.8874207735061646,0.5170172452926636,0.5173521041870117,1.0214707851409912,3.050925135612488,4.608370065689087,5.6697434186935425
0.571200430393219,0.6361335515975952,0.8873453140258789,0.5171416997909546,0.5174636840820312,1.0217440128326416,3.0500996112823486,4.608547687530518,5.670287609100342
0.5710345506668091,0.6361795663833618,0.8872476816177368,0.517244279384613,0.5175611972808838,1.0220619440078735,3.0489307641983032,4.608403444290161,5.670655965805054
0.5708732604980469,0.6362254619598389,0.887150764465332,0.5173459053039551,0.5176581144332886,1.022368311882019,3.047790229320526,4.608272314071655,5.671010613441467
0.5707661509513855,0.6363112926483154,0.887071967124939,0.5174606442451477,0.5177635550498962,1.0226234197616577,3.0469486117362976,4.608392119407654,5.671465992927551
0.5706188678741455,0.6363627910614014,0.8869787454605103,0.517562985420227,0.5178610682487488,1.0229071378707886,3.045891225337982,4.608314037322998,5.671817660331726
0.5704503059387207,0.6363985538482666,0.8868765830993652,0.5176601409912109,0.517955482006073,1.0232073068618774,3.044714033603668,4.608132839202881,5.672122240066528
0.5703498125076294,0.6364922523498535,0.8867974281311035,0.517778754234314,0.5180642008781433,1.0234543085098267,3.0438998341560364,4.608280658721924,5.672591328620911
0.5702391862869263,0.6365816593170166,0.886713981628418,0.5178967714309692,0.5181726217269897,1.02371346950531,3.0430230498313904,4.608381986618042,5.673053860664368
0.5700698494911194,0.6366297602653503,0.8866074085235596,0.5180014371871948,0.5182723999023438,1.0240241289138794,3.041815757751465,4.608203172683716,5.673397183418274
0.5699751377105713,0.6367436647415161,0.8865269422531128,0.51813143491745,0.5183892846107483,1.0242815017700195,3.0410030484199524,4.608392715454102,5.67393958568573
0.5698758363723755,0.6368598937988281,0.8864436149597168,0.5182634592056274,0.5185076594352722,1.0245493650436401,3.040154278278351,4.608563780784607,5.674496293067932
0.5697139501571655,0.6369346976280212,0.8863347768783569,0.5183823704719543,0.518616795539856,1.0248750448226929,3.0389484763145447,4.608436226844788,5.674934387207031
0.5696260333061218,0.6370787620544434,0.8862518072128296,0.518528163433075,0.5187438726425171,1.0251541137695312,3.03812712430954,4.608676433563232,5.675590634346008
0.5695339441299438,0.6372265815734863,0.8861660957336426,0.5186764597892761,0.518872082233429,1.0254448652267456,3.037271201610565,4.608898758888245,5.676265358924866
0.569381594657898,0.6373316049575806,0.8860552310943604,0.5188100337982178,0.5189897418022156,1.025787591934204,3.0360740423202515,4.608825445175171,5.6768107414245605
0.5693013668060303,0.6374982595443726,0.8859713077545166,0.5189668536186218,0.5191230773925781,1.0260791778564453,3.035263419151306,4.609107971191406,5.67754864692688
0.56919926404953,0.6376487016677856,0.8858779668807983,0.5191172957420349,0.5192512273788452,1.026389241218567,3.034329116344452,4.609275460243225,5.678235292434692
0.5690541863441467,0.6377683877944946,0.885765790939331,0.5192561149597168,0.5193701982498169,1.0267349481582642,3.033151924610138,4.609225392341614,5.678822994232178
0.5689850449562073,0.6379505395889282,0.8856827020645142,0.5194175839424133,0.5195039510726929,1.027025818824768,3.0323857069015503,4.609543085098267,5.679606795310974
0.5688884258270264,0.6381074786186218,0.8855882883071899,0.5195674896240234,0.5196281671524048,1.0273339748382568,3.0314725637435913,4.609707593917847,5.680302977561951
0.5687477588653564,0.6382231712341309,0.8854751586914062,0.519699215888977,0.5197380185127258,1.0276668071746826,3.0303269624710083,4.609631896018982,5.680853724479675
0.5686823725700378,0.6383888721466064,0.8853931427001953,0.5198460221290588,0.5198574066162109,1.0279326438903809,3.0296096205711365,4.609906077384949,5.6815505027771
0.5686084032058716,0.6385354399681091,0.8853083848953247,0.5199815034866333,0.5199673175811768,1.0281916856765747,3.0288630723953247,4.610108733177185,5.682170987129211
0.568464994430542,0.6386152505874634,0.8851950168609619,0.520087718963623,0.5200546383857727,1.0284873247146606,3.0277541279792786,4.609934687614441,5.682557225227356
0.5683943033218384,0.6387414932250977,0.8851126432418823,0.5202071070671082,0.5201500654220581,1.0287169218063354,3.027062714099884,4.6100956201553345,5.683077573776245
0.5683197975158691,0.6388542056083679,0.8850287199020386,0.5203170776367188,0.5202370882034302,1.0289376974105835,3.0263665318489075,4.6102094650268555,5.683539509773254
0.5681749582290649,0.638904333114624,0.884914755821228,0.520399808883667,0.5203022956848145,1.0292009115219116,3.0252936482429504,4.6099430322647095,5.683780312538147
0.5681027173995972,0.6390035152435303,0.884831428527832,0.5204969644546509,0.5203765630722046,1.0294013023376465,3.0246344208717346,4.610015153884888,5.684168338775635
0.5680251121520996,0.6390886306762695,0.8847464323043823,0.5205848217010498,0.5204424858093262,1.0295950174331665,3.0239608883857727,4.610034227371216,5.684496760368347
0.5678822994232178,0.6391141414642334,0.88463294506073,0.520646333694458,0.5204876065254211,1.0298248529434204,3.0229398608207703,4.609698057174683,5.684611201286316
0.5678062438964844,0.6391841173171997,0.8845486640930176,0.5207211375236511,0.5205414295196533,1.0299971103668213,3.022301495075226,4.609676003456116,5.684862732887268
0.5677183866500854,0.6392382383346558,0.8844594955444336,0.5207868218421936,0.5205873250961304,1.0301700830459595,3.0216076970100403,4.609572887420654,5.685049295425415
0.5675872564315796,0.6392537355422974,0.8843505382537842,0.5208349823951721,0.5206190347671509,1.0303670167922974,3.0206820368766785,4.609232544898987,5.685093998908997
0.5675019025802612,0.6393002271652222,0.884261965751648,0.5208926200866699,0.5206570029258728,1.0305255651474,3.020016849040985,4.6091073751449585,5.685235857963562
0.5674141645431519,0.6393424272537231,0.8841722011566162,0.5209466814994812,0.5206913948059082,1.0306822061538696,3.019343316555023,4.608957767486572,5.685356259346008
0.5672908425331116,0.6393556594848633,0.8840657472610474,0.5209881663322449,0.5207157135009766,1.0308613777160645,3.0184736847877502,4.608616828918457,5.685369968414307
0.5672053098678589,0.6393965482711792,0.8839761018753052,0.5210391879081726,0.5207468271255493,1.0310109853744507,3.0178162455558777,4.608460068702698,5.685476660728455
0.5671208500862122,0.6394387483596802,0.8838868141174316,0.5210900902748108,0.5207775831222534,1.0311599969863892,3.017163872718811,4.608304500579834,5.68558394908905
0.5670031309127808,0.6394567489624023,0.8837817907333374,0.5211315155029297,0.5208010077476501,1.0313327312469482,3.016323149204254,4.607976675033569,5.685606598854065
0.5669220685958862,0.6395032405853271,0.8836935758590698,0.5211840271949768,0.5208330154418945,1.0314797163009644,3.0156853795051575,4.607835412025452,5.685727596282959
0.5668408870697021,0.6395518779754639,0.8836051225662231,0.5212377905845642,0.5208661556243896,1.0316284894943237,3.0150440335273743,4.607696533203125,5.685856342315674
0.5667279958724976,0.6395789384841919,0.8835015296936035,0.5212839841842651,0.5208936929702759,1.0318015813827515,3.0142197012901306,4.6073979139328,5.685911178588867
0.5666519403457642,0.6396348476409912,0.8834154605865479,0.5213419795036316,0.52093106508255,1.0319496393203735,3.0135995149612427,4.607291221618652,5.686069130897522
0.5665738582611084,0.6396917104721069,0.8833284378051758,0.5214013457298279,0.5209699869155884,1.0321012735366821,3.012964129447937,4.607179164886475,5.68623423576355
0.5664651393890381,0.639727771282196,0.8832268714904785,0.521453857421875,0.5210041403770447,1.0322766304016113,3.0121517181396484,4.606916308403015,5.686327815055847
0.5663930177688599,0.6397919654846191,0.8831430673599243,0.5215182304382324,0.5210482478141785,1.0324267148971558,3.0115434527397156,4.60684597492218,5.686525106430054
0.566318154335022,0.639856219291687,0.8830583095550537,0.5215837359428406,0.521094024181366,1.032580852508545,3.0109161138534546,4.606767892837524,5.686725378036499
0.5662127733230591,0.6398988366127014,0.8829587697982788,0.5216420888900757,0.5211348533630371,1.0327576398849487,3.010113835334778,4.606537222862244,5.686851739883423
0.5661433935165405,0.6399674415588379,0.8828775882720947,0.5217111706733704,0.5211849212646484,1.0329080820083618,3.009515702724457,4.606496095657349,5.687073469161987
0.566071629524231,0.6400347352027893,0.8827955722808838,0.521780788898468,0.5212360620498657,1.0330607891082764,3.008902668952942,4.606447219848633,5.687294006347656
0.5659684538841248,0.640079140663147,0.8826984167098999,0.5218423008918762,0.521281361579895,1.0332359075546265,3.008110523223877,4.606238603591919,5.687432885169983
0.5659011602401733,0.6401476860046387,0.8826197385787964,0.521913468837738,0.521335244178772,1.0333833694458008,3.0075249075889587,4.606215953826904,5.687663555145264
0.5658318400382996,0.6402138471603394,0.8825405836105347,0.5219842195510864,0.5213891863822937,1.0335315465927124,3.006928861141205,4.606184363365173,5.687885284423828
0.565730094909668,0.640255331993103,0.8824455738067627,0.5220456719398499,0.5214361548423767,1.0337014198303223,3.0061498284339905,4.605984091758728,5.688018798828125
0.5656641721725464,0.6403195261955261,0.8823692798614502,0.5221158266067505,0.5214906930923462,1.0338424444198608,3.005579710006714,4.605967402458191,5.688235759735107
0.5655966997146606,0.6403806209564209,0.882292628288269,0.5221846699714661,0.5215444564819336,1.0339829921722412,3.005003035068512,4.605940580368042,5.688442587852478
0.5654958486557007,0.6404156684875488,0.8821995258331299,0.522243082523346,0.521589994430542,1.0341445207595825,3.004239499568939,4.60573673248291,5.688552260398865
0.5654308199882507,0.6404716968536377,0.8821253776550293,0.5223089456558228,0.5216419696807861,1.0342761278152466,3.0036869645118713,4.6057116985321045,5.6887394189834595
0.56536465883255,0.6405239701271057,0.8820512294769287,0.5223727226257324,0.5216922760009766,1.0344058275222778,3.003133237361908,4.605675935745239,5.688912868499756
0.5652644038200378,0.6405495405197144,0.8819595575332642,0.5224252343177795,0.5217332243919373,1.0345566272735596,3.002387583255768,4.60545539855957,5.688982605934143
0.5652002692222595,0.6405950784683228,0.8818873167037964,0.5224842429161072,0.5217797160148621,1.034676194190979,3.0018576979637146,4.605411887168884,5.6891268491744995
0.5651348829269409,0.6406363844871521,0.8818149566650391,0.5225403904914856,0.5218235850334167,1.0347932577133179,3.001326322555542,4.6053546667099,5.689253211021423
0.5650349855422974,0.6406506896018982,0.88172447681427,0.522584855556488,0.521857500076294,1.0349315404891968,3.0006006360054016,4.605106711387634,5.689273476600647
0.5649715662002563,0.6406844854354858,0.8816540241241455,0.5226351618766785,0.521896243095398,1.0350377559661865,3.00009548664093,4.605038166046143,5.689365863800049
0.5649071931838989,0.6407139301300049,0.8815830945968628,0.5226823091506958,0.5219320058822632,1.035140872001648,2.999589741230011,4.6049535274505615,5.689438581466675
0.564807653427124,0.6407164335250854,0.8814936876296997,0.5227175354957581,0.5219573974609375,1.0352660417556763,2.9988858103752136,4.604674577713013,5.689405798912048
0.5647445321083069,0.6407378911972046,0.8814241886138916,0.5227581262588501,0.5219873189926147,1.0353586673736572,2.9984018206596375,4.604572653770447,5.689440965652466
0.5646815299987793,0.6407557725906372,0.8813551664352417,0.5227957367897034,0.5220142602920532,1.035447359085083,2.9979243874549866,4.6044594049453735,5.689460635185242
0.5645824670791626,0.6407465934753418,0.8812665939331055,0.5228214859962463,0.522030770778656,1.0355587005615234,2.997243106365204,4.604148864746094,5.689371824264526
0.5645194053649902,0.6407557725906372,0.8811980485916138,0.5228521823883057,0.5220514535903931,1.0356374979019165,2.996780574321747,4.604012966156006,5.689350366592407
0.5644582509994507,0.6407621502876282,0.8811309337615967,0.5228801965713501,0.5220695734024048,1.0357111692428589,2.996334135532379,4.603874087333679,5.689316391944885
0.564358115196228,0.6407405138015747,0.88104248046875,0.5228959321975708,0.5220768451690674,1.0358097553253174,2.9956665635108948,4.603523015975952,5.68916916847229
0.5642973780632019,0.6407384872436523,0.8809762001037598,0.5229172110557556,0.5220890045166016,1.0358726978302002,2.9952380061149597,4.60336446762085,5.689094662666321
0.5642381906509399,0.6407334208488464,0.8809113502502441,0.522935688495636,0.5220986008644104,1.0359301567077637,2.994825839996338,4.603202939033508,5.6890058517456055
0.5641168355941772,0.6406863927841187,0.8808118104934692,0.5229365825653076,0.5220926403999329,1.0360301733016968,2.9940536618232727,4.60270881652832,5.68874716758728
0.564120888710022,0.6407101154327393,0.8807835578918457,0.5229622721672058,0.5221090316772461,1.0360276699066162,2.9940322041511536,4.602853059768677,5.688768029212952
0.5639821290969849,0.640644371509552,0.8806750774383545,0.5229530334472656,0.5220941305160522,1.0361316204071045,2.993170917034149,4.602248668670654,5.68842887878418
0.5638943910598755,0.6406034231185913,0.8805955648422241,0.5229506492614746,0.5220857262611389,1.0361883640289307,2.992621660232544,4.601893424987793,5.688183903694153
0.5639383792877197,0.6406351923942566,0.8805924654006958,0.5229743123054504,0.5221013426780701,1.0361371040344238,2.9928651452064514,4.602214097976685,5.688232183456421
0.5637128949165344,0.6405056118965149,0.8804351091384888,0.5229360461235046,0.5220608115196228,1.036292314529419,2.9915085434913635,4.601127505302429,5.687625408172607
0.5636820197105408,0.6404805779457092,0.8803902864456177,0.5229336619377136,0.522053599357605,1.0362834930419922,2.9913294315338135,4.601032137870789,5.687435865402222
0.5637369155883789,0.6404998898506165,0.8803963661193848,0.5229470133781433,0.5220617055892944,1.0362019538879395,2.991671562194824,4.60137665271759,5.687428712844849
0.5634929537773132,0.6403448581695557,0.8802295923233032,0.5228939652442932,0.5220088958740234,1.0363527536392212,2.9902300238609314,4.600162506103516,5.686708092689514
0.5634667873382568,0.6403040885925293,0.8801901340484619,0.5228798985481262,0.5219929218292236,1.0363177061080933,2.990112006664276,4.600057601928711,5.68644642829895
0.5635266304016113,0.6403071880340576,0.8802021741867065,0.5228813886642456,0.5219923853874207,1.0362097024917603,2.9905176162719727,4.600395560264587,5.686368346214294
0.5632553100585938,0.640121340751648,0.8800204992294312,0.5228113532066345,0.5219253301620483,1.0363613367080688,2.9889389872550964,4.5990073680877686,5.685510039329529
0.5632967352867126,0.6400988101959229,0.8800234794616699,0.5227981805801392,0.5219127535820007,1.0362484455108643,2.989262640476227,4.599220156669617,5.6853187084198
0.563292384147644,0.6400498747825623,0.8800002336502075,0.522775411605835,0.521891713142395,1.036171793937683,2.989310920238495,4.599196910858154,5.685020685195923
0.5630216598510742,0.639850378036499,0.8798195123672485,0.522695004940033,0.5218163728713989,1.036302924156189,2.987760603427887,4.597780704498291,5.6840914487838745
0.563096284866333,0.6398266553878784,0.879845142364502,0.5226755738258362,0.5218008756637573,1.036138892173767,2.98831969499588,4.598135948181152,5.683889985084534
0.5630643367767334,0.6397485733032227,0.8798072338104248,0.522637128829956,0.5217670202255249,1.0360655784606934,2.9882273077964783,4.597944021224976,5.683463215827942
0.562791109085083,0.6395363211631775,0.8796252012252808,0.52254718542099,0.521683931350708,1.036181092262268,2.9866823554039,4.596487283706665,5.682466626167297
0.5628722906112671,0.6394991278648376,0.8796567916870117,0.5225172638893127,0.5216609835624695,1.035989761352539,2.987312078475952,4.596847295761108,5.682202577590942
0.5628354549407959,0.6394056081771851,0.8796172142028809,0.5224681496620178,0.521618664264679,1.0359020233154297,2.9872143268585205,4.596604108810425,5.681700706481934
0.5625587105751038,0.6391829252243042,0.8794324398040771,0.5223696827888489,0.5215281248092651,1.0360057353973389,2.9856637120246887,4.595103859901428,5.680643916130066
0.5626398921012878,0.639133095741272,0.8794653415679932,0.5223300457000732,0.5214976668357849,1.0357962846755981,2.986317276954651,4.59543764591217,5.680316686630249
0.5626015663146973,0.6390306353569031,0.8794248104095459,0.5222733020782471,0.5214490294456482,1.0356959104537964,2.9862266778945923,4.595164656639099,5.679764747619629
0.562326192855835,0.6388057470321655,0.8792390823364258,0.5221702456474304,0.5213539004325867,1.0357898473739624,2.984689772129059,4.5936501026153564,5.678681135177612
0.5624046325683594,0.6387478709220886,0.8792704343795776,0.5221232771873474,0.5213168859481812,1.0355708599090576,2.985340654850006,4.593948721885681,5.678307414054871
0.5623632073402405,0.6386399269104004,0.8792270421981812,0.5220604538917542,0.5212624073028564,1.0354639291763306,2.9852402210235596,4.593639373779297,5.677717328071594
0.562102735042572,0.6384212374687195,0.8790485858917236,0.5219557881355286,0.5211653113365173,1.0355380773544312,2.9837986826896667,4.592182636260986,5.676641464233398
0.5621665716171265,0.6383498907089233,0.8790708780288696,0.5218999981880188,0.5211203694343567,1.0353199243545532,2.9843726754188538,4.59238588809967,5.6761980056762695
0.5621041059494019,0.6382253766059875,0.8790141344070435,0.5218269228935242,0.5210564136505127,1.0352188348770142,2.9841551184654236,4.591946005821228,5.675522685050964
0.5619407296180725,0.6380528211593628,0.8788940906524658,0.5217356085777283,0.5209731459617615,1.0352033376693726,2.9833146929740906,4.590977430343628,5.674630403518677
0.5619015097618103,0.6379302740097046,0.8788520097732544,0.5216586589813232,0.5209067463874817,1.0350676774978638,2.983258068561554,4.590634703636169,5.673952698707581
0.5618745684623718,0.6378154754638672,0.8788168430328369,0.5215843319892883,0.5208427906036377,1.0349222421646118,2.9832741618156433,4.590355157852173,5.673304796218872
0.5617647171020508,0.637661337852478,0.8787299394607544,0.5214950442314148,0.5207631587982178,1.0348474979400635,2.9827794432640076,4.589642286300659,5.672480463981628
0.561698853969574,0.637519121170044,0.878671407699585,0.5214071869850159,0.5206869840621948,1.0347224473953247,2.982572019100189,4.589143395423889,5.671706199645996
0.5616666674613953,0.6373904347419739,0.8786340951919556,0.5213230848312378,0.5206156969070435,1.0345637798309326,2.9825782775878906,4.588814973831177,5.6709885597229
0.561555027961731,0.6372238397598267,0.878547191619873,0.5212245583534241,0.5205293893814087,1.0344722270965576,2.9820939898490906,4.588070511817932,5.670101046562195
0.5614837408065796,0.6370670199394226,0.8784862756729126,0.5211265683174133,0.5204458236694336,1.0343328714370728,2.9818767309188843,4.587520956993103,5.669252872467041
0.5614444017410278,0.6369234323501587,0.8784453868865967,0.5210323929786682,0.520366907119751,1.034161925315857,2.981860935688019,4.587134122848511,5.668459534645081
0.5613270998001099,0.6367450952529907,0.8783550262451172,0.5209251046180725,0.520273745059967,1.034058928489685,2.981358766555786,4.586339592933655,5.667507648468018
0.5612648725509644,0.6365840435028076,0.8783000707626343,0.5208213329315186,0.5201864242553711,1.0338962078094482,2.9812148213386536,4.585818648338318,5.666629076004028
0.5612083077430725,0.6364242434501648,0.8782486915588379,0.520717203617096,0.5200993418693542,1.0337250232696533,2.9811084270477295,4.585323333740234,5.665751695632935
0.5610970854759216,0.6362400650978088,0.8781625032424927,0.520603597164154,0.520002007484436,1.0336005687713623,2.9806628823280334,4.5845431089401245,5.664761066436768
0.561034083366394,0.6360712051391602,0.8781071901321411,0.52049320936203,0.5199100971221924,1.033423662185669,2.9805290699005127,4.584001898765564,5.6638360023498535
0.5609703063964844,0.6359020471572876,0.8780510425567627,0.5203823447227478,0.5198180675506592,1.03324556350708,2.98039048910141,4.583456516265869,5.662904977798462
0.5608609914779663,0.6357133388519287,0.8779658079147339,0.5202641487121582,0.5197179913520813,1.0331066846847534,2.9799684882164,4.582673907279968,5.661882162094116
0.5607959032058716,0.635539174079895,0.8779089450836182,0.5201494097709656,0.5196235179901123,1.0329201221466064,2.9798316955566406,4.582114219665527,5.660920739173889
0.5607284903526306,0.6353650093078613,0.8778505325317383,0.5200347900390625,0.5195294618606567,1.0327345132827759,2.9796797037124634,4.581544995307922,5.659955739974976
0.56061851978302,0.6351741552352905,0.8777644634246826,0.5199143886566162,0.5194288492202759,1.0325874090194702,2.979259192943573,4.5807576179504395,5.6589120626449585
0.5605521202087402,0.6349982619285583,0.8777065277099609,0.519798219203949,0.5193346738815308,1.0323939323425293,2.979118227958679,4.580192565917969,5.657932162284851
0.5604830980300903,0.634823739528656,0.8776466846466064,0.519683301448822,0.5192420482635498,1.0322036743164062,2.9789575934410095,4.579620361328125,5.656956434249878
0.5603734254837036,0.6346357464790344,0.8775601387023926,0.5195645093917847,0.5191444158554077,1.0320528745651245,2.9785364866256714,4.578844904899597,5.655913949012756
0.5603065490722656,0.6344640851020813,0.8775012493133545,0.5194513201713562,0.5190545320510864,1.031858205795288,2.9783883690834045,4.5782917737960815,5.6549447774887085
0.5602375268936157,0.6342961192131042,0.8774408102035522,0.5193412899971008,0.5189680457115173,1.0316691398620605,2.9782187938690186,4.577741026878357,5.653989315032959
0.5601304769515991,0.6341206431388855,0.8773549795150757,0.5192316770553589,0.5188803672790527,1.0315228700637817,2.977796494960785,4.577010869979858,5.6529974937438965
0.5600653886795044,0.6339666843414307,0.8772962093353271,0.5191318988800049,0.5188043713569641,1.03134024143219,2.977631986141205,4.576514363288879,5.652102828025818
0.5599983930587769,0.6338205933570862,0.8772357702255249,0.5190390348434448,0.5187351107597351,1.031167984008789,2.977440655231476,4.5760321617126465,5.6512439250946045
0.5598958730697632,0.6336714029312134,0.877151608467102,0.5189492702484131,0.5186672806739807,1.0310404300689697,2.9770073294639587,4.575390815734863,5.6503695249557495
0.5598336458206177,0.6335440874099731,0.8770933151245117,0.5188705921173096,0.5186121463775635,1.030880331993103,2.976817786693573,4.574978947639465,5.649595856666565
0.559769868850708,0.6334241628646851,0.8770339488983154,0.5187985301017761,0.5185636878013611,1.0307297706604004,2.9766055941581726,4.5745837688446045,5.648858547210693
0.5596721172332764,0.6332997679710388,0.8769522905349731,0.518729031085968,0.5185162425041199,1.0306211709976196,2.9761630296707153,4.574035406112671,5.64810037612915
0.5596122145652771,0.6331945657730103,0.8768951892852783,0.518669068813324,0.5184800624847412,1.0304805040359497,2.975952625274658,4.5736998319625854,5.647432208061218
0.5595518350601196,0.633095383644104,0.8768378496170044,0.5186148285865784,0.5184499621391296,1.0303473472595215,2.9757294058799744,4.573384523391724,5.646796226501465
0.5594576597213745,0.6329894661903381,0.8767584562301636,0.5185616612434387,0.518419623374939,1.030253291130066,2.975280284881592,4.572911262512207,5.646129250526428
0.5593981146812439,0.6328969597816467,0.8767024278640747,0.5185149312019348,0.5183979868888855,1.0301254987716675,2.9750511050224304,4.572629928588867,5.645529627799988
0.5593404769897461,0.6328067779541016,0.87664794921875,0.5184711813926697,0.5183801054954529,1.029997706413269,2.9748305678367615,4.5723700523376465,5.644943714141846
0.5592554211616516,0.6327086687088013,0.8765758275985718,0.5184265375137329,0.5183605551719666,1.029899001121521,2.974431812763214,4.571978449821472,5.644323229789734
0.5591851472854614,0.6326148509979248,0.8765137195587158,0.518383800983429,0.5183441638946533,1.0297842025756836,2.974129617214203,4.571667313575745,5.643725395202637
0.5591380596160889,0.6325265169143677,0.8764674663543701,0.5183432102203369,0.5183318257331848,1.0296434164047241,2.973979413509369,4.571476578712463,5.6431567668914795
0.5590533018112183,0.6324245929718018,0.8763965368270874,0.5182985663414001,0.5183139443397522,1.029539704322815,2.97358900308609,4.571093320846558,5.64252495765686
0.5589767694473267,0.6323220729827881,0.8763313293457031,0.5182526707649231,0.5182958841323853,1.0294233560562134,2.973257303237915,4.57074761390686,5.641891360282898
0.5589311718940735,0.6322253346443176,0.8762869834899902,0.5182076096534729,0.5182806849479675,1.0292702913284302,2.973131537437439,4.570555090904236,5.641288161277771
0.5588456392288208,0.6321129202842712,0.8762160539627075,0.5181565880775452,0.5182577967643738,1.0291553735733032,2.972753345966339,4.5701515674591064,5.640609264373779
0.5587661266326904,0.6319980621337891,0.8761494159698486,0.5181028246879578,0.5182328820228577,1.0290285348892212,2.9724210500717163,4.569768905639648,5.63991904258728
0.5587177872657776,0.6318878531455994,0.8761035203933716,0.5180485844612122,0.5182095766067505,1.0288633108139038,2.9722991585731506,4.569535851478577,5.639252662658691
0.5586315989494324,0.6317621469497681,0.8760323524475098,0.5179877877235413,0.51817786693573,1.0287328958511353,2.9719385504722595,4.5690977573394775,5.638509392738342
0.558549702167511,0.6316327452659607,0.8759640455245972,0.5179234743118286,0.5181431770324707,1.0285917520523071,2.9716143012046814,4.568670392036438,5.637747645378113
0.5584990978240967,0.6315072774887085,0.8759168386459351,0.5178579688072205,0.5181096792221069,1.0284106731414795,2.9715028405189514,4.568392038345337,5.637006759643555
0.5584112405776978,0.631367027759552,0.8758445978164673,0.5177862048149109,0.5180677175521851,1.0282646417617798,2.971155345439911,4.5679110288619995,5.636191368103027
0.5583279132843018,0.6312248706817627,0.8757748603820801,0.5177115797996521,0.5180232524871826,1.028109073638916,2.9708436131477356,4.567442536354065,5.635364055633545
0.5582759380340576,0.6310881972312927,0.8757259845733643,0.5176365971565247,0.5179804563522339,1.0279152393341064,2.9707416892051697,4.567124843597412,5.634562969207764
0.5581871271133423,0.6309386491775513,0.8756521940231323,0.5175561904907227,0.5179298520088196,1.0277575254440308,2.970404028892517,4.566608667373657,5.633694529533386
0.558103084564209,0.6307883262634277,0.8755807876586914,0.5174739956855774,0.5178775191307068,1.027591586112976,2.9701009392738342,4.566107988357544,5.632820129394531
0.5580512881278992,0.6306461095809937,0.8755308389663696,0.5173928737640381,0.517828106880188,1.0273886919021606,2.9700106382369995,4.5657676458358765,5.631983280181885
0.5579615235328674,0.6304917335510254,0.8754549026489258,0.5173070430755615,0.5177715420722961,1.0272245407104492,2.969675362110138,4.56522524356842,5.631083250045776
0.5578776597976685,0.6303384304046631,0.8753824234008789,0.5172204971313477,0.5177143812179565,1.0270525217056274,2.9693788290023804,4.564707279205322,5.6301844120025635
0.5578265190124512,0.6301948428153992,0.8753312826156616,0.51713627576828,0.5176611542701721,1.02684485912323,2.9692959785461426,4.5643556118011475,5.629330277442932
0.5577371120452881,0.6300423741340637,0.8752536773681641,0.5170491933822632,0.5176019072532654,1.0266798734664917,2.968960702419281,4.563804268836975,5.628426671028137
0.5576545000076294,0.6298929452896118,0.8751798868179321,0.5169627070426941,0.5175433158874512,1.0265083312988281,2.9686668515205383,4.5632851123809814,5.627534985542297
0.5576049089431763,0.6297537684440613,0.8751277923583984,0.516879141330719,0.5174893736839294,1.0263012647628784,2.968587577342987,4.562936425209045,5.62669038772583
0.5575160980224609,0.6296056509017944,0.8750488758087158,0.5167930126190186,0.5174298882484436,1.026138424873352,2.9682493209838867,4.562384486198425,5.625797510147095
0.5574347376823425,0.6294612288475037,0.8749743700027466,0.5167081356048584,0.5173717737197876,1.0259686708450317,2.9679566621780396,4.561871886253357,5.624918341636658
0.5573869943618774,0.6293269991874695,0.8749221563339233,0.5166264772415161,0.517318844795227,1.0257627964019775,2.9678818583488464,4.561533331871033,5.624089241027832
0.5572976469993591,0.6291828155517578,0.8748413324356079,0.5165417790412903,0.5172597765922546,1.025603175163269,2.9675331711769104,4.560979604721069,5.6232064962387085
0.5572178363800049,0.6290426254272461,0.8747667074203491,0.5164585113525391,0.5172027945518494,1.025434136390686,2.9672452807426453,4.560476541519165,5.622339844703674
0.5571719408035278,0.6289124488830566,0.8747146129608154,0.5163785219192505,0.5171510577201843,1.0252282619476318,2.9671773314476013,4.560150504112244,5.6215232610702515
0.5570658445358276,0.6287674903869629,0.8746215105056763,0.5162943005561829,0.517090916633606,1.0250896215438843,2.966712713241577,4.559513330459595,5.620628595352173
0.5569902062416077,0.6286321878433228,0.8745487928390503,0.5162135362625122,0.5170361995697021,1.0249180793762207,2.9664456844329834,4.559037089347839,5.619779825210571
0.5569482445716858,0.6285068988800049,0.8744986057281494,0.5161362886428833,0.5169873237609863,1.0247104167938232,2.966397702693939,4.558737874031067,5.618981719017029
0.5568480491638184,0.6283677816390991,0.8744087219238281,0.516055166721344,0.5169302225112915,1.0245684385299683,2.96596497297287,4.558138847351074,5.618110299110413
0.5567744374275208,0.6282380819320679,0.8743364810943604,0.5159779191017151,0.5168787837028503,1.0243990421295166,2.965703308582306,4.557682275772095,5.617284178733826
0.5567350387573242,0.6281192302703857,0.8742873668670654,0.5159047245979309,0.5168336629867554,1.0241936445236206,2.965662181377411,4.55740749835968,5.616512894630432
0.5566535592079163,0.6279919743537903,0.8742091655731201,0.5158298015594482,0.5167834162712097,1.0240379571914673,2.965340316295624,4.556918144226074,5.615695118904114
0.5565805435180664,0.6278707385063171,0.8741364479064941,0.5157580375671387,0.5167365074157715,1.0238767862319946,2.965068221092224,4.55647885799408,5.614905953407288
0.5565420985221863,0.6277615427970886,0.8740867376327515,0.5156911611557007,0.5166966319084167,1.023680567741394,2.965017855167389,4.556226134300232,5.614175796508789
0.556444525718689,0.6276402473449707,0.8739966154098511,0.5156216025352478,0.516649067401886,1.0235539674758911,2.9645729064941406,4.555668830871582,5.613380074501038
0.556376576423645,0.6275308132171631,0.873926043510437,0.5155572295188904,0.516608476638794,1.0233991146087646,2.964315712451935,4.555273652076721,5.612642765045166
0.5563427209854126,0.6274333000183105,0.8738783597946167,0.5154978036880493,0.5165749192237854,1.023209810256958,2.964276969432831,4.555062651634216,5.611965656280518
0.5562428832054138,0.6273226141929626,0.8737856149673462,0.5154354572296143,0.5165328979492188,1.0230987071990967,2.9637980461120605,4.5545125007629395,5.611216425895691
0.5561802387237549,0.6272269487380981,0.8737174272537231,0.5153800249099731,0.5164998769760132,1.0229525566101074,2.963554263114929,4.55416738986969,5.610541105270386
0.5561512112617493,0.6271439790725708,0.8736720085144043,0.5153301954269409,0.5164744257926941,1.0227738618850708,2.9635238647460938,4.554005265235901,5.609930753707886
0.5560564398765564,0.6270484924316406,0.8735814094543457,0.5152778029441833,0.5164408087730408,1.022674322128296,2.96305388212204,4.553505778312683,5.609251856803894
0.5559982061386108,0.6269684433937073,0.8735151290893555,0.5152328014373779,0.5164165496826172,1.0225412845611572,2.962813079357147,4.553208947181702,5.608649849891663
0.5559735298156738,0.6269014477729797,0.8734714984893799,0.5151938796043396,0.5164003968238831,1.0223764181137085,2.9627853631973267,4.553097486495972,5.60811460018158
0.5558830499649048,0.6268219351768494,0.8733829259872437,0.5151526927947998,0.5163763165473938,1.0222909450531006,2.962317168712616,4.5526498556137085,5.607512593269348
0.5558292269706726,0.6267582178115845,0.8733190298080444,0.5151193737983704,0.5163622498512268,1.022172451019287,2.9620787501335144,4.552408456802368,5.606989860534668
0.5558086633682251,0.6267072558403015,0.8732775449752808,0.5150923728942871,0.5163564682006836,1.0220224857330322,2.962051033973694,4.552350640296936,5.606533885002136
0.5557213425636292,0.626643180847168,0.8731906414031982,0.5150628685951233,0.5163427591323853,1.0219529867172241,2.9615768790245056,4.551950693130493,5.606008768081665
0.5556719303131104,0.6265952587127686,0.8731292486190796,0.5150415897369385,0.5163394212722778,1.0218490362167358,2.961340844631195,4.551765322685242,5.605565905570984
0.5556551814079285,0.6265594959259033,0.8730901479721069,0.5150263905525208,0.5163442492485046,1.021714210510254,2.9613125324249268,4.55176055431366,5.605188012123108
0.5555708408355713,0.6265100836753845,0.8730047941207886,0.515008270740509,0.5163404941558838,1.0216604471206665,2.960832715034485,4.551409482955933,5.604737401008606
0.5555254817008972,0.6264771819114685,0.8729459047317505,0.514998733997345,0.5163475871086121,1.021571397781372,2.96059787273407,4.5512765645980835,5.604373216629028
0.5555123686790466,0.6264563798904419,0.8729089498519897,0.5149952173233032,0.516362726688385,1.0214521884918213,2.9605674743652344,4.551323652267456,5.604072213172913
0.5554314851760864,0.6264218091964722,0.8728257417678833,0.514988899230957,0.5163692235946655,1.0214145183563232,2.960084080696106,4.551021456718445,5.603699684143066
0.5553898215293884,0.6264044642448425,0.8727688789367676,0.5149913430213928,0.5163866281509399,1.0213422775268555,2.959846556186676,4.550941586494446,5.60341477394104
0.5553804636001587,0.6263994574546814,0.8727340698242188,0.51500004529953,0.5164122581481934,1.0212403535842896,2.959813177585602,4.551039934158325,5.60319721698761
0.5553035736083984,0.6263808012008667,0.8726530075073242,0.5150056481361389,0.5164286494255066,1.0212198495864868,2.959328591823578,4.5507895946502686,5.602906346321106
0.5552651882171631,0.6263796091079712,0.8725975751876831,0.5150202512741089,0.5164558291435242,1.0211666822433472,2.959083616733551,4.550755620002747,5.602704286575317
0.5552597045898438,0.6263911724090576,0.8725645542144775,0.5150409936904907,0.5164909958839417,1.0210834741592407,2.9590460658073425,4.550902843475342,5.602571368217468
0.5551878213882446,0.6263893842697144,0.872485876083374,0.5150585174560547,0.5165166258811951,1.0210808515548706,2.958565056324005,4.5507049560546875,5.602366328239441
0.5551504492759705,0.6264044046401978,0.8724304437637329,0.5150845646858215,0.516552209854126,1.0210503339767456,2.958296537399292,4.550701975822449,5.60224711894989
0.5551490783691406,0.6264335513114929,0.8723989725112915,0.5151172876358032,0.5165960788726807,1.0209877490997314,2.958255112171173,4.550895690917969,5.602201819419861
0.5550850629806519,0.6264500617980957,0.8723244667053223,0.5151466131210327,0.5166304111480713,1.0210011005401611,2.957794964313507,4.550760984420776,5.602089166641235
0.5550278425216675,0.626475989818573,0.8722537755966187,0.5151816010475159,0.5166693925857544,1.0210177898406982,2.9573646187782288,4.550672769546509,5.602021813392639
0.5550270676612854,0.6265232563018799,0.8722212314605713,0.5152263045310974,0.5167210102081299,1.0209814310073853,2.95729398727417,4.55089271068573,5.602065920829773
0.5549845695495605,0.6265617609024048,0.8721598386764526,0.5152683258056641,0.5167657136917114,1.0209965705871582,2.956942915916443,4.550890326499939,5.60206413269043
0.5549136996269226,0.6266008615493774,0.8720781803131104,0.515312671661377,0.5168086290359497,1.0210541486740112,2.9563921689987183,4.550747871398926,5.602059364318848
0.5549293756484985,0.6266684532165527,0.8720554113388062,0.5153692960739136,0.5168693661689758,1.0210250616073608,2.956397831439972,4.551072120666504,5.602206587791443
0.5548880100250244,0.6267232894897461,0.8719935417175293,0.5154218077659607,0.5169203877449036,1.021064281463623,2.956024408340454,4.551093578338623,5.602285265922546
0.5548266172409058,0.6267808675765991,0.8719168901443481,0.5154772996902466,0.5169708132743835,1.021136999130249,2.955504357814789,4.5510172843933105,5.6023746728897095
0.5548498630523682,0.6268671751022339,0.8718979358673096,0.515545129776001,0.5170389413833618,1.0211265087127686,2.955528199672699,4.5513975620269775,5.602615475654602
0.5548117756843567,0.6269416213035583,0.8718361854553223,0.5156092047691345,0.5170966386795044,1.0211915969848633,2.9551395773887634,4.551451802253723,5.602790117263794
0.5547618865966797,0.6270229816436768,0.8717652559280396,0.5156781673431396,0.5171557664871216,1.021283745765686,2.954656481742859,4.551454186439514,5.6029945611953735
0.5547959804534912,0.6271328926086426,0.8717519044876099,0.5157595872879028,0.5172326564788818,1.0212936401367188,2.9547119140625,4.551911354064941,5.603351593017578
0.5547690391540527,0.6272293925285339,0.8716959953308105,0.5158364772796631,0.5172987580299377,1.0213769674301147,2.954360246658325,4.5520418882369995,5.603637099266052
0.5547191500663757,0.6273322105407715,0.8716228008270264,0.5159184336662292,0.5173650979995728,1.0215024948120117,2.9538357257843018,4.552063345909119,5.603945255279541
0.5547717809677124,0.6274714469909668,0.8716199398040771,0.51601642370224,0.5174539089202881,1.0215295553207397,2.9539668560028076,4.552642107009888,5.604446530342102
0.5547515749931335,0.6275954842567444,0.8715661764144897,0.5161094069480896,0.5175298452377319,1.0216447114944458,2.9536110162734985,4.552832245826721,5.604864954948425
0.5547089576721191,0.6277267932891846,0.8714954853057861,0.5162078738212585,0.5176064968109131,1.021802544593811,2.953084111213684,4.552915692329407,5.60530960559845
0.5547643899917603,0.6278930902481079,0.8714917898178101,0.5163220763206482,0.5177047848701477,1.021867036819458,2.953183352947235,4.553534388542175,5.605943202972412
0.554766058921814,0.6280460953712463,0.8714513778686523,0.516431450843811,0.5177929997444153,1.021994709968567,2.9529276490211487,4.553864002227783,5.6065064668655396
0.5546838641166687,0.6281908750534058,0.8713507652282715,0.5165406465530396,0.5178709030151367,1.022233009338379,2.9520943760871887,4.553758502006531,5.607011318206787
0.5548039674758911,0.6283977031707764,0.8713904619216919,0.516676127910614,0.5179901123046875,1.0222636461257935,2.9525744915008545,4.5547473430633545,5.607855319976807
0.5547888278961182,0.6285650730133057,0.8713370561599731,0.5167955756187439,0.5180818438529968,1.0224415063858032,2.9521703720092773,4.555003046989441,5.60849130153656
0.554684579372406,0.6287263631820679,0.8712188005447388,0.5169160962104797,0.5181632041931152,1.0227389335632324,2.951148748397827,4.554799199104309,5.609071850776672
0.5548527240753174,0.6289677023887634,0.8712904453277588,0.517069935798645,0.5182988047599792,1.0227530002593994,2.951902747154236,4.556064605712891,5.610096454620361
0.5548474192619324,0.629152774810791,0.8712427616119385,0.5171993374824524,0.5183965563774109,1.0229477882385254,2.9515326023101807,4.556381106376648,5.610827207565308
0.5547181367874146,0.6293234825134277,0.871105432510376,0.5173261761665344,0.5184767842292786,1.0233006477355957,2.9503133893013,4.556048512458801,5.6114524602890015
0.5549039840698242,0.6295877695083618,0.8711881637573242,0.5174918174743652,0.5186198353767395,1.0233279466629028,2.9511478543281555,4.5574164390563965,5.612596869468689
0.5549231171607971,0.629788875579834,0.8711570501327515,0.5176286697387695,0.5187227129936218,1.0235176086425781,2.9509171843528748,4.557860493659973,5.613418817520142
0.5547763109207153,0.6299574375152588,0.8710074424743652,0.5177538394927979,0.5187966227531433,1.0239018201828003,2.9495736956596375,4.557417035102844,5.614039301872253
0.5549637079238892,0.630219042301178,0.871092677116394,0.5179161429405212,0.5189340710639954,1.0239344835281372,2.950420081615448,4.55876886844635,5.615186095237732
0.5549876689910889,0.6304113268852234,0.8710670471191406,0.5180452466011047,0.5190284252166748,1.024117112159729,2.950235605239868,4.559203386306763,5.615984201431274
0.5548482537269592,0.6305626630783081,0.8709254264831543,0.5181567072868347,0.5190893411636353,1.024479866027832,2.9489710927009583,4.5587486028671265,5.616543292999268
0.5550161004066467,0.6307942271232605,0.8710008859634399,0.5182985663414001,0.5192055702209473,1.0245152711868286,2.949730157852173,4.559934139251709,5.617566108703613
0.555047333240509,0.6309607028961182,0.8709844350814819,0.5184080004692078,0.5192822217941284,1.0246673822402954,2.9496389627456665,4.560340046882629,5.618264675140381
0.5549288988113403,0.6310818195343018,0.8708627223968506,0.518496572971344,0.5193249583244324,1.0249747037887573,2.9485729336738586,4.559922814369202,5.618711709976196
0.5549866557121277,0.6312482953071594,0.8708658218383789,0.5186014175415039,0.5193981528282166,1.0250943899154663,2.9486683011054993,4.560440182685852,5.619420409202576
0.5550963282585144,0.6314017176628113,0.8709105253219604,0.5186954140663147,0.519469141960144,1.0251305103302002,2.9491522908210754,4.561198353767395,5.620101094245911
0.5549559593200684,0.6314736604690552,0.8707799911499023,0.5187531113624573,0.5194848775863647,1.0254172086715698,2.9480159282684326,4.5605868101119995,5.620337128639221
0.5549778938293457,0.6315895915031433,0.8707642555236816,0.518826961517334,0.5195294618606567,1.0255329608917236,2.947947382926941,4.560838937759399,5.620823502540588
0.5551432967185974,0.6317241787910461,0.8708540201187134,0.518903911113739,0.5195922255516052,1.0254765748977661,2.9488572478294373,4.561835527420044,5.62145471572876
0.5549948215484619,0.631762683391571,0.870722770690918,0.5189393162727356,0.519588828086853,1.0257405042648315,2.94772207736969,4.561120867729187,5.621549487113953
0.555005669593811,0.6318463683128357,0.8707040548324585,0.5189920663833618,0.5196149349212646,1.025838851928711,2.9476308822631836,4.561259150505066,5.621899962425232
0.5551677942276001,0.6319520473480225,0.8707965612411499,0.5190501809120178,0.5196624994277954,1.0257575511932373,2.9485690593719482,4.5621901750564575,5.622413158416748
0.5550172328948975,0.6319639086723328,0.8706684112548828,0.519068717956543,0.5196462869644165,1.0259960889816284,2.947465479373932,4.561423063278198,5.62239944934845
0.5550243258476257,0.6320241689682007,0.8706512451171875,0.5191068649291992,0.5196613073348999,1.0260746479034424,2.9473894834518433,4.561508893966675,5.622653961181641
0.5551544427871704,0.6321038007736206,0.8707246780395508,0.5191504955291748,0.5196948051452637,1.026009202003479,2.9481473565101624,4.562240242958069,5.623047947883606
0.5550057888031006,0.6321055293083191,0.8705999851226807,0.5191625356674194,0.5196741819381714,1.0262341499328613,2.947075068950653,4.5614683628082275,5.622994303703308
0.5550159215927124,0.6321585774421692,0.8705871105194092,0.5191962122917175,0.5196866989135742,1.0263011455535889,2.947033941745758,4.561558961868286,5.623223185539246
0.5551478862762451,0.6322342157363892,0.8706636428833008,0.519237756729126,0.5197196006774902,1.0262296199798584,2.9478123784065247,4.562298655509949,5.623605847358704
0.5550032258033752,0.6322355270385742,0.8705428838729858,0.519250214099884,0.5197009444236755,1.0264484882354736,2.9467687010765076,4.561551809310913,5.623555779457092
0.5550150871276855,0.6322895288467407,0.8705323934555054,0.5192855596542358,0.5197161436080933,1.0265146493911743,2.9467380046844482,4.5616596937179565,5.623794794082642
0.5551417469978333,0.632367730140686,0.8706058263778687,0.5193303823471069,0.5197522640228271,1.026453971862793,2.9474741220474243,4.562384486198425,5.6241923570632935
0.5550090074539185,0.632378101348877,0.8704938888549805,0.5193494558334351,0.519741415977478,1.0266667604446411,2.946498692035675,4.561720490455627,5.624191164970398
0.5550416707992554,0.6324417591094971,0.8704990148544312,0.5193915963172913,0.5197658538818359,1.0267164707183838,2.9465973377227783,4.561958312988281,5.624488592147827
0.5550932884216309,0.6325116753578186,0.8705182075500488,0.5194371342658997,0.5197955369949341,1.0267481803894043,2.946818470954895,4.5623040199279785,5.624822974205017
0.5550435781478882,0.6325564384460449,0.8704648017883301,0.5194740891456604,0.5198084115982056,1.0268884897232056,2.946367561817169,4.562111496925354,5.625009536743164
0.5550591945648193,0.6326223611831665,0.8704581260681152,0.5195208191871643,0.5198361873626709,1.0269646644592285,2.946341037750244,4.562279582023621,5.625316500663757
0.5550827980041504,0.6326911449432373,0.8704577684402466,0.5195698142051697,0.5198673009872437,1.0270336866378784,2.946365475654602,4.562497138977051,5.625641942024231
0.5550578236579895,0.6327501535415649,0.87042236328125,0.5196163654327393,0.5198917984962463,1.0271574258804321,2.9460635781288147,4.5624613761901855,5.6259071826934814
0.5550731420516968,0.6328234076499939,0.8704155683517456,0.5196698904037476,0.5199263095855713,1.0272433757781982,2.946021258831024,4.5626503229141235,5.6262534856796265
0.5550916194915771,0.6328980326652527,0.8704115152359009,0.5197248458862305,0.5199626684188843,1.027327299118042,2.9459980130195618,4.562860131263733,5.626609921455383
0.5550732612609863,0.6329652070999146,0.8703808784484863,0.5197778940200806,0.5199940204620361,1.0274527072906494,2.9457280039787292,4.562878608703613,5.626920461654663
0.5550902485847473,0.6330453157424927,0.870375394821167,0.519836962223053,0.520033597946167,1.0275461673736572,2.9456833004951477,4.563090801239014,5.627301931381226
0.5551078915596008,0.6331261992454529,0.870370626449585,0.519896924495697,0.5200742483139038,1.0276402235031128,2.9456427693367004,4.563310146331787,5.627691149711609
0.5550927519798279,0.6331999897956848,0.8703420162200928,0.5199548602104187,0.5201097130775452,1.0277708768844604,2.9453817009925842,4.563356041908264,5.628036856651306
0.555110514163971,0.6332831978797913,0.8703372478485107,0.520016610622406,0.520151674747467,1.0278688669204712,2.945336699485779,4.563578963279724,5.628438591957092
0.5551282167434692,0.6333627104759216,0.8703335523605347,0.5200768113136292,0.5201928615570068,1.027963638305664,2.945297360420227,4.563800096511841,5.628829002380371
0.5551121234893799,0.6334316730499268,0.8703056573867798,0.5201326608657837,0.5202272534370422,1.0280921459197998,2.945038080215454,4.563837647438049,5.629158616065979
0.5551301836967468,0.6335093975067139,0.8703025579452515,0.5201917290687561,0.5202672481536865,1.0281860828399658,2.9450026154518127,4.5640552043914795,5.629544258117676
0.5551469326019287,0.6335838437080383,0.8702993392944336,0.5202489495277405,0.520305871963501,1.0282787084579468,2.9449650645256042,4.564263820648193,5.629916787147522
0.555130660533905,0.6336477994918823,0.8702722787857056,0.5203016400337219,0.5203372836112976,1.0284043550491333,2.944711744785309,4.564288854598999,5.630230903625488
0.555147647857666,0.6337190866470337,0.8702696561813354,0.5203563570976257,0.5203732848167419,1.0284945964813232,2.9446807503700256,4.564488530158997,5.630591511726379
0.5551638603210449,0.6337859630584717,0.8702672719955444,0.5204084515571594,0.5204073190689087,1.0285817384719849,2.9446515440940857,4.564678072929382,5.630935430526733
0.5551459789276123,0.6338416337966919,0.8702402114868164,0.5204554796218872,0.5204333066940308,1.0287022590637207,2.944400906562805,4.564677476882935,5.631215572357178
0.555162787437439,0.6339056491851807,0.8702385425567627,0.5205044150352478,0.520463764667511,1.0287870168685913,2.9443803429603577,4.564855694770813,5.631545782089233
0.5551782846450806,0.633966326713562,0.8702362775802612,0.5205511450767517,0.5204920768737793,1.0288704633712769,2.9443565011024475,4.565020799636841,5.631863474845886
0.5551599264144897,0.6340163946151733,0.8702095746994019,0.5205928683280945,0.5205122232437134,1.0289874076843262,2.9441124200820923,4.564996957778931,5.632118582725525
0.55517578125,0.6340736150741577,0.8702077865600586,0.5206358432769775,0.5205363035202026,1.029067873954773,2.9440978169441223,4.565149545669556,5.632420182228088
0.5551909804344177,0.6341271996498108,0.8702062368392944,0.52067631483078,0.52055823802948,1.0291457176208496,2.944083511829376,4.565290808677673,5.632706880569458
0.5551711320877075,0.6341692209243774,0.8701794147491455,0.5207113027572632,0.5205717086791992,1.0292572975158691,2.9438430070877075,4.565236568450928,5.6329262256622314
0.5551866292953491,0.6342192888259888,0.8701783418655396,0.5207478404045105,0.520589292049408,1.029331922531128,2.9438382387161255,4.565363526344299,5.633196234703064
0.5552009344100952,0.6342661380767822,0.8701767921447754,0.5207821726799011,0.5206047296524048,1.0294049978256226,2.9438307881355286,4.56547737121582,5.63345193862915
0.5551798343658447,0.6342997550964355,0.8701499700546265,0.5208101868629456,0.5206115245819092,1.0295101404190063,2.9435956478118896,4.565393924713135,5.633634328842163
0.5551938414573669,0.6343392729759216,0.8701494932174683,0.5208387970924377,0.5206217765808105,1.0295757055282593,2.943599820137024,4.565489292144775,5.633857846260071
0.5552067160606384,0.6343742609024048,0.8701486587524414,0.5208644866943359,0.5206298232078552,1.0296381711959839,2.9436033964157104,4.565572142601013,5.63406229019165
0.5551830530166626,0.6343954801559448,0.870121955871582,0.5208836197853088,0.5206290483474731,1.0297330617904663,2.943374216556549,4.565451145172119,5.63418984413147
0.5551958084106445,0.6344236135482788,0.870121955871582,0.5209037661552429,0.5206319093704224,1.0297881364822388,2.943389117717743,4.565515518188477,5.634363293647766
0.5552069544792175,0.6344484686851501,0.8701214790344238,0.5209217071533203,0.5206330418586731,1.0298415422439575,2.9433998465538025,4.565566778182983,5.634521245956421
0.5551817417144775,0.6344600319862366,0.8700947761535645,0.5209332704544067,0.5206254124641418,1.0299278497695923,2.943176031112671,4.565415382385254,5.6346046924591064
0.5551928281784058,0.6344776153564453,0.8700951337814331,0.5209453105926514,0.5206212401390076,1.0299731492996216,2.943199872970581,4.565447568893433,5.634729862213135
0.5552024245262146,0.6344916820526123,0.8700951337814331,0.5209550261497498,0.5206152200698853,1.0300161838531494,2.943219840526581,4.565468430519104,5.6348395347595215
0.555174708366394,0.6344914436340332,0.8700683116912842,0.5209580063819885,0.5206003785133362,1.0300918817520142,2.9430004954338074,4.5652806758880615,5.634867548942566
0.5551838874816895,0.6344964504241943,0.870069146156311,0.5209608674049377,0.520588755607605,1.0301247835159302,2.9430341720581055,4.565280079841614,5.634936094284058
0.555191159248352,0.6344970464706421,0.8700692653656006,0.5209611058235168,0.5205751657485962,1.0301549434661865,2.943061888217926,4.565263986587524,5.634984374046326
0.5551610589027405,0.6344829797744751,0.8700429201126099,0.520954430103302,0.5205526351928711,1.0302166938781738,2.9428520798683167,4.565040469169617,5.6349509954452515
0.5551677942276001,0.634473443031311,0.8700439929962158,0.520947277545929,0.52053302526474,1.0302354097366333,2.942894995212555,4.565001726150513,5.6349533796310425
0.5551725625991821,0.6344596743583679,0.8700445890426636,0.520937442779541,0.5205115079879761,1.030250906944275,2.9429328441619873,4.56494927406311,5.63493549823761
0.5551396608352661,0.6344311237335205,0.8700180053710938,0.5209206342697144,0.5204809308052063,1.0302984714508057,2.942730486392975,4.564686417579651,5.634834170341492
0.5551440715789795,0.6344075202941895,0.8700196743011475,0.5209034085273743,0.5204534530639648,1.0303021669387817,2.9427841305732727,4.564611911773682,5.63477098941803
0.5551461577415466,0.6343801021575928,0.8700199127197266,0.5208838582038879,0.5204242467880249,1.0303038358688354,2.9428285360336304,4.564520716667175,5.634689927101135
0.5551111102104187,0.6343382000923157,0.8699936866760254,0.5208573937416077,0.5203860402107239,1.030336618423462,2.942636013031006,4.564223289489746,5.634525418281555
0.5551129579544067,0.6343010067939758,0.8699949979782104,0.5208302736282349,0.5203506946563721,1.0303258895874023,2.9426974058151245,4.564111232757568,5.63439667224884
0.5551126599311829,0.6342605352401733,0.8699951171875,0.5208008885383606,0.520313560962677,1.0303131341934204,2.9427507519721985,4.563983082771301,5.634251236915588
0.5550753474235535,0.6342054605484009,0.8699687719345093,0.5207645297050476,0.5202673077583313,1.0303312540054321,2.942567765712738,4.563648700714111,5.634022951126099
0.5550750494003296,0.6341552138328552,0.8699699640274048,0.5207272171974182,0.5202236175537109,1.0303056240081787,2.9426389932632446,4.563499093055725,5.633829832077026
0.5550721287727356,0.6341016292572021,0.8699696063995361,0.5206876397132874,0.5201780200004578,1.0302785634994507,2.942698895931244,4.5633310079574585,5.633617639541626
0.5550333261489868,0.6340339183807373,0.869943380355835,0.520641028881073,0.5201234817504883,1.0302810668945312,2.9425299167633057,4.562962055206299,5.633325576782227
0.5550304055213928,0.6339706182479858,0.8699438571929932,0.5205934047698975,0.5200710892677307,1.0302406549453735,2.942608892917633,4.562771916389465,5.633066296577454
0.5550253391265869,0.6339046955108643,0.8699430227279663,0.52054363489151,0.5200169086456299,1.0301986932754517,2.9426777362823486,4.562565088272095,5.632790923118591
0.5549850463867188,0.6338247656822205,0.8699166774749756,0.5204869508743286,0.5199539661407471,1.030185580253601,2.942522168159485,4.562161564826965,5.632435083389282
0.5549799203872681,0.6337493062019348,0.8699166774749756,0.5204290747642517,0.5198929309844971,1.030130386352539,2.9426100850105286,4.56193208694458,5.632110834121704
0.5549725294113159,0.633671760559082,0.8699150085449219,0.5203693509101868,0.5198303461074829,1.0300740003585815,2.9426851868629456,4.5616865158081055,5.631773471832275
0.5549317598342896,0.633581280708313,0.8698891401290894,0.5203033089637756,0.5197596549987793,1.0300451517105103,2.9425492882728577,4.561254978179932,5.631358623504639
0.5549237728118896,0.6334948539733887,0.8698874711990356,0.5202358365058899,0.5196905732154846,1.0299766063690186,2.9426375031471252,4.560984969139099,5.630974173545837
0.5549147129058838,0.6334069967269897,0.8698852062225342,0.5201669931411743,0.5196202993392944,1.0299062728881836,2.942722737789154,4.56070601940155,5.630578994750977
0.5548892021179199,0.6333121657371521,0.8698710203170776,0.5200942754745483,0.5195455551147461,1.0298477411270142,2.9427042603492737,4.560334086418152,5.630140900611877
0.554855227470398,0.6332106590270996,0.8698508739471436,0.520016610622406,0.519465982913971,1.0297907590866089,2.9426389932632446,4.559904336929321,5.629665851593018
0.5548659563064575,0.6331188678741455,0.8698633909225464,0.5199406147003174,0.5193915963172913,1.0296849012374878,2.9428744316101074,4.559706449508667,5.629249215126038
0.5548398494720459,0.6330181360244751,0.8698489665985107,0.5198614001274109,0.5193117260932922,1.0296149253845215,2.942865490913391,4.559314250946045,5.6287723779678345
0.554789125919342,0.6329067945480347,0.8698166608810425,0.5197765231132507,0.5192250609397888,1.029563307762146,2.9427018761634827,4.558782577514648,5.628233551979065
0.5548070669174194,0.6328116655349731,0.8698344230651855,0.5196951031684875,0.5191469192504883,1.0294387340545654,2.942996919155121,4.558604955673218,5.627791881561279
0.554779052734375,0.6327075362205505,0.8698182106018066,0.5196114182472229,0.5190635323524475,1.029361605644226,2.9429838061332703,4.558191895484924,5.627286434173584
0.5547204613685608,0.6325916051864624,0.8697799444198608,0.5195221304893494,0.5189729928970337,1.0293089151382446,2.942775785923004,4.557609558105469,5.6267112493515015
0.5547425746917725,0.6324949264526367,0.8698005676269531,0.5194371342658997,0.5188928842544556,1.0291708707809448,2.9431065917015076,4.557445645332336,5.6262511014938354
0.5547118782997131,0.6323895454406738,0.8697819709777832,0.5193511843681335,0.518808126449585,1.0290900468826294,2.943079173564911,4.557015299797058,5.62572717666626
0.5546500086784363,0.6322734355926514,0.8697409629821777,0.5192604660987854,0.5187172293663025,1.0290353298187256,2.942851185798645,4.556415677070618,5.625137686729431
0.5546929836273193,0.6321831941604614,0.8697762489318848,0.519176185131073,0.5186403393745422,1.0288712978363037,2.943320870399475,4.55636203289032,5.624702572822571
0.5546556115150452,0.6320793032646179,0.8697524070739746,0.5190905928611755,0.5185564160346985,1.0287948846817017,2.9432469606399536,4.555903077125549,5.624171495437622
0.5545924305915833,0.6319661140441895,0.8697100877761841,0.5190008878707886,0.5184675455093384,1.028739333152771,2.9430076479911804,4.555305242538452,5.623584985733032
0.5546378493309021,0.6318809986114502,0.8697464466094971,0.5189187526702881,0.5183937549591064,1.0285720825195312,2.943488657474518,4.555273652076721,5.62316358089447
0.554587721824646,0.6317778825759888,0.8697128295898438,0.5188342332839966,0.518311083316803,1.0285074710845947,2.9433253407478333,4.554758071899414,5.622621178627014
0.5545291304588318,0.6316685080528259,0.8696737289428711,0.5187460780143738,0.5182253122329712,1.0284448862075806,2.9431140422821045,4.554191827774048,5.622044205665588
0.5545744895935059,0.6315875053405762,0.8697096109390259,0.5186659693717957,0.5181547999382019,1.0282765626907349,2.94359028339386,4.554172158241272,5.621632933616638
0.5545157194137573,0.6314864158630371,0.8696696758270264,0.5185834169387817,0.5180746912956238,1.028220295906067,2.943364679813385,4.553624987602234,5.621088147163391
0.5544567704200745,0.6313815116882324,0.8696302175521851,0.5184981226921082,0.517993152141571,1.0281578302383423,2.943146228790283,4.553072452545166,5.620523691177368
0.5545063018798828,0.6313080787658691,0.86966872215271,0.5184227824211121,0.5179285407066345,1.0279873609542847,2.943640351295471,4.553092122077942,5.620140433311462
0.5544450879096985,0.6312153339385986,0.8696266412734985,0.5183464288711548,0.5178554654121399,1.0279386043548584,2.9433858394622803,4.552558064460754,5.6196266412734985
0.5543848276138306,0.6311217546463013,0.8695856332778931,0.5182698965072632,0.5177832245826721,1.0278857946395874,2.943139970302582,4.552031755447388,5.6191086769104
0.5544358491897583,0.6310650110244751,0.8696240186691284,0.5182067155838013,0.5177311897277832,1.027727484703064,2.9436177015304565,4.552100896835327,5.618795156478882
0.5543745756149292,0.6309915781021118,0.869580864906311,0.5181451439857483,0.5176728367805481,1.0276966094970703,2.943330407142639,4.551617503166199,5.618366003036499
0.5543176531791687,0.6309212446212769,0.8695410490036011,0.5180858373641968,0.5176177620887756,1.0276618003845215,2.943069338798523,4.5511651039123535,5.617951154708862
0.5543680787086487,0.6308876276016235,0.8695776462554932,0.5180405974388123,0.5175830721855164,1.027527093887329,2.943503260612488,4.551290273666382,5.617741346359253
0.5543109774589539,0.6308372616767883,0.8695363998413086,0.5179965496063232,0.5175421237945557,1.0275139808654785,2.9432067275047302,4.550885558128357,5.617417097091675
0.5542759895324707,0.6307954788208008,0.8695110082626343,0.5179566740989685,0.5175071954727173,1.0274804830551147,2.9430508613586426,4.550605416297913,5.617139935493469
0.5543040037155151,0.6307758092880249,0.8695307970046997,0.5179256796836853,0.5174850225448608,1.0273890495300293,2.9433026909828186,4.550667405128479,5.616987347602844
0.5542698502540588,0.630748450756073,0.8695056438446045,0.5178970098495483,0.5174609422683716,1.0273702144622803,2.9431289434432983,4.550429582595825,5.61677873134613
0.5542408227920532,0.6307262182235718,0.8694841861724854,0.5178722739219666,0.5174412131309509,1.0273501873016357,2.942981719970703,4.55022931098938,5.616596341133118
0.554256796836853,0.6307187080383301,0.869495153427124,0.517853319644928,0.517430305480957,1.027287483215332,2.943127453327179,4.550273418426514,5.616498589515686
0.5542290210723877,0.6307042241096497,0.8694746494293213,0.517835259437561,0.5174176096916199,1.0272746086120605,2.942975163459778,4.550103545188904,5.616355538368225
0.5542014837265015,0.630691647529602,0.8694546222686768,0.5178191065788269,0.5174070596694946,1.0272631645202637,2.9428228735923767,4.549943208694458,5.616223216056824
0.55421382188797,0.6306895613670349,0.8694635629653931,0.5178064107894897,0.5174027681350708,1.0272114276885986,2.9429325461387634,4.549992680549622,5.6161534786224365
0.554185688495636,0.6306780576705933,0.8694436550140381,0.5177923440933228,0.5173948407173157,1.0272023677825928,2.942773401737213,4.549838304519653,5.616029500961304
0.5541593432426453,0.6306660175323486,0.8694256544113159,0.5177781581878662,0.5173873901367188,1.0271899700164795,2.942627966403961,4.549695253372192,5.615906119346619
0.5541688203811646,0.6306611895561218,0.8694335222244263,0.51776522397995,0.5173839926719666,1.0271389484405518,2.942723333835602,4.549734592437744,5.615828037261963
0.554137647151947,0.6306434869766235,0.8694130182266235,0.5177485942840576,0.5173748731613159,1.0271269083023071,2.942553460597992,4.549562931060791,5.615679621696472
0.5541198253631592,0.6306271553039551,0.869402289390564,0.5177314877510071,0.5173665285110474,1.0270987749099731,2.94247567653656,4.549457430839539,5.615542531013489
0.554099440574646,0.6306029558181763,0.8693909645080566,0.5177097916603088,0.5173548460006714,1.0270649194717407,2.9423940181732178,4.549329876899719,5.615372657775879
0.5541294813156128,0.6305938363075256,0.8694151639938354,0.5176922678947449,0.5173496603965759,1.0269819498062134,2.9426422715187073,4.549462199211121,5.615286231040955
0.5540411472320557,0.630546510219574,0.8693557977676392,0.5176624655723572,0.5173263549804688,1.0270112752914429,2.942120134830475,4.548972845077515,5.61498761177063
0.5540217161178589,0.630504846572876,0.869347333908081,0.5176292657852173,0.5173059105873108,1.026955246925354,2.942076623439789,4.548820853233337,5.6147414445877075
0.5541322827339172,0.6305084824562073,0.8694298267364502,0.5176106095314026,0.5173054933547974,1.0267807245254517,2.9428720474243164,4.549350738525391,5.614739656448364
0.5539717674255371,0.6304324865341187,0.8693200349807739,0.5175694823265076,0.5172678828239441,1.026871919631958,2.9418906569480896,4.548472166061401,5.614287853240967
0.5539557337760925,0.6303794384002686,0.8693152666091919,0.5175278186798096,0.5172409415245056,1.0267975330352783,2.9418915510177612,4.548315405845642,5.61398983001709
0.5540870428085327,0.6303789615631104,0.8694133758544922,0.5175034403800964,0.51723712682724,1.0265898704528809,2.942841351032257,4.548932313919067,5.613974928855896
0.553909420967102,0.6302873492240906,0.8692924976348877,0.5174532532691956,0.5171911120414734,1.0266847610473633,2.9417669773101807,4.547944664955139,5.6134456396102905
0.5539000034332275,0.6302282810211182,0.8692930936813354,0.5174063444137573,0.5171604156494141,1.026593565940857,2.9418259859085083,4.547807574272156,5.613121390342712
0.5540167093276978,0.6302149891853333,0.8693815469741821,0.5173746943473816,0.5171498656272888,1.0263888835906982,2.9426956176757812,4.548333287239075,5.613041520118713
0.553852379322052,0.6301169395446777,0.8692712783813477,0.5173186659812927,0.5171006321907043,1.02645742893219,2.941727340221405,4.547399282455444,5.612487196922302
0.553842306137085,0.6300495862960815,0.8692723512649536,0.5172664523124695,0.5170662999153137,1.0263556241989136,2.9417967796325684,4.547246694564819,5.61212420463562
0.5539509057998657,0.6300268173217773,0.8693556785583496,0.517229437828064,0.5170514583587646,1.0261489152908325,2.9426267743110657,4.547721743583679,5.611996650695801
0.5537863969802856,0.6299198865890503,0.8692464828491211,0.5171679258346558,0.5169988870620728,1.0262054204940796,2.941673696041107,4.546775817871094,5.611401796340942
0.5537758469581604,0.6298462152481079,0.8692480325698853,0.5171122550964355,0.5169627666473389,1.0260947942733765,2.941752076148987,4.546617865562439,5.61100959777832
0.5538761019706726,0.6298153400421143,0.8693263530731201,0.5170714855194092,0.5169457197189331,1.0258872509002686,2.9425379633903503,4.547045826911926,5.610841512680054
0.5537150502204895,0.6297016739845276,0.8692209720611572,0.5170065760612488,0.51689213514328,1.0259292125701904,2.9416218400001526,4.546116590499878,5.610219836235046
0.5537005066871643,0.6296212673187256,0.869220495223999,0.5169481635093689,0.5168552994728088,1.0258139371871948,2.9416844248771667,4.545937776565552,5.609796047210693
0.5537775158882141,0.6295760273933411,0.8692834377288818,0.5169020891189575,0.5168342590332031,1.0256174802780151,2.9423323273658752,4.5462459325790405,5.609556436538696
0.5536739826202393,0.6294772028923035,0.869219183921814,0.516841471195221,0.5167893767356873,1.025598168373108,2.94179767370224,4.545618891716003,5.6090182065963745
0.5535920858383179,0.6293723583221436,0.8691719770431519,0.5167762637138367,0.5167443156242371,1.025541067123413,2.941427528858185,4.545096755027771,5.608463287353516
0.5536836981773376,0.6293272972106934,0.8692461252212524,0.5167303681373596,0.5167263150215149,1.0253223180770874,2.9421794414520264,4.545485973358154,5.608229637145996
0.5536197423934937,0.6292393207550049,0.8692100048065186,0.5166739225387573,0.516689121723175,1.0252605676651,2.941906452178955,4.545074105262756,5.607753396034241
0.5534656047821045,0.6291096210479736,0.8691123723983765,0.516602098941803,0.5166355967521667,1.0252679586410522,2.9410699009895325,4.544183015823364,5.6070637702941895
0.5535680055618286,0.6290664076805115,0.8691941499710083,0.5165576338768005,0.5166209936141968,1.0250340700149536,2.9418954253196716,4.544636607170105,5.606840252876282
0.5535469055175781,0.6289898157119751,0.8691883087158203,0.5165051817893982,0.5165913701057434,1.024925947189331,2.9419055581092834,4.54445481300354,5.606427192687988
0.5533775091171265,0.6288532018661499,0.8690805435180664,0.5164322853088379,0.516537606716156,1.024943232536316,2.940973937511444,4.543492794036865,5.6057024002075195
0.5534776449203491,0.6288108825683594,0.8691602945327759,0.5163901448249817,0.5165260434150696,1.0247108936309814,2.9417818784713745,4.543946981430054,5.605481266975403
0.553459644317627,0.6287369728088379,0.8691565990447998,0.5163405537605286,0.5165003538131714,1.0245991945266724,2.941810190677643,4.5437949895858765,5.6050801277160645
0.5532916784286499,0.6286026239395142,0.8690495491027832,0.516270637512207,0.5164505839347839,1.024614930152893,2.9408851265907288,4.5428550243377686,5.60436487197876
0.5533913373947144,0.6285668611526489,0.8691279888153076,0.5162341594696045,0.5164445042610168,1.0243885517120361,2.9416778683662415,4.543326497077942,5.60417115688324
0.5533745884895325,0.6284999847412109,0.8691238164901733,0.516190230846405,0.5164241790771484,1.024281620979309,2.9417023062705994,4.543198347091675,5.603799819946289
0.5532103776931763,0.6283730864524841,0.8690186738967896,0.5161261558532715,0.5163801312446594,1.0242995023727417,2.9407909512519836,4.542296528816223,5.603119134902954
0.5533111095428467,0.6283465623855591,0.8690965175628662,0.5160967111587524,0.5163805484771729,1.024080753326416,2.941575348377228,4.542796015739441,5.602964758872986
0.5532946586608887,0.6282873153686523,0.8690916299819946,0.516059160232544,0.5163661241531372,1.023980736732483,2.9415884613990784,4.542689919471741,5.602627396583557
0.5531489849090576,0.6281735897064209,0.8689987659454346,0.5160033106803894,0.5163310170173645,1.023988127708435,2.9407846927642822,4.541906714439392,5.602011680603027
0.5532506704330444,0.6281580924987793,0.8690755367279053,0.5159823298454285,0.5163388848304749,1.0237802267074585,2.941555082798004,4.542434811592102,5.601906180381775
0.5532335638999939,0.6281079649925232,0.86906898021698,0.5159519910812378,0.5163306593894958,1.0236910581588745,2.9415476322174072,4.542347192764282,5.6016093492507935
0.553063154220581,0.6279929876327515,0.8689576387405396,0.5158994197845459,0.516296923160553,1.0237294435501099,2.9405704140663147,4.541452527046204,5.600981116294861
0.5531668663024902,0.6279885768890381,0.8690344095230103,0.5158862471580505,0.5163110494613647,1.0235309600830078,2.9413363337516785,4.542011618614197,5.600924491882324
0.5531533360481262,0.627948522567749,0.8690286874771118,0.5158628821372986,0.5163086652755737,1.0234485864639282,2.941334545612335,4.54196035861969,5.600672364234924
0.5530126690864563,0.6278531551361084,0.8689368963241577,0.5158208012580872,0.5162854790687561,1.0234702825546265,2.940532863140106,4.541240930557251,5.600140690803528
0.5531149506568909,0.6278594136238098,0.8690110445022583,0.5158157348632812,0.5163059830665588,1.0232863426208496,2.9412680864334106,4.54181432723999,5.6001317501068115
0.5531003475189209,0.6278278827667236,0.8690032958984375,0.5157990455627441,0.5163089036941528,1.023215889930725,2.9412439465522766,4.541775584220886,5.599918961524963
0.5529381036758423,0.627731204032898,0.8688956499099731,0.5157597064971924,0.5162865519523621,1.0232653617858887,2.940290868282318,4.540957808494568,5.599377155303955
0.5530389547348022,0.6277464032173157,0.8689670562744141,0.5157613158226013,0.5163120627403259,1.0230942964553833,2.9409992694854736,4.541540741920471,5.599406957626343
0.5530276298522949,0.6277241706848145,0.8689603805541992,0.5157511234283447,0.5163202285766602,1.0230307579040527,2.9409801959991455,4.541534185409546,5.599236488342285
0.5529050827026367,0.6276520490646362,0.8688787221908569,0.5157241821289062,0.5163100957870483,1.0230568647384644,2.9402637481689453,4.540944695472717,5.59881865978241
0.5529967546463013,0.62767493724823,0.868942379951477,0.5157328248023987,0.5163402557373047,1.022908329963684,2.9408925771713257,4.541499018669128,5.598881244659424
0.5529670119285583,0.627652645111084,0.868922233581543,0.5157265067100525,0.5163506269454956,1.022870659828186,2.9407426714897156,4.541414380073547,5.5987101793289185
0.5529120564460754,0.6276209354400635,0.8688849210739136,0.5157178044319153,0.5163580179214478,1.0228556394577026,2.9404309391975403,4.541200399398804,5.598490834236145
0.5529351234436035,0.6276273131370544,0.868899941444397,0.5157244801521301,0.5163817405700684,1.0227813720703125,2.940603196620941,4.541409015655518,5.598463416099548
0.5529232621192932,0.6276242733001709,0.8688904047012329,0.5157292485237122,0.516401469707489,1.022744059562683,2.9405438899993896,4.5414382219314575,5.598384737968445
0.552898645401001,0.6276195645332336,0.8688716888427734,0.5157350301742554,0.5164212584495544,1.0227223634719849,2.9403969645500183,4.541407823562622,5.598296523094177
0.5529035329818726,0.6276322603225708,0.8688726425170898,0.515748918056488,0.5164490342140198,1.0226824283599854,2.9404273629188538,4.5415425300598145,5.598295331001282
0.5528936982154846,0.627643346786499,0.8688629865646362,0.5157639384269714,0.516476571559906,1.0226613283157349,2.940356135368347,4.541606903076172,5.598284602165222
0.5528790950775146,0.6276569962501526,0.8688496351242065,0.5157816410064697,0.516506016254425,1.0226502418518066,2.9402467608451843,4.541654586791992,5.598285794258118
0.5528824329376221,0.6276845932006836,0.8688474893569946,0.5158063769340515,0.5165416598320007,1.0226328372955322,2.940237522125244,4.541807174682617,5.598354935646057
0.5528749227523804,0.6277136206626892,0.8688374757766724,0.5158335566520691,0.516578197479248,1.0226327180862427,2.9401496052742004,4.541910886764526,5.598428845405579
0.5528682470321655,0.6277490854263306,0.8688273429870605,0.5158652067184448,0.5166178941726685,1.0226402282714844,2.9400548338890076,4.542028903961182,5.598533749580383
0.5528723001480103,0.6277960538864136,0.8688234090805054,0.5159029364585876,0.5166625380516052,1.0226479768753052,2.940015196800232,4.542213082313538,5.598692893981934
0.5528696775436401,0.6278462409973145,0.86881422996521,0.5159438252449036,0.5167087912559509,1.0226701498031616,2.9399216175079346,4.542369246482849,5.59886634349823
0.5528699159622192,0.6279041767120361,0.8688062429428101,0.5159894824028015,0.5167584419250488,1.0226991176605225,2.9398342967033386,4.542550444602966,5.599077343940735
0.5528762340545654,0.6279717683792114,0.8688013553619385,0.5160406231880188,0.5168121457099915,1.0227327346801758,2.9397711157798767,4.542772173881531,5.599333643913269
0.5528793334960938,0.6280443072319031,0.8687936067581177,0.5160953998565674,0.5168677568435669,1.0227781534194946,2.939676344394684,4.542984366416931,5.599612593650818
0.5528857111930847,0.6281254291534424,0.8687871694564819,0.5161550045013428,0.5169267654418945,1.0228309631347656,2.939588725566864,4.543222188949585,5.599932670593262
0.5528957843780518,0.6282147765159607,0.8687822818756104,0.5162195563316345,0.5169889330863953,1.022890329360962,2.93951153755188,4.543486833572388,5.600290894508362
0.5529046654701233,0.6283093094825745,0.8687759637832642,0.5162875056266785,0.5170531272888184,1.0229591131210327,2.9394158720970154,4.543750882148743,5.600674748420715
0.5529163479804993,0.628411054611206,0.8687707185745239,0.5163595676422119,0.5171200037002563,1.0230348110198975,2.9393261671066284,4.544036388397217,5.601092576980591
0.5529307126998901,0.6285192370414734,0.8687666654586792,0.5164353847503662,0.517189085483551,1.0231163501739502,2.9392436146736145,4.544340372085571,5.601541996002197
0.5529439449310303,0.6286318302154541,0.8687610626220703,0.5165140628814697,0.5172595381736755,1.0232068300247192,2.939143478870392,4.544641971588135,5.602012276649475
0.5529605150222778,0.6287509799003601,0.8687572479248047,0.516596257686615,0.517332136631012,1.023302435874939,2.9390546679496765,4.544965624809265,5.602514743804932
0.5529788136482239,0.6288741827011108,0.8687541484832764,0.5166808366775513,0.5174061059951782,1.0234026908874512,2.9389700293540955,4.545301198959351,5.603039264678955
0.552994966506958,0.6289989948272705,0.8687494993209839,0.5167667269706726,0.5174803137779236,1.0235097408294678,2.9388663172721863,4.5456260442733765,5.603572130203247
0.5530162453651428,0.6291292905807495,0.8687479496002197,0.5168552994728088,0.5175561904907227,1.0236185789108276,2.9387882351875305,4.545980095863342,5.604133605957031
0.5530350208282471,0.6292604804039001,0.8687443733215332,0.5169446468353271,0.5176318287849426,1.0237338542938232,2.938689887523651,4.546319842338562,5.604701042175293
0.5530483722686768,0.6293902397155762,0.8687373399734497,0.5170339345932007,0.5177066326141357,1.02385675907135,2.9385551810264587,4.5466309785842896,5.605263710021973
0.553083062171936,0.6295326948165894,0.8687441349029541,0.5171281695365906,0.5177855491638184,1.0239685773849487,2.93854683637619,4.547054767608643,5.60589075088501
0.5530887842178345,0.6296596527099609,0.8687319755554199,0.5172162652015686,0.5178578495979309,1.0241024494171143,2.9383614659309387,4.547318816184998,5.606443285942078
0.5531101226806641,0.6297935247421265,0.8687305450439453,0.5173069834709167,0.5179325938224792,1.0242258310317993,2.9382726550102234,4.547665119171143,5.607036352157593
0.5531481504440308,0.6299355030059814,0.8687403202056885,0.5174004435539246,0.51800936460495,1.024338722229004,2.9382872581481934,4.548094868659973,5.607671737670898
0.5531569123268127,0.6300586462020874,0.8687312602996826,0.517485499382019,0.5180779695510864,1.0244704484939575,2.9381266236305237,4.548360109329224,5.6082189083099365
0.5531732439994812,0.6301812529563904,0.8687281608581543,0.5175698399543762,0.5181464552879333,1.0245933532714844,2.9380199313163757,4.548659920692444,5.608770847320557
0.553220272064209,0.6303163766860962,0.8687461614608765,0.517657995223999,0.5182187557220459,1.024692416191101,2.9381072521209717,4.549117088317871,5.609390139579773
0.5532280802726746,0.6304242610931396,0.868739128112793,0.5177338719367981,0.5182793736457825,1.024813175201416,2.9379647970199585,4.549350142478943,5.609881281852722
0.5532404780387878,0.6305263042449951,0.8687365055084229,0.5178059935569763,0.518337607383728,1.0249227285385132,2.937864661216736,4.549597501754761,5.610353350639343
0.553284764289856,0.6306365728378296,0.8687564134597778,0.5178788900375366,0.5183972716331482,1.0250017642974854,2.937975227832794,4.550000429153442,5.61087429523468
0.5532808899879456,0.6307087540626526,0.8687461614608765,0.5179336071014404,0.5184406042098999,1.0251017808914185,2.9378119111061096,4.550122022628784,5.611217021942139
0.5532981753349304,0.6307806968688965,0.8687515258789062,0.517985463142395,0.5184824466705322,1.0251747369766235,2.9377979040145874,4.550338983535767,5.611568093299866
0.5533286929130554,0.6308481693267822,0.8687673807144165,0.5180321335792542,0.5185203552246094,1.0252267122268677,2.9378855228424072,4.55060601234436,5.611906051635742
0.553315281867981,0.6308785676956177,0.8687558174133301,0.5180609822273254,0.5185426473617554,1.025294542312622,2.9377278685569763,4.550614953041077,5.61207115650177
0.5533282160758972,0.6309115290641785,0.8687634468078613,0.518088161945343,0.5185648798942566,1.0253311395645142,2.9377523064613342,4.550749063491821,5.612258315086365
0.5533610582351685,0.6309443712234497,0.8687857389450073,0.5181117057800293,0.5185845494270325,1.025342583656311,2.937917411327362,4.5509690046310425,5.612450838088989
0.5533305406570435,0.6309298872947693,0.8687676191329956,0.5181137323379517,0.5185850858688354,1.0253827571868896,2.9377177357673645,4.550827145576477,5.612419247627258
0.5533384084701538,0.6309254169464111,0.8687765598297119,0.5181172490119934,0.5185887813568115,1.0253838300704956,2.937772572040558,4.550878405570984,5.612443685531616
0.5533760786056519,0.6309264898300171,0.8688066005706787,0.5181195735931396,0.5185924172401428,1.0253528356552124,2.938028872013092,4.551070928573608,5.612501502037048
0.5533319711685181,0.6308704614639282,0.8687840700149536,0.5180969834327698,0.5185739994049072,1.0253627300262451,2.9378071427345276,4.550805687904358,5.6122887134552
0.5533347725868225,0.6308311223983765,0.8687939643859863,0.5180792808532715,0.5185618996620178,1.0253294706344604,2.937888205051422,4.5507848262786865,5.612162351608276
0.5533701181411743,0.6308022141456604,0.8688260316848755,0.5180630087852478,0.5185518860816956,1.0252652168273926,2.938182055950165,4.550923705101013,5.612087845802307
0.5533217787742615,0.6307180523872375,0.868803858757019,0.5180233120918274,0.5185210108757019,1.0252463817596436,2.937980890274048,4.550600051879883,5.611749887466431
0.5533182621002197,0.6306526064872742,0.868812084197998,0.5179900527000427,0.5184974670410156,1.0251888036727905,2.9380646347999573,4.550514221191406,5.611505508422852
0.5533387064933777,0.6305950880050659,0.8688367605209351,0.5179582238197327,0.5184761881828308,1.0251082181930542,2.9383036494255066,4.550548791885376,5.611301064491272
0.5533010959625244,0.630499541759491,0.8688234090805054,0.5179107785224915,0.5184410810470581,1.025058627128601,2.9381999373435974,4.550265669822693,5.610913038253784
0.553282618522644,0.630411684513092,0.8688231706619263,0.5178661942481995,0.5184098482131958,1.0249909162521362,2.9382187128067017,4.550086855888367,5.610563158988953
0.5532986521720886,0.6303419470787048,0.8688457012176514,0.5178281664848328,0.5183849334716797,1.0248980522155762,2.9384493827819824,4.550091624259949,5.610299110412598
0.5532655119895935,0.6302433013916016,0.8688353300094604,0.5177789330482483,0.5183499455451965,1.0248348712921143,2.9383835196495056,4.549831748008728,5.609894394874573
0.5532467365264893,0.6301535367965698,0.8688342571258545,0.5177338123321533,0.5183194279670715,1.0247615575790405,2.9384037852287292,4.549655914306641,5.609529614448547
0.5532572269439697,0.6300818920135498,0.8688520193099976,0.5176964402198792,0.51829594373703,1.0246694087982178,2.9385995864868164,4.549641013145447,5.609250068664551
0.5532251596450806,0.6299877166748047,0.868841290473938,0.5176510810852051,0.5182653665542603,1.0246058702468872,2.9385334253311157,4.549402594566345,5.608859658241272
0.5532106757164001,0.6299070119857788,0.8688415288925171,0.5176123976707458,0.5182411670684814,1.0245332717895508,2.938569188117981,4.549269676208496,5.608530640602112
0.5532063245773315,0.6298364400863647,0.8688473701477051,0.5175788402557373,0.5182213187217712,1.0244579315185547,2.938658595085144,4.549197554588318,5.6082457304000854
0.5531927347183228,0.6297653913497925,0.8688461780548096,0.5175461769104004,0.5182016491889954,1.0243932008743286,2.938683331012726,4.549083709716797,5.607954263687134
0.553182065486908,0.6297008991241455,0.8688459396362305,0.517517626285553,0.5181853771209717,1.0243316888809204,2.938717007637024,4.548994302749634,5.607690215110779
0.5531285405158997,0.6296167969703674,0.8688167333602905,0.5174832344055176,0.5181636810302734,1.0243021249771118,2.9384824633598328,4.548685550689697,5.607327222824097
0.5531903505325317,0.6296054124832153,0.8688616752624512,0.5174778699874878,0.5181676149368286,1.0242053270339966,2.938934862613678,4.54900324344635,5.607309341430664
0.5531359910964966,0.6295291185379028,0.8688302040100098,0.5174483060836792,0.5181490778923035,1.024185299873352,2.938680350780487,4.548700451850891,5.606976747512817
0.5530402660369873,0.62943434715271,0.8687704801559448,0.5174137949943542,0.5181260108947754,1.0241963863372803,2.9381653666496277,4.548189043998718,5.606549978256226
0.5531670451164246,0.6294750571250916,0.8688552379608154,0.5174320936203003,0.5181499123573303,1.0240727663040161,2.938985824584961,4.548877477645874,5.606772303581238
0.5531246066093445,0.6294152736663818,0.8688294887542725,0.5174117684364319,0.5181388258934021,1.0240551233291626,2.9387864470481873,4.54865574836731,5.606511831283569
0.5529599189758301,0.629287600517273,0.8687231540679932,0.5173671841621399,0.5181063413619995,1.0241167545318604,2.9378417134284973,4.547789096832275,5.6059205532073975
0.5531048774719238,0.6293477416038513,0.868817925453186,0.5173958539962769,0.5181388258934021,1.023990273475647,2.9387563467025757,4.5485919713974,5.6062281131744385
0.5531221628189087,0.62932950258255,0.8688297271728516,0.5173937678337097,0.518143892288208,1.0239415168762207,2.938905358314514,4.548704028129578,5.6061625480651855
0.5529267191886902,0.6291872262954712,0.8687025308609009,0.517345666885376,0.5181083083152771,1.0240254402160645,2.9377686977386475,4.547684192657471,5.6054991483688354
0.5530762672424316,0.629256010055542,0.8687988519668579,0.5173795819282532,0.5181449055671692,1.0239026546478271,2.9386991262435913,4.548521637916565,5.605844855308533
0.5531007051467896,0.6292474269866943,0.86881422996521,0.517383337020874,0.5181547999382019,1.0238550901412964,2.93888121843338,4.548683762550354,5.605823397636414
0.5529078841209412,0.6291107535362244,0.8686877489089966,0.5173391699790955,0.5181225538253784,1.0239415168762207,2.937752902507782,4.5476871728897095,5.605183839797974
0.5530579090118408,0.6291824579238892,0.8687834739685059,0.5173752903938293,0.5181607007980347,1.0238213539123535,2.9386815428733826,4.548532962799072,5.6055402755737305
0.5530813932418823,0.6291726231575012,0.868798017501831,0.5173793435096741,0.5181712508201599,1.0237730741500854,2.9388585686683655,4.548693895339966,5.605514049530029
0.5528898239135742,0.6290341019630432,0.8686723709106445,0.5173349380493164,0.5181394219398499,1.0238553285598755,2.9377415776252747,4.54770565032959,5.604867935180664
0.553040087223053,0.6291049122810364,0.8687677383422852,0.5173707604408264,0.5181770324707031,1.0237334966659546,2.93867290019989,4.548550844192505,5.605220794677734
0.5530591607093811,0.6290912628173828,0.8687789440155029,0.517373263835907,0.518186092376709,1.0236866474151611,2.9388245940208435,4.548686742782593,5.60517430305481
0.5528729557991028,0.6289547085762024,0.8686561584472656,0.5173293352127075,0.5181543827056885,1.0237641334533691,2.937741279602051,4.54772412776947,5.604536533355713
0.5530185699462891,0.6290204524993896,0.8687480688095093,0.5173620581626892,0.5181887149810791,1.0236427783966064,2.938648760318756,4.5485371351242065,5.6048643589019775
0.5530253052711487,0.6289948225021362,0.8687511682510376,0.5173589587211609,0.5181927680969238,1.0235979557037354,2.938733696937561,4.548598527908325,5.604760646820068
0.5528528094291687,0.6288611888885498,0.868637204170227,0.5173145532608032,0.5181605815887451,1.0236605405807495,2.9377418756484985,4.5476990938186646,5.6041377782821655
0.5529865026473999,0.6289159655570984,0.8687206506729126,0.5173410773277283,0.5181885361671448,1.023542046546936,2.938583791255951,4.548435211181641,5.604409575462341
0.5529922842979431,0.6288872361183167,0.8687222003936768,0.5173347592353821,0.5181886553764343,1.023494839668274,2.9386675357818604,4.548478722572327,5.604288578033447
0.552824854850769,0.6287544965744019,0.8686107397079468,0.5172886848449707,0.5181537866592407,1.0235519409179688,2.9377102851867676,4.547592997550964,5.603664517402649
0.5529558062553406,0.6288042068481445,0.8686915636062622,0.5173106789588928,0.5181763768196106,1.023431420326233,2.9385414719581604,4.548298120498657,5.60390830039978
0.5529611110687256,0.6287696361541748,0.8686925172805786,0.517299473285675,0.5181715488433838,1.023377776145935,2.938632071018219,4.548322558403015,5.603756904602051
0.5527969598770142,0.6286317706108093,0.868583083152771,0.5172486305236816,0.5181321501731873,1.0234241485595703,2.937706410884857,4.547437429428101,5.6031084060668945
0.5529217720031738,0.6286704540252686,0.8686597347259521,0.5172631144523621,0.5181477069854736,1.023298740386963,2.938513457775116,4.548089504241943,5.60329794883728
0.5529260635375977,0.6286277174949646,0.8686600923538208,0.5172457098960876,0.5181370973587036,1.0232361555099487,2.938612401485443,4.548091292381287,5.603105425834656
0.5527688264846802,0.6284860372543335,0.8685553073883057,0.5171903967857361,0.5180935859680176,1.0232683420181274,2.9377421736717224,4.5472252368927,5.602437853813171
0.5528742074966431,0.6285062432289124,0.8686190843582153,0.5171945691108704,0.5180995464324951,1.0231460332870483,2.9384446144104004,4.547754526138306,5.602535605430603
0.5528937578201294,0.6284666061401367,0.8686288595199585,0.5171753168106079,0.5180866718292236,1.0230662822723389,2.9386451840400696,4.547819495201111,5.602355003356934
0.5527511835098267,0.6283267736434937,0.8685336112976074,0.5171175599098206,0.5180408358573914,1.0230804681777954,2.9378774762153625,4.547016024589539,5.6016939878463745
0.5527810454368591,0.6282961368560791,0.8685481548309326,0.5170998573303223,0.5180271863937378,1.022995948791504,2.9381364583969116,4.547125697135925,5.601544380187988
0.5528829097747803,0.6283035278320312,0.8686100244522095,0.517095148563385,0.5180255174636841,1.022862195968628,2.9388371109962463,4.54761266708374,5.6015801429748535
0.5527117848396301,0.628140926361084,0.8684961795806885,0.5170264840126038,0.517970085144043,1.0228861570358276,2.9379069805145264,4.546643495559692,5.6008076667785645
0.5527186393737793,0.6280949711799622,0.8684946298599243,0.5170004367828369,0.5179480910301208,1.022812843322754,2.9380303621292114,4.546616077423096,5.600576996803284
0.5528410077095032,0.6281155347824097,0.8685681819915771,0.5169982314109802,0.5179466605186462,1.022666335105896,2.9388538002967834,4.547199606895447,5.600665807723999
0.5526673793792725,0.6279518604278564,0.868451714515686,0.516927182674408,0.5178879499435425,1.022691011428833,2.9379090666770935,4.5462071895599365,5.599880814552307
0.5526400804519653,0.6278870105743408,0.8684263229370117,0.5168920755386353,0.5178564190864563,1.0226387977600098,2.937825322151184,4.545987248420715,5.599550008773804
0.5527675151824951,0.6279152631759644,0.8685009479522705,0.5168907046318054,0.5178532600402832,1.0224937200546265,2.938671112060547,4.54658567905426,5.5996620655059814
0.5526025295257568,0.6277623772621155,0.8683878183364868,0.5168221592903137,0.5177943110466003,1.022518277168274,2.9377689957618713,4.5456308126449585,5.598915219306946
0.5526047945022583,0.6277226209640503,0.8683792352676392,0.5167948603630066,0.5177668333053589,1.022456169128418,2.9378506541252136,4.5455604791641235,5.59869110584259
0.552733302116394,0.6277581453323364,0.8684524297714233,0.5167950391769409,0.5177628397941589,1.0223171710968018,2.938692569732666,4.546160101890564,5.598825216293335
0.5525670051574707,0.6276110410690308,0.8683369159698486,0.5167281627655029,0.5177035331726074,1.02234947681427,2.93777197599411,4.545196294784546,5.598096251487732
0.5525477528572083,0.6275653839111328,0.8683125972747803,0.5166980028152466,0.5176715850830078,1.0223078727722168,2.9377126693725586,4.545007944107056,5.597832798957825
0.5526812672615051,0.627612292766571,0.8683868646621704,0.5167016386985779,0.5176681876182556,1.0221748352050781,2.9385700821876526,4.545630216598511,5.598009824752808
0.552518367767334,0.6274754405021667,0.8682717084884644,0.5166380405426025,0.5176097750663757,1.0222138166427612,2.9376569390296936,4.5446836948394775,5.597317814826965
0.5525181293487549,0.6274499297142029,0.8682576417922974,0.5166148543357849,0.5175816416740417,1.0221703052520752,2.937697470188141,4.544594883918762,5.597138404846191
0.5526545643806458,0.6275057792663574,0.8683323860168457,0.516621470451355,0.5175789594650269,1.0220433473587036,2.9385611414909363,4.545231461524963,5.5973488092422485
0.5524905323982239,0.6273746490478516,0.8682155609130859,0.5165598392486572,0.5175211429595947,1.0220900774002075,2.9376307129859924,4.5442795753479,5.59667706489563
0.5524685382843018,0.6273419857025146,0.868186354637146,0.5165336728096008,0.5174891948699951,1.0220661163330078,2.9375308752059937,4.544074535369873,5.596456527709961
0.5526094436645508,0.6274068355560303,0.868262767791748,0.516542911529541,0.5174872279167175,1.02194344997406,2.9384100437164307,4.544732570648193,5.596700310707092
0.5524483919143677,0.6272820234298706,0.8681468963623047,0.5164831280708313,0.5174298882484436,1.0219931602478027,2.9374906420707703,4.5437949895858765,5.596052408218384
0.5524283051490784,0.6272534132003784,0.8681186437606812,0.5164574980735779,0.5173977017402649,1.0219706296920776,2.9373982548713684,4.543596506118774,5.595845580101013
0.5525700449943542,0.6273205876350403,0.8681951761245728,0.5164666175842285,0.5173949003219604,1.0218487977981567,2.938280999660492,4.544254541397095,5.59609591960907
0.5524104833602905,0.6271986961364746,0.8680801391601562,0.5164070129394531,0.5173373818397522,1.0218993425369263,2.937367558479309,4.543322324752808,5.595458149909973
0.5523940324783325,0.6271743774414062,0.8680541515350342,0.5163818597793579,0.5173048377037048,1.021876335144043,2.9372945427894592,4.543139338493347,5.595266819000244
0.552535355091095,0.6272425055503845,0.8681299686431885,0.5163899660110474,0.5173006057739258,1.021755576133728,2.9381731152534485,4.543788433074951,5.595516562461853
0.5523776412010193,0.6271218657493591,0.8680166006088257,0.5163296461105347,0.5172420740127563,1.0218044519424438,2.9372718930244446,4.542861580848694,5.594882369041443
0.5523593425750732,0.6270960569381714,0.8679893016815186,0.5163025856018066,0.5172078609466553,1.0217816829681396,2.937189042568207,4.542662501335144,5.59468150138855
0.5524982213973999,0.627162754535675,0.8680639266967773,0.5163089036941528,0.5172021389007568,1.0216615200042725,2.9380542039871216,4.543294906616211,5.594921708106995
0.5523446798324585,0.6270453929901123,0.8679535388946533,0.5162491202354431,0.5171440839767456,1.0217078924179077,2.9371780157089233,4.542388319969177,5.594301223754883
0.5523245930671692,0.6270186901092529,0.8679255247116089,0.5162208080291748,0.5171087980270386,1.0216854810714722,2.9370850324630737,4.542177319526672,5.594093203544617
0.5524582862854004,0.6270822286605835,0.8679971694946289,0.5162248611450195,0.5171011090278625,1.0215673446655273,2.937920093536377,4.542778730392456,5.594316124916077
0.5523117184638977,0.6269700527191162,0.8678914308547974,0.516166090965271,0.5170440077781677,1.021609902381897,2.9370853304862976,4.541906714439392,5.593717098236084
0.552291989326477,0.6269449591636658,0.8678638935089111,0.516137957572937,0.5170089602470398,1.0215879678726196,2.9369932413101196,4.541698098182678,5.593515038490295
0.5524145364761353,0.6270050406455994,0.867928147315979,0.5161407589912415,0.5170001983642578,1.0214794874191284,2.9377564787864685,4.5422422885894775,5.593717694282532
0.5522829294204712,0.6269075274467468,0.8678317070007324,0.5160878896713257,0.5169476866722107,1.0215188264846802,2.937002182006836,4.541453719139099,5.593183636665344
0.5522787570953369,0.6268962621688843,0.867814302444458,0.5160655379295349,0.5169177651405334,1.0214918851852417,2.93699711561203,4.541334509849548,5.593045353889465
0.5523374080657959,0.6269252300262451,0.8678371906280518,0.5160582661628723,0.5169002413749695,1.0214301347732544,2.9373642802238464,4.5415496826171875,5.593096017837524
0.5522772073745728,0.6268819570541382,0.8677850961685181,0.5160260200500488,0.5168634653091431,1.0214390754699707,2.9370203614234924,4.541146159172058,5.5928099155426025
0.5522598028182983,0.6268701553344727,0.8677592277526855,0.5160055160522461,0.5168355107307434,1.0214287042617798,2.936922609806061,4.540969729423523,5.592666864395142
0.5522978901863098,0.6268970370292664,0.867768406867981,0.5160000920295715,0.5168195962905884,1.0213910341262817,2.937149405479431,4.5410919189453125,5.59270441532135
0.5522603392601013,0.6268818378448486,0.867729663848877,0.5159811973571777,0.5167931914329529,1.0214030742645264,2.9369166493415833,4.54082727432251,5.5925452709198
0.5522459149360657,0.6268885731697083,0.8677046298980713,0.5159720778465271,0.5167744159698486,1.0214104652404785,2.936808168888092,4.540694355964661,5.592486262321472
0.5522817373275757,0.6269344091415405,0.8677109479904175,0.5159791707992554,0.5167685151100159,1.0213983058929443,2.9369860887527466,4.540838599205017,5.592608451843262
0.5522504448890686,0.626947283744812,0.8676742315292358,0.5159770250320435,0.516755223274231,1.0214356184005737,2.9367482662200928,4.540643692016602,5.5925750732421875
0.5522457361221313,0.6269865036010742,0.8676531314849854,0.5159869194030762,0.5167510509490967,1.0214698314666748,2.936650812625885,4.540601372718811,5.59266209602356
0.552283763885498,0.627061665058136,0.8676586151123047,0.5160122513771057,0.5167590379714966,1.0214905738830566,2.9367926716804504,4.540798664093018,5.592916011810303
0.5522596836090088,0.6271082162857056,0.8676238059997559,0.5160300135612488,0.5167607665061951,1.021560549736023,2.9365456104278564,4.540684223175049,5.593034625053406
0.5522651672363281,0.6271846294403076,0.8676067590713501,0.5160613656044006,0.5167726278305054,1.0216270685195923,2.936455011367798,4.540739059448242,5.593290328979492
0.5523070693016052,0.6272948980331421,0.8676117658615112,0.5161080360412598,0.516796350479126,1.0216872692108154,2.936560809612274,4.541003108024597,5.593703389167786
0.5522944331169128,0.6273818016052246,0.8675816059112549,0.5161493420600891,0.5168155431747437,1.0217925310134888,2.936323583126068,4.540994763374329,5.594006180763245
0.5523079633712769,0.627495288848877,0.8675670623779297,0.5162028074264526,0.5168439149856567,1.0218960046768188,2.9362228512763977,4.541138410568237,5.594431161880493
0.5523542165756226,0.6276394724845886,0.8675724267959595,0.5162701606750488,0.5168827772140503,1.0219943523406982,2.9362988471984863,4.541468024253845,5.595001578330994
0.5523537397384644,0.6277641654014587,0.8675476312637329,0.5163330435752869,0.5169178247451782,1.0221325159072876,2.936079502105713,4.541564583778381,5.5954790115356445
0.5523749589920044,0.627910852432251,0.8675359487533569,0.5164059996604919,0.5169603228569031,1.022269606590271,2.935973107814789,4.541786313056946,5.596059560775757
0.5524334907531738,0.6280884146690369,0.8675477504730225,0.5164922475814819,0.5170131921768188,1.0223958492279053,2.9360762238502502,4.542215466499329,5.596786141395569
0.5524332523345947,0.6282387971878052,0.8675216436386108,0.5165711045265198,0.5170594453811646,1.0225690603256226,2.9358109831809998,4.542346000671387,5.597385764122009
0.5524693131446838,0.6284183859825134,0.8675183057785034,0.5166624188423157,0.5171153545379639,1.0227309465408325,2.935750186443329,4.542676210403442,5.598123073577881
0.5525350570678711,0.6286206841468811,0.8675339221954346,0.51676344871521,0.5171791911125183,1.0228824615478516,2.9358580708503723,4.543170928955078,5.598971247673035
0.5525326728820801,0.6287873387336731,0.8675062656402588,0.5168532729148865,0.5172335505485535,1.0230834484100342,2.9355469346046448,4.543314576148987,5.599653124809265
0.552575945854187,0.6289846897125244,0.867507815361023,0.516954779624939,0.5172969102859497,1.0232622623443604,2.9355043172836304,4.543699622154236,5.600482225418091
0.5526450276374817,0.6291968822479248,0.8675270080566406,0.5170620083808899,0.5173653960227966,1.0234267711639404,2.9356175661087036,4.544221758842468,5.601387619972229
0.5526421070098877,0.6293654441833496,0.8675007820129395,0.5171539187431335,0.5174214243888855,1.0236366987228394,2.935297191143036,4.544366002082825,5.602092146873474
0.5526842474937439,0.62955641746521,0.8675049543380737,0.5172529816627502,0.5174838900566101,1.023815393447876,2.935255467891693,4.54474151134491,5.6029099225997925
0.5527517795562744,0.6297552585601807,0.8675276041030884,0.5173539519309998,0.5175492167472839,1.023971676826477,2.9353800415992737,4.5452457666397095,5.603775382041931
0.5527480840682983,0.6299054622650146,0.8675062656402588,0.5174368619918823,0.5176002979278564,1.024166226387024,2.935085892677307,4.54537034034729,5.604418516159058
0.5527855753898621,0.630071222782135,0.8675136566162109,0.5175235867500305,0.5176557302474976,1.0243263244628906,2.9350557923316956,4.545702338218689,5.60514509677887
0.5528457164764404,0.6302406787872314,0.8675378561019897,0.5176101326942444,0.5177124738693237,1.0244629383087158,2.935177981853485,4.54614520072937,5.605900287628174
0.5528454780578613,0.6303665637969971,0.8675253391265869,0.5176798105239868,0.5177561640739441,1.02462899684906,2.934950292110443,4.546263217926025,5.6064581871032715
0.5528783798217773,0.6305015087127686,0.8675364255905151,0.5177509188652039,0.5178024172782898,1.0247632265090942,2.934941351413727,4.546546936035156,5.607069730758667
0.5529268980026245,0.6306371092796326,0.8675596714019775,0.5178207755088806,0.517848789691925,1.0248793363571167,2.9350408911705017,4.546903967857361,5.607693195343018
0.5529255867004395,0.6307370662689209,0.8675522804260254,0.5178767442703247,0.5178842544555664,1.0250200033187866,2.93485164642334,4.546992778778076,5.608154535293579
0.552958607673645,0.630846381187439,0.8675692081451416,0.5179342031478882,0.5179224610328674,1.0251277685165405,2.934887707233429,4.547251462936401,5.608670115470886
0.5529903769493103,0.6309456825256348,0.867587685585022,0.5179865956306458,0.517957866191864,1.0252262353897095,2.9349330067634583,4.5474982261657715,5.609148144721985
0.5529857873916626,0.63101726770401,0.8675839900970459,0.5180277824401855,0.5179844498634338,1.0253405570983887,2.9347702860832214,4.547545313835144,5.60949981212616
0.5530164241790771,0.6310993432998657,0.8676050901412964,0.5180712342262268,0.5180144309997559,1.0254217386245728,2.9348382353782654,4.547770023345947,5.60991108417511
0.5530180931091309,0.6311565637588501,0.8676093816757202,0.5181043148040771,0.518036961555481,1.0255122184753418,2.934744954109192,4.547834992408752,5.61021089553833
0.5530250072479248,0.6312098503112793,0.867618203163147,0.5181348323822021,0.518058180809021,1.0255917310714722,2.934696078300476,4.547922611236572,5.6104981899261475
0.5530687570571899,0.631278395652771,0.867652416229248,0.5181697607040405,0.5180842280387878,1.0256412029266357,2.934880554676056,4.548197984695435,5.610864162445068
0.5530697703361511,0.6313192844390869,0.8676595687866211,0.5181945562362671,0.5181019902229309,1.0257147550582886,2.9348114132881165,4.548247456550598,5.611101388931274
0.5530703663825989,0.6313577890396118,0.8676668405532837,0.5182178616523743,0.5181187987327576,1.02578604221344,2.9347437620162964,4.548291563987732,5.611329674720764
0.553110659122467,0.6314170360565186,0.8677002191543579,0.5182481408119202,0.5181417465209961,1.0258299112319946,2.9349207878112793,4.548542499542236,5.611657500267029
0.553114116191864,0.6314538717269897,0.8677102327346802,0.5182705521583557,0.5181582570075989,1.0258960723876953,2.9348763823509216,4.548599123954773,5.6118810176849365
0.5531084537506104,0.631485104560852,0.8677142858505249,0.518290638923645,0.5181726813316345,1.0259677171707153,2.9347768425941467,4.548606276512146,5.612077713012695
0.553149938583374,0.6315428614616394,0.8677492141723633,0.5183201432228088,0.518195390701294,1.0260088443756104,2.934965193271637,4.54886257648468,5.612402558326721
0.5531510710716248,0.6315789818763733,0.8677575588226318,0.5183424353599548,0.5182116627693176,1.0260776281356812,2.934904396533966,4.548907279968262,5.612623691558838
0.5531296133995056,0.6316063404083252,0.8677502870559692,0.5183618664741516,0.5182245373725891,1.0261657238006592,2.9347002506256104,4.548833966255188,5.612797737121582
0.5532234907150269,0.6316964626312256,0.8678193092346191,0.5184040069580078,0.5182581543922424,1.0261768102645874,2.9352015256881714,4.549371004104614,5.613276958465576
0.5531635284423828,0.6317070722579956,0.867786169052124,0.5184186100959778,0.5182662010192871,1.0262959003448486,2.934754192829132,4.549100399017334,5.61336874961853
0.553155779838562,0.6317518353462219,0.8677855730056763,0.5184451937675476,0.5182830095291138,1.0263868570327759,2.9346153140068054,4.5491015911102295,5.613617300987244
0.5533043146133423,0.6318777799606323,0.8678895235061646,0.5185009241104126,0.5183275938034058,1.0263692140579224,2.935439348220825,4.54992949962616,5.614266991615295
0.5531875491142273,0.6318681240081787,0.8678168058395386,0.5185091495513916,0.5183270573616028,1.0265401601791382,2.9346248507499695,4.54936146736145,5.614251494407654
0.5531943440437317,0.6319311261177063,0.8678233623504639,0.518542468547821,0.5183469653129578,1.0266342163085938,2.9345569014549255,4.549437165260315,5.614576935768127
0.5533796548843384,0.6320832967758179,0.8679506778717041,0.5186076164245605,0.5183983445167542,1.0266002416610718,2.9355958104133606,4.550458788871765,5.615348815917969
0.55323326587677,0.6320677995681763,0.8678561449050903,0.5186141729354858,0.518393337726593,1.0268045663833618,2.9345810413360596,4.549732804298401,5.615294575691223
0.5532547235488892,0.6321456432342529,0.8678711652755737,0.5186527967453003,0.5184160470962524,1.0268980264663696,2.9345902800559998,4.54988420009613,5.61568558216095
0.5534451603889465,0.6323044896125793,0.8680014610290527,0.5187203288078308,0.5184684991836548,1.0268667936325073,2.935653030872345,4.550931453704834,5.6164878606796265
0.5532960891723633,0.6322941184043884,0.8679039478302002,0.5187287330627441,0.5184632539749146,1.0270817279815674,2.9346102476119995,4.550188779830933,5.616452693939209
0.5533170104026794,0.6323750615119934,0.8679182529449463,0.5187683701515198,0.5184857249259949,1.0271809101104736,2.9346099495887756,4.55033540725708,5.616857409477234
0.553507387638092,0.6325351595878601,0.8680486679077148,0.518836259841919,0.5185380578041077,1.0271525382995605,2.935669720172882,4.551379680633545,5.617666840553284
0.5533587336540222,0.6325288414955139,0.8679510354995728,0.5188462138175964,0.5185331702232361,1.0273728370666504,2.9346224665641785,4.550639390945435,5.617650151252747
0.5533791780471802,0.6326103806495667,0.867965579032898,0.5188863277435303,0.5185561776161194,1.0274744033813477,2.9346179962158203,4.5507848262786865,5.618060827255249
0.553568959236145,0.632768988609314,0.8680969476699829,0.5189542174339294,0.5186092257499695,1.0274461507797241,2.9356762766838074,4.551829099655151,5.618869066238403
0.553419828414917,0.6327655911445618,0.8679989576339722,0.5189658999443054,0.518605649471283,1.027671456336975,2.9346197843551636,4.551089406013489,5.618866682052612
0.5534409880638123,0.6328487992286682,0.8680146932601929,0.5190077424049377,0.5186306238174438,1.0277748107910156,2.9346174001693726,4.551244378089905,5.619288086891174
0.553629994392395,0.6330071687698364,0.8681466579437256,0.5190766453742981,0.5186854600906372,1.027748703956604,2.93567031621933,4.552291631698608,5.620102286338806
0.5534816980361938,0.6330083012580872,0.868049144744873,0.5190914273262024,0.5186845064163208,1.027978777885437,2.934611737728119,4.551563262939453,5.620121955871582
0.5535033345222473,0.6330931186676025,0.8680660724639893,0.5191352367401123,0.5187119245529175,1.028084397315979,2.934609353542328,4.551728963851929,5.620555877685547
0.5536906123161316,0.6332505345344543,0.8681981563568115,0.5192053318023682,0.5187689661979675,1.0280600786209106,2.935652434825897,4.552775621414185,5.621371269226074
0.5535509586334229,0.6332594156265259,0.8681066036224365,0.5192245244979858,0.5187721848487854,1.0282888412475586,2.934640347957611,4.552101492881775,5.621431469917297
0.5535658597946167,0.6333430409431458,0.868119478225708,0.5192697644233704,0.5188015103340149,1.0284029245376587,2.9345914721488953,4.552240967750549,5.621864199638367
0.5537562370300293,0.6335027813911438,0.8682548999786377,0.5193424224853516,0.518861711025238,1.0283783674240112,2.9356521368026733,4.553313255310059,5.622697472572327
0.5536291599273682,0.6335221529006958,0.8681718111038208,0.5193672776222229,0.5188701748847961,1.0286039113998413,2.9347100853919983,4.552716016769409,5.622810125350952
0.5536336898803711,0.6336044073104858,0.8681778907775879,0.519413948059082,0.5189008116722107,1.0287307500839233,2.9345902800559998,4.552810192108154,5.623238682746887
0.5538268685340881,0.6337670087814331,0.8683161735534668,0.5194892287254333,0.5189641714096069,1.0287073850631714,2.935665249824524,4.5539069175720215,5.624091625213623
0.5537083745002747,0.633795976638794,0.8682385683059692,0.5195192694664001,0.5189768671989441,1.0289338827133179,2.934766709804535,4.553362131118774,5.624251961708069
0.5537081956863403,0.6338796019554138,0.868241548538208,0.5195680260658264,0.5190092325210571,1.0290696620941162,2.9346099495887756,4.553439617156982,5.624688267707825
0.5538946390151978,0.6340405344963074,0.8683756589889526,0.5196442008018494,0.519073486328125,1.0290547609329224,2.9356399178504944,4.55450713634491,5.625537633895874
0.5537949204444885,0.634082555770874,0.8683105707168579,0.5196801424026489,0.5190914869308472,1.0292733907699585,2.934850752353668,4.554067254066467,5.625763535499573
0.5537756681442261,0.634161114692688,0.8683003187179565,0.5197284817695618,0.5191223621368408,1.0294294357299805,2.9345673322677612,4.554049372673035,5.62617301940918
0.5539496541023254,0.6343175172805786,0.8684264421463013,0.5198038816452026,0.5191857218742371,1.0294269323349,2.9355159401893616,4.555054306983948,5.627003312110901
0.5539212822914124,0.6343920230865479,0.8684111833572388,0.5198519825935364,0.5192168354988098,1.0295923948287964,2.9351744055747986,4.554994702339172,5.627400875091553
0.5538206696510315,0.6344401836395264,0.8683435916900635,0.5198908448219299,0.5192356109619141,1.0298199653625488,2.934366464614868,4.554550051689148,5.627650022506714
0.5540226101875305,0.6346069574356079,0.8684905767440796,0.5199704766273499,0.5193044543266296,1.0297950506210327,2.935495674610138,4.555705785751343,5.6285423040390015
0.554012656211853,0.6346916556358337,0.868488073348999,0.5200232267379761,0.5193400382995605,1.0299501419067383,2.935265302658081,4.555746912956238,5.628995299339294
0.5538948178291321,0.6347368955612183,0.8684080839157104,0.5200623869895935,0.5193578600883484,1.0301977396011353,2.934339940547943,4.555216431617737,5.629225969314575
0.5540993809700012,0.6349032521247864,0.8685581684112549,0.5201429128646851,0.5194284915924072,1.0301707983016968,2.9354870319366455,4.556390643119812,5.630125999450684
0.5540944337844849,0.6349920630455017,0.8685594797134399,0.5201981663703918,0.5194664001464844,1.0303255319595337,2.935284674167633,4.556463360786438,5.630602836608887
0.5539774894714355,0.6350400447845459,0.8684799671173096,0.5202394723892212,0.5194858908653259,1.0305765867233276,2.934359312057495,4.555940628051758,5.630849003791809
0.554179310798645,0.6352020502090454,0.8686298131942749,0.5203191041946411,0.5195568203926086,1.0305501222610474,2.93549507856369,4.557104706764221,5.631737112998962
0.5541768074035645,0.6352910995483398,0.868633508682251,0.5203750729560852,0.519595742225647,1.0307036638259888,2.935308814048767,4.557191729545593,5.632220506668091
0.554072380065918,0.6353423595428467,0.8685636520385742,0.5204177498817444,0.5196175575256348,1.030943751335144,2.934466302394867,4.556736350059509,5.632491707801819
0.5542587041854858,0.6354919075965881,0.8687046766281128,0.5204930901527405,0.5196853280067444,1.030924916267395,2.935512959957123,4.557817578315735,5.633328557014465
0.5542700290679932,0.635581374168396,0.8687196969985962,0.5205488801002502,0.5197257995605469,1.0310627222061157,2.9354241490364075,4.557976126670837,5.63382625579834
0.5541646480560303,0.6356275081634521,0.8686504364013672,0.5205895304679871,0.5197463631629944,1.0312999486923218,2.934582233428955,4.557512998580933,5.634080171585083
0.5543457865715027,0.6357642412185669,0.868790864944458,0.5206594467163086,0.5198112726211548,1.0312752723693848,2.9356151819229126,4.558561444282532,5.634869337081909
0.5543577671051025,0.6358452439308167,0.868808388710022,0.5207111239433289,0.519849419593811,1.0314041376113892,2.9355448484420776,4.5587170124053955,5.635337233543396
0.5542494058609009,0.6358819007873535,0.8687386512756348,0.5207470655441284,0.5198668241500854,1.0316356420516968,2.934698760509491,4.558230638504028,5.635555982589722
0.5544283390045166,0.636001706123352,0.868881344795227,0.520808756351471,0.5199270248413086,1.031596302986145,2.9357457160949707,4.5592570304870605,5.636281967163086
0.554436981678009,0.6360641121864319,0.868899941444397,0.5208507180213928,0.5199587345123291,1.031710147857666,2.935684323310852,4.559377431869507,5.6366777420043945
0.5543270111083984,0.6360797882080078,0.868833065032959,0.520875096321106,0.5199683904647827,1.03192138671875,2.934863567352295,4.558859467506409,5.636812448501587
0.5544989109039307,0.6361689567565918,0.8689764738082886,0.5209207534790039,0.5200179815292358,1.031857967376709,2.9359152913093567,4.559822678565979,5.637415051460266
0.5545045137405396,0.6362046003341675,0.8689978122711182,0.5209479331970215,0.5200400352478027,1.0319463014602661,2.935880124568939,4.559900760650635,5.637704133987427
0.5543941259384155,0.6361952424049377,0.868935227394104,0.5209583640098572,0.5200404524803162,1.032130241394043,2.9351016879081726,4.559355974197388,5.637739896774292
0.5545564293861389,0.6362515091896057,0.8690774440765381,0.5209870934486389,0.5200790166854858,1.0320425033569336,2.9361432790756226,4.56024169921875,5.638207793235779
0.5545578002929688,0.6362600922584534,0.8691004514694214,0.5209999680519104,0.5200918912887573,1.0321053266525269,2.936127483844757,4.560273885726929,5.638384819030762
0.5544525980949402,0.6362294554710388,0.869045615196228,0.5209985375404358,0.5200856924057007,1.03225839138031,2.935422956943512,4.559736251831055,5.638337731361389
0.5545997023582458,0.6362559199333191,0.8691816329956055,0.5210127830505371,0.5201146006584167,1.032155156135559,2.936411499977112,4.560523629188538,5.638678073883057
0.5545790195465088,0.6362372636795044,0.8691918849945068,0.5210129022598267,0.5201181769371033,1.0322140455245972,2.9362869262695312,4.5604246854782104,5.63873291015625
0.5545433759689331,0.6362078785896301,0.8691921234130859,0.5210083723068237,0.5201176404953003,1.0322784185409546,2.9360756278038025,4.560242295265198,5.63873291015625
0.5546087026596069,0.6361968517303467,0.8692694902420044,0.5210081934928894,0.5201305747032166,1.0322349071502686,2.936549484729767,4.560590386390686,5.638870596885681
0.5546035170555115,0.6361663341522217,0.8692940473556519,0.5210019946098328,0.520132839679718,1.032258152961731,2.9365572333335876,4.560565948486328,5.638883709907532
0.5545886754989624,0.6361271739006042,0.8693121671676636,0.5209917426109314,0.5201318860054016,1.032282829284668,2.9365122318267822,4.560487270355225,5.638855695724487
0.5546022653579712,0.6360889673233032,0.8693524599075317,0.5209807753562927,0.5201336145401001,1.0322717428207397,2.9366666078567505,4.560554027557373,5.6388479471206665
0.5546027421951294,0.6360438466072083,0.8693834543228149,0.5209668278694153,0.5201324820518494,1.0322682857513428,2.936740815639496,4.560549855232239,5.638803243637085
0.5545977354049683,0.6359931230545044,0.869410514831543,0.5209503769874573,0.5201293230056763,1.0322643518447876,2.936786711215973,4.5605140924453735,5.638728737831116
0.5546058416366577,0.6359418630599976,0.8694478273391724,0.520933210849762,0.5201274156570435,1.0322420597076416,2.9369258880615234,4.560546875,5.638660788536072
0.5546069145202637,0.6358870267868042,0.869479775428772,0.5209147334098816,0.5201243162155151,1.0322234630584717,2.9370221495628357,4.560542702674866,5.638570785522461
0.554606020450592,0.6358290910720825,0.8695104122161865,0.5208948254585266,0.5201202630996704,1.0322027206420898,2.9371103644371033,4.560527205467224,5.6384652853012085
0.5546300411224365,0.6357731223106384,0.8695602416992188,0.5208748579025269,0.5201189517974854,1.032151460647583,2.9373717308044434,4.560641050338745,5.638381242752075
0.5546274185180664,0.6357116103172302,0.8695892095565796,0.5208534598350525,0.5201141238212585,1.032126545906067,2.9374539852142334,4.5606160163879395,5.638256072998047
0.5546237230300903,0.635648250579834,0.8696171045303345,0.5208311676979065,0.5201085805892944,1.0320996046066284,2.9375317692756653,4.560585021972656,5.638120174407959
0.554650604724884,0.6355879902839661,0.8696683645248413,0.5208090543746948,0.5201067924499512,1.0320361852645874,2.9378214478492737,4.560713171958923,5.638013482093811
0.5546450614929199,0.6355228424072266,0.8696941137313843,0.5207861661911011,0.5201008915901184,1.0320074558258057,2.9378896951675415,4.560673236846924,5.637864470481873
0.5546383261680603,0.6354564428329468,0.8697185516357422,0.5207628011703491,0.520094633102417,1.0319777727127075,2.93795108795166,4.560626745223999,5.63770592212677
0.5546582937240601,0.6353927254676819,0.8697634935379028,0.5207396149635315,0.5200916528701782,1.0319156646728516,2.938198447227478,4.560720324516296,5.637573599815369
0.5546520948410034,0.6353259086608887,0.869787335395813,0.5207162499427795,0.5200857520103455,1.0318821668624878,2.9382649064064026,4.560679197311401,5.637409687042236
0.5546445846557617,0.6352578401565552,0.8698098659515381,0.5206923484802246,0.5200793743133545,1.0318478345870972,2.938324213027954,4.560629725456238,5.637236833572388
0.5546425580978394,0.6351890563964844,0.8698363304138184,0.5206679105758667,0.520073413848877,1.0318044424057007,2.938423752784729,4.560610055923462,5.637062191963196
0.5546379685401917,0.6351186037063599,0.8698606491088867,0.520642876625061,0.5200668573379517,1.0317612886428833,2.93850839138031,4.56057608127594,5.636876225471497
0.5546325445175171,0.6350464820861816,0.8698838949203491,0.5206169486045837,0.5200596451759338,1.031715989112854,2.938590347766876,4.560536742210388,5.636680722236633
0.5546284317970276,0.6349728107452393,0.8699079751968384,0.5205902457237244,0.5200522541999817,1.0316663980484009,2.9386836290359497,4.560503363609314,5.6364768743515015
0.5546245574951172,0.6348974704742432,0.8699320554733276,0.5205628275871277,0.5200445055961609,1.0316129922866821,2.938782274723053,4.560471773147583,5.636263489723206
0.5546192526817322,0.6348202228546143,0.8699548244476318,0.5205344557762146,0.5200361013412476,1.0315582752227783,2.938874363899231,4.560431241989136,5.636040568351746
0.5546150207519531,0.6347412467002869,0.8699781894683838,0.5205052495002747,0.5200273394584656,1.0314990282058716,2.9389771819114685,4.5603954792022705,5.635807514190674
0.5546102523803711,0.6346598267555237,0.8700008392333984,0.5204747915267944,0.5200178623199463,1.0314364433288574,2.939079701900482,4.560356140136719,5.635561943054199
0.5546039342880249,0.6345755457878113,0.8700224161148071,0.5204429030418396,0.5200071334838867,1.0313714742660522,2.939176857471466,4.56030547618866,5.635300278663635
0.5545980334281921,0.6344885230064392,0.8700441122055054,0.5204095244407654,0.5199956893920898,1.0313016176223755,2.9392817616462708,4.560256004333496,5.6350260972976685
0.5545907020568848,0.6343984603881836,0.8700646162033081,0.520374596118927,0.5199830532073975,1.03122878074646,2.939382493495941,4.560196399688721,5.6347352266311646
0.5545819997787476,0.6343051791191101,0.8700839281082153,0.5203379988670349,0.5199692249298096,1.0311528444290161,2.9394784569740295,4.5601266622543335,5.6344276666641235
0.5545731782913208,0.6342077851295471,0.8701033592224121,0.5202991366386414,0.5199538469314575,1.0310711860656738,2.939581573009491,4.56005334854126,5.634100437164307
0.5545622110366821,0.6341062784194946,0.8701210021972656,0.5202580094337463,0.5199368000030518,1.0309863090515137,2.9396769404411316,4.559964537620544,5.633751749992371
0.5545499324798584,0.6340004801750183,0.8701376914978027,0.5202144384384155,0.519917905330658,1.0308966636657715,2.939770519733429,4.559864401817322,5.633381009101868
0.5545374155044556,0.6338897943496704,0.8701545000076294,0.520168125629425,0.5198972225189209,1.0308005809783936,2.9398706555366516,4.559757709503174,5.632987022399902
0.5545216798782349,0.6337738633155823,0.8701688051223755,0.5201188921928406,0.519874095916748,1.0307010412216187,2.9399582743644714,4.5596301555633545,5.632566213607788
0.5545047521591187,0.633651852607727,0.8701823949813843,0.5200662612915039,0.519848644733429,1.0305949449539185,2.9400473833084106,4.559488892555237,5.632117390632629
0.5544869899749756,0.6335230469703674,0.8701961040496826,0.5200096368789673,0.5198203325271606,1.0304802656173706,2.940143644809723,4.559336304664612,5.631634593009949
0.5544652342796326,0.6333869695663452,0.8702067136764526,0.5199488401412964,0.5197886824607849,1.0303609371185303,2.9402244091033936,4.559154510498047,5.631116032600403
0.5544416308403015,0.633243203163147,0.8702164888381958,0.5198836922645569,0.5197538137435913,1.0302332639694214,2.9403063654899597,4.558955430984497,5.630559921264648
0.5544186234474182,0.6330917477607727,0.8702270984649658,0.5198138952255249,0.5197159051895142,1.0300945043563843,2.9404059052467346,4.558749794960022,5.629969239234924
0.5543816089630127,0.6329314708709717,0.8702274560928345,0.51973956823349,0.5196734666824341,1.0299615859985352,2.940421998500824,4.558462500572205,5.629327893257141
0.5543646812438965,0.6327638626098633,0.8702439069747925,0.5196598172187805,0.5196294784545898,1.0297921895980835,2.940593957901001,4.55826997756958,5.628663897514343
0.5543163418769836,0.6325892806053162,0.8702356815338135,0.5195773243904114,0.5195798873901367,1.0296534299850464,2.9405558109283447,4.557907581329346,5.627946257591248
0.5542833805084229,0.6324048042297363,0.8702402114868164,0.5194882750511169,0.5195278525352478,1.0294809341430664,2.940644919872284,4.557613730430603,5.627191662788391
0.5542817115783691,0.6322154998779297,0.8702692985534668,0.5193944573402405,0.5194758772850037,1.0292598009109497,2.940964996814728,4.557472467422485,5.626431107521057
0.554214358329773,0.6320250034332275,0.8702453374862671,0.5193026065826416,0.5194171071052551,1.0291205644607544,2.9408207535743713,4.556991457939148,5.625618100166321
0.5541801452636719,0.6318258047103882,0.8702479600906372,0.5192037224769592,0.5193575620651245,1.0289252996444702,2.940928041934967,4.556670188903809,5.624783039093018
0.5541784167289734,0.6316250562667847,0.8702752590179443,0.5191017985343933,0.519299328327179,1.0286837816238403,2.9412680864334106,4.556509256362915,5.623955130577087
0.5541061758995056,0.6314302086830139,0.8702446222305298,0.5190059542655945,0.519236147403717,1.0285383462905884,2.9410991072654724,4.555991888046265,5.623100399971008
0.5540688037872314,0.6312305927276611,0.8702410459518433,0.5189051628112793,0.5191736221313477,1.0283395051956177,2.941185235977173,4.55564558506012,5.622239708900452
0.5540639162063599,0.6310325264930725,0.8702616691589355,0.5188029408454895,0.5191133618354797,1.0280976295471191,2.941499650478363,4.555463790893555,5.621398687362671
0.5539910793304443,0.6308438181877136,0.8702259063720703,0.5187087059020996,0.5190495848655701,1.0279532670974731,2.941316068172455,4.5549410581588745,5.620548129081726
0.553953230381012,0.6306517124176025,0.8702172040939331,0.5186100006103516,0.518986701965332,1.0277565717697144,2.9413872957229614,4.554590582847595,5.6196969747543335
0.5539429187774658,0.6304627656936646,0.8702284097671509,0.5185109972953796,0.5189260840415955,1.027525544166565,2.9416480660438538,4.554380774497986,5.618868470191956
0.5538708567619324,0.6302839517593384,0.8701882362365723,0.5184199810028076,0.5188627243041992,1.0273855924606323,2.9414528608322144,4.553861618041992,5.61803936958313
0.5538345575332642,0.6301015615463257,0.8701756000518799,0.5183243751525879,0.5188001394271851,1.0271919965744019,2.941519021987915,4.553518891334534,5.617209076881409
0.5538092851638794,0.6299245357513428,0.8701698780059814,0.5182302594184875,0.518738865852356,1.0269882678985596,2.9416540265083313,4.55323338508606,5.616400837898254
0.5537392497062683,0.6297544240951538,0.8701267242431641,0.5181414484977722,0.5186750888824463,1.0268499851226807,2.9414594173431396,4.552721381187439,5.615588426589966
0.5537070035934448,0.6295779943466187,0.8701132535934448,0.5180462598800659,0.5186111927032471,1.026652455329895,2.9415446519851685,4.552392363548279,5.614765882492065
0.5536688566207886,0.6294060945510864,0.8700933456420898,0.5179529786109924,0.5185468196868896,1.0264663696289062,2.9415807127952576,4.552033543586731,5.613952279090881
0.5536147952079773,0.6292399764060974,0.8700590133666992,0.5178627371788025,0.5184817314147949,1.026306390762329,2.9414933919906616,4.551593661308289,5.613147020339966
0.5535793304443359,0.629075825214386,0.8700379133224487,0.517771303653717,0.5184169411659241,1.0261226892471313,2.9415354132652283,4.551243782043457,5.612353682518005
0.553538978099823,0.628918468952179,0.8700109720230103,0.5176826119422913,0.518352210521698,1.0259521007537842,2.941531240940094,4.550869464874268,5.611579418182373
0.5534936189651489,0.6287656426429749,0.8699783086776733,0.5175955295562744,0.5182868838310242,1.0257922410964966,2.9414835572242737,4.5504677295684814,5.6108152866363525
0.5534765720367432,0.628612756729126,0.8699668645858765,0.5175055861473083,0.5182220935821533,1.0255931615829468,2.941637337207794,4.550204873085022,5.610060095787048
0.5534335374832153,0.628471851348877,0.8699325323104858,0.517422616481781,0.5181574821472168,1.0254417657852173,2.941586673259735,4.549814462661743,5.609334707260132
0.5533905029296875,0.6283357739448547,0.8698965311050415,0.517340898513794,0.5180928111076355,1.0252951383590698,2.9415276646614075,4.549422860145569,5.608623027801514
0.5533783435821533,0.6281956434249878,0.8698843717575073,0.5172542929649353,0.5180277824401855,1.0251013040542603,2.9416945576667786,4.54917848110199,5.607907176017761
0.5533350706100464,0.6280645132064819,0.8698462247848511,0.5171733498573303,0.5179619193077087,1.024958610534668,2.941626012325287,4.548780918121338,5.607207417488098
0.5532918572425842,0.6279351711273193,0.869807243347168,0.5170924067497253,0.5178954601287842,1.0248169898986816,2.9415547847747803,4.548380374908447,5.606509447097778
0.5532798171043396,0.6278022527694702,0.8697922229766846,0.5170068740844727,0.5178288817405701,1.0246281623840332,2.9417118430137634,4.548130631446838,5.605809688568115
0.5532369613647461,0.6276792287826538,0.8697514533996582,0.5169274806976318,0.5177620649337769,1.024491310119629,2.94163316488266,4.5477294921875,5.6051307916641235
0.5531941056251526,0.6275573372840881,0.8697100877761841,0.5168478488922119,0.5176944732666016,1.0243550539016724,2.941553294658661,4.547324776649475,5.604451894760132
0.5531817078590393,0.6274305582046509,0.8696924448013306,0.5167630314826965,0.5176267027854919,1.0241707563400269,2.941697835922241,4.547067284584045,5.603765249252319
0.5531388521194458,0.6273117065429688,0.8696497678756714,0.5166836380958557,0.5175584554672241,1.0240360498428345,2.941614091396332,4.5466601848602295,5.60309112071991
0.5530956983566284,0.6271918416023254,0.8696067333221436,0.5166030526161194,0.5174891352653503,1.0238991975784302,2.9415300488471985,4.5462483167648315,5.6024110317230225
0.5530824065208435,0.6270652413368225,0.8695874214172363,0.5165165066719055,0.5174193382263184,1.0237129926681519,2.941669523715973,4.545978903770447,5.601714253425598
0.5530385971069336,0.6269456744194031,0.8695434331893921,0.5164350867271423,0.5173491835594177,1.0235751867294312,2.941581606864929,4.545561075210571,5.601028203964233
0.5529942512512207,0.6268246173858643,0.8694990873336792,0.5163524150848389,0.5172781348228455,1.0234352350234985,2.9414919018745422,4.545137286186218,5.600333213806152
0.5529804229736328,0.6266964673995972,0.8694788217544556,0.5162637233734131,0.5172067284584045,1.0232441425323486,2.941632568836212,4.5448607206344604,5.599620938301086
0.5529366135597229,0.6265795230865479,0.8694337606430054,0.5161824822425842,0.5171364545822144,1.0231059789657593,2.941541373729706,4.5444416999816895,5.5989378690719604
0.5528920888900757,0.6264644861221313,0.8693876266479492,0.5161020159721375,0.517066478729248,1.0229703187942505,2.941441535949707,4.544020295143127,5.5982595682144165
0.552879273891449,0.6263440847396851,0.8693664073944092,0.5160163044929504,0.5169968605041504,1.0227837562561035,2.941577136516571,4.543753266334534,5.5975717306137085
0.5528357028961182,0.6262348294258118,0.8693200349807739,0.5159382224082947,0.5169286727905273,1.0226515531539917,2.941475212574005,4.543341398239136,5.596914291381836
0.5527914762496948,0.626126766204834,0.8692728281021118,0.5158607959747314,0.5168609023094177,1.022520661354065,2.9413673281669617,4.542928338050842,5.596259832382202
0.5527790784835815,0.6260121464729309,0.8692508935928345,0.515777587890625,0.5167933106422424,1.0223374366760254,2.9414966702461243,4.542669653892517,5.595589280128479
0.552735447883606,0.6259080171585083,0.8692036867141724,0.5157021880149841,0.5167275071144104,1.0222082138061523,2.9413869976997375,4.54226553440094,5.5949485301971436
0.5526913404464722,0.6258059144020081,0.869156002998352,0.5156280994415283,0.5166630148887634,1.0220811367034912,2.9412710666656494,4.541863799095154,5.594314336776733
0.552678644657135,0.625697135925293,0.8691331148147583,0.5155487656593323,0.5165994167327881,1.021902322769165,2.9413893818855286,4.5416176319122314,5.593667030334473
0.5526344180107117,0.6255979537963867,0.8690853118896484,0.5154771208763123,0.5165377259254456,1.0217769145965576,2.9412677884101868,4.541224837303162,5.593045353889465
0.552589476108551,0.62549889087677,0.8690371513366699,0.5154060125350952,0.5164772272109985,1.0216517448425293,2.941141426563263,4.540833234786987,5.59242308139801
0.5525755286216736,0.6253913044929504,0.8690139055252075,0.5153288841247559,0.5164171457290649,1.021472692489624,2.941250205039978,4.540594220161438,5.591779947280884
0.5525292754173279,0.6252918243408203,0.8689652681350708,0.5152586698532104,0.5163586139678955,1.0213468074798584,2.9411163926124573,4.540205001831055,5.591155290603638
0.5524915456771851,0.6251903772354126,0.868923544883728,0.5151874423027039,0.5163012146949768,1.0212057828903198,2.94104665517807,4.539860486984253,5.590527057647705
0.5524419546127319,0.6250841617584229,0.8688740730285645,0.5151150822639465,0.516243040561676,1.0210740566253662,2.940901219844818,4.539457559585571,5.5898743867874146
0.5524544715881348,0.624968409538269,0.8688725233078003,0.5150337815284729,0.5161863565444946,1.02084481716156,2.941211760044098,4.53935980796814,5.589208006858826
0.5523339509963989,0.6248782873153687,0.8687678575515747,0.5149761438369751,0.5161314010620117,1.0208278894424438,2.940538227558136,4.53862726688385,5.588592290878296
0.5523440837860107,0.6247555613517761,0.868766188621521,0.514893114566803,0.5160757899284363,1.0205907821655273,2.9408451914787292,4.538523554801941,5.587896108627319
0.5523731708526611,0.6246470212936401,0.8687765598297119,0.5148165822029114,0.5160263776779175,1.0203447341918945,2.9412615299224854,4.538531303405762,5.587267875671387
0.5522010922431946,0.6245760917663574,0.8686312437057495,0.5147750973701477,0.5159785151481628,1.0204200744628906,2.940189838409424,4.537574052810669,5.586714148521423
0.5522584915161133,0.6244516372680664,0.8686655759811401,0.5146895051002502,0.5159284472465515,1.0201133489608765,2.9408347606658936,4.537718296051025,5.586031675338745
0.5522630214691162,0.6243568658828735,0.868655800819397,0.5146238207817078,0.5158848762512207,1.0199158191680908,2.9410526156425476,4.537626504898071,5.585451126098633
0.5520918369293213,0.6242920160293579,0.8685113191604614,0.5145872831344604,0.5158421993255615,1.019995927810669,2.939978539943695,4.536692500114441,5.584925413131714
0.5521548986434937,0.6241764426231384,0.8685486316680908,0.5145075917243958,0.515798032283783,1.0196902751922607,2.940647304058075,4.536883234977722,5.584282279014587
0.552147626876831,0.6240922212600708,0.8685290813446045,0.5144500732421875,0.5157600045204163,1.0195204019546509,2.9407641291618347,4.536753296852112,5.583743453025818
0.551984429359436,0.6240317821502686,0.8683904409408569,0.5144168734550476,0.5157219171524048,1.0195939540863037,2.9397377371788025,4.535872936248779,5.583241581916809
0.5520352721214294,0.6239250302314758,0.8684177398681641,0.5143442749977112,0.5156823396682739,1.0193144083023071,2.940305769443512,4.5360201597213745,5.582631826400757
0.5520232915878296,0.623845100402832,0.8683943748474121,0.5142905116081238,0.5156475901603699,1.0191550254821777,2.9403820633888245,4.535879492759705,5.582110285758972
0.5518745183944702,0.6237842440605164,0.8682669401168823,0.5142571926116943,0.515612006187439,1.0192075967788696,2.9394587874412537,4.535077810287476,5.581614971160889
0.5518617630004883,0.6236863732337952,0.8682458400726318,0.5141947269439697,0.5155732035636902,1.0190253257751465,2.939561903476715,4.534923434257507,5.581017732620239
0.5519470572471619,0.6235872507095337,0.8682972192764282,0.5141243934631348,0.5155389308929443,1.0187065601348877,2.940358817577362,4.5352524518966675,5.580450892448425
0.5517716407775879,0.623533308506012,0.8681495189666748,0.5140975117683411,0.5155054926872253,1.0188043117523193,2.93923556804657,4.53433096408844,5.579977035522461
0.5517072677612305,0.6234441995620728,0.868088960647583,0.5140441060066223,0.5154678821563721,1.0187033414840698,2.938959002494812,4.533931612968445,5.579396486282349
0.5518140196800232,0.6233392357826233,0.868157148361206,0.513970136642456,0.5154345631599426,1.0183461904525757,2.9399174451828003,4.534368515014648,5.578814744949341
0.5516369342803955,0.6232786178588867,0.8680093288421631,0.5139408707618713,0.5154008269309998,1.0184370279312134,2.938794493675232,4.5334392786026,5.57831346988678
0.5515918731689453,0.6231822967529297,0.8679643869400024,0.5138831734657288,0.5153635740280151,1.0182994604110718,2.9386666417121887,4.533135294914246,5.577709674835205
0.5516952872276306,0.6230762600898743,0.8680299520492554,0.5138096809387207,0.5153313279151917,1.0179442167282104,2.939603626728058,4.533560872077942,5.57712197303772
0.5515135526657104,0.6230102777481079,0.8678798675537109,0.5137790441513062,0.5152973532676697,1.0180339813232422,2.938457429409027,4.532610774040222,5.576597452163696
0.5514715313911438,0.622911274433136,0.8678373098373413,0.5137206315994263,0.5152610540390015,1.0178877115249634,2.938355505466461,4.532325863838196,5.5759841203689575
0.5515692830085754,0.6228055953979492,0.8678984642028809,0.5136486887931824,0.5152300596237183,1.017539381980896,2.939251959323883,4.532728791236877,5.575395226478577
0.5513767004013062,0.6227341890335083,0.8677414655685425,0.5136169791221619,0.5151956677436829,1.017636775970459,2.938039004802704,4.531726837158203,5.574845671653748
0.5513426065444946,0.6226333379745483,0.8677047491073608,0.5135579705238342,0.5151605010032654,1.017476201057434,2.9379960894584656,4.531484246253967,5.574227571487427
0.5514312982559204,0.6225306987762451,0.8677583932876587,0.5134891867637634,0.5151312947273254,1.0171430110931396,2.9388222098350525,4.531850218772888,5.5736470222473145
0.5512337684631348,0.6224572658538818,0.8675981760025024,0.5134580731391907,0.515097975730896,1.01724374294281,2.937577962875366,4.530830383300781,5.5730873346328735
0.5512078404426575,0.622360348701477,0.8675669431686401,0.513401985168457,0.5150666832923889,1.0170753002166748,2.937586009502411,4.5306408405303955,5.572489500045776
0.5512900352478027,0.6222667694091797,0.8676145076751709,0.5133402347564697,0.5150424242019653,1.0167611837387085,2.9383501410484314,4.530991911888123,5.571945905685425
0.5510959029197693,0.6221963167190552,0.8674564361572266,0.5133119225502014,0.5150123834609985,1.0168601274490356,2.9371246695518494,4.529999494552612,5.571402907371521
0.5510900616645813,0.6221078038215637,0.8674386739730835,0.5132600665092468,0.5149863362312317,1.0166739225387573,2.9372593760490417,4.5299232006073,5.57084858417511
0.5511089563369751,0.6220270395278931,0.8674378395080566,0.5132108926773071,0.5149643421173096,1.0164631605148315,2.937553822994232,4.529977440834045,5.570337772369385
0.5509833097457886,0.621956467628479,0.8673299551010132,0.5131785869598389,0.5149390697479248,1.0164663791656494,2.936810851097107,4.529328942298889,5.569819211959839
0.5509659647941589,0.6218813061714172,0.8673017024993896,0.5131358504295349,0.5149178504943848,1.016312837600708,2.9368403553962708,4.529212713241577,5.569318532943726
0.5509554743766785,0.6218142509460449,0.8672773838043213,0.5130972266197205,0.5148998498916626,1.0161601305007935,2.9369035363197327,4.529139399528503,5.5688560009002686
0.5508608818054199,0.6217524409294128,0.8671907186508179,0.5130680799484253,0.5148796439170837,1.0161315202713013,2.9363635182380676,4.528654217720032,5.568386912345886
0.5508403778076172,0.6216912865638733,0.867158055305481,0.5130336284637451,0.5148630142211914,1.016000509262085,2.9363450407981873,4.528536796569824,5.567945837974548
0.5508124828338623,0.6216366291046143,0.8671190738677979,0.5130032300949097,0.5148478746414185,1.0158884525299072,2.936263382434845,4.528387784957886,5.567530989646912
0.5507421493530273,0.6215859651565552,0.8670482635498047,0.512978196144104,0.5148316025733948,1.015841007232666,2.9358744621276855,4.528030157089233,5.56711733341217
0.5507127642631531,0.621537983417511,0.8670070171356201,0.512951135635376,0.5148175954818726,1.0157403945922852,2.935769557952881,4.527875781059265,5.56672990322113
0.5506831407546997,0.6214938163757324,0.8669650554656982,0.5129258632659912,0.5148041248321533,1.0156452655792236,2.9356566071510315,4.527721405029297,5.566357970237732
0.5506462454795837,0.621451735496521,0.8669171333312988,0.5129020810127258,0.514790415763855,1.015563726425171,2.935487926006317,4.527530670166016,5.5659931898117065
0.5506126880645752,0.6214107275009155,0.8668715953826904,0.5128782987594604,0.5147765278816223,1.015479564666748,2.935340106487274,4.527354836463928,5.565633773803711
0.5505784153938293,0.6213706135749817,0.8668253421783447,0.5128548741340637,0.5147624015808105,1.0153980255126953,2.9351866245269775,4.527173638343811,5.565279126167297
0.5505437254905701,0.621330738067627,0.8667786121368408,0.5128312110900879,0.514747679233551,1.0153180360794067,2.9350289702415466,4.526988863945007,5.564924478530884
0.5505087375640869,0.6212906837463379,0.8667316436767578,0.5128071904182434,0.514732301235199,1.015238642692566,2.9348698258399963,4.526799917221069,5.564568638801575
0.5504720211029053,0.6212508082389832,0.8666834831237793,0.5127832293510437,0.5147164463996887,1.0151625871658325,2.9346975684165955,4.5266008377075195,5.564213991165161
0.5504366159439087,0.6212111711502075,0.8666360378265381,0.5127589702606201,0.5147002339363098,1.0150854587554932,2.934534251689911,4.526405930519104,5.563860535621643
0.550400972366333,0.6211715340614319,0.8665884733200073,0.5127346515655518,0.5146836638450623,1.0150091648101807,2.934369146823883,4.526209235191345,5.563507676124573
0.5503636598587036,0.6211329698562622,0.866539478302002,0.5127108097076416,0.5146669745445251,1.014936923980713,2.934190034866333,4.52600359916687,5.5631595849990845
0.5503284931182861,0.6210959553718567,0.8664920330047607,0.5126875638961792,0.5146506428718567,1.014864206314087,2.934022843837738,4.525808095932007,5.5628180503845215
0.5502933263778687,0.6210602521896362,0.86644446849823,0.5126650929450989,0.5146346688270569,1.0147935152053833,2.9338541626930237,4.525614380836487,5.562484264373779
0.5502572655677795,0.6210263967514038,0.8663959503173828,0.512643575668335,0.514618992805481,1.0147268772125244,2.9336753487586975,4.5254164934158325,5.56215763092041
0.5502234697341919,0.6209953427314758,0.8663489818572998,0.5126234292984009,0.514604389667511,1.0146610736846924,2.933507561683655,4.525232911109924,5.561845302581787
0.5501894950866699,0.6209675073623657,0.866301417350769,0.5126051306724548,0.5145907998085022,1.0145999193191528,2.933332622051239,4.525050520896912,5.56154727935791
0.5501567125320435,0.620943546295166,0.8662543296813965,0.5125889778137207,0.514578640460968,1.0145426988601685,2.9331588745117188,4.524878263473511,5.561267137527466
0.5501257181167603,0.6209242343902588,0.8662083148956299,0.5125753879547119,0.5145680904388428,1.0144895315170288,2.9329892992973328,4.524719715118408,5.561009049415588
0.5500948429107666,0.6209099292755127,0.8661617040634155,0.5125646591186523,0.514559268951416,1.0144429206848145,2.9328125715255737,4.5245665311813354,5.560774803161621
0.5500662922859192,0.6209012269973755,0.8661162853240967,0.5125569105148315,0.5145525336265564,1.0144009590148926,2.9326406121253967,4.524429440498352,5.5605655908584595
0.5500397086143494,0.6208985447883606,0.8660718202590942,0.5125525593757629,0.5145480036735535,1.0143647193908691,2.93247252702713,4.524308443069458,5.56038498878479
0.550013542175293,0.6209019422531128,0.8660271167755127,0.5125516057014465,0.5145455598831177,1.0143364667892456,2.932296395301819,4.52419638633728,5.560231804847717
0.5499900579452515,0.6209120154380798,0.8659837245941162,0.5125542879104614,0.5145456194877625,1.0143135786056519,2.9321271181106567,4.524102807044983,5.560111403465271
0.5499687790870667,0.6209288835525513,0.8659412860870361,0.5125606656074524,0.5145480036735535,1.0142971277236938,2.931961715221405,4.524027705192566,5.560021996498108
0.5499484539031982,0.620952308177948,0.8658990859985352,0.5125707983970642,0.5145527124404907,1.0142889022827148,2.9317906498908997,4.523963928222656,5.559963583946228
0.5499305725097656,0.6209827065467834,0.8658579587936401,0.5125846266746521,0.5145599246025085,1.0142873525619507,2.9316240549087524,4.5239174365997314,5.559937953948975
0.5499153137207031,0.6210200786590576,0.8658183813095093,0.5126022696495056,0.5145694613456726,1.014291763305664,2.9314646124839783,4.523891806602478,5.559945702552795
0.5499012470245361,0.6210640668869019,0.8657791614532471,0.5126236081123352,0.5145813822746277,1.0143043994903564,2.931300103664398,4.523877501487732,5.559985041618347
0.5498900413513184,0.6211148500442505,0.8657413721084595,0.5126485228538513,0.514595627784729,1.0143229961395264,2.9311439394950867,4.5238834619522095,5.560057759284973
0.5498805046081543,0.6211722493171692,0.8657044172286987,0.512677013874054,0.514612078666687,1.0143489837646484,2.9309871792793274,4.523903131484985,5.560161471366882
0.5498737096786499,0.6212361454963684,0.8656690120697021,0.5127089023590088,0.5146306157112122,1.0143808126449585,2.930838167667389,4.523941874504089,5.5602967739105225
0.5498685240745544,0.6213060617446899,0.8656344413757324,0.512744128704071,0.5146512389183044,1.0144195556640625,2.930689752101898,4.523993730545044,5.560462474822998
0.5498654842376709,0.6213819980621338,0.8656011819839478,0.5127823948860168,0.5146735906600952,1.0144643783569336,2.9305458068847656,4.524060487747192,5.560656189918518
0.54986572265625,0.6214638352394104,0.8655698299407959,0.5128236413002014,0.5146979689598083,1.0145139694213867,2.930413782596588,4.5241475105285645,5.560879707336426
0.5498664379119873,0.6215510368347168,0.8655385971069336,0.5128678679466248,0.5147238969802856,1.0145713090896606,2.9302749037742615,4.524241089820862,5.561130046844482
0.5498765110969543,0.6216447949409485,0.865513801574707,0.5129148364067078,0.5147520899772644,1.0146257877349854,2.9301896691322327,4.524385929107666,5.5614155530929565
0.5498723387718201,0.6217405796051025,0.8654788732528687,0.5129640102386475,0.5147800445556641,1.0147041082382202,2.930000126361847,4.5244598388671875,5.561707019805908
0.5498957633972168,0.62184739112854,0.865463137626648,0.5130168795585632,0.5148122906684875,1.0147602558135986,2.929985821247101,4.524677991867065,5.562058687210083
0.5499017834663391,0.6219531893730164,0.8654353618621826,0.5130705237388611,0.5148434042930603,1.014840841293335,2.9298505187034607,4.524809122085571,5.56240439414978
0.5499036908149719,0.6220648288726807,0.8654043674468994,0.5131276249885559,0.5148758292198181,1.0149364471435547,2.9296743869781494,4.524922966957092,5.562775731086731
0.5499387979507446,0.6221885681152344,0.8653964996337891,0.5131886005401611,0.5149131417274475,1.0150033235549927,2.929711639881134,4.52521026134491,5.563214421272278
0.549941897392273,0.6223055720329285,0.8653666973114014,0.5132482647895813,0.5149466395378113,1.0151078701019287,2.929534614086151,4.525330662727356,5.5636173486709595
0.5499497652053833,0.6224315166473389,0.8653396368026733,0.5133123397827148,0.5149828791618347,1.01521897315979,2.9293736815452576,4.52548086643219,5.564062595367432
0.5499897599220276,0.6225706338882446,0.8653349876403809,0.5133810639381409,0.5150246620178223,1.0153043270111084,2.929416596889496,4.525800943374634,5.564579963684082
0.5499963760375977,0.6227028369903564,0.8653075695037842,0.5134487748146057,0.515062689781189,1.0154290199279785,2.9292353987693787,4.5259493589401245,5.565060377120972
0.5500081777572632,0.6228448152542114,0.8652831315994263,0.5135213732719421,0.5151039958000183,1.0155603885650635,2.9290738701820374,4.5261311531066895,5.565587878227234
0.5500540733337402,0.6230006217956543,0.865282416343689,0.5135987401008606,0.5151509642601013,1.0156644582748413,2.9291269183158875,4.526491761207581,5.566189289093018
0.5500648021697998,0.6231482028961182,0.8652578592300415,0.5136744379997253,0.5151937007904053,1.0158084630966187,2.9289469122886658,4.526670575141907,5.5667489767074585
0.5500810146331787,0.6233056783676147,0.8652364015579224,0.5137551426887512,0.5152397751808167,1.0159592628479004,2.92878657579422,4.526883959770203,5.567355751991272
0.5501329898834229,0.6234781742095947,0.8652399778366089,0.5138412117958069,0.5152920484542847,1.0160818099975586,2.9288527369499207,4.527286887168884,5.56804358959198
0.5501484274864197,0.6236408352851868,0.8652186393737793,0.5139248967170715,0.5153396725654602,1.0162442922592163,2.9286763072013855,4.527499079704285,5.568681359291077
0.5501691102981567,0.6238133907318115,0.8652005195617676,0.5140135884284973,0.5153905749320984,1.016413688659668,2.92851984500885,4.527745842933655,5.569366812705994
0.5502264499664307,0.6240013241767883,0.8652081489562988,0.5141079425811768,0.5154480934143066,1.016554355621338,2.928594946861267,4.528186321258545,5.570135712623596
0.5502469539642334,0.6241779327392578,0.865190863609314,0.5141991972923279,0.5155006647109985,1.0167332887649536,2.9284289479255676,4.528435468673706,5.570847988128662
0.5502761006355286,0.6243640780448914,0.8651794195175171,0.5142951607704163,0.515556812286377,1.0169142484664917,2.9283058643341064,4.5287346839904785,5.571607947349548
0.550331711769104,0.6245619058609009,0.8651864528656006,0.514395534992218,0.5156180262565613,1.0170756578445435,2.9283490777015686,4.529175758361816,5.57243287563324
0.5503615140914917,0.6247509717941284,0.865176796913147,0.5144935846328735,0.5156757235527039,1.017263412475586,2.9282256960868835,4.529481530189514,5.573216080665588
0.5504032373428345,0.6249479055404663,0.8651754856109619,0.5145952105522156,0.5157368183135986,1.0174466371536255,2.92817085981369,4.52985405921936,5.5740416049957275
0.5504488945007324,0.6251478791236877,0.8651776313781738,0.5146986246109009,0.5157995223999023,1.0176301002502441,2.9281383752822876,4.530249238014221,5.57488739490509
0.5504917502403259,0.6253471970558167,0.8651785850524902,0.5148021578788757,0.5158624649047852,1.017818808555603,2.928086519241333,4.5306313037872314,5.575734972953796
0.5505354404449463,0.6255476474761963,0.8651809692382812,0.5149067044258118,0.5159262418746948,1.0180095434188843,2.9280388355255127,4.531019926071167,5.5765920877456665
0.5505799055099487,0.6257479786872864,0.8651847839355469,0.5150116086006165,0.5159907341003418,1.018201231956482,2.9279953241348267,4.531412720680237,5.577455163002014
0.5506240129470825,0.6259472966194153,0.8651893138885498,0.5151163339614868,0.5160553455352783,1.018394112586975,2.927950918674469,4.531804323196411,5.578319430351257
0.5506687760353088,0.6261450052261353,0.8651955127716064,0.515220582485199,0.5161200761795044,1.0185859203338623,2.9279127717018127,4.5321983098983765,5.5791813135147095
0.5507127642631531,0.6263401508331299,0.8652023077011108,0.51532381772995,0.516184389591217,1.01877760887146,2.9278740286827087,4.5325881242752075,5.580039024353027
0.5507564544677734,0.6265324950218201,0.8652101755142212,0.5154260396957397,0.5162484049797058,1.018968105316162,2.9278376698493958,4.5329749584198,5.580888986587524
0.550800085067749,0.6267217993736267,0.8652193546295166,0.515527069568634,0.5163120627403259,1.0191564559936523,2.927805781364441,4.533360004425049,5.581731796264648
0.5508434176445007,0.6269072890281677,0.865229606628418,0.5156264901161194,0.5163751244544983,1.0193426609039307,2.9277774691581726,4.533740878105164,5.582563877105713
0.550885796546936,0.6270884275436401,0.8652406930923462,0.5157239437103271,0.5164372324943542,1.0195262432098389,2.9277506470680237,4.534115791320801,5.583381652832031
0.5509280562400818,0.6272647976875305,0.865253210067749,0.5158194303512573,0.5164985060691833,1.0197060108184814,2.9277303814888,4.534486532211304,5.584184527397156
0.5509690642356873,0.6274358034133911,0.8652664422988892,0.5159125328063965,0.5165587663650513,1.0198824405670166,2.927710711956024,4.534848928451538,5.584970116615295
0.5510095953941345,0.6276012063026428,0.8652808666229248,0.5160031318664551,0.5166178345680237,1.0200543403625488,2.927696406841278,4.535205960273743,5.585736632347107
0.5510492920875549,0.6277601718902588,0.865296483039856,0.5160908699035645,0.5166757106781006,1.0202209949493408,2.9276880621910095,4.535554647445679,5.586481094360352
0.5510869026184082,0.6279112100601196,0.8653125762939453,0.5161750912666321,0.5167317986488342,1.0203818082809448,2.927679121494293,4.535889029502869,5.587196350097656
0.551124095916748,0.6280549764633179,0.8653302192687988,0.5162559747695923,0.5167864561080933,1.0205360651016235,2.9276788234710693,4.536217451095581,5.5878859758377075
0.5511600375175476,0.6281915903091431,0.8653486967086792,0.5163336396217346,0.5168393850326538,1.0206844806671143,2.9276826977729797,4.536535143852234,5.588549375534058
0.5511938333511353,0.628319501876831,0.8653676509857178,0.5164073705673218,0.5168904066085815,1.0208263397216797,2.92768657207489,4.536837935447693,5.5891793966293335
0.5512268543243408,0.6284389495849609,0.8653879165649414,0.5164771676063538,0.5169394612312317,1.0209599733352661,2.927699387073517,4.537131190299988,5.589778423309326
0.5512583255767822,0.6285508871078491,0.8654087781906128,0.5165433287620544,0.516986608505249,1.0210875272750854,2.927715480327606,4.537413716316223,5.590348839759827
0.5512881278991699,0.628654956817627,0.8654301166534424,0.5166059136390686,0.5170318484306335,1.0212091207504272,2.9277318716049194,4.537680745124817,5.5908894538879395
0.5513173341751099,0.6287519931793213,0.8654525279998779,0.5166650414466858,0.51707524061203,1.021323561668396,2.927757203578949,4.537941217422485,5.591403841972351
0.5513451099395752,0.6288421154022217,0.8654751777648926,0.5167208909988403,0.5171167254447937,1.0214323997497559,2.927784025669098,4.538189172744751,5.591890811920166
0.5513715744018555,0.6289260387420654,0.8654983043670654,0.5167736411094666,0.5171563625335693,1.0215362310409546,2.92781263589859,4.5384252071380615,5.5923545360565186
0.5513976812362671,0.6290050745010376,0.8655221462249756,0.5168238282203674,0.5171945095062256,1.0216351747512817,2.9278481006622314,4.538655877113342,5.592798590660095
0.5514228343963623,0.6290796995162964,0.8655458688735962,0.5168718099594116,0.5172310471534729,1.0217307806015015,2.9278841614723206,4.538877010345459,5.593225359916687
0.5514476299285889,0.6291509866714478,0.8655699491500854,0.516917884349823,0.5172663331031799,1.021823525428772,2.9279229044914246,4.539092779159546,5.5936384201049805
0.551472544670105,0.629219651222229,0.8655946254730225,0.5169624090194702,0.5173004269599915,1.0219134092330933,2.9279667139053345,4.5393043756484985,5.59404194355011
0.5514967441558838,0.6292860507965088,0.8656191825866699,0.5170055031776428,0.5173333287239075,1.022002100944519,2.9280099272727966,4.539509415626526,5.594435334205627
0.5515210032463074,0.629351019859314,0.8656438589096069,0.517047643661499,0.5173651576042175,1.0220893621444702,2.9280561208724976,4.5397114753723145,5.594823360443115
0.5515458583831787,0.6294153928756714,0.8656688928604126,0.5170890092849731,0.5173962116241455,1.0221757888793945,2.9281067848205566,4.5399123430252075,5.59520959854126
0.5515704154968262,0.629479169845581,0.8656936883926392,0.51712965965271,0.5174264311790466,1.0222619771957397,2.928157150745392,4.540109634399414,5.59559166431427
0.5515953302383423,0.6295430064201355,0.8657187223434448,0.5171699523925781,0.5174557566642761,1.0223485231399536,2.928209602832794,4.540305137634277,5.595974326133728
0.5516209602355957,0.6296073198318481,0.8657439947128296,0.5172099471092224,0.5174845457077026,1.0224347114562988,2.928266227245331,4.540502429008484,5.596359372138977
0.5516465902328491,0.629671573638916,0.8657691478729248,0.5172495245933533,0.5175126194953918,1.0225216150283813,2.9283222556114197,4.540695548057556,5.596743226051331
0.5516727566719055,0.6297364234924316,0.8657944202423096,0.517288863658905,0.517539918422699,1.0226091146469116,2.9283809661865234,4.540888667106628,5.597128868103027
0.5516995191574097,0.6298016905784607,0.865820050239563,0.5173279643058777,0.5175667405128479,1.0226963758468628,2.9284435510635376,4.541082978248596,5.597516894340515
0.5517263412475586,0.6298671364784241,0.8658455610275269,0.5173667073249817,0.5175927877426147,1.0227842330932617,2.9285064339637756,4.541274309158325,5.597903728485107
0.5517535209655762,0.6299326419830322,0.8658711910247803,0.5174050331115723,0.5176181793212891,1.022871971130371,2.928570806980133,4.541464447975159,5.598291754722595
0.551781177520752,0.6299980878829956,0.8658971786499023,0.5174428820610046,0.5176429152488708,1.0229594707489014,2.9286396503448486,4.541653990745544,5.598679184913635
0.5518088936805725,0.6300629377365112,0.8659231662750244,0.5174800753593445,0.5176668763160706,1.0230467319488525,2.928709089756012,4.541841149330139,5.5990636348724365
0.5518367290496826,0.6301272511482239,0.8659493923187256,0.517516553401947,0.5176899433135986,1.0231332778930664,2.9287806153297424,4.542026519775391,5.5994462966918945
0.5518648624420166,0.6301907896995544,0.8659759759902954,0.5175521373748779,0.5177122950553894,1.0232188701629639,2.9288560152053833,4.542210102081299,5.599824786186218
0.5518927574157715,0.6302530169487,0.8660025596618652,0.517586886882782,0.5177337527275085,1.023303508758545,2.928932011127472,4.542389512062073,5.6001973152160645
0.5519207119941711,0.6303139328956604,0.8660295009613037,0.5176205635070801,0.517754316329956,1.0233865976333618,2.9290106892585754,4.542566537857056,5.600566267967224
0.5519489049911499,0.630373477935791,0.8660566806793213,0.5176531672477722,0.5177741050720215,1.023468255996704,2.9290929436683655,4.542741179466248,5.600927472114563
0.551976203918457,0.630431056022644,0.8660837411880493,0.5176845192909241,0.5177927613258362,1.0235487222671509,2.9291734099388123,4.542908668518066,5.601280331611633
0.5520047545433044,0.6304874420166016,0.8661118745803833,0.5177148580551147,0.5178108215332031,1.023626446723938,2.9292646050453186,4.543079733848572,5.601630210876465
0.5520302057266235,0.6305404901504517,0.866138219833374,0.5177434086799622,0.5178272128105164,1.023704171180725,2.9293397068977356,4.543231129646301,5.601964592933655
0.5520627498626709,0.6305955648422241,0.8661696910858154,0.517772376537323,0.5178443789482117,1.0237752199172974,2.9294615983963013,4.543418288230896,5.602308511734009
0.5520671606063843,0.630633533000946,0.8661825656890869,0.5177939534187317,0.5178545117378235,1.0238631963729858,2.9294148087501526,4.543449878692627,5.6025707721710205
0.5521628856658936,0.6307200789451599,0.866256833076477,0.517834484577179,0.5178835391998291,1.023888349533081,2.9299286007881165,4.54397439956665,5.603073835372925
0.5520804524421692,0.6307033896446228,0.866213321685791,0.5178331732749939,0.5178731679916382,1.0240261554718018,2.9293635487556458,4.543529748916626,5.603072643280029
0.5521413683891296,0.6307715177536011,0.866263747215271,0.5178655982017517,0.5178936123847961,1.0240747928619385,2.9296639561653137,4.543861150741577,5.603480339050293
0.5522732138633728,0.6308749914169312,0.8663628101348877,0.5179121494293213,0.5179290771484375,1.0240721702575684,2.9304039478302,4.544577598571777,5.604069232940674
0.5521312952041626,0.6308189630508423,0.8662810325622559,0.5178943872451782,0.5179042220115662,1.0242419242858887,2.92948842048645,4.543806314468384,5.603880286216736
0.5522110462188721,0.6308954954147339,0.8663444519042969,0.5179294943809509,0.5179279446601868,1.0242750644683838,2.9299071431159973,4.544236660003662,5.60433030128479
0.5523619651794434,0.6310073137283325,0.8664568662643433,0.517979085445404,0.5179671049118042,1.0242568254470825,2.930767238140106,4.545055627822876,5.604962110519409
0.5522030591964722,0.6309366226196289,0.8663650751113892,0.5179551243782043,0.5179378390312195,1.0244313478469849,2.929758131504059,4.544190764427185,5.604706406593323
0.5522933602333069,0.6310153007507324,0.8664364814758301,0.5179908871650696,0.5179633498191833,1.0244524478912354,2.9302480816841125,4.5446789264678955,5.605170130729675
0.5524351596832275,0.6311181783676147,0.8665437698364258,0.5180367827415466,0.5180002450942993,1.0244348049163818,2.931060791015625,4.5454490184783936,5.605761408805847
0.5522620677947998,0.6310344338417053,0.8664436340332031,0.5180070400238037,0.5179669260978699,1.0246118307113647,2.9299739003181458,4.544504284858704,5.605446100234985
0.5524132251739502,0.6311442852020264,0.8665564060211182,0.518055260181427,0.5180054306983948,1.02458918094635,2.930840253829956,4.54532265663147,5.606066584587097
0.5524885654449463,0.6312026381492615,0.8666211366653442,0.5180829167366028,0.5180269479751587,1.024606466293335,2.9312607645988464,4.545730352401733,5.606446862220764
0.5523285865783691,0.6311221718788147,0.8665304183959961,0.5180538296699524,0.5179951786994934,1.0247693061828613,2.930261790752411,4.544854760169983,5.606149435043335
0.5525069832801819,0.6312462091445923,0.8666613101959229,0.5181072354316711,0.5180390477180481,1.0247266292572021,2.9312965273857117,4.545819163322449,5.606839060783386
0.5525578260421753,0.6312888860702515,0.8667101860046387,0.5181280374526978,0.5180542469024658,1.0247572660446167,2.931572198867798,4.546090364456177,5.607143044471741
0.5524033308029175,0.631210446357727,0.866623044013977,0.5180992484092712,0.5180229544639587,1.0249143838882446,2.9306086897850037,4.545242190361023,5.60685396194458
0.5525871515274048,0.6313375234603882,0.8667576313018799,0.5181538462638855,0.5180680155754089,1.0248675346374512,2.9316774010658264,4.546236991882324,5.607556700706482
0.5526076555252075,0.6313608884811401,0.8667865991592407,0.5181664824485779,0.5180762410163879,1.0249147415161133,2.9317718744277954,4.546342492103577,5.607767105102539
0.5524566769599915,0.6312822103500366,0.8667020797729492,0.5181366801261902,0.5180444121360779,1.0250660181045532,2.9308345913887024,4.5455098152160645,5.607476830482483
0.5526466965675354,0.6314116716384888,0.8668403625488281,0.5181911587715149,0.5180891752243042,1.0250130891799927,2.931942939758301,4.546532034873962,5.608189105987549
0.5526869297027588,0.6314454078674316,0.8668822050094604,0.5182065963745117,0.5180994868278503,1.0250459909439087,2.9321596026420593,4.5467376708984375,5.608446002006531
0.5525397062301636,0.6313667893409729,0.86680006980896,0.5181755423545837,0.5180662274360657,1.025192379951477,2.9312485456466675,4.54591691493988,5.608153939247131
0.552737832069397,0.6315004825592041,0.8669434785842896,0.5182307362556458,0.518111526966095,1.0251331329345703,2.932407259941101,4.54697847366333,5.60888409614563
0.5527411699295044,0.6315121054649353,0.8669607639312744,0.5182362198829651,0.5181124806404114,1.0251879692077637,2.932402193546295,4.546979665756226,5.609031915664673
0.5526140928268433,0.6314458250999451,0.866891622543335,0.5182092785835266,0.5180826187133789,1.02532160282135,2.9316124320030212,4.546263813972473,5.608795881271362
0.5528098344802856,0.6315787434577942,0.8670330047607422,0.5182633996009827,0.5181266069412231,1.025263786315918,2.932756245136261,4.547310471534729,5.609518885612488
0.5527836084365845,0.6315730214118958,0.8670303821563721,0.5182610154151917,0.5181196331977844,1.025336503982544,2.9325729608535767,4.547144770622253,5.609577894210815
0.5527468919754028,0.6315636038780212,0.8670198917388916,0.5182565450668335,0.5181099772453308,1.0254175662994385,2.932322919368744,4.546920657157898,5.609613656997681
0.5528508424758911,0.6316407918930054,0.8671013116836548,0.5182873010635376,0.5181323885917664,1.0254145860671997,2.932915985584259,4.547463655471802,5.610064268112183
0.5528492331504822,0.6316506862640381,0.8671143054962158,0.5182903409004211,0.5181300640106201,1.0254721641540527,2.93287992477417,4.547429084777832,5.6101953983306885
0.5528382062911987,0.6316569447517395,0.8671205043792725,0.5182917714118958,0.518125593662262,1.025537133216858,2.9327845573425293,4.547342658042908,5.610304474830627
0.5529223084449768,0.6317218542098999,0.8671888113021851,0.518316924571991,0.5181429386138916,1.0255454778671265,2.9332587122917175,4.547775387763977,5.6106942892074585
0.5529205799102783,0.6317341327667236,0.8672013282775879,0.5183206796646118,0.5181409120559692,1.0256049633026123,2.933218777179718,4.54774022102356,5.61083197593689
0.5529190301895142,0.6317499279975891,0.8672131299972534,0.5183261036872864,0.5181396007537842,1.0256680250167847,2.9331737756729126,4.547708034515381,5.610982179641724
0.553000271320343,0.6318178772926331,0.8672788143157959,0.5183529257774353,0.5181577801704407,1.0256829261779785,2.933622896671295,4.548129439353943,5.611382722854614
0.552998423576355,0.6318343877792358,0.8672904968261719,0.5183587074279785,0.518156886100769,1.0257470607757568,2.9335740208625793,4.548096656799316,5.611536502838135
0.5529994368553162,0.6318554878234863,0.8673034906387329,0.5183663964271545,0.5181571245193481,1.0258125066757202,2.933538854122162,4.548081159591675,5.61170756816864
0.553080141544342,0.631925642490387,0.8673685789108276,0.5183941721916199,0.5181759595870972,1.0258299112319946,2.9339802265167236,4.5485007762908936,5.612115263938904
0.5530781745910645,0.6319435834884644,0.8673802614212036,0.5184005498886108,0.5181757807731628,1.025895595550537,2.9339295625686646,4.548470377922058,5.612274408340454
0.5530797243118286,0.6319661140441895,0.8673937320709229,0.5184090733528137,0.5181771516799927,1.0259612798690796,2.9338955879211426,4.548461437225342,5.61245322227478
0.5531570315361023,0.6320353150367737,0.8674566745758057,0.5184369087219238,0.5181963443756104,1.0259817838668823,2.9343149065971375,4.5488667488098145,5.612856149673462
0.553155779838562,0.6320539116859436,0.867469310760498,0.5184441208839417,0.5181974172592163,1.0260465145111084,2.934267818927765,4.548843502998352,5.6130194664001465
0.5531571507453918,0.6320745944976807,0.8674836158752441,0.5184522867202759,0.5181995034217834,1.0261096954345703,2.934236228466034,4.5488375425338745,5.6131911277771
0.5532059669494629,0.6321224570274353,0.8675292730331421,0.5184715986251831,0.5182125568389893,1.0261420011520386,2.9344922304153442,4.549089670181274,5.613496899604797
0.5532070994377136,0.6321381330490112,0.8675447702407837,0.5184776782989502,0.5182142853736877,1.0261995792388916,2.934468388557434,4.549081921577454,5.61365008354187
0.5532119274139404,0.632156252861023,0.8675626516342163,0.518484890460968,0.5182172656059265,1.0262541770935059,2.934466600418091,4.5490962266922,5.61381459236145
0.5532581210136414,0.6321975588798523,0.8676080703735352,0.5185016989707947,0.5182296633720398,1.0262813568115234,2.9347163438796997,4.549335837364197,5.614092946052551
0.5532596707344055,0.6322080492973328,0.8676251173019409,0.5185056924819946,0.5182313323020935,1.0263309478759766,2.9347047209739685,4.5493316650390625,5.614227056503296
0.5532751083374023,0.6322253942489624,0.8676518201828003,0.5185126066207886,0.5182362198829651,1.0263700485229492,2.9347798228263855,4.5494043827056885,5.6143951416015625
0.5532997250556946,0.6322437524795532,0.8676851987838745,0.5185197591781616,0.5182424187660217,1.0263978242874146,2.9349175095558167,4.549524784088135,5.614572763442993
0.5533239841461182,0.6322610378265381,0.8677189350128174,0.5185266733169556,0.5182490348815918,1.026424527168274,2.9350554943084717,4.549645781517029,5.614745020866394
0.5533283352851868,0.63226318359375,0.8677401542663574,0.5185272097587585,0.5182505249977112,1.0264593362808228,2.935079336166382,4.549657106399536,5.614848732948303
0.5533408522605896,0.6322658061981201,0.8677675724029541,0.5185277462005615,0.5182530879974365,1.026483416557312,2.9351601004600525,4.5497119426727295,5.614956617355347
0.553377091884613,0.6322829127311707,0.8678107261657715,0.5185346007347107,0.5182618498802185,1.026492714881897,2.9353833198547363,4.549899101257324,5.615136027336121
0.5533748269081116,0.6322709321975708,0.8678299188613892,0.5185292363166809,0.518260657787323,1.0265182256698608,2.935386300086975,4.5498740673065186,5.615179538726807
0.5533815622329712,0.63225919008255,0.8678556680679321,0.5185236930847168,0.5182605981826782,1.0265318155288696,2.935452163219452,4.5498961210250854,5.615227818489075
0.5534195899963379,0.6322685480117798,0.8679016828536987,0.5185273289680481,0.5182689428329468,1.026528239250183,2.9357025027275085,4.550092816352844,5.615376234054565
0.553412914276123,0.6322461366653442,0.8679193258285522,0.5185176134109497,0.518265962600708,1.026545763015747,2.9356926679611206,4.550043940544128,5.61537504196167
0.5534192323684692,0.6322287321090698,0.8679457902908325,0.5185098648071289,0.5182656049728394,1.026551604270935,2.935766279697418,4.550065398216248,5.61539888381958
0.5534528493881226,0.632230818271637,0.8679894208908081,0.5185108184814453,0.5182729363441467,1.0265432596206665,2.9359981417655945,4.5502400398254395,5.615515112876892
0.5534369945526123,0.6321974396705627,0.8680016994476318,0.5184966921806335,0.5182675123214722,1.0265583992004395,2.9359430074691772,4.55014169216156,5.615463852882385
0.553453266620636,0.6321842670440674,0.8680347204208374,0.5184912085533142,0.5182701945304871,1.026553988456726,2.9360800981521606,4.550221562385559,5.615507960319519
0.5534768104553223,0.6321783065795898,0.8680717945098877,0.5184893608093262,0.5182758569717407,1.026547908782959,2.9362550377845764,4.550345540046692,5.615583658218384
0.553458571434021,0.6321418285369873,0.8680822849273682,0.5184745192527771,0.5182706713676453,1.0265605449676514,2.9361888766288757,4.550238251686096,5.615516901016235
0.553479790687561,0.6321309804916382,0.8681182861328125,0.5184706449508667,0.5182756185531616,1.02655029296875,2.936357259750366,4.550350904464722,5.6155699491500854
0.5535011887550354,0.6321225166320801,0.8681539297103882,0.5184685587882996,0.518281877040863,1.026542067527771,2.9365214705467224,4.550468325614929,5.615633130073547
0.5534816980361938,0.6320838332176208,0.8681634664535522,0.5184535384178162,0.5182775259017944,1.0265520811080933,2.9364505410194397,4.55035924911499,5.615554451942444
0.5535033345222473,0.6320728063583374,0.868199348449707,0.5184506177902222,0.5182839632034302,1.0265390872955322,2.936621606349945,4.550479054450989,5.615606307983398
0.5535247325897217,0.6320644617080688,0.8682345151901245,0.5184494853019714,0.5182918310165405,1.026529312133789,2.936786413192749,4.550603032112122,5.615668296813965
0.5535045266151428,0.6320257782936096,0.8682432174682617,0.518435537815094,0.5182889103889465,1.0265380144119263,2.9367104172706604,4.550497531890869,5.61558723449707
0.5535255670547485,0.632014274597168,0.8682782649993896,0.5184334516525269,0.5182968378067017,1.0265235900878906,2.936878502368927,4.55062210559845,5.615635514259338
0.553544282913208,0.6320035457611084,0.8683114051818848,0.5184324383735657,0.5183056592941284,1.026512861251831,2.9370275139808655,4.550737738609314,5.615684986114502
0.5535262823104858,0.6319661140441895,0.8683211803436279,0.5184202194213867,0.5183051228523254,1.0265185832977295,2.936965525150299,4.550651907920837,5.615609288215637
0.5535441040992737,0.6319526433944702,0.8683538436889648,0.5184186100959778,0.5183141827583313,1.026504397392273,2.93711394071579,4.550765752792358,5.615646839141846
0.5535488724708557,0.631931722164154,0.868377685546875,0.5184143781661987,0.5183210372924805,1.0264979600906372,2.9371830821037292,4.550812244415283,5.6156474351882935
0.5535467267036438,0.6319063901901245,0.8683971166610718,0.5184087157249451,0.5183268189430237,1.026495099067688,2.9372110962867737,4.550822377204895,5.61562716960907
0.5535502433776855,0.6318848729133606,0.8684196472167969,0.5184050798416138,0.5183345079421997,1.0264889001846313,2.9372718930244446,4.550865888595581,5.615624189376831
0.5535539388656616,0.6318641304969788,0.868442177772522,0.5184021592140198,0.518342912197113,1.0264824628829956,2.9373326897621155,4.550913572311401,5.615624189376831
0.5535557866096497,0.6318426132202148,0.8684632778167725,0.5183993577957153,0.5183515548706055,1.0264772176742554,2.937382161617279,4.550954103469849,5.615618824958801
0.553558349609375,0.6318219304084778,0.8684844970703125,0.5183973908424377,0.5183610320091248,1.0264713764190674,2.937435209751129,4.551000595092773,5.615617036819458
0.5535615682601929,0.631801962852478,0.8685059547424316,0.5183960795402527,0.5183711647987366,1.0264652967453003,2.9374906420707703,4.551052451133728,5.615618824958801
0.5535637140274048,0.6317819356918335,0.8685263395309448,0.5183951258659363,0.5183817148208618,1.0264596939086914,2.937539517879486,4.551101922988892,5.615618824958801
0.5535663366317749,0.6317626237869263,0.868546724319458,0.5183948874473572,0.5183929204940796,1.0264540910720825,2.9375895857810974,4.551154971122742,5.6156206130981445
0.5535691380500793,0.6317439079284668,0.8685668706893921,0.5183953642845154,0.5184047818183899,1.0264487266540527,2.9376402497291565,4.551211595535278,5.615625977516174
0.5535710453987122,0.6317247748374939,0.8685863018035889,0.5183959007263184,0.518416702747345,1.026443362236023,2.937684953212738,4.551265239715576,5.615628361701965
0.5535734295845032,0.6317062377929688,0.8686056137084961,0.5183968544006348,0.5184289813041687,1.0264378786087036,2.937731444835663,4.551321864128113,5.615631937980652
0.5535752773284912,0.6316878795623779,0.8686243295669556,0.5183982253074646,0.5184415578842163,1.0264328718185425,2.937774360179901,4.551377892494202,5.615635514259338
0.553577184677124,0.6316701173782349,0.8686426877975464,0.5184000730514526,0.5184544920921326,1.0264283418655396,2.937815487384796,4.551434516906738,5.615640878677368
0.553578794002533,0.6316525936126709,0.8686603307723999,0.5184022188186646,0.5184675455093384,1.0264240503311157,2.937854826450348,4.551491141319275,5.615646839141846
0.5535804629325867,0.6316359043121338,0.8686776161193848,0.5184049606323242,0.5184808969497681,1.0264203548431396,2.9378923773765564,4.551548957824707,5.615653991699219
0.5535815954208374,0.6316194534301758,0.8686943054199219,0.5184080004692078,0.5184944272041321,1.0264174938201904,2.9379257559776306,4.551604390144348,5.6156617403030396
0.5535831451416016,0.6316038370132446,0.8687106370925903,0.5184115171432495,0.5185079574584961,1.0264146327972412,2.9379603266716003,4.55166220664978,5.615672469139099
0.553584098815918,0.6315886974334717,0.8687261343002319,0.5184152722358704,0.5185216069221497,1.026412844657898,2.937990128993988,4.551718235015869,5.615683197975159
0.5535850524902344,0.6315742135047913,0.8687412738800049,0.5184194445610046,0.5185352563858032,1.0264118909835815,2.9380181431770325,4.55177366733551,5.6156957149505615
0.5535860657691956,0.6315604448318481,0.8687558174133301,0.518423855304718,0.518548846244812,1.026411533355713,2.938045561313629,4.551828503608704,5.615710616111755
0.5535868406295776,0.6315470933914185,0.8687697649002075,0.5184285044670105,0.5185621380805969,1.026411533355713,2.938069999217987,4.5518821477890015,5.615725517272949
0.5535874366760254,0.6315341591835022,0.8687832355499268,0.5184330344200134,0.5185750126838684,1.0264124870300293,2.938092052936554,4.5519328117370605,5.615740418434143
0.5535882711410522,0.6315220594406128,0.8687961101531982,0.5184377431869507,0.5185876488685608,1.0264137983322144,2.938114106655121,4.55198347568512,5.615756511688232
0.5535886883735657,0.6315104961395264,0.868808388710022,0.5184424519538879,0.5185997486114502,1.0264160633087158,2.9381322860717773,4.552030563354492,5.615773797035217
0.5535892844200134,0.6314996480941772,0.8688199520111084,0.51844722032547,0.518611490726471,1.0264191627502441,2.938150465488434,4.552076458930969,5.615793466567993
0.5535897612571716,0.6314895153045654,0.8688311576843262,0.5184521079063416,0.5186226963996887,1.0264232158660889,2.938166558742523,4.552119970321655,5.615812540054321
0.5535903573036194,0.63148033618927,0.8688417673110962,0.5184570550918579,0.5186333060264587,1.0264278650283813,2.938181459903717,4.552161693572998,5.615835189819336
0.5535907745361328,0.6314718723297119,0.8688516616821289,0.5184618830680847,0.5186432600021362,1.0264338254928589,2.938193678855896,4.552200436592102,5.615857243537903
0.5535913705825806,0.631463885307312,0.868861198425293,0.5184663534164429,0.5186524391174316,1.0264400243759155,2.9382064938545227,4.552236199378967,5.615880489349365
0.5535918474197388,0.631456732749939,0.8688699007034302,0.5184707045555115,0.5186607837677002,1.0264474153518677,2.9382160305976868,4.552267789840698,5.615904331207275
0.5535927414894104,0.6314517259597778,0.8688782453536987,0.5184755921363831,0.5186687707901001,1.0264567136764526,2.938225269317627,4.552300572395325,5.615934729576111
0.5535937547683716,0.6314475536346436,0.8688861131668091,0.5184802412986755,0.5186758041381836,1.026466965675354,2.9382342100143433,4.552329778671265,5.615967512130737
0.553594708442688,0.6314440965652466,0.8688935041427612,0.5184847116470337,0.5186820030212402,1.0264781713485718,2.93824166059494,4.552355408668518,5.6160008907318115
0.5535958409309387,0.6314420700073242,0.8689001798629761,0.518489420413971,0.5186878442764282,1.0264906883239746,2.93824702501297,4.552379846572876,5.616039037704468
0.5535971522331238,0.6314404010772705,0.8689067363739014,0.51849365234375,0.5186927318572998,1.026503562927246,2.9382529854774475,4.552401900291443,5.616076588630676
0.5535979270935059,0.6314377784729004,0.8689126968383789,0.5184968113899231,0.5186963677406311,1.026516079902649,2.938257157802582,4.552416801452637,5.616108179092407
0.5535988211631775,0.6314352750778198,0.8689184188842773,0.5184996724128723,0.5186991691589355,1.0265284776687622,2.938261926174164,4.5524293184280396,5.616137981414795
0.5535992980003357,0.6314322352409363,0.8689236640930176,0.5185016393661499,0.5187009572982788,1.0265406370162964,2.9382646083831787,4.552435874938965,5.616165399551392
0.5535997748374939,0.6314291954040527,0.8689285516738892,0.5185031294822693,0.5187019109725952,1.0265530347824097,2.9382675886154175,4.552439451217651,5.616190433502197
0.5536003112792969,0.6314265131950378,0.8689332008361816,0.5185042023658752,0.5187021493911743,1.026565432548523,2.9382702708244324,4.552440643310547,5.616214871406555
0.5536003112792969,0.6314228773117065,0.8689373731613159,0.5185045599937439,0.5187014937400818,1.0265775918960571,2.93827086687088,4.552435874938965,5.616234540939331
0.5536006689071655,0.6314197778701782,0.8689415454864502,0.5185045599937439,0.5187001824378967,1.0265893936157227,2.938273251056671,4.552431106567383,5.616254210472107
0.5536003708839417,0.631416380405426,0.8689450025558472,0.5185041427612305,0.5186983346939087,1.026602029800415,2.938271462917328,4.552420973777771,5.616272687911987
0.5535999536514282,0.6314124464988708,0.8689484596252441,0.5185033082962036,0.5186960697174072,1.026613712310791,2.9382699728012085,4.55240786075592,5.616285800933838
0.5536004304885864,0.6314091086387634,0.8689522743225098,0.518502414226532,0.5186935663223267,1.0266247987747192,2.938273847103119,4.552398920059204,5.616302490234375
0.5535909533500671,0.6313995122909546,0.8689494132995605,0.5184988379478455,0.5186884999275208,1.0266411304473877,2.9382187128067017,4.552334547042847,5.616287589073181
0.5536020994186401,0.6314047574996948,0.8689597845077515,0.5185015201568604,0.5186889171600342,1.0266478061676025,2.938283383846283,4.552385210990906,5.616341829299927
0.5535929799079895,0.631397008895874,0.8689566850662231,0.5184985995292664,0.5186840295791626,1.0266656875610352,2.9382267594337463,4.552322626113892,5.616333484649658
0.553580105304718,0.6313862800598145,0.8689513206481934,0.5184943675994873,0.5186784267425537,1.0266844034194946,2.938149869441986,4.552240371704102,5.616310238838196
0.5536010265350342,0.6313982009887695,0.8689678907394409,0.518500030040741,0.5186817049980164,1.026685118675232,2.9382720589637756,4.552346467971802,5.616395473480225
0.5535852909088135,0.6313856840133667,0.8689606189727783,0.5184950232505798,0.5186753869056702,1.0267051458358765,2.9381778836250305,4.552248120307922,5.616362690925598
0.5535705089569092,0.631372332572937,0.8689541816711426,0.5184900760650635,0.5186696648597717,1.0267223119735718,2.938092350959778,4.552156925201416,5.616326928138733
0.5535955429077148,0.6313855648040771,0.8689737319946289,0.518496572971344,0.5186744332313538,1.026718258857727,2.93824166059494,4.55228865146637,5.6164199113845825
0.553577721118927,0.631369948387146,0.8689655065536499,0.5184908509254456,0.5186682939529419,1.0267363786697388,2.9381385445594788,4.552181959152222,5.616373419761658
0.5535613894462585,0.6313551664352417,0.8689582347869873,0.5184856057167053,0.5186629891395569,1.0267530679702759,2.9380449652671814,4.552085995674133,5.616331100463867
0.5535880327224731,0.6313701868057251,0.86897873878479,0.5184935331344604,0.5186694860458374,1.0267478227615356,2.9382020235061646,4.55223023891449,5.616431832313538
0.5535699129104614,0.6313556432723999,0.8689700365066528,0.5184887647628784,0.5186644792556763,1.0267667770385742,2.9380950331687927,4.552127122879028,5.616389513015747
0.5535528063774109,0.6313400268554688,0.8689624071121216,0.5184837579727173,0.5186598896980286,1.0267823934555054,2.937997877597809,4.552030563354492,5.6163424253463745
0.5535797476768494,0.6313530802726746,0.8689836263656616,0.5184912085533142,0.5186668634414673,1.026773452758789,2.938161790370941,4.552178978919983,5.616435408592224
0.5535596609115601,0.631334125995636,0.8689742088317871,0.518484890460968,0.5186614990234375,1.0267890691757202,2.938048839569092,4.552066326141357,5.6163740158081055
0.5535414814949036,0.6313155293464661,0.8689661026000977,0.5184788107872009,0.5186566710472107,1.0268017053604126,2.937948703765869,4.5519644021987915,5.61631441116333
0.5535707473754883,0.6313289403915405,0.8689888715744019,0.5184866189956665,0.5186643600463867,1.0267895460128784,2.938128411769867,4.552127718925476,5.616408586502075
0.5535489320755005,0.6313087940216064,0.8689782619476318,0.5184798836708069,0.5186588168144226,1.02680504322052,2.9380056262016296,4.552006125450134,5.616340637207031
0.5535297393798828,0.6312897801399231,0.868969202041626,0.5184736251831055,0.5186538100242615,1.0268179178237915,2.9378995299339294,4.551899433135986,5.616278052330017
0.5535818934440613,0.6313184499740601,0.8690066337585449,0.5184879899024963,0.5186675786972046,1.0267927646636963,2.9382142424583435,4.5521897077560425,5.616443157196045
0.5535564422607422,0.6312961578369141,0.8689932823181152,0.5184802412986755,0.5186609029769897,1.0268102884292603,2.9380694031715393,4.552047252655029,5.616363883018494
0.5535325407981873,0.6312740445137024,0.868980884552002,0.5184723734855652,0.5186541676521301,1.0268253087997437,2.9379352927207947,4.551912546157837,5.616283416748047
0.5535823702812195,0.6313006281852722,0.8690165281295776,0.5184852480888367,0.5186663269996643,1.026800513267517,2.938237190246582,4.552186727523804,5.616438388824463
0.5535551309585571,0.6312766671180725,0.8690016269683838,0.5184762477874756,0.5186581015586853,1.0268181562423706,2.93808251619339,4.55203115940094,5.616348385810852
0.5535290241241455,0.6312522888183594,0.8689874410629272,0.5184664130210876,0.5186493396759033,1.026833176612854,2.9379376769065857,4.551878571510315,5.616255402565002
0.5535535216331482,0.6312611103057861,0.8690060377120972,0.5184705853462219,0.5186530947685242,1.026820421218872,2.938091456890106,4.5520055294036865,5.616320967674255
0.5535271167755127,0.6312364935874939,0.8689912557601929,0.5184599161148071,0.5186429023742676,1.0268352031707764,2.9379451274871826,4.551846385002136,5.6162238121032715
0.5535033345222473,0.6312117576599121,0.8689781427383423,0.518448531627655,0.5186322331428528,1.0268460512161255,2.9378166794776917,4.5516979694366455,5.61612606048584
0.553549587726593,0.6312320232391357,0.8690108060836792,0.5184561014175415,0.5186387300491333,1.0268174409866333,2.9381054639816284,4.551936388015747,5.616244673728943
0.553520917892456,0.6312026381492615,0.8689944744110107,0.5184417366981506,0.518625020980835,1.0268293619155884,2.9379507899284363,4.55175518989563,5.616123080253601
0.5534933805465698,0.631171464920044,0.8689790964126587,0.5184258818626404,0.5186101794242859,1.0268371105194092,2.937808632850647,4.551575183868408,5.615993142127991
0.5535362958908081,0.6311843991279602,0.8690098524093628,0.5184282660484314,0.5186122059822083,1.026803731918335,2.9380863904953003,4.551782608032227,5.616076588630676
0.5535292625427246,0.6311638355255127,0.86900794506073,0.5184159278869629,0.5186005234718323,1.0267969369888306,2.9380708932876587,4.551710486412048,5.615997314453125
0.5534330606460571,0.6310821175575256,0.8689477443695068,0.5183761715888977,0.518563985824585,1.0268348455429077,2.9375317692756653,4.551135301589966,5.615621209144592
0.5535517930984497,0.6311352849006653,0.8690292835235596,0.5183936357498169,0.5185807347297668,1.0267482995986938,2.93827623128891,4.551749229431152,5.615900754928589
0.5535319447517395,0.6310988664627075,0.8690198659896851,0.5183723568916321,0.5185617208480835,1.0267390012741089,2.938198149204254,4.551592469215393,5.615747570991516
0.5533773899078369,0.6309718489646912,0.8689218759536743,0.5183110237121582,0.5185061097145081,1.026798963546753,2.93732613325119,4.55068051815033,5.6151509284973145
0.55354243516922,0.6310429573059082,0.8690353631973267,0.5183336138725281,0.5185292363166809,1.0266709327697754,2.9383686184883118,4.551535248756409,5.615522265434265
0.5535249710083008,0.6309983134269714,0.8690288066864014,0.5183069109916687,0.5185067057609558,1.026647686958313,2.938322126865387,4.551379680633545,5.615332126617432
0.5533326864242554,0.6308386921882629,0.8689068555831909,0.5182296633720398,0.5184375643730164,1.0267173051834106,2.937242090702057,4.550246000289917,5.614579916000366
0.5535063147544861,0.6309036612510681,0.8690272569656372,0.518247127532959,0.5184579491615295,1.0265690088272095,2.9383566975593567,4.551133513450623,5.614925026893616
0.5534871220588684,0.6308470964431763,0.8690208196640015,0.5182132124900818,0.5184305310249329,1.0265315771102905,2.9383206367492676,4.550955295562744,5.614678859710693
0.553296685218811,0.6306782960891724,0.8689013719558716,0.5181301236152649,0.518358051776886,1.0265856981277466,2.9372701048851013,4.5498210191726685,5.613884925842285
0.5534765720367432,0.630734920501709,0.8690272569656372,0.5181421041488647,0.5183754563331604,1.0264167785644531,2.938445508480072,4.550731182098389,5.614192485809326
0.5533959269523621,0.6306289434432983,0.8689814805984497,0.5180851817131042,0.5183286666870117,1.0263996124267578,2.9380622506141663,4.5502012968063354,5.613709092140198
0.5532699823379517,0.6304899454116821,0.8689056634902954,0.5180127024650574,0.5182680487632751,1.0264008045196533,2.9374179244041443,4.549412131309509,5.6130605936050415
0.5534539818763733,0.6305398344993591,0.8690351247787476,0.5180201530456543,0.5182830691337585,1.026215672492981,2.93863445520401,4.55033540725708,5.613337159156799
0.5533057451248169,0.6303849220275879,0.8689450025558472,0.517940878868103,0.5182167887687683,1.0262269973754883,2.9378601908683777,4.549423456192017,5.612612962722778
0.5532268285751343,0.6302675008773804,0.8689005374908447,0.5178757309913635,0.518164336681366,1.0261882543563843,2.9375118017196655,4.548885226249695,5.6120675802230835
0.5534073114395142,0.6303078532218933,0.8690279722213745,0.5178772807121277,0.5181751847267151,1.0259935855865479,2.9387208819389343,4.549778699874878,5.612295866012573
0.5532388091087341,0.6301367282867432,0.8689240217208862,0.5177897810935974,0.5181018710136414,1.0260090827941895,2.9378333687782288,4.548749327659607,5.611486434936523
0.5531704425811768,0.6300213932991028,0.8688862323760986,0.5177239179611206,0.518049418926239,1.0259557962417603,2.9375573992729187,4.5482611656188965,5.610946416854858
0.5533568263053894,0.630059540271759,0.869017481803894,0.5177227854728699,0.5180588364601135,1.0257470607757568,2.93881356716156,4.5491790771484375,5.611159801483154
0.5531609058380127,0.6298702955245972,0.8688945770263672,0.5176263451576233,0.5179771184921265,1.0257741212844849,2.937765121459961,4.547993540763855,5.610253810882568
0.5531453490257263,0.6297855377197266,0.8688908815383911,0.5175719261169434,0.5179357528686523,1.0256839990615845,2.9378098249435425,4.547790884971619,5.609855651855469
0.5533114671707153,0.6298110485076904,0.8690075874328613,0.5175644159317017,0.5179389119148254,1.0254839658737183,2.9389461874961853,4.548593163490295,5.60999870300293
0.5531080961227417,0.6296199560165405,0.8688782453536987,0.5174662470817566,0.5178550481796265,1.0255156755447388,2.9378488659858704,4.547364711761475,5.609073638916016
0.5531256794929504,0.6295579671859741,0.8688950538635254,0.5174206495285034,0.5178213119506836,1.0254055261611938,2.938089072704315,4.547343850135803,5.608776211738586
0.5531976222991943,0.6295301914215088,0.8689476251602173,0.517389714717865,0.5178014039993286,1.025264024734497,2.9386532306671143,4.547624588012695,5.608645677566528
0.553086519241333,0.6293963193893433,0.8688781261444092,0.5173144340515137,0.5177386403083801,1.025238037109375,2.9381105303764343,4.546900987625122,5.607990622520447
0.5530714392662048,0.629318118095398,0.868871808052063,0.5172614455223083,0.5176970362663269,1.0251492261886597,2.9381486773490906,4.546699523925781,5.6076037883758545
0.5531169176101685,0.6292765140533447,0.8689054250717163,0.5172237157821655,0.517670214176178,1.025023102760315,2.938551604747772,4.54683244228363,5.607394576072693
0.5530270338058472,0.6291572451591492,0.8688485622406006,0.5171534419059753,0.5176116824150085,1.0249831676483154,2.9381340742111206,4.54622209072113,5.6067997217178345
0.5530151128768921,0.6290831565856934,0.8688430786132812,0.5171011090278625,0.5175701975822449,1.0248923301696777,2.938188314437866,4.546035528182983,5.606423020362854
0.5530506372451782,0.6290378570556641,0.8688688278198242,0.5170607566833496,0.5175401568412781,1.0247722864151,2.93852835893631,4.5461106300354,5.606186389923096
0.5529621243476868,0.6289225220680237,0.8688113689422607,0.5169910192489624,0.51748126745224,1.024732232093811,2.9381147027015686,4.545505046844482,5.605599880218506
0.5529528260231018,0.6288528442382812,0.8688062429428101,0.5169394016265869,0.5174396634101868,1.024640440940857,2.9381808638572693,4.545329809188843,5.605233907699585
0.552985668182373,0.6288089156150818,0.8688287734985352,0.5168984532356262,0.5174082517623901,1.0245225429534912,2.9385003447532654,4.545386433601379,5.604993104934692
0.5528967380523682,0.6286972761154175,0.8687695264816284,0.5168291926383972,0.5173488855361938,1.0244849920272827,2.9380783438682556,4.544776082038879,5.604413151741028
0.5528897047042847,0.6286324262619019,0.8687644004821777,0.5167785286903381,0.5173072218894958,1.024393081665039,2.9381540417671204,4.544610381126404,5.60405969619751
0.5529204607009888,0.6285909414291382,0.8687841892242432,0.5167375802993774,0.5172748565673828,1.0242784023284912,2.93845534324646,4.544653296470642,5.603820085525513
0.5528326034545898,0.6284844279289246,0.8687242269515991,0.5166696906089783,0.5172156095504761,1.0242429971694946,2.9380330443382263,4.544047117233276,5.6032538414001465
0.5528391599655151,0.6284306049346924,0.8687269687652588,0.5166226029396057,0.5171768069267273,1.0241436958312988,2.938185930252075,4.5439547300338745,5.602945685386658
0.5528541803359985,0.6283847689628601,0.8687350749969482,0.5165792107582092,0.5171411037445068,1.0240421295166016,2.938385307788849,4.543911814689636,5.602672696113586
0.5527806282043457,0.6282908916473389,0.8686834573745728,0.5165160298347473,0.5170855522155762,1.024000644683838,2.9380428791046143,4.543384313583374,5.602160096168518
0.5527890920639038,0.6282424926757812,0.8686864376068115,0.5164707899093628,0.5170478224754333,1.0239030122756958,2.938201129436493,4.543302655220032,5.601868033409119
0.5527976155281067,0.6281978487968445,0.8686889410018921,0.5164276957511902,0.5170117020606995,1.0238094329833984,2.93835312128067,4.543226957321167,5.601593255996704
0.552727222442627,0.6281114816665649,0.8686383962631226,0.516367495059967,0.5169582962989807,1.0237702131271362,2.938021421432495,4.542720913887024,5.601106882095337
0.5527364611625671,0.6280685663223267,0.8686410188674927,0.5163246393203735,0.5169222950935364,1.0236759185791016,2.938176393508911,4.542648196220398,5.600834488868713
0.5527434349060059,0.6280285120010376,0.8686416149139404,0.5162838697433472,0.5168877840042114,1.0235878229141235,2.938310205936432,4.542570114135742,5.600574016571045
0.5526747703552246,0.6279492378234863,0.86859130859375,0.516227126121521,0.5168371200561523,1.0235527753829956,2.9379788041114807,4.5420801639556885,5.600114464759827
0.5526841878890991,0.6279124617576599,0.8685932159423828,0.5161876678466797,0.5168039202690125,1.023463487625122,2.938125431537628,4.542017579078674,5.599865913391113
0.5526912212371826,0.6278787851333618,0.8685932159423828,0.5161504745483398,0.5167726278305054,1.0233807563781738,2.9382503032684326,4.54194962978363,5.599629282951355
0.552625298500061,0.6278084516525269,0.8685439825057983,0.5160989761352539,0.5167264938354492,1.0233511924743652,2.937922775745392,4.541487693786621,5.599207282066345
0.5526356101036072,0.6277810335159302,0.8685457706451416,0.5160655975341797,0.5166987776756287,1.0232701301574707,2.9380598664283752,4.541447162628174,5.598998069763184
0.5526436567306519,0.6277588605880737,0.868545651435852,0.5160361528396606,0.5166743993759155,1.0231980085372925,2.938171923160553,4.541406631469727,5.598812103271484
0.5525830388069153,0.6277039051055908,0.8684990406036377,0.5159944891929626,0.5166370868682861,1.0231777429580688,2.9378563165664673,4.540999531745911,5.598459243774414
0.5525940656661987,0.6276888847351074,0.8685004711151123,0.5159698724746704,0.5166173577308655,1.0231090784072876,2.9379773139953613,4.540988206863403,5.598306059837341
0.5526034832000732,0.6276787519454956,0.8685007095336914,0.5159490704536438,0.5166009068489075,1.0230484008789062,2.9380780458450317,4.54098105430603,5.59817373752594
0.5525662302970886,0.6276464462280273,0.8684693574905396,0.515920102596283,0.516575813293457,1.0230234861373901,2.9378879070281982,4.540724158287048,5.597931742668152
0.5525758266448975,0.6276404857635498,0.8684697151184082,0.5159026384353638,0.5165627002716064,1.0229671001434326,2.937982976436615,4.540728330612183,5.597820281982422
0.5525835752487183,0.6276384592056274,0.8684685230255127,0.5158884525299072,0.5165523290634155,1.0229179859161377,2.9380574822425842,4.540733098983765,5.5977267026901245
0.552528440952301,0.6276079416275024,0.868424654006958,0.5158636569976807,0.5165305137634277,1.0229188203811646,2.937738001346588,4.540402889251709,5.5974894762039185
0.5525401830673218,0.6276134252548218,0.8684259653091431,0.5158543586730957,0.5165245532989502,1.022873044013977,2.9378286004066467,4.540441632270813,5.597432255744934
0.552551805973053,0.6276230812072754,0.868427038192749,0.5158480405807495,0.5165213346481323,1.0228327512741089,2.9379096627235413,4.540488123893738,5.597394108772278
0.5524972677230835,0.6276013851165771,0.8683832883834839,0.515829861164093,0.5165054202079773,1.0228437185287476,2.9375791549682617,4.540179371833801,5.597199201583862
0.5525094866752625,0.6276130080223083,0.8683851957321167,0.515825629234314,0.5165045261383057,1.0228049755096436,2.9376614093780518,4.540236592292786,5.597173571586609
0.5525239706039429,0.627629280090332,0.8683885335922241,0.5158246159553528,0.5165066123008728,1.0227692127227783,2.9377514123916626,4.540314674377441,5.597171783447266
0.5525037050247192,0.6276305913925171,0.86836838722229,0.5158183574676514,0.5165027976036072,1.022762417793274,2.9376226663589478,4.540208578109741,5.597094297409058
0.5525031685829163,0.6276409029960632,0.8683618307113647,0.5158159732818604,0.5165033340454102,1.022740364074707,2.9376158118247986,4.5402103662490845,5.597063899040222
0.5525257587432861,0.6276648044586182,0.8683711290359497,0.5158199667930603,0.516510546207428,1.0227036476135254,2.937750518321991,4.540344476699829,5.597103238105774
0.5525055527687073,0.6276679039001465,0.8683516979217529,0.5158160924911499,0.5165093541145325,1.0227006673812866,2.937617301940918,4.540247321128845,5.597040057182312
0.5524980425834656,0.6276739835739136,0.8683414459228516,0.5158129930496216,0.5165098309516907,1.022684097290039,2.9375696182250977,4.54021692276001,5.596994757652283
0.5525218844413757,0.6276949644088745,0.868353009223938,0.5158162117004395,0.5165174007415771,1.0226439237594604,2.937716245651245,4.54035758972168,5.597026944160461
0.5524790287017822,0.6276842355728149,0.8683191537857056,0.5158067941665649,0.5165110230445862,1.0226556062698364,2.937447726726532,4.540137052536011,5.59689998626709
0.5524711608886719,0.6276860237121582,0.868309736251831,0.5158014297485352,0.5165101289749146,1.0226354598999023,2.9374048113822937,4.54010009765625,5.596839189529419
0.5524953603744507,0.6277016401290894,0.8683226108551025,0.5158015489578247,0.5165156722068787,1.0225894451141357,2.9375633597373962,4.540235996246338,5.5968523025512695
0.5524716973304749,0.6276934146881104,0.8683030605316162,0.5157918930053711,0.5165104866027832,1.0225796699523926,2.937425673007965,4.54011082649231,5.596745610237122
0.5524605512619019,0.6276861429214478,0.8682926893234253,0.5157813429832458,0.5165054798126221,1.0225545167922974,2.9373744130134583,4.540044665336609,5.596647262573242
0.5524808168411255,0.6276912093162537,0.8683042526245117,0.5157752633094788,0.5165061354637146,1.0225019454956055,2.9375243186950684,4.540147185325623,5.596615672111511
0.5524578094482422,0.6276737451553345,0.8682866096496582,0.5157597064971924,0.5164965987205505,1.0224813222885132,2.937406897544861,4.540010094642639,5.596470236778259
0.55244380235672,0.6276551485061646,0.8682757616043091,0.515742301940918,0.5164863467216492,1.022447109222412,2.9373562335968018,4.539914131164551,5.596323013305664
0.5524610280990601,0.6276476383209229,0.8682868480682373,0.5157287120819092,0.5164812803268433,1.0223841667175293,2.9375067353248596,4.539983868598938,5.59623658657074
0.552432656288147,0.627616286277771,0.8682670593261719,0.5157049298286438,0.5164653658866882,1.0223546028137207,2.9373759031295776,4.5398008823394775,5.596030354499817
0.5524167418479919,0.6275848746299744,0.8682565689086914,0.5156797766685486,0.5164493918418884,1.0223078727722168,2.937333881855011,4.53967809677124,5.595828890800476
0.5524319410324097,0.6275640726089478,0.8682678937911987,0.5156582593917847,0.5164386630058289,1.022231936454773,2.9374924302101135,4.539720416069031,5.595684051513672
0.5523824691772461,0.6275116801261902,0.8682352304458618,0.5156236290931702,0.5164134502410889,1.0222052335739136,2.9372504353523254,4.539408087730408,5.59537947177887
0.5523657202720642,0.6274677515029907,0.8682258129119873,0.515591025352478,0.5163925290107727,1.0221437215805054,2.9372254014015198,4.53926682472229,5.595121383666992
0.5523815155029297,0.6274349093437195,0.8682392835617065,0.5155625343322754,0.516377329826355,1.0220516920089722,2.9374107718467712,4.539299011230469,5.594925284385681
0.5523501038551331,0.6273782849311829,0.8682206869125366,0.5155239701271057,0.5163514614105225,1.021994709968567,2.9373037815093994,4.5390719175338745,5.594608783721924
0.5523279309272766,0.6273200511932373,0.8682091236114502,0.5154837965965271,0.5163255929946899,1.0219224691390991,2.937265634536743,4.53889012336731,5.594288110733032
0.5523402690887451,0.6272728443145752,0.8682221174240112,0.5154478549957275,0.5163059830665588,1.0218164920806885,2.9374518990516663,4.538893103599548,5.594029426574707
0.5523084402084351,0.6272028088569641,0.868205189704895,0.5154023766517639,0.5162766575813293,1.0217424631118774,2.9373660683631897,4.538655877113342,5.593655705451965
0.5522810220718384,0.6271291971206665,0.8681920766830444,0.5153548121452332,0.5162466764450073,1.0216572284698486,2.9373183846473694,4.538438320159912,5.593268871307373
0.5522897243499756,0.6270679831504822,0.8682044744491577,0.515312135219574,0.516223669052124,1.0215375423431396,2.9375043511390686,4.538416266441345,5.5929481983184814
0.5522526502609253,0.6269848346710205,0.8681854009628296,0.515260636806488,0.5161910057067871,1.0214526653289795,2.9374051094055176,4.538145661354065,5.59251606464386
0.5522218942642212,0.6269000172615051,0.868171215057373,0.5152078866958618,0.5161585807800293,1.0213563442230225,2.9373538494110107,4.537906646728516,5.5920785665512085
0.5522280931472778,0.6268273591995239,0.8681832551956177,0.515160083770752,0.5161335468292236,1.0212236642837524,2.937542498111725,4.537868499755859,5.591707825660706
0.5521703958511353,0.6267257928848267,0.8681513071060181,0.5151008367538452,0.5160954594612122,1.0211421251296997,2.9373306035995483,4.537484645843506,5.591188073158264
0.5521390438079834,0.6266311407089233,0.8681379556655884,0.5150439143180847,0.5160619020462036,1.0210318565368652,2.9372933506965637,4.537242650985718,5.590707063674927
0.5521447658538818,0.6265499591827393,0.8681503534317017,0.5149926543235779,0.5160360932350159,1.020886778831482,2.937493622303009,4.537202715873718,5.590298771858215
0.5521008968353271,0.6264479160308838,0.8681285381317139,0.5149333477020264,0.5160006880760193,1.0207828283309937,2.9373812675476074,4.536896347999573,5.589780211448669
0.5520668625831604,0.6263483166694641,0.8681132793426514,0.5148749947547913,0.515967071056366,1.0206677913665771,2.9373329877853394,4.536643028259277,5.589273571968079
0.5520706176757812,0.6262640953063965,0.8681240081787109,0.5148231387138367,0.5159419178962708,1.0205187797546387,2.9375258088111877,4.536598324775696,5.588847994804382
0.5520286560058594,0.6261624097824097,0.8681027889251709,0.5147649049758911,0.5159083008766174,1.0204102993011475,2.937425374984741,4.53630805015564,5.588329434394836
0.5519927740097046,0.6260637044906616,0.868085503578186,0.5147079825401306,0.515876293182373,1.0202962160110474,2.937363088130951,4.536052942276001,5.587822794914246
0.5519956946372986,0.6259817481040955,0.8680945634841919,0.5146583914756775,0.515853226184845,1.020148515701294,2.9375457763671875,4.536011815071106,5.587402582168579
0.5519479513168335,0.6258819699287415,0.8680679798126221,0.5146022439002991,0.5158209800720215,1.0200480222702026,2.937401235103607,4.535699486732483,5.586885213851929
0.5519134998321533,0.6257891654968262,0.8680500984191895,0.5145492553710938,0.515792191028595,1.0199366807937622,2.9373392462730408,4.535462856292725,5.586400628089905
0.5519174337387085,0.6257131695747375,0.8680582046508789,0.5145036578178406,0.51577228307724,1.019792914390564,2.937518060207367,4.535436630249023,5.586003065109253
0.5518523454666138,0.6256125569343567,0.8680180311203003,0.5144488215446472,0.5157396197319031,1.0197128057479858,2.9372531175613403,4.535041451454163,5.585470795631409
0.5518208742141724,0.625525951385498,0.8680007457733154,0.5143999457359314,0.5157145261764526,1.0196027755737305,2.9372012615203857,4.534831643104553,5.58501124382019
0.5518276691436768,0.6254564523696899,0.8680094480514526,0.514358639717102,0.5156983733177185,1.019460916519165,2.9373890161514282,4.534832239151001,5.584638714790344
0.5517826080322266,0.6253719329833984,0.8679811954498291,0.5143122673034668,0.5156733989715576,1.019371509552002,2.937236726284027,4.534557461738586,5.5841803550720215
0.5517520904541016,0.6252979040145874,0.8679620027542114,0.5142708420753479,0.515653133392334,1.0192742347717285,2.937169075012207,4.534367322921753,5.583770275115967
0.551760196685791,0.6252424716949463,0.8679689168930054,0.5142377018928528,0.5156422853469849,1.0191465616226196,2.937341034412384,4.534391164779663,5.583455562591553
0.5517218708992004,0.625173032283783,0.8679429292678833,0.5141999125480652,0.5156236290931702,1.0190656185150146,2.9372093081474304,4.534168243408203,5.583062171936035
0.5516918897628784,0.6251104474067688,0.8679221868515015,0.5141656994819641,0.5156084299087524,1.0189809799194336,2.9371249675750732,4.53399658203125,5.582700967788696
0.5517005920410156,0.6250653266906738,0.8679276704788208,0.5141393542289734,0.5156024694442749,1.0188645124435425,2.9372823238372803,4.5340389013290405,5.582430362701416
0.5516424775123596,0.625,0.867885947227478,0.5141058564186096,0.5155848264694214,1.018815279006958,2.9370033740997314,4.533725380897522,5.582045316696167
0.5516178607940674,0.6249508261680603,0.8678669929504395,0.5140798687934875,0.5155758261680603,1.0187392234802246,2.9369327425956726,4.53359842300415,5.5817437171936035
0.5516306757926941,0.6249184608459473,0.8678736686706543,0.514061450958252,0.5155758261680603,1.018632411956787,2.937096655368805,4.533680081367493,5.581529140472412
0.5515743494033813,0.6248646974563599,0.8678314685821533,0.5140354037284851,0.5155637264251709,1.0185948610305786,2.93680876493454,4.53339159488678,5.58119535446167
0.5515531301498413,0.6248270869255066,0.8678133487701416,0.5140170454978943,0.5155605673789978,1.0185284614562988,2.9367411136627197,4.533300995826721,5.580946207046509
0.5515681505203247,0.6248055696487427,0.867820143699646,0.5140060186386108,0.515566349029541,1.0184321403503418,2.936900556087494,4.533411860466003,5.580781698226929
0.5515380501747131,0.6247721910476685,0.8677948713302612,0.5139913558959961,0.5155650973320007,1.0183837413787842,2.936762273311615,4.533284306526184,5.580548644065857
0.5515172481536865,0.624747633934021,0.8677754402160645,0.5139816999435425,0.5155681371688843,1.0183336734771729,2.9366734623908997,4.533215165138245,5.580358505249023
0.5515242218971252,0.6247371435165405,0.8677747249603271,0.513978898525238,0.5155790448188782,1.0182629823684692,2.936755418777466,4.5333027839660645,5.580241084098816
0.5515058636665344,0.6247206926345825,0.8677561283111572,0.5139746069908142,0.515586256980896,1.0182205438613892,2.9366692900657654,4.533258676528931,5.580089688301086
0.5514766573905945,0.6247062683105469,0.8677291870117188,0.5139726996421814,0.5155941247940063,1.0181959867477417,2.9365018010139465,4.533163905143738,5.5799442529678345
0.5514869093894958,0.6247100234031677,0.8677295446395874,0.5139795541763306,0.5156123638153076,1.0181394815444946,2.936580777168274,4.533292055130005,5.579894781112671
0.5514640808105469,0.6247055530548096,0.8677061796188354,0.5139840245246887,0.5156254768371582,1.0181196928024292,2.936440408229828,4.533244967460632,5.5797988176345825
0.5514336824417114,0.6247035264968872,0.8676772117614746,0.5139911770820618,0.5156399607658386,1.018113613128662,2.936241626739502,4.533166289329529,5.579712390899658
0.5514485836029053,0.6247196793556213,0.8676798343658447,0.5140070915222168,0.5156658291816711,1.018067717552185,2.9363304376602173,4.533340930938721,5.579724311828613
0.5514490604400635,0.624732255935669,0.8676725625991821,0.5140224695205688,0.5156900882720947,1.0180381536483765,2.9363232851028442,4.533442258834839,5.5797189474105835
0.5513914823532104,0.6247303485870361,0.8676238059997559,0.5140337347984314,0.5157057642936707,1.0180718898773193,2.935931086540222,4.5332372188568115,5.579630732536316
0.5514131784439087,0.6247570514678955,0.8676310777664185,0.5140580534934998,0.515739381313324,1.0180314779281616,2.936047613620758,4.533470273017883,5.579699873924255
0.5514237880706787,0.624781608581543,0.8676303625106812,0.5140825510025024,0.5157722234725952,1.0180050134658813,2.936088740825653,4.533648490905762,5.579759478569031
0.5513577461242676,0.6247870922088623,0.8675751686096191,0.5141011476516724,0.5157930254936218,1.0180617570877075,2.9356220364570618,4.533420205116272,5.579707026481628
0.5513936877250671,0.6248288154602051,0.8675915002822876,0.5141357779502869,0.515836238861084,1.0180224180221558,2.9358115792274475,4.533753395080566,5.579856038093567
0.5514005422592163,0.624863862991333,0.8675872087478638,0.5141687393188477,0.5158750414848328,1.0180168151855469,2.93580561876297,4.533932209014893,5.579968094825745
0.5513372421264648,0.6248812675476074,0.8675329685211182,0.5141963362693787,0.5159029364585876,1.0180871486663818,2.935335636138916,4.533740282058716,5.579977035522461
0.5513815879821777,0.6249344348907471,0.867554783821106,0.5142394304275513,0.5159536600112915,1.018053412437439,2.9355618357658386,4.53413724899292,5.580188035964966
0.5513904094696045,0.6249780058860779,0.8675512075424194,0.5142795443534851,0.515998125076294,1.0180586576461792,2.9355522990226746,4.534343481063843,5.580346584320068
0.5513295531272888,0.6250039339065552,0.8674982786178589,0.5143139958381653,0.5160313844680786,1.0181392431259155,2.9350829124450684,4.534180760383606,5.580402612686157
0.5513778924942017,0.6250646710395813,0.8675224781036377,0.5143634676933289,0.5160873532295227,1.0181126594543457,2.935321629047394,4.534614086151123,5.5806565284729
0.5513896346092224,0.6251155138015747,0.867520809173584,0.5144094228744507,0.5161364674568176,1.018126368522644,2.9353180527687073,4.534849524497986,5.580856204032898
0.5513314008712769,0.6251488924026489,0.8674689531326294,0.5144497752189636,0.5161739587783813,1.0182163715362549,2.934851050376892,4.534712433815002,5.580954551696777
0.5513826608657837,0.6252164840698242,0.8674947023391724,0.5145045518875122,0.5162336826324463,1.018198013305664,2.935095727443695,4.535170793533325,5.581247806549072
0.5513964891433716,0.6252743005752563,0.867493748664856,0.5145556926727295,0.5162861943244934,1.018221139907837,2.9350927472114563,4.535426497459412,5.581485629081726
0.551341712474823,0.6253158450126648,0.867443323135376,0.5146015286445618,0.5163270831108093,1.0183205604553223,2.934632897377014,4.535315036773682,5.5816274881362915
0.5513951778411865,0.6253907680511475,0.8674700260162354,0.5146612524986267,0.5163896679878235,1.0183123350143433,2.934878170490265,4.5357924699783325,5.581960678100586
0.5514004230499268,0.6254540681838989,0.8674618005752563,0.5147166848182678,0.5164430737495422,1.0183583498001099,2.934803068637848,4.536008834838867,5.582225918769836
0.5513623952865601,0.625508725643158,0.8674221038818359,0.5147696733474731,0.5164893269538879,1.018455147743225,2.9344359040260315,4.535993337631226,5.5824363231658936
0.5514073371887207,0.6255892515182495,0.8674412965774536,0.5148332118988037,0.5165519714355469,1.0184701681137085,2.93460875749588,4.536427855491638,5.582795739173889
0.551413893699646,0.6256617307662964,0.8674325942993164,0.5148939490318298,0.5166074633598328,1.0185303688049316,2.9345235228538513,4.536654353141785,5.5831074714660645
0.5513870716094971,0.6257286071777344,0.8673995733261108,0.5149531960487366,0.5166575908660889,1.018631100654602,2.934211790561676,4.536702632904053,5.583380460739136
0.5514332056045532,0.6258172392845154,0.8674184083938599,0.5150212645530701,0.5167216658592224,1.0186593532562256,2.93437659740448,4.537145495414734,5.583781599998474
0.5514386892318726,0.6258969306945801,0.8674077987670898,0.5150859355926514,0.5167779922485352,1.0187346935272217,2.9342690110206604,4.537366628646851,5.584128499031067
0.5514275431632996,0.6259744167327881,0.8673849105834961,0.5151503086090088,0.5168314576148987,1.0188318490982056,2.934047281742096,4.537498950958252,5.584459900856018
0.5514436960220337,0.626061201095581,0.8673810958862305,0.5152184367179871,0.5168904066085815,1.018904209136963,2.934000790119171,4.5377784967422485,5.584844946861267
0.5515207052230835,0.6261622905731201,0.8674215078353882,0.5152915716171265,0.5169588923454285,1.018912434577942,2.9343581199645996,4.53838050365448,5.585322380065918
0.5514317750930786,0.6262221336364746,0.8673421144485474,0.5153485536575317,0.5169960260391235,1.0191001892089844,2.93361634016037,4.5380836725234985,5.585547685623169
0.5514790415763855,0.6263188123703003,0.8673603534698486,0.5154200196266174,0.5170586109161377,1.0191466808319092,2.9337701201438904,4.538521766662598,5.585995316505432
0.5515891313552856,0.626425564289093,0.8674246072769165,0.5154933929443359,0.5171286463737488,1.0191216468811035,2.934350073337555,4.53928530216217,5.5865150690078735
0.5514545440673828,0.6264702677726746,0.8673121929168701,0.5155419111251831,0.5171514749526978,1.0193593502044678,2.9333093762397766,4.5387202501297,5.586658716201782
0.5515123009681702,0.6265648007392883,0.8673384189605713,0.515609860420227,0.5172101855278015,1.019393801689148,2.9335400462150574,4.539194107055664,5.587103366851807
0.5516360402107239,0.6266655921936035,0.8674135208129883,0.5156772136688232,0.5172749757766724,1.0193482637405396,2.9342246055603027,4.540003538131714,5.587608814239502
0.551482617855072,0.6266947388648987,0.86728835105896,0.5157150626182556,0.5172852873802185,1.0195977687835693,2.9330766201019287,4.5393043756484985,5.587677955627441
0.55157870054245,0.6267844438552856,0.8673439025878906,0.5157760977745056,0.5173410177230835,1.0195786952972412,2.9335862398147583,4.5399510860443115,5.588123202323914
0.5516600608825684,0.6268597841262817,0.8673901557922363,0.5158283710479736,0.5173875689506531,1.0195653438568115,2.9340150952339172,4.540496468544006,5.588502287864685
0.5515117049217224,0.62687748670578,0.8672698736190796,0.5158571004867554,0.5173896551132202,1.019797444343567,2.9329225420951843,4.5397937297821045,5.5885249376297
0.5516356229782104,0.6269577741622925,0.8673475980758667,0.5159093141555786,0.5174402594566345,1.019733190536499,2.9336434602737427,4.540556073188782,5.5889445543289185
0.5516889095306396,0.6270096302032471,0.8673754930496216,0.5159469842910767,0.5174710750579834,1.0197334289550781,2.9339152574539185,4.54091489315033,5.5892109870910645
0.5515305995941162,0.627010703086853,0.8672494888305664,0.5159643888473511,0.5174619555473328,1.0199620723724365,2.9327815771102905,4.540126919746399,5.589158535003662
0.5516729354858398,0.6270767450332642,0.8673429489135742,0.5160053372383118,0.5175049304962158,1.019858479499817,2.933657467365265,4.540952444076538,5.589526295661926
0.5517063140869141,0.6271058320999146,0.8673585653305054,0.5160287022590637,0.5175216197967529,1.0198612213134766,2.9338285326957703,4.5411694049835205,5.589685440063477
0.5515461564064026,0.627090334892273,0.8672330379486084,0.5160346627235413,0.5175026655197144,1.0200742483139038,2.932710349559784,4.540340304374695,5.589560270309448
0.5516898036003113,0.627138614654541,0.8673297166824341,0.5160636901855469,0.5175364017486572,1.0199490785598755,2.9336273670196533,4.541142582893372,5.589853525161743
0.5517168045043945,0.627150297164917,0.8673428297042847,0.5160760283470154,0.5175439119338989,1.019940733909607,2.9337844252586365,4.541299343109131,5.5899351835250854
0.5515701770782471,0.6271227598190308,0.8672291040420532,0.5160735845565796,0.517520010471344,1.020121693611145,2.932782471179962,4.540519118309021,5.589764714241028
0.5516930818557739,0.6271525621414185,0.8673125505447388,0.5160919427871704,0.5175435543060303,1.020003080368042,2.933586537837982,4.541189074516296,5.589967966079712
0.551706850528717,0.6271518468856812,0.8673171997070312,0.5160974860191345,0.5175446271896362,1.0199975967407227,2.933672070503235,4.54126238822937,5.589989423751831
0.5516409277915955,0.6271324157714844,0.8672637939453125,0.5160958170890808,0.5175313949584961,1.0200783014297485,2.933226525783539,4.5409053564071655,5.589892864227295
0.5516694784164429,0.627135694026947,0.8672791719436646,0.5161033272743225,0.5175361037254333,1.0200563669204712,2.933409810066223,4.541062712669373,5.589938759803772
0.5517078638076782,0.6271378397941589,0.8673021793365479,0.5161100029945374,0.5175418257713318,1.020019769668579,2.93366402387619,4.541269540786743,5.589984655380249
0.5516630411148071,0.6271206736564636,0.8672647476196289,0.5161097645759583,0.5175330638885498,1.0200732946395874,2.933363914489746,4.541029930114746,5.5899083614349365
0.551669716835022,0.6271169781684875,0.8672647476196289,0.5161155462265015,0.517535388469696,1.020072102546692,2.9334047436714172,4.541074633598328,5.58991551399231
0.5517054200172424,0.6271173357963562,0.8672864437103271,0.5161229968070984,0.517542839050293,1.0200355052947998,2.9336437582969666,4.541276693344116,5.589954257011414
0.5516657829284668,0.6271016001701355,0.8672530651092529,0.5161252617835999,0.5175382494926453,1.0200824737548828,2.9333776235580444,4.541077613830566,5.589889883995056
0.551669716835022,0.6270984411239624,0.8672511577606201,0.5161334872245789,0.517543613910675,1.020084261894226,2.933397889137268,4.541120529174805,5.589900612831116
0.5517006516456604,0.627100944519043,0.8672691583633423,0.5161442756652832,0.5175546407699585,1.0200557708740234,2.9335984587669373,4.5413124561309814,5.589948296546936
0.5516569018363953,0.6270908117294312,0.8672322034835815,0.5161519050598145,0.5175548791885376,1.0201137065887451,2.9332932829856873,4.541109800338745,5.5899083614349365
0.5516695976257324,0.6270961761474609,0.8672361373901367,0.5161664485931396,0.517566978931427,1.0201128721237183,2.9333600401878357,4.541218876838684,5.589960217475891
0.5516949892044067,0.627105712890625,0.8672490119934082,0.5161833167076111,0.5175824761390686,1.0200998783111572,2.9335084557533264,4.541398286819458,5.590038299560547
0.5516479015350342,0.627106249332428,0.8672078847885132,0.5161987543106079,0.5175886154174805,1.020174503326416,2.933160364627838,4.541199207305908,5.590043067932129
0.5516724586486816,0.6271259784698486,0.8672184944152832,0.5162222981452942,0.5176088213920593,1.020174503326416,2.933284044265747,4.5413899421691895,5.590164065361023
0.5516961812973022,0.627147912979126,0.8672283887863159,0.5162471532821655,0.5176299214363098,1.0201787948608398,2.9333987832069397,4.541580080986023,5.590294599533081
0.5516507029533386,0.6271625757217407,0.8671863079071045,0.5162713527679443,0.5176420211791992,1.0202687978744507,2.9330357909202576,4.541407227516174,5.590360760688782
0.5516805648803711,0.6271971464157104,0.8671987056732178,0.5163033604621887,0.5176683664321899,1.0202802419662476,2.933170795440674,4.541641473770142,5.5905479192733765
0.5517072081565857,0.6272339820861816,0.8672083616256714,0.5163367986679077,0.5176948308944702,1.0202993154525757,2.9332786798477173,4.541861414909363,5.5907440185546875
0.5516645908355713,0.6272637844085693,0.8671660423278809,0.5163694024085999,0.5177121162414551,1.0204050540924072,2.932908833026886,4.541716575622559,5.590876340866089
0.5516980290412903,0.6273130774497986,0.8671786785125732,0.5164092779159546,0.5177431106567383,1.0204311609268188,2.9330414533615112,4.541981220245361,5.591128468513489
0.5517280101776123,0.6273638606071472,0.867188572883606,0.516450047492981,0.5177736282348633,1.020464539527893,2.9331472516059875,4.542227387428284,5.591384768486023
0.5516883134841919,0.6274069547653198,0.8671462535858154,0.5164893865585327,0.5177944302558899,1.0205841064453125,2.932773232460022,4.54210638999939,5.591575503349304
0.5517244338989258,0.6274679899215698,0.8671590089797974,0.5165350437164307,0.5178280472755432,1.0206228494644165,2.932904064655304,4.5423901081085205,5.591878890991211
0.5517570376396179,0.6275291442871094,0.8671691417694092,0.5165806412696838,0.5178605914115906,1.0206676721572876,2.9330092668533325,4.542652368545532,5.592182278633118
0.551719605922699,0.6275812387466431,0.8671269416809082,0.5166240930557251,0.5178828239440918,1.020797610282898,2.9326340556144714,4.542543888092041,5.592413544654846
0.5517576336860657,0.6276493072509766,0.8671400547027588,0.5166724920272827,0.5179166793823242,1.0208449363708496,2.9327648878097534,4.542835354804993,5.592747926712036
0.551791787147522,0.6277158856391907,0.8671505451202393,0.5167197585105896,0.5179489254951477,1.0208969116210938,2.9328706860542297,4.543102383613586,5.5930763483047485
0.5517559051513672,0.6277719140052795,0.8671087026596069,0.5167640447616577,0.5179701447486877,1.0210319757461548,2.932499349117279,4.5429956912994385,5.59332549571991
0.5517945289611816,0.6278412342071533,0.8671219348907471,0.516811728477478,0.5180017352104187,1.021082878112793,2.9326310753822327,4.543280601501465,5.593667030334473
0.5518288612365723,0.6279070377349854,0.8671325445175171,0.5168570280075073,0.5180308222770691,1.0211365222930908,2.932739555835724,4.543536305427551,5.593993067741394
0.5517939925193787,0.6279610395431519,0.8670917749404907,0.5168985724449158,0.5180485844612122,1.021270513534546,2.9323774576187134,4.543420672416687,5.594235062599182
0.551831841468811,0.6280269026756287,0.8671050071716309,0.5169426202774048,0.5180760622024536,1.0213208198547363,2.9325106739997864,4.543687701225281,5.594562292098999
0.5518644452095032,0.6280884742736816,0.867114782333374,0.516984224319458,0.5181007981300354,1.0213743448257446,2.9326125979423523,4.5439183712005615,5.594870448112488
0.551831841468811,0.6281380653381348,0.8670765161514282,0.5170217156410217,0.5181147456169128,1.0215020179748535,2.9322749376296997,4.543800950050354,5.595095753669739
0.5518666505813599,0.6281969547271729,0.8670885562896729,0.5170605182647705,0.5181369185447693,1.021550178527832,2.9323983192443848,4.5440346002578735,5.595393776893616
0.551888644695282,0.628250241279602,0.8670915365219116,0.5170964002609253,0.5181552767753601,1.021610140800476,2.9324403405189514,4.544193148612976,5.595661997795105
0.5518676042556763,0.6282927989959717,0.8670632839202881,0.5171278715133667,0.5181652903556824,1.021715521812439,2.932196855545044,4.544118046760559,5.595863461494446
0.5518900156021118,0.6283400058746338,0.8670674562454224,0.5171592235565186,0.518179714679718,1.02176833152771,2.9322531819343567,4.544265270233154,5.596105456352234
0.5519099235534668,0.6283832788467407,0.8670704364776611,0.5171880722045898,0.518191933631897,1.0218206644058228,2.932298183441162,4.544393420219421,5.596331357955933
0.5518930554389954,0.6284167766571045,0.8670467138290405,0.5172128081321716,0.5181969404220581,1.021910548210144,2.9321005940437317,4.544320702552795,5.596495270729065
0.5519120693206787,0.6284536123275757,0.867050051689148,0.5172370076179504,0.5182052850723267,1.0219565629959106,2.9321512579917908,4.544432163238525,5.5966925621032715
0.5519304871559143,0.6284872889518738,0.8670533895492554,0.5172591805458069,0.518211841583252,1.0220001935958862,2.9322034120559692,4.544534683227539,5.596875548362732
0.5519145727157593,0.6285120248794556,0.8670316934585571,0.5172776579856873,0.5182119011878967,1.0220791101455688,2.9320281744003296,4.544450640678406,5.5970025062561035
0.5519324541091919,0.6285400986671448,0.8670353889465332,0.5172956585884094,0.5182151794433594,1.0221168994903564,2.9320868849754333,4.544539451599121,5.597161054611206
0.551949679851532,0.6285654902458191,0.8670392036437988,0.5173118114471436,0.5182168483734131,1.0221526622772217,2.932145893573761,4.544619917869568,5.597307085990906
0.5519332885742188,0.6285823583602905,0.8670183420181274,0.5173246264457703,0.5182123780250549,1.0222229957580566,2.9319819808006287,4.5445191860198975,5.597399473190308
0.5519506931304932,0.6286029815673828,0.8670228719711304,0.5173372626304626,0.5182112455368042,1.0222525596618652,2.932051122188568,4.544590711593628,5.597524642944336
0.5519663095474243,0.628620982170105,0.8670263290405273,0.517348051071167,0.5182085037231445,1.0222816467285156,2.932112216949463,4.544649124145508,5.597636103630066
0.5519494414329529,0.6286306977272034,0.8670063018798828,0.5173555016517639,0.5181998610496521,1.0223438739776611,2.9319587349891663,4.544532299041748,5.597696900367737
0.5519659519195557,0.6286441087722778,0.8670110702514648,0.5173627138137817,0.518194317817688,1.022365927696228,2.9320338368415833,4.544585347175598,5.597788095474243
0.551980197429657,0.628654956817627,0.8670146465301514,0.5173681974411011,0.5181871652603149,1.0223877429962158,2.93209969997406,4.544622302055359,5.597866773605347
0.5519624948501587,0.6286576390266418,0.8669948577880859,0.5173704624176025,0.5181741118431091,1.0224424600601196,2.9319533705711365,4.544486999511719,5.597893595695496
0.5519779920578003,0.6286637783050537,0.8669999837875366,0.5173720717430115,0.5181640386581421,1.0224566459655762,2.9320362210273743,4.544519782066345,5.597951412200928
0.5519909262657166,0.6286669969558716,0.8670035600662231,0.517371654510498,0.5181519389152527,1.0224705934524536,2.9321065545082092,4.544534683227539,5.5979931354522705
0.5519727468490601,0.6286618113517761,0.8669842481613159,0.5173677802085876,0.5181339979171753,1.0225160121917725,2.931970953941345,4.544380307197571,5.5979835987091064
0.551986575126648,0.6286596059799194,0.866989254951477,0.5173630118370056,0.5181183815002441,1.0225216150283813,2.932058870792389,4.544388055801392,5.597999691963196
0.5519983172416687,0.6286540031433105,0.8669928312301636,0.5173557996749878,0.5181007385253906,1.0225260257720947,2.9321369528770447,4.54437792301178,5.597999691963196
0.5519791841506958,0.6286398768424988,0.8669739961624146,0.5173450112342834,0.5180770754814148,1.022560954093933,2.9320120811462402,4.544200897216797,5.597946643829346
0.5519915223121643,0.6286280751228333,0.8669788837432861,0.517332911491394,0.5180554986000061,1.0225560665130615,2.9321065545082092,4.544181227684021,5.597916841506958
0.5520017147064209,0.6286125183105469,0.8669826984405518,0.517318069934845,0.5180315375328064,1.0225495100021362,2.932193875312805,4.5441436767578125,5.59786856174469
0.5519816875457764,0.6285881996154785,0.8669643402099609,0.517299473285675,0.5180016160011292,1.0225721597671509,2.9320821166038513,4.543941617012024,5.5977654457092285
0.5519921183586121,0.6285656690597534,0.8669689893722534,0.5172790884971619,0.5179732441902161,1.0225557088851929,2.9321840405464172,4.543890357017517,5.597683787345886
0.5520009994506836,0.6285391449928284,0.8669730424880981,0.5172558426856995,0.517942488193512,1.0225361585617065,2.9322820901870728,4.543824791908264,5.597581267356873
0.5519810914993286,0.6285036206245422,0.8669559955596924,0.5172286033630371,0.5179059505462646,1.0225435495376587,2.9321929812431335,4.543601870536804,5.597425699234009
0.5519858598709106,0.6284684538841248,0.8669577836990356,0.5171990990638733,0.517869770526886,1.0225176811218262,2.93227881193161,4.543498754501343,5.597279667854309
0.5520045757293701,0.628432035446167,0.866970419883728,0.5171673893928528,0.5178335309028625,1.0224709510803223,2.9324662685394287,4.54346239566803,5.597134232521057
0.5519676208496094,0.6283814907073975,0.866942286491394,0.5171303749084473,0.5177876353263855,1.022481083869934,2.9322844743728638,4.543127417564392,5.596898198127747
0.5519808530807495,0.6283354759216309,0.8669517040252686,0.5170916318893433,0.5177453756332397,1.0224285125732422,2.9324516654014587,4.543045163154602,5.5967020988464355
0.5519972443580627,0.6282863616943359,0.8669638633728027,0.5170507431030273,0.5177021026611328,1.022367238998413,2.9326465725898743,4.542976021766663,5.596494078636169
0.5519488453865051,0.6282200813293457,0.8669290542602539,0.5170034170150757,0.5176478028297424,1.0223705768585205,2.9324141144752502,4.542559385299683,5.596177577972412
0.55196613073349,0.6281595230102539,0.8669432401657104,0.5169544219970703,0.5175987482070923,1.022292137145996,2.93263703584671,4.542475342750549,5.595915913581848
0.5519724488258362,0.6280941963195801,0.8669499158859253,0.5169031023979187,0.5175475478172302,1.022221326828003,2.93279230594635,4.542332887649536,5.595625042915344
0.5519202947616577,0.6280141472816467,0.866913914680481,0.5168464779853821,0.517486572265625,1.0222094058990479,2.93256014585495,4.541879296302795,5.595240592956543
0.551945686340332,0.6279446482658386,0.866935133934021,0.5167900919914246,0.5174334049224854,1.0221055746078491,2.9328587651252747,4.5418208837509155,5.594934821128845
0.5519190430641174,0.6278644800186157,0.8669182062149048,0.5167307257652283,0.517373263835907,1.0220568180084229,2.9328086972236633,4.541492462158203,5.594555735588074
0.5518746972084045,0.6277757883071899,0.8668886423110962,0.516666829586029,0.5173081159591675,1.0220201015472412,2.9326486587524414,4.541062116622925,5.594128966331482
0.5519057512283325,0.6276983022689819,0.8669148683547974,0.5166038274765015,0.5172511339187622,1.0218944549560547,2.9330039024353027,4.54102098941803,5.593782067298889
0.5518653988838196,0.6276072263717651,0.8668886423110962,0.5165376663208008,0.517185389995575,1.0218462944030762,2.9328790307044983,4.540609121322632,5.5933403968811035
0.551826000213623,0.6275146007537842,0.8668630123138428,0.516469419002533,0.5171177983283997,1.0217934846878052,2.932763993740082,4.540195465087891,5.592888593673706
0.551857054233551,0.6274335384368896,0.8668887615203857,0.5164027214050293,0.5170583128929138,1.0216587781906128,2.933126986026764,4.540145397186279,5.59251606464386
0.5518133640289307,0.6273369193077087,0.8668603897094727,0.5163322687149048,0.5169897675514221,1.0216038227081299,2.9329898953437805,4.539709091186523,5.5920398235321045
0.5517748594284058,0.6272376775741577,0.8668358325958252,0.5162592530250549,0.5169198513031006,1.021536946296692,2.9328948259353638,4.5392924547195435,5.591549873352051
0.5518032908439636,0.6271486282348633,0.8668606281280518,0.516187310218811,0.5168577432632446,1.0213907957077026,2.9332566261291504,4.5392245054244995,5.591133236885071
0.5517564415931702,0.6270437240600586,0.8668308258056641,0.5161120295524597,0.5167868733406067,1.0213249921798706,2.9331138730049133,4.5387667417526245,5.590612888336182
0.5517179369926453,0.6269388198852539,0.8668069839477539,0.516035258769989,0.5167157053947449,1.0212459564208984,2.933031916618347,4.538348913192749,5.590091943740845
0.5517434477806091,0.6268463134765625,0.8668296337127686,0.5159611105918884,0.5166528224945068,1.0210943222045898,2.933380901813507,4.538264870643616,5.589649677276611
0.5516954064369202,0.6267396211624146,0.8667988777160645,0.5158844590187073,0.5165823101997375,1.0210224390029907,2.9332351684570312,4.537804126739502,5.589112639427185
0.5516676306724548,0.6266366243362427,0.8667829036712646,0.5158084034919739,0.5165145397186279,1.0209259986877441,2.9332277178764343,4.537450671195984,5.588597655296326
0.5516774654388428,0.626543402671814,0.8667938709259033,0.5157356262207031,0.516453206539154,1.0207889080047607,2.933468520641327,4.537298083305359,5.588139295578003
0.5516422986984253,0.626444399356842,0.866771936416626,0.5156636834144592,0.5163896679878235,1.0207035541534424,2.933402359485626,4.536923766136169,5.587635040283203
0.5516144037246704,0.6263518333435059,0.8667547702789307,0.5155954957008362,0.5163301825523376,1.0206141471862793,2.9333773255348206,4.536598324775696,5.587161183357239
0.5516190528869629,0.6262702941894531,0.8667606115341187,0.5155319571495056,0.5162776708602905,1.0204929113388062,2.933562695980072,4.536451697349548,5.58674693107605
0.5515875816345215,0.62618488073349,0.866740345954895,0.5154697299003601,0.5162240266799927,1.020414113998413,2.933500111103058,4.5361292362213135,5.58630108833313
0.551559567451477,0.6261053085327148,0.8667217493057251,0.5154113173484802,0.5161741971969604,1.0203362703323364,2.93345183134079,4.5358359813690186,5.585881471633911
0.5515645742416382,0.6260382533073425,0.8667267560958862,0.5153584480285645,0.5161321759223938,1.020227313041687,2.9336166381835938,4.53572690486908,5.585528016090393
0.5515341758728027,0.6259692907333374,0.8667056560516357,0.5153084993362427,0.5160902738571167,1.02016282081604,2.933533489704132,4.535449743270874,5.585153698921204
0.5515071749687195,0.6259077191352844,0.8666864633560181,0.5152634382247925,0.5160528421401978,1.020101547241211,2.9334616661071777,4.535204172134399,5.584812164306641
0.5515141487121582,0.6258592009544373,0.8666911125183105,0.5152239799499512,0.5160233974456787,1.02000892162323,2.9336079955101013,4.535146355628967,5.584540963172913
0.5514858961105347,0.6258080005645752,0.8666701316833496,0.5151869058609009,0.5159932374954224,1.0199602842330933,2.9335084557533264,4.534918665885925,5.584245324134827
0.551459789276123,0.6257625818252563,0.8666501045227051,0.5151535272598267,0.5159664750099182,1.0199147462844849,2.933415472507477,4.534712433815002,5.583975911140442
0.5514692068099976,0.6257292032241821,0.8666552305221558,0.5151246786117554,0.5159464478492737,1.019835114479065,2.93355256319046,4.534698128700256,5.5837708711624146
0.5514421463012695,0.625690221786499,0.8666341304779053,0.5150963068008423,0.5159242749214172,1.019797921180725,2.9334411025047302,4.534503221511841,5.583530068397522
0.5514165163040161,0.6256530284881592,0.8666139841079712,0.5150691866874695,0.5159034132957458,1.019760251045227,2.933337092399597,4.534319043159485,5.583298206329346
0.5514262914657593,0.6256244778633118,0.8666191101074219,0.5150443315505981,0.5158875584602356,1.019684910774231,2.933468222618103,4.534320831298828,5.583116412162781
0.5513994693756104,0.6255876421928406,0.8665981292724609,0.515018105506897,0.5158678293228149,1.019648790359497,2.933354675769806,4.534134864807129,5.582885146141052
0.5513738393783569,0.6255527138710022,0.8665778636932373,0.5149924159049988,0.5158483982086182,1.0196131467819214,2.93324738740921,4.5339566469192505,5.582662224769592
0.5513836145401001,0.625527024269104,0.8665825128555298,0.5149688720703125,0.5158331394195557,1.0195409059524536,2.9333731532096863,4.5339590311050415,5.582491159439087
0.5513575077056885,0.625492513179779,0.8665614128112793,0.5149428844451904,0.515812873840332,1.0195062160491943,2.9332616925239563,4.5337748527526855,5.5822670459747314
0.5513318777084351,0.6254565715789795,0.866540789604187,0.5149155855178833,0.5157914161682129,1.0194692611694336,2.933155596256256,4.533588886260986,5.582035779953003
0.551340639591217,0.6254270076751709,0.8665447235107422,0.5148885250091553,0.5157726407051086,1.0193934440612793,2.93328195810318,4.53357458114624,5.581844449043274
0.5513139367103577,0.6253867149353027,0.8665235042572021,0.5148575901985168,0.5157479047775269,1.0193525552749634,2.9331767559051514,4.533371925354004,5.581591725349426
0.5512877702713013,0.6253461241722107,0.8665025234222412,0.5148255228996277,0.5157214999198914,1.0193103551864624,2.933076024055481,4.533166289329529,5.581334829330444
0.551295816898346,0.6253135204315186,0.8665052652359009,0.5147941708564758,0.5156977772712708,1.0192316770553589,2.9332026839256287,4.533129930496216,5.5811238288879395
0.5512694120407104,0.6252707242965698,0.8664836883544922,0.5147590041160583,0.5156678557395935,1.019187092781067,2.933104634284973,4.532910585403442,5.580853223800659
0.5512428283691406,0.6252255439758301,0.8664621114730835,0.5147215723991394,0.5156357288360596,1.0191397666931152,2.9330095648765564,4.532681703567505,5.580570101737976
0.5512492060661316,0.6251866817474365,0.8664637804031372,0.5146840810775757,0.5156057476997375,1.0190553665161133,2.933136522769928,4.5326167345047,5.5803245306015015
0.5512219667434692,0.6251357793807983,0.8664419651031494,0.5146418213844299,0.5155693292617798,1.0190014839172363,2.9330477118492126,4.532370567321777,5.580012202262878
0.551194429397583,0.6250820159912109,0.8664202690124512,0.5145970582962036,0.5155307650566101,1.0189440250396729,2.93296217918396,4.532116055488586,5.5796849727630615
0.5511966943740845,0.6250341534614563,0.8664194345474243,0.5145525336265564,0.5154942274093628,1.0188530683517456,2.9330775141716003,4.5320093631744385,5.579392313957214
0.5511691570281982,0.6249755620956421,0.8663979768753052,0.5145037174224854,0.5154522061347961,1.0187891721725464,2.933001220226288,4.5317429304122925,5.579041242599487
0.5511411428451538,0.6249150037765503,0.8663761615753174,0.514453113079071,0.5154086351394653,1.018722653388977,2.932925224304199,4.531468749046326,5.578679442405701
0.5511232614517212,0.6248558759689331,0.8663616180419922,0.5144020318984985,0.5153653025627136,1.0186436176300049,2.932918667793274,4.531243443489075,5.578324198722839
0.5510983467102051,0.6247936487197876,0.8663420677185059,0.5143491625785828,0.5153200626373291,1.0185695886611938,2.9328683018684387,4.530978202819824,5.577951669692993
0.5510739088058472,0.6247310638427734,0.8663227558135986,0.5142956376075745,0.5152742862701416,1.0184940099716187,2.9328227043151855,4.5307135581970215,5.577576160430908
0.5510541200637817,0.6246700286865234,0.8663067817687988,0.5142421722412109,0.515228807926178,1.0184129476547241,2.9328081011772156,4.530472159385681,5.577206611633301
0.5510324239730835,0.6246089935302734,0.8662891387939453,0.5141885876655579,0.5151830911636353,1.0183340311050415,2.9327788949012756,4.530220627784729,5.576834678649902
0.5510116219520569,0.6245495080947876,0.86627197265625,0.5141355991363525,0.5151379704475403,1.0182549953460693,2.9327550530433655,4.529974460601807,5.576468110084534
0.5509936809539795,0.624492883682251,0.866256594657898,0.514083743095398,0.5150938630104065,1.0181747674942017,2.932746410369873,4.529745578765869,5.576114058494568
0.5509747862815857,0.6244382858276367,0.8662402629852295,0.5140330195426941,0.5150505304336548,1.0180977582931519,2.932727336883545,4.529513716697693,5.575766563415527
0.5509572625160217,0.6243871450424194,0.8662245273590088,0.5139840841293335,0.5150086879730225,1.0180225372314453,2.932712435722351,4.529293775558472,5.575433969497681
0.5509415864944458,0.6243400573730469,0.8662096261978149,0.5139372944831848,0.5149685144424438,1.0179492235183716,2.9327037930488586,4.529088139533997,5.575118660926819
0.5509259700775146,0.624297022819519,0.8661943674087524,0.5138927102088928,0.5149300694465637,1.0178803205490112,2.932688593864441,4.528887867927551,5.574819445610046
0.5509117841720581,0.6242589950561523,0.8661797046661377,0.51385098695755,0.5148937702178955,1.0178148746490479,2.9326751828193665,4.528700113296509,5.574541687965393
0.5508992075920105,0.6242262125015259,0.8661656379699707,0.5138120651245117,0.5148597955703735,1.0177536010742188,2.932663857936859,4.528527855873108,5.57428777217865
0.5508874654769897,0.6241989731788635,0.8661516904830933,0.513776421546936,0.5148281455039978,1.0176973342895508,2.932649552822113,4.528367519378662,5.574057698249817
0.5508749485015869,0.6241767406463623,0.8661366701126099,0.5137436985969543,0.514798641204834,1.017648458480835,2.932620346546173,4.52820897102356,5.573848485946655
0.5508807897567749,0.6241668462753296,0.8661338090896606,0.5137166976928711,0.514774739742279,1.0175893306732178,2.9326993227005005,4.528155326843262,5.573698878288269
0.550828218460083,0.6241409778594971,0.8660905361175537,0.5136857628822327,0.5147436857223511,1.0175901651382446,2.9323947429656982,4.527801275253296,5.573462247848511
0.5509123802185059,0.6241719722747803,0.8661401271820068,0.5136758089065552,0.5147377252578735,1.0174742937088013,2.9329541325569153,4.528176784515381,5.573516488075256
0.5508217215538025,0.6241429448127747,0.8660701513290405,0.5136470794677734,0.5147061944007874,1.0175238847732544,2.932386100292206,4.527639150619507,5.573256611824036
0.5508209466934204,0.6241545677185059,0.866060733795166,0.5136337876319885,0.514691948890686,1.0175000429153442,2.9323810338974,4.5275843143463135,5.573200583457947
0.5509662628173828,0.6242294311523438,0.8661507368087769,0.5136447548866272,0.5147058963775635,1.0173547267913818,2.9332956671714783,4.528312087059021,5.573468208312988
0.5508270859718323,0.6241990327835083,0.8660473823547363,0.51362144947052,0.5146759152412415,1.0174704790115356,2.9323872923851013,4.5275503396987915,5.573195219039917
0.5508437752723694,0.6242361068725586,0.86604905128479,0.5136231184005737,0.514674723148346,1.0174552202224731,2.9324600100517273,4.527618885040283,5.573262572288513
0.5509994029998779,0.6243345737457275,0.8661450147628784,0.513648509979248,0.5147008299827576,1.0173263549804688,2.933405041694641,4.528434872627258,5.573643445968628
0.5508568286895752,0.6243175268173218,0.8660396337509155,0.5136353969573975,0.5146794319152832,1.0174647569656372,2.9324492812156677,4.527684450149536,5.573437213897705
0.550870418548584,0.6243691444396973,0.8660392761230469,0.5136480331420898,0.5146874785423279,1.0174733400344849,2.9324743151664734,4.527768492698669,5.5735766887664795
0.5510345697402954,0.6244874000549316,0.8661407232284546,0.51368647813797,0.5147249102592468,1.0173588991165161,2.933444082736969,4.528660774230957,5.574055314064026
0.5508938431739807,0.6244820952415466,0.8660374879837036,0.5136826634407043,0.5147123336791992,1.0175118446350098,2.932480275630951,4.527948498725891,5.573914051055908
0.550902783870697,0.6245436072349548,0.8660346269607544,0.5137043595314026,0.5147285461425781,1.0175412893295288,2.9324540495872498,4.528036713600159,5.5741071701049805
0.5510505437850952,0.6246671080589294,0.8661258220672607,0.5137500166893005,0.5147718787193298,1.0174579620361328,2.933298647403717,4.528870582580566,5.574616193771362
0.5509214401245117,0.6246734261512756,0.8660316467285156,0.5137548446655273,0.5147684216499329,1.0176116228103638,2.9323944449424744,4.528243541717529,5.574541091918945
0.550922155380249,0.6247390508651733,0.8660244941711426,0.5137826204299927,0.5147905945777893,1.0176597833633423,2.932302951812744,4.5283132791519165,5.574762225151062
0.5511047840118408,0.6248862147331238,0.8661401271820068,0.5138416886329651,0.5148478150367737,1.0175604820251465,2.9333505034446716,4.529358148574829,5.57539701461792
0.5509817004203796,0.6248990297317505,0.8660519123077393,0.5138527750968933,0.5148515701293945,1.0177170038223267,2.932477295398712,4.528783559799194,5.575367212295532
0.5510023236274719,0.624977707862854,0.8660600185394287,0.513889491558075,0.5148836970329285,1.0177572965621948,2.932501435279846,4.528981447219849,5.575667023658752
0.5510721206665039,0.6250797510147095,0.8661017417907715,0.5139361619949341,0.5149269104003906,1.0177602767944336,2.932831346988678,4.529447555541992,5.576087236404419
0.5510432720184326,0.6251376867294312,0.8660781383514404,0.5139676928520203,0.5149536728858948,1.017845630645752,2.9325416684150696,4.529393911361694,5.576293468475342
0.5510424375534058,0.625210165977478,0.866073489189148,0.5140060782432556,0.5149876475334167,1.0179107189178467,2.93242484331131,4.529498219490051,5.576575398445129
0.5510857105255127,0.6253046989440918,0.8660989999771118,0.5140541791915894,0.5150324106216431,1.0179438591003418,2.932579219341278,4.529845118522644,5.5769699811935425
0.551082968711853,0.6253795027732849,0.8660942316055298,0.5140964388847351,0.5150706171989441,1.0180168151855469,2.93244332075119,4.529953598976135,5.5772703886032104
0.5510826706886292,0.6254576444625854,0.8660913705825806,0.5141414999961853,0.5151118040084839,1.0180915594100952,2.9323187470436096,4.530084133148193,5.577590465545654
0.5511252880096436,0.625558614730835,0.8661175966262817,0.5141971111297607,0.5151640176773071,1.0181366205215454,2.9324549436569214,4.530453085899353,5.578027963638306
0.5511282086372375,0.6256428956985474,0.8661177158355713,0.5142478942871094,0.5152108073234558,1.0182167291641235,2.9323410987854004,4.530618190765381,5.5783867835998535
0.5511327385902405,0.6257306933403015,0.8661191463470459,0.5143018364906311,0.5152606964111328,1.0183000564575195,2.93223112821579,4.530799984931946,5.578765869140625
0.5511783957481384,0.625841498374939,0.8661481142044067,0.5143663883209229,0.5153214931488037,1.018356442451477,2.932370603084564,4.5312124490737915,5.579261779785156
0.5511842966079712,0.6259357333183289,0.866150975227356,0.5144264101982117,0.5153770446777344,1.0184484720230103,2.932257652282715,4.531420469284058,5.579679012298584
0.5511928200721741,0.6260347366333008,0.8661556243896484,0.5144901871681213,0.5154361128807068,1.0185439586639404,2.9321539402008057,4.531651735305786,5.580123662948608
0.5512421727180481,0.6261576414108276,0.866187572479248,0.5145652294158936,0.5155063271522522,1.0186139345169067,2.932296097278595,4.532113075256348,5.580688118934631
0.551251232624054,0.6262633800506592,0.8661929368972778,0.5146353244781494,0.5155711770057678,1.0187197923660278,2.9321828484535217,4.532365798950195,5.581172704696655
0.5512636303901672,0.626374363899231,0.8662005662918091,0.51470947265625,0.5156394839286804,1.0188288688659668,2.932082414627075,4.53264594078064,5.581685304641724
0.5513152480125427,0.6265085935592651,0.866234302520752,0.5147944688796997,0.5157185196876526,1.0189141035079956,2.932218015193939,4.533147215843201,5.5823153257369995
0.551328182220459,0.6266258358955383,0.866242527961731,0.5148743987083435,0.5157918930053711,1.0190330743789673,2.932109534740448,4.533447027206421,5.582864880561829
0.551355242729187,0.6267532110214233,0.8662601709365845,0.5149601101875305,0.5158706307411194,1.0191468000411987,2.932080924510956,4.533830285072327,5.583469271659851
0.5513944029808044,0.6268893480300903,0.866286039352417,0.5150507688522339,0.5159540772438049,1.0192562341690063,2.932122051715851,4.534286260604858,5.584118366241455
0.5514225363731384,0.6270217299461365,0.8663046360015869,0.5151414275169373,0.5160372257232666,1.0193779468536377,2.9320907592773438,4.53468918800354,5.5847543478012085
0.5514529347419739,0.6271569132804871,0.8663250207901001,0.5152345299720764,0.5161224603652954,1.0195016860961914,2.9320695996284485,4.535109996795654,5.5854082107543945
0.5514865517616272,0.6272953152656555,0.8663476705551147,0.5153300762176514,0.5162099003791809,1.0196266174316406,2.9320645332336426,4.535553455352783,5.586081147193909
0.5515182018280029,0.6274335384368896,0.866369366645813,0.5154266357421875,0.5162981748580933,1.0197559595108032,2.932044565677643,4.535989165306091,5.586758255958557
0.5515496730804443,0.6275724172592163,0.8663910627365112,0.5155245065689087,0.5163874626159668,1.0198880434036255,2.9320213198661804,4.53642725944519,5.587441921234131
0.5515824556350708,0.6277123689651489,0.8664137125015259,0.5156235694885254,0.5164777040481567,1.0200212001800537,2.9320046305656433,4.536875486373901,5.588135123252869
0.5516144037246704,0.6278519630432129,0.8664361238479614,0.5157232284545898,0.5165684223175049,1.0201573371887207,2.931980788707733,4.5373207330703735,5.588831305503845
0.5516461133956909,0.6279914379119873,0.8664586544036865,0.5158234238624573,0.5166594386100769,1.0202951431274414,2.9319551587104797,4.537765979766846,5.5895304679870605
0.5516780018806458,0.6281307935714722,0.8664814233779907,0.5159242153167725,0.5167507529258728,1.0204343795776367,2.931930422782898,4.538212418556213,5.59023380279541
0.551710307598114,0.6282700300216675,0.8665045499801636,0.5160253643989563,0.5168423652648926,1.0205748081207275,2.9319074749946594,4.53866183757782,5.5909401178359985
0.5517417788505554,0.6284084320068359,0.8665275573730469,0.5161266326904297,0.5169336795806885,1.020716905593872,2.9318785667419434,4.5391058921813965,5.591645836830139
0.5517733693122864,0.628546416759491,0.8665503263473511,0.5162279009819031,0.51702481508255,1.0208604335784912,2.931850254535675,4.539548754692078,5.592352747917175
0.5518050789833069,0.6286839246749878,0.8665735721588135,0.5163293480873108,0.5171158313751221,1.0210047960281372,2.9318231344223022,4.5399922132492065,5.593061447143555
0.5518362522125244,0.628820538520813,0.8665964603424072,0.5164306163787842,0.5172063112258911,1.0211507081985474,2.931792438030243,4.540431499481201,5.593768954277039
0.5518671870231628,0.6289564371109009,0.866619348526001,0.516531765460968,0.5172962546348572,1.0212976932525635,2.931760549545288,4.540867209434509,5.59447705745697
0.5518986582756042,0.6290919184684753,0.8666424751281738,0.5166327953338623,0.5173858404159546,1.021445393562317,2.931731641292572,4.541302919387817,5.595185160636902
0.551928699016571,0.6292258501052856,0.8666647672653198,0.5167331099510193,0.5174744129180908,1.021594524383545,2.931695282459259,4.541729688644409,5.595889091491699
0.551958441734314,0.6293584108352661,0.8666870594024658,0.5168327689170837,0.5175619721412659,1.0217442512512207,2.9316577315330505,4.542150497436523,5.596588850021362
0.5519892573356628,0.6294902563095093,0.8667099475860596,0.5169317722320557,0.5176485180854797,1.0218932628631592,2.9316291213035583,4.5425719022750854,5.597288608551025
0.5520100593566895,0.629613995552063,0.8667265176773071,0.5170272588729858,0.5177315473556519,1.0220478773117065,2.9315418004989624,4.542934894561768,5.597952604293823
0.5520505309104919,0.629746675491333,0.8667559623718262,0.5171250104904175,0.5178161859512329,1.0221883058547974,2.9315778613090515,4.543395042419434,5.598661303520203
0.5520628094673157,0.6298587322235107,0.866767168045044,0.5172131061553955,0.5178913474082947,1.0223438739776611,2.9314497113227844,4.5436906814575195,5.599273443222046
0.5520890355110168,0.6299729943275452,0.8667881488800049,0.5173002481460571,0.5179654955863953,1.0224848985671997,2.9314160346984863,4.544047713279724,5.599900484085083
0.5521300435066223,0.6300888061523438,0.8668191432952881,0.5173850655555725,0.5180370211601257,1.0226103067398071,2.931484282016754,4.5444655418396,5.60053825378418
0.5521296858787537,0.6301705837249756,0.8668240308761597,0.5174534916877747,0.5180938243865967,1.022752046585083,2.9313185811042786,4.5446401834487915,5.601016283035278
0.5521611571311951,0.6302614212036133,0.8668510913848877,0.5175226330757141,0.5181517601013184,1.0228632688522339,2.9313629865646362,4.544967412948608,5.601544380187988
0.5521965622901917,0.6303451657295227,0.866881251335144,0.5175850987434387,0.5182029008865356,1.0229631662368774,2.9314470291137695,4.545291066169739,5.602041482925415
0.5521909594535828,0.6303934454917908,0.866885781288147,0.5176301598548889,0.5182387828826904,1.0230762958526611,2.9313036799430847,4.5453715324401855,5.6023722887039185
0.5522211790084839,0.6304522752761841,0.8669149875640869,0.5176764726638794,0.5182763934135437,1.0231555700302124,2.931394875049591,4.5456260442733765,5.602760910987854
0.552253007888794,0.6305033564567566,0.8669459819793701,0.5177159905433655,0.5183074474334717,1.0232245922088623,2.931511700153351,4.545866847038269,5.603112578392029
0.5522410869598389,0.6305180788040161,0.8669495582580566,0.5177384614944458,0.5183237791061401,1.0233091115951538,2.93138325214386,4.545854330062866,5.603295564651489
0.5522695779800415,0.6305481195449829,0.8669806718826294,0.5177646279335022,0.5183443427085876,1.0233584642410278,2.9315143823623657,4.546045660972595,5.60355544090271
0.5522971153259277,0.6305711269378662,0.8670114278793335,0.5177851915359497,0.5183594822883606,1.0234013795852661,2.9316508769989014,4.54621434211731,5.603782534599304
0.5522803664207458,0.6305612325668335,0.8670138120651245,0.5177910923957825,0.5183619260787964,1.0234638452529907,2.9315322637557983,4.546133875846863,5.603853464126587
0.5523086786270142,0.6305733919143677,0.8670463562011719,0.5178045630455017,0.51837158203125,1.0234923362731934,2.9316937923431396,4.546289443969727,5.604031682014465
0.5523324608802795,0.630579948425293,0.8670758008956909,0.517814040184021,0.5183773636817932,1.0235202312469482,2.931833863258362,4.546411037445068,5.604182481765747
0.5523132085800171,0.6305566430091858,0.8670775890350342,0.517811119556427,0.518372654914856,1.0235687494277954,2.931722104549408,4.546295404434204,5.604190230369568
0.5523452758789062,0.6305610537528992,0.8671133518218994,0.5178189277648926,0.5183785557746887,1.0235817432403564,2.9319247603416443,4.546457529067993,5.604332685470581
0.552352249622345,0.6305497288703918,0.8671324253082275,0.5178201794624329,0.5183782577514648,1.023608684539795,2.9319778084754944,4.546481966972351,5.604398846626282
0.5523448586463928,0.6305313110351562,0.867141604423523,0.5178186893463135,0.5183753371238708,1.023645281791687,2.931942045688629,4.546429514884949,5.604426860809326
0.5523808002471924,0.6305399537086487,0.8671787977218628,0.5178284049034119,0.5183827877044678,1.023655891418457,2.9321643710136414,4.5466148853302,5.604584217071533
0.5523817539215088,0.6305292248725891,0.8671929836273193,0.517831027507782,0.5183836221694946,1.0236891508102417,2.932174801826477,4.546615481376648,5.604645609855652
0.5523809790611267,0.630519688129425,0.8672052621841431,0.5178347826004028,0.5183855891227722,1.023725152015686,2.932170331478119,4.546610713005066,5.604710578918457
0.5523920059204102,0.6305205821990967,0.8672248125076294,0.5178437232971191,0.5183922052383423,1.0237568616867065,2.932230830192566,4.546677470207214,5.6048232316970825
0.5523965954780579,0.6305217146873474,0.867239236831665,0.5178542137145996,0.5183998942375183,1.0237964391708374,2.932245135307312,4.546717405319214,5.604934096336365
0.5524018406867981,0.6305273175239563,0.8672536611557007,0.5178677439689636,0.5184103846549988,1.0238398313522339,2.932256758213043,4.5467692613601685,5.605064034461975
0.5524110198020935,0.6305400133132935,0.86726975440979,0.517885684967041,0.5184245705604553,1.0238853693008423,2.9322829842567444,4.546852707862854,5.605224370956421
0.5524202585220337,0.6305583715438843,0.867284893989563,0.5179076194763184,0.5184420347213745,1.0239372253417969,2.9322990775108337,4.546946287155151,5.60541033744812
0.552431583404541,0.6305832862854004,0.8673008680343628,0.5179338455200195,0.518463134765625,1.0239932537078857,2.9323187470436096,4.547062516212463,5.6056225299835205
0.5524441003799438,0.6306139826774597,0.867316722869873,0.5179641246795654,0.5184876322746277,1.024053931236267,2.9323366284370422,4.547194838523865,5.60586154460907
0.5524578094482422,0.6306508779525757,0.8673326969146729,0.5179985165596008,0.5185155868530273,1.0241199731826782,2.932351231575012,4.547344446182251,5.606127977371216
0.5524741411209106,0.6306953430175781,0.8673492670059204,0.5180376768112183,0.5185471773147583,1.0241916179656982,2.9323703050613403,4.547517895698547,5.606427192687988
0.552490234375,0.630746066570282,0.8673646450042725,0.5180809497833252,0.5185818076133728,1.0242705345153809,2.9323771595954895,4.547699689865112,5.606753826141357
0.5525097846984863,0.630804181098938,0.8673814535140991,0.5181285738945007,0.5186195969581604,1.0243539810180664,2.9323938488960266,4.547907114028931,5.6071120500564575
0.5525298118591309,0.6308674216270447,0.8673977851867676,0.5181794166564941,0.5186598896980286,1.0244425535202026,2.9324057698249817,4.548125863075256,5.60749351978302
0.5525482296943665,0.6309337615966797,0.8674124479293823,0.5182325839996338,0.5187016725540161,1.0245378017425537,2.9323992133140564,4.548340439796448,5.607888102531433
0.5525892376899719,0.6310167908668518,0.8674412965774536,0.5182931423187256,0.5187496542930603,1.0246230363845825,2.932523190975189,4.548681974411011,5.608362555503845
0.5526025891304016,0.6310847401618958,0.8674519062042236,0.5183485150337219,0.5187927484512329,1.024727463722229,2.932477295398712,4.548876881599426,5.608764886856079
0.5526173710823059,0.6311546564102173,0.867463231086731,0.5184049606323242,0.518836498260498,1.024832844734192,2.9324382543563843,4.549080729484558,5.6091755628585815
0.5526655316352844,0.631244957447052,0.8674963712692261,0.518469512462616,0.5188873410224915,1.0249191522598267,2.932598292827606,4.549463987350464,5.609686970710754
0.5526751279830933,0.6313108205795288,0.8675044775009155,0.5185244679450989,0.5189296007156372,1.025027871131897,2.932528853416443,4.549638032913208,5.61008095741272
0.5526859164237976,0.6313750147819519,0.8675134181976318,0.518578290939331,0.5189709663391113,1.025133490562439,2.932470142841339,4.549815058708191,5.610470175743103
0.5527334213256836,0.6314581036567688,0.8675470352172852,0.5186387300491333,0.5190185308456421,1.0252141952514648,2.9326382279396057,4.550185799598694,5.6109535694122314
0.5527399778366089,0.6315117478370667,0.8675545454025269,0.5186870694160461,0.5190557241439819,1.025314450263977,2.932567298412323,4.55033004283905,5.611298680305481
0.552747368812561,0.6315603852272034,0.8675636053085327,0.5187322497367859,0.5190905332565308,1.0254080295562744,2.932511568069458,4.55047070980072,5.611623525619507
0.5527908802032471,0.6316242218017578,0.8675971031188965,0.5187819600105286,0.5191299915313721,1.0254731178283691,2.9326847195625305,4.550796151161194,5.612027645111084
0.5527940988540649,0.6316561698913574,0.8676053285598755,0.5188178420066833,0.519158124923706,1.025553822517395,2.9326283931732178,4.550896883010864,5.612281560897827
0.5527969598770142,0.6316792964935303,0.8676145076751709,0.5188486576080322,0.519182562828064,1.0256248712539673,2.9325854778289795,4.550985097885132,5.612500309944153
0.5528348684310913,0.631714403629303,0.8676480054855347,0.5188819766044617,0.5192101001739502,1.0256644487380981,2.9327693581581116,4.551249146461487,5.612781643867493
0.5528329610824585,0.6317154169082642,0.8676570653915405,0.5189002752304077,0.5192255973815918,1.0257161855697632,2.932732403278351,4.551287889480591,5.6129056215286255
0.5528305172920227,0.6317052841186523,0.8676671981811523,0.5189120173454285,0.5192365050315857,1.025755524635315,2.9327112436294556,4.55130934715271,5.612982511520386
0.5528602600097656,0.6317033171653748,0.8676998615264893,0.518924355506897,0.5192489624023438,1.0257624387741089,2.93290376663208,4.551489353179932,5.613104701042175
0.5528562068939209,0.6316695213317871,0.8677120208740234,0.5189222693443298,0.5192502737045288,1.0257759094238281,2.932913601398468,4.551475644111633,5.61307966709137
0.5528439283370972,0.6316191554069519,0.867720365524292,0.5189113020896912,0.5192450284957886,1.0257798433303833,2.9328948259353638,4.551402926445007,5.612981915473938
0.552864670753479,0.6315767765045166,0.8677517175674438,0.5189005136489868,0.5192410945892334,1.025749683380127,2.9330962896347046,4.551491737365723,5.612927079200745
0.5528749227523804,0.6315165758132935,0.8677778244018555,0.5188806653022766,0.5192306041717529,1.0257116556167603,2.933255434036255,4.5515114068984985,5.612793564796448
0.5528479814529419,0.6314233541488647,0.8677805662155151,0.5188460350036621,0.519208550453186,1.0256820917129517,2.933209240436554,4.551319479942322,5.612503290176392
0.5528569221496582,0.631340503692627,0.8678079843521118,0.5188125967979431,0.5191885828971863,1.0256168842315674,2.933399975299835,4.551304578781128,5.612267851829529
0.5528609752655029,0.6312448978424072,0.8678333759307861,0.5187721252441406,0.5191637277603149,1.0255416631698608,2.933579981327057,4.551253318786621,5.611973404884338
0.5528233647346497,0.6311154365539551,0.8678320646286011,0.5187169909477234,0.5191271901130676,1.0254793167114258,2.9335233569145203,4.550967812538147,5.611517429351807
0.5528221726417542,0.6309990882873535,0.8678553104400635,0.5186644196510315,0.5190936326980591,1.0253828763961792,2.933703362941742,4.550865292549133,5.611125230789185
0.5528178215026855,0.6308733224868774,0.8678767681121826,0.5186065435409546,0.5190563201904297,1.025278091430664,2.93387770652771,4.550737142562866,5.610688924789429
0.5527719855308533,0.6307169795036316,0.8678712844848633,0.5185357928276062,0.5190085768699646,1.0251888036727905,2.9338130354881287,4.550380706787109,5.610102415084839
0.5527631640434265,0.6305767297744751,0.8678897619247437,0.5184690356254578,0.5189647078514099,1.0250681638717651,2.9339823126792908,4.550211429595947,5.6095921993255615
0.5527522563934326,0.6304306983947754,0.8679068088531494,0.5183988809585571,0.5189182162284851,1.0249412059783936,2.9341477155685425,4.550025463104248,5.609050989151001
0.552700400352478,0.6302571892738342,0.867896318435669,0.5183175206184387,0.5188624858856201,1.0248329639434814,2.934071719646454,4.549616575241089,5.608372092247009
0.5526859164237976,0.6301027536392212,0.8679097890853882,0.5182415843009949,0.5188112854957581,1.024695873260498,2.9342278838157654,4.5493996143341064,5.607780814170837
0.5526711344718933,0.629946231842041,0.8679224252700806,0.5181639790534973,0.5187586545944214,1.0245543718338013,2.934386432170868,4.5491766929626465,5.607174634933472
0.5526140928268433,0.6297637820243835,0.8679063320159912,0.5180761218070984,0.5186973214149475,1.024435043334961,2.9342907667160034,4.548726677894592,5.606436729431152
0.5525965690612793,0.6296035647392273,0.867915153503418,0.5179951786994934,0.5186412930488586,1.0242879390716553,2.934437394142151,4.548479914665222,5.605798363685608
0.5525784492492676,0.6294428110122681,0.8679225444793701,0.5179132223129272,0.5185841917991638,1.0241386890411377,2.9345810413360596,4.548227787017822,5.605152249336243
0.5525206327438354,0.6292591094970703,0.8679027557373047,0.5178224444389343,0.5185193419456482,1.0240113735198975,2.9344844818115234,4.547762870788574,5.604387521743774
0.5525000095367432,0.6290972828865051,0.8679060935974121,0.5177383422851562,0.5184595584869385,1.0238593816757202,2.9346132278442383,4.547489881515503,5.603720545768738
0.5524771213531494,0.6289345026016235,0.867906928062439,0.5176531672477722,0.5183984637260437,1.0237069129943848,2.9347285628318787,4.547201991081238,5.603041648864746
0.5524452924728394,0.6287672519683838,0.8679007291793823,0.5175656676292419,0.5183348655700684,1.023558497428894,2.934788763523102,4.546863436698914,5.60233473777771
0.5524153113365173,0.6286014318466187,0.8678944110870361,0.517477810382843,0.5182704925537109,1.0234075784683228,2.9348593950271606,4.546530842781067,5.601626038551331
0.5523871779441833,0.6284373998641968,0.867888331413269,0.517389714717865,0.5182051658630371,1.0232539176940918,2.934940755367279,4.54620361328125,5.60092031955719
0.5523536205291748,0.6282709240913391,0.8678776025772095,0.5172996520996094,0.5181376338005066,1.0231024026870728,2.934989631175995,4.545844793319702,5.60019314289093
0.5523197650909424,0.628104567527771,0.8678653240203857,0.5172085762023926,0.5180685520172119,1.0229496955871582,2.935035526752472,4.545477628707886,5.599460005760193
0.5522853136062622,0.6279382109642029,0.867851734161377,0.5171162486076355,0.517997682094574,1.0227954387664795,2.935078740119934,4.545102119445801,5.5987197160720825
0.5522505044937134,0.6277722120285034,0.867836594581604,0.5170227289199829,0.5179250240325928,1.0226402282714844,2.9351186752319336,4.5447176694869995,5.597972273826599
0.5522129535675049,0.6276048421859741,0.8678187131881714,0.5169273614883423,0.5178499221801758,1.0224850177764893,2.9351431131362915,4.544313549995422,5.597211718559265
0.5521743297576904,0.6274360418319702,0.8677991628646851,0.5168298482894897,0.5177725553512573,1.0223276615142822,2.9351630806922913,4.543895125389099,5.596436858177185
0.5521376132965088,0.6272674798965454,0.8677798509597778,0.5167306661605835,0.5176929831504822,1.0221658945083618,2.9351970553398132,4.543478488922119,5.595654845237732
0.5520971417427063,0.6270955801010132,0.8677573204040527,0.5166288018226624,0.5176106691360474,1.022003412246704,2.93520987033844,4.5430344343185425,5.594851970672607
0.5520557165145874,0.6269217133522034,0.8677334785461426,0.5165243744850159,0.5175256729125977,1.0218374729156494,2.935221493244171,4.542578458786011,5.594031810760498
0.5520144701004028,0.6267459392547607,0.8677090406417847,0.5164174437522888,0.5174382328987122,1.0216670036315918,2.9352381825447083,4.5421141386032104,5.593196749687195
0.551971435546875,0.6265671253204346,0.8676828145980835,0.5163077712059021,0.5173481702804565,1.0214930772781372,2.935248911380768,4.541633129119873,5.592341423034668
0.5519264340400696,0.6263846158981323,0.8676548004150391,0.5161949992179871,0.5172552466392517,1.021315097808838,2.9352521896362305,4.5411330461502075,5.591462850570679
0.5518806576728821,0.626198947429657,0.8676257133483887,0.5160791873931885,0.5171597599983215,1.021131992340088,2.9352572560310364,4.540621042251587,5.59056282043457
0.5518336296081543,0.6260100603103638,0.8675954341888428,0.5159605145454407,0.5170616507530212,1.0209442377090454,2.9352596402168274,4.54009473323822,5.589641332626343
0.551783561706543,0.6258163452148438,0.8675626516342163,0.5158382654190063,0.5169605612754822,1.0207520723342896,2.9352501034736633,4.539544582366943,5.588691234588623
0.5517362952232361,0.6256216764450073,0.8675312995910645,0.5157139301300049,0.5168578028678894,1.020552635192871,2.935263216495514,4.539002180099487,5.5877310037612915
0.5516653656959534,0.625409722328186,0.8674842119216919,0.5155817866325378,0.5167485475540161,1.020361065864563,2.9351404309272766,4.53832745552063,5.58668315410614
0.5516676902770996,0.6252397298812866,0.8674838542938232,0.5154626965522766,0.5166499018669128,1.0201207399368286,2.9354622960090637,4.538031220436096,5.5858272314071655
0.5515275597572327,0.6249836087226868,0.8673909902572632,0.5153127908706665,0.5165265202522278,1.0199617147445679,2.9349297285079956,4.536985754966736,5.584556460380554
0.5515164732933044,0.6247975826263428,0.86738121509552,0.5151839256286621,0.5164200067520142,1.0197139978408813,2.935187518596649,4.536601305007935,5.583614706993103
0.5515111088752747,0.624616801738739,0.8673746585845947,0.5150576829910278,0.5163163542747498,1.0194623470306396,2.9354771971702576,4.5362550020217896,5.582692623138428
0.5512896180152893,0.6243070363998413,0.8672283887863159,0.5148863792419434,0.5161770582199097,1.0193367004394531,2.9344671964645386,4.534777402877808,5.581148862838745
0.5513144731521606,0.624133825302124,0.867240309715271,0.5147576928138733,0.5160715579986572,1.019047498703003,2.9349595308303833,4.534565806388855,5.5802494287490845
0.551306962966919,0.6239454746246338,0.8672311305999756,0.5146258473396301,0.515964686870575,1.0187797546386719,2.9352501034736633,4.534200429916382,5.579273700714111
0.5511156320571899,0.6236492395401001,0.8671032190322876,0.5144571661949158,0.5158290863037109,1.018621563911438,2.9344332218170166,4.532878398895264,5.57778000831604
0.5510777831077576,0.6234356164932251,0.8670731782913208,0.5143125653266907,0.5157121419906616,1.0183568000793457,2.93455570936203,4.532337188720703,5.5766695737838745
0.5511376857757568,0.6232830286026001,0.8671056032180786,0.5141906142234802,0.5156142115592957,1.0180336236953735,2.935262620449066,4.532318711280823,5.575846433639526
0.550909698009491,0.6229667663574219,0.8669523000717163,0.5140148401260376,0.5154742002487183,1.0178908109664917,2.9342249035835266,4.530811905860901,5.574240684509277
0.5509143471717834,0.6227836608886719,0.8669470548629761,0.5138810276985168,0.5153666138648987,1.0175976753234863,2.934596836566925,4.530501961708069,5.573254823684692
0.5509235858917236,0.6226123571395874,0.8669437170028687,0.5137545466423035,0.5152653455734253,1.0173105001449585,2.934981882572174,4.530235528945923,5.572320818901062
0.5506922602653503,0.6223066449165344,0.866784930229187,0.5135838985443115,0.5151289105415344,1.0171769857406616,2.933904230594635,4.5287251472473145,5.570740103721619
0.550747811794281,0.6221700310707092,0.8668084144592285,0.5134689211845398,0.5150356292724609,1.0168650150299072,2.934556305408478,4.528700113296509,5.56995153427124
0.5507140159606934,0.6219946146011353,0.8667736053466797,0.5133459568023682,0.5149370431900024,1.0166230201721191,2.934645414352417,4.528239369392395,5.568975210189819
0.5504882335662842,0.6217159032821655,0.8666142225265503,0.5131898522377014,0.514811635017395,1.0165081024169922,2.9335632920265198,4.526790976524353,5.567499995231628
0.5505669116973877,0.6216212511062622,0.8666481971740723,0.5130968689918518,0.5147356986999512,1.016209602355957,2.9343068599700928,4.526932239532471,5.566888451576233
0.5505273938179016,0.6214755773544312,0.8666055202484131,0.512994110584259,0.5146536231040955,1.0160053968429565,2.9343056678771973,4.526499509811401,5.566032528877258
0.550312876701355,0.6212420463562012,0.8664491176605225,0.5128655433654785,0.5145503878593445,1.015925645828247,2.933224141597748,4.52517569065094,5.564752817153931
0.5504001379013062,0.6211948394775391,0.8664838075637817,0.5128024816513062,0.5144988298416138,1.0156688690185547,2.93394535779953,4.525436758995056,5.564347505569458
0.550368070602417,0.6210972666740417,0.8664416074752808,0.5127304196357727,0.5144414901733398,1.015509843826294,2.933913469314575,4.525119662284851,5.5637043714523315
0.5501741170883179,0.6209206581115723,0.8662941455841064,0.5126357078552246,0.5143652558326721,1.0154696702957153,2.9328781366348267,4.523981809616089,5.562679767608643
0.5502609610557556,0.6209183931350708,0.8663243055343628,0.5126025080680847,0.5143372416496277,1.0152664184570312,2.9335179924964905,4.524316191673279,5.562472939491272
0.5502172112464905,0.6208580732345581,0.8662705421447754,0.5125567317008972,0.5143000483512878,1.0151675939559937,2.9333385825157166,4.5240092277526855,5.56199312210083
0.5501230955123901,0.6207826733589172,0.8661831617355347,0.5125100612640381,0.5142614841461182,1.0151180028915405,2.9328298568725586,4.5234614610672,5.561438202857971
0.5501269698143005,0.6207773685455322,0.8661566972732544,0.5124902725219727,0.5142431855201721,1.0150234699249268,2.93288916349411,4.523437023162842,5.561209321022034
0.5501178503036499,0.6207790374755859,0.8661209344863892,0.5124771595001221,0.5142297148704529,1.014955997467041,2.9328450560569763,4.523367285728455,5.561011433601379
0.5500618815422058,0.6207656860351562,0.8660542964935303,0.5124623775482178,0.5142141580581665,1.0149339437484741,2.9324957728385925,4.523069858551025,5.560740828514099
0.5500588417053223,0.6207930445671082,0.8660204410552979,0.5124638080596924,0.5142106413841248,1.0148921012878418,2.932448089122772,4.523059129714966,5.560659766197205
0.550058126449585,0.620832085609436,0.8659875392913818,0.5124718546867371,0.5142116546630859,1.0148632526397705,2.9323962330818176,4.523072242736816,5.560634732246399
0.5500183701515198,0.6208572387695312,0.8659290075302124,0.512477457523346,0.5142096877098083,1.0148710012435913,2.9320934414863586,4.522891640663147,5.560542345046997
0.5500224232673645,0.620915412902832,0.8658976554870605,0.5124954581260681,0.5142166018486023,1.0148625373840332,2.9320403933525085,4.522944092750549,5.560604929924011
0.5500267744064331,0.6209813356399536,0.8658660650253296,0.5125176310539246,0.5142257213592529,1.0148650407791138,2.931976020336151,4.523003101348877,5.560703873634338
0.5500013828277588,0.6210362911224365,0.8658151626586914,0.5125369429588318,0.5142315626144409,1.0148955583572388,2.9317203164100647,4.522910714149475,5.560749769210815
0.5500103235244751,0.6211158037185669,0.8657857179641724,0.512565016746521,0.5142432451248169,1.014912486076355,2.931663691997528,4.522996544837952,5.560912489891052
0.5500112771987915,0.6211951375007629,0.8657511472702026,0.5125934481620789,0.5142542123794556,1.014941692352295,2.9315513372421265,4.5230406522750854,5.561074614524841
0.5500082969665527,0.6212755441665649,0.8657140731811523,0.5126221776008606,0.5142645239830017,1.0149797201156616,2.9314085841178894,4.5230633020401,5.561242699623108
0.5500184893608093,0.6213655471801758,0.8656854629516602,0.5126541256904602,0.5142765045166016,1.015013575553894,2.931341230869293,4.523151516914368,5.561457276344299
0.5500142574310303,0.6214498281478882,0.8656476736068726,0.5126835107803345,0.5142852663993835,1.0150619745254517,2.931182086467743,4.523158669471741,5.561645030975342
0.5500388145446777,0.6215505599975586,0.8656288385391235,0.5127179622650146,0.5142977237701416,1.0150935649871826,2.931196689605713,4.523313045501709,5.561914443969727
0.5500423908233643,0.6216399073600769,0.8655968904495239,0.5127478837966919,0.5143058896064758,1.0151416063308716,2.9310834407806396,4.5233529806137085,5.562130808830261
0.5500437021255493,0.6217291355133057,0.8655637502670288,0.5127767324447632,0.5143121480941772,1.015194296836853,2.930953800678253,4.523374438285828,5.562347173690796
0.5500787496566772,0.6218355894088745,0.8655530214309692,0.5128107666969299,0.5143227577209473,1.0152240991592407,2.9310327768325806,4.523568153381348,5.562649369239807
0.5500779151916504,0.6219210028648376,0.8655201196670532,0.5128370523452759,0.514326810836792,1.0152784585952759,2.9308944940567017,4.523569941520691,5.56285560131073
0.5500815510749817,0.6220095157623291,0.8654905557632446,0.5128635168075562,0.5143301486968994,1.0153321027755737,2.930782437324524,4.523589611053467,5.563077330589294
0.5501186847686768,0.6221147775650024,0.8654834032058716,0.512895405292511,0.5143386125564575,1.0153625011444092,2.930876910686493,4.523782134056091,5.563384294509888
0.5501183867454529,0.6221985816955566,0.8654531240463257,0.5129199028015137,0.5143409967422485,1.015418529510498,2.9307451844215393,4.5237797498703,5.563592910766602
0.5501217842102051,0.6222856044769287,0.865425705909729,0.5129449367523193,0.51434326171875,1.0154749155044556,2.930634319782257,4.523792862892151,5.563817620277405
0.5501611232757568,0.6223902702331543,0.8654223680496216,0.5129758715629578,0.5143513083457947,1.0155056715011597,2.9307451844215393,4.523992538452148,5.564131140708923
0.5501619577407837,0.6224727630615234,0.8653954267501831,0.5129991769790649,0.5143532156944275,1.0155627727508545,2.9306229948997498,4.523991346359253,5.564344525337219
0.5501654744148254,0.62255859375,0.865370512008667,0.5130234360694885,0.5143553614616394,1.0156210660934448,2.9305151104927063,4.52400267124176,5.5645751953125
0.5502064824104309,0.6226635575294495,0.8653706312179565,0.5130544900894165,0.5143642425537109,1.0156537294387817,2.930637001991272,4.524211287498474,5.564901232719421
0.550208568572998,0.6227474212646484,0.8653469085693359,0.5130788087844849,0.5143675804138184,1.015714406967163,2.9305222630500793,4.524219632148743,5.565131902694702
0.5502141118049622,0.6228358745574951,0.8653255701065063,0.5131049156188965,0.5143719911575317,1.0157772302627563,2.9304227232933044,4.524245858192444,5.565385222434998
0.5502570271492004,0.6229441165924072,0.8653291463851929,0.5131382942199707,0.5143834948539734,1.0158146619796753,2.930552661418915,4.524470567703247,5.565736889839172
0.5502610206604004,0.6230318546295166,0.8653087615966797,0.513165295124054,0.5143898129463196,1.0158811807632446,2.930443286895752,4.524495601654053,5.565996766090393
0.5502816438674927,0.6231304407119751,0.8652994632720947,0.5131964683532715,0.5143996477127075,1.015939474105835,2.9304325580596924,4.5246100425720215,5.566309690475464
0.5503097772598267,0.6232344508171082,0.8652957677841187,0.5132302641868591,0.5144121050834656,1.0159955024719238,2.930464744567871,4.524766802787781,5.566652417182922
0.550331175327301,0.6233358979225159,0.865288496017456,0.5132638812065125,0.5144246816635132,1.0160586833953857,2.9304543137550354,4.524892568588257,5.56698739528656
0.55035400390625,0.6234373450279236,0.8652832508087158,0.5132979154586792,0.5144383311271667,1.0161211490631104,2.9304537177085876,4.525028467178345,5.567326545715332
0.550377607345581,0.6235386729240417,0.8652795553207397,0.5133324265480042,0.5144530534744263,1.016183614730835,2.9304587841033936,4.525172114372253,5.567671060562134
0.5504001379013062,0.6236403584480286,0.8652759790420532,0.5133678317070007,0.5144689083099365,1.0162488222122192,2.930455505847931,4.525313377380371,5.568020939826965
0.5504240393638611,0.6237444281578064,0.8652740716934204,0.5134050846099854,0.5144867897033691,1.016316533088684,2.9304566979408264,4.525467753410339,5.568386912345886
0.5504487752914429,0.6238510012626648,0.865273118019104,0.5134443044662476,0.514506459236145,1.0163874626159668,2.930459678173065,4.525631666183472,5.568767189979553
0.5504729747772217,0.6239592432975769,0.8652726411819458,0.5134851932525635,0.5145279765129089,1.0164622068405151,2.930455803871155,4.525798559188843,5.569160580635071
0.5504987239837646,0.6240695118904114,0.8652739524841309,0.5135278105735779,0.5145515203475952,1.0165385007858276,2.9304587841033936,4.525979161262512,5.569567680358887
0.5505247116088867,0.6241815090179443,0.8652760982513428,0.5135722160339355,0.5145769715309143,1.0166178941726685,2.9304608702659607,4.52616810798645,5.569986701011658
0.5505503416061401,0.6242955327033997,0.8652787208557129,0.5136184692382812,0.5146043300628662,1.0167012214660645,2.9304566979408264,4.526360630989075,5.570419430732727
0.550577700138092,0.6244117021560669,0.8652832508087158,0.5136668086051941,0.5146339535713196,1.0167864561080933,2.930460274219513,4.526568651199341,5.570867657661438
0.5506052374839783,0.6245295405387878,0.8652886152267456,0.5137168169021606,0.5146655440330505,1.0168746709823608,2.9304614663124084,4.52678382396698,5.571327805519104
0.550632655620575,0.6246497631072998,0.8652944564819336,0.5137690305709839,0.5146991610527039,1.0169670581817627,2.930457592010498,4.527004957199097,5.571804046630859
0.5506618022918701,0.6247723698616028,0.8653022050857544,0.5138232111930847,0.5147349834442139,1.0170613527297974,2.9304614663124084,4.527241587638855,5.572295784950256
0.5506908893585205,0.6248956322669983,0.865310788154602,0.5138788223266602,0.5147726535797119,1.0171579122543335,2.9304635524749756,4.527483582496643,5.572795271873474
0.5507197380065918,0.6250208616256714,0.8653197288513184,0.5139364004135132,0.514812171459198,1.0172585248947144,2.930459678173065,4.527730941772461,5.5733102560043335
0.5507504940032959,0.6251488924026489,0.8653305768966675,0.5139961242675781,0.5148538947105408,1.0173614025115967,2.930464446544647,4.52799379825592,5.573841333389282
0.5507805347442627,0.625277578830719,0.8653416633605957,0.5140571594238281,0.5148971676826477,1.0174671411514282,2.930462658405304,4.528258442878723,5.574380159378052
0.550811767578125,0.6254082918167114,0.8653541803359985,0.5141199827194214,0.5149422287940979,1.0175753831863403,2.930465042591095,4.528534412384033,5.57493269443512
0.5508432984352112,0.6255402565002441,0.8653674125671387,0.514184296131134,0.514988899230957,1.017686128616333,2.930467128753662,4.5288169384002686,5.575496554374695
0.5508748292922974,0.6256738305091858,0.8653813600540161,0.5142501592636108,0.5150370001792908,1.0178003311157227,2.930465340614319,4.529104232788086,5.576072931289673
0.5509079098701477,0.6258098483085632,0.8653966188430786,0.5143178105354309,0.5150868892669678,1.0179167985916138,2.930470108985901,4.529403448104858,5.5766624212265015
0.5509405732154846,0.6259474158287048,0.8654122352600098,0.5143870115280151,0.5151380896568298,1.0180370807647705,2.9304692149162292,4.529705047607422,5.577265620231628
0.5509745478630066,0.6260879039764404,0.8654289245605469,0.5144582986831665,0.5151910781860352,1.0181609392166138,2.9304713010787964,4.53001856803894,5.577883720397949
0.5510097146034241,0.6262314319610596,0.8654468059539795,0.514531672000885,0.5152457356452942,1.0182881355285645,2.9304760694503784,4.530342221260071,5.57852029800415
0.5510445237159729,0.6263772249221802,0.8654645681381226,0.5146068334579468,0.5153017640113831,1.0184201002120972,2.9304739832878113,4.530668258666992,5.579171180725098
0.5510808825492859,0.626526951789856,0.8654836416244507,0.5146844387054443,0.5153596997261047,1.0185564756393433,2.930474877357483,4.531006813049316,5.5798423290252686
0.5511188507080078,0.6266806125640869,0.8655037879943848,0.514764666557312,0.5154194831848145,1.0186967849731445,2.930479943752289,4.531358480453491,5.580535531044006
0.5511562824249268,0.6268371343612671,0.8655236959457397,0.514846920967102,0.5154808163642883,1.018843173980713,2.930475175380707,4.5317113399505615,5.5812448263168335
0.5511961579322815,0.6269981861114502,0.865545392036438,0.514931857585907,0.5155442357063293,1.0189932584762573,2.930479943752289,4.5320820808410645,5.581977963447571
0.5512361526489258,0.627162754535675,0.8655673265457153,0.5150192975997925,0.5156093835830688,1.0191489458084106,2.9304787516593933,4.532458782196045,5.582730174064636
0.5512771606445312,0.6273313760757446,0.8655897378921509,0.5151093602180481,0.5156764388084412,1.0193098783493042,2.9304760694503784,4.532844424247742,5.5835044384002686
0.5513200163841248,0.627504825592041,0.865613579750061,0.5152024030685425,0.5157456994056702,1.0194756984710693,2.930477559566498,4.533246755599976,5.584304332733154
0.5513628125190735,0.627682089805603,0.8656373023986816,0.5152980089187622,0.5158168077468872,1.0196480751037598,2.930471897125244,4.533652663230896,5.585123300552368
0.5514078140258789,0.627864420413971,0.8656624555587769,0.5153968930244446,0.5158903002738953,1.0198252201080322,2.9304713010787964,4.534076452255249,5.5859702825546265
0.5514538288116455,0.6280516386032104,0.8656883239746094,0.5154987573623657,0.51596599817276,1.0200084447860718,2.9304692149162292,4.534510970115662,5.586841106414795
0.5514857172966003,0.6282359957695007,0.8657046556472778,0.5156009793281555,0.5160412192344666,1.0202091932296753,2.9303714632987976,4.534876346588135,5.587701201438904
0.5515412092208862,0.6284359693527222,0.865736722946167,0.5157102942466736,0.5161226391792297,1.020398497581482,2.930411994457245,4.535372257232666,5.588638782501221
0.5515954494476318,0.628639817237854,0.8657679557800293,0.5158223509788513,0.5162061452865601,1.0205960273742676,2.930436134338379,4.535868167877197,5.589596629142761
0.5516240000724792,0.6288356184959412,0.8657819032669067,0.5159328579902649,0.5162869095802307,1.0208202600479126,2.9302921891212463,4.536232352256775,5.5905163288116455
0.5516881346702576,0.6290524005889893,0.8658195734024048,0.5160523653030396,0.516376256942749,1.021023154258728,2.9303619265556335,4.536792635917664,5.591541528701782
0.5517516732215881,0.6292730569839478,0.8658568859100342,0.516174852848053,0.5164676904678345,1.0212334394454956,2.9304200410842896,4.537355303764343,5.592586994171143
0.5517831444740295,0.6294825077056885,0.8658727407455444,0.5162944793701172,0.5165553092956543,1.0214755535125732,2.9302701354026794,4.537753462791443,5.593580007553101
0.5518520474433899,0.6297128200531006,0.8659137487411499,0.516423225402832,0.5166516304016113,1.0216938257217407,2.9303476214408875,4.538355469703674,5.594679117202759
0.5519208908081055,0.6299464702606201,0.8659549951553345,0.5165544748306274,0.5167500376701355,1.021918535232544,2.9304173588752747,4.538963437080383,5.595797896385193
0.5519564151763916,0.6301679611206055,0.865973949432373,0.5166824460029602,0.5168440937995911,1.0221749544143677,2.9302728176116943,4.539399147033691,5.596857666969299
0.5520285367965698,0.6304084062576294,0.8660176992416382,0.516818642616272,0.5169464349746704,1.022407054901123,2.930351495742798,4.540033936500549,5.598015785217285
0.5521003007888794,0.6306509971618652,0.8660615682601929,0.5169567465782166,0.5170503854751587,1.0226441621780396,2.9304239153862,4.540671110153198,5.599188208580017
0.5521392822265625,0.6308807134628296,0.8660836219787598,0.5170912742614746,0.517149806022644,1.022911787033081,2.930285930633545,4.5411378145217896,5.600300431251526
0.5522127151489258,0.631126880645752,0.8661295175552368,0.5172326564788818,0.5172565579414368,1.023154616355896,2.9303619265556335,4.541791081428528,5.601499080657959
0.5522860288619995,0.6313737630844116,0.8661760091781616,0.5173753499984741,0.5173645615577698,1.0234005451202393,2.9304352402687073,4.542447924613953,5.602707266807556
0.5523274540901184,0.631607174873352,0.8662010431289673,0.5175137519836426,0.5174675583839417,1.0236750841140747,2.930304706096649,4.542936086654663,5.603851079940796
0.5523958206176758,0.6318519115447998,0.8662453889846802,0.5176569223403931,0.5175760388374329,1.0239289999008179,2.9303446412086487,4.5435696840286255,5.605058073997498
0.5524739623069763,0.6321001052856445,0.8662971258163452,0.5178021192550659,0.5176870226860046,1.024176001548767,2.9304468631744385,4.5442575216293335,5.606290698051453
0.5525171756744385,0.6323325634002686,0.8663254976272583,0.5179420113563538,0.5177919268608093,1.024452805519104,2.930329144001007,4.544760584831238,5.607447028160095
0.552567183971405,0.632565975189209,0.8663593530654907,0.5180823802947998,0.5178980231285095,1.0247234106063843,2.930256426334381,4.545298218727112,5.608615875244141
0.5526508092880249,0.6328109502792358,0.8664175271987915,0.5182273387908936,0.5180100798606873,1.0249652862548828,2.93040007352829,4.54601526260376,5.60985267162323
0.5526970624923706,0.6330384016036987,0.8664506673812866,0.5183660387992859,0.518115222454071,1.0252375602722168,2.9303109645843506,4.54653263092041,5.611005425453186
0.5527462363243103,0.6332635879516602,0.8664867877960205,0.5185038447380066,0.5182201862335205,1.0255051851272583,2.930244505405426,4.547063112258911,5.612154603004456
0.5528311133384705,0.633499026298523,0.866549015045166,0.5186452269554138,0.5183308124542236,1.0257399082183838,2.930411696434021,4.547781348228455,5.613367557525635
0.5528788566589355,0.6337157487869263,0.866586446762085,0.5187795162200928,0.5184337496757507,1.0260034799575806,2.930348813533783,4.548298716545105,5.614491105079651
0.552927553653717,0.6339274644851685,0.8666259050369263,0.5189113020896912,0.5185351967811584,1.0262614488601685,2.930300533771515,4.548815488815308,5.61559796333313
0.5530117154121399,0.6341460943222046,0.8666919469833374,0.5190447568893433,0.51864093542099,1.0264829397201538,2.93049156665802,4.549517035484314,5.616755485534668
0.5530574917793274,0.6343419551849365,0.8667324781417847,0.5191684365272522,0.518736720085144,1.0267302989959717,2.9304495453834534,4.550002813339233,5.617803931236267
0.5531031489372253,0.6345252990722656,0.8667752742767334,0.5192850232124329,0.518827497959137,1.0269651412963867,2.930428683757782,4.550473093986511,5.618804693222046
0.5531827211380005,0.6347068548202515,0.8668450117111206,0.5193979144096375,0.5189184546470642,1.0271557569503784,2.930651009082794,4.551106691360474,5.619818568229675
0.5532230138778687,0.6348583698272705,0.8668897151947021,0.5194962620735168,0.5189959406852722,1.027364730834961,2.930648624897003,4.551510214805603,5.62069296836853
0.5532618761062622,0.6349925994873047,0.8669363260269165,0.519584596157074,0.5190660953521729,1.027557134628296,2.930666506290436,4.551885724067688,5.62149703502655
0.553333580493927,0.6351204514503479,0.8670096397399902,0.5196666121482849,0.5191347599029541,1.0277011394500732,2.9309281706809998,4.552413821220398,5.622294545173645
0.5533666014671326,0.6352174878120422,0.867058515548706,0.5197336077690125,0.5191894769668579,1.0278611183166504,2.930971086025238,4.552714824676514,5.6229472160339355
0.5533972978591919,0.6352955102920532,0.867108941078186,0.5197895765304565,0.5192362666130066,1.028003454208374,2.931031286716461,4.552980661392212,5.62352180480957
0.5534588098526001,0.6353662014007568,0.8671845197677612,0.5198388695716858,0.5192813873291016,1.028098225593567,2.9313233494758606,4.553390145301819,5.62408447265625
0.553485095500946,0.635410487651825,0.8672373294830322,0.5198754668235779,0.5193145871162415,1.028208613395691,2.9314127564430237,4.553595185279846,5.624520182609558
0.5535087585449219,0.6354399919509888,0.8672903776168823,0.5199037194252014,0.5193418264389038,1.0283054113388062,2.9315102100372314,4.553770422935486,5.624892711639404
0.5535414218902588,0.6354604959487915,0.8673520088195801,0.5199261903762817,0.5193662643432617,1.028380274772644,2.9316875338554382,4.553980827331543,5.6252336502075195
0.5535656809806824,0.6354691982269287,0.8674088716506958,0.5199427008628845,0.5193859338760376,1.028451919555664,2.931826412677765,4.55413818359375,5.625521540641785
0.5535891056060791,0.6354706883430481,0.8674660921096802,0.5199551582336426,0.5194032192230225,1.0285155773162842,2.9319730401039124,4.55428421497345,5.625777840614319
0.5536155700683594,0.6354683637619019,0.8675260543823242,0.5199655294418335,0.5194196105003357,1.0285698175430298,2.932147979736328,4.554443955421448,5.626018643379211
0.5536400079727173,0.6354630589485168,0.8675847053527832,0.5199747085571289,0.5194354057312012,1.0286222696304321,2.93231338262558,4.5545923709869385,5.62624454498291
0.5536645650863647,0.6354572772979736,0.8676431179046631,0.5199840068817139,0.5194516777992249,1.0286728143692017,2.9324811697006226,4.554743766784668,5.626466870307922
0.5536906719207764,0.6354533433914185,0.8677021265029907,0.5199947357177734,0.5194693803787231,1.0287222862243652,2.932656705379486,4.554908275604248,5.626696348190308
0.5537163019180298,0.6354522705078125,0.8677599430084229,0.5200076103210449,0.519489049911499,1.0287741422653198,2.932823598384857,4.55507755279541,5.626934766769409
0.5537425875663757,0.6354556083679199,0.8678170442581177,0.5200235247612,0.5195112228393555,1.0288289785385132,2.9329875111579895,4.555258750915527,5.627189874649048
0.5537700057029724,0.6354643106460571,0.8678737878799438,0.5200430750846863,0.5195364356040955,1.028887391090393,2.933149039745331,4.555454850196838,5.627467036247253
0.5537976622581482,0.6354787349700928,0.8679295778274536,0.5200664401054382,0.519564688205719,1.028950572013855,2.933303117752075,4.555661678314209,5.627765655517578
0.5538260340690613,0.6354990005493164,0.867984414100647,0.5200938582420349,0.5195962190628052,1.029018759727478,2.933450937271118,4.555882811546326,5.628088116645813
0.5538551807403564,0.6355251669883728,0.868038535118103,0.520125150680542,0.5196307301521301,1.029091715812683,2.9335933923721313,4.5561182498931885,5.62843382358551
0.5538850426673889,0.635556697845459,0.8680921792984009,0.5201601982116699,0.5196683406829834,1.0291690826416016,2.9337313771247864,4.556366801261902,5.628802180290222
0.5539146065711975,0.635593056678772,0.8681443929672241,0.5201985836029053,0.519708514213562,1.0292515754699707,2.933858335018158,4.556622505187988,5.629188418388367
0.5539457201957703,0.635633647441864,0.8681967258453369,0.5202398896217346,0.5197511315345764,1.0293364524841309,2.9339882731437683,4.556893706321716,5.629593133926392
0.5539768934249878,0.6356773972511292,0.868248462677002,0.5202836394309998,0.5197957754135132,1.0294243097305298,2.934112846851349,4.557172060012817,5.630010962486267
0.55400550365448,0.6357229948043823,0.8682975769042969,0.5203291773796082,0.5198415517807007,1.0295171737670898,2.9342153668403625,4.55744206905365,5.63043475151062
0.5540523529052734,0.635772705078125,0.8683604001998901,0.5203765630722046,0.5198907852172852,1.0295912027359009,2.9344406723976135,4.557811617851257,5.63088595867157
0.5540357232093811,0.6358124017715454,0.868374228477478,0.5204225182533264,0.5199326872825623,1.0297350883483887,2.934231460094452,4.557851552963257,5.631258487701416
0.5541262626647949,0.6358683109283447,0.8684700727462769,0.52047199010849,0.5199886560440063,1.0297592878341675,2.934754490852356,4.558454155921936,5.631762146949768
0.5541595816612244,0.6359128355979919,0.8685222864151001,0.5205187201499939,0.5200365781784058,1.0298446416854858,2.9348912835121155,4.558756351470947,5.632185339927673
0.554092526435852,0.6359384655952454,0.8684979677200317,0.5205609798431396,0.5200712084770203,1.0300368070602417,2.9343485832214355,4.558533430099487,5.6324702501297
0.5542659163475037,0.6359935998916626,0.868659257888794,0.5206068158149719,0.520134449005127,1.0299538373947144,2.9354605078697205,4.559561014175415,5.633023977279663
0.5542879104614258,0.6360242366790771,0.8687046766281128,0.5206475257873535,0.5201777219772339,1.0300381183624268,2.9355409741401672,4.559797048568726,5.6333863735198975
0.5541800260543823,0.636027991771698,0.8686510324478149,0.5206809043884277,0.5202024579048157,1.0302579402923584,2.9347464442253113,4.559348821640015,5.633558034896851
0.5543606281280518,0.6360569000244141,0.868822455406189,0.5207129716873169,0.520258367061615,1.0301358699798584,2.9359564185142517,4.560393691062927,5.634012222290039
0.5543800592422485,0.6360623836517334,0.8688695430755615,0.520740807056427,0.5202934741973877,1.030194640159607,2.936062216758728,4.560595750808716,5.6342703104019165
0.5542465448379517,0.636040449142456,0.8687993288040161,0.5207621455192566,0.5203078985214233,1.0304174423217773,2.9351308941841125,4.559994339942932,5.634320378303528
0.5544006824493408,0.6360368728637695,0.8689545392990112,0.5207781195640564,0.5203505754470825,1.0302915573120117,2.936210334300995,4.560874700546265,5.63462495803833
0.5544031858444214,0.6360154151916504,0.868991494178772,0.5207921862602234,0.5203747749328613,1.0303399562835693,2.936243414878845,4.56096351146698,5.6347596645355225
0.5542769432067871,0.6359699964523315,0.8689297437667847,0.5208001732826233,0.5203811526298523,1.0305246114730835,2.935405969619751,4.56037700176239,5.634713768959045
0.5544103384017944,0.6359348297119141,0.869072675704956,0.5208001732826233,0.5204113721847534,1.0303874015808105,2.936393916606903,4.561121463775635,5.634872913360596
0.5544290542602539,0.6358906626701355,0.8691250085830688,0.5208008289337158,0.5204288363456726,1.0303860902786255,2.936583459377289,4.561272859573364,5.6349194049835205
0.5543124675750732,0.6358283162117004,0.8690719604492188,0.520798921585083,0.5204294919967651,1.030536413192749,2.935844361782074,4.560717344284058,5.6348031759262085
0.5543697476387024,0.6357671022415161,0.8691568374633789,0.5207884311676025,0.5204443335533142,1.0304635763168335,2.936338484287262,4.561048746109009,5.634799599647522
0.5544717907905579,0.6357129216194153,0.8692749738693237,0.520779013633728,0.5204641819000244,1.030340313911438,2.9371377825737,4.561613202095032,5.634848475456238
0.5543391704559326,0.63564532995224,0.8692076206207275,0.5207746624946594,0.520460844039917,1.0305016040802002,2.9362931847572327,4.560968279838562,5.6346893310546875
0.554341197013855,0.6355715990066528,0.8692480325698853,0.5207601189613342,0.5204662680625916,1.0304814577102661,2.9364171624183655,4.5610058307647705,5.634588599205017
0.5545284748077393,0.6355109810829163,0.8694330453872681,0.5207424163818359,0.5204899311065674,1.0302371978759766,2.937833070755005,4.56199586391449,5.634654760360718
0.5543853044509888,0.6354444026947021,0.8693543672561646,0.5207383632659912,0.5204845070838928,1.030409574508667,2.936912477016449,4.561294913291931,5.634480714797974
0.5543574094772339,0.635364294052124,0.869369626045227,0.5207212567329407,0.5204839706420898,1.030416488647461,2.9368355870246887,4.561169743537903,5.634323358535767
0.5545549392700195,0.6352927088737488,0.8695617914199829,0.5206963419914246,0.5205032825469971,1.0301425457000732,2.9383429884910583,4.562198519706726,5.634338855743408
0.5544103384017944,0.6352241635322571,0.8694798946380615,0.5206906795501709,0.520495593547821,1.0303109884262085,2.9374155402183533,4.561484456062317,5.63414454460144
0.5543755292892456,0.6351388692855835,0.8694878816604614,0.5206703543663025,0.5204914808273315,1.0303168296813965,2.9372990131378174,4.5613157749176025,5.633947849273682
0.5545329451560974,0.6350575685501099,0.8696473836898804,0.5206416249275208,0.5205029845237732,1.0300790071487427,2.9385393857955933,4.562127590179443,5.633887052536011
0.5543922185897827,0.6349829435348511,0.8695669174194336,0.5206316113471985,0.5204921960830688,1.03023099899292,2.937650680541992,4.561423063278198,5.633656978607178
0.554376482963562,0.634888231754303,0.86958909034729,0.5206041932106018,0.5204846262931824,1.0301975011825562,2.937685549259186,4.561337828636169,5.6334227323532104
0.5544477701187134,0.6347911953926086,0.8696801662445068,0.5205706357955933,0.5204827785491943,1.0300480127334595,2.9383429884910583,4.561692476272583,5.633230209350586
0.554394543170929,0.6347008347511292,0.8696695566177368,0.520546555519104,0.5204719305038452,1.0300650596618652,2.938103973865509,4.56141471862793,5.6329792737960815
0.5543464422225952,0.6345982551574707,0.8696645498275757,0.5205152034759521,0.5204570293426514,1.030059576034546,2.9379239678382874,4.561150670051575,5.632677674293518
0.5543816685676575,0.6344876289367676,0.869726300239563,0.520474910736084,0.5204455852508545,1.0299360752105713,2.9383495450019836,4.5613014698028564,5.632391571998596
0.554347038269043,0.6343806982040405,0.8697307109832764,0.520439624786377,0.5204287767410278,1.029905080795288,2.9382729530334473,4.561097025871277,5.632071495056152
0.5543058514595032,0.6342657804489136,0.8697303533554077,0.520399808883667,0.5204077959060669,1.0298718214035034,2.9381632804870605,4.5608484745025635,5.63170850276947
0.5543179512023926,0.634143590927124,0.8697726726531982,0.5203525424003601,0.5203878879547119,1.0297596454620361,2.9384467005729675,4.56086277961731,5.63134491443634
0.554286003112793,0.6340221762657166,0.8697787523269653,0.5203074812889099,0.5203636884689331,1.0297033786773682,2.9384157061576843,4.560649394989014,5.6309497356414795
0.5542615056037903,0.6338930130004883,0.8697910308837891,0.5202572345733643,0.5203368067741394,1.029626727104187,2.9384511709213257,4.560464024543762,5.630522966384888
0.5542500019073486,0.6337571740150452,0.8698139190673828,0.5202022194862366,0.5203078389167786,1.029523491859436,2.9385921359062195,4.560337066650391,5.630071759223938
0.5542281270027161,0.6336171627044678,0.8698282241821289,0.5201447606086731,0.5202758312225342,1.0294272899627686,2.938665747642517,4.560151100158691,5.629591345787048
0.554203987121582,0.633470892906189,0.8698407411575317,0.5200835466384888,0.5202406644821167,1.0293245315551758,2.938735783100128,4.559943675994873,5.6290775537490845
0.554181694984436,0.6333177089691162,0.8698548078536987,0.520017683506012,0.5202023983001709,1.0292093753814697,2.938831150531769,4.559736847877502,5.628530979156494
0.5541559457778931,0.6331568956375122,0.8698664903640747,0.5199471712112427,0.5201603174209595,1.0290876626968384,2.93891578912735,4.55950140953064,5.627945065498352
0.5541282296180725,0.632987380027771,0.8698769807815552,0.5198714137077332,0.5201143026351929,1.0289562940597534,2.939002811908722,4.559245705604553,5.627315044403076
0.5540981292724609,0.6328099370002747,0.8698856830596924,0.5197906494140625,0.5200643539428711,1.0288163423538208,2.939087450504303,4.558966755867004,5.6266456842422485
0.5540661811828613,0.6326245069503784,0.8698931932449341,0.5197048783302307,0.5200107097625732,1.0286670923233032,2.9391729831695557,4.55866813659668,5.625934600830078
0.5540323257446289,0.6324315071105957,0.8698991537094116,0.5196143388748169,0.5199532508850098,1.0285091400146484,2.939259707927704,4.558348655700684,5.6251853704452515
0.553995668888092,0.6322314739227295,0.8699028491973877,0.5195191502571106,0.5198919773101807,1.028343677520752,2.939338982105255,4.55800473690033,5.624396800994873
0.5539584755897522,0.6320244669914246,0.869905948638916,0.5194194316864014,0.5198272466659546,1.0281682014465332,2.9394271969795227,4.557647705078125,5.623571276664734
0.5539183616638184,0.6318119764328003,0.8699064254760742,0.5193158388137817,0.5197592377662659,1.0279871225357056,2.939505875110626,4.557267427444458,5.622713565826416
0.5538766384124756,0.6315953135490417,0.8699048757553101,0.519209086894989,0.5196883678436279,1.027800440788269,2.939580976963043,4.556870460510254,5.6218284368515015
0.5538336634635925,0.6313751339912415,0.8699012994766235,0.5190994143486023,0.5196146965026855,1.0276083946228027,2.9396533966064453,4.556457996368408,5.6209200620651245
0.5537903308868408,0.6311519145965576,0.869896650314331,0.5189869403839111,0.5195386409759521,1.0274100303649902,2.939729690551758,4.556035995483398,5.619989633560181
0.553744912147522,0.6309270262718201,0.8698893785476685,0.5188726782798767,0.5194602012634277,1.0272096395492554,2.9397952556610107,4.555597901344299,5.619041323661804
0.5536984205245972,0.6307021379470825,0.8698793649673462,0.518757164478302,0.5193800926208496,1.0270079374313354,2.939852476119995,4.555147886276245,5.618083477020264
0.5536516904830933,0.6304773092269897,0.8698678016662598,0.5186403393745422,0.5192981958389282,1.0268033742904663,2.9399093985557556,4.554691314697266,5.617116093635559
0.5536054372787476,0.6302533745765686,0.8698550462722778,0.5185227990150452,0.5192148685455322,1.0265965461730957,2.9399684071540833,4.554231762886047,5.616142749786377
0.553557276725769,0.6300317049026489,0.8698388338088989,0.5184051394462585,0.5191302299499512,1.0263919830322266,2.9400116205215454,4.553757905960083,5.615168809890747
0.5535092353820801,0.629812479019165,0.8698209524154663,0.5182874202728271,0.5190445184707642,1.0261874198913574,2.940051257610321,4.55328106880188,5.614195466041565
0.5534614324569702,0.6295958161354065,0.86980140209198,0.5181697010993958,0.5189577341079712,1.0259829759597778,2.9400891065597534,4.552801251411438,5.613223910331726
0.5534144639968872,0.6293829679489136,0.8697806596755981,0.5180524587631226,0.5188702940940857,1.025779128074646,2.940126657485962,4.552322030067444,5.612257719039917
0.5533666610717773,0.629175066947937,0.8697569370269775,0.517936646938324,0.5187824964523315,1.0255800485610962,2.9401496052742004,4.551836848258972,5.611304044723511
0.5533195734024048,0.6289724111557007,0.8697317838668823,0.5178222060203552,0.5186945796012878,1.0253835916519165,2.940170168876648,4.551353454589844,5.610362887382507
0.5532742738723755,0.6287773847579956,0.8697055578231812,0.5177103281021118,0.5186071395874023,1.0251917839050293,2.9401901364326477,4.550879597663879,5.609446167945862
0.5532294511795044,0.6285896301269531,0.8696773052215576,0.5176008939743042,0.5185202360153198,1.025005578994751,2.940201759338379,4.550408124923706,5.6085509061813354
0.5531849265098572,0.6284082531929016,0.8696471452713013,0.517493486404419,0.5184335112571716,1.0248247385025024,2.9402047395706177,4.5499372482299805,5.607674717903137
0.5531421899795532,0.6282336711883545,0.8696163892745972,0.5173884034156799,0.5183473825454712,1.024647831916809,2.940208911895752,4.549475312232971,5.606820583343506
0.5531001687049866,0.6280674338340759,0.8695839643478394,0.5172863602638245,0.5182621479034424,1.0244776010513306,2.940204441547394,4.549018740653992,5.605993866920471
0.5530593991279602,0.627906858921051,0.8695505857467651,0.5171859860420227,0.5181772112846375,1.0243110656738281,2.940199375152588,4.54856812953949,5.605183839797974
0.5530189275741577,0.627751886844635,0.8695160150527954,0.517087459564209,0.5180926322937012,1.0241490602493286,2.9401877522468567,4.548118710517883,5.6043922901153564
0.5529794692993164,0.6276031136512756,0.8694804906845093,0.5169912576675415,0.518008828163147,1.0239912271499634,2.940172851085663,4.547675848007202,5.603619813919067
0.552941083908081,0.6274597644805908,0.8694443702697754,0.5168969035148621,0.5179257392883301,1.0238369703292847,2.9401567578315735,4.547239542007446,5.602865219116211
0.5529022812843323,0.6273186802864075,0.869407057762146,0.5168028473854065,0.5178424119949341,1.0236843824386597,2.9401344060897827,4.546799659729004,5.6021153926849365
0.5528637766838074,0.6271799802780151,0.8693692684173584,0.5167093276977539,0.5177591443061829,1.023532748222351,2.9401102662086487,4.546360969543457,5.60137152671814
0.5528269410133362,0.6270448565483093,0.8693318367004395,0.5166168808937073,0.5176763534545898,1.0233813524246216,2.940092980861664,4.545931816101074,5.600638389587402
0.5527893304824829,0.6269147992134094,0.8692926168441772,0.5165266990661621,0.517594575881958,1.0232356786727905,2.9400619864463806,4.545500874519348,5.599921941757202
0.5527531504631042,0.6267902851104736,0.8692532777786255,0.516438901424408,0.5175145268440247,1.0230931043624878,2.9400312900543213,4.545082449913025,5.599225163459778
0.5527199506759644,0.6266738176345825,0.8692151308059692,0.5163553357124329,0.5174378156661987,1.0229548215866089,2.9400086402893066,4.54468846321106,5.59856116771698
0.5526853799819946,0.6265671253204346,0.8691744804382324,0.5162776112556458,0.5173651576042175,1.022828459739685,2.939959764480591,4.5443010330200195,5.597936511039734
0.5526545643806458,0.626469612121582,0.8691353797912598,0.5162052512168884,0.5172972083091736,1.0227068662643433,2.9399213194847107,4.5439451932907104,5.597350597381592
0.5526242256164551,0.6263806819915771,0.8690959215164185,0.5161383748054504,0.5172337889671326,1.0225932598114014,2.939872443675995,4.543607831001282,5.596800446510315
0.5525941848754883,0.6263000965118408,0.8690556287765503,0.5160770416259766,0.5171752572059631,1.0224882364273071,2.9398104548454285,4.54328715801239,5.596287250518799
0.5525670051574707,0.6262270212173462,0.8690170049667358,0.5160210132598877,0.5171217918395996,1.022387146949768,2.939756214618683,4.542997479438782,5.595808029174805
0.5525385141372681,0.626161515712738,0.8689770698547363,0.5159705877304077,0.517073392868042,1.022295594215393,2.939680516719818,4.542718529701233,5.595361590385437
0.5525108575820923,0.6261012554168701,0.8689373731613159,0.5159244537353516,0.5170294046401978,1.0222086906433105,2.939600348472595,4.5424580574035645,5.594940185546875
0.5524865984916687,0.6260437965393066,0.8689006567001343,0.5158811211585999,0.5169892311096191,1.0221192836761475,2.939540445804596,4.542228579521179,5.59453547000885
0.5524564385414124,0.6259899139404297,0.8688596487045288,0.5158416628837585,0.5169524550437927,1.0220414400100708,2.9394319653511047,4.541981220245361,5.5941444635391235
0.5524299144744873,0.6259351968765259,0.8688219785690308,0.515802800655365,0.5169180035591125,1.0219566822052002,2.939351499080658,4.541760683059692,5.5937546491622925
0.5524134039878845,0.6258771419525146,0.8687931299209595,0.5157628655433655,0.5168852806091309,1.0218538045883179,2.9393476247787476,4.5415955781936646,5.593359470367432
0.5523790717124939,0.6258224248886108,0.8687505722045898,0.5157270431518555,0.5168547630310059,1.0217784643173218,2.9392120242118835,4.541352987289429,5.592971444129944
0.5523451566696167,0.6257636547088623,0.8687094449996948,0.5156899690628052,0.5168245434761047,1.0216971635818481,2.9390856623649597,4.541113972663879,5.592568516731262
0.5523354411125183,0.6256951093673706,0.8686884641647339,0.5156466960906982,0.5167940258979797,1.0215704441070557,2.9391488432884216,4.540992379188538,5.592136979103088
0.5522940158843994,0.6256313323974609,0.868643045425415,0.5156089067459106,0.5167644023895264,1.0214918851852417,2.9389789700508118,4.54072117805481,5.591712594032288
0.5522521138191223,0.6255617141723633,0.868598222732544,0.5155684947967529,0.516733705997467,1.0214065313339233,2.938816249370575,4.5404452085494995,5.591264367103577
0.5522392392158508,0.6254798173904419,0.8685771226882935,0.5155196785926819,0.5167011618614197,1.0212663412094116,2.9388803243637085,4.540305137634277,5.590777397155762
0.5521938800811768,0.6254017353057861,0.8685308694839478,0.5154752731323242,0.5166682004928589,1.0211745500564575,2.9387080669403076,4.5400071144104,5.590291619300842
0.5521457195281982,0.6253180503845215,0.868483304977417,0.515427827835083,0.5166332721710205,1.0210789442062378,2.938525974750519,4.539689421653748,5.589780211448669
0.5521290898323059,0.625221848487854,0.8684611320495605,0.5153712034225464,0.5165956616401672,1.0209249258041382,2.9385894536972046,4.539516568183899,5.589228868484497
0.5520789623260498,0.6251295804977417,0.8684128522872925,0.5153186321258545,0.5165569186210632,1.0208208560943604,2.938408851623535,4.539177417755127,5.588677525520325
0.5520275235176086,0.6250321865081787,0.8683638572692871,0.5152627229690552,0.5165154337882996,1.0207115411758423,2.9382282495498657,4.538824558258057,5.588099956512451
0.5520069599151611,0.624923825263977,0.8683393001556396,0.5151979923248291,0.5164710879325867,1.020546793937683,2.93828547000885,4.538611173629761,5.587489604949951
0.5519542098045349,0.6248196363449097,0.868289589881897,0.5151370167732239,0.5164251327514648,1.020430088043213,2.9381081461906433,4.538236856460571,5.586878061294556
0.5518993735313416,0.6247115135192871,0.8682382106781006,0.5150731205940247,0.5163764357566833,1.0203111171722412,2.9379233717918396,4.537843465805054,5.586245656013489
0.5518771409988403,0.6245942115783691,0.8682122230529785,0.5150008201599121,0.5163249969482422,1.0201358795166016,2.937985062599182,4.537597894668579,5.585586428642273
0.5518215894699097,0.6244816184043884,0.8681600093841553,0.5149325728416443,0.5162718892097473,1.020011305809021,2.937803566455841,4.537186622619629,5.584928393363953
0.5517656207084656,0.6243662238121033,0.8681071996688843,0.5148617029190063,0.5162163376808167,1.019883155822754,2.937624156475067,4.536764621734619,5.584254264831543
0.5517411828041077,0.6242436170578003,0.8680787086486816,0.5147837400436401,0.5161585807800293,1.0197023153305054,2.9376813769340515,4.536486864089966,5.58355987071991
0.5516847372055054,0.6241258978843689,0.8680249452590942,0.5147096514701843,0.5160992741584778,1.0195709466934204,2.937503159046173,4.5360493659973145,5.582869052886963
0.5516278743743896,0.6240065097808838,0.8679707050323486,0.5146337151527405,0.5160380601882935,1.0194370746612549,2.93732613325119,4.5356035232543945,5.582165718078613
0.5516023635864258,0.623881459236145,0.8679401874542236,0.5145515203475952,0.5159754753112793,1.0192525386810303,2.9373809695243835,4.535304307937622,5.581449866294861
0.5515447854995728,0.6237612366676331,0.8678845167160034,0.5144734978675842,0.5159116983413696,1.0191174745559692,2.937200665473938,4.534845948219299,5.580736398696899
0.551487386226654,0.6236394643783569,0.8678288459777832,0.5143937468528748,0.5158462524414062,1.0189789533615112,2.9370251297950745,4.5343828201293945,5.580013394355774
0.5514615774154663,0.6235134601593018,0.8677970170974731,0.514308750629425,0.5157803297042847,1.0187911987304688,2.9370805621147156,4.534069895744324,5.579282641410828
0.5514029264450073,0.6233922839164734,0.8677395582199097,0.5142282247543335,0.5157136917114258,1.0186536312103271,2.936895191669464,4.533596038818359,5.57855486869812
0.5513455867767334,0.6232705116271973,0.8676831722259521,0.5141468048095703,0.5156463384628296,1.0185123682022095,2.93672114610672,4.533126354217529,5.577823519706726
0.5513190627098083,0.6231461763381958,0.8676496744155884,0.5140613913536072,0.5155795216560364,1.0183249711990356,2.936770021915436,4.532806873321533,5.577091574668884
0.5512604117393494,0.6230263710021973,0.8675916194915771,0.5139805674552917,0.5155124068260193,1.018186092376709,2.9365840554237366,4.532331228256226,5.576363205909729
0.5512033104896545,0.6229070425033569,0.8675345182418823,0.5138996839523315,0.5154455304145813,1.0180444717407227,2.936408817768097,4.531864523887634,5.5756354331970215
0.551176130771637,0.6227867603302002,0.8674997091293335,0.5138161182403564,0.5153801441192627,1.0178595781326294,2.936446964740753,4.531546235084534,5.574914216995239
0.5511183142662048,0.6226704716682434,0.8674414157867432,0.5137368440628052,0.5153147578239441,1.0177209377288818,2.9362624883651733,4.531080722808838,5.574195981025696
0.5510615706443787,0.6225555539131165,0.8673838376998901,0.5136585235595703,0.5152503252029419,1.017581582069397,2.9360824823379517,4.530623555183411,5.573483109474182
0.5510342717170715,0.6224417090415955,0.8673478364944458,0.5135787129402161,0.5151882767677307,1.0174018144607544,2.9361099004745483,4.53031599521637,5.5727845430374146
0.5509783625602722,0.6223316788673401,0.8672902584075928,0.5135034322738647,0.515126645565033,1.0172654390335083,2.9359284043312073,4.529872536659241,5.572091341018677
0.5509217977523804,0.6222243309020996,0.8672319650650024,0.5134298205375671,0.5150665640830994,1.01713228225708,2.935738265514374,4.529430866241455,5.571407675743103
0.5508953332901001,0.622119665145874,0.8671954870223999,0.5133559703826904,0.5150096416473389,1.0169601440429688,2.9357558488845825,4.529144763946533,5.5707478523254395
0.5508551597595215,0.622019350528717,0.8671486377716064,0.5132858157157898,0.5149543881416321,1.0168118476867676,2.9356691241264343,4.528797268867493,5.570099949836731
0.5507959723472595,0.6219223737716675,0.8670873641967773,0.5132192373275757,0.5148999094963074,1.0166929960250854,2.935442626476288,4.528361558914185,5.5694591999053955
0.5507697463035583,0.621829628944397,0.8670499324798584,0.5131529569625854,0.5148493051528931,1.016533374786377,2.93544203042984,4.528096318244934,5.568850040435791
0.5507371425628662,0.6217417120933533,0.8670073747634888,0.5130902528762817,0.5148007273674011,1.016388177871704,2.9353874921798706,4.527807831764221,5.568258762359619
0.5506772994995117,0.6216572523117065,0.866944432258606,0.5130318403244019,0.5147528052330017,1.016284465789795,2.935135066509247,4.527390003204346,5.5676716566085815
0.5506508350372314,0.6215788722038269,0.8669053316116333,0.512974739074707,0.5147092938423157,1.0161417722702026,2.93510764837265,4.52714741230011,5.567125082015991
0.550619900226593,0.621505856513977,0.8668625354766846,0.5129213333129883,0.5146681666374207,1.0160118341445923,2.9350391030311584,4.52688992023468,5.566599369049072
0.5505625009536743,0.6214359998703003,0.8668001890182495,0.5128720998764038,0.5146275162696838,1.0159220695495605,2.93477863073349,4.526506662368774,5.566077828407288
0.550537645816803,0.6213737726211548,0.8667609691619873,0.5128250122070312,0.5145917534828186,1.0157966613769531,2.93473482131958,4.526296854019165,5.5656033754348755
0.5505087375640869,0.6213170886039734,0.8667181730270386,0.5127818584442139,0.5145584940910339,1.0156841278076172,2.9346519708633423,4.526073932647705,5.565151572227478
0.5504552125930786,0.621263325214386,0.8666573762893677,0.5127424597740173,0.5145256519317627,1.0156091451644897,2.9343903064727783,4.525734782218933,5.564704537391663
0.5504346489906311,0.6212186813354492,0.8666197061538696,0.5127061605453491,0.514498233795166,1.0155000686645508,2.934345304965973,4.525570869445801,5.5643099546432495
0.5504075288772583,0.6211793422698975,0.8665769100189209,0.5126737952232361,0.5144730806350708,1.0154069662094116,2.9342451691627502,4.525381922721863,5.563937425613403
0.5503671169281006,0.6211439967155457,0.8665242195129395,0.5126450657844543,0.5144493579864502,1.0153377056121826,2.9340437054634094,4.525134563446045,5.563579797744751
0.550338864326477,0.6211161017417908,0.8664798736572266,0.5126200318336487,0.51442950963974,1.0152612924575806,2.933914363384247,4.524956941604614,5.563259720802307
0.550327718257904,0.621097207069397,0.8664472103118896,0.5125993490219116,0.5144143104553223,1.0151729583740234,2.933890223503113,4.524875283241272,5.562986731529236
0.5502920150756836,0.6210800409317017,0.8663967847824097,0.5125818848609924,0.5143992900848389,1.0151214599609375,2.9336893558502197,4.524677991867065,5.562716126441956
0.5502535104751587,0.6210685968399048,0.8663439750671387,0.5125682353973389,0.514386773109436,1.0150814056396484,2.933458983898163,4.524473547935486,5.562469959259033
0.5502557158470154,0.621071457862854,0.8663195371627808,0.512560248374939,0.514382004737854,1.0150036811828613,2.933489978313446,4.524489045143127,5.562302470207214
0.5502275824546814,0.6210739612579346,0.8662734031677246,0.5125548243522644,0.5143763422966003,1.0149685144424438,2.9333075881004333,4.524356126785278,5.562126636505127
0.5501646995544434,0.6210761070251465,0.8662023544311523,0.5125523209571838,0.5143697261810303,1.0149816274642944,2.932880222797394,4.524053335189819,5.561939477920532
0.5501694679260254,0.6211008429527283,0.8661783933639526,0.5125580430030823,0.5143750905990601,1.014930009841919,2.9328903555870056,4.524111747741699,5.561875700950623
0.5502141714096069,0.6211397051811218,0.8661824464797974,0.5125693678855896,0.5143879055976868,1.0148422718048096,2.933156192302704,4.524384140968323,5.561891794204712
0.5500896573066711,0.6211482286453247,0.8660670518875122,0.5125770568847656,0.5143834352493286,1.014952301979065,2.932281494140625,4.523792862892151,5.561721324920654
0.5501273274421692,0.62120521068573,0.8660646677017212,0.512600302696228,0.5144040584564209,1.014898657798767,2.9324662685394287,4.524056315422058,5.561819076538086
0.5502060055732727,0.6212752461433411,0.8660911321640015,0.5126283168792725,0.5144315361976624,1.014806866645813,2.932916283607483,4.524536728858948,5.561992526054382
0.550053060054779,0.6212949752807617,0.8659554719924927,0.512646496295929,0.5144322514533997,1.0149742364883423,2.9318195581436157,4.523824453353882,5.5618733167648315
0.5500774383544922,0.62137770652771,0.8659418821334839,0.5126874446868896,0.5144640803337097,1.0149754285812378,2.9318633675575256,4.524058103561401,5.562090277671814
0.550220251083374,0.6214945316314697,0.8660111427307129,0.5127389430999756,0.5145134329795837,1.0148577690124512,2.932681143283844,4.524911046028137,5.562500357627869
0.5500563383102417,0.621530294418335,0.8658674955368042,0.5127691030502319,0.5145218968391418,1.015065312385559,2.931477725505829,4.524170756340027,5.562460422515869
0.5500482320785522,0.6216306686401367,0.8658298254013062,0.5128247141838074,0.5145613551139832,1.0151386260986328,2.931258976459503,4.5242708921432495,5.562756657600403
0.5502344369888306,0.6217902898788452,0.8659276962280273,0.5128993391990662,0.5146303772926331,1.0150197744369507,2.9323065280914307,4.525392055511475,5.563380718231201
0.5500714778900146,0.6218444108963013,0.8657842874526978,0.5129421949386597,0.5146484375,1.0152544975280762,2.931074798107147,4.524684548377991,5.563437342643738
0.550044596195221,0.6219607591629028,0.8657327890396118,0.5130105018615723,0.5146952867507935,1.0153790712356567,2.930693030357361,4.524716734886169,5.563809275627136
0.5502384901046753,0.622148334980011,0.8658348321914673,0.5131025314331055,0.5147771835327148,1.0152907371520996,2.931743860244751,4.525913596153259,5.564574599266052
0.5500892400741577,0.6222212314605713,0.8657011985778809,0.5131571292877197,0.5148048400878906,1.0155353546142578,2.9305732250213623,4.5253002643585205,5.564730763435364
0.5500983595848083,0.6223684549331665,0.8656742572784424,0.5132421851158142,0.5148664712905884,1.0156549215316772,2.9303884506225586,4.525548815727234,5.565266013145447
0.550287127494812,0.6225764155387878,0.8657722473144531,0.5133481621742249,0.5149574875831604,1.015606164932251,2.9313644766807556,4.526747465133667,5.566134452819824
0.5501595735549927,0.6226688623428345,0.8656541109085083,0.5134141445159912,0.5149950981140137,1.015851616859436,2.930310070514679,4.526267051696777,5.5664002895355225
0.5501542091369629,0.622826874256134,0.865617036819458,0.5135082006454468,0.5150616765022278,1.0160117149353027,2.9300007224082947,4.526458978652954,5.566993355751038
0.5503343343734741,0.6230549216270447,0.8657083511352539,0.5136278867721558,0.515160858631134,1.0160069465637207,2.9308781027793884,4.527639150619507,5.567961931228638
0.5502842664718628,0.6231879591941833,0.8656437397003174,0.5137122273445129,0.5152173042297363,1.0162036418914795,2.9302963614463806,4.527586102485657,5.568446516990662
0.5501828193664551,0.6233181953430176,0.8655414581298828,0.5137994289398193,0.515271008014679,1.0164681673049927,2.9293546080589294,4.527276158332825,5.568901896476746
0.5503702163696289,0.623573362827301,0.8656364679336548,0.5139351487159729,0.5153807401657104,1.0164945125579834,2.9302331805229187,4.528521299362183,5.57000458240509
0.550416886806488,0.6237634420394897,0.8656371831893921,0.5140451788902283,0.5154616832733154,1.0166369676589966,2.93023020029068,4.52900230884552,5.5707848072052
0.5502777099609375,0.6238898038864136,0.8655096292495728,0.5141342282295227,0.515513002872467,1.0169559717178345,2.9290255904197693,4.528501629829407,5.571226477622986
0.5504708290100098,0.6241679787635803,0.8656076192855835,0.5142831802368164,0.5156310796737671,1.017011284828186,2.929900586605072,4.5297956466674805,5.572446584701538
0.5505312085151672,0.6243801116943359,0.8656173944473267,0.5144054293632507,0.5157203078269958,1.0171701908111572,2.9299530386924744,4.5303648710250854,5.5733418464660645
0.5503935813903809,0.6245178580284119,0.8654911518096924,0.5145015716552734,0.5157756209373474,1.01750910282135,2.928735911846161,4.5298802852630615,5.573848485946655
0.5505924224853516,0.624815821647644,0.8655924797058105,0.5146617889404297,0.5159003734588623,1.0175895690917969,2.929612696170807,4.531217813491821,5.575171113014221
0.5506571531295776,0.6250421404838562,0.8656055927276611,0.5147923231124878,0.5159945487976074,1.017768383026123,2.9296675324440002,4.531819224357605,5.576146841049194
0.5505229234695435,0.6251882314682007,0.8654823303222656,0.5148934125900269,0.5160526037216187,1.018120527267456,2.928456664085388,4.5313560962677,5.5767059326171875
0.5507259368896484,0.6255000233650208,0.8655868768692017,0.5150613188743591,0.5161815881729126,1.0182207822799683,2.929336428642273,4.5327228307724,5.578105449676514
0.5507943630218506,0.6257346272468567,0.8656032085418701,0.5151966214179993,0.516278088092804,1.0184135437011719,2.9293987154960632,4.533344507217407,5.579133629798889
0.5506629943847656,0.6258823871612549,0.8654835224151611,0.5152987837791443,0.5163360238075256,1.018771767616272,2.9282018542289734,4.5328909158706665,5.579715371131897
0.5508671998977661,0.6261991262435913,0.86558997631073,0.5154691934585571,0.5164653658866882,1.0188851356506348,2.9290780425071716,4.5342594385147095,5.581152439117432
0.5509377717971802,0.6264337301254272,0.865609884262085,0.5156040787696838,0.516560435295105,1.0190831422805786,2.9291531443595886,4.534883499145508,5.582196116447449
0.5508103370666504,0.6265749931335449,0.8654954433441162,0.5157018303871155,0.516614556312561,1.019436001777649,2.9279926419258118,4.534432888031006,5.582767128944397
0.5510100722312927,0.6268833875656128,0.8656014204025269,0.5158668160438538,0.5167379379272461,1.0195540189743042,2.928849160671234,4.535756707191467,5.5841803550720215
0.5510779619216919,0.6271045207977295,0.8656225204467773,0.5159928798675537,0.5168247222900391,1.019747257232666,2.92892724275589,4.536337852478027,5.585178732872009
0.5509650707244873,0.6272311210632324,0.8655223846435547,0.5160794258117676,0.5168702602386475,1.020071029663086,2.927892506122589,4.535925984382629,5.585704445838928
0.5511430501937866,0.6275073289871216,0.8656179904937744,0.5162256956100464,0.5169767737388611,1.0201877355575562,2.928650677204132,4.537089467048645,5.586983561515808
0.5511937737464905,0.627698540687561,0.8656316995620728,0.5163336992263794,0.5170475244522095,1.0203758478164673,2.9286590218544006,4.537534117698669,5.587857365608215
0.5511506795883179,0.6278320550918579,0.8655837774276733,0.5164156556129456,0.5170927047729492,1.020621657371521,2.9281046986579895,4.537450075149536,5.5884504318237305
0.551246166229248,0.6280362606048584,0.8656290769577026,0.516524612903595,0.5171648263931274,1.020769476890564,2.928406298160553,4.538109302520752,5.589398741722107
0.5513133406639099,0.6282119750976562,0.8656580448150635,0.5166189074516296,0.5172243118286133,1.0209234952926636,2.928556501865387,4.538592100143433,5.590218901634216
0.5512895584106445,0.628328800201416,0.8656278848648071,0.5166864395141602,0.5172581672668457,1.0211299657821655,2.928169071674347,4.538561701774597,5.590754747390747
0.5513619780540466,0.6284943222999573,0.8656623363494873,0.5167719721794128,0.517309844493866,1.0212682485580444,2.928374707698822,4.539042711257935,5.591534972190857
0.5514274835586548,0.6286464333534241,0.8656940460205078,0.5168492794036865,0.5173546671867371,1.0214016437530518,2.928556501865387,4.539468884468079,5.59225857257843
0.5514090061187744,0.6287437677383423,0.8656712770462036,0.516901969909668,0.517376184463501,1.021582841873169,2.9282397031784058,4.5394206047058105,5.592717528343201
0.5514748096466064,0.6288859844207764,0.8657050132751465,0.5169714689254761,0.5174140334129333,1.021706461906433,2.928440272808075,4.539822936058044,5.593399405479431
0.5515371561050415,0.6290187835693359,0.8657379150390625,0.5170352458953857,0.5174471735954285,1.0218251943588257,2.928633689880371,4.540194272994995,5.594042539596558
0.5515205264091492,0.6291003823280334,0.8657195568084717,0.5170762538909912,0.5174591541290283,1.0219885110855103,2.9283586144447327,4.540122747421265,5.594438314437866
0.5515828728675842,0.6292262077331543,0.8657540082931519,0.5171345472335815,0.5174877643585205,1.0221003293991089,2.9285642504692078,4.540477395057678,5.595052242279053
0.5516331791877747,0.629340410232544,0.8657816648483276,0.5171869993209839,0.5175114870071411,1.0222152471542358,2.9287055134773254,4.540759921073914,5.595614910125732
0.5516295433044434,0.6294183731079102,0.8657747507095337,0.5172235369682312,0.5175209641456604,1.022359013557434,2.928529679775238,4.5407408475875854,5.5960047245025635
0.5516791343688965,0.6295268535614014,0.8658034801483154,0.517272412776947,0.5175422430038452,1.0224688053131104,2.9286769032478333,4.5410120487213135,5.5965447425842285
0.5517268776893616,0.6296308040618896,0.8658320903778076,0.5173191428184509,0.5175624489784241,1.0225762128829956,2.928818464279175,4.541270732879639,5.597067475318909
0.5517294406890869,0.6297037601470947,0.8658320903778076,0.5173526406288147,0.5175714492797852,1.0227067470550537,2.9286959767341614,4.541280269622803,5.597444176673889
0.5517758131027222,0.6298022270202637,0.8658615350723267,0.5173969864845276,0.5175909996032715,1.022809624671936,2.9288381338119507,4.541531205177307,5.597946047782898
0.5518220663070679,0.6298983097076416,0.8658920526504517,0.5174406170845032,0.5176110863685608,1.0229099988937378,2.9289841651916504,4.541783928871155,5.598443150520325
0.5518264770507812,0.6299651265144348,0.8658963441848755,0.5174723863601685,0.5176215171813965,1.0230311155319214,2.928885519504547,4.541808366775513,5.598803162574768
0.5518711805343628,0.6300532817840576,0.8659284114837646,0.5175135731697083,0.5176422595977783,1.0231239795684814,2.929035723209381,4.542058110237122,5.59927225112915
0.5519145727157593,0.6301363110542297,0.8659611940383911,0.517553448677063,0.5176633596420288,1.0232125520706177,2.9291847348213196,4.542304873466492,5.599724054336548
0.5519171953201294,0.6301901936531067,0.8659685850143433,0.5175817608833313,0.5176755785942078,1.0233203172683716,2.9290971159934998,4.542331099510193,5.600041151046753
0.5519590377807617,0.630265474319458,0.8660029172897339,0.517619788646698,0.5176982879638672,1.023401141166687,2.9292497038841248,4.542578458786011,5.600466728210449
0.551999568939209,0.6303370594978333,0.8660374879837036,0.5176572799682617,0.5177218317985535,1.0234794616699219,2.9293987154960632,4.54282283782959,5.60088038444519
0.5520004034042358,0.6303814649581909,0.8660472631454468,0.5176841616630554,0.5177370309829712,1.0235776901245117,2.9293158650398254,4.542855620384216,5.601168274879456
0.5520400404930115,0.6304486989974976,0.866083025932312,0.5177215337753296,0.5177628993988037,1.0236512422561646,2.929466664791107,4.543105959892273,5.601570010185242
0.5520788431167603,0.6305140256881714,0.8661190271377563,0.5177590250968933,0.5177897810935974,1.0237239599227905,2.929614782333374,4.543357491493225,5.60196578502655
0.5520780682563782,0.6305516958236694,0.8661302328109741,0.5177856087684631,0.5178080201148987,1.0238158702850342,2.929532825946808,4.543395042419434,5.6022340059280396
0.5521161556243896,0.6306124329566956,0.8661671876907349,0.5178223848342896,0.5178363919258118,1.0238834619522095,2.9296836256980896,4.5436495542526245,5.602614879608154
0.5521527528762817,0.6306713819503784,0.866203784942627,0.5178590416908264,0.5178652405738831,1.0239508152008057,2.9298287630081177,4.543899893760681,5.602990388870239
0.5521507859230042,0.6307040452957153,0.866215705871582,0.517885148525238,0.517885148525238,1.0240380764007568,2.929745614528656,4.543939828872681,5.603241920471191
0.552187979221344,0.6307613253593445,0.866253137588501,0.5179218053817749,0.5179148316383362,1.0241025686264038,2.9298970103263855,4.544196724891663,5.603613257408142
0.552223801612854,0.6308176517486572,0.8662898540496826,0.5179582834243774,0.5179444551467896,1.0241681337356567,2.9300394654273987,4.5444464683532715,5.6039804220199585
0.5522218346595764,0.6308495998382568,0.8663018941879272,0.5179845094680786,0.5179648995399475,1.0242544412612915,2.929958403110504,4.544488787651062,5.604230165481567
0.5522591471672058,0.6309069395065308,0.8663394451141357,0.518021285533905,0.5179946422576904,1.0243191719055176,2.9301100969314575,4.544746279716492,5.604601502418518
0.5522945523262024,0.6309612989425659,0.8663759231567383,0.5180567502975464,0.5180233120918274,1.0243834257125854,2.9302534461021423,4.544991850852966,5.604960322380066
0.5522927045822144,0.630989670753479,0.8663883209228516,0.5180808305740356,0.5180420279502869,1.0244661569595337,2.9301783442497253,4.545028805732727,5.6051963567733765
0.5523285269737244,0.6310422420501709,0.8664251565933228,0.5181145668029785,0.5180690288543701,1.0245275497436523,2.9303279519081116,4.545270204544067,5.60554563999176
0.5523638725280762,0.6310932636260986,0.8664616346359253,0.5181471109390259,0.5180947780609131,1.0245882272720337,2.93047696352005,4.54550564289093,5.605888366699219
0.5523619055747986,0.631118893623352,0.866473913192749,0.5181685090065002,0.518110454082489,1.0246680974960327,2.930406332015991,4.545531868934631,5.606110095977783
0.5523977875709534,0.6311691999435425,0.866510272026062,0.5181995034217834,0.5181341171264648,1.024727463722229,2.930559813976288,4.545761346817017,5.606446862220764
0.5524328947067261,0.6312180161476135,0.8665461540222168,0.518229067325592,0.5181561708450317,1.0247864723205566,2.930710017681122,4.5459818840026855,5.60677707195282
0.5524317026138306,0.6312422752380371,0.8665584325790405,0.5182477831840515,0.5181682109832764,1.0248643159866333,2.9306480288505554,4.545998573303223,5.606988072395325
0.5524671077728271,0.6312904953956604,0.8665939569473267,0.5182755589485168,0.5181877613067627,1.024922251701355,2.930801808834076,4.546211361885071,5.607312917709351
0.5525025129318237,0.6313377618789673,0.8666293621063232,0.5183020830154419,0.5182056427001953,1.024979591369629,2.9309579730033875,4.546418786048889,5.607630610466003
0.5525017976760864,0.6313600540161133,0.8666414022445679,0.5183173418045044,0.5182135105133057,1.025054931640625,2.9309025406837463,4.546422362327576,5.607828497886658
0.5525370836257935,0.6314055919647217,0.8666764497756958,0.5183414220809937,0.5182284712791443,1.0251103639602661,2.931060492992401,4.546617865562439,5.608136057853699
0.5525717735290527,0.6314491033554077,0.8667113780975342,0.5183636546134949,0.5182416439056396,1.0251643657684326,2.931218445301056,4.546805024147034,5.608433485031128
0.5525717735290527,0.6314677596092224,0.8667237758636475,0.5183746814727783,0.5182448625564575,1.0252346992492676,2.93117493391037,4.546796083450317,5.608612298965454
0.5526057481765747,0.6315075755119324,0.8667581081390381,0.5183935165405273,0.5182545185089111,1.0252854824066162,2.93133407831192,4.546966552734375,5.608890652656555
0.5526396036148071,0.6315449476242065,0.8667925596237183,0.5184102654457092,0.5182624459266663,1.025333285331726,2.9314976930618286,4.547131657600403,5.609156489372253
0.5526394248008728,0.6315571665763855,0.8668054342269897,0.5184157490730286,0.5182605385780334,1.0253962278366089,2.931464910507202,4.547104239463806,5.609304308891296
0.5526717901229858,0.6315895915031433,0.8668392896652222,0.5184285044670105,0.518264651298523,1.0254398584365845,2.931627631187439,4.547250270843506,5.6095463037490845
0.5527037382125854,0.6316187381744385,0.8668731451034546,0.5184388756752014,0.5182667970657349,1.0254803895950317,2.931792438030243,4.547386169433594,5.609772205352783
0.5527040362358093,0.6316238045692444,0.866887092590332,0.5184383988380432,0.5182598233222961,1.0255335569381714,2.9317763447761536,4.547344446182251,5.6098854541778564
0.5527336597442627,0.6316460371017456,0.866919994354248,0.5184440016746521,0.5182579755783081,1.0255683660507202,2.9319381713867188,4.5474570989608765,5.6100791692733765
0.5527632236480713,0.6316649317741394,0.8669533729553223,0.5184471011161804,0.518254280090332,1.0255990028381348,2.9321059584617615,4.547563791275024,5.610257983207703
0.5527752637863159,0.6316686272621155,0.8669760227203369,0.5184430480003357,0.518244743347168,1.025634527206421,2.9321762919425964,4.5475685596466064,5.610365271568298
0.5528004169464111,0.6316782832145691,0.8670074939727783,0.5184404253959656,0.5182366371154785,1.025659203529358,2.932330369949341,4.547640681266785,5.6105005741119385
0.5528243780136108,0.6316835880279541,0.8670386075973511,0.5184351205825806,0.5182263851165771,1.0256799459457397,2.9324835538864136,4.547700881958008,5.610615611076355
0.5528355240821838,0.6316773295402527,0.8670618534088135,0.5184240937232971,0.5182117223739624,1.0257035493850708,2.9325661063194275,4.547685384750366,5.610675811767578
0.5528551340103149,0.6316741704940796,0.8670908212661743,0.5184134244918823,0.5181974172592163,1.0257188081741333,2.9327043890953064,4.547711610794067,5.610751509666443
0.5528761148452759,0.6316685676574707,0.8671211004257202,0.5184008479118347,0.5181818008422852,1.0257291793823242,2.9328566789627075,4.547739624977112,5.610814094543457
0.552855908870697,0.6316338777542114,0.8671249151229858,0.5183754563331604,0.5181552767753601,1.0257582664489746,2.932770550251007,4.547539949417114,5.610738396644592
0.5528896450996399,0.6316325664520264,0.8671636581420898,0.5183625817298889,0.5181397199630737,1.025754690170288,2.9330068826675415,4.54762876033783,5.610818862915039
0.5528998970985413,0.6316132545471191,0.8671875,0.5183417797088623,0.5181174874305725,1.0257604122161865,2.9331091046333313,4.547585844993591,5.610813498497009
0.5528732538223267,0.6315686702728271,0.8671875,0.5183098912239075,0.5180857181549072,1.0257837772369385,2.932995557785034,4.547338485717773,5.61068594455719
0.5529168248176575,0.6315686106681824,0.8672325611114502,0.5182951092720032,0.5180688500404358,1.0257662534713745,2.933300733566284,4.5474690198898315,5.6107670068740845
0.5529221296310425,0.6315413117408752,0.8672534227371216,0.5182687640190125,0.518042266368866,1.0257660150527954,2.9333844780921936,4.5473891496658325,5.610718131065369
0.5528975129127502,0.6314934492111206,0.8672547340393066,0.5182332396507263,0.5180078148841858,1.0257799625396729,2.9332923889160156,4.54714298248291,5.610570311546326
0.5529434084892273,0.6314905881881714,0.867301344871521,0.5182151794433594,0.5179884433746338,1.0257530212402344,2.933620512485504,4.547276496887207,5.61063289642334
0.5529472231864929,0.6314579844474792,0.8673213720321655,0.5181846022605896,0.5179587006568909,1.0257457494735718,2.933703660964966,4.547179341316223,5.610554814338684
0.5529438257217407,0.6314197778701782,0.8673365116119385,0.5181509852409363,0.5179263353347778,1.0257402658462524,2.933746874332428,4.547039270401001,5.610447525978088
0.5529851913452148,0.6314097046852112,0.8673807382583618,0.5181281566619873,0.5179036259651184,1.0257079601287842,2.934057116508484,4.547141790390015,5.610471963882446
0.5529823303222656,0.6313687562942505,0.8673967123031616,0.5180925130844116,0.5178702473640442,1.0256967544555664,2.93410986661911,4.5470017194747925,5.610349178314209
0.5529822111129761,0.6313285827636719,0.8674143552780151,0.518056333065033,0.5178365111351013,1.025681495666504,2.934180796146393,4.546873569488525,5.610227584838867
0.5530078411102295,0.631304144859314,0.8674484491348267,0.5180259346961975,0.5178079605102539,1.025649905204773,2.9344066977500916,4.546883702278137,5.610179305076599
0.5529910922050476,0.6312505006790161,0.8674557209014893,0.5179834961891174,0.517769455909729,1.0256385803222656,2.9343852400779724,4.5466625690460205,5.609992146492004
0.5529813766479492,0.63120037317276,0.8674671649932861,0.5179415345191956,0.517731249332428,1.0256208181381226,2.9344072937965393,4.546475410461426,5.6098175048828125
0.5530081987380981,0.6311730742454529,0.8675018548965454,0.517907977104187,0.5177005529403687,1.025580644607544,2.9346486926078796,4.546483755111694,5.609748363494873
0.5530188679695129,0.6311336755752563,0.867526650428772,0.5178692936897278,0.5176659226417542,1.0255463123321533,2.9347974061965942,4.546404480934143,5.6096214056015015
0.5529969930648804,0.6310709118843079,0.8675308227539062,0.5178204774856567,0.5176227688789368,1.0255264043807983,2.9347583651542664,4.54614520072937,5.6093829870224
0.5530204772949219,0.631036102771759,0.8675638437271118,0.5177819728851318,0.5175886750221252,1.0254782438278198,2.9349902272224426,4.546127915382385,5.609273910522461
0.5530407428741455,0.6309982538223267,0.8675949573516846,0.5177420973777771,0.5175539255142212,1.0254298448562622,2.935205399990082,4.5460933446884155,5.609149932861328
0.5529946088790894,0.6309163570404053,0.8675836324691772,0.5176841616630554,0.5175039768218994,1.0254156589508057,2.935030162334442,4.54569935798645,5.608816146850586
0.5530067682266235,0.6308698058128357,0.8676095008850098,0.5176392793655396,0.517465353012085,1.0253647565841675,2.935204803943634,4.545614719390869,5.608645081520081
0.5530412197113037,0.6308367252349854,0.8676499128341675,0.5175996422767639,0.5174317955970764,1.0252989530563354,2.9355135560035706,4.54565167427063,5.608537793159485
0.5529971122741699,0.6307520270347595,0.8676402568817139,0.5175392031669617,0.5173808336257935,1.0252751111984253,2.9353591799736023,4.545263648033142,5.6081849336624146
0.5529972314834595,0.6306926608085632,0.8676588535308838,0.5174877047538757,0.5173379778862,1.0252209901809692,2.9354730248451233,4.545110464096069,5.607949495315552
0.5530328750610352,0.6306559443473816,0.867700457572937,0.5174455046653748,0.5173035860061646,1.0251450538635254,2.935798764228821,4.545152187347412,5.607820153236389
0.5530220866203308,0.6305891275405884,0.8677123785018921,0.517391562461853,0.5172598361968994,1.0250942707061768,2.9358503222465515,4.544946551322937,5.607549548149109
0.5530084371566772,0.6305175423622131,0.8677228689193726,0.5173351168632507,0.5172144770622253,1.0250399112701416,2.935890257358551,4.5447224378585815,5.607252717018127
0.5530301928520203,0.6304682493209839,0.8677560091018677,0.51728755235672,0.5171773433685303,1.0249637365341187,2.9361411929130554,4.544692039489746,5.607061386108398
0.5530264377593994,0.6304035186767578,0.8677728176116943,0.5172343254089355,0.5171358585357666,1.0249018669128418,2.9362398386001587,4.544528126716614,5.6067955493927
0.553019106388092,0.6303359270095825,0.8677874803543091,0.5171801447868347,0.5170941352844238,1.0248398780822754,2.936318814754486,4.544347524642944,5.606514811515808
0.552977442741394,0.6302437782287598,0.867780327796936,0.5171158313751221,0.5170443058013916,1.024793028831482,2.93619841337204,4.54397976398468,5.606117844581604
0.5530465841293335,0.6302270293235779,0.867843508720398,0.5170825719833374,0.5170215964317322,1.0246864557266235,2.9367294907569885,4.544220566749573,5.606071949005127
0.5529953241348267,0.630136251449585,0.8678296804428101,0.517021656036377,0.516975462436676,1.0246516466140747,2.936539947986603,4.543821215629578,5.605677962303162
0.5529018640518188,0.6300132870674133,0.8677892684936523,0.5169470310211182,0.5169185400009155,1.0246325731277466,2.936110198497772,4.543190598487854,5.605131387710571
0.5530367493629456,0.630043089389801,0.8678938150405884,0.5169350504875183,0.516916036605835,1.0244888067245483,2.937024235725403,4.543807506561279,5.605300068855286
0.553006112575531,0.6299747228622437,0.8678925037384033,0.5168873071670532,0.5168830752372742,1.024449110031128,2.936941683292389,4.543550610542297,5.6050074100494385
0.552825391292572,0.629801869392395,0.8677963018417358,0.516796886920929,0.516814649105072,1.0244832038879395,2.9359841346740723,4.542476534843445,5.60422420501709
0.552988588809967,0.6298542022705078,0.8679192066192627,0.5167979598045349,0.5168259739875793,1.0243241786956787,2.937060296535492,4.543275833129883,5.604497194290161
0.5530056357383728,0.6298235654830933,0.8679481744766235,0.5167701244354248,0.5168127417564392,1.0242618322372437,2.937248945236206,4.543309807777405,5.604382157325745
0.552804172039032,0.6296464204788208,0.8678386211395264,0.51668381690979,0.5167502760887146,1.024315357208252,2.9361525177955627,4.542160630226135,5.603579878807068
0.552953839302063,0.6296970844268799,0.8679531812667847,0.5166899561882019,0.5167690515518188,1.0241689682006836,2.9371365904808044,4.542924761772156,5.603849291801453
0.5529748797416687,0.6296751499176025,0.8679851293563843,0.5166711807250977,0.5167664289474487,1.0241085290908813,2.937338650226593,4.543017148971558,5.603776574134827
0.5527830123901367,0.6295089721679688,0.8678821325302124,0.516594409942627,0.5167151689529419,1.0241591930389404,2.9362908005714417,4.541953802108765,5.603030323982239
0.5529279708862305,0.6295583248138428,0.8679946660995483,0.516605019569397,0.5167410373687744,1.024014949798584,2.937244176864624,4.542722702026367,5.603299140930176
0.5529466271400452,0.6295347213745117,0.8680260181427002,0.5165895223617554,0.5167442560195923,1.0239530801773071,2.937432825565338,4.542827010154724,5.603225231170654
0.5527606010437012,0.6293706893920898,0.8679276704788208,0.5165168642997742,0.5166991949081421,1.0239967107772827,2.9364225268363953,4.541815519332886,5.602494478225708
0.5528977513313293,0.6294113397598267,0.8680363893508911,0.5165266990661621,0.5167272686958313,1.0238502025604248,2.937336266040802,4.54255998134613,5.602729320526123
0.5529159307479858,0.6293841004371643,0.8680680990219116,0.5165120959281921,0.5167335271835327,1.0237828493118286,2.937527298927307,4.542675018310547,5.602642893791199
0.5527372360229492,0.6292238235473633,0.8679745197296143,0.5164431929588318,0.5166934132575989,1.0238192081451416,2.9365622997283936,4.541715979576111,5.601931214332581
0.5528594255447388,0.6292539834976196,0.8680737018585205,0.5164511203765869,0.516721248626709,1.0236784219741821,2.9373881220817566,4.5423924922943115,5.602118372917175
0.552888035774231,0.6292334794998169,0.8681116104125977,0.5164410471916199,0.5167325139045715,1.0236032009124756,2.9376405477523804,4.542574882507324,5.602063536643982
0.5527307987213135,0.6290891170501709,0.8680309057235718,0.5163805484771729,0.5167001485824585,1.0236283540725708,2.936798632144928,4.541744589805603,5.601425766944885
0.5527716279029846,0.6290624737739563,0.8680779933929443,0.5163663625717163,0.5167099237442017,1.0235273838043213,2.9371488094329834,4.541981816291809,5.601345896720886
0.5528871417045593,0.6290922164916992,0.8681715726852417,0.5163769721984863,0.5167405009269714,1.0233938694000244,2.9379266500473022,4.542637467384338,5.601530075073242
0.552714467048645,0.6289382576942444,0.8680800199508667,0.516313374042511,0.5167054533958435,1.0234273672103882,2.9369917511940002,4.541726112365723,5.600845217704773
0.5527159571647644,0.6288830637931824,0.8681012392044067,0.5162875056266785,0.5167051553726196,1.023343563079834,2.93711394071579,4.541747570037842,5.600629448890686
0.5528666973114014,0.6289310455322266,0.8682167530059814,0.5163048505783081,0.5167418718338013,1.0231831073760986,2.9381081461906433,4.542589783668518,5.60089647769928
0.5526930093765259,0.62877357006073,0.8681235313415527,0.5162391066551208,0.5167044401168823,1.0232131481170654,2.937171161174774,4.541666507720947,5.600191950798035
0.5526838302612305,0.6287071704864502,0.8681371212005615,0.5162075757980347,0.5166990756988525,1.0231289863586426,2.9372379183769226,4.541621208190918,5.599919557571411
0.5528321862220764,0.628747820854187,0.8682503700256348,0.5162205100059509,0.5167316794395447,1.0229618549346924,2.9382267594337463,4.542439579963684,5.600149631500244
0.552655816078186,0.6285845041275024,0.8681542873382568,0.5161504149436951,0.5166897177696228,1.0229871273040771,2.9372820258140564,4.541488885879517,5.599411129951477
0.5526425242424011,0.6285115480422974,0.8681638240814209,0.5161145925521851,0.5166797637939453,1.0228997468948364,2.937329113483429,4.541409611701965,5.599102973937988
0.5527877807617188,0.6285460591316223,0.8682738542556763,0.5161232352256775,0.5167078971862793,1.0227279663085938,2.938307523727417,4.542199373245239,5.599299073219299
0.5526082515716553,0.6283763647079468,0.8681744337081909,0.5160484313964844,0.5166609287261963,1.0227484703063965,2.937350869178772,4.541217088699341,5.598524212837219
0.5525934100151062,0.6282970309257507,0.8681820631027222,0.5160080790519714,0.5166466236114502,1.0226536989212036,2.9373985528945923,4.541115760803223,5.598180294036865
0.5527365207672119,0.6283236145973206,0.8682900667190552,0.5160115361213684,0.516670286655426,1.022473692893982,2.938375771045685,4.541881680488586,5.598334074020386
0.5525519251823425,0.6281439065933228,0.8681867122650146,0.515930712223053,0.5166179537773132,1.0224872827529907,2.9374006390571594,4.540857672691345,5.597508549690247
0.552534282207489,0.6280547380447388,0.8681923151016235,0.5158845782279968,0.5165990591049194,1.022382378578186,2.9374465346336365,4.540730714797974,5.597115755081177
0.5526757836341858,0.6280709505081177,0.8682992458343506,0.5158823132514954,0.5166187286376953,1.022189736366272,2.9384297132492065,4.5414769649505615,5.5972206592559814
0.5524859428405762,0.6278785467147827,0.8681925535202026,0.5157946944236755,0.5165614485740662,1.0221928358078003,2.937440574169159,4.540414810180664,5.596332550048828
0.5524654388427734,0.6277770400047302,0.8681967258453369,0.515742301940918,0.5165387392044067,1.0220743417739868,2.9374876618385315,4.54026460647583,5.595881342887878
0.5526036024093628,0.6277797222137451,0.8683019876480103,0.515733540058136,0.5165547132492065,1.0218669176101685,2.9384714365005493,4.540985822677612,5.595923066139221
0.5524097084999084,0.6275737285614014,0.8681930303573608,0.5156393647193909,0.5164934992790222,1.021856427192688,2.937477231025696,4.539894461631775,5.594972372055054
0.5523840188980103,0.6274574995040894,0.8681943416595459,0.515580415725708,0.5164672136306763,1.021723747253418,2.937513291835785,4.539710879325867,5.59445321559906
0.552517831325531,0.6274455785751343,0.8682976961135864,0.5155652761459351,0.5164801478385925,1.0215011835098267,2.9384925961494446,4.540405869483948,5.594426989555359
0.5523207187652588,0.6272268295288086,0.8681869506835938,0.5154653787612915,0.5164161324501038,1.0214757919311523,2.9374977946281433,4.539293050765991,5.5934154987335205
0.5522911548614502,0.6270989179611206,0.8681858777999878,0.5154017806053162,0.5163880586624146,1.02133047580719,2.937527894973755,4.539089202880859,5.5928415060043335
0.5524188876152039,0.6270751953125,0.868285059928894,0.5153822302818298,0.5163992047309875,1.0210978984832764,2.9384845495224,4.5397526025772095,5.5927592515945435
0.5522214770317078,0.6268503069877625,0.8681737184524536,0.5152801871299744,0.5163347721099854,1.0210615396499634,2.9374992847442627,4.538640379905701,5.591714382171631
0.5521885752677917,0.6267145872116089,0.868169903755188,0.5152140855789185,0.5163062214851379,1.0209070444107056,2.9375186562538147,4.538422226905823,5.591099858283997
0.5523071885108948,0.6266781687736511,0.868262767791748,0.5151901841163635,0.5163155198097229,1.0206671953201294,2.938433587551117,4.539040923118591,5.590956211090088
0.5521131157875061,0.6264492273330688,0.8681527376174927,0.5150870084762573,0.5162518620491028,1.020617127418518,2.937478721141815,4.537949562072754,5.589889883995056
0.5520787835121155,0.6263091564178467,0.8681468963623047,0.5150201916694641,0.5162240862846375,1.020455241203308,2.937495708465576,4.537729620933533,5.589249134063721
0.5521799325942993,0.6262593269348145,0.8682271242141724,0.5149919390678406,0.5162306427955627,1.0202183723449707,2.9383105039596558,4.538259506225586,5.58903694152832
0.5520005226135254,0.6260391473770142,0.8681247234344482,0.5148935914039612,0.5161717534065247,1.0201549530029297,2.93744295835495,4.537254571914673,5.588003993034363
0.5519787073135376,0.6259101629257202,0.8681246042251587,0.5148330926895142,0.5161494612693787,1.019985318183899,2.9375290870666504,4.537114500999451,5.587407350540161
0.5520135164260864,0.6258189678192139,0.8681601285934448,0.5147890448570251,0.5161420702934265,1.0197843313217163,2.937946915626526,4.537287950515747,5.586990118026733
0.5519006848335266,0.6256396770477295,0.8680988550186157,0.5147088766098022,0.5161004662513733,1.019675850868225,2.9374781250953674,4.53665554523468,5.586145520210266
0.5518614649772644,0.6255025863647461,0.8680851459503174,0.514646589756012,0.516076385974884,1.0195163488388062,2.9374542832374573,4.536427855491638,5.58550238609314
0.5518730878829956,0.6253979206085205,0.8681036233901978,0.5145984292030334,0.5160652995109558,1.0193265676498413,2.9377326369285583,4.536483287811279,5.585012435913086
0.5517776012420654,0.6252294778823853,0.8680515289306641,0.5145239233970642,0.5160292387008667,1.019203782081604,2.9373660683631897,4.535952210426331,5.584211945533752
0.5517354011535645,0.6250918507575989,0.8680336475372314,0.5144628286361694,0.5160061717033386,1.0190441608428955,2.937321960926056,4.535715579986572,5.583557486534119
0.5517380833625793,0.6249838471412659,0.8680440187454224,0.5144145488739014,0.515994668006897,1.0188586711883545,2.937542498111725,4.535728693008423,5.583043098449707
0.5516443252563477,0.6248196363449097,0.8679904937744141,0.5143432021141052,0.5159608721733093,1.0187352895736694,2.9371803998947144,4.535214304924011,5.582253336906433
0.5516038537025452,0.6246874332427979,0.8679710626602173,0.5142858624458313,0.5159404873847961,1.018576741218567,2.9371377825737,4.534996151924133,5.581614971160889
0.5516018867492676,0.624581515789032,0.8679754734039307,0.514240026473999,0.5159303545951843,1.0183967351913452,2.937321364879608,4.5349931716918945,5.5810993909835815
0.551509439945221,0.6244243383407593,0.8679198026657104,0.5141732692718506,0.5158994793891907,1.0182770490646362,2.9369547963142395,4.5344942808151245,5.58033287525177
0.5514711141586304,0.6243019700050354,0.8678983449935913,0.5141218900680542,0.5158829092979431,1.0181248188018799,2.936909794807434,4.534298777580261,5.579729080200195
0.5514669418334961,0.6242052912712097,0.8678978681564331,0.5140820145606995,0.5158759951591492,1.0179567337036133,2.937060296535492,4.5342957973480225,5.579245686531067
0.5513792037963867,0.6240639686584473,0.8678411245346069,0.5140240788459778,0.5158504247665405,1.0178478956222534,2.9366981983184814,4.533836245536804,5.5785393714904785
0.5513432025909424,0.6239588856697083,0.8678170442581177,0.5139824151992798,0.5158394575119019,1.0177115201950073,2.936638593673706,4.533669352531433,5.578003525733948
0.5513409972190857,0.6238831877708435,0.8678128719329834,0.513954222202301,0.5158390402793884,1.017565131187439,2.9367652535438538,4.5336949825286865,5.577602982521057
0.551260769367218,0.6237694621086121,0.8677560091018677,0.5139108896255493,0.5158219337463379,1.0174789428710938,2.9364073276519775,4.533296823501587,5.577009916305542
0.5512290596961975,0.6236919164657593,0.8677293062210083,0.5138840675354004,0.5158191919326782,1.0173702239990234,2.9363277554512024,4.53317403793335,5.5765873193740845
0.5512321591377258,0.623645007610321,0.8677234649658203,0.5138711929321289,0.5158274173736572,1.0172520875930786,2.93643981218338,4.533249735832214,5.576304793357849
0.5511606931686401,0.6235620975494385,0.8676670789718628,0.5138440728187561,0.5158197283744812,1.0171922445297241,2.9360881447792053,4.532920718193054,5.575841665267944
0.5511314868927002,0.6235111951828003,0.8676369190216064,0.513831615447998,0.5158246159553528,1.0171136856079102,2.9359787702560425,4.532831311225891,5.575529932975769
0.5511411428451538,0.6234923005104065,0.8676308393478394,0.5138335824012756,0.5158411264419556,1.0170221328735352,2.93608695268631,4.532963037490845,5.57536780834198
0.5510786771774292,0.623439371585846,0.8675758838653564,0.5138219594955444,0.5158422589302063,1.0169886350631714,2.935744822025299,4.532701373100281,5.57503342628479
0.5510417222976685,0.6234098672866821,0.8675360679626465,0.5138213634490967,0.5158519744873047,1.0169494152069092,2.935541272163391,4.53258752822876,5.574808120727539
0.5510503053665161,0.623413622379303,0.8675248622894287,0.5138355493545532,0.5158742666244507,1.0168895721435547,2.935599982738495,4.532729387283325,5.574741363525391
0.551007866859436,0.6233941912651062,0.8674793243408203,0.5138406157493591,0.5158857703208923,1.0168722867965698,2.9353395104408264,4.532593488693237,5.574557185173035
0.5509798526763916,0.623390257358551,0.8674418926239014,0.5138530135154724,0.5159026384353638,1.016855001449585,2.9351532459259033,4.532541632652283,5.574445128440857
0.5509858131408691,0.6234093904495239,0.8674262762069702,0.5138756036758423,0.5159285068511963,1.0168207883834839,2.9351651668548584,4.532679915428162,5.574443936347961
0.550947904586792,0.6234074234962463,0.86738121509552,0.5138899683952332,0.5159449577331543,1.0168217420578003,2.9349038004875183,4.5325785875320435,5.574338436126709
0.5509374141693115,0.6234283447265625,0.8673529624938965,0.5139145851135254,0.5159696936607361,1.0168145895004272,2.934795916080475,4.532632827758789,5.5743408203125
0.5509363412857056,0.6234561204910278,0.86733078956604,0.5139422416687012,0.515996515750885,1.0168040990829468,2.9347413778305054,4.5327383279800415,5.574377179145813
0.5509005784988403,0.6234658360481262,0.8672854900360107,0.5139625072479248,0.516015350818634,1.0168200731277466,2.93447345495224,4.532652497291565,5.574326515197754
0.5509265065193176,0.6235159039497375,0.867280125617981,0.5140002965927124,0.5160499811172485,1.0168025493621826,2.9345694184303284,4.532909393310547,5.57447075843811
0.5508918762207031,0.6235288381576538,0.8672353029251099,0.5140218138694763,0.516068696975708,1.0168237686157227,2.9343023896217346,4.532827138900757,5.574436187744141
0.550861120223999,0.6235450506210327,0.8671927452087402,0.5140450596809387,0.5160887241363525,1.0168442726135254,2.93405681848526,4.5327675342559814,5.574418902397156
0.5508972406387329,0.6236023306846619,0.8671939373016357,0.5140863060951233,0.5161255598068237,1.0168250799179077,2.9342105984687805,4.533078670501709,5.574603080749512
0.550869882106781,0.623619556427002,0.8671540021896362,0.5141096115112305,0.5161451101303101,1.0168449878692627,2.933986485004425,4.533032774925232,5.574593544006348
0.5508272051811218,0.6236249208450317,0.8671044111251831,0.514127790927887,0.5161600112915039,1.016871690750122,2.933674454689026,4.532899260520935,5.574530363082886
0.550872802734375,0.6236822009086609,0.8671129941940308,0.5141684412956238,0.5161968469619751,1.0168424844741821,2.933894097805023,4.533255100250244,5.57472288608551
0.5508525371551514,0.6236972808837891,0.8670785427093506,0.5141904354095459,0.5162156224250793,1.0168530941009521,2.9337218403816223,4.53324019908905,5.574713945388794
0.550804615020752,0.6236914992332458,0.8670269250869751,0.5142030715942383,0.5162262916564941,1.0168761014938354,2.933391034603119,4.533067941665649,5.5746060609817505
0.550845742225647,0.6237369775772095,0.8670340776443481,0.5142381191253662,0.5162588357925415,1.016841173171997,2.9335984587669373,4.533389210700989,5.574752688407898
0.5508326888084412,0.6237462759017944,0.8670060634613037,0.5142565965652466,0.5162757635116577,1.0168371200561523,2.9334864020347595,4.533402323722839,5.574725866317749
0.5507705807685852,0.6237214207649231,0.8669465780258179,0.5142599940299988,0.5162789225578308,1.016858458518982,2.93308824300766,4.53313946723938,5.5745357275009155
0.5508168339729309,0.6237583756446838,0.866958498954773,0.5142899751663208,0.5163083076477051,1.0168081521987915,2.933345139026642,4.533475041389465,5.57465136051178
0.5507933497428894,0.6237497329711914,0.8669252395629883,0.514299213886261,0.5163178443908691,1.0167983770370483,2.933190166950226,4.533416032791138,5.574547648429871
0.5507247447967529,0.6237096786499023,0.8668627738952637,0.5142943859100342,0.5163145065307617,1.0168116092681885,2.932771146297455,4.533100724220276,5.574292540550232
0.5507746934890747,0.6237369775772095,0.8668783903121948,0.5143183469772339,0.5163395404815674,1.016746163368225,2.9330703616142273,4.533439874649048,5.574369430541992
0.5507450103759766,0.6237125396728516,0.8668421506881714,0.5143185257911682,0.5163415670394897,1.0167269706726074,2.932898700237274,4.533327221870422,5.574195384979248
0.5506748557090759,0.6236596703529358,0.8667795658111572,0.5143054723739624,0.5163311958312988,1.0167280435562134,2.9324910044670105,4.532982707023621,5.573884844779968
0.5507223606109619,0.6236730813980103,0.8667947053909302,0.5143203139305115,0.5163483619689941,1.0166503190994263,2.932797372341156,4.533284902572632,5.573899149894714
0.5506917238235474,0.6236363649368286,0.8667585849761963,0.5143119692802429,0.5163427591323853,1.0166187286376953,2.932640016078949,4.533142447471619,5.573670864105225
0.5506303906440735,0.6235788464546204,0.8667020797729492,0.5142935514450073,0.5163275599479675,1.0166034698486328,2.9323026537895203,4.532822370529175,5.573339462280273
0.5506651997566223,0.6235741972923279,0.8667093515396118,0.5142973065376282,0.5163342952728271,1.0165220499038696,2.9325509071350098,4.533030390739441,5.573269724845886
0.5506377816200256,0.6235295534133911,0.866675615310669,0.5142824053764343,0.5163227319717407,1.016477346420288,2.9324302077293396,4.532883167266846,5.573004484176636
0.5505680441856384,0.6234588623046875,0.8666137456893921,0.5142554640769958,0.5162992477416992,1.0164581537246704,2.932056188583374,4.532495737075806,5.572609305381775
0.5506172180175781,0.6234554648399353,0.8666303157806396,0.514256477355957,0.5163030028343201,1.016359567642212,2.9324036836624146,4.532760977745056,5.57254433631897
0.5505327582359314,0.6233728528022766,0.8665585517883301,0.5142220258712769,0.5162715315818787,1.0163466930389404,2.931946814060211,4.53227698802948,5.5720895528793335
0.5504772663116455,0.6233075857162476,0.8665052652359009,0.5141947269439697,0.5162467956542969,1.0163145065307617,2.931664288043976,4.531952738761902,5.5717164278030396
0.5506181716918945,0.623352587223053,0.866581916809082,0.5142138004302979,0.5162678360939026,1.016150712966919,2.9325738549232483,4.532707333564758,5.57188868522644
0.5504524111747742,0.6232204437255859,0.8664559125900269,0.5141555070877075,0.5162118077278137,1.0161889791488647,2.93163001537323,4.531757235527039,5.571187138557434
0.5504140257835388,0.6231623888015747,0.8664132356643677,0.5141289830207825,0.5161871314048767,1.0161421298980713,2.9314568638801575,4.5315128564834595,5.570845007896423
0.5505797863006592,0.623221218585968,0.86650550365448,0.5141519904136658,0.5162109732627869,1.0159615278244019,2.9325178265571594,4.532393217086792,5.571079850196838
0.5503832697868347,0.6230754256248474,0.8663580417633057,0.5140864849090576,0.5161458253860474,1.016025185585022,2.9313817620277405,4.531266689300537,5.570303797721863
0.5503649115562439,0.6230354905128479,0.866327166557312,0.5140669345855713,0.5161257386207581,1.015973687171936,2.931317389011383,4.531129598617554,5.570043325424194
0.5505198836326599,0.6230936646461487,0.8664107322692871,0.5140888094902039,0.5161463618278503,1.0158071517944336,2.9323038458824158,4.53194797039032,5.570266246795654
0.5503381490707397,0.6229637861251831,0.8662716150283813,0.5140295624732971,0.516085147857666,1.015870451927185,2.931244671344757,4.530900716781616,5.569559931755066
0.5503221750259399,0.6229331493377686,0.8662406206130981,0.5140133500099182,0.5160658359527588,1.0158277750015259,2.9311808943748474,4.530776143074036,5.569336414337158
0.550447940826416,0.6229823231697083,0.8663036823272705,0.5140309929847717,0.516079843044281,1.015690565109253,2.9319769144058228,4.531432390213013,5.569507479667664
0.5502711534500122,0.6228649616241455,0.8661661148071289,0.51397705078125,0.516021192073822,1.015762448310852,2.9309311509132385,4.530416131019592,5.56885302066803
0.5502614974975586,0.6228473782539368,0.8661378622055054,0.5139667987823486,0.516005277633667,1.0157270431518555,2.9308894276618958,4.530330300331116,5.568685531616211
0.5504136085510254,0.622920572757721,0.8662170171737671,0.5139951109886169,0.5160279273986816,1.0155835151672363,2.9318299889564514,4.531137943267822,5.568966865539551
0.5502400994300842,0.6228158473968506,0.8660802841186523,0.5139475464820862,0.5159731507301331,1.0156675577163696,2.930784225463867,4.530147910118103,5.568368434906006
0.5502329468727112,0.622810959815979,0.866052508354187,0.513943612575531,0.5159611701965332,1.015645146369934,2.930738627910614,4.530085921287537,5.568255186080933
0.5503559112548828,0.6228771805763245,0.8661113977432251,0.5139700770378113,0.5159797668457031,1.0155335664749146,2.931484878063202,4.53074038028717,5.5684977769851685
0.5501881837844849,0.6227864623069763,0.86597740650177,0.5139297842979431,0.5159302949905396,1.0156267881393433,2.9304561018943787,4.529793858528137,5.567960739135742
0.5501884818077087,0.6227959394454956,0.8659535646438599,0.5139336585998535,0.5159240365028381,1.0156124830245972,2.9304373264312744,4.529784321784973,5.56791365146637
0.5503218173980713,0.6228779554367065,0.866018533706665,0.5139684081077576,0.5159493684768677,1.0155067443847656,2.9312294721603394,4.530507922172546,5.568230152130127
0.5501598119735718,0.622801661491394,0.8658875226974487,0.5139362215995789,0.5159057378768921,1.0156108140945435,2.930215299129486,4.5296066999435425,5.567759871482849
0.550163745880127,0.6228237152099609,0.8658653497695923,0.5139469504356384,0.5159043669700623,1.0156080722808838,2.9302000999450684,4.529629349708557,5.567770600318909
0.5502883195877075,0.6229090690612793,0.8659241199493408,0.5139846205711365,0.5159311294555664,1.0155197381973267,2.9309242963790894,4.530314803123474,5.568101406097412
0.55013507604599,0.6228463053703308,0.8657984733581543,0.5139595866203308,0.5158932209014893,1.015629529953003,2.9299476742744446,4.52947199344635,5.567694902420044
0.5501425266265869,0.6228779554367065,0.8657784461975098,0.5139757394790649,0.5158959627151489,1.0156351327896118,2.929939925670624,4.529523253440857,5.567752718925476
0.5502668023109436,0.6229696273803711,0.8658369779586792,0.5140174031257629,0.5159255862236023,1.01555597782135,2.930651307106018,4.530216455459595,5.568113923072815
0.5501243472099304,0.622919499874115,0.8657183647155762,0.5139989852905273,0.5158930420875549,1.015668272972107,2.929728329181671,4.529441595077515,5.567770600318909
0.5501294732093811,0.6229554414749146,0.8656967878341675,0.5140178799629211,0.5158974528312683,1.0156841278076172,2.9296961426734924,4.529485702514648,5.56784987449646
0.5502336621284485,0.6230415105819702,0.8657422065734863,0.5140578150749207,0.5159240961074829,1.0156275033950806,2.9302749037742615,4.530072808265686,5.568183064460754
0.5501608848571777,0.6230324506759644,0.8656702041625977,0.5140573978424072,0.5159093141555786,1.01569664478302,2.9297715425491333,4.529684782028198,5.568045377731323
0.5500926375389099,0.6230328679084778,0.8656001091003418,0.5140615105628967,0.5158975124359131,1.0157711505889893,2.9292836785316467,4.529326558113098,5.567948818206787
0.5502205491065979,0.6231370568275452,0.8656611442565918,0.5141096115112305,0.5159311890602112,1.0157063007354736,2.929997742176056,4.530047178268433,5.568372011184692
0.5501915216445923,0.6231544017791748,0.8656187057495117,0.5141205787658691,0.515927255153656,1.0157504081726074,2.9297563433647156,4.529901146888733,5.568368434906006
0.5500785112380981,0.6231354475021362,0.8655189275741577,0.5141165256500244,0.5159057378768921,1.0158644914627075,2.9289859533309937,4.5292967557907104,5.568175911903381
0.5502137541770935,0.6232495307922363,0.8655848503112793,0.514168918132782,0.5159421563148499,1.0158039331436157,2.9297351837158203,4.530060291290283,5.568647384643555
0.5502159595489502,0.6232876777648926,0.8655632734298706,0.5141885876655579,0.5159458518028259,1.0158334970474243,2.9296770691871643,4.530084729194641,5.568748116493225
0.550079345703125,0.623261034488678,0.8654478788375854,0.5141810774803162,0.515919029712677,1.0159729719161987,2.9287531971931458,4.5293498039245605,5.568516850471497
0.550216555595398,0.6233793497085571,0.8655152320861816,0.5142346620559692,0.51595538854599,1.0159177780151367,2.9295074939727783,4.530119299888611,5.569009780883789
0.5502272844314575,0.6234247088432312,0.8654998540878296,0.5142567157745361,0.5159604549407959,1.0159469842910767,2.9294976592063904,4.530187249183655,5.569148063659668
0.5500909090042114,0.6234015226364136,0.8653846979141235,0.5142499804496765,0.515933096408844,1.0160928964614868,2.9285696148872375,4.529449939727783,5.568934082984924
0.5502290725708008,0.6235227584838867,0.8654531240463257,0.5143038034439087,0.5159684419631958,1.0160424709320068,2.9293259978294373,4.530218243598938,5.569443106651306
0.5502439141273499,0.6235737800598145,0.8654407262802124,0.5143274068832397,0.5159736275672913,1.0160760879516602,2.929333746433258,4.530303478240967,5.5696094036102295
0.5501087307929993,0.62355637550354,0.8653262853622437,0.5143222212791443,0.5159458518028259,1.0162302255630493,2.928404211997986,4.5295679569244385,5.56942343711853
0.5502506494522095,0.6236824989318848,0.8653974533081055,0.5143768787384033,0.51598060131073,1.016183614730835,2.9291781783103943,4.530349969863892,5.56995689868927
0.5502679944038391,0.623737096786499,0.8653870820999146,0.514400839805603,0.5159850716590881,1.0162206888198853,2.929198443889618,4.530442953109741,5.570141673088074
0.5501331090927124,0.623723030090332,0.8652733564376831,0.5143959522247314,0.5159562826156616,1.016381025314331,2.9282650351524353,4.529702067375183,5.569972395896912
0.5502787232398987,0.6238530874252319,0.8653473854064941,0.5144510269165039,0.5159903168678284,1.0163371562957764,2.9290583729743958,4.530497193336487,5.570526123046875
0.5502989292144775,0.6239131689071655,0.8653392791748047,0.5144762396812439,0.5159945487976074,1.0163798332214355,2.929088771343231,4.5305997133255005,5.570739507675171
0.5501654744148254,0.6239055395126343,0.8652265071868896,0.5144732594490051,0.5159657597541809,1.0165492296218872,2.9281532764434814,4.529862999916077,5.570600628852844
0.5503146052360535,0.6240415573120117,0.8653031587600708,0.5145297646522522,0.5159997940063477,1.0165104866027832,2.9289615154266357,4.5306724309921265,5.571184158325195
0.5503376722335815,0.6241077184677124,0.8652973175048828,0.5145567059516907,0.516004204750061,1.0165590047836304,2.929002046585083,4.5307862758636475,5.571426153182983
0.5502063035964966,0.6241074800491333,0.8651859760284424,0.5145562887191772,0.515976071357727,1.0167373418807983,2.9280683398246765,4.530059099197388,5.571323037147522
0.5503583550453186,0.6242501735687256,0.8652650117874146,0.5146148800849915,0.5160105228424072,1.0167056322097778,2.928885519504547,4.530880451202393,5.5719393491744995
0.550384521484375,0.6243237257003784,0.8652615547180176,0.5146445035934448,0.5160161852836609,1.0167618989944458,2.9289349913597107,4.531010985374451,5.572217702865601
0.5502562522888184,0.6243318319320679,0.8651523590087891,0.5146473050117493,0.5159896016120911,1.0169484615325928,2.928009331226349,4.530300498008728,5.572154521942139
0.5504097938537598,0.6244800090789795,0.8652330636978149,0.514707624912262,0.516024649143219,1.016924262046814,2.9288265109062195,4.531128406524658,5.572798252105713
0.5504387617111206,0.624560534954071,0.8652321100234985,0.5147400498390198,0.5160318613052368,1.0169878005981445,2.9288840293884277,4.531274437904358,5.573112368583679
0.550315260887146,0.6245778203010559,0.8651264905929565,0.5147466659545898,0.5160075426101685,1.0171818733215332,2.927975058555603,4.53059196472168,5.573095679283142
0.5504686832427979,0.6247314810752869,0.8652076721191406,0.514809250831604,0.5160436034202576,1.0171668529510498,2.9287827014923096,4.53141987323761,5.573766827583313
0.5505004525184631,0.6248201131820679,0.8652091026306152,0.5148451924324036,0.5160529613494873,1.017238974571228,2.9288461804389954,4.53158438205719,5.574121475219727
0.5503841042518616,0.6248487830162048,0.8651086091995239,0.5148568749427795,0.5160322785377502,1.017439842224121,2.927968204021454,4.53094482421875,5.574160218238831
0.5505350828170776,0.6250076293945312,0.8651888370513916,0.5149217844009399,0.5160694122314453,1.0174371004104614,2.9287496209144592,4.531761407852173,5.574858784675598
0.5505694150924683,0.6251051425933838,0.8651922941207886,0.5149618983268738,0.5160814523696899,1.0175197124481201,2.9288139939308167,4.531943202018738,5.575258135795593
0.5504652857780457,0.6251480579376221,0.8651005029678345,0.5149800181388855,0.5160657167434692,1.0177236795425415,2.927997410297394,4.531375169754028,5.57536780834198
0.5506085753440857,0.6253100633621216,0.8651763200759888,0.5150466561317444,0.516103208065033,1.0177381038665771,2.928719222545624,4.532154202461243,5.576082468032837
0.5506299734115601,0.6254116892814636,0.8651711940765381,0.5150891542434692,0.5161153078079224,1.0178457498550415,2.9286861419677734,4.532272815704346,5.576499104499817
0.5505931973457336,0.6254925727844238,0.8651258945465088,0.5151234269142151,0.5161160826683044,1.0180073976516724,2.9282784461975098,4.532076120376587,5.576803684234619
0.5506705641746521,0.6256295442581177,0.865157961845398,0.5151805877685547,0.5161418318748474,1.0180838108062744,2.928578555583954,4.5325011014938354,5.5773937702178955
0.5507100820541382,0.6257478594779968,0.8651654720306396,0.5152305364608765,0.5161600708961487,1.0181899070739746,2.928643524646759,4.532722234725952,5.577893853187561
0.5506978034973145,0.6258467435836792,0.8651376962661743,0.5152726173400879,0.5161682963371277,1.0183433294296265,2.928377091884613,4.5326632261276245,5.578292608261108
0.5507591962814331,0.6259819269180298,0.8651599884033203,0.5153295993804932,0.5161925554275513,1.018441915512085,2.9285672307014465,4.5330047607421875,5.578874945640564
0.5508022308349609,0.6261078119277954,0.865170955657959,0.5153831243515015,0.5162135362625122,1.0185551643371582,2.928643822669983,4.533249139785767,5.5794161558151245
0.5507990121841431,0.6262160539627075,0.8651503324508667,0.5154295563697815,0.5162255167961121,1.018710732460022,2.9284247756004333,4.533243179321289,5.579864978790283
0.5508595108985901,0.6263541579246521,0.8651735782623291,0.5154880881309509,0.5162510871887207,1.0188168287277222,2.9286038875579834,4.5335835218429565,5.580467581748962
0.550901472568512,0.6264824867248535,0.8651853799819946,0.5155428051948547,0.5162732601165771,1.0189372301101685,2.9286691546440125,4.533824324607849,5.581026077270508
0.5509040355682373,0.626595675945282,0.8651703596115112,0.5155916213989258,0.5162878036499023,1.0190937519073486,2.9284822940826416,4.5338523387908936,5.5815064907073975
0.5509641170501709,0.6267350912094116,0.8651951551437378,0.5156509876251221,0.5163145065307617,1.01920485496521,2.928655743598938,4.534192085266113,5.582123398780823
0.5510053634643555,0.6268646717071533,0.8652081489562988,0.5157067179679871,0.5163379311561584,1.019330382347107,2.92871356010437,4.534432291984558,5.5826956033706665
0.5510130524635315,0.6269816160202026,0.8651984930038452,0.5157574415206909,0.5163549184799194,1.0194870233535767,2.9285570979118347,4.534491300582886,5.58320164680481
0.5510708093643188,0.627120852470398,0.86522376537323,0.5158172249794006,0.51638263463974,1.0196037292480469,2.9287144541740417,4.534822106361389,5.583825707435608
0.551112949848175,0.6272518634796143,0.8652393817901611,0.5158740878105164,0.5164077877998352,1.0197325944900513,2.9287758469581604,4.5350706577301025,5.584413409233093
0.5511243939399719,0.6273713111877441,0.865234375,0.5159265398979187,0.5164273381233215,1.0198893547058105,2.928641140460968,4.535154700279236,5.5849409103393555
0.5511795878410339,0.6275097131729126,0.8652600049972534,0.5159866809844971,0.5164562463760376,1.0200109481811523,2.928782105445862,4.535475969314575,5.585569143295288
0.5512230396270752,0.6276415586471558,0.8652787208557129,0.5160447359085083,0.5164836049079895,1.0201414823532104,2.928851544857025,4.535736441612244,5.586170554161072
0.5512366890907288,0.6277625560760498,0.8652772903442383,0.5160989761352539,0.5165060758590698,1.0202995538711548,2.9287293553352356,4.535840153694153,5.586715340614319
0.5512900352478027,0.6279004812240601,0.8653039932250977,0.5161604881286621,0.516537606716156,1.0204252004623413,2.9288581013679504,4.536161422729492,5.587352514266968
0.5513340830802917,0.6280327439308167,0.8653255701065063,0.5162203311920166,0.5165682435035706,1.0205574035644531,2.9289308190345764,4.536435604095459,5.587966442108154
0.5513484477996826,0.6281532049179077,0.8653272390365601,0.516275942325592,0.5165938138961792,1.0207159519195557,2.928815186023712,4.536552429199219,5.588521957397461
0.5514010787010193,0.6282885074615479,0.8653563261032104,0.5163378119468689,0.5166277289390564,1.0208415985107422,2.9289433360099792,4.53687846660614,5.58915913105011
0.5514428615570068,0.6284167766571045,0.8653792142868042,0.51639723777771,0.5166599750518799,1.0209742784500122,2.929007411003113,4.537147879600525,5.589766502380371
0.5514581799507141,0.6285332441329956,0.865384578704834,0.5164523720741272,0.5166874527931213,1.021128535270691,2.928905189037323,4.537276029586792,5.5903160572052
0.5515167713165283,0.6286645531654358,0.8654210567474365,0.5165135264396667,0.5167238116264343,1.021243691444397,2.929082214832306,4.537639021873474,5.590951442718506
0.5515389442443848,0.6287790536880493,0.8654334545135498,0.5165683627128601,0.5167531967163086,1.021388053894043,2.9290321469306946,4.537807106971741,5.591503381729126
0.551572322845459,0.6288940906524658,0.865454912185669,0.5166230797767639,0.5167842507362366,1.021518588066101,2.929060161113739,4.538034200668335,5.592066049575806
0.551621675491333,0.6290118098258972,0.8654890060424805,0.5166794061660767,0.5168188810348511,1.0216315984725952,2.9291966557502747,4.538350701332092,5.592651963233948
0.5516339540481567,0.6291128993034363,0.8654980659484863,0.5167292952537537,0.5168465971946716,1.0217748880386353,2.9290995001792908,4.538466930389404,5.593154430389404
0.5516761541366577,0.6292198896408081,0.8655296564102173,0.5167809724807739,0.5168789029121399,1.021885633468628,2.929205000400543,4.538742899894714,5.593698620796204
0.5517188310623169,0.6293210983276367,0.865563154220581,0.5168302655220032,0.5169106721878052,1.0219894647598267,2.9293233156204224,4.53902006149292,5.594223141670227
0.5517258644104004,0.6294053792953491,0.8655729293823242,0.5168728828430176,0.5169350504875183,1.0221213102340698,2.9292193055152893,4.5391035079956055,5.594663023948669
0.5517888069152832,0.6295046806335449,0.8656232357025146,0.5169205665588379,0.5169686675071716,1.022196650505066,2.9294848442077637,4.539484977722168,5.595192909240723
0.5518130660057068,0.6295838356018066,0.8656479120254517,0.5169603228569031,0.5169943571090698,1.022300362586975,2.9295119643211365,4.539656639099121,5.59562623500824
0.551823616027832,0.6296525597572327,0.8656643629074097,0.5169956088066101,0.5170162916183472,1.0224100351333618,2.9294607043266296,4.5397526025772095,5.596011281013489
0.5518781542778015,0.6297297477722168,0.8657134771347046,0.5170331597328186,0.5170446634292603,1.0224714279174805,2.9297062754631042,4.540079832077026,5.596455335617065
0.5518920421600342,0.6297845244407654,0.8657357692718506,0.5170614719390869,0.5170638561248779,1.022560715675354,2.929704189300537,4.540185928344727,5.59678852558136
0.5519024133682251,0.6298296451568604,0.8657571077346802,0.5170850157737732,0.5170801877975464,1.0226430892944336,2.929694354534149,4.540265798568726,5.597081780433655
0.5519418716430664,0.6298762559890747,0.8658007383346558,0.5171079635620117,0.5170993804931641,1.0226887464523315,2.9298871755599976,4.540496468544006,5.597397685050964
0.5519510507583618,0.6299062371253967,0.8658243417739868,0.5171242356300354,0.517112135887146,1.0227549076080322,2.92989581823349,4.540562629699707,5.597631335258484
0.5519583225250244,0.6299290060997009,0.8658479452133179,0.5171370506286621,0.5171231627464294,1.022814393043518,2.9299044609069824,4.540615677833557,5.5978357791900635
0.5519931316375732,0.6299528479576111,0.8658926486968994,0.5171492099761963,0.5171369910240173,1.0228384733200073,2.9301056265830994,4.540810585021973,5.598058700561523
0.5519968271255493,0.6299600601196289,0.8659164905548096,0.5171545147895813,0.5171441435813904,1.0228837728500366,2.930116653442383,4.540836811065674,5.598198175430298
0.5519992113113403,0.6299607753753662,0.8659402132034302,0.5171566009521484,0.5171493291854858,1.0229226350784302,2.9301300644874573,4.540851712226868,5.598310828208923
0.5520318746566772,0.6299648284912109,0.865986704826355,0.5171589255332947,0.5171582102775574,1.022924542427063,2.9303520917892456,4.5410239696502686,5.598452091217041
0.5520315766334534,0.6299534440040588,0.8660104274749756,0.5171550512313843,0.5171599984169006,1.0229517221450806,2.930367887020111,4.541017413139343,5.598512291908264
0.5520281195640564,0.6299374103546143,0.8660323619842529,0.5171487927436829,0.5171602964401245,1.0229765176773071,2.93037086725235,4.54099178314209,5.598551630973816
0.5520465970039368,0.6299254894256592,0.866070032119751,0.5171434879302979,0.5171634554862976,1.0229767560958862,2.930521070957184,4.541079998016357,5.598616003990173
0.552058219909668,0.629907488822937,0.8661034107208252,0.5171355605125427,0.5171646475791931,1.0229779481887817,2.9306337237358093,4.5411306619644165,5.598652362823486
0.552038311958313,0.6298778057098389,0.8661143779754639,0.5171228647232056,0.5171595215797424,1.0230062007904053,2.9305443167686462,4.541010856628418,5.598621964454651
0.5520553588867188,0.6298600435256958,0.8661512136459351,0.517114520072937,0.5171607732772827,1.0229989290237427,2.930695116519928,4.541088342666626,5.598657131195068
0.5520743131637573,0.6298415064811707,0.8661893606185913,0.5171059370040894,0.517162561416626,1.0229873657226562,2.9308614134788513,4.541177153587341,5.598689317703247
0.5520507097244263,0.6298086643218994,0.8661971092224121,0.5170919299125671,0.5171564817428589,1.0230145454406738,2.9307517409324646,4.541037678718567,5.598640441894531
0.5520758032798767,0.6297935247421265,0.8662388324737549,0.5170847177505493,0.5171597599983215,1.0229970216751099,2.9309558868408203,4.541160464286804,5.598685145378113
0.552107036113739,0.62978196144104,0.8662844896316528,0.5170793533325195,0.5171648859977722,1.0229750871658325,2.931196391582489,4.541319012641907,5.598747730255127
0.5520908832550049,0.6297569274902344,0.866295576095581,0.5170692205429077,0.517162024974823,1.02299964427948,2.93112576007843,4.541225433349609,5.598729252815247
0.5521060228347778,0.6297433376312256,0.8663285970687866,0.5170636177062988,0.5171653032302856,1.0229954719543457,2.9312562942504883,4.541301131248474,5.598771572113037
0.5521342754364014,0.629734992980957,0.866370677947998,0.517060399055481,0.5171716213226318,1.0229793787002563,2.931470572948456,4.54145073890686,5.59884250164032
0.5521195530891418,0.6297146677970886,0.8663814067840576,0.517052948474884,0.5171707272529602,1.023005723953247,2.9314014315605164,4.541370272636414,5.598839521408081
0.5521182417869568,0.6296992897987366,0.8664013147354126,0.5170474648475647,0.5171725153923035,1.0230191946029663,2.931419014930725,4.5413631200790405,5.598862171173096
0.5521429777145386,0.6296926736831665,0.8664398193359375,0.5170456171035767,0.517179548740387,1.0230079889297485,2.931605279445648,4.541497230529785,5.598933696746826
0.5521319508552551,0.6296766996383667,0.8664518594741821,0.5170405507087708,0.5171807408332825,1.0230326652526855,2.931555211544037,4.541441798210144,5.5989474058151245
0.5521626472473145,0.6296738982200623,0.8664939403533936,0.5170407295227051,0.5171900391578674,1.0230165719985962,2.9317769408226013,4.541612863540649,5.59903621673584
0.552135705947876,0.6296575665473938,0.8664933443069458,0.5170364379882812,0.5171899199485779,1.0230611562728882,2.9316145181655884,4.541476368904114,5.599036812782288
0.5521836280822754,0.6296635866165161,0.866546630859375,0.5170409679412842,0.5172040462493896,1.0230317115783691,2.931942641735077,4.5417457818984985,5.599168539047241
0.552200198173523,0.6296613812446594,0.8665771484375,0.5170429348945618,0.5172133445739746,1.0230342149734497,2.932063043117523,4.54184889793396,5.599251389503479
0.5520907044410706,0.629627525806427,0.8665151596069336,0.5170333385467529,0.5172006487846375,1.0231664180755615,2.9313471913337708,4.541276693344116,5.599133372306824
0.5522346496582031,0.6296650171279907,0.8666368722915649,0.5170509219169617,0.5172342658042908,1.0230447053909302,2.9322993755340576,4.542068839073181,5.599443316459656
0.5522284507751465,0.6296619176864624,0.8666496276855469,0.5170543789863586,0.5172424912452698,1.0230753421783447,2.9322603344917297,4.542060494422913,5.5995094776153564
0.5520907640457153,0.6296274065971375,0.8665655851364136,0.5170464515686035,0.5172280073165894,1.0232431888580322,2.9313457012176514,4.541347026824951,5.599372386932373
0.5522511601448059,0.6296752691268921,0.8666979074478149,0.5170697569847107,0.5172678232192993,1.0231106281280518,2.9323962330818176,4.542238116264343,5.599732398986816
0.5522574186325073,0.6296834945678711,0.866718053817749,0.5170794725418091,0.5172817707061768,1.0231373310089111,2.932424247264862,4.5423078536987305,5.599849820137024
0.552126407623291,0.6296596527099609,0.8666368722915649,0.5170779228210449,0.5172724723815918,1.0233081579208374,2.931537628173828,4.541643261909485,5.599759817123413
0.5522713661193848,0.62971031665802,0.866756796836853,0.5171043872833252,0.5173130631446838,1.0231987237930298,2.9324737191200256,4.542463421821594,5.600124001502991
0.5522947311401367,0.6297316551208496,0.8667876720428467,0.5171211361885071,0.5173337459564209,1.0232175588607788,2.9325994849205017,4.542635679244995,5.60030460357666
0.5521642565727234,0.6297173500061035,0.8667049407958984,0.5171253681182861,0.5173282623291016,1.023398518562317,2.9316991567611694,4.541985392570496,5.600253939628601
0.5523057579994202,0.6297743916511536,0.8668209314346313,0.5171564221382141,0.5173717141151428,1.0233012437820435,2.93259859085083,4.542797803878784,5.600643157958984
0.5523297786712646,0.6298044919967651,0.8668506145477295,0.5171785354614258,0.5173958539962769,1.0233293771743774,2.932713031768799,4.542984366416931,5.600860118865967
0.552202582359314,0.6297996044158936,0.866768479347229,0.5171881914138794,0.5173942446708679,1.023517370223999,2.931818962097168,4.542361497879028,5.600849986076355
0.5523409843444824,0.6298618912696838,0.8668810129165649,0.5172229409217834,0.5174397826194763,1.0234307050704956,2.932685911655426,4.543165564537048,5.60126006603241
0.5523654222488403,0.6298984885215759,0.8669096231460571,0.5172490477561951,0.5174664855003357,1.0234664678573608,2.9327914118766785,4.543361663818359,5.6015050411224365
0.5522434711456299,0.6299008131027222,0.8668301105499268,0.5172626972198486,0.5174678564071655,1.0236562490463257,2.93192058801651,4.5427727699279785,5.601527094841003
0.5523744225502014,0.6299635171890259,0.8669368028640747,0.5172984600067139,0.5175131559371948,1.0235803127288818,2.932734489440918,4.543539881706238,5.60193657875061
0.5524020791053772,0.6300023198127747,0.8669673204421997,0.517325758934021,0.5175408124923706,1.0236150026321411,2.932858169078827,4.543754458427429,5.602192282676697
0.5523002743721008,0.6300102472305298,0.8669021129608154,0.5173417925834656,0.5175455808639526,1.02378511428833,2.93211966753006,4.543273448944092,5.602250099182129
0.5523699522018433,0.6300570964813232,0.8669636249542236,0.5173718333244324,0.5175800323486328,1.0237728357315063,2.932526469230652,4.543710947036743,5.6025612354278564
0.5524634122848511,0.6301097273826599,0.8670426607131958,0.5174041390419006,0.5176184773445129,1.0237364768981934,2.9330915212631226,4.544277191162109,5.60291051864624
0.5523468255996704,0.6301131248474121,0.8669666051864624,0.517418384552002,0.5176202654838562,1.0239216089248657,2.9322555661201477,4.54371452331543,5.602940917015076
0.5523834824562073,0.6301469802856445,0.8670045137405396,0.517443060874939,0.5176472067832947,1.0239384174346924,2.932451367378235,4.543971419334412,5.603182315826416
0.5525094270706177,0.6301993727684021,0.8671085834503174,0.5174741148948669,0.5176888704299927,1.0238591432571411,2.9332461953163147,4.544704556465149,5.603549480438232
0.5524091124534607,0.6301989555358887,0.8670456409454346,0.5174858570098877,0.517690896987915,1.0240188837051392,2.9325315356254578,4.544221758842468,5.60357391834259
0.552431583404541,0.6302191019058228,0.8670746088027954,0.5175039172172546,0.5177121162414551,1.0240389108657837,2.9326507449150085,4.544392824172974,5.6037527322769165
0.5525572299957275,0.6302585601806641,0.8671804666519165,0.5175280570983887,0.5177493691444397,1.0239450931549072,2.9334667325019836,4.54511284828186,5.604066848754883
0.5524488687515259,0.6302430629730225,0.867113471031189,0.5175318717956543,0.5177451968193054,1.0240980386734009,2.932722270488739,4.544573426246643,5.604025721549988
0.5524632930755615,0.6302456855773926,0.8671387434005737,0.5175406336784363,0.5177594423294067,1.0241080522537231,2.9328149557113647,4.544685482978821,5.604126453399658
0.5525860786437988,0.6302688717842102,0.8672447204589844,0.5175560712814331,0.5177910327911377,1.0239986181259155,2.9336389899253845,4.545375108718872,5.604372024536133
0.5524566769599915,0.630236029624939,0.8671637773513794,0.5175512433052063,0.517778754234314,1.0241583585739136,2.932775914669037,4.5447105169296265,5.604246258735657
0.5524665713310242,0.6302233934402466,0.8671873807907104,0.5175520181655884,0.5177875757217407,1.0241557359695435,2.9328638315200806,4.5447856187820435,5.604280233383179
0.5525879263877869,0.6302330493927002,0.8672939538955688,0.5175603032112122,0.5178146958351135,1.024031162261963,2.9337015748023987,4.545456171035767,5.604467988014221
0.552476704120636,0.6301941871643066,0.86722731590271,0.5175514817237854,0.5178021788597107,1.0241587162017822,2.9329779744148254,4.544879794120789,5.6043243408203125
0.5524817705154419,0.6301720142364502,0.8672482967376709,0.5175474286079407,0.5178074836730957,1.0241498947143555,2.933048903942108,4.544922113418579,5.604313611984253
0.5526004433631897,0.6301742792129517,0.8673532009124756,0.5175520777702332,0.5178319811820984,1.02401864528656,2.9338806867599487,4.545572400093079,5.604466199874878
0.552485466003418,0.6301310062408447,0.8672835826873779,0.5175410509109497,0.5178176164627075,1.0241445302963257,2.933138608932495,4.544973969459534,5.604298114776611
0.5524882674217224,0.6301048398017883,0.867302417755127,0.5175351500511169,0.5178215503692627,1.0241326093673706,2.9332002997398376,4.54500138759613,5.604267120361328
0.5526049733161926,0.6301037073135376,0.8674055337905884,0.5175378918647766,0.5178444981575012,1.023998498916626,2.9340243339538574,4.545639157295227,5.604400038719177
0.5524884462356567,0.6300588846206665,0.8673338890075684,0.5175259709358215,0.5178289413452148,1.0241233110427856,2.9332736134529114,4.545029401779175,5.604221224784851
0.5524895191192627,0.6300309896469116,0.8673508167266846,0.5175189971923828,0.5178316831588745,1.024110198020935,2.93332576751709,4.545044898986816,5.604177117347717
0.552603542804718,0.6300308704376221,0.8674505949020386,0.5175222754478455,0.5178542137145996,1.0239794254302979,2.9341289401054382,4.545668363571167,5.604308247566223
0.5524897575378418,0.6299930214881897,0.8673785924911499,0.5175138115882874,0.5178406834602356,1.0241073369979858,2.9333850741386414,4.545077681541443,5.604153871536255
0.5524912476539612,0.6299723386764526,0.8673936128616333,0.5175105929374695,0.5178453326225281,1.024100661277771,2.9334276914596558,4.545101523399353,5.6041353940963745
0.5525990128517151,0.6299754977226257,0.8674869537353516,0.5175157189369202,0.5178678035736084,1.023980975151062,2.934180200099945,4.54569399356842,5.604272484779358
0.5524924993515015,0.6299414038658142,0.8674193620681763,0.5175088047981262,0.517855703830719,1.0241022109985352,2.9334816336631775,4.5451438426971436,5.604134798049927
0.5525105595588684,0.6299248933792114,0.8674455881118774,0.5175068974494934,0.5178627967834473,1.0240775346755981,2.9336336255073547,4.545254707336426,5.6041377782821655
0.5525522232055664,0.6299157738685608,0.8674886226654053,0.517507791519165,0.5178739428520203,1.0240302085876465,2.9339399933815002,4.54549252986908,5.604182481765747
0.5525155067443848,0.6298948526382446,0.8674721717834473,0.5175049304962158,0.5178725719451904,1.0240728855133057,2.9337117075920105,4.54531192779541,5.604133605957031
0.5525189638137817,0.6298792958259583,0.867485761642456,0.517503559589386,0.5178772807121277,1.024067997932434,2.933758795261383,4.545345306396484,5.6041282415390015
0.5525326728820801,0.6298651099205017,0.8675069808959961,0.5175024271011353,0.5178831815719604,1.0240508317947388,2.9338759183883667,4.545431733131409,5.604133605957031
0.5525193214416504,0.6298448443412781,0.8675079345703125,0.5174990296363831,0.5178842544555664,1.024062156677246,2.9338130354881287,4.545373320579529,5.604097247123718
0.5525180101394653,0.6298249959945679,0.8675179481506348,0.5174953937530518,0.5178868174552917,1.024057388305664,2.9338333010673523,4.545376896858215,5.604068040847778
0.5525208711624146,0.6298040151596069,0.8675311803817749,0.5174911022186279,0.5178895592689514,1.024045467376709,2.9338857531547546,4.545401334762573,5.604036450386047
0.5525122880935669,0.6297789812088013,0.8675359487533569,0.5174851417541504,0.5178897380828857,1.0240434408187866,2.9338642954826355,4.5453643798828125,5.603981018066406
0.5525091886520386,0.6297533512115479,0.8675447702407837,0.5174787044525146,0.517890453338623,1.0240328311920166,2.933882772922516,4.545354247093201,5.60392439365387
0.5525063276290894,0.6297258138656616,0.8675539493560791,0.5174713134765625,0.5178906321525574,1.0240192413330078,2.9339060187339783,4.545345306396484,5.6038594245910645
0.5524988174438477,0.6296948194503784,0.8675599098205566,0.5174623131752014,0.5178894400596619,1.0240072011947632,2.9339030385017395,4.545309543609619,5.603776574134827
0.5524930953979492,0.6296614408493042,0.8675674200057983,0.5174520015716553,0.5178875923156738,1.0239894390106201,2.933916747570038,4.545280933380127,5.603683590888977
0.5524865388870239,0.6296252012252808,0.8675742149353027,0.517440140247345,0.5178847312927246,1.0239688158035278,2.9339298605918884,4.5452457666397095,5.603577494621277
0.5524781942367554,0.6295862197875977,0.8675800561904907,0.5174268484115601,0.5178806781768799,1.0239468812942505,2.933935225009918,4.545198678970337,5.603457093238831
0.5524700880050659,0.6295455694198608,0.8675858974456787,0.5174124836921692,0.5178759098052979,1.0239218473434448,2.933945059776306,4.545150995254517,5.603328347206116
0.5524613261222839,0.629502534866333,0.8675912618637085,0.517396867275238,0.5178702473640442,1.0238944292068481,2.9339540004730225,4.545096755027771,5.603187680244446
0.5524518489837646,0.6294573545455933,0.8675960302352905,0.5173799395561218,0.5178635120391846,1.02386474609375,2.933962345123291,4.5450359582901,5.603036880493164
0.5524416565895081,0.6294105052947998,0.8676002025604248,0.5173620581626892,0.5178559422492981,1.0238333940505981,2.9339686036109924,4.544970393180847,5.602876543998718
0.5524311661720276,0.6293617486953735,0.8676038980484009,0.5173429846763611,0.5178475379943848,1.0237994194030762,2.9339760541915894,4.54490065574646,5.602705478668213
0.5524202585220337,0.629311203956604,0.8676073551177979,0.5173227787017822,0.5178382396697998,1.0237632989883423,2.93398380279541,4.544826149940491,5.602525472640991
0.5524086952209473,0.629259467124939,0.867609977722168,0.5173018574714661,0.5178281664848328,1.0237258672714233,2.933989465236664,4.544746279716492,5.602337718009949
0.552396833896637,0.629206657409668,0.8676122426986694,0.5172800421714783,0.5178172588348389,1.0236870050430298,2.9339948296546936,4.544662237167358,5.602143406867981
0.5523849129676819,0.6291531324386597,0.8676140308380127,0.5172576904296875,0.5178058743476868,1.0236467123031616,2.9340004920959473,4.54457700252533,5.601943731307983
0.5523723363876343,0.6290985345840454,0.8676152229309082,0.5172345042228699,0.5177937150001526,1.0236051082611084,2.9340043663978577,4.5444852113723755,5.6017374992370605
0.5523597002029419,0.6290431022644043,0.8676159381866455,0.5172107815742493,0.5177808403968811,1.0235620737075806,2.9340091347694397,4.544392228126526,5.60152530670166
0.5523468255996704,0.628987193107605,0.8676161766052246,0.5171865224838257,0.5177675485610962,1.0235179662704468,2.93401300907135,4.5442962646484375,5.601308345794678
0.5523337125778198,0.6289311647415161,0.8676156997680664,0.5171619057655334,0.5177537798881531,1.0234733819961548,2.934015393257141,4.544197916984558,5.601089000701904
0.5523205995559692,0.6288748383522034,0.8676151037216187,0.5171369910240173,0.5177395939826965,1.0234277248382568,2.93401837348938,4.5440977811813354,5.600864887237549
0.5523072481155396,0.6288182139396667,0.8676137924194336,0.5171117186546326,0.5177249908447266,1.0233814716339111,2.934020459651947,4.5439958572387695,5.60063898563385
0.5522936582565308,0.6287614107131958,0.8676120042800903,0.5170862078666687,0.5177100300788879,1.023334264755249,2.9340216517448425,4.54389214515686,5.600409507751465
0.5522801876068115,0.6287047863006592,0.8676098585128784,0.5170605778694153,0.5176948308944702,1.0232865810394287,2.934023141860962,4.543787240982056,5.600178241729736
0.5522667169570923,0.6286485195159912,0.8676072359085083,0.5170350074768066,0.5176795721054077,1.0232387781143188,2.9340240359306335,4.543682932853699,5.59994637966156
0.5522531867027283,0.6285924911499023,0.8676042556762695,0.517009437084198,0.5176641345024109,1.0231903791427612,2.9340243339538574,4.543577432632446,5.599713921546936
0.5522398352622986,0.6285370588302612,0.8676009178161621,0.5169839859008789,0.5176487565040588,1.0231417417526245,2.934025526046753,4.543473720550537,5.599481463432312
0.5522265434265137,0.6284822821617126,0.867597222328186,0.5169588923454285,0.5176333785057068,1.0230934619903564,2.9340246319770813,4.54336941242218,5.599250793457031
0.5522133111953735,0.6284279823303223,0.8675931692123413,0.5169338583946228,0.5176180005073547,1.0230447053909302,2.9340246319770813,4.543266296386719,5.599019527435303
0.5522004961967468,0.628374457359314,0.867588996887207,0.5169091820716858,0.5176028609275818,1.0229958295822144,2.934025228023529,4.543164968490601,5.5987900495529175
0.5521876215934753,0.6283218860626221,0.867584228515625,0.5168849229812622,0.5175878405570984,1.0229475498199463,2.9340246319770813,4.543064832687378,5.598562955856323
0.5521752834320068,0.6282707452774048,0.8675793409347534,0.5168613195419312,0.5175731778144836,1.0228995084762573,2.934025526046753,4.542968273162842,5.598340034484863
0.5521634817123413,0.6282208561897278,0.8675743341445923,0.5168382525444031,0.5175588130950928,1.022851824760437,2.9340270161628723,4.542874097824097,5.598121881484985
0.552151620388031,0.628171980381012,0.8675689697265625,0.516815721988678,0.5175446271896362,1.022804856300354,2.934027314186096,4.542781710624695,5.597904920578003
0.5521407127380371,0.6281241774559021,0.8675638437271118,0.5167937278747559,0.5175308585166931,1.0227572917938232,2.9340320825576782,4.542694687843323,5.5976927280426025
0.5521300435066223,0.6280778646469116,0.8675583600997925,0.5167722702026367,0.5175173878669739,1.0227106809616089,2.9340362548828125,4.542609453201294,5.597484707832336
0.5521196126937866,0.6280330419540405,0.867552638053894,0.5167515277862549,0.5175041556358337,1.0226651430130005,2.934039533138275,4.542526602745056,5.597281455993652
0.552115797996521,0.6279914379119873,0.8675510883331299,0.5167320966720581,0.517492413520813,1.0226143598556519,2.934083640575409,4.542479515075684,5.597094297409058
0.5520907640457153,0.6279467940330505,0.8675335645675659,0.516711950302124,0.5174775123596191,1.0225874185562134,2.93398380279541,4.542320966720581,5.596880912780762
0.5521079301834106,0.6279116868972778,0.867546558380127,0.5166946649551392,0.5174691081047058,1.0225156545639038,2.9341647028923035,4.542384743690491,5.596727728843689
0.5520861744880676,0.6278731822967529,0.8675299882888794,0.5166771411895752,0.5174556970596313,1.0224915742874146,2.934076189994812,4.542245268821716,5.596539378166199
0.5520616769790649,0.6278321743011475,0.867511510848999,0.5166582465171814,0.5174410939216614,1.0224674940109253,2.933973968029022,4.5420897006988525,5.59633731842041
0.5520949363708496,0.6278046369552612,0.8675349950790405,0.5166435837745667,0.5174352526664734,1.0223822593688965,2.93425589799881,4.542238712310791,5.596221089363098
0.5520606637001038,0.6277687549591064,0.8675075769424438,0.5166271924972534,0.5174201130867004,1.022377610206604,2.9340744018554688,4.542032480239868,5.59603214263916
0.5520374774932861,0.6277310848236084,0.8674888610839844,0.516609251499176,0.5174053907394409,1.0223551988601685,2.933974862098694,4.541882276535034,5.595840811729431
0.5520753264427185,0.6277077794075012,0.8675144910812378,0.5165956020355225,0.517399787902832,1.0222681760787964,2.934282124042511,4.542052745819092,5.595739483833313
0.5520409345626831,0.6276764273643494,0.8674854040145874,0.5165806412696838,0.5173844695091248,1.022268533706665,2.9340922832489014,4.541845321655273,5.595566034317017
0.5520150065422058,0.6276441216468811,0.8674631118774414,0.5165647864341736,0.5173696279525757,1.022255778312683,2.9339638352394104,4.54167902469635,5.595391392707825
0.5520573258399963,0.6276286244392395,0.8674904108047485,0.516554057598114,0.5173653364181519,1.0221717357635498,2.934289574623108,4.541875123977661,5.595320463180542
0.5520244240760803,0.6276044249534607,0.8674608469009399,0.5165419578552246,0.5173508524894714,1.0221786499023438,2.9340973496437073,4.541674852371216,5.595173239707947
0.5519967675209045,0.6275773048400879,0.8674356937408447,0.5165277123451233,0.5173354744911194,1.0221744775772095,2.933948040008545,4.541497826576233,5.59501588344574
0.5520405769348145,0.6275659799575806,0.8674626350402832,0.516517698764801,0.5173302292823792,1.0220935344696045,2.9342761635780334,4.541695713996887,5.594959259033203
0.552008867263794,0.6275457739830017,0.8674328327178955,0.5165061950683594,0.5173148512840271,1.0221034288406372,2.934086322784424,4.541496634483337,5.5948251485824585
0.5519825220108032,0.6275254487991333,0.8674070835113525,0.51649409532547,0.5172996520996094,1.0221056938171387,2.9339340329170227,4.541324973106384,5.594692230224609
0.5520169734954834,0.6275205612182617,0.8674254417419434,0.5164868235588074,0.5172938704490662,1.0220450162887573,2.934185266494751,4.541473388671875,5.594653487205505
0.551999032497406,0.6275103092193604,0.8674042224884033,0.5164787769317627,0.5172809362411499,1.0220485925674438,2.9340752959251404,4.541347622871399,5.59456467628479
0.5519742965698242,0.6274965405464172,0.8673783540725708,0.5164688229560852,0.5172661542892456,1.0220569372177124,2.9339230060577393,4.541181921958923,5.594457387924194
0.5519940853118896,0.6274889707565308,0.867385745048523,0.5164597034454346,0.517256498336792,1.022012710571289,2.934075891971588,4.541247487068176,5.594397783279419
0.5519996881484985,0.6274795532226562,0.867382287979126,0.5164496302604675,0.5172441005706787,1.0219857692718506,2.9341313242912292,4.541235566139221,5.59432327747345
0.5519461631774902,0.6274594068527222,0.867335319519043,0.5164365768432617,0.5172232389450073,1.0220251083374023,2.9337874054908752,4.540911912918091,5.594172477722168
0.5519644021987915,0.6274507641792297,0.8673412799835205,0.516425609588623,0.517211377620697,1.0219815969467163,2.933931350708008,4.540961384773254,5.594103932380676
0.5519798994064331,0.6274426579475403,0.8673452138900757,0.5164146423339844,0.5171988010406494,1.0219426155090332,2.9340550303459167,4.540995955467224,5.59403657913208
0.5519260764122009,0.6274206638336182,0.8672982454299927,0.5163999199867249,0.5171763896942139,1.0219799280166626,2.9337123036384583,4.540665149688721,5.593876242637634
0.5519452095031738,0.6274120807647705,0.8673051595687866,0.5163883566856384,0.5171641111373901,1.0219348669052124,2.933863401412964,4.540717601776123,5.593807697296143
0.5519627928733826,0.6274048089981079,0.8673105239868164,0.5163772702217102,0.5171516537666321,1.021893858909607,2.934000790119171,4.540761113166809,5.593743920326233
0.551913857460022,0.6273828744888306,0.8672674894332886,0.5163620114326477,0.5171294808387756,1.0219241380691528,2.93369323015213,4.540455341339111,5.593585968017578
0.5519330501556396,0.6273730993270874,0.8672747611999512,0.5163493156433105,0.5171165466308594,1.0218771696090698,2.9338473081588745,4.540505409240723,5.593511462211609
0.5519506931304932,0.6273637413978577,0.8672808408737183,0.5163367986679077,0.5171032547950745,1.021833062171936,2.933988869190216,4.540547132492065,5.593438744544983
0.5519008040428162,0.6273385286331177,0.8672378063201904,0.5163195133209229,0.5170798897743225,1.0218602418899536,2.933681011199951,4.540232419967651,5.5932652950286865
0.5519200563430786,0.6273256540298462,0.8672457933425903,0.5163049101829529,0.5170658826828003,1.0218089818954468,2.933841645717621,4.540280103683472,5.593177676200867
0.5519367456436157,0.6273128390312195,0.8672518730163574,0.5162903070449829,0.5170515179634094,1.021761417388916,2.9339835047721863,4.540314674377441,5.593088865280151
0.551887035369873,0.6272860765457153,0.8672096729278564,0.5162721872329712,0.5170280933380127,1.0217857360839844,2.9336807131767273,4.540001153945923,5.592909455299377
0.5519056916236877,0.6272740960121155,0.8672173023223877,0.516258180141449,0.517014741897583,1.0217357873916626,2.9338350892066956,4.540048241615295,5.592825412750244
0.5519116520881653,0.6272597312927246,0.8672157526016235,0.5162436962127686,0.5170000195503235,1.0216999053955078,2.9339048266410828,4.540030360221863,5.592724680900574
0.551875114440918,0.6272345781326294,0.8671836853027344,0.5162258744239807,0.5169787406921387,1.0217077732086182,2.9336923360824585,4.539787769317627,5.592558979988098
0.5518816709518433,0.6272169351577759,0.8671832084655762,0.5162095427513123,0.5169631838798523,1.021666407585144,2.933771312236786,4.539769291877747,5.592444539070129
0.5518864989280701,0.6271973848342896,0.8671820163726807,0.5161923766136169,0.5169470906257629,1.02162504196167,2.9338428378105164,4.539742469787598,5.592321753501892
0.5518556833267212,0.6271700263023376,0.8671548366546631,0.5161730051040649,0.5169259905815125,1.021621823310852,2.9336756467819214,4.539528489112854,5.592149496078491
0.5518604516983032,0.6271511316299438,0.8671534061431885,0.5161561369895935,0.5169103741645813,1.0215805768966675,2.9337450861930847,4.539502859115601,5.592027902603149
0.5518651008605957,0.6271321773529053,0.8671520948410034,0.5161393284797668,0.5168948769569397,1.021539330482483,2.9338139295578003,4.539476633071899,5.591906905174255
0.5518354773521423,0.6271061897277832,0.8671257495880127,0.5161207318305969,0.5168749094009399,1.0215353965759277,2.9336529970169067,4.539271593093872,5.591740012168884
0.5518412590026855,0.6270895004272461,0.8671250343322754,0.5161051750183105,0.5168605446815491,1.0214946269989014,2.9337266087532043,4.539254903793335,5.591628551483154
0.5518463850021362,0.627072811126709,0.8671239614486694,0.516089677810669,0.5168463587760925,1.021454930305481,2.933795154094696,4.539235830307007,5.591517090797424
0.5518172979354858,0.6270488500595093,0.8670980930328369,0.5160724520683289,0.5168277025222778,1.0214520692825317,2.9336348176002502,4.5390379428863525,5.5913591384887695
0.5518239736557007,0.6270348429679871,0.8670978546142578,0.5160583853721619,0.5168148279190063,1.0214128494262695,2.933710515499115,4.539029598236084,5.591259598731995
0.5518296360969543,0.6270216703414917,0.8670969009399414,0.5160452127456665,0.5168026685714722,1.0213757753372192,2.9337772727012634,4.53902006149292,5.591161847114563
0.5518015623092651,0.6270014047622681,0.8670715093612671,0.5160303711891174,0.5167863965034485,1.0213754177093506,2.9336175322532654,4.5388346910476685,5.591021776199341
0.5518086552619934,0.6269915103912354,0.867071270942688,0.5160190463066101,0.5167759656906128,1.021340012550354,2.933689057826996,4.5388370752334595,5.590938925743103
0.5518147349357605,0.6269827485084534,0.867070198059082,0.5160084366798401,0.5167658925056458,1.0213074684143066,2.9337510466575623,4.538835287094116,5.590862035751343
0.5517882108688354,0.6269669532775879,0.8670457601547241,0.515995979309082,0.5167514085769653,1.0213100910186768,2.9335954785346985,4.538663625717163,5.590739846229553
0.5517954230308533,0.6269608736038208,0.8670451641082764,0.5159866213798523,0.5167422294616699,1.021279215812683,2.9336604475975037,4.538668990135193,5.5906736850738525
0.5518015623092651,0.6269549131393433,0.8670439720153809,0.5159775614738464,0.5167332291603088,1.021249771118164,2.933718264102936,4.538671374320984,5.590608716011047
0.5517765879631042,0.6269409656524658,0.8670204877853394,0.5159661769866943,0.5167199969291687,1.0212526321411133,2.933570146560669,4.53851044178009,5.590496063232422
0.5517812967300415,0.6269357800483704,0.8670183420181274,0.5159577131271362,0.5167115330696106,1.021225929260254,2.9336169362068176,4.538506865501404,5.590433478355408
0.5517890453338623,0.6269326210021973,0.8670182228088379,0.5159501433372498,0.5167039632797241,1.0211976766586304,2.9336807131767273,4.538520574569702,5.590380430221558
0.5517697334289551,0.6269232034683228,0.866998553276062,0.5159409046173096,0.5166926980018616,1.0211983919143677,2.933564782142639,4.538393020629883,5.590290427207947
0.551734447479248,0.6269086599349976,0.8669676780700684,0.5159298777580261,0.5166788101196289,1.0212141275405884,2.933345139026642,4.538180828094482,5.590171217918396
0.5518051385879517,0.62692791223526,0.8670119047164917,0.5159301161766052,0.516681969165802,1.0211282968521118,2.933814823627472,4.538528919219971,5.5902403593063354
0.5517048835754395,0.626895010471344,0.8669348955154419,0.5159131288528442,0.5166581273078918,1.0212095975875854,2.933168411254883,4.537973403930664,5.590014457702637
0.5517469644546509,0.6269056797027588,0.866958737373352,0.5159101486206055,0.5166562795639038,1.0211516618728638,2.9334521293640137,4.538168907165527,5.59003472328186
0.5517939925193787,0.6269205808639526,0.8669857978820801,0.5159090161323547,0.5166558623313904,1.0210930109024048,2.9337626695632935,4.538391828536987,5.59007465839386
0.551669716835022,0.6268793344497681,0.8668920993804932,0.5158883929252625,0.5166268944740295,1.021196722984314,2.9329606890678406,4.537704586982727,5.589802861213684
0.5517797470092773,0.6269124746322632,0.8669637441635132,0.5158921480178833,0.5166349411010742,1.0210753679275513,2.9336848855018616,4.538254737854004,5.589945912361145
0.5517882108688354,0.6269161701202393,0.8669635057449341,0.5158866047859192,0.5166273713111877,1.0210555791854858,2.9337435960769653,4.5382702350616455,5.589922070503235
0.5516815185546875,0.6268810033798218,0.86688232421875,0.5158674120903015,0.5166004300117493,1.0211436748504639,2.9330551624298096,4.537672400474548,5.5896830558776855
0.5517396926879883,0.6268996000289917,0.8669171333312988,0.515865683555603,0.5165994167327881,1.0210745334625244,2.933439016342163,4.53794538974762,5.589741468429565
0.5518115758895874,0.6269239783287048,0.8669615983963013,0.5158663392066956,0.5166011452674866,1.020995020866394,2.933908998966217,4.538291096687317,5.589831471443176
0.5516794919967651,0.6268767714500427,0.866863489151001,0.5158417820930481,0.5165683031082153,1.021103024482727,2.9330632090568542,4.537553787231445,5.589531660079956
0.5517259836196899,0.6268885135650635,0.8668906688690186,0.5158365368843079,0.5165637135505676,1.0210416316986084,2.933376729488373,4.537758231163025,5.589555501937866
0.5518342852592468,0.6269237399101257,0.8669611215591431,0.5158398151397705,0.516569972038269,1.0209263563156128,2.934085428714752,4.538292288780212,5.589706301689148
0.5516860485076904,0.6268685460090637,0.8668525218963623,0.5158116817474365,0.5165334343910217,1.0210469961166382,2.9331398010253906,4.5374661684036255,5.589367747306824
0.551753044128418,0.6268905401229858,0.8668938875198364,0.5158100724220276,0.5165325999259949,1.0209708213806152,2.9335805773735046,4.537779688835144,5.589442849159241
0.5518014430999756,0.6269080638885498,0.8669222593307495,0.5158073902130127,0.5165295600891113,1.020914912223816,2.933897078037262,4.537997841835022,5.589492917060852
0.5516700148582458,0.6268603205680847,0.8668253421783447,0.5157817602157593,0.5164960026741028,1.021021842956543,2.9330575466156006,4.53726053237915,5.589191913604736
0.5517736673355103,0.6269011497497559,0.866891622543335,0.5157873630523682,0.5165027379989624,1.0209192037582397,2.933724820613861,4.537771940231323,5.589361786842346
0.551793098449707,0.6269128322601318,0.8668994903564453,0.5157833695411682,0.5164963603019714,1.0208956003189087,2.933846414089203,4.537839889526367,5.58937668800354
0.5516662001609802,0.6268704533576965,0.8668057918548584,0.5157601833343506,0.5164649486541748,1.0210027694702148,2.933030426502228,4.53713059425354,5.589101314544678
0.5518096685409546,0.6269336938858032,0.8668988943099976,0.5157750844955444,0.5164811015129089,1.0208741426467896,2.9339393973350525,4.537860751152039,5.58938205242157
0.5517961978912354,0.6269384026527405,0.8668838739395142,0.5157698392868042,0.516471266746521,1.0208868980407715,2.933841049671173,4.537761211395264,5.589355826377869
0.5516706705093384,0.6269007921218872,0.8667911291122437,0.5157495737075806,0.5164422988891602,1.0209983587265015,2.9330265522003174,4.537066221237183,5.589103102684021
0.5518218874931335,0.6269747018814087,0.8668889999389648,0.5157697200775146,0.5164626836776733,1.020872712135315,2.9339709877967834,4.537845253944397,5.589434504508972
0.5518096685409546,0.6269850730895996,0.8668746948242188,0.5157676339149475,0.5164554715156555,1.0208909511566162,2.933872640132904,4.537758827209473,5.589434504508972
0.5516874194145203,0.6269524097442627,0.8667843341827393,0.5157502889633179,0.5164291262626648,1.0210050344467163,2.933071553707123,4.537087082862854,5.589207410812378
0.5518383979797363,0.6270336508750916,0.8668816089630127,0.5157744884490967,0.5164523124694824,1.0208888053894043,2.9340022802352905,4.537873268127441,5.58957040309906
0.5518273115158081,0.6270489692687988,0.866868257522583,0.5157754421234131,0.5164474844932556,1.0209124088287354,2.9339030385017395,4.537799954414368,5.589594841003418
0.5517149567604065,0.6270240545272827,0.8667851686477661,0.5157620310783386,0.5164251327514648,1.021023154258728,2.933158576488495,4.537187814712524,5.589408874511719
0.5518583059310913,0.6271088719367981,0.8668768405914307,0.5157890915870667,0.5164497494697571,1.0209226608276367,2.9340288043022156,4.537941813468933,5.5897873640060425
0.5518288612365723,0.6271209716796875,0.8668509721755981,0.5157900452613831,0.5164439678192139,1.0209678411483765,2.933804988861084,4.537776708602905,5.58979332447052
0.551796555519104,0.6271331906318665,0.8668231964111328,0.5157912373542786,0.5164381265640259,1.0210169553756714,2.9335615038871765,4.537598490715027,5.589799880981445
0.5518549084663391,0.6271861791610718,0.8668570518493652,0.5158078670501709,0.516449511051178,1.0209935903549194,2.9338863492012024,4.537904858589172,5.590015649795532
0.5518500804901123,0.62721186876297,0.866848349571228,0.5158146023750305,0.5164497494697571,1.0210230350494385,2.9338130354881287,4.53787624835968,5.590091347694397
0.551841676235199,0.6272367238998413,0.8668372631072998,0.5158212780952454,0.5164496898651123,1.0210565328598022,2.9337158799171448,4.537829160690308,5.590164661407471
0.5518509149551392,0.6272701025009155,0.8668382167816162,0.5158311724662781,0.516453206539154,1.0210765600204468,2.9337286949157715,4.537876844406128,5.590280890464783
0.5518569350242615,0.627302348613739,0.8668372631072998,0.5158408284187317,0.5164564251899719,1.0211001634597778,2.933720648288727,4.537907838821411,5.5903929471969604
0.5518602132797241,0.6273335814476013,0.8668347597122192,0.5158501863479614,0.5164593458175659,1.0211265087127686,2.9336944222450256,4.537925720214844,5.590500235557556
0.5518682599067688,0.627367377281189,0.8668355941772461,0.5158606171607971,0.5164634585380554,1.021149754524231,2.9336977005004883,4.5379698276519775,5.590621829032898
0.5518783926963806,0.6274020671844482,0.8668382167816162,0.515871524810791,0.5164682865142822,1.0211719274520874,2.9337140917778015,4.538025259971619,5.5907487869262695
0.5518865585327148,0.6274359226226807,0.8668397665023804,0.5158823132514954,0.5164729356765747,1.021195888519287,2.933718264102936,4.538071155548096,5.59087336063385
0.5518978238105774,0.6274712681770325,0.866843581199646,0.515893816947937,0.5164785385131836,1.021217703819275,2.933741807937622,4.538135528564453,5.591006875038147
0.5519093871116638,0.6275066137313843,0.8668479919433594,0.515905499458313,0.5164845585823059,1.0212398767471313,2.9337668418884277,4.538201689720154,5.591142177581787
0.5519207119941711,0.627541720867157,0.8668527603149414,0.5159173011779785,0.5164908766746521,1.021262288093567,2.9337912797927856,4.538268446922302,5.591277480125427
0.5519328117370605,0.6275769472122192,0.8668582439422607,0.5159294605255127,0.5164977312088013,1.0212842226028442,2.9338204860687256,4.538339972496033,5.591415762901306
0.5519455075263977,0.6276118159294128,0.8668646812438965,0.5159416198730469,0.5165050625801086,1.0213050842285156,2.9338547587394714,4.538416862487793,5.591554641723633
0.5519569516181946,0.6276456713676453,0.866870641708374,0.5159537196159363,0.5165126919746399,1.0213268995285034,2.9338815808296204,4.538488388061523,5.5916911363601685
0.551969587802887,0.6276800632476807,0.8668779134750366,0.5159663558006287,0.5165210366249084,1.021347999572754,2.933915853500366,4.5385682582855225,5.591831207275391
0.551982581615448,0.6277141571044922,0.8668856620788574,0.5159792304039001,0.5165300965309143,1.0213686227798462,2.9339534044265747,4.538652300834656,5.591972470283508
0.5519939661026001,0.6277472972869873,0.86689293384552,0.5159922242164612,0.5165393352508545,1.0213907957077026,2.9339811205863953,4.5387303829193115,5.5921125411987305
0.5520063042640686,0.6277808547019958,0.866901159286499,0.51600581407547,0.5165495872497559,1.0214122533798218,2.9340150952339172,4.53881561756134,5.592254996299744
0.5520193576812744,0.6278144717216492,0.8669100999832153,0.5160197615623474,0.5165605545043945,1.0214332342147827,2.9340532422065735,4.538907408714294,5.592401027679443
0.5520304441452026,0.6278473138809204,0.8669180870056152,0.5160338878631592,0.516572117805481,1.0214563608169556,2.934078276157379,4.538991451263428,5.592544078826904
0.5520433783531189,0.6278814077377319,0.8669277429580688,0.5160492062568665,0.5165847539901733,1.0214786529541016,2.9341155290603638,4.539088606834412,5.5926960706710815
0.5520554184913635,0.6279155015945435,0.8669370412826538,0.5160650014877319,0.5165982246398926,1.0215026140213013,2.9341453313827515,4.5391845703125,5.592849850654602
0.5520670413970947,0.6279504299163818,0.8669461011886597,0.5160817503929138,0.5166126489639282,1.0215283632278442,2.934170961380005,4.539281725883484,5.593008399009705
0.552080512046814,0.6279873847961426,0.8669565916061401,0.5161000490188599,0.516628623008728,1.0215543508529663,2.9342058300971985,4.539391994476318,5.5931782722473145
0.552092432975769,0.6280245780944824,0.8669662475585938,0.516119122505188,0.5166453719139099,1.0215831995010376,2.9342293739318848,4.539498686790466,5.593351125717163
0.5521045923233032,0.6280632019042969,0.8669761419296265,0.5161394476890564,0.5166633129119873,1.0216138362884521,2.934251129627228,4.5396095514297485,5.5935317277908325
0.5521186590194702,0.6281043291091919,0.8669873476028442,0.5161615014076233,0.5166829824447632,1.0216453075408936,2.9342827200889587,4.539735913276672,5.5937260389328
0.5521308183670044,0.6281461119651794,0.8669973611831665,0.5161845088005066,0.5167034268379211,1.0216805934906006,2.934298813343048,4.539855122566223,5.593923926353455
0.5521436333656311,0.6281899809837341,0.8670076131820679,0.5162091255187988,0.5167251229286194,1.02171790599823,2.934315502643585,4.539981484413147,5.5941325426101685
0.552157998085022,0.628235936164856,0.8670191764831543,0.5162350535392761,0.5167480707168579,1.0217560529708862,2.934339940547943,4.540120363235474,5.59435248374939
0.5521706938743591,0.6282823085784912,0.8670294284820557,0.5162615776062012,0.5167713165283203,1.021797776222229,2.9343506693840027,4.540250897407532,5.594574809074402
0.5521838665008545,0.6283303499221802,0.8670400381088257,0.5162892937660217,0.5167955756187439,1.021841287612915,2.934361696243286,4.54038679599762,5.594805479049683
0.5521983504295349,0.6283801198005676,0.8670516014099121,0.5163180828094482,0.5168205499649048,1.0218857526779175,2.934379279613495,4.540532231330872,5.595046281814575
0.5522111058235168,0.6284298896789551,0.8670618534088135,0.5163471698760986,0.516845703125,1.0219330787658691,2.934384346008301,4.540669322013855,5.5952876806259155
0.5522241592407227,0.628480851650238,0.8670724630355835,0.5163770318031311,0.5168713331222534,1.0219820737838745,2.934388816356659,4.540808796882629,5.595535039901733
0.5522382259368896,0.6285330057144165,0.8670836687088013,0.5164075493812561,0.5168973207473755,1.0220316648483276,2.9343989491462708,4.540954828262329,5.59579074382782
0.5522506833076477,0.6285847425460815,0.8670939207077026,0.5164381265640259,0.5169233083724976,1.0220836400985718,2.9343971610069275,4.541091322898865,5.5960434675216675
0.5522629022598267,0.6286366581916809,0.8671039342880249,0.5164687633514404,0.5169490575790405,1.0221366882324219,2.934392988681793,4.541227221488953,5.596298575401306
0.5522764325141907,0.628689169883728,0.8671150207519531,0.5164995789527893,0.516974925994873,1.0221896171569824,2.9343977570533752,4.541369080543518,5.596557855606079
0.5522801280021667,0.628736674785614,0.867119550704956,0.5165285468101501,0.5169989466667175,1.0222499370574951,2.9343408346176147,4.541457891464233,5.596793293952942
0.5523042678833008,0.6287944316864014,0.8671379089355469,0.5165612101554871,0.5170262455940247,1.0222960710525513,2.934410870075226,4.541653990745544,5.597080588340759
0.5522976517677307,0.6288347244262695,0.8671360015869141,0.5165871381759644,0.5170472860336304,1.0223628282546997,2.9342931509017944,4.54168438911438,5.597283244132996
0.5523123741149902,0.6288878321647644,0.8671481609344482,0.5166181921958923,0.5170729160308838,1.0224169492721558,2.934304177761078,4.541829824447632,5.597549080848694
0.5523391962051392,0.6289457082748413,0.867168664932251,0.5166506171226501,0.5171000361442566,1.022461175918579,2.9343923926353455,4.542037844657898,5.5978405475616455
0.5523214936256409,0.6289781928062439,0.8671602010726929,0.5166735649108887,0.5171183943748474,1.022534966468811,2.9342100024223328,4.542006850242615,5.598011016845703
0.5523685216903687,0.6290490627288818,0.8671938180923462,0.5167114734649658,0.517150342464447,1.0225684642791748,2.934417426586151,4.542324542999268,5.598365068435669
0.5523860454559326,0.6290987730026245,0.8672093152999878,0.5167407989501953,0.5171749591827393,1.022617220878601,2.934453785419464,4.542480707168579,5.598623156547546
0.5523653626441956,0.6291258335113525,0.8671998977661133,0.5167616605758667,0.5171921849250793,1.0226901769638062,2.9342588782310486,4.542432427406311,5.598775148391724
0.5524176955223083,0.6291946172714233,0.8672385215759277,0.5167988538742065,0.5172246098518372,1.0227158069610596,2.934507131576538,4.5427775382995605,5.599128007888794
0.5524321794509888,0.6292352080345154,0.8672537803649902,0.5168246626853943,0.5172479152679443,1.0227590799331665,2.934536337852478,4.542916417121887,5.599353313446045
0.5524067878723145,0.6292515397071838,0.8672436475753784,0.5168415904045105,0.5172635912895203,1.0228265523910522,2.9343274235725403,4.5428431034088135,5.599464178085327
0.5524340867996216,0.6292990446090698,0.8672676086425781,0.5168707966804504,0.517290472984314,1.0228608846664429,2.9344362020492554,4.543054699897766,5.599725246429443
0.5524512529373169,0.6293377876281738,0.8672856092453003,0.5168963670730591,0.517314612865448,1.0228990316390991,2.934488356113434,4.543209671974182,5.599946975708008
0.5524275898933411,0.6293532252311707,0.8672771453857422,0.5169137716293335,0.5173313617706299,1.0229636430740356,2.934292256832123,4.543148875236511,5.600059628486633
0.5524583458900452,0.6294011473655701,0.8673038482666016,0.5169441103935242,0.5173599720001221,1.022994875907898,2.934423089027405,4.543382525444031,5.600327253341675
0.5524758100509644,0.6294379830360413,0.8673229217529297,0.5169699788093567,0.5173853039741516,1.0230308771133423,2.9344797134399414,4.543544054031372,5.600545406341553
0.5524526238441467,0.6294517517089844,0.8673155307769775,0.5169878602027893,0.5174035429954529,1.0230937004089355,2.934289276599884,4.54349160194397,5.600655674934387
0.552505612373352,0.6295140385627747,0.8673568964004517,0.5170252919197083,0.5174388289451599,1.0231131315231323,2.9345515370368958,4.543852210044861,5.600994825363159
0.5525079965591431,0.6295454502105713,0.8673659563064575,0.517051100730896,0.5174641013145447,1.0231634378433228,2.9345110058784485,4.543942809104919,5.601189136505127
0.5525003671646118,0.6295719742774963,0.8673683404922485,0.5170757174491882,0.5174883008003235,1.023221492767334,2.9344072937965393,4.543983340263367,5.601361989974976
0.5525380373001099,0.6296274662017822,0.8673996925354004,0.5171122550964355,0.5175228714942932,1.023254156112671,2.934572398662567,4.544270634651184,5.601672530174255
0.5525394678115845,0.6296610832214355,0.867408037185669,0.5171409845352173,0.5175509452819824,1.0233091115951538,2.9345202445983887,4.5443665981292725,5.6018805503845215
0.5525392293930054,0.6296952962875366,0.8674148321151733,0.5171706080436707,0.5175795555114746,1.0233676433563232,2.934453785419464,4.544455409049988,5.602092146873474
0.5525491833686829,0.629737377166748,0.867428183555603,0.5172039866447449,0.5176113247871399,1.023422122001648,2.934446334838867,4.5446038246154785,5.6023406982421875
0.5525569319725037,0.6297796964645386,0.867439866065979,0.5172381401062012,0.5176436305046082,1.0234798192977905,2.934422194957733,4.544743299484253,5.602591037750244
0.5525633096694946,0.6298238039016724,0.8674499988555908,0.5172737240791321,0.5176768898963928,1.023542046546936,2.934384346008301,4.544878602027893,5.602848529815674
0.5525816679000854,0.6298784017562866,0.8674675226211548,0.5173141360282898,0.5177139639854431,1.0236009359359741,2.934412956237793,4.545083045959473,5.603156089782715
0.5525840520858765,0.6299266815185547,0.8674740791320801,0.5173528790473938,0.5177488327026367,1.023674488067627,2.9343381524086,4.545203447341919,5.603431463241577
0.5526144504547119,0.6299943923950195,0.867498517036438,0.5173998475074768,0.5177907347679138,1.023734211921692,2.9344284534454346,4.545480012893677,5.603799223899841
0.5526264309883118,0.6300528049468994,0.8675107955932617,0.5174438953399658,0.5178297162055969,1.0238080024719238,2.934403419494629,4.545659422874451,5.604122877120972
0.5526313185691833,0.6301102042198181,0.8675175905227661,0.5174881815910339,0.5178681015968323,1.0238906145095825,2.9343298077583313,4.545802474021912,5.6044405698776245
0.5526995658874512,0.6302080154418945,0.8675655126571655,0.517548680305481,0.5179204940795898,1.0239380598068237,2.9346323013305664,4.546289443969727,5.604951977729797
0.5526970624923706,0.6302617192268372,0.8675680160522461,0.5175926089286804,0.5179588198661804,1.0240278244018555,2.934512197971344,4.546397924423218,5.605257153511047
0.5526981949806213,0.6303194761276245,0.8675723075866699,0.5176382064819336,0.5179978013038635,1.0241180658340454,2.934410274028778,4.546525478363037,5.6055790185928345
0.5527707934379578,0.6304224729537964,0.8676227331161499,0.5177015662193298,0.5180519819259644,1.0241683721542358,2.934733033180237,4.54703688621521,5.606118440628052
0.5527653694152832,0.6304764747619629,0.867622971534729,0.5177462697029114,0.518090009689331,1.0242648124694824,2.934589982032776,4.54712986946106,5.606427192687988
0.5527638792991638,0.6305335760116577,0.86762535572052,0.5177918076515198,0.5181281566619873,1.024360179901123,2.9344692826271057,4.5472413301467896,5.606749653816223
0.55283522605896,0.630635678768158,0.8676749467849731,0.517854630947113,0.5181810259819031,1.0244135856628418,2.9347839951515198,4.547742605209351,5.607287287712097
0.5528280735015869,0.6306877136230469,0.8676741123199463,0.5178980231285095,0.5182170867919922,1.024512529373169,2.9346314072608948,4.547820091247559,5.607589483261108
0.5528250932693481,0.630743145942688,0.8676755428314209,0.5179423093795776,0.5182530283927917,1.024610161781311,2.93450266122818,4.547916650772095,5.607905983924866
0.55289626121521,0.630844235420227,0.8677246570587158,0.5180036425590515,0.518303394317627,1.0246652364730835,2.9348164796829224,4.548407196998596,5.608441233634949
0.5528884530067444,0.6308948993682861,0.8677232265472412,0.5180454850196838,0.5183369517326355,1.0247656106948853,2.9346606135368347,4.548472166061401,5.608738660812378
0.5528839826583862,0.6309473514556885,0.8677234649658203,0.5180873274803162,0.518369734287262,1.0248645544052124,2.934524416923523,4.548549056053162,5.60904324054718
0.5529556274414062,0.6310458183288574,0.867773175239563,0.5181463360786438,0.5184170603752136,1.0249181985855103,2.934845983982086,4.5490312576293945,5.609568357467651
0.5529468655586243,0.6310919523239136,0.8677713871002197,0.5181849002838135,0.5184471011161804,1.0250167846679688,2.9346904158592224,4.549079537391663,5.609847903251648
0.5529407262802124,0.6311389803886414,0.8677710294723511,0.5182228684425354,0.5184759497642517,1.0251133441925049,2.9345521330833435,4.5491355657577515,5.610130429267883
0.5530123114585876,0.6312322616577148,0.867821216583252,0.5182778835296631,0.5185193419456482,1.025163173675537,2.9348817467689514,4.549603462219238,5.610635280609131
0.5530022382736206,0.6312721371650696,0.8678193092346191,0.5183122158050537,0.5185453295707703,1.0252580642700195,2.934727370738983,4.549631476402283,5.610888600349426
0.5529952645301819,0.6313128471374512,0.86781907081604,0.518345832824707,0.518570065498352,1.0253500938415527,2.9345929622650146,4.549669027328491,5.611144304275513
0.5530655384063721,0.6313990950584412,0.8678691387176514,0.5183960795402527,0.5186089873313904,1.0253949165344238,2.934925854206085,4.550116062164307,5.611618757247925
0.5530545115470886,0.6314317584037781,0.8678673505783081,0.5184255838394165,0.5186306834220886,1.0254840850830078,2.9347768425941467,4.550125598907471,5.61184287071228
0.5530573129653931,0.6314711570739746,0.8678745031356812,0.518456757068634,0.518653392791748,1.0255632400512695,2.9347142577171326,4.550203084945679,5.612098574638367
0.5531126260757446,0.6315411925315857,0.8679158687591553,0.5184987187385559,0.5186851024627686,1.025610089302063,2.9349690675735474,4.550555944442749,5.612499713897705
0.5531124472618103,0.6315743923187256,0.8679217100143433,0.5185263156890869,0.518704891204834,1.0256867408752441,2.9348963499069214,4.550610184669495,5.612728595733643
0.5531166791915894,0.631607711315155,0.8679306507110596,0.5185531377792358,0.5187240242958069,1.025758147239685,2.934854030609131,4.550682306289673,5.612959861755371
0.5531598925590515,0.6316618919372559,0.8679653406143188,0.5185869336128235,0.5187491774559021,1.0258030891418457,2.9350510239601135,4.550957679748535,5.613291263580322
0.5531616806983948,0.6316863894462585,0.8679741621017456,0.5186089873313904,0.5187650322914124,1.0258678197860718,2.9350075125694275,4.551008343696594,5.613484978675842
0.5531635284423828,0.6317073106765747,0.867983341217041,0.5186288952827454,0.5187792778015137,1.0259281396865845,2.9349705576896667,4.551054239273071,5.6136637926101685
0.5532013177871704,0.6317481994628906,0.8680158853530884,0.5186553597450256,0.5187990665435791,1.0259648561477661,2.9351532459259033,4.551287889480591,5.613938570022583
0.5532012581825256,0.6317629218101501,0.8680245876312256,0.5186715722084045,0.5188103318214417,1.026020884513855,2.9351136088371277,4.551315903663635,5.61409056186676
0.55320143699646,0.6317750811576843,0.8680335283279419,0.5186858773231506,0.5188201665878296,1.0260732173919678,2.9350805282592773,4.551340937614441,5.614230632781982
0.5532368421554565,0.6318058967590332,0.8680657148361206,0.5187062621116638,0.5188351273536682,1.0261014699935913,2.9352638125419617,4.551547169685364,5.614460110664368
0.5532344579696655,0.6318100690841675,0.8680738210678101,0.5187159776687622,0.518841564655304,1.0261478424072266,2.935226857662201,4.551548957824707,5.614564418792725
0.5532315373420715,0.63181072473526,0.8680819272994995,0.5187234878540039,0.5188461542129517,1.0261904001235962,2.935192286968231,4.551542401313782,5.614653825759888
0.5532645583152771,0.631831169128418,0.8681132793426514,0.518737256526947,0.5188558101654053,1.0262094736099243,2.9353776574134827,4.551721811294556,5.6148362159729
0.5532604455947876,0.6318267583847046,0.8681209087371826,0.5187409520149231,0.5188570618629456,1.0262473821640015,2.9353442788124084,4.551698565483093,5.614900588989258
0.5532553791999817,0.6318190097808838,0.8681280612945557,0.5187425017356873,0.518856406211853,1.026282548904419,2.9353097081184387,4.551665186882019,5.614948868751526
0.5532867312431335,0.6318304538726807,0.8681588172912598,0.5187498927116394,0.5188606381416321,1.026292324066162,2.935499846935272,4.5518189668655396,5.6150877475738525
0.5532800555229187,0.6318154335021973,0.8681654930114746,0.5187466740608215,0.5188562273979187,1.026320457458496,2.9354676604270935,4.551766514778137,5.615103244781494
0.5532721281051636,0.6317967176437378,0.8681714534759521,0.5187411308288574,0.5188499093055725,1.0263454914093018,2.9354333877563477,4.551701545715332,5.615099668502808
0.5533013939857483,0.6317986249923706,0.868201494216919,0.5187419056892395,0.5188486576080322,1.0263458490371704,2.9356256127357483,4.551827907562256,5.615193247795105
0.5532926321029663,0.6317753791809082,0.8682069778442383,0.5187326073646545,0.5188390016555786,1.0263659954071045,2.9355934262275696,4.551748037338257,5.615166425704956
0.5532828569412231,0.6317490339279175,0.8682117462158203,0.5187211632728577,0.5188273787498474,1.0263828039169312,2.935560643672943,4.551657438278198,5.615123510360718
0.5533103942871094,0.6317421197891235,0.8682410717010498,0.5187154412269592,0.518820583820343,1.0263737440109253,2.935757339000702,4.551757574081421,5.615172982215881
0.5532986521720886,0.6317083835601807,0.8682452440261841,0.5186991691589355,0.518805205821991,1.026383638381958,2.9357242584228516,4.551646113395691,5.615094900131226
0.5532861351966858,0.6316712498664856,0.8682488203048706,0.5186805129051208,0.5187879800796509,1.026389718055725,2.935691773891449,4.551524519920349,5.615000128746033
0.5533120036125183,0.6316552758216858,0.8682774305343628,0.5186683535575867,0.518775999546051,1.0263701677322388,2.9358938336372375,4.551600217819214,5.615004301071167
0.5532938838005066,0.6316111087799072,0.8682774305343628,0.5186452865600586,0.5187548995018005,1.026374340057373,2.935834228992462,4.551439881324768,5.614873170852661
0.5533026456832886,0.6315808296203613,0.8682949542999268,0.5186262726783752,0.5187373757362366,1.0263584852218628,2.935941517353058,4.551418423652649,5.614805817604065
0.5532640218734741,0.6315187215805054,0.8682818412780762,0.5185945630073547,0.5187091827392578,1.0263664722442627,2.9357698559761047,4.5511394739151,5.614587664604187
0.553335964679718,0.6315207481384277,0.8683407306671143,0.5185850858688354,0.5186998844146729,1.0263047218322754,2.936268150806427,4.551441073417664,5.614673495292664
0.5532609224319458,0.63142991065979,0.868304967880249,0.5185416340827942,0.5186631679534912,1.02632474899292,2.9358896613121033,4.550964832305908,5.614319443702698
0.553213357925415,0.6313537359237671,0.8682862520217896,0.5185016393661499,0.5186285972595215,1.0263245105743408,2.9356804490089417,4.550623893737793,5.614028573036194
0.5533545017242432,0.6313899755477905,0.8683902025222778,0.5185015201568604,0.5186273455619812,1.0262097120285034,2.936609387397766,4.551277756690979,5.614273548126221
0.5532338619232178,0.6312687397003174,0.8683246374130249,0.5184453725814819,0.5185803174972534,1.0262503623962402,2.9359638690948486,4.550554156303406,5.613768696784973
0.5531951785087585,0.6311975717544556,0.8683105707168579,0.5184054374694824,0.5185452699661255,1.026241421699524,2.9358097910881042,4.550252556800842,5.613492727279663
0.5533332824707031,0.631230354309082,0.8684115409851074,0.5184024572372437,0.5185415148735046,1.026123285293579,2.9367247223854065,4.550884366035461,5.613712668418884
0.5532267093658447,0.6311153173446655,0.8683547973632812,0.5183475017547607,0.5184958577156067,1.026149868965149,2.9361680150032043,4.550231695175171,5.613231658935547
0.553162157535553,0.6310262680053711,0.8683236837387085,0.5183002352714539,0.5184553861618042,1.026149868965149,2.9358646273612976,4.549793004989624,5.612865686416626
0.5533158779144287,0.6310681104660034,0.8684340715408325,0.5182995796203613,0.5184537172317505,1.026018738746643,2.9368749260902405,4.550504684448242,5.613120794296265
0.5531910061836243,0.6309456825256348,0.8683638572692871,0.5182417035102844,0.5184051990509033,1.0260571241378784,2.9362037777900696,4.549757242202759,5.612594485282898
0.5531455874443054,0.6308733224868774,0.8683435916900635,0.5182008147239685,0.5183696150779724,1.0260485410690308,2.936006784439087,4.549422860145569,5.612295866012573
0.553297758102417,0.6309177875518799,0.8684520721435547,0.5182021856307983,0.5183702707290649,1.0259188413619995,2.9370030760765076,4.55013632774353,5.612556338310242
0.5531532764434814,0.6307864189147949,0.8683687448501587,0.518142819404602,0.5183217525482178,1.0259684324264526,2.936209738254547,4.549298286437988,5.611982941627502
0.553124725818634,0.630725622177124,0.8683590888977051,0.5181077122688293,0.5182924866676331,1.02594792842865,2.9361125826835632,4.549065828323364,5.611735582351685
0.5532709956169128,0.6307694911956787,0.8684631586074829,0.5181106328964233,0.5182955265045166,1.0258220434188843,2.9370683431625366,4.549760222434998,5.61198890209198
0.5531201362609863,0.6306403875350952,0.868374228477478,0.5180537104606628,0.5182492136955261,1.0258793830871582,2.936227023601532,4.548900127410889,5.611416697502136
0.5530973076820374,0.6305888891220093,0.8683667182922363,0.5180231332778931,0.5182236433029175,1.0258593559265137,2.9361549019813538,4.548707008361816,5.611205101013184
0.5532440543174744,0.6306360363960266,0.8684701919555664,0.5180278420448303,0.5182284116744995,1.0257337093353271,2.9371094703674316,4.549409747123718,5.611467361450195
0.5530903339385986,0.6305059194564819,0.8683788776397705,0.5179709196090698,0.5181826949119568,1.025791049003601,2.9362496733665466,4.54853892326355,5.610886216163635
0.5530670285224915,0.630452573299408,0.8683711290359497,0.517939567565918,0.5181572437286377,1.0257669687271118,2.936178147792816,4.54834520816803,5.6106626987457275
0.5532102584838867,0.630497932434082,0.8684717416763306,0.5179439187049866,0.5181623697280884,1.025640845298767,2.9371121525764465,4.5490336418151855,5.610911846160889
0.5530606508255005,0.6303743124008179,0.8683820962905884,0.5178903341293335,0.5181194543838501,1.025697946548462,2.936270833015442,4.5481908321380615,5.610353946685791
0.5530599355697632,0.6303390264511108,0.8683880567550659,0.5178667902946472,0.5181008577346802,1.0256630182266235,2.936328649520874,4.548127055168152,5.610211491584778
0.5531240701675415,0.6303408145904541,0.8684365749359131,0.5178568959236145,0.5180943608283997,1.025586485862732,2.9367795586586,4.548406600952148,5.610247850418091
0.5530589818954468,0.6302666664123535,0.8684014081954956,0.5178208947181702,0.518066942691803,1.0255886316299438,2.9364508390426636,4.548013210296631,5.609921813011169
0.5530384182929993,0.6302167773246765,0.868395209312439,0.5177931189537048,0.5180466771125793,1.0255601406097412,2.936393916606903,4.547851085662842,5.609711408615112
0.5530657768249512,0.6301940679550171,0.8684202432632446,0.5177749991416931,0.518034815788269,1.0255004167556763,2.936628758907318,4.547943472862244,5.609630346298218
0.5530311465263367,0.6301351189613342,0.868404746055603,0.517744243144989,0.5180126428604126,1.0254781246185303,2.936488687992096,4.54771101474762,5.609375834465027
0.5530057549476624,0.6300796866416931,0.8683955669403076,0.5177143216133118,0.5179914832115173,1.025447130203247,2.936408519744873,4.54752504825592,5.6091368198394775
0.5530216097831726,0.6300464868545532,0.8684133291244507,0.5176918506622314,0.5179769396781921,1.0253877639770508,2.936581075191498,4.547555446624756,5.609005093574524
0.55299311876297,0.6299875974655151,0.8684020042419434,0.5176606178283691,0.5179553031921387,1.025355339050293,2.9364851117134094,4.547354578971863,5.60874879360199
0.5529666543006897,0.6299283504486084,0.8683921098709106,0.517629086971283,0.5179336667060852,1.02531898021698,2.936404049396515,4.5471638441085815,5.60849130153656
0.5529781579971313,0.6298885345458984,0.868407130241394,0.5176039338111877,0.5179179310798645,1.0252552032470703,2.9365578293800354,4.547171592712402,5.60832679271698
0.5529495477676392,0.6298246383666992,0.8683961629867554,0.5175701975822449,0.5178953409194946,1.0252145528793335,2.9364705085754395,4.546968936920166,5.60804545879364
0.5529215335845947,0.6297585964202881,0.8683856725692749,0.5175352692604065,0.5178720951080322,1.025169849395752,2.936391830444336,4.546767473220825,5.607755780220032
0.5529307126998901,0.6297116875648499,0.8683996200561523,0.5175065398216248,0.5178543925285339,1.025098204612732,2.9365426301956177,4.546759128570557,5.607556700706482
0.5529009103775024,0.6296417117118835,0.8683879375457764,0.5174694657325745,0.5178297162055969,1.0250496864318848,2.9364582896232605,4.546545147895813,5.607245564460754
0.5528721213340759,0.629570484161377,0.8683767318725586,0.5174314379692078,0.5178043842315674,1.024997353553772,2.9363834857940674,4.546334147453308,5.606927871704102
0.5528802275657654,0.6295181512832642,0.8683898448944092,0.5173991918563843,0.517784059047699,1.0249184370040894,2.936536967754364,4.546313285827637,5.606699585914612
0.552849531173706,0.6294428110122681,0.8683773279190063,0.5173585414886475,0.5177566409111023,1.0248624086380005,2.9364556074142456,4.54608678817749,5.606359243392944
0.5528199672698975,0.6293661594390869,0.8683654069900513,0.5173165202140808,0.5177281498908997,1.0248024463653564,2.9363855719566345,4.545862674713135,5.606011152267456
0.5528274774551392,0.6293085217475891,0.868377685546875,0.5172803997993469,0.5177046656608582,1.024715542793274,2.9365450143814087,4.545828700065613,5.605753660202026
0.5527961254119873,0.6292279362678528,0.8683642148971558,0.5172356963157654,0.5176737308502197,1.0246517658233643,2.936469614505768,4.545589089393616,5.605382919311523
0.5527660846710205,0.6291460990905762,0.8683515787124634,0.5171896815299988,0.5176417827606201,1.0245838165283203,2.936405837535858,4.54535186290741,5.6050050258636475
0.5527732372283936,0.6290830373764038,0.8683632612228394,0.5171492695808411,0.5176147818565369,1.0244884490966797,2.936573624610901,4.545305967330933,5.604716539382935
0.5527414083480835,0.6289974451065063,0.8683490753173828,0.5171006321907043,0.5175804495811462,1.0244169235229492,2.9365041851997375,4.5450520515441895,5.6043171882629395
0.552718997001648,0.6289159655570984,0.8683407306671143,0.5170527100563049,0.5175468325614929,1.0243370532989502,2.9364943504333496,4.544845819473267,5.603935718536377
0.5527129173278809,0.6288418769836426,0.8683429956436157,0.5170064568519592,0.517514705657959,1.0242433547973633,2.936588227748871,4.544720649719238,5.603587627410889
0.5526927709579468,0.6287593841552734,0.8683358430862427,0.5169568657875061,0.5174795985221863,1.0241574048995972,2.9365968704223633,4.544520378112793,5.603197813034058
0.552668571472168,0.6286742687225342,0.8683257102966309,0.5169060826301575,0.5174434185028076,1.0240727663040161,2.9365822672843933,4.544298052787781,5.602792501449585
0.5526525974273682,0.6285922527313232,0.8683209419250488,0.5168555378913879,0.5174075961112976,1.0239797830581665,2.9366210103034973,4.54411506652832,5.602399706840515
0.5526394844055176,0.6285116672515869,0.8683174848556519,0.5168053507804871,0.5173720121383667,1.0238841772079468,2.9366764426231384,4.543945789337158,5.602012276649475
0.5526117086410522,0.6284230947494507,0.8683042526245117,0.5167523622512817,0.5173341035842896,1.0237971544265747,2.936643362045288,4.543701410293579,5.60158371925354
0.552590548992157,0.6283363103866577,0.868295431137085,0.5166994333267212,0.5172966718673706,1.0237027406692505,2.9366543889045715,4.5434898138046265,5.6011635065078735
0.5526081323623657,0.6282708048820496,0.8683117628097534,0.5166540145874023,0.5172659158706665,1.0235813856124878,2.936902344226837,4.543482065200806,5.600844025611877
0.5525637865066528,0.6281730532646179,0.8682870864868164,0.5165977478027344,0.5172256231307983,1.0235024690628052,2.9367685317993164,4.5431530475616455,5.600365996360779
0.5525184869766235,0.6280750036239624,0.8682613372802734,0.5165411829948425,0.5171849727630615,1.0234233140945435,2.936629354953766,4.542818069458008,5.599883198738098
0.5525494813919067,0.628020703792572,0.8682851791381836,0.5165003538131714,0.5171580910682678,1.0232946872711182,2.93695330619812,4.542887210845947,5.599610209465027
0.5525010228157043,0.627927303314209,0.8682558536529541,0.5164468288421631,0.5171194076538086,1.023223876953125,2.9367831349372864,4.542543292045593,5.59914231300354
0.5524533987045288,0.6278362274169922,0.8682265281677246,0.5163942575454712,0.5170813798904419,1.023153305053711,2.9366156458854675,4.542204737663269,5.598682165145874
0.5524863600730896,0.6277906894683838,0.868249773979187,0.5163582563400269,0.5170581936836243,1.0230298042297363,2.9369384050369263,4.542295932769775,5.5984413623809814
0.5524371862411499,0.6277046799659729,0.8682183027267456,0.5163092613220215,0.517022967338562,1.0229660272598267,2.9367509484291077,4.541959762573242,5.5980002880096436
0.5523911714553833,0.6276223659515381,0.8681883811950684,0.5162619352340698,0.5169891119003296,1.0229014158248901,2.936580777168274,4.541643261909485,5.5975741147994995
0.5524243116378784,0.6275857090950012,0.8682100772857666,0.5162315368652344,0.5169702172279358,1.022786021232605,2.936888635158539,4.5417481660842896,5.597366690635681
0.5523770451545715,0.6275111436843872,0.8681780099868774,0.5161890983581543,0.5169399976730347,1.0227311849594116,2.9366952180862427,4.5414382219314575,5.596970915794373
0.5523335337638855,0.6274412870407104,0.868147611618042,0.5161489844322205,0.5169113874435425,1.0226763486862183,2.936520576477051,4.541150331497192,5.596595406532288
0.5523673295974731,0.62741619348526,0.8681678771972656,0.5161255598068237,0.5168977379798889,1.0225721597671509,2.936813533306122,4.541275501251221,5.596433877944946
0.552322506904602,0.6273544430732727,0.8681354522705078,0.5160905718803406,0.5168728232383728,1.0225281715393066,2.936614453792572,4.540993571281433,5.5960917472839355
0.5522944927215576,0.6273046731948853,0.8681133985519409,0.516060471534729,0.516852080821991,1.0224754810333252,2.9365143179893494,4.5408034324646,5.59580385684967
0.5523142218589783,0.6272830963134766,0.8681225776672363,0.5160412192344666,0.5168408751487732,1.0223931074142456,2.936701476573944,4.5408695936203,5.595651865005493
0.5522855520248413,0.6272406578063965,0.8680990934371948,0.5160157084465027,0.5168233513832092,1.0223498344421387,2.9365837574005127,4.540687203407288,5.5953943729400635
0.5522608160972595,0.6272028684616089,0.8680777549743652,0.5159926414489746,0.5168077945709229,1.0223067998886108,2.9364845156669617,4.540528655052185,5.595158934593201
0.5522744655609131,0.6271878480911255,0.8680814504623413,0.5159782767295837,0.5167999267578125,1.0222398042678833,2.936617434024811,4.540577530860901,5.595031976699829
0.5522526502609253,0.6271582841873169,0.8680611848831177,0.5159597992897034,0.5167877674102783,1.022202730178833,2.936524450778961,4.540443420410156,5.594832897186279
0.5522280931472778,0.6271296739578247,0.8680387735366821,0.5159423351287842,0.5167760848999023,1.0221701860427856,2.936411201953888,4.5402991771698,5.594635605812073
0.5522408485412598,0.6271225810050964,0.8680406808853149,0.515933096408844,0.5167719125747681,1.0221141576766968,2.9365232586860657,4.540353417396545,5.594543218612671
0.5522230863571167,0.6271032094955444,0.868022084236145,0.5159203410148621,0.5167638659477234,1.0220839977264404,2.9364416003227234,4.540252685546875,5.59438943862915
0.5521979928016663,0.6270818114280701,0.8679982423782349,0.5159074068069458,0.516755223274231,1.0220613479614258,2.9363104701042175,4.540114402770996,5.594223141670227
0.5522108674049377,0.6270816922187805,0.8679995536804199,0.5159024000167847,0.5167539715766907,1.022013545036316,2.936411499977112,4.540179371833801,5.594162344932556
0.5522125363349915,0.627078652381897,0.8679931163787842,0.5158972144126892,0.5167522430419922,1.0219779014587402,2.936437427997589,4.540188908576965,5.594084858894348
0.5521841645240784,0.6270620822906494,0.8679665327072144,0.5158879160881042,0.5167461633682251,1.0219660997390747,2.9362753033638,4.540044069290161,5.5939412117004395
0.5521945953369141,0.6270663738250732,0.8679656982421875,0.5158864855766296,0.5167475938796997,1.021927833557129,2.9363498091697693,4.54010546207428,5.593900680541992
0.5521983504295349,0.6270696520805359,0.8679603338241577,0.5158854722976685,0.5167492628097534,1.021897554397583,2.936379611492157,4.540136456489563,5.593854784965515
0.5521687269210815,0.627057671546936,0.8679326772689819,0.51587975025177,0.5167460441589355,1.0218936204910278,2.9361996054649353,4.53999400138855,5.593733191490173
0.5521754026412964,0.6270634531974792,0.8679295778274536,0.5158807039260864,0.5167497992515564,1.0218629837036133,2.9362452030181885,4.540045857429504,5.593701601028442
0.5521776676177979,0.6270681619644165,0.8679234981536865,0.5158820152282715,0.5167537331581116,1.0218371152877808,2.936260402202606,4.540077447891235,5.593666434288025
0.5521472692489624,0.6270593404769897,0.8678953647613525,0.5158794522285461,0.5167535543441772,1.021838903427124,2.936069369316101,4.5399415493011475,5.593562722206116
0.5521527528762817,0.6270692348480225,0.8678913116455078,0.5158842206001282,0.5167606472969055,1.0218154191970825,2.936098277568817,4.539998769760132,5.593551993370056
0.5521552562713623,0.6270795464515686,0.8678853511810303,0.5158899426460266,0.5167685151100159,1.021796703338623,2.936105728149414,4.540044665336609,5.593545436859131
0.5521247386932373,0.6270750761032104,0.8678572177886963,0.5158913135528564,0.5167719125747681,1.0218048095703125,2.935905158519745,4.539920091629028,5.593464970588684
0.5521299839019775,0.6270882487297058,0.8678531646728516,0.5158995389938354,0.5167824625968933,1.0217864513397217,2.93592631816864,4.539988040924072,5.5934739112854
0.5521337389945984,0.6271027326583862,0.8678480386734009,0.5159091949462891,0.5167942047119141,1.021772027015686,2.935934066772461,4.540053009986877,5.59349000453949
0.5521018505096436,0.6271035671234131,0.8678187131881714,0.5159154534339905,0.5168017745018005,1.0217891931533813,2.9357141256332397,4.53993558883667,5.593437552452087
0.5521110892295837,0.6271263360977173,0.8678169250488281,0.5159303545951843,0.5168180465698242,1.0217782258987427,2.935745120048523,4.540040493011475,5.593494176864624
0.5521136522293091,0.6271495223045349,0.8678104877471924,0.5159469246864319,0.5168353915214539,1.0217770338058472,2.9357287287712097,4.54011857509613,5.593551993370056
0.5520778894424438,0.6271578073501587,0.8677778244018555,0.515959620475769,0.5168482661247253,1.021809458732605,2.9354670643806458,4.539999961853027,5.593535900115967
0.5521000027656555,0.6271934509277344,0.8677843809127808,0.5159825086593628,0.5168715715408325,1.0217982530593872,2.935565412044525,4.540189504623413,5.593659281730652
0.5520917773246765,0.6272186040878296,0.8677701950073242,0.5160030126571655,0.5168917775154114,1.0218154191970825,2.9354676604270935,4.540225863456726,5.5937278270721436
0.5520583391189575,0.6272374391555786,0.8677383661270142,0.5160230398178101,0.5169104933738708,1.021858811378479,2.935202419757843,4.540136456489563,5.593762397766113
0.552092432975769,0.6272897124290466,0.8677520751953125,0.5160557627677917,0.5169419050216675,1.0218530893325806,2.9353567957878113,4.5404088497161865,5.593965649604797
0.5520616173744202,0.6273173689842224,0.8677210807800293,0.5160814523696899,0.5169647932052612,1.0219053030014038,2.9350927472114563,4.540344476699829,5.594043135643005
0.5520395040512085,0.6273534297943115,0.867695689201355,0.5161119699478149,0.5169917345046997,1.0219563245773315,2.934875786304474,4.540335536003113,5.594161152839661
0.5520815253257751,0.6274205446243286,0.8677135705947876,0.516153872013092,0.5170302987098694,1.021959900856018,2.9350581765174866,4.540667533874512,5.594436526298523
0.5520532131195068,0.6274611949920654,0.8676830530166626,0.5161877274513245,0.5170586705207825,1.0220268964767456,2.9347875714302063,4.540632367134094,5.594574809074402
0.5520578622817993,0.627519965171814,0.8676745891571045,0.5162295699119568,0.5170949697494507,1.0220720767974854,2.9347187280654907,4.540778398513794,5.59480607509613
0.552101194858551,0.6275965571403503,0.8676927089691162,0.5162780284881592,0.5171381831169128,1.0220885276794434,2.9348915815353394,4.5411306619644165,5.5951303243637085
0.5520707368850708,0.6276440024375916,0.8676601648330688,0.5163174271583557,0.5171703696250916,1.0221694707870483,2.934592068195343,4.5410966873168945,5.595304369926453
0.5520796775817871,0.6277110576629639,0.86765456199646,0.5163648128509521,0.5172110199928284,1.0222219228744507,2.9345375299453735,4.541276693344116,5.595579147338867
0.5521131753921509,0.627790093421936,0.8676655292510986,0.5164170265197754,0.5172563791275024,1.0222574472427368,2.9346346855163574,4.5415884256362915,5.595918297767639
0.5520991086959839,0.6278489828109741,0.8676440715789795,0.5164622664451599,0.5172933340072632,1.0223335027694702,2.934429943561554,4.541646838188171,5.596153140068054
0.5520956516265869,0.6279135942459106,0.867629885673523,0.5165102481842041,0.5173333287239075,1.0224028825759888,2.9342901706695557,4.541765451431274,5.596420168876648
0.5521290898323059,0.6279938220977783,0.8676412105560303,0.5165640711784363,0.5173797011375427,1.022443413734436,2.9343825578689575,4.542078971862793,5.596771240234375
0.5521249771118164,0.6280578374862671,0.8676267862319946,0.5166119337081909,0.5174188613891602,1.0225154161453247,2.934238314628601,4.542190432548523,5.597039461135864
0.5521166324615479,0.6281206607818604,0.8676096200942993,0.5166600346565247,0.5174582004547119,1.0225927829742432,2.934064567089081,4.542282819747925,5.5973029136657715
0.5521522164344788,0.6282012462615967,0.867622971534729,0.5167145133018494,0.5175048112869263,1.0226339101791382,2.9341700673103333,4.542607069015503,5.597662925720215
0.5521571636199951,0.628268301486969,0.8676153421401978,0.5167637467384338,0.5175451636314392,1.0227011442184448,2.934083044528961,4.542765021324158,5.597953796386719
0.5521435737609863,0.6283282041549683,0.867594838142395,0.516810953617096,0.5175828337669373,1.0227850675582886,2.9338762164115906,4.542825818061829,5.598208904266357
0.5521795749664307,0.6284067034721375,0.8676091432571411,0.5168644785881042,0.5176281929016113,1.0228267908096313,2.9339876770973206,4.543147683143616,5.598565936088562
0.5522072315216064,0.6284799575805664,0.8676178455352783,0.5169153213500977,0.5176705121994019,1.0228747129440308,2.9340481758117676,4.543418884277344,5.598898530006409
0.5521648526191711,0.6285253763198853,0.8675779104232788,0.516956627368927,0.5177010297775269,1.022983193397522,2.9336613416671753,4.543318152427673,5.599085688591003
0.5522007942199707,0.6285970211029053,0.8675931692123413,0.5170056819915771,0.5177422165870667,1.0230200290679932,2.933782935142517,4.543625116348267,5.599417686462402
0.5522333979606628,0.6286618709564209,0.8676067590713501,0.5170503258705139,0.5177792906761169,1.0230549573898315,2.93389230966568,4.543902277946472,5.599720478057861
0.5521906018257141,0.6286957263946533,0.8675678968429565,0.5170835256576538,0.5178022384643555,1.02315354347229,2.9335221648216248,4.543774724006653,5.599859356880188
0.5522230267524719,0.628752589225769,0.8675823211669922,0.5171228647232056,0.517834484577179,1.0231810808181763,2.9336437582969666,4.544034004211426,5.600129961967468
0.5522432923316956,0.6287996768951416,0.8675888776779175,0.517156720161438,0.5178613066673279,1.0232141017913818,2.9336965084075928,4.5442187786102295,5.6003522872924805
0.5522152781486511,0.6288235783576965,0.8675621747970581,0.5171807408332825,0.5178768038749695,1.0232843160629272,2.9334482550621033,4.544135928153992,5.60045599937439
0.5522345304489136,0.6288586854934692,0.8675694465637207,0.5172064304351807,0.5178964734077454,1.023306131362915,2.9335150122642517,4.544292092323303,5.600627660751343
0.5522496104240417,0.6288871765136719,0.8675742149353027,0.5172279477119446,0.5179123282432556,1.0233265161514282,2.9335632920265198,4.5444148778915405,5.600769519805908
0.5522551536560059,0.6289079189300537,0.8675730228424072,0.5172451734542847,0.5179238319396973,1.023350715637207,2.9335585236549377,4.54447865486145,5.600873231887817
0.5522655248641968,0.628926694393158,0.8675755262374878,0.5172603726387024,0.5179338455200195,1.023366928100586,2.9335907101631165,4.54456090927124,5.600970387458801
0.5522752404212952,0.6289421319961548,0.8675779104232788,0.5172731876373291,0.5179417729377747,1.0233805179595947,2.9336240887641907,4.544632434844971,5.601053833961487
0.5522809028625488,0.6289541125297546,0.8675775527954102,0.5172838568687439,0.5179474353790283,1.0233957767486572,2.9336348176002502,4.544677138328552,5.6011199951171875
0.552288293838501,0.6289647817611694,0.8675787448883057,0.5172932147979736,0.5179519653320312,1.0234073400497437,2.9336610436439514,4.544726610183716,5.601180195808411
0.5522952079772949,0.6289734840393066,0.8675796985626221,0.5173012018203735,0.5179552435874939,1.023417592048645,2.933686673641205,4.544769525527954,5.601232647895813
0.5523006916046143,0.6289808750152588,0.8675795793533325,0.5173083543777466,0.5179575681686401,1.023428201675415,2.9337042570114136,4.544801712036133,5.601277947425842
0.5523056387901306,0.6289882659912109,0.8675792217254639,0.5173153281211853,0.5179596543312073,1.0234395265579224,2.933718264102936,4.544830918312073,5.601322650909424
0.5523117780685425,0.628996729850769,0.867579460144043,0.5173227787017822,0.5179620981216431,1.0234507322311401,2.9337385296821594,4.544866681098938,5.601372122764587
0.5523180365562439,0.6290069818496704,0.8675795793533325,0.5173312425613403,0.5179651379585266,1.0234639644622803,2.933756709098816,4.544904828071594,5.601429343223572
0.5523242950439453,0.6290197372436523,0.8675793409347534,0.5173411965370178,0.5179691910743713,1.0234800577163696,2.933770716190338,4.544946551322937,5.601496696472168
0.5523302555084229,0.6290351152420044,0.8675785064697266,0.517352819442749,0.5179744958877563,1.023499608039856,2.933777868747711,4.544990658760071,5.601576566696167
0.5523386001586914,0.6290549635887146,0.8675788640975952,0.5173669457435608,0.517981767654419,1.0235213041305542,2.933793365955353,4.545051455497742,5.601675510406494
0.5523470640182495,0.6290788650512695,0.8675788640975952,0.5173836350440979,0.5179910063743591,1.0235480070114136,2.9338032007217407,4.545120000839233,5.601792931556702
0.5523556470870972,0.6291069388389587,0.8675782680511475,0.5174030661582947,0.5180022120475769,1.0235793590545654,2.9338055849075317,4.545193910598755,5.601928234100342
0.5523660182952881,0.6291402578353882,0.8675785064697266,0.5174255967140198,0.5180157423019409,1.023614764213562,2.9338112473487854,4.545285105705261,5.602086782455444
0.5523778796195984,0.6291786432266235,0.8675792217254639,0.5174512267112732,0.5180317163467407,1.023654580116272,2.9338183999061584,4.545390009880066,5.602269768714905
0.5523883104324341,0.6292214393615723,0.867578387260437,0.5174797773361206,0.5180497169494629,1.023701548576355,2.9338079690933228,4.545494318008423,5.60247004032135
0.5524021983146667,0.6292695999145508,0.867579460144043,0.5175115466117859,0.5180703401565552,1.0237507820129395,2.933811843395233,4.5456236600875854,5.602696537971497
0.5524173974990845,0.62932288646698,0.8675808906555176,0.5175463557243347,0.5180932283401489,1.023804783821106,2.933815121650696,4.545765519142151,5.602947473526001
0.552428662776947,0.6293795108795166,0.8675789833068848,0.5175837278366089,0.5181176066398621,1.0238683223724365,2.9337844252586365,4.54589307308197,5.6032103300094604
0.5524489283561707,0.6294423341751099,0.8675832748413086,0.5176241993904114,0.5181450843811035,1.0239280462265015,2.933807075023651,4.54607367515564,5.603506565093994
0.5524631142616272,0.6295075416564941,0.8675827980041504,0.5176668763160706,0.5181732773780823,1.0239990949630737,2.9337817430496216,4.546226859092712,5.603810548782349
0.5524630546569824,0.6295730471611023,0.8675714731216431,0.51771080493927,0.5182012915611267,1.0240898132324219,2.933654487133026,4.546310305595398,5.604110360145569
0.55254065990448,0.6296578645706177,0.8676168918609619,0.5177602171897888,0.5182399153709412,1.024101734161377,2.9340431094169617,4.546800851821899,5.604531168937683
0.5524854063987732,0.6297166347503662,0.8675645589828491,0.5178046822547913,0.5182631015777588,1.024259090423584,2.933536171913147,4.546603560447693,5.604778528213501
0.5525103807449341,0.6297913789749146,0.8675713539123535,0.5178523063659668,0.518295407295227,1.0243299007415771,2.9335686564445496,4.5468199253082275,5.6051331758499146
0.5526202917098999,0.6298828125,0.8676410913467407,0.5179032683372498,0.5183378458023071,1.024309754371643,2.9341736435890198,4.547476172447205,5.60560405254364
0.552496612071991,0.6299269199371338,0.8675389289855957,0.5179442763328552,0.518351674079895,1.0245424509048462,2.933206260204315,4.54692006111145,5.605760216712952
0.5525197982788086,0.6299946308135986,0.8675457239151001,0.517987072467804,0.5183796882629395,1.0246095657348633,2.9332390427589417,4.5471131801605225,5.606086254119873
0.552660346031189,0.630081057548523,0.8676402568817139,0.5180323123931885,0.5184205174446106,1.024545669555664,2.9340699315071106,4.547910690307617,5.60655415058136
0.5525209307670593,0.630115270614624,0.8675274848937988,0.5180679559707642,0.5184282064437866,1.0247893333435059,2.933008074760437,4.547258019447327,5.606662631034851
0.55254727602005,0.6301752328872681,0.8675378561019897,0.5181050896644592,0.5184515714645386,1.0248454809188843,2.933075726032257,4.547449946403503,5.606960654258728
0.5526854395866394,0.6302534341812134,0.8676321506500244,0.5181446671485901,0.5184870958328247,1.0247772932052612,2.933904230594635,4.548218250274658,5.607394576072693
0.552568256855011,0.6302872896194458,0.8675364255905151,0.5181770324707031,0.5184932947158813,1.024992823600769,2.933001220226288,4.547666907310486,5.6075119972229
0.5526473522186279,0.6303470134735107,0.8675879240036011,0.5182094573974609,0.5185176730155945,1.0249818563461304,2.9334428906440735,4.548115134239197,5.607839822769165
0.5527210235595703,0.6304032802581787,0.8676363229751587,0.518240749835968,0.5185409784317017,1.0249745845794678,2.933852970600128,4.5485347509384155,5.608152151107788
0.552608072757721,0.6304279565811157,0.8675453662872314,0.5182666182518005,0.518542468547821,1.0251754522323608,2.9329946637153625,4.547988176345825,5.608234405517578
0.5527212619781494,0.6304817795753479,0.8676246404647827,0.5182927250862122,0.5185655355453491,1.0251141786575317,2.9336896538734436,4.548596739768982,5.608557462692261
0.5527679920196533,0.6305264234542847,0.8676543235778809,0.5183188915252686,0.5185825824737549,1.0251299142837524,2.933928966522217,4.5488667488098145,5.608808994293213
0.5526251196861267,0.6305398941040039,0.867542028427124,0.5183398723602295,0.5185774564743042,1.0253573656082153,2.9328790307044983,4.5481544733047485,5.6088292598724365
0.552747368812561,0.6305819153785706,0.8676306009292603,0.5183584690093994,0.5185962915420532,1.0252712965011597,2.933659255504608,4.5487940311431885,5.609109997749329
0.5527915954589844,0.6306149363517761,0.8676605224609375,0.5183778405189514,0.518608570098877,1.0252772569656372,2.9339012503623962,4.549037218093872,5.609313249588013
0.5526638627052307,0.6306227445602417,0.867560863494873,0.5183940529823303,0.5186013579368591,1.025478482246399,2.9329687356948853,4.548391103744507,5.609316825866699
0.5527985095977783,0.6306561827659607,0.8676605224609375,0.5184065699577332,0.5186173915863037,1.0253666639328003,2.9338517785072327,4.549081325531006,5.609570145606995
0.5528246164321899,0.6306803226470947,0.8676780462265015,0.5184218287467957,0.518625020980835,1.0253863334655762,2.933982014656067,4.549223184585571,5.609726905822754
0.5527001619338989,0.6306830644607544,0.867581844329834,0.5184343457221985,0.5186153054237366,1.0255775451660156,2.9330822825431824,4.548585414886475,5.6097108125686646
0.5528279542922974,0.6307056546211243,0.867678165435791,0.5184406638145447,0.51862633228302,1.0254619121551514,2.9339364171028137,4.549227952957153,5.609914064407349
0.5528304576873779,0.6307180523872375,0.8676789999008179,0.5184499621391296,0.5186272263526917,1.0254987478256226,2.9339200258255005,4.549235105514526,5.6100088357925415
0.5527868270874023,0.6307237148284912,0.8676450252532959,0.5184578895568848,0.5186220407485962,1.0255876779556274,2.933588922023773,4.549000263214111,5.6100475788116455
0.5528268218040466,0.6307313442230225,0.8676753044128418,0.5184608697891235,0.518621563911438,1.0255695581436157,2.9338470101356506,4.549182653427124,5.610139966011047
0.5528512001037598,0.6307352781295776,0.8676942586898804,0.518462598323822,0.518618643283844,1.0255674123764038,2.9340016841888428,4.549283385276794,5.6102073192596436
0.5528333783149719,0.630733072757721,0.8676812648773193,0.5184629559516907,0.5186102390289307,1.0256133079528809,2.9338684678077698,4.5491623878479,5.610224604606628
0.5528528094291687,0.6307282447814941,0.8676974773406982,0.5184587836265564,0.5186020135879517,1.0256072282791138,2.934003472328186,4.549221992492676,5.610250234603882
0.5528746247291565,0.6307181119918823,0.8677163124084473,0.5184512734413147,0.5185918211936951,1.025591492652893,2.934165894985199,4.549287557601929,5.610255002975464
0.5528560876846313,0.6306999325752258,0.8677051067352295,0.5184411406517029,0.5185756087303162,1.0256191492080688,2.9340556263923645,4.54913854598999,5.610201954841614
0.552871584892273,0.6306763291358948,0.8677208423614502,0.5184251070022583,0.5185585021972656,1.0255953073501587,2.9341980814933777,4.549151659011841,5.610143542289734
0.5528879165649414,0.6306466460227966,0.8677381277084351,0.5184052586555481,0.5185389518737793,1.0255628824234009,2.934356927871704,4.549161195755005,5.610058903694153
0.5528647899627686,0.6306092143058777,0.8677259683609009,0.5183829665184021,0.5185132622718811,1.0255725383758545,2.9342499375343323,4.54896092414856,5.609918832778931
0.5528783798217773,0.6305661797523499,0.8677427768707275,0.5183541774749756,0.518486738204956,1.0255268812179565,2.9344138503074646,4.548935890197754,5.609772801399231
0.5528892278671265,0.6305177211761475,0.8677582740783691,0.5183221697807312,0.5184577107429504,1.0254777669906616,2.9345688223838806,4.548889994621277,5.60960054397583
0.5528635382652283,0.6304629445075989,0.8677459955215454,0.5182881951332092,0.5184230804443359,1.0254684686660767,2.934476137161255,4.54865038394928,5.609378218650818
0.5528725981712341,0.6304032206535339,0.8677611351013184,0.5182482600212097,0.5183877944946289,1.025406837463379,2.9346394538879395,4.548575282096863,5.609151721000671
0.5528727173805237,0.630339503288269,0.867769718170166,0.5182061791419983,0.5183497667312622,1.0253511667251587,2.934746742248535,4.5484501123428345,5.608901381492615
0.5528539419174194,0.6302715539932251,0.8677639961242676,0.5181620717048645,0.5183082222938538,1.025314450263977,2.934727966785431,4.548221826553345,5.608618855476379
0.5528512001037598,0.6301997303962708,0.8677709102630615,0.518113911151886,0.5182652473449707,1.025251030921936,2.9348310828208923,4.548066854476929,5.6083256006240845
0.5528446435928345,0.6301250457763672,0.8677750825881958,0.5180635452270508,0.518220067024231,1.0251878499984741,2.934912145137787,4.547886252403259,5.608014464378357
0.5528326630592346,0.630047082901001,0.8677749633789062,0.5180111527442932,0.5181726813316345,1.0251270532608032,2.9349610209465027,4.547672271728516,5.6076836585998535
0.5528227686882019,0.6299656629562378,0.8677767515182495,0.5179558396339417,0.5181233882904053,1.0250581502914429,2.9350322484970093,4.547462463378906,5.607335567474365
0.5528136491775513,0.6298812031745911,0.8677793741226196,0.5178980827331543,0.5180721282958984,1.024983286857605,2.9351139068603516,4.547250270843506,5.606971383094788
0.5528016090393066,0.6297940015792847,0.8677797317504883,0.5178382396697998,0.5180190801620483,1.0249078273773193,2.935180962085724,4.54701840877533,5.606591105461121
0.5527907013893127,0.6297041177749634,0.8677810430526733,0.5177760720252991,0.5179641842842102,1.024826169013977,2.9352614283561707,4.546785950660706,5.606197118759155
0.5527788400650024,0.6296120882034302,0.8677812814712524,0.5177119374275208,0.5179077982902527,1.0247418880462646,2.9353398084640503,4.546544551849365,5.605786442756653
0.5527653694152832,0.6295177936553955,0.8677804470062256,0.5176458358764648,0.5178495645523071,1.0246556997299194,2.9354116320610046,4.546288847923279,5.605364441871643
0.5527530312538147,0.6294212341308594,0.8677804470062256,0.5175777077674866,0.5177897810935974,1.0245637893676758,2.93549507856369,4.54603374004364,5.6049275398254395
0.5527397394180298,0.6293227076530457,0.8677796125411987,0.5175076127052307,0.5177284479141235,1.0244693756103516,2.9355767369270325,4.545769095420837,5.604478120803833
0.5527244806289673,0.62922203540802,0.8677772283554077,0.5174356698989868,0.5176652669906616,1.0243734121322632,2.9356491565704346,4.545489549636841,5.604014992713928
0.5527102947235107,0.6291189193725586,0.867775559425354,0.5173614621162415,0.5176005959510803,1.024271845817566,2.9357337951660156,4.545210003852844,5.60353696346283
0.5526940822601318,0.6290134787559509,0.8677723407745361,0.5172852873802185,0.517534077167511,1.0241682529449463,2.9358097910881042,4.544916152954102,5.603044629096985
0.5526782274246216,0.6289054751396179,0.8677693605422974,0.5172069072723389,0.5174658894538879,1.0240600109100342,2.9358920454978943,4.544616341590881,5.6025367975234985
0.5526604652404785,0.62879478931427,0.8677650690078735,0.5171263813972473,0.5173960328102112,1.0239492654800415,2.935967445373535,4.5443034172058105,5.602013468742371
0.5526430010795593,0.6286813020706177,0.8677608966827393,0.5170434713363647,0.5173243284225464,1.02383291721344,2.9360508918762207,4.543986916542053,5.601472854614258
0.5526233315467834,0.6285648345947266,0.8677552938461304,0.5169583559036255,0.5172509551048279,1.0237144231796265,2.9361239075660706,4.543653130531311,5.60091495513916
0.5526037812232971,0.6284450888633728,0.8677496910095215,0.5168706774711609,0.5171759128570557,1.0235899686813354,2.9362043738365173,4.543315172195435,5.60033917427063
0.5525832176208496,0.628322184085846,0.867743730545044,0.5167807936668396,0.5170992016792297,1.0234614610671997,2.936284840106964,4.542967677116394,5.599745512008667
0.5525603294372559,0.6281962394714355,0.8677359819412231,0.5166887044906616,0.5170208215713501,1.0233303308486938,2.9363545775413513,4.542604088783264,5.599133372306824
0.5525381565093994,0.6280673742294312,0.8677289485931396,0.516594409942627,0.5169413089752197,1.0231927633285522,2.936434745788574,4.542240500450134,5.598505139350891
0.5525143146514893,0.6279358863830566,0.8677207231521606,0.5164982676506042,0.5168606638908386,1.0230523347854614,2.9365095496177673,4.541866183280945,5.597861409187317
0.5524885654449463,0.6278016567230225,0.8677113056182861,0.5164004564285278,0.5167788863182068,1.0229090452194214,2.9365769028663635,4.5414793491363525,5.597201585769653
0.5524634718894958,0.6276649832725525,0.8677023649215698,0.5163009762763977,0.5166964530944824,1.022760272026062,2.9366526007652283,4.541093111038208,5.596528053283691
0.5524358749389648,0.6275262832641602,0.8676916360855103,0.5162002444267273,0.5166133642196655,1.022609829902649,2.93671578168869,4.540694355964661,5.595839619636536
0.5524085164070129,0.6273854970932007,0.8676812648773193,0.516098141670227,0.5165298581123352,1.0224546194076538,2.936784327030182,4.540296196937561,5.595141053199768
0.5523791313171387,0.6272430419921875,0.8676694631576538,0.5159952640533447,0.5164461731910706,1.022297739982605,2.9368433356285095,4.539888501167297,5.594429969787598
0.5523499250411987,0.6270990371704102,0.8676576614379883,0.5158915519714355,0.5163624882698059,1.0221368074417114,2.9369065165519714,4.539481997489929,5.593709349632263
0.5523186922073364,0.6269539594650269,0.8676444292068481,0.5157873630523682,0.5162790417671204,1.0219751596450806,2.936958372592926,4.53906774520874,5.592979788780212
0.5522875785827637,0.626807689666748,0.8676314353942871,0.5156826376914978,0.5161960124969482,1.0218095779418945,2.937013804912567,4.53865647315979,5.592243075370789
0.5522549152374268,0.6266608834266663,0.8676170110702515,0.515578031539917,0.5161135792732239,1.0216435194015503,2.9370594024658203,4.53823983669281,5.591500401496887
0.5522220134735107,0.6265139579772949,0.8676024675369263,0.5154736638069153,0.5160320997238159,1.0214749574661255,2.9371052980422974,4.537826776504517,5.590754747390747
0.5521880984306335,0.6263673305511475,0.8675870895385742,0.5153699517250061,0.5159518718719482,1.0213063955307007,2.9371431469917297,4.537413716316223,5.590007305145264
0.5521541833877563,0.6262218952178955,0.8675714731216431,0.5152674317359924,0.5158733129501343,1.0211368799209595,2.9371795058250427,4.5370060205459595,5.5892616510391235
0.5521197319030762,0.6260790824890137,0.8675551414489746,0.5151671767234802,0.5157973170280457,1.020969271659851,2.9372087121009827,4.536606073379517,5.588527321815491
0.5520864129066467,0.6259418725967407,0.8675389289855957,0.515070915222168,0.5157253742218018,1.020804762840271,2.9372364282608032,4.536225199699402,5.587815046310425
0.5520521998405457,0.625810980796814,0.8675215244293213,0.5149795413017273,0.5156579613685608,1.0206471681594849,2.937246859073639,4.535855650901794,5.58712899684906
0.552020251750946,0.6256872415542603,0.8675049543380737,0.5148932933807373,0.5155956149101257,1.0204932689666748,2.937261462211609,4.535514712333679,5.586475133895874
0.551987886428833,0.6255705952644348,0.8674874305725098,0.5148124098777771,0.5155382752418518,1.0203468799591064,2.937261164188385,4.53518807888031,5.585850477218628
0.5519540309906006,0.6254611015319824,0.8674681186676025,0.5147373080253601,0.5154861211776733,1.020209789276123,2.937237322330475,4.534872770309448,5.5852580070495605
0.5519274473190308,0.6253582239151001,0.8674538135528564,0.5146669149398804,0.5154393315315247,1.0200692415237427,2.937253713607788,4.5346105098724365,5.584697723388672
0.5518807172775269,0.6252648830413818,0.8674235343933105,0.514604926109314,0.5153976082801819,1.0199666023254395,2.937111556529999,4.534269571304321,5.584171414375305
0.551857054233551,0.6251737475395203,0.8674105405807495,0.5145439505577087,0.515360414981842,1.019834041595459,2.937127947807312,4.534053206443787,5.583665370941162
0.551837146282196,0.6250882148742676,0.8673999309539795,0.5144873857498169,0.5153277516365051,1.0197021961212158,2.937162220478058,4.533872604370117,5.583187937736511
0.5517863035202026,0.6250115036964417,0.8673654794692993,0.5144394040107727,0.5152989029884338,1.019622564315796,2.936961352825165,4.53355610370636,5.582735538482666
0.5517696738243103,0.6249358654022217,0.8673564195632935,0.5143905282020569,0.515273928642273,1.0194965600967407,2.9370006918907166,4.5334166288375854,5.582303404808044
0.5517610311508179,0.6248661279678345,0.8673528432846069,0.5143455862998962,0.5152532458305359,1.0193665027618408,2.9370862245559692,4.533330202102661,5.581901669502258
0.5516999959945679,0.6248032450675964,0.8673094511032104,0.5143092274665833,0.5152336359024048,1.0193161964416504,2.936789095401764,4.532995820045471,5.581509470939636
0.5516950488090515,0.6247358322143555,0.867308497428894,0.5142667889595032,0.5152162313461304,1.019182801246643,2.936895787715912,4.532938599586487,5.581119656562805
0.5516889095306396,0.6246738433837891,0.8673059940338135,0.5142284035682678,0.5152019262313843,1.0190579891204834,2.936984598636627,4.5328861474990845,5.5807554721832275
0.5516211986541748,0.6246165633201599,0.8672569990158081,0.5141974091529846,0.515186607837677,1.019023060798645,2.9366296529769897,4.532535672187805,5.580386519432068
0.5516194701194763,0.6245509386062622,0.8672581911087036,0.5141571164131165,0.5151718258857727,1.0188868045806885,2.9367566108703613,4.5325034856796265,5.580007433891296
0.5516127347946167,0.624489426612854,0.8672548532485962,0.5141199231147766,0.5151588320732117,1.0187627077102661,2.936839759349823,4.532452821731567,5.579644441604614
0.5515420436859131,0.6244305968284607,0.8672035932540894,0.5140888690948486,0.5151432752609253,1.0187294483184814,2.936467230319977,4.532088041305542,5.5792683362960815
0.5515397787094116,0.6243615746498108,0.8672040700912476,0.5140467882156372,0.5151271224021912,1.018589735031128,2.936594784259796,4.532049298286438,5.578872561454773
0.5515142679214478,0.6242964267730713,0.8671865463256836,0.5140087008476257,0.5151111483573914,1.018486499786377,2.93655127286911,4.531899690628052,5.578485131263733
0.551444947719574,0.6242297291755676,0.8671364784240723,0.5139724016189575,0.5150914788246155,1.0184414386749268,2.9362013936042786,4.531527757644653,5.5780720710754395
0.5514439940452576,0.6241521835327148,0.867138147354126,0.5139245986938477,0.5150707960128784,1.0182889699935913,2.936353385448456,4.531480669975281,5.577636957168579
0.55141282081604,0.6240789890289307,0.8671164512634277,0.5138811469078064,0.5150495171546936,1.0181831121444702,2.9362842440605164,4.531286358833313,5.577207803726196
0.5513442754745483,0.6240053176879883,0.867066502571106,0.5138393640518188,0.515024721622467,1.0181281566619873,2.9359516501426697,4.530901312828064,5.576759576797485
0.5513456463813782,0.6239231824874878,0.8670691251754761,0.513787031173706,0.5149994492530823,1.0179660320281982,2.936128079891205,4.530849456787109,5.576298832893372
0.5513143539428711,0.623846173286438,0.8670462369918823,0.5137394070625305,0.5149733424186707,1.0178554058074951,2.936064302921295,4.530637264251709,5.575846433639526
0.5512487888336182,0.6237689852714539,0.8669977188110352,0.5136933326721191,0.5149440169334412,1.0177913904190063,2.935760021209717,4.530250430107117,5.5753761529922485
0.55124831199646,0.6236843466758728,0.8669975996017456,0.5136375427246094,0.5149142146110535,1.0176280736923218,2.9359275102615356,4.530174136161804,5.574896335601807
0.5512183904647827,0.6236035823822021,0.8669748306274414,0.5135856866836548,0.5148835182189941,1.0175104141235352,2.9358795285224915,4.52995240688324,5.574420094490051
0.5511623024940491,0.6235231161117554,0.8669323921203613,0.5135350823402405,0.5148503184318542,1.0174285173416138,2.935648262500763,4.529597163200378,5.573933124542236
0.551149308681488,0.6234355568885803,0.86692214012146,0.513476550579071,0.5148156881332397,1.0172780752182007,2.9357323050498962,4.529443979263306,5.573428273200989
0.5511289834976196,0.6233487129211426,0.8669060468673706,0.5134188532829285,0.5147804617881775,1.0171386003494263,2.9357635974884033,4.529253244400024,5.572923421859741
0.5510729551315308,0.6232628226280212,0.8668632507324219,0.5133635401725769,0.514742910861969,1.017048954963684,2.935541570186615,4.528883695602417,5.572406053543091
0.5510516166687012,0.6231700778007507,0.8668465614318848,0.5133013725280762,0.5147039890289307,1.0169025659561157,2.9355767369270325,4.528676271438599,5.57187020778656
0.5510332584381104,0.6230766773223877,0.86683189868927,0.5132383704185486,0.5146646499633789,1.016750454902649,2.9356345534324646,4.528481364250183,5.5713313817977905
0.5509753227233887,0.622983992099762,0.8667876720428467,0.5131784081459045,0.5146231055259705,1.0166538953781128,2.935411036014557,4.5280903577804565,5.570778846740723
0.5509432554244995,0.6228860020637512,0.8667628765106201,0.5131130814552307,0.514580488204956,1.0165139436721802,2.9353800415992737,4.527819752693176,5.570210814476013
0.5509276390075684,0.6227865219116211,0.8667501211166382,0.5130457878112793,0.5145383477210999,1.0163487195968628,2.9354679584503174,4.527629017829895,5.569640398025513
0.5508697032928467,0.6226887106895447,0.8667058944702148,0.5129823684692383,0.5144943594932556,1.0162439346313477,2.9352542757987976,4.527230262756348,5.569061636924744
0.5508173704147339,0.6225887537002563,0.8666658401489258,0.5129169821739197,0.5144495964050293,1.0161278247833252,2.9350844025611877,4.526855945587158,5.5684733390808105
0.550826907157898,0.622488796710968,0.8666708469390869,0.5128471851348877,0.5144081115722656,1.0159250497817993,2.93535053730011,4.526788592338562,5.567905306816101
0.5507692098617554,0.6223942637443542,0.8666257858276367,0.5127852559089661,0.5143651962280273,1.0158220529556274,2.9351332783699036,4.526394009590149,5.567336082458496
0.5507126450538635,0.622300386428833,0.8665813207626343,0.5127236247062683,0.5143225789070129,1.0157175064086914,2.934923470020294,4.526005983352661,5.566768050193787
0.5507240891456604,0.6222082376480103,0.8665863275527954,0.5126580595970154,0.5142843723297119,1.015519618988037,2.93518990278244,4.525959491729736,5.56623101234436
0.550668478012085,0.6221212148666382,0.8665413856506348,0.5126007199287415,0.5142449736595154,1.0154216289520264,2.934974431991577,4.525586366653442,5.565692186355591
0.5506125092506409,0.6220355033874512,0.8664960861206055,0.5125442147254944,0.5142064690589905,1.0153248310089111,2.934754192829132,4.525214433670044,5.565157532691956
0.5506096482276917,0.6219534277915955,0.866489052772522,0.5124861598014832,0.514172375202179,1.0151581764221191,2.934902310371399,4.52511191368103,5.56465744972229
0.5505474805831909,0.6218770742416382,0.8664381504058838,0.5124360918998718,0.5141378045082092,1.0150811672210693,2.9346218705177307,4.524723291397095,5.564161539077759
0.5505080819129944,0.6218051314353943,0.8664032220840454,0.5123869776725769,0.5141063332557678,1.0149773359298706,2.934495508670807,4.52445387840271,5.563691854476929
0.5505093336105347,0.621740460395813,0.8663967847824097,0.5123389959335327,0.5140796303749084,1.014825701713562,2.9346415400505066,4.524393677711487,5.563267469406128
0.5504446029663086,0.6216815114021301,0.8663418292999268,0.512299656867981,0.5140522718429565,1.0147733688354492,2.9343122243881226,4.524015188217163,5.562845468521118
0.5504152774810791,0.6216283440589905,0.8663120269775391,0.5122612118721008,0.5140291452407837,1.0146785974502563,2.9342234134674072,4.523820281028748,5.562461018562317
0.5504225492477417,0.6215827465057373,0.8663077354431152,0.5122243762016296,0.5140106081962585,1.0145424604415894,2.934378683567047,4.52381432056427,5.562121272087097
0.5503597855567932,0.621540904045105,0.8662523031234741,0.512195348739624,0.5139903426170349,1.0145092010498047,2.93403297662735,4.523467421531677,5.561776161193848
0.5503360629081726,0.6215046644210815,0.8662246465682983,0.5121669173240662,0.5139748454093933,1.0144286155700684,2.933953106403351,4.523321986198425,5.561469197273254
0.5503454208374023,0.621475100517273,0.8662203550338745,0.5121399760246277,0.5139633417129517,1.0143101215362549,2.9340937733650208,4.523347616195679,5.561202764511108
0.550288200378418,0.6214473247528076,0.8661677837371826,0.5121194124221802,0.5139497518539429,1.0142875909805298,2.9337629675865173,4.523048400878906,5.560924410820007
0.5502766370773315,0.6214258074760437,0.8661478757858276,0.5120996236801147,0.5139415860176086,1.0142090320587158,2.9337430000305176,4.522984623908997,5.5606889724731445
0.5502751469612122,0.6214094161987305,0.866134762763977,0.5120821595191956,0.5139360427856445,1.0141236782073975,2.9337838292121887,4.522976875305176,5.560480356216431
0.5502412915229797,0.6213951110839844,0.866098165512085,0.5120689272880554,0.5139302611351013,1.0140869617462158,2.9335924983024597,4.522814154624939,5.560274124145508
0.5502220988273621,0.6213856935501099,0.8660720586776733,0.5120581984519958,0.5139284133911133,1.014035940170288,2.9334965348243713,4.522733688354492,5.560095906257629
0.5502272248268127,0.621382474899292,0.8660632371902466,0.512049674987793,0.5139303803443909,1.0139594078063965,2.933560013771057,4.522782564163208,5.559953451156616
0.5501992702484131,0.6213804483413696,0.8660304546356201,0.5120447278022766,0.513931930065155,1.0139315128326416,2.933388650417328,4.52267050743103,5.55980920791626
0.5501756072044373,0.6213822364807129,0.8660008907318115,0.512042760848999,0.5139365792274475,1.0139029026031494,2.9332396388053894,4.5225900411605835,5.5596864223480225
0.5501863956451416,0.6213915944099426,0.8659956455230713,0.5120429992675781,0.5139461159706116,1.0138360261917114,2.933320701122284,4.522690176963806,5.55961012840271
0.5501602292060852,0.6214014887809753,0.8659640550613403,0.5120468735694885,0.513954758644104,1.01382315158844,2.933139204978943,4.522609710693359,5.559526681900024
0.5501371622085571,0.621415376663208,0.8659346103668213,0.512053906917572,0.5139666795730591,1.0138111114501953,2.9329726099967957,4.5225560665130615,5.5594658851623535
0.5501500368118286,0.6214377880096436,0.8659305572509766,0.5120636820793152,0.5139841437339783,1.0137603282928467,2.9330438375473022,4.522690773010254,5.559456944465637
0.5501266717910767,0.6214601993560791,0.8659006357192993,0.5120768547058105,0.514000654220581,1.0137616395950317,2.9328587651252747,4.522649645805359,5.559439659118652
0.550106406211853,0.621487021446228,0.8658730983734131,0.512093722820282,0.5140208005905151,1.0137648582458496,2.9326874017715454,4.522635340690613,5.559446811676025
0.5501209497451782,0.6215234994888306,0.8658699989318848,0.5121141076087952,0.5140469074249268,1.0137321949005127,2.93274462223053,4.522806406021118,5.559509992599487
0.5501012802124023,0.621559739112854,0.8658425807952881,0.5121378302574158,0.5140723586082458,1.0137486457824707,2.932559847831726,4.522811770439148,5.559566020965576
0.5500857830047607,0.6216014623641968,0.8658180236816406,0.5121657848358154,0.5141019821166992,1.0137670040130615,2.9323938488960266,4.5228511095047,5.559651851654053
0.5501009821891785,0.6216533184051514,0.8658150434494019,0.5121980905532837,0.514137864112854,1.0137561559677124,2.932427227497101,4.523056745529175,5.559795498847961
0.5500872135162354,0.6217058897018433,0.8657914400100708,0.5122339725494385,0.5141737461090088,1.0137882232666016,2.9322531819343567,4.523123502731323,5.559937357902527
0.5500866174697876,0.6217660307884216,0.8657771348953247,0.5122743844985962,0.5142146944999695,1.0138123035430908,2.9321590065956116,4.5232707262039185,5.560121536254883
0.5500897765159607,0.6218327879905701,0.8657652139663696,0.5123195648193359,0.5142596960067749,1.013840913772583,2.932077944278717,4.523448348045349,5.5603402853012085
0.5500974655151367,0.621906042098999,0.8657562732696533,0.5123690366744995,0.5143084526062012,1.0138729810714722,2.9320168495178223,4.523659348487854,5.560593008995056
0.5500891208648682,0.6219831705093384,0.8657358884811401,0.5124232172966003,0.5143592357635498,1.0139336585998535,2.931835651397705,4.523801207542419,5.560863614082336
0.5501223802566528,0.6220734715461731,0.8657445907592773,0.512482762336731,0.5144180059432983,1.0139542818069458,2.931922972202301,4.524165987968445,5.561209321022034
0.5500741004943848,0.6221563816070557,0.8656952381134033,0.5125454068183899,0.514471709728241,1.014081358909607,2.931447923183441,4.52412486076355,5.561501383781433
0.5501400232315063,0.6222686767578125,0.865726113319397,0.5126177072525024,0.5145431756973267,1.0140868425369263,2.9317256808280945,4.524686336517334,5.561964511871338
0.5501532554626465,0.6223721504211426,0.8657201528549194,0.5126892328262329,0.5146089196205139,1.0141575336456299,2.9316461086273193,4.524977803230286,5.562375783920288
0.5500607490539551,0.622463583946228,0.8656389713287354,0.5127635598182678,0.5146676301956177,1.01436185836792,2.93084055185318,4.52474057674408,5.5627065896987915
0.5502021908760071,0.6226091384887695,0.8657224178314209,0.5128527879714966,0.5147588849067688,1.014309048652649,2.9315894842147827,4.525725841522217,5.5633544921875
0.5501657724380493,0.6227130889892578,0.865681529045105,0.5129311680793762,0.5148252844810486,1.0144555568695068,2.9311558604240417,4.525781273841858,5.563768744468689
0.5500883460044861,0.6228200197219849,0.8656108379364014,0.5130162239074707,0.5148934125900269,1.0146634578704834,2.930426299571991,4.525645971298218,5.564185976982117
0.5502593517303467,0.6229863166809082,0.8657143115997314,0.5131175518035889,0.5149956941604614,1.0146019458770752,2.931343913078308,4.526806473731995,5.5649495124816895
0.5501662492752075,0.6230869293212891,0.8656336069107056,0.5132007598876953,0.5150604248046875,1.0148290395736694,2.9305121302604675,4.526583552360535,5.56534469127655
0.5501612424850464,0.623222291469574,0.8656132221221924,0.5132991671562195,0.5151446461677551,1.014977216720581,2.9302409291267395,4.526844620704651,5.565923452377319
0.5503126382827759,0.6233951449394226,0.865702748298645,0.5134075880050659,0.5152495503425598,1.0149579048156738,2.9310056567192078,4.527917504310608,5.566723942756653
0.550213098526001,0.6235009431838989,0.8656175136566162,0.5134963393211365,0.515317440032959,1.0152065753936768,2.9301154613494873,4.527673125267029,5.56715190410614
0.5502211451530457,0.6236510872840881,0.8656055927276611,0.5136042237281799,0.5154088735580444,1.0153613090515137,2.9299068450927734,4.528017640113831,5.567814111709595
0.5503787398338318,0.6238374710083008,0.865699052810669,0.5137216448783875,0.5155197978019714,1.015357494354248,2.930687665939331,4.529137015342712,5.568689703941345
0.5502718091011047,0.6239460110664368,0.8656086921691895,0.5138141512870789,0.5155891180038452,1.0156258344650269,2.929737865924835,4.528860449790955,5.569140315055847
0.550285279750824,0.6241044998168945,0.8656003475189209,0.5139281153678894,0.5156845450401306,1.015790343284607,2.9295486211776733,4.529240727424622,5.569853186607361
0.5504450798034668,0.6243003010749817,0.8656952381134033,0.5140522122383118,0.5157995223999023,1.015802025794983,2.9303255677223206,4.530382752418518,5.570785403251648
0.5503418445587158,0.6244127154350281,0.8656076192855835,0.5141482949256897,0.515870988368988,1.0160763263702393,2.9293912649154663,4.530127644538879,5.571267008781433
0.5503692626953125,0.6245798468589783,0.8656091690063477,0.5142673850059509,0.5159704685211182,1.0162389278411865,2.9292812943458557,4.530585408210754,5.572035312652588
0.5505145788192749,0.6247801780700684,0.8656934499740601,0.5143964886665344,0.5160865187644958,1.016283631324768,2.929944694042206,4.531658887863159,5.572994351387024
0.5504317879676819,0.6249058246612549,0.8656196594238281,0.5144999027252197,0.5161639451980591,1.016552448272705,2.929127812385559,4.531519412994385,5.573552846908569
0.5504741072654724,0.6250871419906616,0.8656307458877563,0.5146265625953674,0.5162681937217712,1.0167189836502075,2.9290947318077087,4.532060623168945,5.574398636817932
0.5505510568618774,0.6252790689468384,0.8656660318374634,0.5147568583488464,0.5163774490356445,1.0168544054031372,2.9292860627174377,4.532782435417175,5.575308203697205
0.5505502223968506,0.6254438161849976,0.8656477928161621,0.5148772597312927,0.5164722800254822,1.017065167427063,2.928975224494934,4.533085823059082,5.576074719429016
0.5505855679512024,0.6256263256072998,0.8656539916992188,0.515005350112915,0.516575038433075,1.0172507762908936,2.9288870096206665,4.5335853099823,5.5769360065460205
0.5506279468536377,0.6258149147033691,0.8656644821166992,0.5151361227035522,0.5166793465614319,1.0174362659454346,2.928836941719055,4.534122943878174,5.577828288078308
0.5506631135940552,0.6260024905204773,0.8656697273254395,0.5152664184570312,0.5167815089225769,1.017633318901062,2.928735911846161,4.534617066383362,5.578715801239014
0.5506999492645264,0.6261903047561646,0.8656761646270752,0.5153959393501282,0.5168818831443787,1.0178313255310059,2.928646206855774,4.535112380981445,5.579608082771301
0.5507370233535767,0.6263771653175354,0.8656826019287109,0.5155237317085266,0.5169796347618103,1.0180304050445557,2.9285582900047302,4.535597562789917,5.58049738407135
0.5507753491401672,0.6265612840652466,0.8656902313232422,0.5156484842300415,0.5170735716819763,1.0182275772094727,2.928483486175537,4.536074995994568,5.581376552581787
0.5508116483688354,0.6267402768135071,0.8656967878341675,0.5157688856124878,0.5171624422073364,1.0184240341186523,2.9284027218818665,4.536525011062622,5.582234263420105
0.5508483648300171,0.6269139051437378,0.8657040596008301,0.5158844590187073,0.5172461271286011,1.0186165571212769,2.928333878517151,4.536958932876587,5.583070516586304
0.550885021686554,0.6270816326141357,0.86571204662323,0.5159948468208313,0.5173243284225464,1.0188045501708984,2.9282745718955994,4.537372589111328,5.583881139755249
0.5509204864501953,0.6272422075271606,0.8657197952270508,0.5160996317863464,0.5173969268798828,1.0189883708953857,2.9282185435295105,4.537760019302368,5.584661364555359
0.5509548187255859,0.6273955702781677,0.8657276630401611,0.5161987543106079,0.5174638628959656,1.019167184829712,2.928166687488556,4.538123607635498,5.585411190986633
0.550990104675293,0.6275426745414734,0.8657370805740356,0.5162928104400635,0.5175259113311768,1.0193394422531128,2.9281333088874817,4.538474678993225,5.586135387420654
0.551023542881012,0.6276832222938538,0.8657457828521729,0.5163818597793579,0.5175831913948059,1.0195082426071167,2.9280975461006165,4.538800120353699,5.586830973625183
0.5510560274124146,0.6278181076049805,0.8657548427581787,0.5164666175842285,0.517636239528656,1.0196733474731445,2.928065061569214,4.539107084274292,5.5875033140182495
0.5510902404785156,0.6279488801956177,0.8657655715942383,0.5165477395057678,0.5176860094070435,1.019832730293274,2.928052246570587,4.539410471916199,5.588158965110779
0.5511224269866943,0.6280748248100281,0.8657757043838501,0.5166256427764893,0.517732560634613,1.0199905633926392,2.928033173084259,4.539692997932434,5.588794946670532
0.5511541366577148,0.6281975507736206,0.865786075592041,0.5167010426521301,0.5177768468856812,1.0201462507247925,2.928016185760498,4.539965391159058,5.589417219161987
0.5511878728866577,0.628318190574646,0.8657983541488647,0.516774594783783,0.5178195834159851,1.0202977657318115,2.9280170798301697,4.540241360664368,5.590033531188965
0.5512188673019409,0.6284356117248535,0.8658093214035034,0.5168462991714478,0.5178605914115906,1.020450234413147,2.928003966808319,4.540498852729797,5.590635538101196
0.5512516498565674,0.6285528540611267,0.8658220767974854,0.5169176459312439,0.5179014801979065,1.02060067653656,2.9280051589012146,4.540764689445496,5.591239929199219
0.5512851476669312,0.6286698579788208,0.8658355474472046,0.5169889330863953,0.5179424285888672,1.020750641822815,2.9280102252960205,4.541032314300537,5.591844320297241
0.5513089895248413,0.6287848353385925,0.865842342376709,0.5170599818229675,0.517982542514801,1.020911455154419,2.927950918674469,4.541252255439758,5.592438578605652
0.551354706287384,0.6289105415344238,0.8658643960952759,0.517135739326477,0.5180277824401855,1.0210567712783813,2.9280266165733337,4.541592001914978,5.593089461326599
0.5513803958892822,0.6290286779403687,0.865872859954834,0.5172091722488403,0.5180702805519104,1.0212199687957764,2.9279741644859314,4.541827440261841,5.59370219707489
0.5514035820960999,0.6291524171829224,0.8658788204193115,0.517286479473114,0.5181154608726501,1.0213935375213623,2.9278936982154846,4.542058706283569,5.5943381786346436
0.551461398601532,0.6292941570281982,0.8659086227416992,0.5173718333244324,0.5181692838668823,1.0215431451797485,2.928026020526886,4.54248309135437,5.59506893157959
0.5514843463897705,0.6294211745262146,0.8659149408340454,0.5174523591995239,0.5182177424430847,1.0217219591140747,2.9279369115829468,4.542723894119263,5.595725774765015
0.5515100955963135,0.6295582056045532,0.8659218549728394,0.5175389647483826,0.51827073097229,1.021909475326538,2.927849590778351,4.542992115020752,5.5964261293411255
0.5515756607055664,0.6297171115875244,0.8659563064575195,0.5176352858543396,0.518333911895752,1.0220710039138794,2.9280054569244385,4.543482065200806,5.597240328788757
0.5516006946563721,0.629858136177063,0.8659629821777344,0.5177256464958191,0.518390417098999,1.0222655534744263,2.927905023097992,4.543757438659668,5.597964525222778
0.5516300797462463,0.6300103664398193,0.865971565246582,0.5178224444389343,0.5184517502784729,1.022468090057373,2.927815616130829,4.544067978858948,5.598739385604858
0.5517006516456604,0.6301864385604858,0.8660081624984741,0.51792973279953,0.5185234546661377,1.0226455926895142,2.927974760532379,4.544607996940613,5.5996352434158325
0.5517297983169556,0.6303436756134033,0.8660165071487427,0.5180305242538452,0.5185880064964294,1.022856593132019,2.9278728365898132,4.544926881790161,5.600437521934509
0.5517625212669373,0.6305113434791565,0.8660261631011963,0.5181370377540588,0.5186565518379211,1.0230756998062134,2.9277771711349487,4.545274376869202,5.601286888122559
0.5518388748168945,0.630703330039978,0.866065502166748,0.5182539224624634,0.518735408782959,1.0232675075531006,2.9279476404190063,4.545861482620239,5.6022584438323975
0.5518701076507568,0.6308718919754028,0.8660745620727539,0.5183619856834412,0.5188053250312805,1.0234922170639038,2.9278385639190674,4.546205401420593,5.603117942810059
0.5519057512283325,0.631049633026123,0.8660856485366821,0.5184746384620667,0.5188782215118408,1.0237228870391846,2.9277440905570984,4.546578526496887,5.6040167808532715
0.551988959312439,0.6312522888183594,0.8661293983459473,0.5185976028442383,0.5189613699913025,1.0239219665527344,2.9279419779777527,4.547209739685059,5.6050461530685425
0.5520209074020386,0.6314255595207214,0.8661391735076904,0.5187085270881653,0.5190328359603882,1.0241549015045166,2.9278287291526794,4.547560811042786,5.6059324741363525
0.5520566701889038,0.6316056251525879,0.8661507368087769,0.5188226699829102,0.5191061496734619,1.0243922472000122,2.9277291893959045,4.547933340072632,5.606849193572998
0.5521656274795532,0.6318252086639404,0.8662121295928955,0.5189527869224548,0.5191951990127563,1.024581789970398,2.9280775785446167,4.54870343208313,5.607967376708984
0.5521947145462036,0.6319965124130249,0.8662209510803223,0.519062876701355,0.5192654132843018,1.0248205661773682,2.927945852279663,4.549034237861633,5.608852505683899
0.5522267818450928,0.632172703742981,0.8662313222885132,0.519175112247467,0.5193365812301636,1.0250619649887085,2.9278257489204407,4.549381136894226,5.609759092330933
0.5523352026939392,0.63238924741745,0.8662935495376587,0.5193031430244446,0.5194233655929565,1.0252530574798584,2.9281750321388245,4.550139307975769,5.610871911048889
0.5523625016212463,0.632554292678833,0.8663029670715332,0.5194095373153687,0.519490122795105,1.0254909992218018,2.928040325641632,4.550449252128601,5.611737370491028
0.5523919463157654,0.632722020149231,0.8663132190704346,0.5195167064666748,0.5195568799972534,1.0257303714752197,2.92791485786438,4.550766944885254,5.612614750862122
0.5524961352348328,0.632928729057312,0.8663746118545532,0.5196388363838196,0.5196382999420166,1.0259196758270264,2.9282504320144653,4.551486968994141,5.613691806793213
0.5525214076042175,0.6330835819244385,0.866384744644165,0.5197389125823975,0.5196998119354248,1.02615225315094,2.928118109703064,4.551768898963928,5.614519715309143
0.5525486469268799,0.6332399249076843,0.8663959503173828,0.5198389887809753,0.5197607278823853,1.0263850688934326,2.927996814250946,4.552057385444641,5.615354776382446
0.5526520609855652,0.6334361433982849,0.8664591312408447,0.519954264163971,0.5198363661766052,1.0265666246414185,2.928345203399658,4.55275297164917,5.616392493247986
0.5526746511459351,0.6335777044296265,0.8664700984954834,0.5200462937355042,0.5198913812637329,1.026790976524353,2.9282164573669434,4.553000330924988,5.617170929908752
0.5526991486549377,0.6337198615074158,0.8664822578430176,0.5201377868652344,0.5199454426765442,1.0270140171051025,2.9281005263328552,4.5532530546188354,5.6179505586624146
0.5528008341789246,0.6339024305343628,0.8665471076965332,0.5202444195747375,0.5200142860412598,1.027185320854187,2.9284605383872986,4.553918838500977,5.618935823440552
0.5528208613395691,0.6340281367301941,0.8665593862533569,0.5203269720077515,0.5200621485710144,1.0273973941802979,2.9283425211906433,4.554131031036377,5.6196510791778564
0.5528415441513062,0.6341500878334045,0.8665727376937866,0.5204068422317505,0.5201078057289124,1.0276046991348267,2.9282349348068237,4.554339051246643,5.620351433753967
0.5529392957687378,0.6343103051185608,0.8666391372680664,0.520500898361206,0.5201678276062012,1.0277577638626099,2.9286065697669983,4.554958343505859,5.621248483657837
0.552954912185669,0.6344118714332581,0.8666529655456543,0.520569920539856,0.5202064514160156,1.0279496908187866,2.9284998774528503,4.555121064186096,5.6218671798706055
0.5529704093933105,0.6345107555389404,0.8666669130325317,0.5206366777420044,0.5202426910400391,1.0281388759613037,2.9283973574638367,4.55527663230896,5.622473955154419
0.5530650615692139,0.634651780128479,0.8667347431182861,0.5207191109657288,0.5202940702438354,1.0282758474349976,2.928781509399414,4.5558542013168335,5.623292326927185
0.5530776381492615,0.6347349882125854,0.8667497634887695,0.5207768082618713,0.5203241109848022,1.0284518003463745,2.9286864399909973,4.555975794792175,5.623834729194641
0.5530827641487122,0.6348097324371338,0.8667600154876709,0.5208296179771423,0.5203496217727661,1.0286277532577515,2.928553819656372,4.556047320365906,5.624337792396545
0.5531843304634094,0.6349360346794128,0.8668358325958252,0.5209017395973206,0.5203938484191895,1.0287399291992188,2.929013669490814,4.556635022163391,5.625098943710327
0.5531768798828125,0.6349866986274719,0.866841197013855,0.5209417939186096,0.5204101800918579,1.028904914855957,2.9288360476493835,4.556620121002197,5.625499486923218
0.5531870722770691,0.6350444555282593,0.8668583631515503,0.5209830403327942,0.5204273462295532,1.0290553569793701,2.9287704825401306,4.556690454483032,5.625933408737183
0.5532748103141785,0.6351432800292969,0.866928219795227,0.5210391283035278,0.5204589366912842,1.029153823852539,2.929183542728424,4.557173848152161,5.626572966575623
0.5532731413841248,0.6351771950721741,0.8669407367706299,0.5210673809051514,0.520466685295105,1.0292924642562866,2.929076850414276,4.557158946990967,5.626904368400574
0.5532755851745605,0.6352097988128662,0.8669558763504028,0.5210930109024048,0.5204718112945557,1.029423713684082,2.929002344608307,4.557154178619385,5.627227425575256
0.553361713886261,0.6352867484092712,0.867027997970581,0.5211347341537476,0.5204922556877136,1.0294989347457886,2.9294440150260925,4.55759584903717,5.627772212028503
0.5533697009086609,0.635303795337677,0.8670507669448853,0.5211505889892578,0.5204914808273315,1.0296050310134888,2.929438352584839,4.557600617408752,5.628034472465515
0.5533583760261536,0.6353044509887695,0.8670605421066284,0.5211573243141174,0.5204821825027466,1.0297163724899292,2.9293248057365417,4.5574867725372314,5.628214478492737
0.5534502863883972,0.6353631019592285,0.8671398162841797,0.5211856365203857,0.5204925537109375,1.0297622680664062,2.929842174053192,4.557924270629883,5.628681182861328
0.5534513592720032,0.6353551745414734,0.8671607971191406,0.5211852192878723,0.5204788446426392,1.029847264289856,2.9298338294029236,4.557856917381287,5.628829598426819
0.5534400343894958,0.6353353261947632,0.8671735525131226,0.5211776494979858,0.5204585194587708,1.0299334526062012,2.9297590255737305,4.557708501815796,5.628917813301086
0.5535178184509277,0.6353658437728882,0.8672459125518799,0.5211884379386902,0.5204547643661499,1.0299628973007202,2.9302287101745605,4.558034539222717,5.629251599311829
0.5535417795181274,0.6353549957275391,0.8672839403152466,0.5211806297302246,0.5204353928565979,1.0300133228302002,2.930389642715454,4.558056592941284,5.629388689994812
0.5535293817520142,0.6353171467781067,0.8672981262207031,0.5211598873138428,0.520404577255249,1.0300778150558472,2.930341958999634,4.557870030403137,5.6293922662734985
0.5535961389541626,0.6353245973587036,0.8673648834228516,0.5211554765701294,0.5203883051872253,1.0300923585891724,2.9307761788368225,4.558104872703552,5.629616379737854
0.5536165833473206,0.6352964639663696,0.8674020767211914,0.5211347937583923,0.5203582644462585,1.030124306678772,2.9309463500976562,4.558076858520508,5.629667639732361
0.553601861000061,0.6352425217628479,0.8674160242080688,0.521101713180542,0.5203170776367188,1.0301700830459595,2.930913269519806,4.557846784591675,5.629591345787048
0.5536634922027588,0.6352323889732361,0.8674806356430054,0.5210842490196228,0.5202900171279907,1.0301673412322998,2.9313454031944275,4.5580220222473145,5.629726052284241
0.5536788702011108,0.635184109210968,0.8675161600112915,0.5210494995117188,0.5202488899230957,1.0301787853240967,2.9315173625946045,4.557934999465942,5.629679560661316
0.5536588430404663,0.6351071000099182,0.8675291538238525,0.5210010409355164,0.520196259021759,1.0302008390426636,2.9314905405044556,4.5576441287994385,5.629493594169617
0.553712010383606,0.6350708603858948,0.8675906658172607,0.5209667682647705,0.5201565027236938,1.0301743745803833,2.9319122433662415,4.557740688323975,5.629503130912781
0.5537261366844177,0.6350008249282837,0.8676280975341797,0.5209169983863831,0.5201045274734497,1.0301576852798462,2.932116985321045,4.5576149225234985,5.629354119300842
0.5536961555480957,0.634895920753479,0.8676371574401855,0.5208510160446167,0.5200390815734863,1.0301549434661865,2.932073175907135,4.557238221168518,5.629034638404846
0.5537326335906982,0.6348279714584351,0.8676899671554565,0.5207973122596741,0.5199844241142273,1.0301079750061035,2.9324349761009216,4.557209610939026,5.628891587257385
0.553757905960083,0.6347453594207764,0.8677365779876709,0.5207360982894897,0.5199245810508728,1.030056357383728,2.9327452182769775,4.55711305141449,5.628679394721985
0.5537087917327881,0.6346093416213989,0.8677350282669067,0.5206515789031982,0.519845187664032,1.030036211013794,2.9326236248016357,4.55660343170166,5.628206729888916
0.5537394285202026,0.6345210075378418,0.8677850961685181,0.5205835103988647,0.519779622554779,1.029966115951538,2.9329848289489746,4.556513428688049,5.627957582473755
0.5537666082382202,0.6344242691993713,0.8678338527679443,0.520510733127594,0.5197111368179321,1.0298888683319092,2.9333367943763733,4.556398987770081,5.627668499946594
0.5537125468254089,0.6342698335647583,0.8678299188613892,0.5204132199287415,0.5196221470832825,1.0298463106155396,2.933216691017151,4.555836915969849,5.627099275588989
0.5537382364273071,0.6341637372970581,0.8678773641586304,0.5203326344490051,0.5195472836494446,1.0297547578811646,2.933577597141266,4.555695056915283,5.626755356788635
0.5537616610527039,0.634051501750946,0.8679239749908447,0.5202482342720032,0.5194704532623291,1.0296560525894165,2.9339343309402466,4.555537700653076,5.626381039619446
0.5537081956863403,0.6338855624198914,0.8679205179214478,0.5201411843299866,0.5193746089935303,1.0295915603637695,2.9338419437408447,4.554957151412964,5.625744462013245
0.5537291765213013,0.633765697479248,0.8679648637771606,0.5200502872467041,0.5192923545837402,1.0294815301895142,2.934196889400482,4.554770588874817,5.625320076942444
0.5537481307983398,0.6336405277252197,0.8680083751678467,0.5199564099311829,0.5192086100578308,1.0293651819229126,2.934548258781433,4.554570913314819,5.624869465827942
0.5537158250808716,0.6334790587425232,0.8680185079574585,0.5198466777801514,0.5191119909286499,1.0292699337005615,2.934602200984955,4.554088711738586,5.6242406368255615
0.5537303686141968,0.6333463788032532,0.8680583238601685,0.5197468400001526,0.5190237164497375,1.0291444063186646,2.9349374771118164,4.553853869438171,5.6237417459487915
0.5537408590316772,0.6332088708877563,0.8680956363677979,0.5196444988250732,0.5189340710639954,1.0290156602859497,2.9352542757987976,4.5535969734191895,5.623215436935425
0.5537022948265076,0.6330375671386719,0.8681007623672485,0.5195274949073792,0.5188325047492981,1.028908133506775,2.935284674167633,4.553070664405823,5.622522830963135
0.5537121295928955,0.6328970193862915,0.8681365251541138,0.5194212794303894,0.5187399387359619,1.0287703275680542,2.935604155063629,4.552801251411438,5.621967911720276
0.5537179708480835,0.6327532529830933,0.8681694269180298,0.5193134546279907,0.5186467170715332,1.0286308526992798,2.93590247631073,4.55251157283783,5.621393322944641
0.5536520481109619,0.632561445236206,0.8681555986404419,0.5191857814788818,0.518537163734436,1.028525471687317,2.9357782006263733,4.55183207988739,5.620583891868591
0.5536602139472961,0.6324179172515869,0.8681885004043579,0.5190756916999817,0.5184420943260193,1.0283766984939575,2.9360947012901306,4.551547169685364,5.619993805885315
0.5536664128303528,0.6322731971740723,0.8682199716567993,0.5189651846885681,0.5183475613594055,1.0282260179519653,2.9364004731178284,4.551255702972412,5.619394779205322
0.5536220073699951,0.6320945024490356,0.8682184219360352,0.5188405513763428,0.5182415843009949,1.028098225593567,2.9364094138145447,4.550690054893494,5.618627667427063
0.55362468957901,0.6319466829299927,0.8682464361190796,0.5187272429466248,0.5181454420089722,1.027942180633545,2.9366979002952576,4.550377130508423,5.61799943447113
0.5536254048347473,0.6317986845970154,0.8682727813720703,0.5186144113540649,0.518050491809845,1.0277851819992065,2.9369735717773438,4.550060033798218,5.617366433143616
0.553581714630127,0.6316213607788086,0.8682702779769897,0.5184895396232605,0.5179460048675537,1.0276490449905396,2.93698787689209,4.549503922462463,5.616587996482849
0.553580641746521,0.631473183631897,0.8682944774627686,0.5183759331703186,0.5178512930870056,1.027487874031067,2.937253713607788,4.549180865287781,5.615941286087036
0.5535780191421509,0.6313275694847107,0.8683170080184937,0.5182647705078125,0.5177595615386963,1.027328610420227,2.9375049471855164,4.548860192298889,5.615301132202148
0.5535327196121216,0.6311574578285217,0.868311882019043,0.5181453824043274,0.5176618695259094,1.027193307876587,2.937498390674591,4.548321962356567,5.614539980888367
0.553530216217041,0.6310213804244995,0.868333101272583,0.51804119348526,0.5175778269767761,1.02703857421875,2.9377353191375732,4.54802930355072,5.613933801651001
0.5535262227058411,0.6308912634849548,0.8683527708053589,0.5179426074028015,0.5174997448921204,1.0268899202346802,2.937951683998108,4.547750949859619,5.613352656364441
0.5534807443618774,0.630739688873291,0.8683453798294067,0.5178380608558655,0.5174177885055542,1.026767611503601,2.9379141330718994,4.547266960144043,5.612665414810181
0.5534777641296387,0.6306231021881104,0.8683642148971558,0.5177498459815979,0.5173503756523132,1.0266278982162476,2.9381150007247925,4.547030329704285,5.612138509750366
0.5534741282463074,0.6305140256881714,0.8683819770812988,0.5176679491996765,0.517289400100708,1.0264954566955566,2.9382985830307007,4.546813368797302,5.6116437911987305
0.5534299612045288,0.6303838491439819,0.8683732748031616,0.5175800919532776,0.5172243118286133,1.0263893604278564,2.9382333159446716,4.546394348144531,5.611048340797424
0.5534270405769348,0.6302882432937622,0.8683899641036987,0.5175082087516785,0.5171730518341064,1.026267170906067,2.9384005069732666,4.54621434211731,5.610608458518982
0.5534254312515259,0.6302016973495483,0.8684067726135254,0.5174431800842285,0.5171284079551697,1.0261523723602295,2.9385599493980408,4.54606294631958,5.610209703445435
0.5533832907676697,0.6300936937332153,0.8683969974517822,0.5173717141151428,0.5170788168907166,1.0260637998580933,2.9384714365005493,4.545707106590271,5.60970664024353
0.5533801317214966,0.6300172209739685,0.8684113025665283,0.5173144340515137,0.5170415043830872,1.0259596109390259,2.938603162765503,4.545572996139526,5.609347820281982
0.553381085395813,0.6299501657485962,0.8684272766113281,0.5172632336616516,0.5170095562934875,1.0258598327636719,2.9387474060058594,4.545477628707886,5.609030723571777
0.5533491969108582,0.6298648118972778,0.8684220314025879,0.5172061324119568,0.5169728994369507,1.0257807970046997,2.9386916756629944,4.545212388038635,5.608626008033752
0.5533349514007568,0.6297934055328369,0.8684275150299072,0.5171548128128052,0.5169410705566406,1.025693655014038,2.9387372732162476,4.54504668712616,5.608283281326294
0.5533468723297119,0.6297431588172913,0.8684488534927368,0.5171130299568176,0.5169172286987305,1.0255961418151855,2.93893039226532,4.545029401779175,5.608037114143372
0.5533162951469421,0.6296651363372803,0.8684431314468384,0.5170603394508362,0.516884446144104,1.0255213975906372,2.938872277736664,4.5447838306427,5.607661008834839
0.5532954931259155,0.6295921802520752,0.8684432506561279,0.5170087218284607,0.5168522596359253,1.0254387855529785,2.938874065876007,4.544586539268494,5.607303977012634
0.553308367729187,0.6295422315597534,0.868464469909668,0.5169662833213806,0.5168276429176331,1.0253382921218872,2.9390734434127808,4.544571042060852,5.60705304145813
0.553276538848877,0.6294601559638977,0.8684573173522949,0.5169100165367126,0.516791582107544,1.0252583026885986,2.9390141367912292,4.544308185577393,5.606651306152344
0.5532519817352295,0.6293784976005554,0.8684548139572144,0.516852080821991,0.5167538523674011,1.0251682996749878,2.939005494117737,4.544075131416321,5.606248378753662
0.5532599091529846,0.6293165683746338,0.8684728145599365,0.516801118850708,0.516721785068512,1.0250579118728638,2.9391923546791077,4.544011354446411,5.605935454368591
0.5532292127609253,0.6292243003845215,0.8684664964675903,0.5167363286018372,0.5166782140731812,1.024962067604065,2.9391592741012573,4.5437294244766235,5.605480670928955
0.553179144859314,0.6291113495826721,0.8684482574462891,0.5166603922843933,0.5166251063346863,1.0248664617538452,2.93902724981308,4.543326497077942,5.604926347732544
0.5532419085502625,0.6290730834007263,0.8685011863708496,0.5166140198707581,0.5165970325469971,1.0247085094451904,2.9395607113838196,4.543532729148865,5.604720115661621
0.553101658821106,0.6288884878158569,0.8684264421463013,0.5165056586265564,0.516516923904419,1.0246461629867554,2.938917875289917,4.542618989944458,5.6038278341293335
0.5531508326530457,0.6288259029388428,0.8684715032577515,0.516444206237793,0.5164765119552612,1.024474859237671,2.9393985867500305,4.542720913887024,5.603503584861755
0.5531634092330933,0.6287409663200378,0.8684931993484497,0.5163745284080505,0.5164293050765991,1.0243247747421265,2.939661145210266,4.542630314826965,5.603073239326477
0.5529538989067078,0.6284970045089722,0.8683743476867676,0.5162369012832642,0.516324520111084,1.0242795944213867,2.9386350512504578,4.541311860084534,5.601893067359924
0.5530582666397095,0.6284627318382263,0.8684536218643188,0.5161829590797424,0.5162904262542725,1.0240635871887207,2.939457595348358,4.541693329811096,5.60168981552124
0.5530452728271484,0.6283541917800903,0.8684583902359009,0.5161003470420837,0.5162323117256165,1.0239146947860718,2.9395833611488342,4.541447758674622,5.601138472557068
0.5528407096862793,0.6281092166900635,0.8683414459228516,0.5159593224525452,0.516124427318573,1.0238569974899292,2.9385951161384583,4.540141224861145,5.59994101524353
0.5529616475105286,0.628085732460022,0.8684298992156982,0.5159082412719727,0.516092836856842,1.0236262083053589,2.9395177960395813,4.540609121322632,5.59977650642395
0.5529369115829468,0.6279687881469727,0.868425726890564,0.5158206820487976,0.5160305500030518,1.0234782695770264,2.9395756125450134,4.540294408798218,5.5991727113723755
0.5527714490890503,0.6277473568916321,0.8683329820632935,0.515687882900238,0.5159303545951843,1.023391604423523,2.9388251900672913,4.539197683334351,5.598077178001404
0.5528979301452637,0.6277251839637756,0.868424654006958,0.5156369805335999,0.5159004926681519,1.0231499671936035,2.939785420894623,4.539697766304016,5.597911477088928
0.5528604984283447,0.6275971531867981,0.8684123754501343,0.5155447125434875,0.5158356428146362,1.0230013132095337,2.939774990081787,4.539317488670349,5.597249865531921
0.5526823401451111,0.6273648738861084,0.8683115243911743,0.5154072642326355,0.515733003616333,1.022914171218872,2.9389551281929016,4.538155198097229,5.596098303794861
0.5528091788291931,0.6273410320281982,0.8684030771255493,0.5153560042381287,0.5157045125961304,1.022665023803711,2.939922511577606,4.538664221763611,5.595918297767639
0.5527709722518921,0.6272110342979431,0.8683900833129883,0.5152629613876343,0.5156404376029968,1.022510051727295,2.939911186695099,4.538283944129944,5.595241189002991
0.5525600910186768,0.6269550323486328,0.8682680130004883,0.5151158571243286,0.5155310034751892,1.0224337577819824,2.938902974128723,4.536947011947632,5.593972206115723
0.5526825189590454,0.6269257068634033,0.8683567047119141,0.5150629281997681,0.5155030488967896,1.0221784114837646,2.9398509860038757,4.537439942359924,5.5937618017196655
0.5526420474052429,0.6267919540405273,0.8683419227600098,0.5149685740470886,0.5154395699501038,1.0220168828964233,2.9398319125175476,4.53705370426178,5.593060851097107
0.5524749755859375,0.6265641450881958,0.868247389793396,0.5148336887359619,0.5153423547744751,1.021910548210144,2.939085066318512,4.535964131355286,5.591917634010315
0.5525732040405273,0.6265177726745605,0.8683205842971802,0.5147748589515686,0.5153113603591919,1.0216622352600098,2.9398927092552185,4.536336660385132,5.591622591018677
0.552509069442749,0.6263642311096191,0.8682907819747925,0.5146726965904236,0.5152431726455688,1.0215039253234863,2.9397425055503845,4.535825848579407,5.590825080871582
0.5524023771286011,0.6261768937110901,0.8682342767715454,0.5145559310913086,0.5151633620262146,1.0213602781295776,2.9393520951271057,4.535079598426819,5.589867830276489
0.5524105429649353,0.6260665655136108,0.8682503700256348,0.5144715309143066,0.5151124000549316,1.0211519002914429,2.939637005329132,4.534966349601746,5.589268803596497
0.5523639917373657,0.6259172558784485,0.8682321310043335,0.5143710970878601,0.5150483250617981,1.0209693908691406,2.939605414867401,4.534555077552795,5.5884867906570435
0.5523054599761963,0.6257533431053162,0.8682069778442383,0.5142639875411987,0.5149800181388855,1.0207836627960205,2.9395142197608948,4.5340752601623535,5.587639212608337
0.5522923469543457,0.6256186962127686,0.8682105541229248,0.5141693353652954,0.5149232149124146,1.0205700397491455,2.9396936297416687,4.533846974372864,5.586926341056824
0.55223548412323,0.6254513263702393,0.8681864738464355,0.5140608549118042,0.5148552060127258,1.0203746557235718,2.9396209120750427,4.5333778858184814,5.586059093475342
0.5521745681762695,0.6252748966217041,0.868160605430603,0.5139480233192444,0.5147848129272461,1.020171880722046,2.9395365715026855,4.5328837633132935,5.585150122642517
0.5521543025970459,0.625124990940094,0.8681600093841553,0.5138465762138367,0.5147247314453125,1.0199440717697144,2.939693033695221,4.5326149463653564,5.584363341331482
0.5520897507667542,0.6249433159828186,0.8681312799453735,0.5137314796447754,0.5146533250808716,1.019736409187317,2.9395925998687744,4.53210175037384,5.5834245681762695
0.5520235896110535,0.6247555017471313,0.8681018352508545,0.5136135220527649,0.5145806670188904,1.0195213556289673,2.939491868019104,4.531578421592712,5.582457184791565
0.5519985556602478,0.6245966553688049,0.8680976629257202,0.513508141040802,0.5145191550254822,1.019283413887024,2.939630448818207,4.5312851667404175,5.581621527671814
0.5519284009933472,0.6244082450866699,0.8680644035339355,0.5133904218673706,0.514447033405304,1.0190695524215698,2.939503788948059,4.5307457447052,5.580644011497498
0.5518589615821838,0.6242178678512573,0.8680312633514404,0.5132720470428467,0.5143750309944153,1.0188502073287964,2.93938547372818,4.530211091041565,5.579654574394226
0.5518317222595215,0.6240593194961548,0.8680241107940674,0.5131678581237793,0.5143154263496399,1.0186101198196411,2.939509153366089,4.529915452003479,5.578811168670654
0.5517579317092896,0.6238715052604675,0.8679866790771484,0.5130518674850464,0.5142453908920288,1.0183966159820557,2.9393556714057922,4.529367089271545,5.577824711799622
0.5516870617866516,0.623684287071228,0.8679507970809937,0.5129365921020508,0.5141768455505371,1.0181775093078613,2.939222753047943,4.528839588165283,5.576841235160828
0.5516592264175415,0.6235306859016418,0.86794114112854,0.5128368139266968,0.5141217708587646,1.0179388523101807,2.939334213733673,4.528558254241943,5.576010346412659
0.5515812635421753,0.6233475208282471,0.8678989410400391,0.5127254128456116,0.5140561461448669,1.0177316665649414,2.9391437768936157,4.528006911277771,5.575037002563477
0.5515121817588806,0.6231707334518433,0.8678618669509888,0.5126177668571472,0.5139945149421692,1.017518162727356,2.939005196094513,4.5275115966796875,5.574092268943787
0.5514854788780212,0.6230286359786987,0.8678507804870605,0.5125265121459961,0.5139471292495728,1.0172876119613647,2.9391050338745117,4.527262449264526,5.573306083679199
0.5513878464698792,0.6228448748588562,0.8677934408187866,0.5124187469482422,0.513884425163269,1.0171020030975342,2.9387781023979187,4.5266300439834595,5.5723196268081665
0.5513242483139038,0.6226849555969238,0.8677575588226318,0.5123226642608643,0.5138331055641174,1.016897439956665,2.938648760318756,4.526196122169495,5.5714452266693115
0.551302433013916,0.6225597262382507,0.8677471876144409,0.5122435688972473,0.5137965679168701,1.0166767835617065,2.938752770423889,4.526007175445557,5.57073175907135
0.5512109994888306,0.6223942041397095,0.8676916360855103,0.5121488571166992,0.5137455463409424,1.016501545906067,2.938437759876251,4.525444507598877,5.569824576377869
0.5511506795883179,0.6222507953643799,0.867655873298645,0.512065589427948,0.513705849647522,1.016309142112732,2.938302755355835,4.525066614151001,5.569024085998535
0.5511322021484375,0.62214195728302,0.8676458597183228,0.5119996070861816,0.5136815309524536,1.016101360321045,2.9384011030197144,4.524935483932495,5.568384528160095
0.5510661005973816,0.622006893157959,0.8676052093505859,0.5119244456291199,0.5136487483978271,1.0159262418746948,2.938210666179657,4.52455461025238,5.5676209926605225
0.5510059595108032,0.6218771934509277,0.8675682544708252,0.5118537545204163,0.5136211514472961,1.015748381614685,2.9380515217781067,4.524219632148743,5.566884279251099
0.5509876608848572,0.6217817068099976,0.8675575256347656,0.5118005275726318,0.5136092901229858,1.015554666519165,2.9381275177001953,4.524134397506714,5.566310882568359
0.5509204864501953,0.6216590404510498,0.867514967918396,0.5117379426956177,0.5135889649391174,1.0153945684432983,2.9379063844680786,4.523792862892151,5.565609335899353
0.5508630275726318,0.6215441226959229,0.8674790859222412,0.5116812586784363,0.5135751366615295,1.0152299404144287,2.937740385532379,4.52351987361908,5.564946532249451
0.55084627866745,0.6214621663093567,0.8674685955047607,0.511641800403595,0.5135769248008728,1.0150495767593384,2.937801480293274,4.523490071296692,5.564442276954651
0.5507646799087524,0.6213434934616089,0.8674160242080688,0.5115886330604553,0.5135659575462341,1.014913558959961,2.9374703764915466,4.523114562034607,5.563763976097107
0.550701379776001,0.6212376952171326,0.8673756122589111,0.5115441083908081,0.5135642290115356,1.0147672891616821,2.9372450709342957,4.522857666015625,5.563150644302368
0.5507086515426636,0.6211850643157959,0.8673795461654663,0.5115256309509277,0.513586163520813,1.0145893096923828,2.93742299079895,4.523010849952698,5.56279182434082
0.5506168603897095,0.6210737228393555,0.8673194646835327,0.5114838480949402,0.5135860443115234,1.0144765377044678,2.937004268169403,4.522625803947449,5.562154650688171
0.5505588054656982,0.6209864020347595,0.8672811985015869,0.511455774307251,0.513599693775177,1.0143457651138306,2.936781644821167,4.522446990013123,5.561634302139282
0.5505765676498413,0.6209572553634644,0.8672904968261719,0.5114558935165405,0.513638436794281,1.0141828060150146,2.936989963054657,4.522707462310791,5.561392307281494
0.5504821538925171,0.6208621263504028,0.8672267198562622,0.5114292502403259,0.5136511921882629,1.0140948295593262,2.9365214705467224,4.522354602813721,5.560835599899292
0.5504287481307983,0.6207958459854126,0.8671894073486328,0.511418342590332,0.513679563999176,1.0139849185943604,2.936292290687561,4.522247910499573,5.56041955947876
0.5504510998725891,0.6207876205444336,0.8671995401382446,0.5114354491233826,0.5137324929237366,1.0138434171676636,2.9364922642707825,4.522577524185181,5.560280680656433
0.5503603219985962,0.6207140684127808,0.8671356439590454,0.5114255547523499,0.5137585401535034,1.0137791633605957,2.936009466648102,4.522286057472229,5.559828877449036
0.5503105521202087,0.6206707954406738,0.8670977354049683,0.5114320516586304,0.5138001441955566,1.0136955976486206,2.9357612133026123,4.522240161895752,5.559523701667786
0.5503393411636353,0.6206892728805542,0.867108941078186,0.5114677548408508,0.5138667821884155,1.0135811567306519,2.935957610607147,4.522645473480225,5.559511780738831
0.5502539277076721,0.620643138885498,0.8670448064804077,0.511476457118988,0.5139056444168091,1.013547420501709,2.9354605078697205,4.522420167922974,5.5591881275177
0.5502092838287354,0.6206269264221191,0.867006778717041,0.511500895023346,0.5139594078063965,1.0134943723678589,2.9351970553398132,4.522436261177063,5.5590105056762695
0.5502456426620483,0.6206731796264648,0.8670190572738647,0.5115545392036438,0.5140379667282104,1.0134087800979614,2.935393750667572,4.522914886474609,5.559130907058716
0.5501657724380493,0.6206544637680054,0.8669546842575073,0.5115804076194763,0.514087438583374,1.01340651512146,2.934883236885071,4.5227473974227905,5.558934211730957
0.5501281023025513,0.6206679344177246,0.8669168949127197,0.5116227865219116,0.514151930809021,1.0133861303329468,2.934613823890686,4.522828459739685,5.5588942766189575
0.5501725673675537,0.6207461953163147,0.8669301271438599,0.5116952061653137,0.5142411589622498,1.013335108757019,2.9348069429397583,4.523376226425171,5.559161901473999
0.5501013994216919,0.6207629442214966,0.8668663501739502,0.5117408037185669,0.5143012404441833,1.0133718252182007,2.934291958808899,4.523279070854187,5.559127330780029
0.5500863790512085,0.6208226680755615,0.8668378591537476,0.5118070840835571,0.5143793821334839,1.0133854150772095,2.9340967535972595,4.5235055685043335,5.55929958820343
0.5501253604888916,0.6209280490875244,0.86684250831604,0.5118948221206665,0.5144743323326111,1.0133841037750244,2.934199869632721,4.524041414260864,5.559689998626709
0.550077497959137,0.6209895610809326,0.8667891025543213,0.5119632482528687,0.5145474076271057,1.0134522914886475,2.93376624584198,4.524091482162476,5.559862852096558
0.5500732660293579,0.6210846304893494,0.8667629957199097,0.5120477676391602,0.5146340131759644,1.013503909111023,2.933579981327057,4.5243901014328,5.560199022293091
0.5501153469085693,0.6212195158004761,0.8667652606964111,0.5121507048606873,0.5147348046302795,1.0135444402694702,2.9336491227149963,4.524952173233032,5.560724139213562
0.550078272819519,0.62131267786026,0.8667149543762207,0.5122350454330444,0.5148147940635681,1.0136466026306152,2.9332315921783447,4.525068998336792,5.561046004295349
0.5500820279121399,0.6214346885681152,0.8666906356811523,0.5123330354690552,0.5149067044258118,1.0137304067611694,2.9330500960350037,4.525417685508728,5.561509132385254
0.550129771232605,0.6215918660163879,0.8666938543319702,0.5124469995498657,0.5150110721588135,1.0138001441955566,2.9331159591674805,4.526012539863586,5.562141537666321
0.5500987768173218,0.6217063665390015,0.8666447401046753,0.5125415921211243,0.5150941610336304,1.0139299631118774,2.9326999187469482,4.52616274356842,5.562566518783569
0.5501086711883545,0.6218476295471191,0.8666222095489502,0.5126485824584961,0.5151882767677307,1.0140389204025269,2.932523787021637,4.526541233062744,5.563124418258667
0.5501621961593628,0.6220203638076782,0.8666274547576904,0.5127692818641663,0.5152933597564697,1.0141299962997437,2.932599186897278,4.527159929275513,5.563836097717285
0.5501353740692139,0.6221442222595215,0.8665796518325806,0.5128666162490845,0.515373945236206,1.0142755508422852,2.932191789150238,4.527316093444824,5.564310550689697
0.550148069858551,0.6222878694534302,0.866558313369751,0.5129715800285339,0.5154616832733154,1.0143935680389404,2.932027578353882,4.527681469917297,5.564886927604675
0.5502035617828369,0.6224563121795654,0.8665647506713867,0.5130857825279236,0.5155569314956665,1.0144867897033691,2.9321208596229553,4.528272747993469,5.565586686134338
0.5501769781112671,0.6225704550743103,0.8665176630020142,0.5131734013557434,0.5156251192092896,1.0146299600601196,2.931729257106781,4.5283836126327515,5.56602418422699
0.5501887798309326,0.6226991415023804,0.8664966821670532,0.5132655501365662,0.5156984329223633,1.0147407054901123,2.931582033634186,4.528692960739136,5.566539764404297
0.5502430200576782,0.6228476762771606,0.8665041923522949,0.5133639574050903,0.5157774090766907,1.0148202180862427,2.9316991567611694,4.529220461845398,5.567157864570618
0.5502141714096069,0.6229386925697327,0.8664578199386597,0.5134339928627014,0.5158283114433289,1.0149465799331665,2.931329905986786,4.529260993003845,5.567498803138733
0.5502212643623352,0.6230406761169434,0.866436243057251,0.5135068893432617,0.5158832669258118,1.0150388479232788,2.931194007396698,4.529485106468201,5.567900538444519
0.5502725839614868,0.6231623888015747,0.8664445877075195,0.513586163520813,0.5159446001052856,1.0150970220565796,2.9313352704048157,4.529938101768494,5.568404793739319
0.550240695476532,0.6232277154922485,0.8663989305496216,0.5136380195617676,0.5159788727760315,1.0152027606964111,2.9309886693954468,4.529907703399658,5.568636059761047
0.5502396821975708,0.6233015060424805,0.8663747310638428,0.5136920809745789,0.5160167813301086,1.0152777433395386,2.9308441281318665,4.530035853385925,5.568918585777283
0.5502888560295105,0.6233997941017151,0.8663843870162964,0.5137551426887512,0.5160638093948364,1.0153156518936157,2.93101042509079,4.530430436134338,5.569323301315308
0.5502548813819885,0.6234443187713623,0.8663398027420044,0.5137928128242493,0.5160855054855347,1.0154037475585938,2.9306843876838684,4.530347585678101,5.56946873664856
0.5502346754074097,0.6234895586967468,0.8663053512573242,0.5138296484947205,0.516107976436615,1.0154743194580078,2.9304537177085876,4.530332684516907,5.56962251663208
0.5502830743789673,0.6235705614089966,0.8663166761398315,0.5138813853263855,0.516145646572113,1.0154958963394165,2.930644154548645,4.53069269657135,5.569956302642822
0.5502504706382751,0.6236006021499634,0.8662753105163574,0.5139098763465881,0.5161603689193726,1.0155673027038574,2.9303520917892456,4.530593156814575,5.570043921470642
0.5502309799194336,0.6236329674720764,0.8662434816360474,0.5139391422271729,0.5161772966384888,1.0156233310699463,2.9301491379737854,4.530564546585083,5.570147633552551
0.5502777099609375,0.6237022280693054,0.8662557601928711,0.5139846205711365,0.516210675239563,1.0156348943710327,2.9303476214408875,4.5309025049209595,5.570436120033264
0.5502461194992065,0.6237257719039917,0.8662165403366089,0.5140100121498108,0.5162237286567688,1.015698790550232,2.9300734400749207,4.530802965164185,5.570501089096069
0.5502472519874573,0.6237649917602539,0.8661996126174927,0.5140429735183716,0.5162458419799805,1.0157369375228882,2.930002510547638,4.530888795852661,5.570648908615112
0.5502908229827881,0.6238285303115845,0.8662112951278687,0.5140873193740845,0.5162795782089233,1.0157474279403687,2.9301872849464417,4.531214237213135,5.570918917655945
0.5502557754516602,0.6238479018211365,0.86617112159729,0.5141130089759827,0.516294538974762,1.0158121585845947,2.9298952221870422,4.5311057567596436,5.570973753929138
0.5502575635910034,0.6238866448402405,0.8661561012268066,0.5141485929489136,0.5163207650184631,1.0158498287200928,2.929828464984894,4.531209468841553,5.571128726005554
0.5502988696098328,0.6239504814147949,0.8661671876907349,0.514196515083313,0.5163591504096985,1.015864610671997,2.9299962520599365,4.531542062759399,5.571409463882446
0.5502657890319824,0.6239767074584961,0.8661285638809204,0.5142293572425842,0.5163814425468445,1.015936017036438,2.9297038912773132,4.53146755695343,5.571503043174744
0.5502420663833618,0.6240102648735046,0.8660962581634521,0.5142672657966614,0.5164092779159546,1.016003131866455,2.929464876651764,4.531456232070923,5.571634769439697
0.5502781867980957,0.62408047914505,0.8661037683486938,0.5143229961395264,0.5164552927017212,1.0160332918167114,2.929583191871643,4.531789422035217,5.571950674057007
0.5502662062644958,0.6241303086280823,0.8660786151885986,0.5143715739250183,0.5164925456047058,1.0161055326461792,2.929396331310272,4.531865119934082,5.572164058685303
0.550230860710144,0.6241707801818848,0.8660377264022827,0.5144180059432983,0.5165274739265442,1.0161982774734497,2.9290607571601868,4.531821608543396,5.572329759597778
0.5502718687057495,0.6242565512657166,0.8660476207733154,0.5144861340522766,0.516584575176239,1.016242265701294,2.929184138774872,4.532214403152466,5.572724938392639
0.5502784848213196,0.6243295073509216,0.8660339117050171,0.5145501494407654,0.5166360139846802,1.016318917274475,2.9290857911109924,4.532424211502075,5.573054552078247
0.5502414703369141,0.6243820190429688,0.8659907579421997,0.5146070718765259,0.516679584980011,1.0164304971694946,2.9287147521972656,4.532402157783508,5.573281645774841
0.5502859354019165,0.6244809031486511,0.8660023212432861,0.5146856307983398,0.5167455673217773,1.0164880752563477,2.928837239742279,4.532840251922607,5.573742985725403
0.5503205060958862,0.6245784163475037,0.8660067319869995,0.5147646069526672,0.5168108344078064,1.016559362411499,2.928891181945801,4.533228278160095,5.574199557304382
0.5502838492393494,0.6246399283409119,0.8659632205963135,0.5148290991783142,0.5168603658676147,1.0166845321655273,2.9285037517547607,4.533225893974304,5.574474930763245
0.5503264665603638,0.624744176864624,0.8659728765487671,0.5149127840995789,0.5169299840927124,1.0167549848556519,2.9286006093025208,4.533666372299194,5.574968457221985
0.550362765789032,0.6248471736907959,0.8659780025482178,0.514996349811554,0.5169984698295593,1.0168346166610718,2.9286539554595947,4.534071683883667,5.575456619262695
0.5503274202346802,0.6249127984046936,0.8659349679946899,0.5150640606880188,0.5170495510101318,1.0169670581817627,2.9282665252685547,4.534079432487488,5.575758218765259
0.5503682494163513,0.6250174045562744,0.865943193435669,0.515148401260376,0.5171183943748474,1.0170447826385498,2.928348183631897,4.534507393836975,5.576258301734924
0.5503844618797302,0.6251103281974792,0.8659344911575317,0.5152274966239929,0.5171803832054138,1.017143726348877,2.928275167942047,4.5347946882247925,5.5767011642456055
0.5503527522087097,0.6251778602600098,0.8658933639526367,0.5152952671051025,0.5172299742698669,1.0172779560089111,2.9279080033302307,4.534813761711121,5.5770158767700195
0.5504007339477539,0.6252850294113159,0.8659061193466187,0.5153795480728149,0.5172969102859497,1.017353892326355,2.928033173084259,4.535266757011414,5.577533841133118
0.5504132509231567,0.6253750920295715,0.8658944368362427,0.5154556035995483,0.5173538327217102,1.0174591541290283,2.9279372096061707,4.53551709651947,5.5779653787612915
0.5503848791122437,0.6254439353942871,0.8658548593521118,0.5155219435691833,0.5173995494842529,1.0175952911376953,2.92758971452713,4.535536170005798,5.578287839889526
0.5504382848739624,0.6255537271499634,0.865870475769043,0.5156048536300659,0.5174626708030701,1.0176721811294556,2.927747070789337,4.535999298095703,5.578821301460266
0.5504564046859741,0.6256474256515503,0.8658617734909058,0.5156800746917725,0.5175158381462097,1.0177794694900513,2.9276826977729797,4.536261558532715,5.579270720481873
0.5504315495491028,0.6257202625274658,0.8658233880996704,0.5157455801963806,0.5175576210021973,1.0179210901260376,2.927350699901581,4.536280035972595,5.579613447189331
0.5504885911941528,0.6258346438407898,0.8658404350280762,0.5158279538154602,0.5176166892051697,1.0180038213729858,2.927524149417877,4.5367443561553955,5.580167770385742
0.5505278706550598,0.6259425282478333,0.8658450841903687,0.5159066915512085,0.5176702737808228,1.0181050300598145,2.9275837540626526,4.537104368209839,5.580686330795288
0.5505053400993347,0.6260215640068054,0.8658069372177124,0.5159726142883301,0.5177086591720581,1.0182563066482544,2.927255928516388,4.537119269371033,5.581057667732239
0.5505632758140564,0.6261407732963562,0.8658236265182495,0.5160545706748962,0.5177637338638306,1.018349051475525,2.9274266958236694,4.537570476531982,5.5816322565078735
0.5505907535552979,0.626247227191925,0.865818977355957,0.5161304473876953,0.5178106427192688,1.0184699296951294,2.927403450012207,4.5378488302230835,5.582142472267151
0.5505740642547607,0.6263335943222046,0.8657839298248291,0.5161970853805542,0.5178465843200684,1.0186269283294678,2.927102744579315,4.537879228591919,5.58254599571228
0.5506353974342346,0.6264578104019165,0.8658022880554199,0.5162789821624756,0.5178984999656677,1.018726110458374,2.9272881150245667,4.538333415985107,5.583146810531616
0.5506519675254822,0.6265616416931152,0.8657897710800171,0.5163516402244568,0.5179394483566284,1.0188627243041992,2.9271912574768066,4.5385366678237915,5.5836421251297
0.5506513118743896,0.6266574859619141,0.8657653331756592,0.516420304775238,0.5179752707481384,1.0190138816833496,2.926986813545227,4.538639783859253,5.584094524383545
0.5507060289382935,0.6267787218093872,0.8657790422439575,0.5164986848831177,0.5180219411849976,1.0191227197647095,2.9271289706230164,4.539042115211487,5.5846816301345825
0.550723135471344,0.6268818378448486,0.8657673597335815,0.5165690183639526,0.5180591344833374,1.0192615985870361,2.9270368814468384,4.539233446121216,5.5851757526397705
0.5507322549819946,0.6269800662994385,0.8657501935958862,0.5166365504264832,0.5180931091308594,1.0194061994552612,2.926896810531616,4.5393747091293335,5.585646033287048
0.550785481929779,0.6270966529846191,0.8657639026641846,0.5167108178138733,0.518135130405426,1.019515037536621,2.9270362854003906,4.539753198623657,5.586215853691101
0.5508031249046326,0.6271946430206299,0.8657536506652832,0.5167765617370605,0.5181678533554077,1.0196502208709717,2.926955819129944,4.53993022441864,5.586690306663513
0.5508170127868652,0.6272882223129272,0.8657412528991699,0.5168397426605225,0.5181978344917297,1.01978600025177,2.9268577694892883,4.540080428123474,5.587146878242493
0.5508702993392944,0.6273965835571289,0.8657567501068115,0.5169079303741455,0.5182344317436218,1.019888162612915,2.927011549472809,4.54043984413147,5.5876851081848145
0.550887405872345,0.6274859309196472,0.8657479286193848,0.5169674754142761,0.518261730670929,1.0200165510177612,2.926943004131317,4.5405954122543335,5.588127374649048
0.5509033203125,0.6275712251663208,0.8657388687133789,0.5170243382453918,0.5182866454124451,1.0201423168182373,2.926873564720154,4.540738463401794,5.588551759719849
0.5509561896324158,0.6276693940162659,0.8657560348510742,0.5170851945877075,0.5183171033859253,1.020235300064087,2.927042543888092,4.541074633598328,5.589048862457275
0.5509727597236633,0.6277483105659485,0.8657486438751221,0.5171374082565308,0.518338143825531,1.0203545093536377,2.9269886016845703,4.541206359863281,5.589449405670166
0.5509881973266602,0.6278231739997864,0.8657411336898804,0.51718670129776,0.5183566212654114,1.0204709768295288,2.9269343614578247,4.541324973106384,5.5898308753967285
0.5510532259941101,0.6279159784317017,0.8657687902450562,0.5172419548034668,0.5183830261230469,1.0205438137054443,2.9271990060806274,4.5417046546936035,5.590312480926514
0.5510246157646179,0.6279656887054443,0.8657318353652954,0.5172788500785828,0.5183883905410767,1.0206900835037231,2.9268771409988403,4.541569948196411,5.590568780899048
0.5511184930801392,0.628063440322876,0.8657808303833008,0.5173333883285522,0.5184157490730286,1.0207316875457764,2.927338182926178,4.542090892791748,5.591084361076355
0.5511024594306946,0.6281110644340515,0.8657540082931519,0.5173667073249817,0.5184187293052673,1.020860195159912,2.9271095991134644,4.542006850242615,5.591337084770203
0.551106333732605,0.6281642317771912,0.8657412528991699,0.5174005627632141,0.5184230804443359,1.020969033241272,2.9270130395889282,4.542022943496704,5.5916208028793335
0.5512633323669434,0.6282764673233032,0.8658363819122314,0.5174563527107239,0.5184551477432251,1.0209465026855469,2.927895188331604,4.542858004570007,5.592227578163147
0.5511370301246643,0.6282684803009033,0.8657342195510864,0.5174635648727417,0.5184291005134583,1.0211565494537354,2.9269853234291077,4.542153477668762,5.592193007469177
0.5512339472770691,0.6283483505249023,0.8657883405685425,0.5175027847290039,0.5184431076049805,1.0211756229400635,2.927500903606415,4.542642831802368,5.592631101608276
0.5513246059417725,0.6284194588661194,0.8658394813537598,0.5175369381904602,0.5184528827667236,1.021193265914917,2.9279884696006775,4.543089270591736,5.593031048774719
0.5512040853500366,0.6284019947052002,0.8657430410385132,0.5175349116325378,0.5184187889099121,1.0213854312896729,2.927136719226837,4.542384147644043,5.592954158782959
0.5513579845428467,0.628491222858429,0.8658391237258911,0.5175718665122986,0.5184339284896851,1.0213412046432495,2.9280415177345276,4.5431482791900635,5.5934542417526245
0.551402747631073,0.6285300254821777,0.8658602237701416,0.5175879001617432,0.5184255838394165,1.0213825702667236,2.9282620549201965,4.543315768241882,5.593693256378174
0.5513173341751099,0.6285138130187988,0.865790605545044,0.5175808668136597,0.5183894038200378,1.021530270576477,2.9276594519615173,4.542771577835083,5.593634843826294
0.5513891577720642,0.6285574436187744,0.8658308982849121,0.5175943970680237,0.5183793306350708,1.0215409994125366,2.928064465522766,4.543060660362244,5.593898296356201
0.5514923930168152,0.6286057233810425,0.8658949136734009,0.5176080465316772,0.5183724164962769,1.0215157270431519,2.928684651851654,4.543511271476746,5.594198107719421
0.551376461982727,0.628564715385437,0.8658057451248169,0.5175860524177551,0.5183220505714417,1.0216742753982544,2.9279103875160217,4.542773962020874,5.594015717506409
0.5514234900474548,0.6285858750343323,0.865830659866333,0.5175849795341492,0.5182981491088867,1.021690011024475,2.9281827807426453,4.542899131774902,5.594165921211243
0.5515819191932678,0.6286423206329346,0.865935206413269,0.5175957083702087,0.518292248249054,1.0216004848480225,2.929181754589081,4.543614983558655,5.5945175886154175
0.5514583587646484,0.6285868287086487,0.8658428192138672,0.5175629258155823,0.5182325839996338,1.021750807762146,2.928381860256195,4.5428115129470825,5.594265460968018
0.5514610409736633,0.6285787224769592,0.8658380508422852,0.5175452828407288,0.5181921720504761,1.021789312362671,2.9283934831619263,4.542670249938965,5.594263672828674
0.5516222715377808,0.6286231279373169,0.8659464120864868,0.5175454616546631,0.5181779265403748,1.0216797590255737,2.929435968399048,4.543371796607971,5.594557523727417
0.5515025854110718,0.628558337688446,0.8658580780029297,0.5175037980079651,0.5181113481521606,1.0218119621276855,2.928682863712311,4.542563557624817,5.594258904457092
0.5515048503875732,0.6285392045974731,0.8658546209335327,0.5174765586853027,0.5180631279945374,1.0218356847763062,2.928713858127594,4.54239547252655,5.594202280044556
0.5516550540924072,0.6285681128501892,0.8659566640853882,0.5174655914306641,0.5180392861366272,1.0217196941375732,2.9297080636024475,4.543011784553528,5.594416260719299
0.5515461564064026,0.6284982562065125,0.8658773899078369,0.5174172520637512,0.5179681181907654,1.0218290090560913,2.9290425777435303,4.5422399044036865,5.594093203544617
0.5515658855438232,0.6284752488136292,0.8658878803253174,0.5173841118812561,0.5179170966148376,1.0218218564987183,2.9292067885398865,4.542145729064941,5.594019293785095
0.5516356229782104,0.628467321395874,0.8659342527389526,0.5173551440238953,0.5178734660148621,1.0217653512954712,2.929699122905731,4.54231321811676,5.59403121471405
0.5516113638877869,0.6284226179122925,0.865915060043335,0.5173119306564331,0.5178123116493225,1.0217885971069336,2.9295918345451355,4.541977047920227,5.59384286403656
0.5516072511672974,0.6283845901489258,0.8659100532531738,0.5172700881958008,0.517753541469574,1.0217915773391724,2.9296162724494934,4.541743993759155,5.593687295913696
0.5516535043716431,0.6283641457557678,0.8659405708312988,0.5172335505485535,0.5177026987075806,1.0217475891113281,2.929966449737549,4.541776180267334,5.593626499176025
0.5516465306282043,0.6283236742019653,0.865933895111084,0.5171893835067749,0.5176424384117126,1.0217489004135132,2.9299768805503845,4.541524648666382,5.5934542417526245
0.5516321063041687,0.628281831741333,0.8659217357635498,0.5171440243721008,0.517580509185791,1.0217570066452026,2.9299378395080566,4.541231989860535,5.593269467353821
0.5516830682754517,0.6282622814178467,0.8659558296203613,0.5171061158180237,0.5175296068191528,1.0217034816741943,2.9303228855133057,4.54128623008728,5.593206286430359
0.551666796207428,0.6282187700271606,0.8659429550170898,0.5170595049858093,0.5174675583839417,1.0217094421386719,2.9302749037742615,4.540984034538269,5.5930095911026
0.5516519546508789,0.6281788349151611,0.8659305572509766,0.5170139074325562,0.517406165599823,1.0217161178588867,2.930232584476471,4.540690779685974,5.592825412750244
0.5517090559005737,0.6281635165214539,0.8659690618515015,0.5169769525527954,0.5173574686050415,1.0216549634933472,2.930655777454376,4.540781378746033,5.592775344848633
0.5516893863677979,0.6281222105026245,0.8659539222717285,0.5169311761856079,0.5172969698905945,1.021663784980774,2.9305824637413025,4.540468454360962,5.592580437660217
0.55167555809021,0.6280877590179443,0.865942120552063,0.5168882608413696,0.5172391533851624,1.0216712951660156,2.9305389523506165,4.540191292762756,5.592414140701294
0.5517351031303406,0.6280812621116638,0.865982174873352,0.5168565511703491,0.5171962380409241,1.0216130018234253,2.93096661567688,4.54031229019165,5.5923992395401
0.5517172813415527,0.6280524730682373,0.8659677505493164,0.5168188810348511,0.5171442627906799,1.0216296911239624,2.930886447429657,4.540036916732788,5.592256188392639
0.5517063140869141,0.6280346512794495,0.8659571409225464,0.5167872905731201,0.5170976519584656,1.021648645401001,2.93083518743515,4.539809823036194,5.592162013053894
0.551755964756012,0.6280437707901001,0.8659888505935669,0.5167673826217651,0.5170654058456421,1.0216177701950073,2.931167185306549,4.539919495582581,5.592207908630371
0.5517570972442627,0.6280394792556763,0.8659870624542236,0.5167450904846191,0.517029345035553,1.0216343402862549,2.931179404258728,4.5397865772247314,5.592179298400879
0.5517351627349854,0.6280367374420166,0.8659679889678955,0.5167259573936462,0.5169942378997803,1.0216823816299438,2.9310259222984314,4.539546370506287,5.592147707939148
0.5517884492874146,0.628068208694458,0.8660010099411011,0.5167216062545776,0.5169767737388611,1.021669864654541,2.931344211101532,4.539721608161926,5.592294335365295
0.5518009066581726,0.6280906200408936,0.8660057783126831,0.5167171955108643,0.5169578790664673,1.0217002630233765,2.931390106678009,4.539699554443359,5.592389702796936
0.5517793893814087,0.6281126737594604,0.865985631942749,0.5167157053947449,0.5169389843940735,1.0217746496200562,2.931196391582489,4.539514780044556,5.592469573020935
0.5518373250961304,0.6281708478927612,0.8660204410552979,0.5167299509048462,0.5169385075569153,1.0217854976654053,2.931501567363739,4.539768099784851,5.592738389968872
0.5518556833267212,0.6282196044921875,0.8660280704498291,0.5167437791824341,0.5169364213943481,1.0218380689620972,2.931542694568634,4.539828896522522,5.59295654296875
0.5518395304679871,0.628266453742981,0.8660104274749756,0.5167595148086548,0.5169330835342407,1.021933913230896,2.9313433170318604,4.539720416069031,5.5931514501571655
0.5519006252288818,0.6283466815948486,0.8660465478897095,0.5167893767356873,0.5169467329978943,1.0219663381576538,2.9316309094429016,4.540034532546997,5.593523383140564
0.5519113540649414,0.6284136772155762,0.8660476207733154,0.5168164372444153,0.5169553160667419,1.0220506191253662,2.931586802005768,4.540092945098877,5.593822002410889
0.5519141554832458,0.6284826993942261,0.8660428524017334,0.5168458223342896,0.5169652700424194,1.0221478939056396,2.931481897830963,4.540117383003235,5.594127774238586
0.5519640445709229,0.6285715103149414,0.8660711050033569,0.5168833136558533,0.5169851779937744,1.0222066640853882,2.931675612926483,4.540397524833679,5.594539642333984
0.5519764423370361,0.6286495327949524,0.8660733699798584,0.5169177055358887,0.517000138759613,1.0223027467727661,2.931623160839081,4.5404839515686035,5.594891905784607
0.5519880652427673,0.6287283897399902,0.8660752773284912,0.5169526934623718,0.5170155167579651,1.0224015712738037,2.9315635561943054,4.540567398071289,5.5952489376068115
0.552035927772522,0.6288202404975891,0.8661028146743774,0.5169921517372131,0.5170369744300842,1.0224682092666626,2.9317373037338257,4.540842175483704,5.595678091049194
0.5520499348640442,0.6288993954658508,0.8661072254180908,0.5170268416404724,0.517052173614502,1.0225658416748047,2.9316940903663635,4.540935158729553,5.5960410833358765
0.5520642995834351,0.6289767026901245,0.8661123514175415,0.5170598030090332,0.5170659422874451,1.0226612091064453,2.931656539440155,4.541025161743164,5.596396327018738
0.5521108508110046,0.6290621757507324,0.8661408424377441,0.5170946717262268,0.517083466053009,1.0227243900299072,2.93183296918869,4.541279673576355,5.5968016386032104
0.5521249771118164,0.6291324496269226,0.8661473989486694,0.5171226263046265,0.5170931816101074,1.0228134393692017,2.931806445121765,4.541354179382324,5.59712827205658
0.5521389245986938,0.6291975378990173,0.866154670715332,0.5171469449996948,0.5170999765396118,1.0228971242904663,2.9317882657051086,4.541418552398682,5.597434639930725
0.5521821975708008,0.6292667984962463,0.8661837577819824,0.517170786857605,0.5171087384223938,1.0229473114013672,2.9319703578948975,4.541628360748291,5.597770810127258
0.5521947741508484,0.6293185353279114,0.8661926984786987,0.5171863436698914,0.5171087980270386,1.02301824092865,2.931967079639435,4.541664719581604,5.598021149635315
0.5522058606147766,0.6293619275093079,0.8662017583847046,0.517196536064148,0.5171048641204834,1.0230813026428223,2.9319679737091064,4.541680216789246,5.598234534263611
0.5522416234016418,0.6294052004814148,0.8662298917770386,0.517204225063324,0.5171014070510864,1.0231119394302368,2.9321447014808655,4.541815519332886,5.598459243774414
0.5522509217262268,0.6294301152229309,0.8662409782409668,0.5172029137611389,0.517089307308197,1.0231560468673706,2.9321667551994324,4.541797637939453,5.598595142364502
0.5522579550743103,0.6294440031051636,0.8662523031234741,0.5171949863433838,0.5170725584030151,1.0231901407241821,2.9321926832199097,4.541754722595215,5.5986833572387695
0.5522738695144653,0.6294492483139038,0.86627197265625,0.5171811580657959,0.5170530080795288,1.0232017040252686,2.9322978854179382,4.541745185852051,5.598739385604858
0.5522791147232056,0.6294394731521606,0.866286039352417,0.5171593427658081,0.5170273184776306,1.0232093334197998,2.932353913784027,4.541666507720947,5.598728060722351
0.5522823929786682,0.6294182538986206,0.8663005828857422,0.5171308517456055,0.5169973969459534,1.0232053995132446,2.9324179887771606,4.541566371917725,5.598666667938232
0.5522900819778442,0.6293871998786926,0.8663203716278076,0.5170963406562805,0.516964316368103,1.0231828689575195,2.93253093957901,4.541478157043457,5.5985647439956665
0.5522905588150024,0.6293430924415588,0.8663367033004761,0.5170550346374512,0.5169265270233154,1.0231537818908691,2.9326170682907104,4.541342258453369,5.598406195640564
0.5522894859313965,0.6292881965637207,0.8663537502288818,0.5170077085494995,0.5168852806091309,1.0231125354766846,2.932712137699127,4.541189074516296,5.598198771476746
0.5522921681404114,0.629224419593811,0.8663750886917114,0.5169552564620972,0.5168417096138,1.0230544805526733,2.9328495264053345,4.541047811508179,5.59795618057251
0.5522863268852234,0.629149854183197,0.8663918972015381,0.5168974995613098,0.5167945623397827,1.0229936838150024,2.9329469799995422,4.54085648059845,5.59766411781311
0.552280068397522,0.6290678977966309,0.8664096593856812,0.5168358087539673,0.5167455077171326,1.0229228734970093,2.9330548644065857,4.540657997131348,5.597338080406189
0.5522809624671936,0.6289814114570618,0.8664333820343018,0.5167713761329651,0.5166963338851929,1.022835373878479,2.9332223534584045,4.540494680404663,5.5969953536987305
0.5522683262825012,0.6288841962814331,0.8664488792419434,0.51670241355896,0.5166438221931458,1.0227513313293457,2.9333144426345825,4.5402586460113525,5.596600770950317
0.5522556304931641,0.6287821531295776,0.8664648532867432,0.5166311860084534,0.5165908336639404,1.0226598978042603,2.9334142804145813,4.5400214195251465,5.59618353843689
0.5522656440734863,0.6286840438842773,0.8664976358413696,0.5165613889694214,0.5165420174598694,1.0225406885147095,2.933669090270996,4.539908170700073,5.595793128013611
0.5522465109825134,0.6285741329193115,0.8665100336074829,0.5164873600006104,0.5164886713027954,1.022444486618042,2.933739125728607,4.539642930030823,5.595337152481079
0.5522266626358032,0.6284627914428711,0.8665220737457275,0.5164132118225098,0.5164360404014587,1.0223456621170044,2.933807075023651,4.5393770933151245,5.594873428344727
0.5522347092628479,0.6283607482910156,0.8665536642074585,0.5163431763648987,0.5163899064064026,1.0222183465957642,2.9340556263923645,4.539267420768738,5.594460368156433
0.5522125959396362,0.628250241279602,0.8665637969970703,0.5162708759307861,0.5163401365280151,1.0221195220947266,2.9341068863868713,4.539002180099487,5.593995451927185
0.5521895885467529,0.6281411647796631,0.8665727376937866,0.516200065612793,0.5162920951843262,1.022021770477295,2.9341500997543335,4.538739323616028,5.593534708023071
0.5521730184555054,0.6280361413955688,0.8665858507156372,0.5161317586898804,0.5162471532821655,1.0219182968139648,2.934231758117676,4.538518786430359,5.593091249465942
0.5521539449691772,0.6279332637786865,0.8665965795516968,0.5160652995109558,0.5162039995193481,1.02181875705719,2.9342925548553467,4.538292288780212,5.5926549434661865
0.5521338582038879,0.6278345584869385,0.8666056394577026,0.5160015225410461,0.5161629319190979,1.0217241048812866,2.9343381524086,4.538068175315857,5.592232346534729
0.5521172881126404,0.6277416944503784,0.8666161298751831,0.515941321849823,0.5161250233650208,1.0216301679611206,2.9343992471694946,4.53787088394165,5.591834187507629
0.5521012544631958,0.6276537775993347,0.8666261434555054,0.5158841013908386,0.5160894989967346,1.0215398073196411,2.934456169605255,4.537684321403503,5.59145450592041
0.5520841479301453,0.6275716423988342,0.8666340112686157,0.5158303380012512,0.516056478023529,1.0214565992355347,2.934494912624359,4.537500739097595,5.591096878051758
0.5520799160003662,0.6274987459182739,0.8666502237319946,0.5157813429832458,0.5160281658172607,1.021365761756897,2.93460875749588,4.537394046783447,5.590780973434448
0.5520539879798889,0.6274270415306091,0.8666493892669678,0.5157341361045837,0.5159985423088074,1.0213050842285156,2.9345670342445374,4.53717827796936,5.590458512306213
0.5520527362823486,0.6273693442344666,0.8666646480560303,0.5156933665275574,0.5159758925437927,1.0212266445159912,2.934674620628357,4.537102580070496,5.590203404426575
0.5520520210266113,0.6273167133331299,0.8666795492172241,0.5156556367874146,0.5159555077552795,1.0211527347564697,2.9347777366638184,4.537037014961243,5.589969754219055
0.5520199537277222,0.6272635459899902,0.8666706085205078,0.515619158744812,0.5159321427345276,1.0211200714111328,2.934660315513611,4.536811113357544,5.589715838432312
0.5520507097244263,0.6272361874580383,0.8667048215866089,0.5155935287475586,0.515922486782074,1.0210330486297607,2.934940755367279,4.5369285345077515,5.589599013328552
0.5520486235618591,0.6272042393684387,0.8667149543762207,0.5155673623085022,0.5159091949462891,1.0209845304489136,2.9349973797798157,4.536876678466797,5.589446425437927
0.5520134568214417,0.627171516418457,0.8666999340057373,0.5155420899391174,0.5158923268318176,1.020979642868042,2.934822142124176,4.536654353141785,5.589274168014526
0.5520477890968323,0.6271663904190063,0.8667330741882324,0.5155285596847534,0.5158905386924744,1.0209134817123413,2.935088872909546,4.536812901496887,5.589248538017273
0.55204838514328,0.627156138420105,0.8667416572570801,0.5155141353607178,0.5158846378326416,1.020887017250061,2.9351261258125305,4.536795616149902,5.5891865491867065
0.5520156621932983,0.6271446943283081,0.866724967956543,0.515500545501709,0.5158751606941223,1.0209044218063354,2.9349297285079956,4.536606073379517,5.589103102684021
0.5520268678665161,0.6271522045135498,0.8667387962341309,0.515495240688324,0.5158758759498596,1.0208845138549805,2.93501079082489,4.5366597175598145,5.58911919593811
0.5520334243774414,0.6271613836288452,0.8667488098144531,0.5154915452003479,0.5158774852752686,1.0208735466003418,2.935054898262024,4.536693096160889,5.589141249656677
0.552007794380188,0.6271679401397705,0.8667352199554443,0.5154880285263062,0.515875518321991,1.0209028720855713,2.9348772764205933,4.536560773849487,5.589136481285095
0.5520200729370117,0.6271904110908508,0.8667479753494263,0.515491783618927,0.5158825516700745,1.020900011062622,2.9349392652511597,4.536638259887695,5.5892181396484375
0.5520309209823608,0.627216100692749,0.8667593002319336,0.5154976844787598,0.5158913135528564,1.020903468132019,2.934984564781189,4.53671395778656,5.589314103126526
0.5520200133323669,0.6272412538528442,0.866754412651062,0.5155045986175537,0.5158981680870056,1.0209360122680664,2.934877574443817,4.536678791046143,5.589398741722107
0.5520229339599609,0.6272772550582886,0.8667585849761963,0.515516996383667,0.5159102082252502,1.0209629535675049,2.934848964214325,4.536725878715515,5.589535236358643
0.5520506501197815,0.6273223757743835,0.8667806386947632,0.515533983707428,0.5159286856651306,1.020967721939087,2.934979200363159,4.53691303730011,5.589725375175476
0.5520420074462891,0.627360999584198,0.8667764663696289,0.5155497193336487,0.5159424543380737,1.021014928817749,2.934863269329071,4.536910653114319,5.589873194694519
0.5520398020744324,0.6274077892303467,0.8667763471603394,0.5155699849128723,0.515960156917572,1.0210633277893066,2.9347792267799377,4.536950588226318,5.590059757232666
0.5520961284637451,0.6274738311767578,0.8668179512023926,0.5155990719795227,0.5159909725189209,1.021056056022644,2.935073971748352,4.5373135805130005,5.590358376502991
0.5520867705345154,0.6275264024734497,0.8668123483657837,0.5156242251396179,0.5160117745399475,1.0211228132247925,2.9349276423454285,4.537329077720642,5.590572357177734
0.5520805716514587,0.6275855898857117,0.8668084144592285,0.5156534910202026,0.5160360336303711,1.0211937427520752,2.9347923398017883,4.537371397018433,5.590817332267761
0.5521374940872192,0.62766432762146,0.8668501377105713,0.5156916975975037,0.5160742998123169,1.0212030410766602,2.9350677132606506,4.537760615348816,5.5911785364151
0.5521292686462402,0.6277297735214233,0.8668447732925415,0.5157260894775391,0.5161027312278748,1.0212860107421875,2.9349058866500854,4.537805914878845,5.591456890106201
0.5521236658096313,0.6278018951416016,0.8668408393859863,0.5157648324966431,0.5161346197128296,1.0213738679885864,2.9347509145736694,4.537875056266785,5.591766834259033
0.5521605610847473,0.6278878450393677,0.8668675422668457,0.5158103108406067,0.516176700592041,1.0214214324951172,2.934870421886444,4.538180232048035,5.592159032821655
0.5521562099456787,0.6279669404029846,0.8668644428253174,0.5158544182777405,0.5162134170532227,1.0215178728103638,2.93471097946167,4.5382702350616455,5.592506527900696
0.5521553754806519,0.6280527114868164,0.8668633699417114,0.5159029364585876,0.5162537693977356,1.021618127822876,2.9345637559890747,4.5383888483047485,5.592885613441467
0.552194356918335,0.6281514167785645,0.8668912649154663,0.5159578919410706,0.5163037776947021,1.0216808319091797,2.934674918651581,4.538728594779968,5.593343377113342
0.552193284034729,0.6282438635826111,0.8668899536132812,0.5160117745399475,0.5163485407829285,1.0217915773391724,2.9345139861106873,4.538860321044922,5.593758821487427
0.5521987080574036,0.6283432245254517,0.86689293384552,0.5160700678825378,0.5163975954055786,1.0219024419784546,2.9343849420547485,4.5390355587005615,5.594209432601929
0.5522400140762329,0.6284551620483398,0.86692214012146,0.5161348581314087,0.5164557695388794,1.021981120109558,2.934487760066986,4.53941285610199,5.594735741615295
0.5522449016571045,0.628562331199646,0.866924524307251,0.5161992311477661,0.5165094137191772,1.0221045017242432,2.934340238571167,4.5396000146865845,5.595226883888245
0.5522624254226685,0.6286771297454834,0.8669358491897583,0.5162681937217712,0.516568124294281,1.0222210884094238,2.9342684149742126,4.539864659309387,5.595760345458984
0.5522964000701904,0.6288009881973267,0.8669589757919312,0.5163423418998718,0.516632616519928,1.0223273038864136,2.934297025203705,4.540226459503174,5.596344470977783
0.5523144006729126,0.6289253830909729,0.8669700622558594,0.5164181590080261,0.516696572303772,1.022457242012024,2.9342100024223328,4.540508985519409,5.596926212310791
0.5523349642753601,0.6290545463562012,0.8669828176498413,0.5164974331855774,0.51676344871521,1.0225906372070312,2.934131920337677,4.540812373161316,5.5975329875946045
0.5523613691329956,0.6291890144348145,0.866999626159668,0.5165802836418152,0.5168336629867554,1.022723913192749,2.9340848326683044,4.541155099868774,5.598169565200806
0.5523849725723267,0.6293262839317322,0.8670144081115723,0.5166655778884888,0.5169054865837097,1.022865653038025,2.934012711048126,4.541488885879517,5.598821640014648
0.552409291267395,0.6294673681259155,0.8670294284820557,0.5167536735534668,0.5169793963432312,1.0230125188827515,2.933938205242157,4.541832208633423,5.599493384361267
0.5524353981018066,0.6296122074127197,0.8670456409454346,0.5168444514274597,0.5170554518699646,1.0231627225875854,2.9338690638542175,4.542191028594971,5.600185394287109
0.5524617433547974,0.6297599077224731,0.867061972618103,0.5169375538825989,0.517133355140686,1.023317575454712,2.93379545211792,4.542555212974548,5.600893497467041
0.5524882674217224,0.6299095153808594,0.8670783042907715,0.5170322060585022,0.5172122716903687,1.0234761238098145,2.933718264102936,4.542924761772156,5.60161292552948
0.5525155067443848,0.6300610303878784,0.8670953512191772,0.5171284675598145,0.5172924399375916,1.0236374139785767,2.933642864227295,4.543299674987793,5.602344870567322
0.5525431036949158,0.630213737487793,0.8671127557754517,0.5172258615493774,0.5173733234405518,1.0238010883331299,2.9335665702819824,4.5436787605285645,5.60308575630188
0.5525708198547363,0.6303669214248657,0.8671302795410156,0.5173238515853882,0.5174545049667358,1.023966908454895,2.933489978313446,4.544059634208679,5.60383141040802
0.552598774433136,0.6305199265480042,0.8671482801437378,0.5174220204353333,0.5175356864929199,1.0241339206695557,2.9334139823913574,4.544439911842346,5.604580044746399
0.5526267886161804,0.6306720972061157,0.8671665191650391,0.5175197720527649,0.5176163911819458,1.024301290512085,2.933339774608612,4.544819593429565,5.60532808303833
0.5526546835899353,0.6308221817016602,0.867185115814209,0.5176165699958801,0.5176960825920105,1.0244680643081665,2.933266758918762,4.545193314552307,5.6060707569122314
0.5526822209358215,0.6309690475463867,0.8672040700912476,0.5177114009857178,0.5177738070487976,1.0246331691741943,2.933197021484375,4.5455604791641235,5.60680091381073
0.55270916223526,0.6311103701591492,0.8672233819961548,0.5178026556968689,0.5178484916687012,1.024794340133667,2.933131754398346,4.545913934707642,5.607510805130005
0.5527352094650269,0.6312450170516968,0.8672429323196411,0.517889678478241,0.5179193615913391,1.024950385093689,2.933071553707123,4.546248912811279,5.608192682266235
0.5527603030204773,0.6313718557357788,0.8672629594802856,0.5179714560508728,0.5179858207702637,1.0251003503799438,2.933017909526825,4.546565413475037,5.608842968940735
0.5527843236923218,0.6314902901649475,0.8672831058502197,0.5180478096008301,0.5180473327636719,1.0252432823181152,2.9329711198806763,4.546861052513123,5.609457492828369
0.5528070330619812,0.6315993070602417,0.867303729057312,0.5181179642677307,0.5181037187576294,1.0253784656524658,2.9329314827919006,4.547132849693298,5.610033869743347
0.5528284311294556,0.6316983699798584,0.8673245906829834,0.5181815028190613,0.5181543231010437,1.0255050659179688,2.9329001903533936,4.5473796129226685,5.610566735267639
0.5528484582901001,0.6317871809005737,0.8673456907272339,0.5182381868362427,0.5181992053985596,1.0256227254867554,2.932876944541931,4.547601342201233,5.611056685447693
0.5528671741485596,0.6318657994270325,0.8673672676086426,0.5182880759239197,0.518238365650177,1.0257313251495361,2.932862639427185,4.547797441482544,5.611501932144165
0.552884578704834,0.6319345235824585,0.8673890829086304,0.5183314085006714,0.5182718634605408,1.0258309841156006,2.9328569769859314,4.547969698905945,5.611905455589294
0.5528917908668518,0.6319916844367981,0.8674044609069824,0.51836758852005,0.5182985663414001,1.0259312391281128,2.9327988624572754,4.548070430755615,5.612253546714783
0.5529407858848572,0.6320488452911377,0.8674526214599609,0.5184012651443481,0.5183280110359192,1.0259770154953003,2.933036983013153,4.5483821630477905,5.612624883651733
0.5528892874717712,0.632077693939209,0.8674255609512329,0.5184215307235718,0.5183347463607788,1.0261225700378418,2.9326131939888,4.548134207725525,5.612817406654358
0.5530036687850952,0.6321308016777039,0.8675256967544556,0.5184492468833923,0.5183676481246948,1.026078462600708,2.933323085308075,4.548773169517517,5.6132107973098755
0.5529608726501465,0.6321507096290588,0.8675063848495483,0.5184622406959534,0.5183689594268799,1.0262027978897095,2.932977080345154,4.548550844192505,5.6133681535720825
0.5529279708862305,0.6321629881858826,0.8674962520599365,0.5184705853462219,0.5183688402175903,1.0263047218322754,2.932715117931366,4.548371434211731,5.613498091697693
0.5530862808227539,0.632207989692688,0.8676316738128662,0.5184902548789978,0.5184005498886108,1.026193380355835,2.9337510466575623,4.549219012260437,5.613880157470703
0.5529764890670776,0.6322031021118164,0.8675628900527954,0.5184900164604187,0.518383264541626,1.026376724243164,2.9329749941825867,4.548613429069519,5.613889694213867
0.5529756546020508,0.6322067975997925,0.8675791025161743,0.518491804599762,0.5183828473091125,1.0264254808425903,2.932955324649811,4.548589587211609,5.614001750946045
0.5531361103057861,0.6322407722473145,0.867717981338501,0.5185046792030334,0.5184103846549988,1.0262973308563232,2.93402761220932,4.549435973167419,5.614337921142578
0.5530055165290833,0.6322221755981445,0.8676348924636841,0.518497884273529,0.5183867812156677,1.0264906883239746,2.9331278800964355,4.548710584640503,5.614275932312012
0.553015947341919,0.6322170495986938,0.8676618337631226,0.5184952020645142,0.5183863639831543,1.0265123844146729,2.9332059621810913,4.548744559288025,5.6143587827682495
0.5531440377235413,0.6322357058525085,0.867777943611145,0.5185019969940186,0.51840740442276,1.02640700340271,2.9340755939483643,4.5494163036346436,5.614612698554993
0.5530878305435181,0.6322274208068848,0.8677523136138916,0.5184998512268066,0.5183984041213989,1.0265123844146729,2.933686375617981,4.549099802970886,5.614639520645142
0.5530055165290833,0.632204532623291,0.8677088022232056,0.5184922218322754,0.5183844566345215,1.0266331434249878,2.9331380128860474,4.548644423484802,5.614592432975769
0.5531625747680664,0.6322214603424072,0.8678487539291382,0.5184996128082275,0.5184125900268555,1.0264850854873657,2.934216856956482,4.549482464790344,5.614859461784363
0.5531384348869324,0.6322181224822998,0.86784827709198,0.5185016989707947,0.5184131860733032,1.026551604270935,2.9340463876724243,4.549354910850525,5.61492919921875
0.5530108213424683,0.632186770439148,0.867770791053772,0.5184937119483948,0.5183959603309631,1.0267194509506226,2.933191657066345,4.548673629760742,5.614820718765259
0.5531703233718872,0.6321998834609985,0.8679141998291016,0.5185021758079529,0.518428385257721,1.0265612602233887,2.934296131134033,4.54954206943512,5.615077614784241
0.5531678199768066,0.6322034597396851,0.8679298162460327,0.5185102224349976,0.5184383392333984,1.0266048908233643,2.9342663288116455,4.5495522022247314,5.615191459655762
0.5530176758766174,0.6321746110916138,0.8678343296051025,0.5185071229934692,0.5184239149093628,1.026802897453308,2.933247685432434,4.548773169517517,5.615081191062927
0.5531771779060364,0.6321920156478882,0.8679771423339844,0.5185205340385437,0.5184619426727295,1.0266474485397339,2.9343435168266296,4.549661874771118,5.615358948707581
0.5531795620918274,0.6322019100189209,0.8679958581924438,0.5185346603393555,0.5184788107872009,1.026689887046814,2.934337556362152,4.549720287322998,5.615502595901489
0.5530408620834351,0.6321820020675659,0.8679078817367554,0.5185386538505554,0.5184726119041443,1.0268809795379639,2.933383882045746,4.549024701118469,5.615438222885132
0.5531841516494751,0.6322008967399597,0.8680375814437866,0.5185558199882507,0.5185128450393677,1.0267471075057983,2.934361696243286,4.549844264984131,5.615712404251099
0.5532016158103943,0.6322173476219177,0.8680670261383057,0.5185753107070923,0.5185369849205017,1.02677583694458,2.9344508051872253,4.550000429153442,5.615895390510559
0.5530685186386108,0.6322035789489746,0.8679822683334351,0.5185847282409668,0.5185364484786987,1.0269654989242554,2.9335248470306396,4.549351930618286,5.615861415863037
0.5531963109970093,0.6322225332260132,0.8680993318557739,0.5186040997505188,0.5185773372650146,1.0268508195877075,2.9343923926353455,4.550100564956665,5.616126656532288
0.5532205104827881,0.6322380304336548,0.8681340217590332,0.5186249613761902,0.5186046361923218,1.0268685817718506,2.9345297813415527,4.550301432609558,5.616311430931091
0.5531580448150635,0.6322396993637085,0.8681023120880127,0.5186415314674377,0.5186185240745544,1.0269832611083984,2.9340776801109314,4.550042152404785,5.616384148597717
0.5532084703445435,0.6322515606880188,0.8681584596633911,0.5186604857444763,0.5186489820480347,1.0269614458084106,2.934407889842987,4.5503830909729,5.61657190322876
0.5532374382019043,0.6322619915008545,0.8681973218917847,0.5186794400215149,0.5186765193939209,1.0269663333892822,2.934587597846985,4.550610184669495,5.616739392280579
0.5532077550888062,0.6322628259658813,0.8681912422180176,0.518695592880249,0.5186947584152222,1.0270365476608276,2.9343685507774353,4.550524950027466,5.616830587387085
0.5532052516937256,0.6322625875473022,0.8682066202163696,0.5187103748321533,0.5187157392501831,1.0270698070526123,2.9343435168266296,4.550580382347107,5.616934299468994
0.5532320737838745,0.6322624683380127,0.868245005607605,0.5187243223190308,0.518740177154541,1.027064323425293,2.934527099132538,4.550790190696716,5.617055296897888
0.5532141923904419,0.6322532296180725,0.8682491779327393,0.5187349915504456,0.5187568068504333,1.0271066427230835,2.9344090819358826,4.550759196281433,5.617111325263977
0.5532040596008301,0.632239818572998,0.8682599067687988,0.5187433958053589,0.5187729001045227,1.0271337032318115,2.9343530535697937,4.550763964653015,5.617153644561768
0.5532252192497253,0.6322253942489624,0.8682953119277954,0.5187501311302185,0.5187920331954956,1.02711820602417,2.934521436691284,4.550930857658386,5.6172120571136475
0.5532112121582031,0.6322027444839478,0.8683038949966431,0.5187535881996155,0.5188043713569641,1.0271389484405518,2.934454381465912,4.550907015800476,5.617212653160095
0.5532036423683167,0.6321759223937988,0.8683178424835205,0.5187545418739319,0.5188158750534058,1.0271457433700562,2.9344403743743896,4.550911784172058,5.617198348045349
0.5532192587852478,0.6321471929550171,0.8683501482009888,0.5187534093856812,0.5188287496566772,1.0271196365356445,2.93459415435791,4.551035165786743,5.617189407348633
0.5532057881355286,0.6321111917495728,0.8683599233627319,0.5187492370605469,0.5188358426094055,1.0271227359771729,2.9345542192459106,4.550998210906982,5.617131590843201
0.5532108545303345,0.6320730447769165,0.8683843612670898,0.5187429785728455,0.5188435912132263,1.0270986557006836,2.9346495866775513,4.5510536432266235,5.6170737743377686
0.5532199144363403,0.6320316791534424,0.8684120178222656,0.5187345147132874,0.5188500881195068,1.0270649194717407,2.9347795248031616,4.551125764846802,5.617002844810486
0.553195595741272,0.6319831013679504,0.8684138059616089,0.5187231302261353,0.5188500881195068,1.0270658731460571,2.9346850514411926,4.551016688346863,5.616878867149353
0.5532020330429077,0.6319339275360107,0.8684394359588623,0.5187097191810608,0.5188522934913635,1.0270253419876099,2.934809923171997,4.551061987876892,5.616769194602966
0.553207278251648,0.6318813562393188,0.8684639930725098,0.5186941027641296,0.5188524723052979,1.0269818305969238,2.9349318146705627,4.551095962524414,5.616642236709595
0.5531768798828125,0.6318216323852539,0.868461012840271,0.5186756253242493,0.5188459753990173,1.0269757509231567,2.9348143935203552,4.550936818122864,5.61646044254303
0.5531802773475647,0.631761908531189,0.8684840202331543,0.5186551809310913,0.5188418626785278,1.026924729347229,2.934936285018921,4.550948143005371,5.61629593372345
0.5531824231147766,0.6316989660263062,0.8685058355331421,0.5186325907707214,0.5188356041908264,1.0268709659576416,2.935055196285248,4.550948143005371,5.616114139556885
0.5531488060951233,0.6316293478012085,0.8684998750686646,0.5186071991920471,0.5188227891921997,1.026855230331421,2.9349321126937866,4.550753235816956,5.615878701210022
0.5531491637229919,0.6315600872039795,0.8685200214385986,0.5185799598693848,0.5188122987747192,1.02679443359375,2.9350504279136658,4.550730586051941,5.615663528442383
0.5531488656997681,0.6314882636070251,0.8685392141342163,0.5185508131980896,0.5187998414039612,1.0267308950424194,2.9351675510406494,4.550698399543762,5.615432262420654
0.5531129837036133,0.6314101219177246,0.8685307502746582,0.5185191035270691,0.5187810063362122,1.0267053842544556,2.9350444674491882,4.550474286079407,5.615149736404419
0.5531110763549805,0.6313333511352539,0.8685480356216431,0.5184857845306396,0.5187645554542542,1.026636004447937,2.9351601004600525,4.550421833992004,5.6148892641067505
0.5531087517738342,0.6312548518180847,0.8685647249221802,0.518450915813446,0.5187463760375977,1.026564359664917,2.935275435447693,4.550361633300781,5.614617466926575
0.553072452545166,0.6311711072921753,0.8685545921325684,0.5184141397476196,0.5187223553657532,1.0265299081802368,2.9351601004600525,4.550118446350098,5.614299178123474
0.5530686974525452,0.6310898065567017,0.8685687780380249,0.5183762311935425,0.5187007188796997,1.0264548063278198,2.935270667076111,4.550039768218994,5.614005923271179
0.5530648231506348,0.6310080885887146,0.8685823678970337,0.5183373689651489,0.5186777114868164,1.0263781547546387,2.9353824257850647,4.549956321716309,5.613706707954407
0.5530470013618469,0.6309252977371216,0.8685842752456665,0.5182977318763733,0.5186518430709839,1.0263175964355469,2.935396134853363,4.549795389175415,5.613389611244202
0.5530402660369873,0.6308465003967285,0.8685934543609619,0.5182587504386902,0.5186267495155334,1.0262463092803955,2.935483157634735,4.549689888954163,5.613090991973877
0.5530335307121277,0.6307706832885742,0.8686012029647827,0.5182203650474548,0.5186009407043457,1.0261775255203247,2.935563623905182,4.549581408500671,5.612799525260925
0.5530217289924622,0.6306965947151184,0.8686040639877319,0.5181822180747986,0.5185739398002625,1.0261168479919434,2.9356059432029724,4.54944372177124,5.612507462501526
0.5530130863189697,0.6306262016296387,0.8686078786849976,0.5181449055671692,0.5185467600822449,1.0260552167892456,2.9356649518013,4.549320340156555,5.612227916717529
0.5530040264129639,0.6305581331253052,0.8686103820800781,0.5181078314781189,0.51851886510849,1.0259960889816284,2.935716211795807,4.549190998077393,5.611952543258667
0.5529934167861938,0.6304918527603149,0.8686107397079468,0.5180710554122925,0.5184900760650635,1.0259404182434082,2.9357537627220154,4.549050331115723,5.6116801500320435
0.552984356880188,0.6304283142089844,0.8686110973358154,0.5180345773696899,0.5184608697891235,1.0258851051330566,2.935797870159149,4.54891562461853,5.611415505409241
0.5529748201370239,0.6303666234016418,0.8686102628707886,0.5179982781410217,0.5184309482574463,1.0258318185806274,2.9358360171318054,4.548776149749756,5.6111544370651245
0.5529652237892151,0.6303073167800903,0.8686084747314453,0.5179622769355774,0.5184004306793213,1.0257805585861206,2.9358699917793274,4.548632502555847,5.61089813709259
0.5529568791389465,0.6302509903907776,0.8686065673828125,0.5179269313812256,0.5183696150779724,1.025730848312378,2.935906946659088,4.5484936237335205,5.61065137386322
0.5529479384422302,0.6301959156990051,0.8686035871505737,0.5178914666175842,0.5183380246162415,1.0256823301315308,2.935938537120819,4.548348784446716,5.610405802726746
0.552939772605896,0.6301419138908386,0.8686004877090454,0.5178557634353638,0.5183058381080627,1.025633454322815,2.9359734058380127,4.548205137252808,5.610162615776062
0.5529314279556274,0.6300894618034363,0.8685966730117798,0.5178200602531433,0.5182729959487915,1.0255857706069946,2.9360058903694153,4.548057913780212,5.609921813011169
0.5529237985610962,0.6300380825996399,0.8685928583145142,0.5177842378616333,0.5182396769523621,1.0255378484725952,2.936040461063385,4.547911286354065,5.60968279838562
0.5529158711433411,0.6299870014190674,0.8685883283615112,0.5177479386329651,0.5182055234909058,1.0254899263381958,2.9360738396644592,4.547761082649231,5.6094419956207275
0.5529077053070068,0.6299358606338501,0.8685835599899292,0.5177109837532043,0.5181706547737122,1.0254416465759277,2.93610543012619,4.547606706619263,5.609197616577148
0.5529001951217651,0.6298848390579224,0.8685789108276367,0.5176734924316406,0.518135130405426,1.0253915786743164,2.936141788959503,4.54745352268219,5.608952045440674
0.5528922080993652,0.62983238697052,0.8685739040374756,0.5176348090171814,0.5180987119674683,1.0253398418426514,2.9361778497695923,4.547294974327087,5.608698129653931
0.5528831481933594,0.6297780275344849,0.8685684204101562,0.5175946950912476,0.5180612206459045,1.025286316871643,2.9362109303474426,4.547128081321716,5.608433485031128
0.5528745651245117,0.6297215819358826,0.8685634136199951,0.5175531506538391,0.518022894859314,1.0252289772033691,2.9362502694129944,4.546961188316345,5.608158111572266
0.5528644919395447,0.6296615600585938,0.8685578107833862,0.5175095796585083,0.5179831981658936,1.0251682996749878,2.9362869262695312,4.5467835664749146,5.607866048812866
0.552854061126709,0.6295979022979736,0.8685523271560669,0.5174638628959656,0.5179424285888672,1.0251027345657349,2.9363271594047546,4.546600580215454,5.607556700706482
0.5528422594070435,0.6295302510261536,0.8685464859008789,0.5174159407615662,0.5179004073143005,1.0250333547592163,2.9363656044006348,4.54640805721283,5.607229471206665
0.5528299808502197,0.6294585466384888,0.86854088306427,0.5173658728599548,0.5178573131561279,1.024958610534668,2.9364079236984253,4.546210765838623,5.60688316822052
0.5528165102005005,0.6293824911117554,0.8685351610183716,0.5173135995864868,0.5178130269050598,1.024878978729248,2.9364505410194397,4.5460045337677,5.606515407562256
0.5528013706207275,0.6293014883995056,0.8685287237167358,0.5172587037086487,0.517767608165741,1.0247948169708252,2.9364895820617676,4.545787572860718,5.60612678527832
0.5527856349945068,0.6292157173156738,0.8685226440429688,0.5172015428543091,0.5177211761474609,1.0247043371200562,2.936534583568573,4.545565843582153,5.605717301368713
0.5527687072753906,0.6291249990463257,0.8685164451599121,0.5171419978141785,0.517673671245575,1.0246082544326782,2.9365792870521545,4.545336365699768,5.605283975601196
0.5527493357658386,0.6290290355682373,0.8685091733932495,0.5170800089836121,0.5176251530647278,1.0245074033737183,2.936617136001587,4.5450931787490845,5.604826807975769
0.5527297854423523,0.6289283037185669,0.8685026168823242,0.517015814781189,0.5175759196281433,1.024399995803833,2.9366621375083923,4.544848203659058,5.604348182678223
0.5527088046073914,0.628822922706604,0.8684955835342407,0.5169496536254883,0.5175261497497559,1.024287223815918,2.9367056488990784,4.54459547996521,5.603849291801453
0.5526849031448364,0.6287127137184143,0.8684871196746826,0.5168814659118652,0.5174756646156311,1.0241708755493164,2.936738431453705,4.544329047203064,5.6033265590667725
0.5526624917984009,0.6285993456840515,0.8684800863265991,0.5168121457099915,0.5174254179000854,1.0240472555160522,2.936786413192749,4.5440709590911865,5.6027913093566895
0.5526357293128967,0.6284817457199097,0.8684704303741455,0.5167415142059326,0.5173749923706055,1.0239225625991821,2.9368123412132263,4.543793201446533,5.602234601974487
0.5526108741760254,0.6283625364303589,0.8684624433517456,0.5166704654693604,0.5173255801200867,1.0237916707992554,2.936854660511017,4.543529152870178,5.601670742034912
0.5525843501091003,0.6282416582107544,0.8684535026550293,0.516599714756012,0.5172773003578186,1.023659348487854,2.936888635158539,4.543261528015137,5.601098537445068
0.5525469183921814,0.6281159520149231,0.8684370517730713,0.5165281891822815,0.5172288417816162,1.0235337018966675,2.936854064464569,4.542943835258484,5.600501298904419
0.5525338649749756,0.6279995441436768,0.8684375286102295,0.5164608359336853,0.517186164855957,1.0233848094940186,2.9369762539863586,4.542762041091919,5.599952340126038
0.5524940490722656,0.6278762817382812,0.86841881275177,0.5163931250572205,0.5171424150466919,1.0232620239257812,2.9369208216667175,4.542450904846191,5.599362850189209
0.5524572134017944,0.6277533769607544,0.8684022426605225,0.5163265466690063,0.5171011090278625,1.023133635520935,2.936885952949524,4.542163014411926,5.598775744438171
0.5524486303329468,0.6276425123214722,0.8684049844741821,0.5162652730941772,0.5170661211013794,1.0229805707931519,2.9370301961898804,4.542031288146973,5.5982506275177
0.5524060726165771,0.6275238394737244,0.8683832883834839,0.5162034034729004,0.5170291662216187,1.0228619575500488,2.9369479417800903,4.5417320728302,5.597677230834961
0.5523697137832642,0.6274073719978333,0.8683657646179199,0.5161433815956116,0.5169948935508728,1.0227361917495728,2.936905324459076,4.5414721965789795,5.597115755081177
0.5523625016212463,0.6273038983345032,0.8683679103851318,0.5160885453224182,0.5169668197631836,1.0225858688354492,2.9370465874671936,4.541371464729309,5.596619248390198
0.552311360836029,0.6271864771842957,0.8683388233184814,0.5160306692123413,0.5169340968132019,1.0224761962890625,2.9369011521339417,4.541047811508179,5.596046447753906
0.5522851347923279,0.6270776391029358,0.8683271408081055,0.515976071357727,0.5169060230255127,1.0223420858383179,2.936917245388031,4.540858864784241,5.595516562461853
0.5522699952125549,0.6269762516021729,0.8683221340179443,0.5159251689910889,0.5168813467025757,1.022201418876648,2.9369986057281494,4.54073429107666,5.595022439956665
0.5522153377532959,0.6268619298934937,0.8682892322540283,0.515870988368988,0.5168521404266357,1.022096872329712,2.936823070049286,4.540407061576843,5.594456195831299
0.5521973371505737,0.6267615556716919,0.8682811260223389,0.5158215165138245,0.5168288946151733,1.0219591856002808,2.9368817806243896,4.540274143218994,5.593962669372559
0.5521795749664307,0.6266646385192871,0.8682721853256226,0.5157740712165833,0.5168067216873169,1.0218247175216675,2.936936318874359,4.540145397186279,5.593480467796326
0.5521253347396851,0.6265531182289124,0.8682377338409424,0.5157219171524048,0.5167790651321411,1.021720290184021,2.9367586970329285,4.539826512336731,5.5929213762283325
0.5521090030670166,0.6264546513557434,0.8682292699813843,0.5156735777854919,0.5167564153671265,1.0215801000595093,2.9368260502815247,4.539703726768494,5.592429041862488
0.5520914793014526,0.6263574361801147,0.8682188987731934,0.5156255960464478,0.5167333483695984,1.0214430093765259,2.9368826746940613,4.539574384689331,5.59194028377533
0.5520369410514832,0.6262446045875549,0.8681827783584595,0.5155720114707947,0.5167037844657898,1.0213357210159302,2.9367047548294067,4.539247751235962,5.59136688709259
0.5520210862159729,0.6261458396911621,0.8681727647781372,0.5155221819877625,0.5166786313056946,1.0211927890777588,2.9367759823799133,4.539119005203247,5.590865612030029
0.5520035028457642,0.6260480880737305,0.8681607246398926,0.515472412109375,0.5166526436805725,1.0210531949996948,2.9368332028388977,4.538979530334473,5.590364933013916
0.5519488453865051,0.625933825969696,0.8681226968765259,0.5154163241386414,0.5166195631027222,1.0209428071975708,2.9366573691368103,4.538639783859253,5.589776039123535
0.5519331097602844,0.6258341073989868,0.8681107759475708,0.5153641104698181,0.5165908336639404,1.0207972526550293,2.936730682849884,4.538499712944031,5.5892616510391235
0.5519155859947205,0.6257345676422119,0.8680968284606934,0.515311062335968,0.5165605545043945,1.0206539630889893,2.9367905855178833,4.538344740867615,5.588741898536682
0.5518607497215271,0.625617504119873,0.868057131767273,0.5152511596679688,0.5165225267410278,1.0205388069152832,2.9366183280944824,4.53798770904541,5.588131546974182
0.5518437027931213,0.6255149841308594,0.8680424690246582,0.5151949524879456,0.5164887309074402,1.0203900337219238,2.9366877675056458,4.53782320022583,5.587592720985413
0.5518139600753784,0.6254067420959473,0.8680187463760376,0.5151359438896179,0.516451358795166,1.0202512741088867,2.93667733669281,4.5375871658325195,5.587022304534912
0.551773726940155,0.625293493270874,0.8679872751235962,0.5150741934776306,0.5164107084274292,1.0201194286346436,2.936602532863617,4.537290334701538,5.586422085762024
0.5517435073852539,0.625184178352356,0.8679620027542114,0.515012800693512,0.5163702964782715,1.0199782848358154,2.9365915060043335,4.537040591239929,5.585838556289673
0.5517112612724304,0.6250731945037842,0.8679349422454834,0.5149500966072083,0.5163280963897705,1.0198376178741455,2.936568558216095,4.5367759466171265,5.585244297981262
0.5516773462295532,0.6249606609344482,0.8679062128067017,0.5148859024047852,0.5162843465805054,1.019696593284607,2.9365363717079163,4.536496996879578,5.584639310836792
0.5516446828842163,0.6248481273651123,0.8678778409957886,0.5148208737373352,0.5162394642829895,1.0195528268814087,2.9365143179893494,4.536221623420715,5.584030747413635
0.5516115427017212,0.6247357130050659,0.8678485155105591,0.5147553086280823,0.5161937475204468,1.019409418106079,2.936488687992096,4.5359402894973755,5.583420395851135
0.5515792369842529,0.6246243715286255,0.8678191900253296,0.5146896839141846,0.5161474943161011,1.0192654132843018,2.936466634273529,4.535660743713379,5.582810640335083
0.5515469908714294,0.624514102935791,0.8677893877029419,0.5146242380142212,0.516101062297821,1.0191220045089722,2.9364436864852905,4.535380005836487,5.582204461097717
0.5515148043632507,0.6244056224822998,0.8677589893341064,0.5145593285560608,0.516054630279541,1.0189796686172485,2.936418354511261,4.535101056098938,5.58160126209259
0.551482617855072,0.6242988705635071,0.8677281141281128,0.5144952535629272,0.5160085558891296,1.0188390016555786,2.9363900423049927,4.534822106361389,5.581004023551941
0.5514512062072754,0.6241947412490845,0.86769700050354,0.5144322514533997,0.5159632563591003,1.0186995267868042,2.93636292219162,4.534549117088318,5.580416321754456
0.5514200329780579,0.6240934729576111,0.8676654100418091,0.5143709182739258,0.5159187912940979,1.0185627937316895,2.9363325238227844,4.534280300140381,5.57983934879303
0.5513890385627747,0.6239951848983765,0.8676334619522095,0.5143110156059265,0.5158754587173462,1.0184286832809448,2.9362982511520386,4.534015655517578,5.579273104667664
0.5513580441474915,0.6238998174667358,0.8676009178161621,0.5142529010772705,0.51583331823349,1.0182974338531494,2.9362592101097107,4.53375518321991,5.578718781471252
0.5513278245925903,0.6238082647323608,0.8675681352615356,0.5141969323158264,0.515792727470398,1.0181692838668823,2.936217784881592,4.533502459526062,5.578178763389587
0.5512988567352295,0.6237207651138306,0.8675358295440674,0.5141432881355286,0.5157539248466492,1.0180437564849854,2.9361796379089355,4.533262252807617,5.577656030654907
0.5512611865997314,0.6236315965652466,0.8674973249435425,0.514089822769165,0.5157150030136108,1.0179275274276733,2.9360827803611755,4.53298032283783,5.577123165130615
0.5512446165084839,0.6235572099685669,0.8674719333648682,0.5140426158905029,0.5156813859939575,1.0178004503250122,2.936108410358429,4.532815217971802,5.5766600370407104
0.5511991381645203,0.6234708428382874,0.8674272298812866,0.5139919519424438,0.5156442523002625,1.0176972150802612,2.9359519481658936,4.532502293586731,5.576135516166687
0.5511730313301086,0.6233981251716614,0.8673948049545288,0.5139472484588623,0.5156123638153076,1.017583966255188,2.935907542705536,4.532298445701599,5.575674772262573
0.5511585474014282,0.623335599899292,0.867369532585144,0.5139073133468628,0.515584409236908,1.0174674987792969,2.9359278082847595,4.532161355018616,5.5752623081207275
0.5511078834533691,0.6232566833496094,0.86732017993927,0.5138623118400574,0.5155515670776367,1.017379641532898,2.935720682144165,4.531837701797485,5.5747681856155396
0.5511059761047363,0.6232084035873413,0.8673020601272583,0.5138298273086548,0.5155296325683594,1.0172630548477173,2.9358044266700745,4.5317792892456055,5.574420690536499
0.5510443449020386,0.6231299638748169,0.8672448396682739,0.5137870907783508,0.5154983997344971,1.0171900987625122,2.935519516468048,4.531409740447998,5.573927164077759
0.5510609149932861,0.6230994462966919,0.8672380447387695,0.5137632489204407,0.5154836773872375,1.017069935798645,2.9357028007507324,4.5314621925354,5.5736613273620605
0.5510518550872803,0.6230577826499939,0.8672142028808594,0.5137362480163574,0.5154657959938049,1.0169715881347656,2.935723066329956,4.531383514404297,5.573342442512512
0.5509297251701355,0.6229555606842041,0.8671169281005859,0.5136880278587341,0.5154287219047546,1.0169514417648315,2.9350531101226807,4.530709981918335,5.5727314949035645
0.5510368347167969,0.6229890584945679,0.8671672344207764,0.5136916041374207,0.5154373645782471,1.0167871713638306,2.935762107372284,4.531263709068298,5.572769045829773
0.5510017275810242,0.6229416131973267,0.8671259880065918,0.5136653184890747,0.5154193043708801,1.0167180299758911,2.935608923435211,4.53106164932251,5.572421550750732
0.5508249998092651,0.6228167414665222,0.8669925928115845,0.513611376285553,0.5153763890266418,1.016744613647461,2.9345926642417908,4.530112147331238,5.571700930595398
0.5509494543075562,0.6228749752044678,0.867052435874939,0.5136280059814453,0.5153951048851013,1.016587734222412,2.9353800415992737,4.53078031539917,5.571852326393127
0.5509433746337891,0.622855007648468,0.8670289516448975,0.5136154890060425,0.5153884887695312,1.016513466835022,2.9353830218315125,4.530750513076782,5.571635961532593
0.5507444739341736,0.6227256059646606,0.8668810129165649,0.5135630965232849,0.5153466463088989,1.0165654420852661,2.934217154979706,4.52970027923584,5.570895075798035
0.5508759021759033,0.6228023767471313,0.8669440746307373,0.5135911703109741,0.5153741836547852,1.0164227485656738,2.935020923614502,4.530429840087891,5.571132302284241
0.5508809089660645,0.6228024363517761,0.8669266700744629,0.5135904550552368,0.5153769850730896,1.0163590908050537,2.9350659251213074,4.530482888221741,5.571010708808899
0.5507213473320007,0.622710108757019,0.8668030500411987,0.5135565996170044,0.5153505206108093,1.0164051055908203,2.9341116547584534,4.529667496681213,5.570446252822876
0.5508500933647156,0.6228029131889343,0.8668630123138428,0.5135959386825562,0.5153862237930298,1.0162880420684814,2.9348665475845337,4.530408978462219,5.570760369300842
0.5508606433868408,0.622822105884552,0.8668482303619385,0.5136074423789978,0.5153983235359192,1.0162426233291626,2.9349160194396973,4.530518651008606,5.570730566978455
0.5507000684738159,0.6227428317070007,0.8667232990264893,0.513582706451416,0.5153785347938538,1.0163086652755737,2.933931052684784,4.52971875667572,5.570229887962341
0.550763726234436,0.6228140592575073,0.8667398691177368,0.5136184692382812,0.5154091715812683,1.0162559747695923,2.9342633485794067,4.530136585235596,5.570439696311951
0.5508612990379333,0.6229051351547241,0.8667789697647095,0.5136619806289673,0.515446662902832,1.016183853149414,2.9347991943359375,4.530735611915588,5.570748448371887
0.5506864786148071,0.62282794713974,0.8666446208953857,0.5136414170265198,0.5154291391372681,1.016275405883789,2.9337087273597717,4.5298755168914795,5.570263862609863
0.5507234930992126,0.6228972673416138,0.8666431903839111,0.513680100440979,0.5154604911804199,1.0162599086761475,2.9338547587394714,4.530168771743774,5.570464730262756
0.5508480072021484,0.6230230331420898,0.8666979074478149,0.5137411952018738,0.5155104994773865,1.016197681427002,2.9345181584358215,4.530933499336243,5.570937991142273
0.5506895780563354,0.6229692697525024,0.8665729761123657,0.5137326717376709,0.5155015587806702,1.0162997245788574,2.933500111103058,4.5301753282547,5.5705660581588745
0.5507081151008606,0.6230422258377075,0.8665585517883301,0.5137757062911987,0.5155341625213623,1.0163180828094482,2.9335078597068787,4.530382752418518,5.570785403251648
0.5508456230163574,0.6231924295425415,0.8666201829910278,0.5138492584228516,0.5155919194221497,1.0162729024887085,2.934218645095825,4.531230926513672,5.571373701095581
0.5507010221481323,0.6231601238250732,0.8665032386779785,0.5138514637947083,0.5155897736549377,1.0163872241973877,2.9332593083381653,4.530557990074158,5.571105480194092
0.5507228374481201,0.6232507228851318,0.8664896488189697,0.5139039754867554,0.515627384185791,1.0164281129837036,2.933257222175598,4.5307934284210205,5.5714088678359985
0.550869345664978,0.6234235763549805,0.8665553331375122,0.5139887928962708,0.5156913995742798,1.0164039134979248,2.9339897632598877,4.531700611114502,5.572105050086975
0.5507234334945679,0.6234045028686523,0.8664367198944092,0.5139979124069214,0.5156919956207275,1.0165420770645142,2.932996153831482,4.531026482582092,5.571901202201843
0.5507532358169556,0.6235166788101196,0.8664267063140869,0.5140607357025146,0.515734851360321,1.0166041851043701,2.933010756969452,4.531312584877014,5.572307109832764
0.5509092807769775,0.6237123012542725,0.8664970397949219,0.5141565799713135,0.5158045887947083,1.0166010856628418,2.933768928050995,4.5322781801223755,5.573109984397888
0.5507678389549255,0.6237094402313232,0.8663805723190308,0.5141737461090088,0.5158092379570007,1.016758918762207,2.9327765107154846,4.531635046005249,5.572986006736755
0.5508042573928833,0.6238403916358948,0.8663738965988159,0.5142459273338318,0.515856921672821,1.016841173171997,2.9328036308288574,4.531964659690857,5.573483109474182
0.5509673953056335,0.6240544319152832,0.8664482831954956,0.5143508315086365,0.5159316658973694,1.0168571472167969,2.933577597141266,4.532975554466248,5.574376583099365
0.5508298873901367,0.6240639686584473,0.8663343191146851,0.5143744349479675,0.5159395933151245,1.0170308351516724,2.932589054107666,4.532358646392822,5.574317574501038
0.5508711338043213,0.6242086291313171,0.8663307428359985,0.5144535303115845,0.5159909725189209,1.01712965965271,2.9326242208480835,4.532718658447266,5.574885606765747
0.551037073135376,0.6244347095489502,0.8664069175720215,0.5145649313926697,0.5160692930221558,1.0171624422073364,2.9333949089050293,4.533751010894775,5.57584285736084
0.5509071946144104,0.6244567632675171,0.8662985563278198,0.5145950317382812,0.5160813927650452,1.0173470973968506,2.9324370622634888,4.533180594444275,5.575850605964661
0.5509520769119263,0.624611496925354,0.8662980794906616,0.5146799087524414,0.5161363482475281,1.0174590349197388,2.9324784874916077,4.533566832542419,5.576474666595459
0.5511130690574646,0.6248416304588318,0.8663718700408936,0.5147945284843445,0.5162162184715271,1.0175092220306396,2.9332053661346436,4.534578323364258,5.577459335327148
0.550995945930481,0.6248772740364075,0.8662726879119873,0.5148314237594604,0.5162332057952881,1.017699122428894,2.9323118925094604,4.534081816673279,5.577543377876282
0.5510604381561279,0.6250481605529785,0.8662859201431274,0.514923632144928,0.5162937045097351,1.0178104639053345,2.932460308074951,4.534574747085571,5.578254461288452
0.5511496067047119,0.6252347230911255,0.8663158416748047,0.5150224566459656,0.5163599848747253,1.0179100036621094,2.932756245136261,4.535203576087952,5.579047203063965
0.5511156320571899,0.6253330111503601,0.8662697076797485,0.5150860548019409,0.5163981914520264,1.0180696249008179,2.932336926460266,4.535163640975952,5.579432845115662
0.5511359572410583,0.6254721879959106,0.8662576675415039,0.515166699886322,0.5164498090744019,1.0182071924209595,2.932228744029999,4.535419940948486,5.580011606216431
0.5511996150016785,0.6256423592567444,0.8662732839584351,0.5152601003646851,0.5165117979049683,1.018325924873352,2.932371497154236,4.535914063453674,5.580739378929138
0.5511994361877441,0.6257662773132324,0.8662497997283936,0.5153350830078125,0.5165589451789856,1.0184763669967651,2.9321441054344177,4.536058306694031,5.581256151199341
0.5512234568595886,0.6259081363677979,0.8662416934967041,0.5154174566268921,0.5166119933128357,1.0186173915863037,2.93205589056015,4.536335468292236,5.581859350204468
0.5512785911560059,0.6260719299316406,0.8662538528442383,0.5155088901519775,0.5166722536087036,1.0187453031539917,2.932148277759552,4.536781311035156,5.58256983757019
0.5512887239456177,0.6262009143829346,0.8662385940551758,0.5155857801437378,0.5167211294174194,1.0188932418823242,2.9319825768470764,4.536978006362915,5.583122968673706
0.55133056640625,0.6263501048088074,0.8662441968917847,0.515670657157898,0.5167762637138367,1.0190247297286987,2.932005822658539,4.537344574928284,5.583774447441101
0.5513800978660583,0.6265016794204712,0.8662556409835815,0.5157561302185059,0.5168323516845703,1.019150733947754,2.932078540325165,4.537749290466309,5.584443807601929
0.5513896942138672,0.6266201138496399,0.8662433624267578,0.5158275365829468,0.5168774127960205,1.019291639328003,2.9319271445274353,4.5379310846328735,5.58496356010437
0.5514103174209595,0.6267428994178772,0.8662388324737549,0.5159001350402832,0.5169236660003662,1.0194246768951416,2.9318448901176453,4.538167715072632,5.585507750511169
0.5514594912528992,0.6268830299377441,0.8662532567977905,0.5159792900085449,0.5169754028320312,1.019541621208191,2.931934893131256,4.538556933403015,5.586138367652893
0.5514706969261169,0.6269907355308533,0.8662450313568115,0.5160446166992188,0.517016589641571,1.0196716785430908,2.9318127036094666,4.5387327671051025,5.586622953414917
0.5514841675758362,0.6270959377288818,0.8662393093109131,0.5161082744598389,0.5170566439628601,1.0197970867156982,2.9317107796669006,4.538916349411011,5.587100982666016
0.5515326857566833,0.6272221803665161,0.8662564754486084,0.5161798000335693,0.5171031951904297,1.019901990890503,2.931818962097168,4.53928530216217,5.587681531906128
0.5515437126159668,0.6273154020309448,0.8662514686584473,0.5162370204925537,0.5171388983726501,1.0200186967849731,2.9317203164100647,4.539442658424377,5.588113069534302
0.5515541434288025,0.627402126789093,0.8662475347518921,0.5162907838821411,0.5171724557876587,1.0201289653778076,2.931629717350006,4.539591670036316,5.588520765304565
0.5515994429588318,0.6275086402893066,0.8662663698196411,0.5163518190383911,0.5172123312950134,1.0202178955078125,2.931748926639557,4.539924263954163,5.5890244245529175
0.5516073703765869,0.6275824904441833,0.8662632703781128,0.5163989067077637,0.5172417163848877,1.0203182697296143,2.9316622018814087,4.540048241615295,5.58938205242157
0.5516148805618286,0.6276518106460571,0.8662607669830322,0.5164435505867004,0.517269492149353,1.0204143524169922,2.9315805435180664,4.540164470672607,5.5897217988967896
0.5516567230224609,0.6277410984039307,0.8662806749343872,0.5164955854415894,0.5173036456108093,1.0204890966415405,2.9317066073417664,4.540464282035828,5.590158104896545
0.5516620874404907,0.6277986764907837,0.866279125213623,0.516534149646759,0.5173276662826538,1.0205754041671753,2.93163001537323,4.540559649467468,5.590453147888184
0.551666796207428,0.6278517246246338,0.8662776947021484,0.5165703296661377,0.5173501968383789,1.0206576585769653,2.9315564036369324,4.540647268295288,5.590729117393494
0.5517011880874634,0.6279241442680359,0.866295337677002,0.5166140198707581,0.5173788666725159,1.0207239389419556,2.93165922164917,4.540894627571106,5.591097474098206
0.5517062544822693,0.6279737949371338,0.8662952184677124,0.5166481137275696,0.517399787902832,1.0208027362823486,2.931593954563141,4.540978670120239,5.5913615226745605
0.5517109632492065,0.6280218362808228,0.8662948608398438,0.5166810750961304,0.5174196362495422,1.0208805799484253,2.9315289855003357,4.541057348251343,5.5916184186935425
0.551720917224884,0.6280736327171326,0.8662978410720825,0.5167149901390076,0.5174399614334106,1.020956039428711,2.9314956068992615,4.5411622524261475,5.591893196105957
0.5517310500144958,0.6281272172927856,0.8663005828857422,0.516749382019043,0.5174598693847656,1.0210342407226562,2.9314592480659485,4.541264772415161,5.592175126075745
0.5517420768737793,0.6281825304031372,0.8663036823272705,0.5167840719223022,0.5174795389175415,1.0211137533187866,2.9314270615577698,4.541371464729309,5.5924636125564575
0.5517526268959045,0.6282376050949097,0.8663064241409302,0.5168183445930481,0.5174985527992249,1.0211942195892334,2.931390404701233,4.541471600532532,5.592750906944275
0.5517665147781372,0.6282967329025269,0.8663108348846436,0.5168541073799133,0.517518162727356,1.0212754011154175,2.931371331214905,4.541589617729187,5.593056678771973
0.5517817139625549,0.6283582448959351,0.8663159608840942,0.5168907046318054,0.5175379514694214,1.021358609199524,2.931356728076935,4.541712999343872,5.593372583389282
0.5517953038215637,0.6284198760986328,0.866320013999939,0.516927182674408,0.5175573229789734,1.0214442014694214,2.9313305020332336,4.541827440261841,5.593688488006592
0.5518121123313904,0.6284851431846619,0.8663259744644165,0.5169650912284851,0.517577588558197,1.0215305089950562,2.9313209652900696,4.541959166526794,5.5940210819244385
0.5518296957015991,0.6285542249679565,0.866331934928894,0.5170047283172607,0.5175985097885132,1.0216208696365356,2.9313096404075623,4.54209566116333,5.594370365142822
0.5518466234207153,0.6286258697509766,0.8663370609283447,0.5170454978942871,0.5176198482513428,1.021715521812439,2.9312893748283386,4.542229771614075,5.594729781150818
0.5518668293952942,0.6287018060684204,0.8663442134857178,0.5170881152153015,0.5176423192024231,1.021811604499817,2.9312843084335327,4.5423823595047,5.595109462738037
0.5518869161605835,0.628779411315918,0.8663510084152222,0.5171315670013428,0.5176652073860168,1.0219104290008545,2.9312756657600403,4.542534351348877,5.595497488975525
0.5519059896469116,0.6288579702377319,0.8663572072982788,0.5171756148338318,0.5176883935928345,1.0220121145248413,2.9312583804130554,4.542683362960815,5.595889687538147
0.5519279837608337,0.6289404034614563,0.8663653135299683,0.5172215104103088,0.5177128911018372,1.0221151113510132,2.931254208087921,4.542848467826843,5.596300363540649
0.5519488453865051,0.6290241479873657,0.8663725852966309,0.5172682404518127,0.5177377462387085,1.0222216844558716,2.9312393069267273,4.543009996414185,5.596716403961182
0.5519716739654541,0.629111111164093,0.8663809299468994,0.5173164010047913,0.517763614654541,1.0223301649093628,2.931233048439026,4.543182849884033,5.5971479415893555
0.5519943833351135,0.6291999220848083,0.866389274597168,0.5173655152320862,0.5177900791168213,1.0224413871765137,2.931223213672638,4.543356895446777,5.597589015960693
0.5520168542861938,0.6292903423309326,0.8663971424102783,0.517415463924408,0.5178169012069702,1.0225555896759033,2.9312074184417725,4.543530344963074,5.598037242889404
0.5520420670509338,0.6293848752975464,0.8664069175720215,0.5174672603607178,0.5178449153900146,1.0226714611053467,2.9312050342559814,4.5437198877334595,5.598504543304443
0.5520673990249634,0.6294812560081482,0.8664165735244751,0.517520010471344,0.5178734064102173,1.0227903127670288,2.931199371814728,4.543910622596741,5.598980784416199
0.552091658115387,0.629578709602356,0.8664255142211914,0.5175732374191284,0.5179020762443542,1.022912621498108,2.9311835765838623,4.544095993041992,5.599462985992432
0.5521190166473389,0.6296803951263428,0.8664363622665405,0.5176283121109009,0.5179318189620972,1.0230361223220825,2.9311835765838623,4.5442986488342285,5.59996485710144
0.5521456599235535,0.6297831535339355,0.8664467334747314,0.5176838040351868,0.5179616212844849,1.0231627225875854,2.9311752319335938,4.544497728347778,5.6004709005355835
0.5521738529205322,0.6298884749412537,0.8664580583572388,0.5177404284477234,0.5179919004440308,1.0232911109924316,2.9311737418174744,4.544705152511597,5.600989460945129
0.5522018074989319,0.6299949884414673,0.8664692640304565,0.5177974104881287,0.5180222392082214,1.0234218835830688,2.9311683773994446,4.544910192489624,5.601515173912048
0.5522316098213196,0.6301039457321167,0.8664817810058594,0.5178552865982056,0.5180529952049255,1.0235540866851807,2.9311716556549072,4.545124769210815,5.602052211761475
0.5522607564926147,0.6302133202552795,0.8664939403533936,0.5179132223129272,0.5180835723876953,1.0236883163452148,2.9311689734458923,4.545335173606873,5.602591633796692
0.5522910356521606,0.6303241848945618,0.8665069341659546,0.5179715752601624,0.5181142091751099,1.0238233804702759,2.931172251701355,4.545550346374512,5.60313880443573
0.5523234009742737,0.6304366588592529,0.8665215969085693,0.5180303454399109,0.5181450843811035,1.0239582061767578,2.9311874508857727,4.545775651931763,5.603694915771484
0.5523529648780823,0.6305473446846008,0.8665345907211304,0.5180881023406982,0.5181748270988464,1.0240956544876099,2.9311859607696533,4.545983076095581,5.60424268245697
0.5523847937583923,0.630659282207489,0.8665494918823242,0.5181460380554199,0.5182046294212341,1.024232268333435,2.9311975836753845,4.546200633049011,5.604798197746277
0.5524268746376038,0.6307772397994995,0.8665711879730225,0.5182058811187744,0.5182361006736755,1.0243632793426514,2.9312720894813538,4.546471834182739,5.605384111404419
0.5524448752403259,0.6308784484863281,0.8665779829025269,0.518258810043335,0.5182616710662842,1.02450692653656,2.9312047362327576,4.546610116958618,5.605892539024353
0.5524875521659851,0.6309953927993774,0.8666009902954102,0.5183173418045044,0.5182916522026062,1.0246373414993286,2.9312852025032043,4.54687774181366,5.606476068496704
0.5525327324867249,0.631111741065979,0.8666263818740845,0.5183752179145813,0.5183215737342834,1.0247647762298584,2.9313838481903076,4.547157287597656,5.607061386108398
0.55254065990448,0.6312024593353271,0.8666282892227173,0.5184224247932434,0.5183422565460205,1.0249110460281372,2.9312649369239807,4.547231197357178,5.607525110244751
0.5525872707366943,0.6313163638114929,0.8666555881500244,0.518477737903595,0.5183697938919067,1.025034785270691,2.931378185749054,4.547508358955383,5.6081002950668335
0.5526331663131714,0.6314265131950378,0.8666833639144897,0.518531084060669,0.518396258354187,1.0251556634902954,2.931493818759918,4.547778964042664,5.608661770820618
0.5526357293128967,0.6315069198608398,0.8666837215423584,0.5185721516609192,0.5184124112129211,1.0252987146377563,2.9313549399375916,4.54781174659729,5.609084367752075
0.5526841878890991,0.6316150426864624,0.8667141199111938,0.5186230540275574,0.5184364318847656,1.0254149436950684,2.931492030620575,4.548085927963257,5.609639286994934
0.5527336597442627,0.631720244884491,0.8667463064193726,0.518671989440918,0.5184596180915833,1.0255268812179565,2.931642234325409,4.548361301422119,5.610184073448181
0.5527268052101135,0.6317884922027588,0.8667423725128174,0.5187057852745056,0.5184696316719055,1.0256694555282593,2.9314592480659485,4.54832911491394,5.610553026199341
0.5527832508087158,0.6318943500518799,0.8667795658111572,0.5187527537345886,0.5184905529022217,1.0257740020751953,2.9316577315330505,4.548628926277161,5.61110258102417
0.5528313517570496,0.6319901943206787,0.8668128252029419,0.5187950730323792,0.5185083746910095,1.0258783102035522,2.9318150877952576,4.548879861831665,5.611608624458313
0.5528187155723572,0.6320464611053467,0.8668071031570435,0.5188212990760803,0.5185122489929199,1.0260156393051147,2.9316124320030212,4.548799991607666,5.611926913261414
0.5528724193572998,0.6321411728858948,0.8668447732925415,0.5188605785369873,0.5185271501541138,1.0261117219924927,2.9318124055862427,4.549066424369812,5.612428188323975
0.5529235005378723,0.6322288513183594,0.8668822050094604,0.5188965201377869,0.5185403227806091,1.0262032747268677,2.9320064187049866,4.549316167831421,5.612902045249939
0.5529136061668396,0.6322767734527588,0.8668807744979858,0.5189165472984314,0.51854008436203,1.0263278484344482,2.9318398237228394,4.549235701560974,5.613188147544861
0.5529492497444153,0.6323494911193848,0.8669091463088989,0.5189443826675415,0.5185463428497314,1.0264220237731934,2.931951582431793,4.549389481544495,5.61359167098999
0.5530137419700623,0.6324339509010315,0.8669577836990356,0.5189758539199829,0.5185569524765015,1.0264924764633179,2.932247817516327,4.549694061279297,5.614057779312134
0.5529991984367371,0.6324673295021057,0.8669561147689819,0.5189874768257141,0.5185510516166687,1.0266062021255493,2.9320746660232544,4.549574255943298,5.614282488822937
0.5530261397361755,0.6325221061706543,0.8669818639755249,0.519005537033081,0.5185509920120239,1.0266906023025513,2.932157814502716,4.549667835235596,5.614608526229858
0.5530898571014404,0.6325928568840027,0.8670331239700317,0.5190290212631226,0.5185570120811462,1.0267456769943237,2.9324737191200256,4.549955129623413,5.615018606185913
0.5530807971954346,0.6326161026954651,0.8670382499694824,0.5190343260765076,0.518548309803009,1.0268396139144897,2.932359278202057,4.549853801727295,5.61520516872406
0.5530909299850464,0.6326477527618408,0.8670562505722046,0.5190414190292358,0.5185412764549255,1.0269179344177246,2.9323655366897583,4.54984724521637,5.6154316663742065
0.5531612038612366,0.6327096223831177,0.8671146631240845,0.5190590023994446,0.5185446739196777,1.0269529819488525,2.9327458143234253,4.550158381462097,5.615807771682739
0.5531471967697144,0.6327187418937683,0.8671191930770874,0.5190566182136536,0.5185315608978271,1.0270357131958008,2.9326221346855164,4.550021290779114,5.615933537483215
0.5531601905822754,0.6327407956123352,0.867141604423523,0.5190576314926147,0.5185215473175049,1.0270978212356567,2.9326680302619934,4.550020098686218,5.616121292114258
0.553207516670227,0.6327780485153198,0.8671875,0.5190637111663818,0.5185168981552124,1.0271323919296265,2.9329296946525574,4.550199508666992,5.616384744644165
0.553196132183075,0.6327779293060303,0.867195725440979,0.5190554261207581,0.5185006260871887,1.0271992683410645,2.932843267917633,4.550065398216248,5.616472363471985
0.5532596111297607,0.6328157186508179,0.8672542572021484,0.5190601348876953,0.5184967517852783,1.0272122621536255,2.9332193732261658,4.550324082374573,5.616745352745056
0.553226113319397,0.6327958106994629,0.8672497272491455,0.5190433263778687,0.5184746980667114,1.0272834300994873,2.933012545108795,4.550069570541382,5.616741180419922
0.5532194375991821,0.6327880620956421,0.8672628402709961,0.5190292596817017,0.5184550881385803,1.0273330211639404,2.932973802089691,4.549948573112488,5.6167930364608765
0.5533576011657715,0.6328555345535278,0.8673728704452515,0.5190421938896179,0.5184612274169922,1.0272811651229858,2.9338282346725464,4.55059289932251,5.617215037345886
0.5532426238059998,0.6327822804450989,0.8673166036605835,0.5190048813819885,0.5184231400489807,1.0273940563201904,2.9331398010253906,4.549904465675354,5.616958737373352
0.5532317161560059,0.6327646970748901,0.8673280477523804,0.5189853310585022,0.5184004306793213,1.0274345874786377,2.933090031147003,4.54975426197052,5.616964101791382
0.5534207820892334,0.632850706577301,0.8674737215042114,0.519003689289093,0.5184142589569092,1.0273350477218628,2.934274971485138,4.550666809082031,5.6174808740615845
0.5532692074775696,0.6327527761459351,0.8673949241638184,0.5189580917358398,0.5183714628219604,1.0274639129638672,2.933371365070343,4.5497941970825195,5.617108345031738
0.5532481670379639,0.6327232122421265,0.8674014806747437,0.5189344882965088,0.518347978591919,1.0275002717971802,2.9332733154296875,4.549596905708313,5.61706006526947
0.5534722805023193,0.6328193545341492,0.8675724267959595,0.518956184387207,0.5183682441711426,1.0273640155792236,2.934688627719879,4.550698399543762,5.617634057998657
0.5533176064491272,0.6327166557312012,0.8674929141998291,0.5189100503921509,0.5183274745941162,1.027488350868225,2.933773398399353,4.549819827079773,5.617240071296692
0.5533033609390259,0.632684588432312,0.867505669593811,0.5188863277435303,0.5183069109916687,1.0275100469589233,2.9337289929389954,4.5496684312820435,5.617186427116394
0.5534669160842896,0.6327415704727173,0.8676382303237915,0.5188940167427063,0.5183173418045044,1.027403473854065,2.9347869753837585,4.550455808639526,5.617572665214539
0.5533277988433838,0.6326432228088379,0.8675693273544312,0.5188488364219666,0.5182788968086243,1.0275094509124756,2.9339751601219177,4.549660086631775,5.617199540138245
0.5533286333084106,0.632612943649292,0.8675931692123413,0.5188248753547668,0.5182600617408752,1.027510404586792,2.934035360813141,4.549587368965149,5.617154836654663
0.5534693002700806,0.6326501369476318,0.8677115440368652,0.5188244581222534,0.5182651877403259,1.0274077653884888,2.9349660873413086,4.550251364707947,5.6174468994140625
0.5533447265625,0.6325538158416748,0.8676527738571167,0.5187787413597107,0.518227756023407,1.027493953704834,2.93425589799881,4.5495301485061646,5.617083311080933
0.5533424615859985,0.6325139403343201,0.8676755428314209,0.5187500715255737,0.518206775188446,1.0274848937988281,2.9343119263648987,4.549437761306763,5.616993308067322
0.5534746050834656,0.6325374841690063,0.867789626121521,0.518743097782135,0.5182080268859863,1.0273741483688354,2.9352086782455444,4.550052881240845,5.617220997810364
0.5533496737480164,0.6324350833892822,0.867730975151062,0.5186938047409058,0.5181688666343689,1.0274503231048584,2.934507429599762,4.549325108528137,5.616825222969055
0.5533440113067627,0.6323850154876709,0.8677525520324707,0.5186596512794495,0.5181448459625244,1.027430534362793,2.9345592856407166,4.549208879470825,5.6166863441467285
0.5534945130348206,0.6324057579040527,0.8678802251815796,0.5186492800712585,0.5181457996368408,1.0272892713546753,2.935592234134674,4.549911618232727,5.61690628528595
0.5533751249313354,0.6322977542877197,0.8678264617919922,0.5185965895652771,0.5181055068969727,1.0273486375808716,2.934941053390503,4.549209475517273,5.616484880447388
0.5533548593521118,0.6322305202484131,0.8678394556045532,0.5185549259185791,0.5180770754814148,1.0273244380950928,2.9349207878112793,4.549013376235962,5.616266131401062
0.5534489750862122,0.6322140693664551,0.86793053150177,0.5185303092002869,0.5180670022964478,1.0272092819213867,2.935621440410614,4.549417495727539,5.6163036823272705
0.5534005165100098,0.6321320533752441,0.8679252862930298,0.5184852480888367,0.518036961555481,1.0272026062011719,2.935427725315094,4.54908549785614,5.616013407707214
0.55329829454422,0.6320208311080933,0.8678834438323975,0.5184287428855896,0.5179962515830994,1.027229905128479,2.9349058866500854,4.548465609550476,5.6155747175216675
0.5534409284591675,0.6320137977600098,0.8680088520050049,0.5184048414230347,0.5179905295372009,1.0270581245422363,2.9359352588653564,4.549116492271423,5.615665316581726
0.5534113645553589,0.6319302916526794,0.8680175542831421,0.5183576941490173,0.5179615616798401,1.0270212888717651,2.9358789324760437,4.548880457878113,5.615372061729431
0.5532779097557068,0.63179612159729,0.8679555654525757,0.5182924866676331,0.5179147124290466,1.027058482170105,2.935177981853485,4.548097252845764,5.614820718765259
0.5533890724182129,0.6317633986473083,0.8680607080459595,0.5182583928108215,0.5179023742675781,1.0268933773040771,2.936030328273773,4.54858124256134,5.614786744117737
0.5533652901649475,0.6316742897033691,0.8680739402770996,0.5182082653045654,0.5178732872009277,1.0268374681472778,2.9360267519950867,4.548375606536865,5.6144654750823975
0.5532290935516357,0.631533682346344,0.8680099248886108,0.5181408524513245,0.5178263783454895,1.0268659591674805,2.935318946838379,4.547581076622009,5.613879561424255
0.5533636212348938,0.6315025687217712,0.8681318759918213,0.5181067585945129,0.5178174376487732,1.0266677141189575,2.9363343119621277,4.5481908321380615,5.613856911659241
0.5533380508422852,0.6314080953598022,0.8681437969207764,0.518055260181427,0.5177891254425049,1.026603102684021,2.936328649520874,4.547982811927795,5.613508224487305
0.5531954765319824,0.6312620043754578,0.8680751323699951,0.5179866552352905,0.5177427530288696,1.026628851890564,2.9355859756469727,4.547163248062134,5.612891316413879
0.553321361541748,0.6312209367752075,0.8681912422180176,0.5179492235183716,0.5177329182624817,1.0264252424240112,2.936559021472931,4.5477330684661865,5.612818002700806
0.5532935261726379,0.6311222314834595,0.8682011365890503,0.5178967118263245,0.5177053213119507,1.0263540744781494,2.9365453124046326,4.547519087791443,5.612444281578064
0.5531481504440308,0.6309738159179688,0.8681296110153198,0.5178281664848328,0.5176601409912109,1.0263762474060059,2.9357877373695374,4.546692371368408,5.611809492111206
0.553274393081665,0.6309279203414917,0.8682458400726318,0.5177893042564392,0.5176509618759155,1.026161551475525,2.9367730021476746,4.547268748283386,5.611710548400879
0.5532438158988953,0.6308255195617676,0.8682528734207153,0.5177357792854309,0.5176235437393188,1.0260852575302124,2.9367464780807495,4.5470452308654785,5.611312389373779
0.553093671798706,0.6306735873222351,0.868177056312561,0.5176663398742676,0.5175782442092896,1.0261051654815674,2.9359617829322815,4.54619824886322,5.6106531620025635
0.5532183051109314,0.6306211948394775,0.8682916164398193,0.5176246762275696,0.5175681710243225,1.025880217552185,2.9369476437568665,4.54676628112793,5.610517263412476
0.5531847476959229,0.6305147409439087,0.8682956695556641,0.5175697207450867,0.517540454864502,1.0257984399795532,2.9369086027145386,4.546529650688171,5.610092878341675
0.5530318021774292,0.6303607821464539,0.8682165145874023,0.5174999237060547,0.5174953937530518,1.0258151292800903,2.936108410358429,4.5456719398498535,5.609415769577026
0.553155243396759,0.630302906036377,0.8683295249938965,0.5174561142921448,0.5174847841262817,1.025580883026123,2.9370954632759094,4.546235799789429,5.609250068664551
0.5531193017959595,0.6301929950714111,0.868330717086792,0.5173999667167664,0.5174567699432373,1.0254937410354614,2.937045991420746,4.545989036560059,5.608801245689392
0.5529637932777405,0.6300365924835205,0.8682483434677124,0.5173293948173523,0.517411470413208,1.0255067348480225,2.936232089996338,4.545120000839233,5.608103275299072
0.553085446357727,0.6299724578857422,0.8683595657348633,0.517283022403717,0.5173998475074768,1.0252625942230225,2.9372182488441467,4.545674920082092,5.607903003692627
0.5530472993850708,0.629859447479248,0.8683578968048096,0.5172259211540222,0.517371654510498,1.0251704454421997,2.9371586441993713,4.545418620109558,5.607432126998901
0.5528911352157593,0.6297032237052917,0.8682733774185181,0.5171560645103455,0.5173274874687195,1.0251801013946533,2.936340868473053,4.544551968574524,5.606726408004761
0.5530093908309937,0.6296350955963135,0.8683812618255615,0.5171087980270386,0.5173162817955017,1.0249310731887817,2.937310039997101,4.545094966888428,5.606499910354614
0.5529701709747314,0.6295230388641357,0.8683772087097168,0.5170533657073975,0.5172901153564453,1.0248368978500366,2.937241494655609,4.54484224319458,5.606025457382202
0.5528159141540527,0.6293720602989197,0.8682918548583984,0.5169875621795654,0.5172497630119324,1.0248461961746216,2.936427891254425,4.5439982414245605,5.605335235595703
0.552929699420929,0.6293047070503235,0.8683948516845703,0.5169427394866943,0.5172414183616638,1.0245991945266724,2.9373642802238464,4.5445317029953,5.605104565620422
0.552889347076416,0.6291964054107666,0.8683878183364868,0.5168908834457397,0.5172184705734253,1.0245068073272705,2.9372814297676086,4.544285535812378,5.604637265205383
0.5527397394180298,0.6290520429611206,0.8683034181594849,0.516829252243042,0.5171816945075989,1.024513840675354,2.93648898601532,4.543477296829224,5.603970289230347
0.5528469085693359,0.6289835572242737,0.8684000968933105,0.5167856216430664,0.5171745419502258,1.0242702960968018,2.937380373477936,4.543984532356262,5.603724718093872
0.5528044700622559,0.6288785934448242,0.8683894872665405,0.5167365074157715,0.5171538591384888,1.0241807699203491,2.9372772574424744,4.54373836517334,5.6032633781433105
0.5526702404022217,0.6287457942962646,0.8683133125305176,0.516680896282196,0.5171226859092712,1.0241779088974,2.936573028564453,4.543021321296692,5.602644681930542
0.552760124206543,0.6286771297454834,0.8683953285217285,0.5166400671005249,0.517116904258728,1.0239535570144653,2.9373419284820557,4.543452858924866,5.602384805679321
0.5527058839797974,0.6285727024078369,0.868374228477478,0.5165931582450867,0.5170972347259521,1.023876667022705,2.937154769897461,4.543154835700989,5.6019145250320435
0.5526275634765625,0.6284602880477905,0.8683352470397949,0.5165439248085022,0.5170740485191345,1.0238211154937744,2.9368096590042114,4.542730450630188,5.601396560668945
0.552659273147583,0.6283769011497498,0.8683741092681885,0.51650071144104,0.5170623660087585,1.023653268814087,2.9371920228004456,4.542866945266724,5.601043701171875
0.5526174306869507,0.628276526927948,0.8683598041534424,0.5164549350738525,0.5170440673828125,1.0235621929168701,2.93708473443985,4.542632102966309,5.600588321685791
