time,in1,in2,in3,in1_obs,in2_obs,in3_obs,in1_e_1st,in2_e_1st,in3_e_1st,out1,out2,out3,out1_obs,out2_obs,out3_obs,out1_e_1st,out2_e_1st,out3_e_1st
0.01,0.0,0.0,-0.21570782218246873,0.0,0.0,0.0,0.0,0.0,0.0,-0.23819327414803437,-0.24314019211446847,0.3376059605513364,0.0,0.0,0.0,0.0,0.0,0.0
0.02,0.0,0.0,-0.21357929237540668,0.0,0.0,0.0,0.0,0.0,0.0,2.029155545540413,-0.21808415880859472,10.750225992218322,0.7238730066911566,-0.7384773845873662,0.8996529509124671,0.0,0.0,0.0
0.03,0.0,0.0,-0.21953995071330318,0.0,0.0,0.0,0.0,0.0,0.0,2.718514775012636,0.09183717606727049,9.114626080907446,0.8259577827741049,0.5438312190045768,3.2702994825671547,0.0,0.0,0.0
0.04,0.0,0.0,-0.23652208769000602,0.0,0.0,0.0,0.0,0.0,0.0,3.491841202374692,0.6687310731490426,8.371729711735476,0.9685930726549253,0.3700638132926471,3.4667100426984274,0.0,0.0,0.0
0.05,0.0,0.0,-0.2637329054000175,0.0,0.0,0.0,0.0,0.0,0.0,4.0646813822488035,1.5515598917306992,7.675686219660506,1.411566786392867,0.35300960830718153,4.107580358432385,0.0,0.0,0.0
0.060000000000000005,0.0,0.0,-0.2959375979437326,0.0,0.0,0.0,0.0,0.0,0.0,4.803140834141885,2.822651176831643,7.379682680564308,1.9581893546467468,0.5396567836986125,4.571954793045698,0.0,0.0,0.0
0.07,0.0,0.0,-0.3278587476228474,0.0,0.0,0.0,0.0,0.0,0.0,5.664871081847657,4.419942013015721,7.260193532078116,2.809710897589877,1.1100451389781572,5.1826737602785595,0.0,0.0,0.0
0.08,0.0,0.0,-0.35802881741948633,0.0,0.0,0.0,0.0,0.0,0.0,6.436955360053837,6.005764678437469,7.094852635254911,3.8549440864465523,2.209225306671579,5.781004307649927,0.0,0.0,0.0
0.09,0.0,0.0,-0.38665287420229966,0.0,0.0,0.0,0.0,0.0,0.0,7.249046648082405,7.362466820547603,6.9930547987269165,4.805169919215668,3.5771814265178126,6.191605808393928,0.0,0.0,0.0
0.09999999999999999,0.0,0.0,-0.39895294479367305,0.0,0.0,0.0,0.0,0.0,0.0,7.977986243506898,8.309890284239664,7.0872140061607425,5.675060915343813,4.891643450647448,6.484056743002584,0.0,0.0,0.0
0.10999999999999999,0.0,0.0,-0.3793206542409817,0.0,0.0,0.0,0.0,0.0,0.0,8.117642971797299,8.50879658179322,7.304847198883516,6.426096100997917,5.933119548035658,6.70618446866568,0.0,0.0,0.0
0.11999999999999998,0.0,0.0,-0.34521092979046153,0.0,0.0,0.0,0.0,0.0,0.0,7.477060668688527,7.85574218218439,7.287451996659241,6.779619471585249,6.460035964716235,6.841158529216492,0.0,0.0,0.0
0.12999999999999998,0.0,0.0,-0.3134478924906895,0.0,0.0,0.0,0.0,0.0,0.0,6.658487564634413,7.014158713525649,7.101688980881498,6.5934408228569215,6.376089820317227,6.7847356721709025,0.0,0.0,0.0
0.13999999999999999,0.0,0.0,-0.2865831123119911,0.0,0.0,0.0,0.0,0.0,0.0,5.991444908257961,6.3387148591924785,6.9110390503709045,6.207254817693695,6.065003020592645,6.637323591132442,0.0,0.0,0.0
0.15,0.0,0.0,-0.26303420571664393,0.0,0.0,0.0,0.0,0.0,0.0,5.464473746705043,5.814301033298257,6.745710218172764,5.83766934189873,5.764257778732489,6.5016308343691085,0.0,0.0,0.0
0.16,0.0,0.0,-0.24128450763983827,0.0,0.0,0.0,0.0,0.0,0.0,5.026335396681906,5.384827954932748,6.605202263929414,5.502915889088917,5.493888318654514,6.387521558624129,0.0,0.0,0.0
0.17,0.0,0.0,-0.2205716629701054,0.0,0.0,0.0,0.0,0.0,0.0,4.6401465624720455,5.010492184978277,6.480689835111114,5.189287720129589,5.239566810661435,6.2884027798817455,0.0,0.0,0.0
0.18000000000000002,0.0,0.0,-0.2006135976124104,0.0,0.0,0.0,0.0,0.0,0.0,4.289293301339427,4.672754357589914,6.366493772145615,4.884549354925223,4.988987155798187,6.196498104365568,0.0,0.0,0.0
0.19000000000000003,0.0,0.0,-0.18133776965116236,0.0,0.0,0.0,0.0,0.0,0.0,3.9669761559077816,4.364503414980932,6.2593623135269265,4.585408569490105,4.738899743320255,6.10821798710956,0.0,0.0,0.0
0.20000000000000004,0.0,0.0,-0.16278587331489042,0.0,0.0,0.0,0.0,0.0,0.0,3.670147771268608,4.084659191830651,6.156923791317626,4.293171318154889,4.490971992956402,6.022408064225733,0.0,0.0,0.0
0.21000000000000005,0.0,0.0,-0.14504000683481838,0.0,0.0,0.0,0.0,0.0,0.0,3.3973846881908187,3.8349938022967365,6.058191803846054,4.010735881619625,4.249189784042234,5.93885739793238,0.0,0.0,0.0
0.22000000000000006,0.0,0.0,-0.12810251064851655,0.0,0.0,0.0,0.0,0.0,0.0,3.1475095487156253,3.615629841626582,5.96414081772886,3.7413872377128135,4.018816422069576,5.8579683809388285,0.0,0.0,0.0
0.23000000000000007,0.0,0.0,-0.11185798935479173,0.0,0.0,0.0,0.0,0.0,0.0,2.9180939148305214,3.4225402490822763,5.875875657186018,3.4876681150412656,3.804174291152402,5.780589888870651,0.0,0.0,0.0
0.24000000000000007,0.0,0.0,-0.0961327018488174,0.0,0.0,0.0,0.0,0.0,0.0,2.7055306088857485,3.24905269411369,5.792874410350056,3.2501918196892694,3.606432259221889,5.707086986133951,0.0,0.0,0.0
0.25000000000000006,0.0,0.0,-0.08074861433903321,0.0,0.0,0.0,0.0,0.0,0.0,2.507969523265329,3.0903810253801263,5.715795572984044,3.027721987435829,3.42385428392848,5.636706756171099,0.0,0.0,0.0
0.26000000000000006,0.0,0.0,-0.06555698628676798,0.0,0.0,0.0,0.0,0.0,0.0,2.3224855163429368,2.9413045336994292,5.642296198391188,2.819767413461289,3.255018850104745,5.569736206015751,0.0,0.0,0.0
0.2700000000000001,0.0,0.0,-0.0504511274598389,0.0,0.0,0.0,0.0,0.0,0.0,2.148255870001381,2.7999062116952738,5.571772302953352,2.62446720489131,3.0969719141154575,5.504738406435506,0.0,0.0,0.0
0.2800000000000001,0.0,0.0,-0.035355207332451136,0.0,0.0,0.0,0.0,0.0,0.0,1.9846893005999977,2.665358622143975,5.503573336225739,2.4413454674069324,2.9485030452864565,5.441620279997716,0.0,0.0,0.0
0.2900000000000001,0.0,0.0,-0.020208865822867822,0.0,0.0,0.0,0.0,0.0,0.0,1.8313682983817463,2.5374773730106126,5.437398442818264,2.269970685136751,2.808818563428555,5.380302369199363,0.0,0.0,0.0
0.3000000000000001,0.0,0.0,-0.004956156316106464,0.0,0.0,0.0,0.0,0.0,0.0,1.687825889204352,2.4161391043319487,5.373074461079119,2.109956631598194,2.6774803941499026,5.320882898607387,0.0,0.0,0.0
0.3100000000000001,0.0,0.0,0.010458954864196027,0.0,0.0,0.0,0.0,0.0,0.0,1.5535349680507702,2.3010972647321717,5.310485587071268,1.9608009910274753,2.554093819087027,5.2634594999842355,0.0,0.0,0.0
0.3200000000000001,0.0,0.0,0.02609112693644515,0.0,0.0,0.0,0.0,0.0,0.0,1.4276749289704642,2.19160965575614,5.248713668017068,1.8218907798883721,2.438204874803386,5.2080916130751325,0.0,0.0,0.0
0.3300000000000001,0.0,0.0,0.04199305604928738,0.0,0.0,0.0,0.0,0.0,0.0,1.310219095701338,2.0878665679733683,5.188988671607556,1.692317216601301,2.3289729744972365,5.154207637806693,0.0,0.0,0.0
0.34000000000000014,0.0,0.0,0.05821317071982596,0.0,0.0,0.0,0.0,0.0,0.0,1.200376740325824,1.9889727240216373,5.130473870768986,1.571791058877525,2.2263627516262345,5.102710354120531,0.0,0.0,0.0
0.35000000000000014,0.0,0.0,0.07479028040018924,0.0,0.0,0.0,0.0,0.0,0.0,1.097736860563089,1.894467040963395,5.073258028500751,1.4594185599334317,2.1294789419459845,5.053044104361143,0.0,0.0,0.0
0.36000000000000015,0.0,0.0,0.09175044640016805,0.0,0.0,0.0,0.0,0.0,0.0,1.0018717501894627,1.8038096309319607,5.017232766524993,1.3545930900739511,2.03776817902561,5.005274339511511,0.0,0.0,0.0
0.37000000000000016,0.0,0.0,0.10910384380822094,0.0,0.0,0.0,0.0,0.0,0.0,0.9124150272589566,1.7165014505433747,4.96235757325815,1.2567042651734937,1.9506140644934353,4.959319907826419,0.0,0.0,0.0
0.38000000000000017,0.0,0.0,0.1268414802649959,0.0,0.0,0.0,0.0,0.0,0.0,0.829046340687997,1.6320683552857889,4.9085961387560735,1.1652011476825292,1.8674310446516105,4.915136256196819,0.0,0.0,0.0
0.3900000000000002,0.0,0.0,0.14493228898977795,0.0,0.0,0.0,0.0,0.0,0.0,0.7514826989839976,1.5500725805623292,4.855935128783912,1.079582725007272,1.7876512848430515,4.872670750069487,0.0,0.0,0.0
0.4000000000000002,0.0,0.0,0.16332093688950086,0.0,0.0,0.0,0.0,0.0,0.0,0.679422240271437,1.4701167867962541,4.804380518368686,0.9993985269588234,1.7107338350149663,4.831873427586717,0.0,0.0,0.0
0.4100000000000002,0.0,0.0,0.18192776740088148,0.0,0.0,0.0,0.0,0.0,0.0,0.6124849624423435,1.3918490913893604,4.753947927836889,0.9242317555567059,1.6361685163982131,4.79269231892985,0.0,0.0,0.0
0.4200000000000002,0.0,0.0,0.2006608166967608,0.0,0.0,0.0,0.0,0.0,0.0,0.5503776437869791,1.31485043169187,4.704665884222528,0.8536707154535559,1.5634816928894484,4.7550687812082355,0.0,0.0,0.0
0.4300000000000002,0.0,0.0,0.21939488747791028,0.0,0.0,0.0,0.0,0.0,0.0,0.49300117806198507,1.2389007577686353,4.65656990398192,0.7873347227244478,1.4922128116246822,4.718937329532321,0.0,0.0,0.0
0.4400000000000002,0.0,0.0,0.23797932252812837,0.0,0.0,0.0,0.0,0.0,0.0,0.4403158154881689,1.1639401279155646,4.609744238013273,0.7249484385720356,1.4219437265362742,4.684222132434283,0.0,0.0,0.0
0.45000000000000023,0.0,0.0,0.25626347731255894,0.0,0.0,0.0,0.0,0.0,0.0,0.39228058507287666,1.0898376294902454,4.564276425959454,0.6663090546282617,1.352416892121357,4.650844975123132,0.0,0.0,0.0
0.46000000000000024,0.0,0.0,0.2740885484364034,0.0,0.0,0.0,0.0,0.0,0.0,0.3488595862840572,1.0166022881719727,4.520267533225263,0.6112598566773552,1.2833794453116671,4.618703170349058,0.0,0.0,0.0
0.47000000000000025,0.0,0.0,0.29130678998553783,0.0,0.0,0.0,0.0,0.0,0.0,0.3100301473259234,0.9442345126255822,4.477809837814433,0.5596880417722401,1.2146768027304915,4.587680638571889,0.0,0.0,0.0
0.48000000000000026,0.0,0.0,0.3077795191952972,0.0,0.0,0.0,0.0,0.0,0.0,0.27577493155014743,0.8728722266034934,4.436993753895859,0.5115240220501025,1.1462413905526132,4.557648512378236,0.0,0.0,0.0
0.49000000000000027,0.0,0.0,0.3233815318298228,0.0,0.0,0.0,0.0,0.0,0.0,0.24606215114497942,0.8029012934258373,4.397923219005849,0.4667377806039716,1.0780732975801954,4.528463824854334,0.0,0.0,0.0
0.5000000000000002,0.0,0.0,0.33802042055762516,0.0,0.0,0.0,0.0,0.0,0.0,0.22084507558014876,0.7347817372596033,4.360634635720246,0.4253277027009748,1.0103652569149895,4.499988929697131,0.0,0.0,0.0
0.5100000000000002,0.0,0.0,0.35174098440350565,0.0,0.0,0.0,0.0,0.0,0.0,0.19821257289567695,0.6690491354415653,4.324557507058761,0.3873173946742827,0.9434216735645954,4.472052368461602,0.0,0.0,0.0
0.5200000000000002,0.0,0.0,0.36469125668632774,0.0,0.0,0.0,0.0,0.0,0.0,0.1757290708576389,0.6060423242959132,4.289432070671372,0.35239138499624856,0.8776510625293392,4.444341148146598,0.0,0.0,0.0
0.5300000000000002,0.0,0.0,0.3769576917043761,0.0,0.0,0.0,0.0,0.0,0.0,0.15302679267581798,0.5459761318393306,4.25580464819366,0.3195424540100087,0.8133697112482114,4.416715607983833,0.0,0.0,0.0
0.5400000000000003,0.0,0.0,0.3885949062021886,0.0,0.0,0.0,0.0,0.0,0.0,0.13070553452269573,0.48934415889978755,4.223761574363698,0.2882570166329361,0.7508302989722931,4.389430161839497,0.0,0.0,0.0
0.5500000000000003,0.0,0.0,0.3996681027479593,0.0,0.0,0.0,0.0,0.0,0.0,0.10931719913128513,0.4354891225592712,4.192858395016673,0.25846279595165733,0.6904825905295799,4.36237033149693,0.0,0.0,0.0
0.5600000000000003,0.0,0.0,0.41020990470703533,0.0,0.0,0.0,0.0,0.0,0.0,0.08926565511784457,0.3851789505455576,4.163471139258213,0.23018536781529417,0.6325214780894012,4.335390224243132,0.0,0.0,0.0
0.5700000000000003,0.0,0.0,0.42026995918343835,0.0,0.0,0.0,0.0,0.0,0.0,0.07106263546832547,0.3405015154778792,4.135750874020426,0.20347406385451425,0.5770470581444811,4.3084011225408165,0.0,0.0,0.0
0.5800000000000003,0.0,0.0,0.4299214838334872,0.0,0.0,0.0,0.0,0.0,0.0,0.05510380136128834,0.30179148757535135,4.108778532204422,0.17853695690268323,0.5252609212668958,4.281359777263938,0.0,0.0,0.0
0.5900000000000003,0.0,0.0,0.43923056157608037,0.0,0.0,0.0,0.0,0.0,0.0,0.04129323709675958,0.26872127267844803,4.082423822370819,0.15558157982029105,0.4777221544739685,4.253777698923906,0.0,0.0,0.0
0.6000000000000003,0.0,0.0,0.4482529159938625,0.0,0.0,0.0,0.0,0.0,0.0,0.029520054941293505,0.24094707129605375,4.0564554660588374,0.1345945975059578,0.4345252904733592,4.225781894061405,0.0,0.0,0.0
0.6100000000000003,0.0,0.0,0.45703559177805997,0.0,0.0,0.0,0.0,0.0,0.0,0.019605508384507697,0.21802799610764012,4.0307115163321665,0.11554428209232406,0.39567103430037753,4.1974233732095785,0.0,0.0,0.0
0.6200000000000003,0.0,0.0,0.4656183918355887,0.0,0.0,0.0,0.0,0.0,0.0,0.011342125491468291,0.19948094893238189,4.005058677558097,0.09835422905558816,0.3610382330975422,4.168788609873215,0.0,0.0,0.0
0.6300000000000003,0.0,0.0,0.47403515874421465,0.0,0.0,0.0,0.0,0.0,0.0,0.004505607902636655,0.18480075909436344,3.9793971231352723,0.08292097571611626,0.3304289364086095,4.139960243825591,0.0,0.0,0.0
0.6400000000000003,0.0,0.0,0.4824401759316759,0.0,0.0,0.0,0.0,0.0,0.0,-0.0021891233152193657,0.17317753657826973,3.9536129156606745,0.06912084637108099,0.3035919618763459,4.111016199569632,0.0,0.0,0.0
0.6500000000000004,0.0,0.0,0.49080243041157867,0.0,0.0,0.0,0.0,0.0,0.0,-0.008671136876890806,0.1639712432797964,3.9282117520708453,0.05658491915607194,0.2800731786079084,4.082230494341586,0.0,0.0,0.0
0.6600000000000004,0.0,0.0,0.4989491915286779,0.0,0.0,0.0,0.0,0.0,0.0,-0.013024781017891396,0.15781962537687644,3.902111235691722,0.044952439072653644,0.259459602944329,4.053774853882436,0.0,0.0,0.0
0.6700000000000004,0.0,0.0,0.5069115090182447,0.0,0.0,0.0,0.0,0.0,0.0,-0.016044153773161263,0.15361964019540064,3.875889778814577,0.03484409686413781,0.24209627322575114,4.02481051765662,0.0,0.0,0.0
0.6800000000000004,0.0,0.0,0.514727626110387,0.0,0.0,0.0,0.0,0.0,0.0,-0.018086456071142898,0.151108348293846,3.8495194023792387,0.026002341646084854,0.22734562893875318,3.9958665011311028,0.0,0.0,0.0
0.6900000000000004,0.0,0.0,0.5224246737261038,0.0,0.0,0.0,0.0,0.0,0.0,-0.01943679718574165,0.14982970133232953,3.8228263624599492,0.018306172401787682,0.21497103070465348,3.966994811837925,0.0,0.0,0.0
0.7000000000000004,0.0,0.0,0.5298566347365634,0.0,0.0,0.0,0.0,0.0,0.0,-0.019557071096365508,0.14918455577252665,3.7963734985219015,-0.0206363694161608,0.20468060357108708,3.938152115296746,0.0,0.0,0.0
0.7100000000000004,0.0,0.0,0.5370766150329966,0.0,0.0,0.0,0.0,0.0,0.0,-0.01862985784156823,0.14908182523548064,3.7693576950108225,-0.022087885455945717,0.19609972711884105,3.9095532820112844,0.0,0.0,0.0
0.7200000000000004,0.0,0.0,0.5443032797835687,0.0,0.0,0.0,0.0,0.0,0.0,-0.01818911350928687,0.1486784647913737,3.7413088252281597,-0.022906318595109113,0.18910985287669768,3.880928393045614,0.0,0.0,0.0
0.7300000000000004,0.0,0.0,0.5515206654569781,0.0,0.0,0.0,0.0,0.0,0.0,-0.01884300186628307,0.14679117820884002,3.7131320662734844,-0.023553015263266197,0.18321755905590179,3.852108285438209,0.0,0.0,0.0
0.7400000000000004,0.0,0.0,0.5586985736652743,0.0,0.0,0.0,0.0,0.0,0.0,-0.020436409198454353,0.14325941140890563,3.684729587811695,-0.024394439753166512,0.17769345636768685,3.823708097281695,0.0,0.0,0.0
0.7500000000000004,0.0,0.0,0.565800181830045,0.0,0.0,0.0,0.0,0.0,0.0,-0.02289105597695018,0.13784695284758897,3.656198119334731,-0.025494361593037744,0.17226185711637398,3.7955637478862436,0.0,0.0,0.0
0.7600000000000005,0.0,0.0,0.5727833551269739,0.0,0.0,0.0,0.0,0.0,0.0,-0.026055257684500788,0.13045135013437115,3.627588449285451,-0.026930814027962373,0.16661549609596474,3.7676582575072577,0.0,0.0,0.0
0.7700000000000005,0.0,0.0,0.5796033863377252,0.0,0.0,0.0,0.0,0.0,0.0,-0.029752182251407522,0.12105456134848147,3.5989551216842903,-0.028733889188687127,0.16051496746232513,3.7399391717228774,0.0,0.0,0.0
0.7800000000000005,0.0,0.0,0.5862161053066397,0.0,0.0,0.0,0.0,0.0,0.0,-0.033787264472632916,0.1097198806922739,3.570335314777724,-0.030901359111428037,0.15377230070298145,3.712360207740513,0.0,0.0,0.0
0.7900000000000005,0.0,0.0,0.5925806058102462,0.0,0.0,0.0,0.0,0.0,0.0,-0.037969175957231815,0.0965646793230821,3.5417507859336856,-0.03339957454428655,0.14625575823762377,3.6848704764760183,0.0,0.0,0.0
0.8000000000000005,0.0,0.0,0.5986610591115042,0.0,0.0,0.0,0.0,0.0,0.0,-0.042123862192883,0.08173684452247798,3.5132094618091214,-0.03617204598446779,0.1378820158150577,3.6574202123254405,0.0,0.0,0.0
0.8100000000000005,0.0,0.0,0.6044277203583082,0.0,0.0,0.0,0.0,0.0,0.0,-0.04610359496664751,0.06539540239652641,3.4847088258074663,-0.03914751330777374,0.12860745101745646,3.6299639378279442,0.0,0.0,0.0
0.8200000000000005,0.0,0.0,0.60985737127325,0.0,0.0,0.0,0.0,0.0,0.0,-0.04979141320412639,0.047696976643677225,3.45623893452595,-0.042247399688206386,0.11841904409329788,3.602463035184234,0.0,0.0,0.0
0.8300000000000005,0.0,0.0,0.6149333749143443,0.0,0.0,0.0,0.0,0.0,0.0,-0.053102469546600695,0.028787168174122968,3.4277851972651634,-0.04539199154931778,0.10732628429099195,3.574886727179516,0.0,0.0,0.0
0.8400000000000005,0.0,0.0,0.6196454406564219,0.0,0.0,0.0,0.0,0.0,0.0,-0.05598307298957517,0.008796069437821963,3.39933079021886,-0.04850541473114052,0.09535433002764135,3.5472121146345166,0.0,0.0,0.0
0.8500000000000005,0.0,0.0,0.6239891664565762,0.0,0.0,0.0,0.0,0.0,0.0,-0.05840802157027536,-0.01216299597215631,3.370858619043933,-0.05151939124262065,0.08253862268052228,3.5194235722396443,0.0,0.0,0.0
0.8600000000000005,0.0,0.0,0.6279669242922981,0.0,0.0,0.0,0.0,0.0,0.0,-0.06037941204761177,-0.033964966860357215,3.342375011661025,-0.05437579998656244,0.06892097000091528,3.4915117471445565,0.0,0.0,0.0
0.8700000000000006,0.0,0.0,0.6315833102370191,0.0,0.0,0.0,0.0,0.0,0.0,-0.061898110017395425,-0.05652915885453602,3.3138205403326553,-0.0570285306409561,0.054551195840624706,3.4634783730406564,0.0,0.0,0.0
0.8800000000000006,0.0,0.0,0.6348457494951698,0.0,0.0,0.0,0.0,0.0,0.0,-0.0630165749470013,-0.07984246218000202,3.2851792795214987,-0.05943537703606207,0.03948983059833771,3.435306799701401,0.0,0.0,0.0
0.8900000000000006,0.0,0.0,0.6377672055025493,0.0,0.0,0.0,0.0,0.0,0.0,-0.06380470020266094,-0.10384034772672113,3.25649770715094,-0.06158088198601623,0.02376236688892252,3.4069977312033397,0.0,0.0,0.0
0.9000000000000006,0.0,0.0,0.6404002895824897,0.0,0.0,0.0,0.0,0.0,0.0,-0.06472335710979626,-0.12805952593460646,3.2290167057204573,-0.06346488096109398,-0.02050601126667167,3.3785871153909426,0.0,0.0,0.0
0.9100000000000006,0.0,0.0,0.6427649468893816,0.0,0.0,0.0,0.0,0.0,0.0,-0.06444021133102096,-0.15101641774072672,3.2005673703174864,-0.06526873863862603,-0.03432300331336622,3.350699682543888,0.0,0.0,0.0
0.9200000000000006,0.0,0.0,0.6448459651814423,0.0,0.0,0.0,0.0,0.0,0.0,-0.06387785159217563,-0.17475731381756265,3.17126788510419,-0.06637225582284466,-0.04875154362909106,3.3220443688626196,0.0,0.0,0.0
0.9300000000000006,0.0,0.0,0.6466623027528008,0.0,0.0,0.0,0.0,0.0,0.0,-0.06375448771015213,-0.19984822710338523,3.142184925288433,-0.06712266011463713,-0.0643862328618451,3.2929501238596255,0.0,0.0,0.0
0.9400000000000006,0.0,0.0,0.6482207817425576,0.0,0.0,0.0,0.0,0.0,0.0,-0.06376340643527323,-0.22567381407123754,3.113154883131755,-0.0678578283427751,-0.08155571667764121,3.264108914507125,0.0,0.0,0.0
0.9500000000000006,0.0,0.0,0.6495325125933887,0.0,0.0,0.0,0.0,0.0,0.0,-0.0638016920148643,-0.251946396916785,3.0841293473404896,-0.06848780585420568,-0.100052873952442,3.2353000634284026,0.0,0.0,0.0
0.9600000000000006,0.0,0.0,0.6506155048094058,0.0,0.0,0.0,0.0,0.0,0.0,-0.06384444722887528,-0.2784495082544316,3.0551192726640233,-0.06898617813185602,-0.1197497323728046,3.206442010747529,0.0,0.0,0.0
0.9700000000000006,0.0,0.0,0.6514900245603442,0.0,0.0,0.0,0.0,0.0,0.0,-0.0638729818801882,-0.3049929422335289,3.0260985810531658,-0.0693503394114093,-0.14052094214798036,3.1775182862776368,0.0,0.0,0.0
0.9800000000000006,0.0,0.0,0.6521773903945891,0.0,0.0,0.0,0.0,0.0,0.0,-0.06390189493514109,-0.3314444449366656,2.9970524868372754,-0.06957616569522913,-0.16222556592346077,3.148501157837146,0.0,0.0,0.0
0.9900000000000007,0.0,0.0,0.6526985403052146,0.0,0.0,0.0,0.0,0.0,0.0,-0.06396110607092531,-0.3577087908030476,2.9679681252901053,-0.0696726776587892,-0.1847291324915986,3.1193826086927006,0.0,0.0,0.0
1.0000000000000007,0.0,0.0,0.6530729198166126,0.0,0.0,0.0,0.0,0.0,0.0,-0.06408913403190653,-0.3837211791110686,2.938835118088657,-0.06965704473725542,-0.2079017475313623,3.090161845107332,0.0,0.0,0.0
1.0100000000000007,0.0,0.0,0.6533176477895031,0.0,0.0,0.0,0.0,0.0,0.0,-0.06432770028523471,-0.4094424703535857,2.9096441952697827,-0.06955300652179551,-0.23162058448517442,3.0608428371167147,0.0,0.0,0.0
1.0200000000000007,0.0,0.0,0.6534469026767543,0.0,0.0,0.0,0.0,0.0,0.0,-0.0647190438261358,-0.4348574457183316,2.8803871966846053,-0.06938904382283734,-0.2557720350230642,3.031431729324142,0.0,0.0,0.0
1.0300000000000007,0.0,0.0,0.653471481983268,0.0,0.0,0.0,0.0,0.0,0.0,-0.06530397742593408,-0.4599733774076151,2.851057095886879,-0.06919723208158082,-0.2802545679457019,3.0019360479839756,0.0,0.0,0.0
1.0400000000000007,0.0,0.0,0.6533985371423615,0.0,0.0,0.0,0.0,0.0,0.0,-0.06612045619985363,-0.4848182916361852,2.821648350759582,-0.06901215767171648,-0.3049812969819867,2.972364179252613,0.0,0.0,0.0
1.0500000000000007,0.0,0.0,0.6532315004383639,0.0,0.0,0.0,0.0,0.0,0.0,-0.06720232515292324,-0.5094383027068217,2.792157344705653,-0.06886989361300816,-0.32988201659875294,2.9427251409997925,0.0,0.0,0.0
1.0600000000000007,0.0,0.0,0.6529702173780553,0.0,0.0,0.0,0.0,0.0,0.0,-0.0685781894938251,-0.5338938892037648,2.7625827881755587,-0.06880693558666674,-0.3549043445685371,2.9130283934465,0.0,0.0,0.0
1.0700000000000007,0.0,0.0,0.6526112819136414,0.0,0.0,0.0,0.0,0.0,0.0,-0.07027046151407434,-0.5582552906153264,2.73292596041882,-0.0688590932119683,-0.38001378950854703,2.8832836087110407,0.0,0.0,0.0
1.0800000000000007,0.0,0.0,0.6521485493496868,0.0,0.0,0.0,0.0,0.0,0.0,-0.07229469645801911,-0.5825974309812754,2.703190730493301,-0.06906037761736819,-0.4051927137840072,2.853500372891418,0.0,0.0,0.0
1.0900000000000007,0.0,0.0,0.6515737797537218,0.0,0.0,0.0,0.0,0.0,0.0,-0.07465931805118453,-0.6069948728455472,2.6733833498250146,-0.06944196218823345,-0.4304383202344882,2.8236878485459913,0.0,0.0,0.0
1.1000000000000008,0.0,0.0,0.6508773498639057,0.0,0.0,0.0,0.0,0.0,0.0,-0.07736578473356914,-0.6315172882404401,2.6435120521649553,-0.07003130155831389,-0.45575990879435613,2.7938544482779806,0.0,0.0,0.0
1.1100000000000008,0.0,0.0,0.6500489676753352,0.0,0.0,0.0,0.0,0.0,0.0,-0.0804091862984131,-0.6562258296674646,2.6135865222537245,-0.07085148069994401,-0.4811757146525096,2.764007572036998,0.0,0.0,0.0
1.1200000000000008,0.0,0.0,0.6490783311994981,0.0,0.0,0.0,0.0,0.0,0.0,-0.08377920965587737,-0.681170630449083,2.583617306979593,-0.07192083898833525,-0.5067096502412803,2.7341534463621464,0.0,0.0,0.0
1.1300000000000008,0.0,0.0,0.6479556876713116,0.0,0.0,0.0,0.0,0.0,0.0,-0.08746138112766566,-0.7063894988838202,2.5536152545950364,-0.0732528834393272,-0.5323882384861042,2.704297084215135,0.0,0.0,0.0
1.1400000000000008,0.0,0.0,0.6466722674123347,0.0,0.0,0.0,0.0,0.0,0.0,-0.09143845681155183,-0.7319076984209563,2.5235910424757253,-0.07485647898008956,-0.5582379603332406,2.6744423721410735,0.0,0.0,0.0
1.1500000000000008,0.0,0.0,0.6452181124031456,0.0,0.0,0.0,0.0,0.0,0.0,-0.0956907447607187,-0.7577643219866763,2.4935357289181876,-0.0767362729227543,-0.5842831437828013,2.6445922620673845,0.0,0.0,0.0
1.1600000000000008,0.0,0.0,0.643587071187912,0.0,0.0,0.0,0.0,0.0,0.0,-0.1002130367448304,-0.7839758796585166,2.4634828922813083,-0.0788931151493205,-0.6105499046855,2.6147437683426524,0.0,0.0,0.0
1.1700000000000008,0.0,0.0,0.6417770123911561,0.0,0.0,0.0,0.0,0.0,0.0,-0.10498192804859663,-0.8104999469674183,2.433459224941854,-0.08133158071235536,-0.6370730874942323,2.5849088998160354,0.0,0.0,0.0
1.1800000000000008,0.0,0.0,0.6397851991983439,0.0,0.0,0.0,0.0,0.0,0.0,-0.10996273326327266,-0.8372991893329162,2.4034469099250764,-0.08404597111060993,-0.6638504443336418,2.555096945776186,0.0,0.0,0.0
1.1900000000000008,0.0,0.0,0.6376104278209525,0.0,0.0,0.0,0.0,0.0,0.0,-0.11514701479461742,-0.8643578456211483,2.3734561332308415,-0.08702186938973355,-0.6908716055349343,2.5252906019990764,0.0,0.0,0.0
1.2000000000000008,0.0,0.0,0.6352526246464242,0.0,0.0,0.0,0.0,0.0,0.0,-0.12052572728774313,-0.8916527161243923,2.3434917999844633,-0.09025389125593433,-0.7181366088042742,2.4954961997595877,0.0,0.0,0.0
1.2100000000000009,0.0,0.0,0.6327126791660673,0.0,0.0,0.0,0.0,0.0,0.0,-0.12609332418693375,-0.9191586502804165,2.313560040711129,-0.09373532920785319,-0.7456391585939008,2.465716455436514,0.0,0.0,0.0
1.2200000000000009,0.0,0.0,0.629992257735198,0.0,0.0,0.0,0.0,0.0,0.0,-0.13184622660676748,-0.9468479851288993,2.283666416234555,-0.09746028833818413,-0.7733696778252996,2.435955545342162,0.0,0.0,0.0
1.2300000000000009,0.0,0.0,0.6270936294440135,0.0,0.0,0.0,0.0,0.0,0.0,-0.1377828801763541,-0.9746916428887591,2.2538164406985604,-0.10142337066973389,-0.8013148096757567,2.4062176606512597,0.0,0.0,0.0
1.2400000000000009,0.0,0.0,0.6240195005063016,0.0,0.0,0.0,0.0,0.0,0.0,-0.14390336993514063,-1.002659669933771,2.2240155358472684,-0.10561997486132124,-0.829458051484274,2.3765073795514704,0.0,0.0,0.0
1.2500000000000009,0.0,0.0,0.620772864833032,0.0,0.0,0.0,0.0,0.0,0.0,-0.1502091107194259,-1.0307217529152508,2.194269119172278,-0.1100463585536053,-0.8577801544027883,2.3468295726553103,0.0,0.0,0.0
1.260000000000001,0.0,0.0,0.6173568736406931,0.0,0.0,0.0,0.0,0.0,0.0,-0.15670251114106737,-1.0588475954992251,2.164582642935651,-0.114699680522594,-0.8862595877016343,2.317189407073909,0.0,0.0,0.0
1.270000000000001,0.0,0.0,0.6137747259285828,0.0,0.0,0.0,0.0,0.0,0.0,-0.16338666166301463,-1.087007207189587,2.1349616306359653,-0.11957798103844602,-0.9148729696816472,2.2875923118567063,0.0,0.0,0.0
1.280000000000001,0.0,0.0,0.6100295800557299,0.0,0.0,0.0,0.0,0.0,0.0,-0.17026505182719598,-1.1151711124294907,2.105411700511449,-0.12468012576891194,-0.9435954757575844,2.2580439464359197,0.0,0.0,0.0
1.290000000000001,0.0,0.0,0.6061244856101435,0.0,0.0,0.0,0.0,0.0,0.0,-0.1773413265585484,-1.1433104967258871,2.0759385807582884,-0.13000572093650195,-0.9724012115909195,2.2285501665446072,0.0,0.0,0.0
1.300000000000001,0.0,0.0,0.6020623339817924,0.0,0.0,0.0,0.0,0.0,0.0,-0.1846190846230309,-1.171397301804356,2.0465481174265028,-0.135555010494112,-1.0012635484882992,2.199116992390778,0.0,0.0,0.0
1.310000000000001,0.0,0.0,0.5978458255589356,0.0,0.0,0.0,0.0,0.0,0.0,-0.19210171963429978,-1.199404280537797,2.0172462768003694,-0.14132876352542995,-1.0301554186711237,2.1697505798523267,0.0,0.0,0.0
1.320000000000001,0.0,0.0,0.5934774512029303,0.0,0.0,0.0,0.0,0.0,0.0,-0.1997923014349916,-1.2273050205187959,1.9880391436215468,-0.1473281588211392,-1.0590495700921294,2.140457195447551,0.0,0.0,0.0
1.330000000000001,0.0,0.0,0.5889594855774235,0.0,0.0,0.0,0.0,0.0,0.0,-0.20769349412982496,-1.2550739437248568,1.9589329163426268,-0.15355467202463394,-1.087918781654821,2.111243195119453,0.0,0.0,0.0
1.340000000000001,0.0,0.0,0.584293989968098,0.0,0.0,0.0,0.0,0.0,0.0,-0.21580750612109556,-1.2826862884707584,1.929933900352168,-0.1600099693920114,-1.116736040720574,2.0821150065953344,0.0,0.0,0.0
1.350000000000001,0.0,0.0,0.5794828223884841,0.0,0.0,0.0,0.0,0.0,0.0,-0.22413606711063672,-1.310118078785484,1.9010484999069184,-0.16669581100077893,-1.1454746855329392,2.0530791148930385,0.0,0.0,0.0
1.360000000000001,0.0,0.0,0.5745276529906793,0.0,0.0,0.0,0.0,0.0,0.0,-0.23268042703294212,-1.3373460854427006,1.8722832093263022,-0.17361396521662764,-1.1741085157223492,2.0241420504749206,0.0,0.0,0.0
1.370000000000001,0.0,0.0,0.569429983058258,0.0,0.0,0.0,0.0,0.0,0.0,-0.24144137215573247,-1.3643477820894416,1.8436446038560461,-0.18076613538236558,-1.2026118743899026,1.9953103795455487,0.0,0.0,0.0
1.380000000000001,0.0,0.0,0.5641911661294458,0.0,0.0,0.0,0.0,0.0,0.0,-0.2504192540270802,-1.391101299236373,1.8151393304886239,-0.18815389902050597,-1.2309597054328683,1.9665906960257769,0.0,0.0,0.0
1.390000000000001,0.0,0.0,0.5588124300640477,0.0,0.0,0.0,0.0,0.0,0.0,-0.2596140274816485,-1.417585378283115,1.7867740989356065,-0.19577865932465502,-1.2591275897905398,1.9379896147932998,0.0,0.0,0.0
1.400000000000001,0.0,0.0,0.5532948987807316,0.0,0.0,0.0,0.0,0.0,0.0,-0.2690252927681076,-1.4437793280674218,1.758555673374268,-0.20364160833482198,-1.2870917641842,1.9095137658454968,0.0,0.0,0.0
1.410000000000001,0.0,0.0,0.5476396104653158,0.0,0.0,0.0,0.0,0.0,0.0,-0.27865232573089793,-1.4696629913313104,1.7304908684356934,-0.21174370062353257,-1.3148291259287916,1.881169789230575,0.0,0.0,0.0
1.420000000000001,0.0,0.0,0.5418475303196675,0.0,0.0,0.0,0.0,0.0,0.0,-0.2884940827808027,-1.4952167252135746,1.702586548875689,-0.22008563349640925,-1.3423172286785798,1.8529643313817556,0.0,0.0,0.0
1.430000000000001,0.0,0.0,0.5359195613847809,0.0,0.0,0.0,0.0,0.0,0.0,-0.2985491953488677,-1.5204213868904652,1.674849624676269,-0.22866782626542445,-1.3695342743222598,1.8249040423457632,0.0,0.0,0.0
1.440000000000001,0.0,0.0,0.5298565572007184,0.0,0.0,0.0,0.0,0.0,0.0,-0.3088159756962212,-1.5452583165936646,1.6472870392685581,-0.23749039760662324,-1.3964591015019288,1.7969955704921279,0.0,0.0,0.0
1.450000000000001,0.0,0.0,0.5236589056524251,0.0,0.0,0.0,0.0,0.0,0.0,-0.31940009346261444,-1.5698112253431846,1.6201316345548187,-0.2465531471539342,-1.4230711697755147,1.76924555431739,0.0,0.0,0.0
1.460000000000001,0.0,0.0,0.5173275955214298,0.0,0.0,0.0,0.0,0.0,0.0,-0.33003925997459094,-1.5938157809546456,1.5929116754789363,-0.25591742409894835,-1.4494342012309478,1.7418344800388594,0.0,0.0,0.0
1.470000000000001,0.0,0.0,0.5108638708391731,0.0,0.0,0.0,0.0,0.0,0.0,-0.34091705081158485,-1.6174305437120755,1.56594391450938,-0.26544607220549943,-1.4753395180283109,1.714402099529356,0.0,0.0,0.0
1.480000000000001,0.0,0.0,0.5042844374427545,0.0,0.0,0.0,0.0,0.0,0.0,-0.3496579447050534,-1.6383010993429492,1.5345920460238256,-0.2752257461397669,-1.5008934846904023,1.6871922987456744,0.0,0.0,0.0
1.490000000000001,0.0,0.0,0.49765392081728455,0.0,0.0,0.0,0.0,0.0,0.0,-0.3503454869239606,-1.6504453763640559,1.4867589630714055,-0.28392145231772464,-1.5242867727947451,1.6565636231310776,0.0,0.0,0.0
1.500000000000001,0.0,0.0,0.4909973555208603,0.0,0.0,0.0,0.0,0.0,0.0,-0.35505193637231036,-1.6648570797432645,1.4442656218775758,-0.28799002544049257,-1.5408165403149674,1.6129015773803652,0.0,0.0,0.0
1.5100000000000011,0.0,0.0,0.4842903141603116,0.0,0.0,0.0,0.0,0.0,0.0,-0.3614379663901417,-1.6796241959331608,1.401975920118486,-0.2934939749823917,-1.5585457403679182,1.572873698925677,0.0,0.0,0.0
1.5200000000000011,0.0,0.0,0.4775161248963438,0.0,0.0,0.0,0.0,0.0,0.0,-0.3703567619090222,-1.695632862631229,1.3613008460764389,-0.2994504989328134,-1.5760517955911522,1.5328854209455176,0.0,0.0,0.0
1.5300000000000011,0.0,0.0,0.47064428249992973,0.0,0.0,0.0,0.0,0.0,0.0,-0.3814489038995923,-1.7127666824689332,1.3217765700347477,-0.3064979395747439,-1.5940705665009296,1.494105085964981,0.0,0.0,0.0
1.5400000000000011,0.0,0.0,0.4636443586250323,0.0,0.0,0.0,0.0,0.0,0.0,-0.3944615595295482,-1.7309996712881683,1.2834176718591126,-0.3146835318702804,-1.612612685459717,1.4562360692124077,0.0,0.0,0.0
1.5500000000000012,0.0,0.0,0.45649084408793544,0.0,0.0,0.0,0.0,0.0,0.0,-0.409032201869024,-1.7501700957862387,1.2461499882552083,-0.3240846872276076,-1.631772463968062,1.4192880286224419,0.0,0.0,0.0
1.5600000000000012,0.0,0.0,0.44916566756943743,0.0,0.0,0.0,0.0,0.0,0.0,-0.4248288547132555,-1.77009037390382,1.2099558467865839,-0.334683137447894,-1.6515423169173695,1.3831856087923502,0.0,0.0,0.0
1.5700000000000012,0.0,0.0,0.4416601901097461,0.0,0.0,0.0,0.0,0.0,0.0,-0.4415531655255722,-1.7905332543061157,1.17478212754138,-0.34642654552004576,-1.6718822596818033,1.3478935899850364,0.0,0.0,0.0
1.5800000000000012,0.0,0.0,0.4339751894289816,0.0,0.0,0.0,0.0,0.0,0.0,-0.45897824389622643,-1.8112625150830084,1.1405638851259257,-0.3592278593567904,-1.6927039520631613,1.313358873734862,0.0,0.0,0.0
1.5900000000000012,0.0,0.0,0.42611709665330744,0.0,0.0,0.0,0.0,0.0,0.0,-0.4769389163792517,-1.8320541175928398,1.1072409975628492,-0.3729909450233684,-1.7138903871514821,1.2795305708488542,0.0,0.0,0.0
1.6000000000000012,0.0,0.0,0.41809143079389854,0.0,0.0,0.0,0.0,0.0,0.0,-0.49527850951547236,-1.8527073877638154,1.0747731056415533,-0.38762283828002553,-1.7353100302253934,1.2463676378856443,0.0,0.0,0.0
1.6100000000000012,0.0,0.0,0.409900263767495,0.0,0.0,0.0,0.0,0.0,0.0,-0.513821162628826,-1.8730472845372783,1.0431266738897307,-0.4030266700144294,-1.7568254607233866,1.2138408015650013,0.0,0.0,0.0
1.6200000000000012,0.0,0.0,0.4015445033461055,0.0,0.0,0.0,0.0,0.0,0.0,-0.5323965763665153,-1.892928224346793,1.012258895174301,-0.4190879925964798,-1.7782970829888118,1.1819248089167802,0.0,0.0,0.0
1.6300000000000012,0.0,0.0,0.3930268124608565,0.0,0.0,0.0,0.0,0.0,0.0,-0.5508705626812476,-1.9122305993970494,0.9821275858824907,-0.4356805903902738,-1.7995903217259963,1.1505922478088053,0.0,0.0,0.0
1.6400000000000012,0.0,0.0,0.3843534259704346,0.0,0.0,0.0,0.0,0.0,0.0,-0.5691571548215109,-1.9308480798873053,0.952695251315125,-0.45268061495009587,-1.820583347849484,1.119821136641525,0.0,0.0,0.0
1.6500000000000012,0.0,0.0,0.3755336053061028,0.0,0.0,0.0,0.0,0.0,0.0,-0.5872170139335573,-1.948687231685855,0.9239273011568496,-0.4699766546225406,-1.8411642128937553,1.0895966143299058,0.0,0.0,0.0
1.6600000000000013,0.0,0.0,0.36657816521845443,0.0,0.0,0.0,0.0,0.0,0.0,-0.6050513910011763,-1.9656738582885205,0.8957926338319733,-0.4874753888988445,-1.8612301297446354,1.0599090523297432,0.0,0.0,0.0
1.6700000000000013,0.0,0.0,0.3575001653919777,0.0,0.0,0.0,0.0,0.0,0.0,-0.6226917709070654,-1.9817296272360978,0.8682718574134114,-0.5051050721399495,-1.8806908954117258,1.0307535474540424,0.0,0.0,0.0
1.6800000000000013,0.0,0.0,0.3483105693365959,0.0,0.0,0.0,0.0,0.0,0.0,-0.6401901330917243,-1.9968146287955992,0.8413213642734085,-0.5228156276556674,-1.8994637622661454,1.002129633974832,0.0,0.0,0.0
1.6900000000000013,0.0,0.0,0.3390177429814156,0.0,0.0,0.0,0.0,0.0,0.0,-0.6576299645137054,-2.0109412834071794,0.8148980853169157,-0.5405743629485437,-1.9174723573284478,0.9740283732764109,0.0,0.0,0.0
1.7000000000000013,0.0,0.0,0.32963072448622444,0.0,0.0,0.0,0.0,0.0,0.0,-0.6751212947238971,-2.024125690312158,0.7889849853429176,-0.5583752161224816,-1.9346818670398174,0.9464403148381719,0.0,0.0,0.0
1.7100000000000013,0.0,0.0,0.3201571290176927,0.0,0.0,0.0,0.0,0.0,0.0,-0.6927815078769695,-2.0363967941763352,0.7635627121911677,-0.5762389662795232,-1.9510700932749028,0.9193698855497306,0.0,0.0,0.0
1.7200000000000013,0.0,0.0,0.31060228487870223,0.0,0.0,0.0,0.0,0.0,0.0,-0.7107227784891705,-2.0477965607712463,0.7386287829684566,-0.5942046188098719,-1.966628323562679,0.8928173965367935,0.0,0.0,0.0
1.7300000000000013,0.0,0.0,0.3009705148314546,0.0,0.0,0.0,0.0,0.0,0.0,-0.7290560384427622,-2.058369380260119,0.7141772740321111,-0.6123262618850234,-1.9813628636210243,0.8667890748516359,0.0,0.0,0.0
1.7400000000000013,0.0,0.0,0.2912691959127639,0.0,0.0,0.0,0.0,0.0,0.0,-0.7479531105753301,-2.0681580405722175,0.6901753242570079,-0.630665297871365,-1.9952879263982746,0.8412880268004983,0.0,0.0,0.0
1.7500000000000013,0.0,0.0,0.2815093820323164,0.0,0.0,0.0,0.0,0.0,0.0,-0.7676833091897897,-2.0772137744892825,0.6665793808122502,-0.6493082414921001,-2.008423404895216,0.8163079656392883,0.0,0.0,0.0
1.7600000000000013,0.0,0.0,0.27170162662864766,0.0,0.0,0.0,0.0,0.0,0.0,-0.7885795305600611,-2.085615381314137,0.6433653694145542,-0.6683948900316138,-2.0208004717754617,0.7918427005331367,0.0,0.0,0.0
1.7700000000000014,0.0,0.0,0.26185222004018444,0.0,0.0,0.0,0.0,0.0,0.0,-0.8109907155461573,-2.0934827522211696,0.6205646595067806,-0.6881200299758702,-2.032469808082773,0.767899317382991,0.0,0.0,0.0
1.7800000000000014,0.0,0.0,0.2519606409722573,0.0,0.0,0.0,0.0,0.0,0.0,-0.835229112500079,-2.1009798442417473,0.5983420798567698,-0.7087231161699576,-2.043512183431851,0.7445151993965211,0.0,0.0,0.0
1.7900000000000014,0.0,0.0,0.24201676478531892,0.0,0.0,0.0,0.0,0.0,0.0,-0.8614293900490173,-2.1082678005635764,0.5769918364086388,-0.7304762528940596,-2.054048467314154,0.721799753580425,0.0,0.0,0.0
1.8000000000000014,0.0,0.0,0.23199744218511342,0.0,0.0,0.0,0.0,0.0,0.0,-0.8893484162844403,-2.1154427202681942,0.5569238846674045,-0.753619823297957,-2.0642134281822435,0.6999188258759543,0.0,0.0,0.0
1.8100000000000014,0.0,0.0,0.22187093680458364,0.0,0.0,0.0,0.0,0.0,0.0,-0.9182023957916159,-2.122403024785226,0.5382862566766069,-0.7782576973049754,-2.074114109887231,0.6790680100596768,0.0,0.0,0.0
1.8200000000000014,0.0,0.0,0.21160251606434102,0.0,0.0,0.0,0.0,0.0,0.0,-0.9467128583774986,-2.1288509352073453,0.520790298784207,-0.8041751360914697,-2.083715997531843,0.6592512416149883,0.0,0.0,0.0
1.8300000000000014,0.0,0.0,0.2011563910113593,0.0,0.0,0.0,0.0,0.0,0.0,-0.9734101271920546,-2.1345231601462125,0.5041522512951033,-0.8307955815422067,-2.092815034687037,0.6401777741186149,0.0,0.0,0.0
1.8400000000000014,0.0,0.0,0.19050713672299324,0.0,0.0,0.0,0.0,0.0,0.0,-0.9970042431456965,-2.1392846262508205,0.48807028000410924,-0.8573182192019962,-2.101192420527079,0.6215532531921192,0.0,0.0,0.0
1.8500000000000014,0.0,0.0,0.17964958751393875,0.0,0.0,0.0,0.0,0.0,0.0,-1.0167738249214904,-2.1431933964810534,0.47237679771677854,-0.8828503832982162,-2.1086837653803463,0.6031250211381598,0.0,0.0,0.0
1.8600000000000014,0.0,0.0,0.1686006334765223,0.0,0.0,0.0,0.0,0.0,0.0,-1.0326108467217887,-2.14641533170324,0.45712171378141697,-0.9066605055221736,-2.1152615857579344,0.5847939434157541,0.0,0.0,0.0
1.8700000000000014,0.0,0.0,0.15739961160811997,0.0,0.0,0.0,0.0,0.0,0.0,-1.0448859236799146,-2.1490211735976392,0.4424594890261999,-0.9282907104139202,-2.1210227468532823,0.5666484768610676,0.0,0.0,0.0
1.8800000000000014,0.0,0.0,0.14610453831575454,0.0,0.0,0.0,0.0,0.0,0.0,-1.054259261839694,-2.150823700571971,0.42854521693333236,-0.9475525598355197,-2.1260787135034915,0.5488695977793224,0.0,0.0,0.0
1.8900000000000015,0.0,0.0,0.13477658275859916,0.0,0.0,0.0,0.0,0.0,0.0,-1.0613949986676472,-2.1514005642963516,0.4152022414674148,-0.9644766728666918,-2.1304357557426177,0.5316391518004489,0.0,0.0,0.0
1.9000000000000015,0.0,0.0,0.12347373438606206,0.0,0.0,0.0,0.0,0.0,0.0,-1.0670016567623342,-2.1502062720437616,0.40218558428768825,-0.9791708945852626,-2.133903448147654,0.5149337795062259,0.0,0.0,0.0
1.9100000000000015,0.0,0.0,0.11225016477352678,0.0,0.0,0.0,0.0,0.0,0.0,-1.07184258836307,-2.1465808180339763,0.38937758092101404,-0.9918540619342842,-2.136200529143683,0.49865860541448187,0.0,0.0,0.0
1.9200000000000015,0.0,0.0,0.10114127087474532,0.0,0.0,0.0,0.0,0.0,0.0,-1.0765268557248948,-2.1399599569877052,0.37663502710414765,-1.00287711155948,-2.136943597162271,0.482760887464549,0.0,0.0,0.0
1.9300000000000015,0.0,0.0,0.09015599611252102,0.0,0.0,0.0,0.0,0.0,0.0,-1.081430406590043,-2.1301057009428535,0.36393103361481893,-1.012618879773799,-2.1357020490422665,0.4671546612570061,0.0,0.0,0.0
1.9400000000000015,0.0,0.0,0.07928365092475621,0.0,0.0,0.0,0.0,0.0,0.0,-1.086823403342092,-2.1171142402437817,0.35130196877388986,-1.0214383363435442,-2.1321598727066626,0.45180744144008694,0.0,0.0,0.0
1.9500000000000015,0.0,0.0,0.0685007895994344,0.0,0.0,0.0,0.0,0.0,0.0,-1.0929844799590436,-2.1013657723300603,0.3387619175412908,-1.0296555560166196,-2.126166292693392,0.4367408416060998,0.0,0.0,0.0
1.9600000000000015,0.0,0.0,0.057775128011657066,0.0,0.0,0.0,0.0,0.0,0.0,-1.1001544878622624,-2.083480360850273,0.32640324623669414,-1.0375962926487299,-2.1177454651450005,0.42198276188545275,0.0,0.0,0.0
1.9700000000000015,0.0,0.0,0.04707233155129469,0.0,0.0,0.0,0.0,0.0,0.0,-1.1084943855651712,-2.0641911623325413,0.31443042286416656,-1.0455818803193628,-2.1071063215344417,0.4076077722390445,0.0,0.0,0.0
1.9800000000000015,0.0,0.0,0.03636720113852668,0.0,0.0,0.0,0.0,0.0,0.0,-1.1180484256655139,-2.0440659916189303,0.3031135721451861,-1.0539014701274534,-2.094606054765138,0.39374537434619106,0.0,0.0,0.0
1.9900000000000015,0.0,0.0,0.025641760657393358,0.0,0.0,0.0,0.0,0.0,0.0,-1.1286796654969016,-2.023506808255891,0.29259142368646307,-1.0627743509144296,-2.080626715272099,0.38054097097916256,0.0,0.0,0.0
2.0000000000000013,0.0,0.0,0.014881093944359467,0.0,0.0,0.0,0.0,0.0,0.0,-1.1401199093861418,-2.0028854703698595,0.2828912287926113,-1.0722970016685067,-2.065469078274676,0.36806324360391673,0.0,0.0,0.0
2.010000000000001,0.0,0.0,0.004078732500235559,0.0,0.0,0.0,0.0,0.0,0.0,-1.1520593334742006,-1.9824227324297654,0.2740012799378624,-1.0824546476512789,-2.0494386669600857,0.3563162055342065,0.0,0.0,0.0
2.020000000000001,0.0,0.0,-0.006763359997997147,0.0,0.0,0.0,0.0,0.0,0.0,-1.1642061251627274,-1.9621586621761204,0.2658400425263303,-1.0931578948338412,-2.0327923255367515,0.34527450530882026,0.0,0.0,0.0
2.0300000000000007,0.0,0.0,-0.01763805454734252,0.0,0.0,0.0,0.0,0.0,0.0,-1.1763477164005818,-1.9420263201847672,0.25832290950708403,-1.1042692850312226,-2.01569524475918,0.3348724054501691,0.0,0.0,0.0
2.0400000000000005,0.0,0.0,-0.028535498971809164,0.0,0.0,0.0,0.0,0.0,0.0,-1.1883171939332247,-1.9219086239568992,0.25144207076610137,-1.1156520484519064,-1.9982411685776706,0.32504404209047544,0.0,0.0,0.0
2.0500000000000003,0.0,0.0,-0.03944410370830227,0.0,0.0,0.0,0.0,0.0,0.0,-1.1999223122811085,-1.901640771992996,0.24520159583117795,-1.1271877241861914,-1.9804766499081254,0.31576290125763784,0.0,0.0,0.0
2.06,0.0,0.0,-0.05035144666319731,0.0,0.0,0.0,0.0,0.0,0.0,-1.2109714494774502,-1.8810219317392625,0.23957134500251254,-1.1387374556381955,-1.9623953596985644,0.30700942553381844,0.0,0.0,0.0
2.07,0.0,0.0,-0.061245477429300366,0.0,0.0,0.0,0.0,0.0,0.0,-1.2213214998878978,-1.8598479776662153,0.23451493360567754,-1.1501455512720058,-1.943940890916183,0.2987508949629409,0.0,0.0,0.0
2.0799999999999996,0.0,0.0,-0.07211555021455163,0.0,0.0,0.0,0.0,0.0,0.0,-1.230893142697853,-1.837936174780654,0.22999875194078934,-1.161266990414037,-1.9250265764111265,0.2909579082508073,0.0,0.0,0.0
2.0899999999999994,0.0,0.0,-0.08295301263156367,0.0,0.0,0.0,0.0,0.0,0.0,-1.2396674177103488,-1.8151399873113618,0.22599595256510607,-1.1719832059944655,-1.9055525453109055,0.2836092380303092,0.0,0.0,0.0
2.099999999999999,0.0,0.0,-0.09375134122445924,0.0,0.0,0.0,0.0,0.0,0.0,-1.2476743239825918,-1.7913535591804868,0.22248733309618318,-1.1822088931041834,-1.8854194938017828,0.276692767084215,0.0,0.0,0.0
2.109999999999999,0.0,0.0,-0.10450594860831124,0.0,0.0,0.0,0.0,0.0,0.0,-1.2549791937659593,-1.7665083792169491,0.21946108705898792,-1.1918928341920119,-1.8645379135972628,0.2702042863212931,0.0,0.0,0.0
2.1199999999999988,0.0,0.0,-0.1152138224986472,0.0,0.0,0.0,0.0,0.0,0.0,-1.2616692342510842,-1.7405659499897064,0.21691181980873608,-1.2010151445059916,-1.8428327894120913,0.26414565864359696,0.0,0.0,0.0
2.1299999999999986,0.0,0.0,-0.12587312151005406,0.0,0.0,0.0,0.0,0.0,0.0,-1.2678414825097093,-1.7135098026422606,0.2148391693232523,-1.2095823523240954,-1.82024477176307,0.2585228598312344,0.0,0.0,0.0
2.1399999999999983,0.0,0.0,-0.13648279875110259,0.0,0.0,0.0,0.0,0.0,0.0,-1.2735929413388734,-1.6853387267930209,0.2132463142797678,-1.2176213738717194,-1.7967292725593305,0.253344213095094,0.0,0.0,0.0
2.149999999999998,0.0,0.0,-0.14704228489876864,0.0,0.0,0.0,0.0,0.0,0.0,-1.2790133135872952,-1.6560618324973149,0.21213856889882532,-1.2251732334700738,-1.7722546782007231,0.24861898059083665,0.0,0.0,0.0
2.159999999999998,0.0,0.0,-0.15755124028381798,0.0,0.0,0.0,0.0,0.0,0.0,-1.2841803721768472,-1.6256953793955788,0.2115221879703828,-1.2322871916004328,-1.7468004258113665,0.24435635751899001,0.0,0.0,0.0
2.1699999999999977,0.0,0.0,-0.1680093731086217,0.0,0.0,0.0,0.0,0.0,0.0,-1.2891576361294879,-1.5942610378780944,0.21140345302107155,-1.239015728202022,-1.720355325944221,0.24056483934048042,0.0,0.0,0.0
2.1799999999999975,0.0,0.0,-0.1784163136256548,0.0,0.0,0.0,0.0,0.0,0.0,-1.2939937751766601,-1.5617851749563816,0.2117880600390869,-1.2454105928300543,-1.6929162834036438,0.23725189707188812,0.0,0.0,0.0
2.1899999999999973,0.0,0.0,-0.18877153062311763,0.0,0.0,0.0,0.0,0.0,0.0,-1.2987230983542184,-1.5282987561930972,0.21268078277223434,-1.2515199200233633,-1.6644874283128308,0.2344238810345969,0.0,0.0,0.0
2.199999999999997,0.0,0.0,-0.19907434451495945,0.0,0.0,0.0,0.0,0.0,0.0,-1.3033706189017522,-1.4938374790294529,0.214084465074182,-1.2573862625492624,-1.635079584478257,0.23208607266571832,0.0,0.0,0.0
2.209999999999997,0.0,0.0,-0.2093240654414102,0.0,0.0,0.0,0.0,0.0,0.0,-1.307963317971242,-1.4584419110331217,0.2159990242274188,-1.2630463438315829,-1.6047099495891985,0.23024265615002434,0.0,0.0,0.0
2.2199999999999966,0.0,0.0,-0.21952006482265324,0.0,0.0,0.0,0.0,0.0,0.0,-1.3125363960610048,-1.4221573279518323,0.2184230588896443,-1.268534519515947,-1.5734019342132228,0.22889677561193117,0.0,0.0,0.0
2.2299999999999964,0.0,0.0,-0.22966172166163726,0.0,0.0,0.0,0.0,0.0,0.0,-1.3171316151778847,-1.385032751714582,0.22135543698235294,-1.2738870150793873,-1.5411849873120933,0.22805124855368097,0.0,0.0,0.0
2.239999999999996,0.0,0.0,-0.23974835738871667,0.0,0.0,0.0,0.0,0.0,0.0,-1.321794864991779,-1.3471193483768646,0.2247952009554548,-1.2791426107494945,-1.5080939837126157,0.22770905885339432,0.0,0.0,0.0
2.249999999999996,0.0,0.0,-0.2497791796646461,0.0,0.0,0.0,0.0,0.0,0.0,-1.326574245385496,-1.3084686813730955,0.2287415088929281,-1.2843423985478404,-1.4741681889383835,0.22787311027006452,0.0,0.0,0.0
2.259999999999996,0.0,0.0,-0.2597532489673694,0.0,0.0,0.0,0.0,0.0,0.0,-1.3315191285203571,-1.2691310533325544,0.2331934405995324,-1.289529309377152,-1.4394500706696547,0.22854607704931165,0.0,0.0,0.0
2.2699999999999956,0.0,0.0,-0.26966947330827534,0.0,0.0,0.0,0.0,0.0,0.0,-1.3366803406293346,-1.2291541568677893,0.23814979495941024,-1.2947477390359587,-1.4039840499848286,0.22973027447037,0.0,0.0,0.0
2.2799999999999954,0.0,0.0,-0.2795266283608239,0.0,0.0,0.0,0.0,0.0,0.0,-1.3421112958254648,-1.1885820964106641,0.24360893577542386,-1.3000435210050718,-1.3678153217646416,0.23142759151186465,0.0,0.0,0.0
2.289999999999995,0.0,0.0,-0.28932339654942907,0.0,0.0,0.0,0.0,0.0,0.0,-1.3478697718335066,-1.1474547836460682,0.24956870281296872,-1.3054643387524765,-1.3309888255234568,0.2336394854495139,0.0,0.0,0.0
2.299999999999995,0.0,0.0,-0.2990584138692912,0.0,0.0,0.0,0.0,0.0,0.0,-1.3540197584931433,-1.1058076971343473,0.25602641731376785,-1.3110605554155963,-1.2935484001022006,0.23636702302346935,0.0,0.0,0.0
2.3099999999999947,0.0,0.0,-0.3087303112389943,0.0,0.0,0.0,0.0,0.0,0.0,-1.3606326666038029,-1.0636719667535424,0.26297888997599816,-1.3168863127074406,-1.2555361549283337,0.2396109534132258,0.0,0.0,0.0
2.3199999999999945,0.0,0.0,-0.31833774480423094,0.0,0.0,0.0,0.0,0.0,0.0,-1.3677875862187472,-1.0210747908647377,0.2704225112775216,-1.3230005681843497,-1.216992056598597,0.24337174675546377,0.0,0.0,0.0
2.3299999999999943,0.0,0.0,-0.32787941898771156,0.0,0.0,0.0,0.0,0.0,0.0,-1.3755707895658589,-0.9780401091633358,0.2783534618897825,-1.3294678171916443,-1.17795375393294,0.2476496424832429,0.0,0.0,0.0
2.339999999999994,0.0,0.0,-0.337354121551826,0.0,0.0,0.0,0.0,0.0,0.0,-1.3840754527902692,-0.9345893601446429,0.28676768344577885,-1.336358426087316,-1.1384566363696937,0.2524447537355976,0.0,0.0,0.0
2.349999999999994,0.0,0.0,-0.3467608145304031,0.0,0.0,0.0,0.0,0.0,0.0,-1.3934038594676155,-0.8907422387305771,0.2956604635238538,-1.3437487915946624,-1.0985340518660625,0.2577570930918171,0.0,0.0,0.0
2.3599999999999937,0.0,0.0,-0.356098835509013,0.0,0.0,0.0,0.0,0.0,0.0,-1.4036747450952198,-0.8465174372599722,0.3050257211504923,-1.351722188969413,-1.0582176337942542,0.2635865086167079,0.0,0.0,0.0
2.3699999999999934,0.0,0.0,-0.36536845236946425,0.0,0.0,0.0,0.0,0.0,0.0,-1.4150337930141152,-0.8019628937259522,0.314853877969937,-1.3603717311128085,-1.0175377140643092,0.2699326186144527,0.0,0.0,0.0
2.3799999999999932,0.0,0.0,-0.37457013814923246,0.0,0.0,0.0,0.0,0.0,0.0,-1.4276452428817252,-0.7570812725734248,0.3251410093746525,-1.3698058462629474,-0.9765307706459014,0.2767945801206415,0.0,0.0,0.0
2.389999999999993,0.0,0.0,-0.38370321847434324,0.0,0.0,0.0,0.0,0.0,0.0,-1.4416036210099819,-0.7118515207194352,0.3358916679799968,-1.3801501318263538,-0.9352329118978453,0.2841731929086511,0.0,0.0,0.0
2.399999999999993,0.0,0.0,-0.39276150039840046,0.0,0.0,0.0,0.0,0.0,0.0,-1.456681036741049,-0.6663039329507394,0.34713926479433965,-1.3915213177613848,-0.8936527443268937,0.29207105544174233,0.0,0.0,0.0
2.4099999999999926,0.0,0.0,-0.4017248349727119,0.0,0.0,0.0,0.0,0.0,0.0,-1.4719693729079824,-0.6204679673169413,0.35896771808830286,-1.4039318017049243,-0.8518195361889608,0.30049423644462403,0.0,0.0,0.0
2.4199999999999924,0.0,0.0,-0.4105584221472655,0.0,0.0,0.0,0.0,0.0,0.0,-1.4859202159522944,-0.5743714696252198,0.37145395661659375,-1.4171075349637912,-0.8097636738295141,0.3094537185306156,0.0,0.0,0.0
2.429999999999992,0.0,0.0,-0.4192189005510294,0.0,0.0,0.0,0.0,0.0,0.0,-1.496671928408186,-0.5280441433080005,0.3846319945743759,-1.4303708581448982,-0.7675156755912328,0.31894616456999053,0.0,0.0,0.0
2.439999999999992,0.0,0.0,-0.4276702349864149,0.0,0.0,0.0,0.0,0.0,0.0,-1.5027209112776143,-0.48152070913210754,0.39844028020399946,-1.4427328461912245,-0.7251078782609355,0.3289464386932632,0.0,0.0,0.0
2.4499999999999917,0.0,0.0,-0.4359002960024796,0.0,0.0,0.0,0.0,0.0,0.0,-1.5035579392489045,-0.4348419316706161,0.41272880501605025,-1.4530940612033432,-0.6825767094917454,0.3394094564646364,0.0,0.0,0.0
2.4599999999999915,0.0,0.0,-0.4439212766358311,0.0,0.0,0.0,0.0,0.0,0.0,-1.4996428822548746,-0.38805227908671863,0.42736281966064604,-1.4606527094561892,-0.6399641373957856,0.3502828552799166,0.0,0.0,0.0
2.4699999999999913,0.0,0.0,-0.45176190058220095,0.0,0.0,0.0,0.0,0.0,0.0,-1.4921433805416533,-0.3411942761209449,0.44225548765776557,-1.4650594579467735,-0.5973169821023729,0.36154787973013014,0.0,0.0,0.0
2.479999999999991,0.0,0.0,-0.4594578939156761,0.0,0.0,0.0,0.0,0.0,0.0,-1.4826462714113924,-0.2943567404076606,0.4573743663876395,-1.466425209935503,-0.5546836050513287,0.3732182641607798,0.0,0.0,0.0
2.489999999999991,0.0,0.0,-0.4670380831572557,0.0,0.0,0.0,0.0,0.0,0.0,-1.4726438795658272,-0.24759802967787384,0.47275770673942885,-1.4652491027570698,-0.5121218008013342,0.38532891926919194,0.0,0.0,0.0
2.4999999999999907,0.0,0.0,-0.4745207019660705,0.0,0.0,0.0,0.0,0.0,0.0,-1.4633691767387258,-0.2009290915597078,0.4884531328692767,-1.4622547656181972,-0.469697938227823,0.3979262804641185,0.0,0.0,0.0
2.5099999999999905,0.0,0.0,-0.481914382318783,0.0,0.0,0.0,0.0,0.0,0.0,-1.4557296815222407,-0.15439382436001775,0.5045039786871888,-1.4581813094729665,-0.4274520624466269,0.41104475302919,0.0,0.0,0.0
2.5199999999999902,0.0,0.0,-0.4892160205204226,0.0,0.0,0.0,0.0,0.0,0.0,-1.4500219021757381,-0.10803956988752501,0.5209643586501622,-1.4537710488582472,-0.38543449208431885,0.42469843522934747,0.0,0.0,0.0
2.52999999999999,0.0,0.0,-0.49641557100636685,0.0,0.0,0.0,0.0,0.0,0.0,-1.4460427627762886,-0.061918145966256666,0.5378580530510111,-1.449558179604655,-0.34369735186785866,0.43889354115943585,0.0,0.0,0.0
2.53999999999999,0.0,0.0,-0.5035007257368884,0.0,0.0,0.0,0.0,0.0,0.0,-1.4433034906122613,-0.016085940776556062,0.5551857612955673,-1.4458223255840383,-0.3022953904369288,0.453615901400106,0.0,0.0,0.0
2.5499999999999896,0.0,0.0,-0.5104599388835444,0.0,0.0,0.0,0.0,0.0,0.0,-1.4411993848699005,0.029387744506349345,0.5725162304796836,-1.442625787733407,-0.26128634212529894,0.46884082017680834,0.0,0.0,0.0
2.5599999999999894,0.0,0.0,-0.5172840425127777,0.0,0.0,0.0,0.0,0.0,0.0,-1.4392736758404217,0.07446303048229858,0.5908377905319773,-1.4398585438375724,-0.22073511297110182,0.48428715042605996,0.0,0.0,0.0
2.569999999999989,0.0,0.0,-0.5239669597410915,0.0,0.0,0.0,0.0,0.0,0.0,-1.4371186690766966,0.11906459328004115,0.6093953334384348,-1.4374015998339644,-0.18069433849696886,0.5005149220461304,0.0,0.0,0.0
2.579999999999989,0.0,0.0,-0.5305053044370205,0.0,0.0,0.0,0.0,0.0,0.0,-1.4345544649715167,0.163136340098757,0.62828931316005,-1.4350416414325426,-0.14123449386923762,0.5170985042296293,0.0,0.0,0.0
2.5899999999999888,0.0,0.0,-0.5368970000049563,0.0,0.0,0.0,0.0,0.0,0.0,-1.4314764622744252,0.2066224821158713,0.6474649412638684,-1.432640961292897,-0.1024186931799273,0.534083100837968,0.0,0.0,0.0
2.5999999999999885,0.0,0.0,-0.5431404471936981,0.0,0.0,0.0,0.0,0.0,0.0,-1.4278006418434934,0.24947293031159967,0.6668930579078443,-1.4300872703549374,-0.06431143980489896,0.5514285472376897,0.0,0.0,0.0
2.6099999999999883,0.0,0.0,-0.5492344858569859,0.0,0.0,0.0,0.0,0.0,0.0,-1.423466785337434,0.29164371245599285,0.686531550642663,-1.4272790985496673,-0.02697617992195498,0.5691079894063285,0.0,0.0,0.0
2.619999999999988,0.0,0.0,-0.5551947971833702,0.0,0.0,0.0,0.0,0.0,0.0,-1.418451497992798,0.332089408458927,0.706376401046201,-1.4241263319314243,0.04548135718898205,0.5870860027011194,0.0,0.0,0.0
2.629999999999988,0.0,0.0,-0.5610185948578178,0.0,0.0,0.0,0.0,0.0,0.0,-1.4127618361056669,0.37097128687947833,0.7263195023062012,-1.4205586556846947,0.07929201280731618,0.6053307971494037,0.0,0.0,0.0
2.6399999999999877,0.0,0.0,-0.5666873920879786,0.0,0.0,0.0,0.0,0.0,0.0,-1.406431888351677,0.40937888894789654,0.7462521142169549,-1.416527183239654,0.11456862695084441,0.6237785170485338,0.0,0.0,0.0
2.6499999999999875,0.0,0.0,-0.572203287235196,0.0,0.0,0.0,0.0,0.0,0.0,-1.399522698573204,0.4471297685395762,0.7661799744450495,-1.412005222957161,0.1513269759036424,0.6423553993247489,0.0,0.0,0.0
2.6599999999999873,0.0,0.0,-0.577567892563261,0.0,0.0,0.0,0.0,0.0,0.0,-1.3921048685839958,0.48406611322922344,0.7859833758784838,-1.4069890371740328,0.18928286770554267,0.6610422187924171,0.0,0.0,0.0
2.669999999999987,0.0,0.0,-0.5827816918837356,0.0,0.0,0.0,0.0,0.0,0.0,-1.3842412708107246,0.5200883141238186,0.8055574266246559,-1.401491816450166,0.22813469003605816,0.6797414096635516,0.0,0.0,0.0
2.679999999999987,0.0,0.0,-0.5878441075450949,0.0,0.0,0.0,0.0,0.0,0.0,-1.375983846805845,0.5551500742610073,0.8248363288741465,-1.3955366066822676,0.2675846809753989,0.6983595926823916,0.0,0.0,0.0
2.6899999999999866,0.0,0.0,-0.5927538297157255,0.0,0.0,0.0,0.0,0.0,0.0,-1.3673780137709524,0.5892361860854476,0.8437220999918167,-1.3891499206681406,0.30735386077459825,0.7168257531202793,0.0,0.0,0.0
2.6999999999999864,0.0,0.0,-0.5975089431152689,0.0,0.0,0.0,0.0,0.0,0.0,-1.3584658312460955,0.6223580817764517,0.8621276494339756,-1.3823608816432393,0.34718588902431424,0.7350473581392843,0.0,0.0,0.0
2.709999999999986,0.0,0.0,-0.6021070202920135,0.0,0.0,0.0,0.0,0.0,0.0,-1.3492922275546289,0.6545483568222348,0.8799690448088566,-1.3752005504174174,0.3868540108426652,0.7529369193293383,0.0,0.0,0.0
2.719999999999986,0.0,0.0,-0.6065451999368786,0.0,0.0,0.0,0.0,0.0,0.0,-1.3399076861650039,0.6858551751120552,0.8971598529358984,-1.367703012021399,0.42616495957064815,0.770408037846342,0.0,0.0,0.0
2.7299999999999858,0.0,0.0,-0.6108202790675477,0.0,0.0,0.0,0.0,0.0,0.0,-1.3303659892951791,0.7163357131139633,0.9135927639392047,-1.35990693599069,0.4649605643366942,0.7873720115723086,0.0,0.0,0.0
2.7399999999999856,0.0,0.0,-0.614928827176812,0.0,0.0,0.0,0.0,0.0,0.0,-1.320722184618819,0.7460494994714055,0.9291224641599274,-1.351854987566895,0.503116713414259,0.8037253191097599,0.0,0.0,0.0
2.7499999999999853,0.0,0.0,-0.6188672948123287,0.0,0.0,0.0,0.0,0.0,0.0,-1.31104592676197,0.7750203106736241,0.9429723249732598,-1.343593101484544,0.5405403156557523,0.8193366505593358,0.0,0.0,0.0
2.759999999999985,0.0,0.0,-0.6226321070080603,0.0,0.0,0.0,0.0,0.0,0.0,-1.3013484703985534,0.8033837495921741,0.9563523343482463,-1.335180722974344,0.5771441588510522,0.8336384845566526,0.0,0.0,0.0
2.769999999999985,0.0,0.0,-0.6262196762396616,0.0,0.0,0.0,0.0,0.0,0.0,-1.2916458262524426,0.831211714871476,0.969291053056256,-1.3266397166248434,0.6129351858236184,0.8473849975198605,0.0,0.0,0.0
2.7799999999999847,0.0,0.0,-0.6296263107757589,0.0,0.0,0.0,0.0,0.0,0.0,-1.2818375336837533,0.8587163673804679,0.9838530130782448,-1.3180007660171968,0.6479067394249498,0.8606072263263825,0.0,0.0,0.0
2.7899999999999845,0.0,0.0,-0.6328482586311903,0.0,0.0,0.0,0.0,0.0,0.0,-1.2717126522199456,0.8861920261221615,1.002891945981624,-1.3092205223285645,0.6821548123377501,0.8747471224752988,0.0,0.0,0.0
2.7999999999999843,0.0,0.0,-0.6358821892312447,0.0,0.0,0.0,0.0,0.0,0.0,-1.2610114748693637,0.9139214545041683,1.028865858019181,-1.3001816414132388,0.7158477627167182,0.891927991707025,0.0,0.0,0.0
2.809999999999984,0.0,0.0,-0.6387257177689973,0.0,0.0,0.0,0.0,0.0,0.0,-1.2495515593246505,0.9420393209696645,1.0623496149332563,-1.2907227467266598,0.7491795862847198,0.9141677063481427,0.0,0.0,0.0
2.819999999999984,0.0,0.0,-0.6413641085997677,0.0,0.0,0.0,0.0,0.0,0.0,-1.2372910932404881,0.9712264896600024,1.1019718190200594,-1.2807147285661602,0.7822880259485475,0.9422929640541908,0.0,0.0,0.0
2.8299999999999836,0.0,0.0,-0.6437980222460489,0.0,0.0,0.0,0.0,0.0,0.0,-1.2243522286764852,1.0011725072812303,1.1448678941671881,-1.270106568720687,0.8153855329372184,0.9757627535998223,0.0,0.0,0.0
2.8399999999999834,0.0,0.0,-0.6460410707065366,0.0,0.0,0.0,0.0,0.0,0.0,-1.2109671038660696,1.0308066259146336,1.188076093789361,-1.2589491605631078,0.8486651456959002,1.0127773328266887,0.0,0.0,0.0
2.849999999999983,0.0,0.0,-0.6480906919991697,0.0,0.0,0.0,0.0,0.0,0.0,-1.1975652376393662,1.059773833264243,1.2273862791502221,-1.247363641791767,0.8816873801386574,1.0512150274007652,0.0,0.0,0.0
2.859999999999983,0.0,0.0,-0.6499444602267572,0.0,0.0,0.0,0.0,0.0,0.0,-1.1844830117972438,1.0878086781017866,1.2613165365535326,-1.2356063541519753,0.9142097644800705,1.0878289202222233,0.0,0.0,0.0
2.869999999999983,0.0,0.0,-0.6516005622831427,0.0,0.0,0.0,0.0,0.0,0.0,-1.1720268292013802,1.1146280712801206,1.2886975759973245,-1.2238835936556316,0.9460475636148001,1.1210921750864586,0.0,0.0,0.0
2.8799999999999826,0.0,0.0,-0.6530577922455499,0.0,0.0,0.0,0.0,0.0,0.0,-1.1601964617501892,1.1401935850557368,1.3113668912206105,-1.2124138770107515,0.9769942515799186,1.1496858091058644,0.0,0.0,0.0
2.8899999999999824,0.0,0.0,-0.6543150649115328,0.0,0.0,0.0,0.0,0.0,0.0,-1.1487665152098043,1.1646629893577036,1.3322451010711849,-1.2012391045557225,1.0069806190894974,1.1745317111477012,0.0,0.0,0.0
2.899999999999982,0.0,0.0,-0.6553711571241053,0.0,0.0,0.0,0.0,0.0,0.0,-1.1374358837101117,1.1882759428030683,1.3537388325760245,-1.1902687601324453,1.0360451943512503,1.197563502430208,0.0,0.0,0.0
2.909999999999982,0.0,0.0,-0.6562247257404883,0.0,0.0,0.0,0.0,0.0,0.0,-1.1259510133429012,1.2112473131002344,1.3770397476350864,-1.1793611309994867,1.064276085800762,1.2205606313834243,0.0,0.0,0.0
2.9199999999999817,0.0,0.0,-0.6568744735521154,0.0,0.0,0.0,0.0,0.0,0.0,-1.114138355333231,1.2337297565075642,1.402443788077897,-1.1683901666791774,1.0917593791188678,1.2445446626880299,0.0,0.0,0.0
2.9299999999999815,0.0,0.0,-0.6573211252530055,0.0,0.0,0.0,0.0,0.0,0.0,-1.1018938858223244,1.2557348723758843,1.4298175115512555,-1.1572601582038429,1.118565313952364,1.2699136238397164,0.0,0.0,0.0
2.9399999999999813,0.0,0.0,-0.6575636294678087,0.0,0.0,0.0,0.0,0.0,0.0,-1.0891635384549694,1.2773146311327523,1.45887264792648,-1.1459007928991596,1.1447287966383846,1.296724678608329,0.0,0.0,0.0
2.949999999999981,0.0,0.0,-0.6575992212019787,0.0,0.0,0.0,0.0,0.0,0.0,-1.0759239695053577,1.298564470254782,1.4893153909566252,-1.1342603857067943,1.1702621792286012,1.324885808976363,0.0,0.0,0.0
2.959999999999981,0.0,0.0,-0.6574273261804943,0.0,0.0,0.0,0.0,0.0,0.0,-1.062169806077054,1.3194701754576685,1.5209042955303804,-1.122300101006594,1.1952334032022824,1.3542599161914837,0.0,0.0,0.0
2.9699999999999807,0.0,0.0,-0.6570473530220925,0.0,0.0,0.0,0.0,0.0,0.0,-1.04790816539191,1.3400085447436305,1.5534345359707373,-1.1099905931907676,1.219665646599178,1.3847142113426345,0.0,0.0,0.0
2.9799999999999804,0.0,0.0,-0.6564586751933663,0.0,0.0,0.0,0.0,0.0,0.0,-1.0331532869488855,1.3601527457561535,1.5867450195711492,-1.0973115006361804,1.2435730748725065,1.4161196300781884,0.0,0.0,0.0
2.9899999999999802,0.0,0.0,-0.6556606857225987,0.0,0.0,0.0,0.0,0.0,0.0,-1.0179245998557462,1.379872067367126,1.6207070841310482,-1.0842495282636964,1.2669633938922515,1.4483629174746386,0.0,0.0,0.0
2.99999999999998,0.0,0.0,-0.6546528191215432,0.0,0.0,0.0,0.0,0.0,0.0,-1.0022454358403037,1.3991326598329614,1.6552172355655865,-1.0707978994333462,1.2898377688721736,1.4813437340909583,0.0,0.0,0.0
3.00999999999998,0.0,0.0,-0.6534345432649236,0.0,0.0,0.0,0.0,0.0,0.0,-0.9861422510194274,1.4178990127906066,1.6901906451211173,-1.0569557164206769,1.3121911762496499,1.5149732165386047,0.0,0.0,0.0
3.0199999999999796,0.0,0.0,-0.6520053626458528,0.0,0.0,0.0,0.0,0.0,0.0,-0.9696439331172398,1.4361349090458435,1.725556545608001,-1.042727409913539,1.334013191742515,1.5491719819165204,0.0,0.0,0.0
3.0299999999999794,0.0,0.0,-0.6503648721606604,0.0,0.0,0.0,0.0,0.0,0.0,-0.952781074664871,1.4538027287212587,1.7612549522790149,-1.0281221443131547,1.3552889258992138,1.5838686553358694,0.0,0.0,0.0
3.039999999999979,0.0,0.0,-0.6485128183436358,0.0,0.0,0.0,0.0,0.0,0.0,-0.935585176019371,1.4708628017920358,1.7972341920428891,-1.0131531719513789,1.3759994034359062,1.618998719460358,0.0,0.0,0.0
3.049999999999979,0.0,0.0,-0.646449130353516,0.0,0.0,0.0,0.0,0.0,0.0,-0.9180877902274334,1.487273958482888,1.8334490333356006,-0.9978371308563229,1.396121570094856,1.6545035726683788,0.0,0.0,0.0
3.0599999999999787,0.0,0.0,-0.644173933261264,0.0,0.0,0.0,0.0,0.0,0.0,-0.9003196590142407,1.5029946200282303,1.8698593981339076,-0.9821932869446315,1.4156287446454463,1.6903297758079303,0.0,0.0,0.0
3.0699999999999785,0.0,0.0,-0.6416875423454257,0.0,0.0,0.0,0.0,0.0,0.0,-0.8823099252401787,1.517984265826722,1.9064294390917527,-0.9662427381445947,1.434491342183643,1.7264285442236298,0.0,0.0,0.0
3.0799999999999783,0.0,0.0,-0.6389904414909212,0.0,0.0,0.0,0.0,0.0,0.0,-0.864085481928862,1.5322050343168363,1.9431269210832895,-0.9500076256988333,1.4526778617216098,1.7627553788301253,0.0,0.0,0.0
3.089999999999978,0.0,0.0,-0.636083251778942,0.0,0.0,0.0,0.0,0.0,0.0,-0.8456704991526172,1.5456231982380926,1.9799228333821741,-0.93351039114601,1.4701560697145462,1.799269823865851,0.0,0.0,0.0
3.099999999999978,0.0,0.0,-0.6329666970641679,0.0,0.0,0.0,0.0,0.0,0.0,-0.8270861439728177,1.5582103156925835,2.0167911737217605,-0.9167731155253598,1.4868942614724014,1.8359353161981073,0.0,0.0,0.0
3.1099999999999777,0.0,0.0,-0.629637345326503,0.0,0.0,0.0,0.0,0.0,0.0,-0.8084729335100893,1.5699441697869159,2.053725810992822,-0.8998169675885332,1.5028624723165236,1.8727190960587017,0.0,0.0,0.0
3.1199999999999775,0.0,0.0,-0.6260971083385797,0.0,0.0,0.0,0.0,0.0,0.0,-0.7898143254661341,1.5808060876969057,2.090683754307302,-0.8826900594901894,1.5180335879878637,1.909596687541247,0.0,0.0,0.0
3.1299999999999772,0.0,0.0,-0.6223521575938147,0.0,0.0,0.0,0.0,0.0,0.0,-0.7709684399720353,1.5907869337447815,2.127633205561242,-0.8654485171897349,1.5323821599787453,1.9465337510777883,0.0,0.0,0.0
3.139999999999977,0.0,0.0,-0.6184031631960623,0.0,0.0,0.0,0.0,0.0,0.0,-0.7519496790020506,1.5998859623185133,2.1645843430634533,-0.8480405909329736,1.5458893165074625,1.9835023264593403,0.0,0.0,0.0
3.149999999999977,0.0,0.0,-0.6142507430419843,0.0,0.0,0.0,0.0,0.0,0.0,-0.732776264390947,1.6081030888744752,2.20151966895156,-0.8304705362966188,1.5585427913000145,2.020501916212839,0.0,0.0,0.0
3.1599999999999766,0.0,0.0,-0.609895966125703,0.0,0.0,0.0,0.0,0.0,0.0,-0.7134574763992736,1.6154391547248144,2.238475280783463,-0.8127472300515365,1.57033159747813,2.0575121118678252,0.0,0.0,0.0
3.1699999999999764,0.0,0.0,-0.6053404347518642,0.0,0.0,0.0,0.0,0.0,0.0,-0.6940158049063916,1.6218721348587075,2.2753916645380063,-0.7948754800116278,1.5812519676909766,2.0945561136956554,0.0,0.0,0.0
3.179999999999976,0.0,0.0,-0.6005854163078104,0.0,0.0,0.0,0.0,0.0,0.0,-0.6744682701632878,1.6273969835933884,2.3122335626573434,-0.776870177774121,1.591285385128389,2.1315817506889494,0.0,0.0,0.0
3.189999999999976,0.0,0.0,-0.5956316992787336,0.0,0.0,0.0,0.0,0.0,0.0,-0.6548170534990505,1.6320381812815812,2.349049320465967,-0.7587443747507748,1.600419294946903,2.1685560970397106,0.0,0.0,0.0
3.1999999999999758,0.0,0.0,-0.5904800528815553,0.0,0.0,0.0,0.0,0.0,0.0,-0.6350727900577264,1.6358139916227392,2.3858235551574456,-0.7405023974628793,1.6086609677662012,2.2055150652177624,0.0,0.0,0.0
3.2099999999999755,0.0,0.0,-0.5851313434862605,0.0,0.0,0.0,0.0,0.0,0.0,-0.6152427343247278,1.6387462615042243,2.4225597413489846,-0.7221541606715154,1.6160154099863582,2.2424455971923227,0.0,0.0,0.0
3.2199999999999753,0.0,0.0,-0.5795865701349965,0.0,0.0,0.0,0.0,0.0,0.0,-0.5953344259730311,1.6408559123706319,2.459257144700254,-0.7037075901961165,1.6224931576983717,2.2793498318876266,0.0,0.0,0.0
3.229999999999975,0.0,0.0,-0.5738468956603758,0.0,0.0,0.0,0.0,0.0,0.0,-0.5753549137216062,1.6421632897282583,2.4959166954336456,-0.685170795296386,1.628106655852869,2.3162269491370124,0.0,0.0,0.0
3.239999999999975,0.0,0.0,-0.5679136719472399,0.0,0.0,0.0,0.0,0.0,0.0,-0.5553111282378377,1.6426874100064734,2.5325388784551053,-0.6665515475801868,1.6328701754552457,2.3530776614960054,0.0,0.0,0.0
3.2499999999999747,0.0,0.0,-0.5617884600923809,0.0,0.0,0.0,0.0,0.0,0.0,-0.5352098499904077,1.6424457482251291,2.5691238676430777,-0.647857500291937,1.6367988700633582,2.3899024683067096,0.0,0.0,0.0
3.2599999999999745,0.0,0.0,-0.5554730455943789,0.0,0.0,0.0,0.0,0.0,0.0,-0.515057715333167,1.6414540629726215,2.6056710926222415,-0.6290961828895122,1.639908229440564,2.426701684130588,0.0,0.0,0.0
3.2699999999999743,0.0,0.0,-0.5489694489409254,0.0,0.0,0.0,0.0,0.0,0.0,-0.49486115102362194,1.6397263623023508,2.642179024323585,-0.6102750305545973,1.6422135773917277,2.4634750336383746,0.0,0.0,0.0
3.279999999999974,0.0,0.0,-0.5422799318908745,0.0,0.0,0.0,0.0,0.0,0.0,-0.4746262841101685,1.6372749453425368,2.678644967789743,-0.5914013740047922,1.6437297072227794,2.5002214293960203,0.0,0.0,0.0
3.289999999999974,0.0,0.0,-0.5354069997059983,0.0,0.0,0.0,0.0,0.0,0.0,-0.45435883165586477,1.6341105067325272,2.71506492242567,-0.572482411561409,1.6444706158556879,2.5369387647725827,0.0,0.0,0.0
3.2999999999999736,0.0,0.0,-0.5283533929306959,0.0,0.0,0.0,0.0,0.0,0.0,-0.43406398956353576,1.6302424115350662,2.7514334658465374,-0.5535251618864543,1.6444493314861777,2.5736237682585945,0.0,0.0,0.0
3.3099999999999734,0.0,0.0,-0.52112204743919,0.0,0.0,0.0,0.0,0.0,0.0,-0.4137463387052954,1.6256795415526115,2.787743604533024,-0.5345364050945052,1.6436778528764358,2.6102718971055463,0.0,0.0,0.0
3.319999999999973,0.0,0.0,-0.5137160619269163,0.0,0.0,0.0,0.0,0.0,0.0,-0.3934097471292465,1.6204309371491896,2.8239868273925053,-0.5155226185851403,1.6421673524767961,2.64687725942701,0.0,0.0,0.0
3.329999999999973,0.0,0.0,-0.5061386999584204,0.0,0.0,0.0,0.0,0.0,0.0,-0.3730572912098159,1.6145056987663384,2.8601532885308183,-0.4964899045752288,1.6399285816316465,2.683432646421158,0.0,0.0,0.0
3.3399999999999728,0.0,0.0,-0.49839339392850274,0.0,0.0,0.0,0.0,0.0,0.0,-0.3526912290649852,1.6079127917072458,2.8962318862704572,-0.477443923420955,1.6369719575831105,2.7199296300752334,0.0,0.0,0.0
3.3499999999999726,0.0,0.0,-0.4904837454782076,0.0,0.0,0.0,0.0,0.0,0.0,-0.3323129997743999,1.6006608976081391,2.9322103839351024,-0.45838985163274515,1.6333075539930229,2.756358586865681,0.0,0.0,0.0
3.3599999999999723,0.0,0.0,-0.48241352179603175,0.0,0.0,0.0,0.0,0.0,0.0,-0.31192325154344236,1.592758318915632,2.9680755424024214,-0.43933235201323856,1.6289450771135345,2.792708767936675,0.0,0.0,0.0
3.369999999999972,0.0,0.0,-0.4741866476916151,0.0,0.0,0.0,0.0,0.0,0.0,-0.2915218955301143,1.5842129416876138,3.003813265975755,-0.4202755599837643,1.6238938406819527,2.828968391349,0.0,0.0,0.0
3.379999999999972,0.0,0.0,-0.4658071937298176,0.0,0.0,0.0,0.0,0.0,0.0,-0.2711081823851218,1.5750322538731445,3.0394087542649224,-0.40122308638417836,1.6181627532554235,2.8651247564252635,0.0,0.0,0.0
3.3899999999999717,0.0,0.0,-0.45727936103329464,0.0,0.0,0.0,0.0,0.0,0.0,-0.2506807974746357,1.5652234117722967,3.074846654997935,-0.38217803695817276,1.6117603258787951,2.9011643727920404,0.0,0.0,0.0
3.3999999999999715,0.0,0.0,-0.4486262253605239,0.0,0.0,0.0,0.0,0.0,0.0,-0.2295747576617163,1.5548150897965434,3.1101071305492947,-0.3631430477837593,1.6046947040252884,2.937073098188349,0.0,0.0,0.0
3.4099999999999713,0.0,0.0,-0.4398406765129073,0.0,0.0,0.0,0.0,0.0,0.0,-0.2081633729994803,1.543803258478727,3.1451951124744557,-0.3439892181879861,1.5969919890902877,2.9728897660959333,0.0,0.0,0.0
3.419999999999971,0.0,0.0,-0.43090132298368483,0.0,0.0,0.0,0.0,0.0,0.0,-0.18738674864774363,1.5321614572499027,3.180109706168648,-0.3245997902666847,1.5886522871987294,3.0085430910935522,0.0,0.0,0.0
3.429999999999971,0.0,0.0,-0.4218190837803017,0.0,0.0,0.0,0.0,0.0,0.0,-0.16705154626959717,1.5198929115948114,3.2147861682129313,-0.30534817126651115,1.5796573981311082,3.0439978694116165,0.0,0.0,0.0
3.4399999999999706,0.0,0.0,-0.41260401603953295,0.0,0.0,0.0,0.0,0.0,0.0,-0.14696838330806794,1.5070171021407734,3.249213939888595,-0.28625425096334145,1.570009575236982,3.079223552807674,0.0,0.0,0.0
3.4499999999999704,0.0,0.0,-0.4032643932133799,0.0,0.0,0.0,0.0,0.0,0.0,-0.12700200800783734,1.4935539071324113,3.2833936352479034,-0.2673047406769682,1.5597233219447302,3.114225913762034,0.0,0.0,0.0
3.45999999999997,0.0,0.0,-0.39380695334128996,0.0,0.0,0.0,0.0,0.0,0.0,-0.1070742540809877,1.479511834184059,3.317292255294662,-0.24847656752588512,1.5488146696576603,3.149012454065978,0.0,0.0,0.0
3.46999999999997,0.0,0.0,-0.38423745429932704,0.0,0.0,0.0,0.0,0.0,0.0,-0.08722818004230048,1.4647062651903844,3.3501262845916804,-0.2297516840845996,1.5372917707145861,3.1835586496615202,0.0,0.0,0.0
3.47999999999997,0.0,0.0,-0.37456174292717254,0.0,0.0,0.0,0.0,0.0,0.0,-0.0671278691274535,1.449643345753262,3.383698901713209,-0.21116962444221746,1.5250075886525671,3.217224975074652,0.0,0.0,0.0
3.4899999999999696,0.0,0.0,-0.3647855254016108,0.0,0.0,0.0,0.0,0.0,0.0,-0.04695348586936987,1.433957439646151,3.4166650341118068,-0.1925641277178993,1.5123526843135815,3.2514574300919796,0.0,0.0,0.0
3.4999999999999694,0.0,0.0,-0.3549136328425832,0.0,0.0,0.0,0.0,0.0,0.0,-0.026829459426962687,1.4173685491257006,3.4479989745809476,-0.1740149802995362,1.4990632574516474,3.285194230760291,0.0,0.0,0.0
3.509999999999969,0.0,0.0,-0.3449502901138815,0.0,0.0,0.0,0.0,0.0,0.0,-0.006251697252359634,1.4008328945459994,3.4809819305836225,-0.15558311838943145,1.4849212486717231,3.317580923560516,0.0,0.0,0.0
3.519999999999969,0.0,0.0,-0.33489949634583743,0.0,0.0,0.0,0.0,0.0,0.0,0.014381646108488466,1.3836230484729697,3.512998673817033,-0.13701659834251984,1.4706469357582488,3.351246093048221,0.0,0.0,0.0
3.5299999999999687,0.0,0.0,-0.3247653929405869,0.0,0.0,0.0,0.0,0.0,0.0,0.03517321023468467,1.365960833814094,3.5447664674746155,-0.11848683134603058,1.4557081357978576,3.3841332544358425,0.0,0.0,0.0
3.5399999999999685,0.0,0.0,-0.31455198620374947,0.0,0.0,0.0,0.0,0.0,0.0,0.05608157500787114,1.3477989307411558,3.5760701263226062,-0.09994230286492248,1.4402687920759343,3.416793396559655,0.0,0.0,0.0
3.5499999999999683,0.0,0.0,-0.30426321723395955,0.0,0.0,0.0,0.0,0.0,0.0,0.0771014637602645,1.3291678270914953,3.606956145164264,-0.08139674694747294,1.4242961314363136,3.4490506441021296,0.0,0.0,0.0
3.559999999999968,0.0,0.0,-0.2939029762188497,0.0,0.0,0.0,0.0,0.0,0.0,0.09821515118717095,1.310077125115137,3.6373972749133556,-0.06285008378507474,1.407814169225094,3.480934435347811,0.0,0.0,0.0
3.569999999999968,0.0,0.0,-0.28347512559294646,0.0,0.0,0.0,0.0,0.0,0.0,0.11940732529931819,1.2905437218923095,3.6673868391916313,-0.04430953579051164,1.3908317964892594,3.5124177974676147,0.0,0.0,0.0
3.5799999999999677,0.0,0.0,-0.27298351470413545,0.0,0.0,0.0,0.0,0.0,0.0,0.1406620681311721,1.2705838814792756,3.6969126135831725,-0.025783268302159906,1.3733633269115584,3.543490626760019,0.0,0.0,0.0
3.5899999999999674,0.0,0.0,-0.26241855767274247,0.0,0.0,0.0,0.0,0.0,0.0,0.16104612847294164,1.2502173923014932,3.7260906495016113,0.02097553251477359,1.3554227987957974,3.5741392447811284,0.0,0.0,0.0
3.5999999999999672,0.0,0.0,-0.2517880001693496,0.0,0.0,0.0,0.0,0.0,0.0,0.18066801717802494,1.2294208540015177,3.754746664155384,0.036150233585903184,1.337026127929152,3.604386263901055,0.0,0.0,0.0
3.609999999999967,0.0,0.0,-0.24111073361137572,0.0,0.0,0.0,0.0,0.0,0.0,0.2005610172229878,1.208231494782381,3.782773104665777,0.05190953749198652,1.318157188740274,3.634153642197522,0.0,0.0,0.0
3.619999999999967,0.0,0.0,-0.23038795212946372,0.0,0.0,0.0,0.0,0.0,0.0,0.22069760406960914,1.186757952579598,3.8103187493887227,0.06843667348245308,1.2988438164664882,3.66338959070316,0.0,0.0,0.0
3.6299999999999666,0.0,0.0,-0.21962349819110505,0.0,0.0,0.0,0.0,0.0,0.0,0.2410270887848609,1.164993369073767,3.837352327566661,0.08569306225028658,1.2791537347549913,3.692203121185668,0.0,0.0,0.0
3.6399999999999664,0.0,0.0,-0.20882265796319938,0.0,0.0,0.0,0.0,0.0,0.0,0.2615113091842688,1.1429135019219077,3.8638876379132974,0.10362548583513877,1.2591084313577765,3.720554698655165,0.0,0.0,0.0
3.649999999999966,0.0,0.0,-0.1979884370465157,0.0,0.0,0.0,0.0,0.0,0.0,0.28211399607262444,1.120538825379266,3.889898326180164,0.12218125933978652,1.2387055317311078,3.748445053801263,0.0,0.0,0.0
3.659999999999966,0.0,0.0,-0.187123948117571,0.0,0.0,0.0,0.0,0.0,0.0,0.302805310080861,1.0978997496176386,3.91538537292311,0.14130518636213146,1.2179590330756953,3.775850392324681,0.0,0.0,0.0
3.6699999999999657,0.0,0.0,-0.17623244243897432,0.0,0.0,0.0,0.0,0.0,0.0,0.3235562324830541,1.0750240052260063,3.940344096421802,0.1609430201339268,1.1968915681461678,3.8027686354477463,0.0,0.0,0.0
3.6799999999999655,0.0,0.0,-0.16531730893719493,0.0,0.0,0.0,0.0,0.0,0.0,0.3443401546437216,1.0519392439542123,3.964772239647843,0.18103977361312756,1.1755255152355806,3.829193850461451,0.0,0.0,0.0
3.6899999999999653,0.0,0.0,-0.1543820671747751,0.0,0.0,0.0,0.0,0.0,0.0,0.3651330708217436,1.0286721659553217,3.988667770648533,0.20154082336261106,1.1538845130896582,3.85512235560769,0.0,0.0,0.0
3.699999999999965,0.0,0.0,-0.14342972602355403,0.0,0.0,0.0,0.0,0.0,0.0,0.38582174414201087,1.0052486063288462,4.012040270103987,0.2223924740055976,1.1319925760511964,3.8805509722505502,0.0,0.0,0.0
3.709999999999965,0.0,0.0,-0.1324642093875417,0.0,0.0,0.0,0.0,0.0,0.0,0.4063915606230756,0.9816894215660024,4.034875739045186,0.2435262116143981,1.1098739192781741,3.9054802450306307,0.0,0.0,0.0
3.7199999999999647,0.0,0.0,-0.12149001094163493,0.0,0.0,0.0,0.0,0.0,0.0,0.4269253632077892,0.9580201621109183,4.057164768575776,0.26486474218292544,1.0875495811435887,3.9299029586311156,0.0,0.0,0.0
3.7299999999999645,0.0,0.0,-0.11051098121525944,0.0,0.0,0.0,0.0,0.0,0.0,0.44741356763584383,0.9342689965056126,4.078920542886307,0.2863888137737452,1.0650442293108604,3.9538139290243333,0.0,0.0,0.0
3.7399999999999642,0.0,0.0,-0.09953101336882697,0.0,0.0,0.0,0.0,0.0,0.0,0.4678463809326837,0.9104567442239451,4.1001402882852025,0.30805864778741937,1.042384996049067,3.9772218825908237,0.0,0.0,0.0
3.749999999999964,0.0,0.0,-0.08855400877531877,0.0,0.0,0.0,0.0,0.0,0.0,0.48821636440669447,0.8866049252223323,4.120825437277362,0.3298365696743399,1.019594159826013,4.000123600835626,0.0,0.0,0.0
3.759999999999964,0.0,0.0,-0.07758385807274526,0.0,0.0,0.0,0.0,0.0,0.0,0.5085175037256995,0.8627339481287883,4.140976535921196,0.35168842822037444,0.9966943765281301,4.022519195875918,0.0,0.0,0.0
3.7699999999999636,0.0,0.0,-0.06662278318183583,0.0,0.0,0.0,0.0,0.0,0.0,0.5287442951047892,0.83892548368943,4.160570462700616,0.3735833363757356,0.9737073888628142,4.044408224482054,0.0,0.0,0.0
3.7799999999999634,0.0,0.0,-0.055674504789376404,0.0,0.0,0.0,0.0,0.0,0.0,0.548895310767643,0.815226034729652,4.179627144235098,0.39549354337462495,0.9506688708935643,4.065784286966692,0.0,0.0,0.0
3.789999999999963,0.0,0.0,-0.04474419725498179,0.0,0.0,0.0,0.0,0.0,0.0,0.5689678019318782,0.7916138653849876,4.198168015955184,0.41739590846336244,0.927632901413522,4.0866563855801665,0.0,0.0,0.0
3.799999999999963,0.0,0.0,-0.033835663864436184,0.0,0.0,0.0,0.0,0.0,0.0,0.588956360278622,0.7681050942397878,4.216171449037632,0.43926934743737545,0.9046068215777076,4.1070352435464175,0.0,0.0,0.0
3.8099999999999627,0.0,0.0,-0.02295266300376609,0.0,0.0,0.0,0.0,0.0,0.0,0.6088587211213069,0.7447277098078389,4.233643217447286,0.46109377486291087,0.8816079253159365,4.12690465522438,0.0,0.0,0.0
3.8199999999999625,0.0,0.0,-0.012098943916604444,0.0,0.0,0.0,0.0,0.0,0.0,0.6286719255509022,0.7215064204687738,4.250582643970713,0.48285311709652856,0.8586611021267916,4.146268954828663,0.0,0.0,0.0
3.8299999999999623,0.0,0.0,-0.0012782444565127248,0.0,0.0,0.0,0.0,0.0,0.0,0.6483930265898012,0.6984656366343329,4.26699074963943,0.5045331025951126,0.8357893416988775,4.1651275012316225,0.0,0.0,0.0
3.839999999999962,0.0,0.0,0.009505713547609103,0.0,0.0,0.0,0.0,0.0,0.0,0.6680187886643261,0.6756283686285061,4.282868161062782,0.5261214326427172,0.8130156202680269,4.183480758872427,0.0,0.0,0.0
3.849999999999962,0.0,0.0,0.0202492319795294,0.0,0.0,0.0,0.0,0.0,0.0,0.6875456782732066,0.6530161919130553,4.29821563043331,0.5476073951294246,0.7903621458698363,4.201328726496755,0.0,0.0,0.0
3.8599999999999617,0.0,0.0,0.03094864716824372,0.0,0.0,0.0,0.0,0.0,0.0,0.7069698140083357,0.6306489560053392,4.313033896365038,0.5689816359604285,0.7678502849808705,4.218671319151739,0.0,0.0,0.0
3.8699999999999615,0.0,0.0,0.041600343828031384,0.0,0.0,0.0,0.0,0.0,0.0,0.7262869516647198,0.6085445863461785,4.327323711144994,0.5902359138088878,0.7455003243074902,4.235508261624492,0.0,0.0,0.0
3.8799999999999613,0.0,0.0,0.052200772084323645,0.0,0.0,0.0,0.0,0.0,0.0,0.7454924796965422,0.5867189031247526,4.341085824421807,0.6113628860525854,0.7233312883168856,4.25183910950249,0.0,0.0,0.0
3.889999999999961,0.0,0.0,0.06274646724817395,0.0,0.0,0.0,0.0,0.0,0.0,0.7645814257743454,0.5651854896560451,4.3543209747651,0.6323559161305509,0.7013607641124642,4.267663242296774,0.0,0.0,0.0
3.899999999999961,0.0,0.0,0.07323407175537393,0.0,0.0,0.0,0.0,0.0,0.0,0.7835484696586098,0.5439556147887248,4.367029875818762,0.6532089053394577,0.6796047539219665,4.282979867544792,0.0,0.0,0.0
3.9099999999999606,0.0,0.0,0.08366035845883849,0.0,0.0,0.0,0.0,0.0,0.0,0.802387959693979,0.523038218658237,4.37921320078266,0.67391614766309,0.6580775585058952,4.297788026506872,0.0,0.0,0.0
3.9199999999999604,0.0,0.0,0.09402225431794622,0.0,0.0,0.0,0.0,0.0,0.0,0.8210939428915949,0.5024399654920488,4.390871562763232,0.6944722063653976,0.6367916985092036,4.312086604351036,0.0,0.0,0.0
3.92999999999996,0.0,0.0,0.10431686347826444,0.0,0.0,0.0,0.0,0.0,0.0,0.8396602312192158,0.48216536582342595,4.402005493830238,0.7148718130555892,0.6157578779815339,4.3258743431251965,0.0,0.0,0.0
3.93999999999996,0.0,0.0,0.11454148866182867,0.0,0.0,0.0,0.0,0.0,0.0,0.8580805040980742,0.4622169652703638,4.4126154253850345,0.7351097970520986,0.5949849940221903,4.339149859354443,0.0,0.0,0.0
3.9499999999999598,0.0,0.0,0.12469364974255916,0.0,0.0,0.0,0.0,0.0,0.0,0.8763484234717291,0.4425955910067496,4.422701669953404,0.7551810501505013,0.5744801936734566,4.351911666487704,0.0,0.0,0.0
3.9599999999999596,0.0,0.0,0.1347710985064243,0.0,0.0,0.0,0.0,0.0,0.0,0.8944577453185036,0.4233006444356264,4.432264406392971,0.7750805206534775,0.5542489755717658,4.3641581998601575,0.0,0.0,0.0
3.9699999999999593,0.0,0.0,0.14477182883954254,0.0,0.0,0.0,0.0,0.0,0.0,0.9124024215729176,0.40433042578666356,4.441303669981107,0.7948032284240774,0.5342953320952974,4.375887843564232,0.0,0.0,0.0
3.979999999999959,0.0,0.0,0.15469408187398123,0.0,0.0,0.0,0.0,0.0,0.0,0.9301766875259458,0.3856824744708809,4.449819348299462,0.8143442951218002,0.5146219256216599,4.387098958457957,0.0,0.0,0.0
3.989999999999959,0.0,0.0,0.16453634593344396,0.0,0.0,0.0,0.0,0.0,0.0,0.9477751298177775,0.3673539086414226,4.45781118352108,0.8336989838925392,0.49523029066315305,4.397789910238087,0.0,0.0,0.0
3.9999999999999587,0.0,0.0,0.1742973514295064,0.0,0.0,0.0,0.0,0.0,0.0,0.9651927306617234,0.34934174836357546,4.465278781110648,0.8528627426160101,0.4761210524973847,4.407959096539436,0.0,0.0,0.0
4.009999999999959,0.0,0.0,0.18397606113251103,0.0,0.0,0.0,0.0,0.0,0.0,0.9824248850558237,0.331643209042046,4.4722216244185935,0.8718312448934444,0.45729415245163113,4.417604972008128,0.0,0.0,0.0
4.019999999999959,0.0,0.0,0.19357165645573207,0.0,0.0,0.0,0.0,0.0,0.0,0.9994673894161333,0.3142559549162205,4.47863909419468,0.8906004233831943,0.43874907031902427,4.426726070435911,0.0,0.0,0.0
4.0299999999999585,0.0,0.0,0.20308352053390938,0.0,0.0,0.0,0.0,0.0,0.0,1.0163164022692004,0.29717830608560325,4.484530491741175,0.9091664909027529,0.42048503538272497,4.435321023269592,0.0,0.0,0.0
4.039999999999958,0.0,0.0,0.21251121894363437,0.0,0.0,0.0,0.0,0.0,0.0,1.032968379876091,0.28040939619666627,4.489895064264433,0.9275259459301509,0.4025012190446657,4.443388574107668,0.0,0.0,0.0
4.049999999999958,0.0,0.0,0.2218544790117317,0.0,0.0,0.0,0.0,0.0,0.0,1.0494200104606688,0.2639492812172901,4.494732030000813,0.9456755606618706,0.38479690387795057,4.450927589090228,0.0,0.0,0.0
4.059999999999958,0.0,0.0,0.2311131695527597,0.0,0.0,0.0,0.0,0.0,0.0,1.065668343467671,0.24779900268381594,4.499040593267638,0.9636123558241451,0.36737162584200533,4.457937063122927,0.0,0.0,0.0
4.069999999999958,0.0,0.0,0.24028728107593408,0.0,0.0,0.0,0.0,0.0,0.0,1.0817109864978944,0.2319606156041587,4.502819968275361,0.9813336157754244,0.3502252884816081,4.464416120339977,0.0,0.0,0.0
4.079999999999957,0.0,0.0,0.2493759246709137,0.0,0.0,0.0,0.0,0.0,0.0,1.0974731083210407,0.21571592851015353,4.504539314176377,0.9988369841344935,0.3333582520673807,4.470364016342058,0.0,0.0,0.0
4.089999999999957,0.0,0.0,0.25837914939832635,0.0,0.0,0.0,0.0,0.0,0.0,1.1131264621045607,0.20073350942200774,4.5076145752485495,1.016065823975196,0.31636261643065194,4.474607441276831,0.0,0.0,0.0
4.099999999999957,0.0,0.0,0.2672980126158694,0.0,0.0,0.0,0.0,0.0,0.0,1.128546256192154,0.1858403902342789,4.509675767256695,1.0331409290723772,0.3001296945312039,4.479703980674494,0.0,0.0,0.0
4.109999999999957,0.0,0.0,0.2761326824377149,0.0,0.0,0.0,0.0,0.0,0.0,1.1437618594079084,0.1713381656999733,4.511322702286254,1.049978851114333,0.28407082643398385,4.483924593056331,0.0,0.0,0.0
4.119999999999957,0.0,0.0,0.28488351447408183,0.0,0.0,0.0,0.0,0.0,0.0,1.1587659559602739,0.1571564447192908,4.51240131895973,1.0665985689442716,0.2683346555548781,4.487704041954327,0.0,0.0,0.0
4.129999999999956,0.0,0.0,0.29355083979456525,0.0,0.0,0.0,0.0,0.0,0.0,1.1735605104556774,0.1433217102528057,4.512951660148282,1.0829945993053263,0.25288559668180993,4.490928826192949,0.0,0.0,0.0
4.139999999999956,0.0,0.0,0.30213500091166634,0.0,0.0,0.0,0.0,0.0,0.0,1.188145019499286,0.12983611460794053,4.512963685203215,1.0991679975307516,0.2377359240887927,4.493627033690505,0.0,0.0,0.0
4.149999999999956,0.0,0.0,0.31063632426676024,0.0,0.0,0.0,0.0,0.0,0.0,1.202519196060187,0.11670876315123735,4.512440384976534,1.1151184249756674,0.22288637758553487,4.495790595723148,0.0,0.0,0.0
4.159999999999956,0.0,0.0,0.3190551115890695,0.0,0.0,0.0,0.0,0.0,0.0,1.2166820608445876,0.10394750368062988,4.511381491649006,1.1308459660256351,0.2083413154294197,4.497421132963941,0.0,0.0,0.0
4.1699999999999555,0.0,0.0,0.32739162888995227,0.0,0.0,0.0,0.0,0.0,0.0,1.2306319684224616,0.0915609423251591,4.509787729288719,1.1463504832754081,0.19410476034428586,4.498518060114989,0.0,0.0,0.0
4.179999999999955,0.0,0.0,0.33564609820511654,0.0,0.0,0.0,0.0,0.0,0.0,1.2443664410447401,0.07955778665872781,4.507659698868224,1.161631592729657,0.18018134080786907,4.499081636888517,0.0,0.0,0.0
4.189999999999955,0.0,0.0,0.34381869006444177,0.0,0.0,0.0,0.0,0.0,0.0,1.257882103453983,0.06794690666613379,4.504998176326546,1.1766884924072778,0.16657596339905634,4.499112126451049,0.0,0.0,0.0
4.199999999999955,0.0,0.0,0.3519095167446714,0.0,0.0,0.0,0.0,0.0,0.0,1.271174649027568,0.0567372245607185,4.501804039228054,1.1915198492701966,0.15329381916360707,4.498609989416388,0.0,0.0,0.0
4.209999999999955,0.0,0.0,0.3599186277298173,0.0,0.0,0.0,0.0,0.0,0.0,1.2842388610480269,0.045937645817081485,4.498078297920657,1.206123700388792,0.14034030923125623,4.4975758147853835,0.0,0.0,0.0
4.2199999999999545,0.0,0.0,0.36784603102644914,0.0,0.0,0.0,0.0,0.0,0.0,1.2970686853327171,0.035556697083168665,4.493822231687126,1.2204973875693959,0.12772099529473283,4.49601032746276,0.0,0.0,0.0
4.229999999999954,0.0,0.0,0.3756917263181974,0.0,0.0,0.0,0.0,0.0,0.0,1.3096573304251597,0.02560202584149529,4.48903741495724,1.2346375274532417,0.11544149675002424,4.493914412755061,0.0,0.0,0.0
4.239999999999954,0.0,0.0,0.3834557170811726,0.0,0.0,0.0,0.0,0.0,0.0,1.3219973782248893,0.016080188062464806,4.48372557830538,1.2485400125423751,0.10350727740419424,4.491289094240913,0.0,0.0,0.0
4.249999999999954,0.0,0.0,0.3911380137549675,0.0,0.0,0.0,0.0,0.0,0.0,1.334080905192738,0.006996631437229617,4.477888585037935,1.2622000364165107,0.09192348641165551,4.488135444740033,0.0,0.0,0.0
4.259999999999954,0.0,0.0,0.3987386350993257,0.0,0.0,0.0,0.0,0.0,0.0,1.3458996038806204,-0.0016442930204538797,4.471528423066444,1.275612142913404,0.08069487826501086,4.4844545916642895,0.0,0.0,0.0
4.269999999999953,0.0,0.0,0.4062576073687253,0.0,0.0,0.0,0.0,0.0,0.0,1.357444899488851,-0.009839299863422024,4.464647193523698,1.288770291186542,0.06982575691780732,4.48024773181005,0.0,0.0,0.0
4.279999999999953,0.0,0.0,0.4136949609520678,0.0,0.0,0.0,0.0,0.0,0.0,1.3687080584035791,-0.017586115937948232,4.457247100594719,1.3016679314369797,0.059319938797055174,4.475516142529618,0.0,0.0,0.0
4.289999999999953,0.0,0.0,0.42105072426939405,0.0,0.0,0.0,0.0,0.0,0.0,1.3796802866716065,-0.02488340621197338,4.449330442032148,1.3142980871653536,0.04918073469605888,4.470261192788173,0.0,0.0,0.0
4.299999999999953,0.0,0.0,0.42832491489751406,0.0,0.0,0.0,0.0,0.0,0.0,1.3903528173925839,-0.0317306809150808,4.440899601074939,1.3266534402546029,0.039410949250579634,4.4644843537189915,0.0,0.0,0.0
4.3099999999999525,0.0,0.0,0.435517528093518,0.0,0.0,0.0,0.0,0.0,0.0,1.400716986796617,-0.038128187786822476,4.431957040243057,1.3387264158613252,0.030012896600025103,4.458187208973695,0.0,0.0,0.0
4.319999999999952,0.0,0.0,0.4426285230760969,0.0,0.0,0.0,0.0,0.0,0.0,1.4107642993652478,-0.04407679440061507,4.42250529745276,1.3505092647440944,0.02098843036100439,4.451371464831324,0.0,0.0,0.0
4.329999999999952,0.0,0.0,0.4495850438090036,0.0,0.0,0.0,0.0,0.0,0.0,1.420484998999195,-0.04893285365430122,4.412241215415968,1.3619941412793284,-0.013335263624210435,4.444038959937886,0.0,0.0,0.0
4.339999999999952,0.0,0.0,0.4564034455821164,0.0,0.0,0.0,0.0,0.0,0.0,1.429880019606245,-0.052718574376415805,4.401588587660759,1.373172796016398,-0.018264335825614188,4.436112926112939,0.0,0.0,0.0
4.349999999999952,0.0,0.0,0.46317522953808105,0.0,0.0,0.0,0.0,0.0,0.0,1.4389391884976628,-0.05631230575262691,4.390792135160439,1.3840434756176254,-0.02298085839079423,4.427752974448048,0.0,0.0,0.0
4.3599999999999515,0.0,0.0,0.4698966683702686,0.0,0.0,0.0,0.0,0.0,0.0,1.447644330908828,-0.05986583783748545,4.379414142511436,1.3945966857105203,-0.027659051537830923,4.419058785730171,0.0,0.0,0.0
4.369999999999951,0.0,0.0,0.476561549436476,0.0,0.0,0.0,0.0,0.0,0.0,1.455991949136239,-0.0632607240030727,4.367549084671721,1.404816787023358,-0.03235946399419145,4.409738260915719,0.0,0.0,0.0
4.379999999999951,0.0,0.0,0.4831641746746947,0.0,0.0,0.0,0.0,0.0,0.0,1.463975715184276,-0.06644553745005988,4.355175234838319,1.414698648640287,-0.03703252412077508,4.3998829365257635,0.0,0.0,0.0
4.389999999999951,0.0,0.0,0.48969923235281504,0.0,0.0,0.0,0.0,0.0,0.0,1.471590220405356,-0.0693649597767454,4.342300571006904,1.4242352085743928,-0.041648361644047636,4.38949349578325,0.0,0.0,0.0
4.399999999999951,0.0,0.0,0.4961638444923074,0.0,0.0,0.0,0.0,0.0,0.0,1.4788404358494829,-0.0717899626049654,4.329382278141361,1.4334201631805652,-0.046170447352707596,4.378587732499566,0.0,0.0,0.0
4.40999999999995,0.0,0.0,0.5025528569468838,0.0,0.0,0.0,0.0,0.0,0.0,1.485695147325641,-0.0741716415473106,4.315331797702217,1.4422555444077203,-0.0504722689347554,4.367524295092592,0.0,0.0,0.0
4.41999999999995,0.0,0.0,0.5088597365701768,0.0,0.0,0.0,0.0,0.0,0.0,1.4921696153355906,-0.0760982535298842,4.300948858903433,1.4507155099886835,-0.05473710595819449,4.355489725363146,0.0,0.0,0.0
4.42999999999995,0.0,0.0,0.5150809948507619,0.0,0.0,0.0,0.0,0.0,0.0,1.4982549301088435,-0.07763407529727351,4.28605262976675,1.4588089113385907,-0.0587775085416892,4.343077030117999,0.0,0.0,0.0
4.43999999999995,0.0,0.0,0.5212131865413513,0.0,0.0,0.0,0.0,0.0,0.0,1.5039480756921393,-0.07874350904480032,4.270692472384138,1.466527260901328,-0.06259513282314953,4.330156661621897,0.0,0.0,0.0
4.4499999999999496,0.0,0.0,0.5272531590519407,0.0,0.0,0.0,0.0,0.0,0.0,1.5092450950870002,-0.0794205656365401,4.2548625878904165,1.4738664078588233,-0.06615157296775369,4.316766902738831,0.0,0.0,0.0
4.459999999999949,0.0,0.0,0.5331979338509619,0.0,0.0,0.0,0.0,0.0,0.0,1.5141427451261351,-0.07965715522048455,4.238570589253409,1.4808215670625091,-0.06942145227193537,4.302904703314894,0.0,0.0,0.0
4.469999999999949,0.0,0.0,0.5390446832796955,0.0,0.0,0.0,0.0,0.0,0.0,1.5186381133338493,-0.07944989388761092,4.221820939800282,1.4873885346107405,-0.0723799000474914,4.288576346534118,0.0,0.0,0.0
4.479999999999949,0.0,0.0,0.5447906873733386,0.0,0.0,0.0,0.0,0.0,0.0,1.5227287190575867,-0.07879782310354733,4.204618909303168,1.4935634171765888,-0.07500562433772029,4.273785465322263,0.0,0.0,0.0
4.489999999999949,0.0,0.0,0.5504332982344698,0.0,0.0,0.0,0.0,0.0,0.0,1.5264124953429374,-0.07770236895045057,4.18696959511845,1.4993427142369753,-0.07728017006655619,4.2585361044230625,0.0,0.0,0.0
4.4999999999999485,0.0,0.0,0.5559699058695932,0.0,0.0,0.0,0.0,0.0,0.0,1.5296877968758054,-0.07616683492847587,4.168878146850878,1.504723312241668,-0.07918801871146076,4.242832107649232,0.0,0.0,0.0
4.509999999999948,0.0,0.0,0.5613979049053655,0.0,0.0,0.0,0.0,0.0,0.0,1.5325545186370526,-0.074197200803507,4.150346556819617,1.509702497073135,-0.08071642964420478,4.2266773612658675,0.0,0.0,0.0
4.519999999999948,0.0,0.0,0.5667146766638761,0.0,0.0,0.0,0.0,0.0,0.0,1.5350138928437342,-0.07179739882424574,4.1313851066767455,1.5142782116144264,-0.08185586829725039,4.21007337244427,0.0,0.0,0.0
4.529999999999948,0.0,0.0,0.571916746824005,0.0,0.0,0.0,0.0,0.0,0.0,1.537065418365952,-0.06896781256878315,4.111998567043274,1.5184496221174533,-0.08259774936313419,4.193028068620834,0.0,0.0,0.0
4.539999999999948,0.0,0.0,0.5770015401650068,0.0,0.0,0.0,0.0,0.0,0.0,1.5387074251288586,-0.06571872167651405,4.092189695740835,1.522215777167784,-0.08293535381380698,4.17554658921107,0.0,0.0,0.0
4.549999999999947,0.0,0.0,0.5819672422646518,0.0,0.0,0.0,0.0,0.0,0.0,1.5399391438139562,-0.062065810375048436,4.071966986936426,1.525575125091239,-0.0828645188112446,4.157630256949939,0.0,0.0,0.0
4.559999999999947,0.0,0.0,0.5868109819423533,0.0,0.0,0.0,0.0,0.0,0.0,1.540760705542018,-0.0580193636305153,4.051332393903566,1.528526492159086,-0.08238580323696841,4.139285261225059,0.0,0.0,0.0
4.569999999999947,0.0,0.0,0.5915297749750886,0.0,0.0,0.0,0.0,0.0,0.0,1.541173320161261,-0.05358825674535028,4.030292091657969,1.5310691300349437,-0.08150049804832601,4.120513825062227,0.0,0.0,0.0
4.579999999999947,0.0,0.0,0.5961205456139442,0.0,0.0,0.0,0.0,0.0,0.0,1.541179038305924,-0.048782013501407206,4.008851375256455,1.5332029627331523,-0.08021066121344304,4.101321426203233,0.0,0.0,0.0
4.589999999999947,0.0,0.0,0.6005801322007833,0.0,0.0,0.0,0.0,0.0,0.0,1.5407806410530787,-0.04361035742444397,3.9870158903627178,1.5349285273632673,-0.07851981563111374,4.081712970839398,0.0,0.0,0.0
4.599999999999946,0.0,0.0,0.6049052976851902,0.0,0.0,0.0,0.0,0.0,0.0,1.5399815354282018,-0.038083357934140416,3.9647913326467394,1.5362469875743503,-0.07643262712938217,4.0616936961125525,0.0,0.0,0.0
4.609999999999946,0.0,0.0,0.6090927431833874,0.0,0.0,0.0,0.0,0.0,0.0,1.5387857372894378,-0.0322114546819785,3.942183523468232,1.5371601030059368,-0.07395484186543762,4.041268931584227,0.0,0.0,0.0
4.619999999999946,0.0,0.0,0.6131391239266637,0.0,0.0,0.0,0.0,0.0,0.0,1.5371978544297555,-0.026005529811250927,3.9191983924513742,1.5376702248254221,-0.07109318451327112,4.020444143675353,0.0,0.0,0.0
4.629999999999946,0.0,0.0,0.6170410667484316,0.0,0.0,0.0,0.0,0.0,0.0,1.5352230442279624,-0.019476983706562034,3.8958419824679247,1.5377802945235306,-0.06785528866848597,3.9992249118133496,0.0,0.0,0.0
4.6399999999999455,0.0,0.0,0.6207951888048423,0.0,0.0,0.0,0.0,0.0,0.0,1.5328669664179675,-0.012637821820672634,3.8721204470625703,1.5374938267869205,-0.06424964103283468,3.9776169230336142,0.0,0.0,0.0
4.649999999999945,0.0,0.0,0.6244020027906081,0.0,0.0,0.0,0.0,0.0,0.0,1.5301387392913086,-0.005533283283582824,3.848039412074555,1.5368148855890278,-0.06028554220401046,3.9556259628432087,0.0,0.0,0.0
4.659999999999945,0.0,0.0,0.6278560045488227,0.0,0.0,0.0,0.0,0.0,0.0,1.5270525948154878,0.001839676928844236,3.8235983713337696,1.5357487065685393,-0.05597900813082414,3.933252763930398,0.0,0.0,0.0
4.669999999999945,0.0,0.0,0.6311487143613671,0.0,0.0,0.0,0.0,0.0,0.0,1.523623655897413,0.009511934034085678,3.7988063765636406,1.53430364060248,-0.05134598943294684,3.910504005413507,0.0,0.0,0.0
4.679999999999945,0.0,0.0,0.6342783949884887,0.0,0.0,0.0,0.0,0.0,0.0,1.5198660622805733,0.017458472702364114,3.7736766949031324,1.5324900304283398,-0.04638311665730254,3.887389870836775,0.0,0.0,0.0
4.689999999999944,0.0,0.0,0.6372431323943899,0.0,0.0,0.0,0.0,0.0,0.0,1.515794728459334,0.02565285818990226,3.7482138909975995,1.5303185075084398,-0.04110199582749517,3.863919634549574,0.0,0.0,0.0
4.699999999999944,0.0,0.0,0.6400407688900667,0.0,0.0,0.0,0.0,0.0,0.0,1.5114259726881227,0.03407101847313321,3.722424493561592,1.5278005654305569,-0.035516884525198855,3.8400967223296445,0.0,0.0,0.0
4.709999999999944,0.0,0.0,0.6426701971268283,0.0,0.0,0.0,0.0,0.0,0.0,1.5067917638551642,0.04281213637693715,3.696840785219125,1.5249489610640912,-0.029642838282891187,3.815926661856815,0.0,0.0,0.0
4.719999999999944,0.0,0.0,0.6451287339261313,0.0,0.0,0.0,0.0,0.0,0.0,1.5018781799893535,0.051579222558972626,3.670388342732956,1.5217893421716995,-0.02343676727169488,3.791834842544738,0.0,0.0,0.0
4.729999999999944,0.0,0.0,0.6474124630423748,0.0,0.0,0.0,0.0,0.0,0.0,1.4967259080846158,0.06054363300462762,3.6437813839951643,1.5183121556262493,-0.017035229969422444,3.7669849957069412,0.0,0.0,0.0
4.739999999999943,0.0,0.0,0.6495186661448449,0.0,0.0,0.0,0.0,0.0,0.0,1.4913479908016094,0.0696415295629218,3.6168488913565886,1.5145491009807748,-0.010379870444460645,3.7419242640261827,0.0,0.0,0.0
4.749999999999943,0.0,0.0,0.6515025531903939,0.0,0.0,0.0,0.0,0.0,0.0,1.4857642237763506,0.0783653920994094,3.5897534664018886,1.5105125435775004,0.013342571189445283,3.7165242089455996,0.0,0.0,0.0
4.759999999999943,0.0,0.0,0.6533508541003933,0.0,0.0,0.0,0.0,0.0,0.0,1.4799868282169166,0.08673603786724815,3.562343661660115,1.5062202262051425,0.018385623370499156,3.6908569648863576,0.0,0.0,0.0
4.769999999999943,0.0,0.0,0.6549932890238738,0.0,0.0,0.0,0.0,0.0,0.0,1.4740319461494857,0.09532615341340445,3.534548205632265,1.5016852925010855,0.02372838308761774,3.6648620135987517,0.0,0.0,0.0
4.7799999999999425,0.0,0.0,0.6564292766435913,0.0,0.0,0.0,0.0,0.0,0.0,1.4679169926523519,0.10413278956648764,3.5065203496229764,1.4969243605879972,0.029477945733514387,3.638516197610036,0.0,0.0,0.0
4.789999999999942,0.0,0.0,0.6576617242265375,0.0,0.0,0.0,0.0,0.0,0.0,1.4616497502838388,0.1130822971698735,3.4782389382132504,1.491955966992642,0.03562967637787095,3.6119300916719492,0.0,0.0,0.0
4.799999999999942,0.0,0.0,0.6586931282745678,0.0,0.0,0.0,0.0,0.0,0.0,1.45523642813223,0.12211038313357236,3.4497201718016104,1.4867922132013869,0.04215158218237103,3.5850811584507767,0.0,0.0,0.0
4.809999999999942,0.0,0.0,0.6595254566123541,0.0,0.0,0.0,0.0,0.0,0.0,1.4486797508550424,0.13115343078463604,3.4209697027203836,1.4814443048007309,0.049010174150135095,3.5579779623474983,0.0,0.0,0.0
4.819999999999942,0.0,0.0,0.6601600626186842,0.0,0.0,0.0,0.0,0.0,0.0,1.4419793901451359,0.14015174425703303,3.391995225299918,1.4759210063446582,0.056167291735832556,3.5306228433015896,0.0,0.0,0.0
4.8299999999999415,0.0,0.0,0.6605976308781628,0.0,0.0,0.0,0.0,0.0,0.0,1.4351319106607674,0.14904958683152048,3.3628033929806387,1.4702287909483007,0.06358183467265044,3.5030212188446654,0.0,0.0,0.0
4.839999999999941,0.0,0.0,0.6608381410092586,0.0,0.0,0.0,0.0,0.0,0.0,1.428130997020045,0.1577958908224586,3.33340074983522,1.464371625078579,0.0712102783184283,3.475178865643453,0.0,0.0,0.0
4.849999999999941,0.0,0.0,0.6608808488240311,0.0,0.0,0.0,0.0,0.0,0.0,1.4209677430615117,0.16634473944289374,3.3037936012700175,1.458350956380551,0.07900751125506475,3.4471023547622663,0.0,0.0,0.0
4.859999999999941,0.0,0.0,0.6607242840139427,0.0,0.0,0.0,0.0,0.0,0.0,1.4136310424768344,0.17465586983602188,3.2739881468988,1.4521657558589287,0.08692761544488652,3.418798712583517,0.0,0.0,0.0
4.869999999999941,0.0,0.0,0.660370963908265,0.0,0.0,0.0,0.0,0.0,0.0,1.4061081042164745,0.18264293136701037,3.243996431246613,1.445812652327973,0.09492468192498398,3.39027532180413,0.0,0.0,0.0
4.87999999999994,0.0,0.0,0.6598171201889349,0.0,0.0,0.0,0.0,0.0,0.0,1.3983844452263992,0.19028354383636226,3.2138160538321507,1.4392861567804178,0.10294519643634334,3.3615414296260226,0.0,0.0,0.0
4.88999999999994,0.0,0.0,0.6590539090928644,0.0,0.0,0.0,0.0,0.0,0.0,1.3904453633833895,0.1976164629276117,3.1834496720674763,1.4325786355334342,0.11093232045526465,3.3326012702007772,0.0,0.0,0.0
4.89999999999994,0.0,0.0,0.6580773387746899,0.0,0.0,0.0,0.0,0.0,0.0,1.3822762389214251,0.20462968597228415,3.1529113965035176,1.4256812723822019,0.11886095776408728,3.303461338993013,0.0,0.0,0.0
4.90999999999994,0.0,0.0,0.6568830808277938,0.0,0.0,0.0,0.0,0.0,0.0,1.373862099101949,0.21131642255645405,3.122206173858812,1.4185843133087572,0.12669614446728394,3.2741349402711717,0.0,0.0,0.0
4.9199999999999395,0.0,0.0,0.655466568551281,0.0,0.0,0.0,0.0,0.0,0.0,1.3651887894719728,0.2176764406775163,3.0913416212638514,1.411276759850592,0.13440595557672377,3.2446280519600252,0.0,0.0,0.0
4.929999999999939,0.0,0.0,0.6538231528681935,0.0,0.0,0.0,0.0,0.0,0.0,1.356243147887561,0.22371520050277227,3.060324995541702,1.4037472642973707,0.1419626290599872,3.214948479515443,0.0,0.0,0.0
4.939999999999939,0.0,0.0,0.6519482676496908,0.0,0.0,0.0,0.0,0.0,0.0,1.347013355484837,0.22944310315432948,3.029164005952863,1.3959843470416513,0.1493427705587984,3.1851034094435513,0.0,0.0,0.0
4.949999999999939,0.0,0.0,0.6498375948819185,0.0,0.0,0.0,0.0,0.0,0.0,1.3374891401131705,0.2348744497792582,2.9978666678895953,1.3879767629939679,0.1565275387079902,3.1550999949022986,0.0,0.0,0.0
4.959999999999939,0.0,0.0,0.6474872170074263,0.0,0.0,0.0,0.0,0.0,0.0,1.3276618331625687,0.24002626625137136,2.9664416989720532,1.3797137857442303,0.16350260894139856,3.124945222383438,0.0,0.0,0.0
4.9699999999999385,0.0,0.0,0.6448937446986669,0.0,0.0,0.0,0.0,0.0,0.0,1.3175241416322165,0.2449170130359684,2.9348983221954996,1.3711854453433263,0.1702579636600821,3.094646243288936,0.0,0.0,0.0
4.979999999999938,0.0,0.0,0.6420544144626011,0.0,0.0,0.0,0.0,0.0,0.0,1.3070697984861805,0.24956531254021708,2.903245803674282,1.362382602564073,0.1767874961173637,3.0642102589394673,0.0,0.0,0.0
4.989999999999938,0.0,0.0,0.6389671541271811,0.0,0.0,0.0,0.0,0.0,0.0,1.296293297937016,0.25398879783017847,2.871493371243362,1.353296896357922,0.1830884759660428,3.0336442033509172,0.0,0.0,0.0
4.999999999999938,0.0,0.0,0.6356713808363469,0.0,0.0,0.0,0.0,0.0,0.0,1.2851906362357517,0.2574665553278243,2.8396206668458825,1.343920675220784,0.18916092576270863,3.0029547456322607,0.0,0.0,0.0
5.009999999999938,0.0,0.0,0.6321515131864329,0.0,0.0,0.0,0.0,0.0,0.0,1.2737597296397976,0.260182933017982,2.8076665427747987,1.3342464445028128,0.1948794427524001,2.9721316211890985,0.0,0.0,0.0
5.019999999999937,0.0,0.0,0.628359180324315,0.0,0.0,0.0,0.0,0.0,0.0,1.261995714851111,0.26302912629058584,2.7756727527340215,1.3242712794996099,0.20006737339734826,2.9412071283066203,0.0,0.0,0.0
5.029999999999937,0.0,0.0,0.6243005707982449,0.0,0.0,0.0,0.0,0.0,0.0,1.2498909282561654,0.2659539007753192,2.743606310592957,1.313989228182001,0.20500389802820018,2.910206309983096,0.0,0.0,0.0
5.039999999999937,0.0,0.0,0.6199815467265305,0.0,0.0,0.0,0.0,0.0,0.0,1.2374437686264097,0.26890627518103954,2.711486083005039,1.3033915476395939,0.20972454094110782,2.8790992370462845,0.0,0.0,0.0
5.049999999999937,0.0,0.0,0.615407351572557,0.0,0.0,0.0,0.0,0.0,0.0,1.2246523183922982,0.2718450172147972,2.6793167061797445,1.2924739105069982,0.21425316383333345,2.8478986534460233,0.0,0.0,0.0
5.0599999999999365,0.0,0.0,0.6105827632387735,0.0,0.0,0.0,0.0,0.0,0.0,1.2115150291630088,0.27473629690598345,2.6471064384795806,1.281231966173193,0.21860708204626933,2.8166071945394235,0.0,0.0,0.0
5.069999999999936,0.0,0.0,0.6055122060377188,0.0,0.0,0.0,0.0,0.0,0.0,1.198029470964224,0.27755268302179525,2.614862400798736,1.2696622624653353,0.2227982664156782,2.785231073294873,0.0,0.0,0.0
5.079999999999936,0.0,0.0,0.6001998560848002,0.0,0.0,0.0,0.0,0.0,0.0,1.1841926852105138,0.2802721169815895,2.5825918749331094,1.2577613800929912,0.22683471050406948,2.753776045521197,0.0,0.0,0.0
5.089999999999936,0.0,0.0,0.594649728541435,0.0,0.0,0.0,0.0,0.0,0.0,1.170001542589577,0.2828771555211491,2.550301987580338,1.2455259282178281,0.2307214378295792,2.722248276605947,0.0,0.0,0.0
5.099999999999936,0.0,0.0,0.5888657503753726,0.0,0.0,0.0,0.0,0.0,0.0,1.1554532113802356,0.28535425928852376,2.51799982660416,1.2329525601805733,0.23446136402730525,2.6906539945079295,0.0,0.0,0.0
5.1099999999999355,0.0,0.0,0.582851821069256,0.0,0.0,0.0,0.0,0.0,0.0,1.1405456276594004,0.28769311214309434,2.485692420571956,1.2200381173637806,0.23805596756907277,2.6589995297792686,0.0,0.0,0.0
5.119999999999935,0.0,0.0,0.5766118617611738,0.0,0.0,0.0,0.0,0.0,0.0,1.125277936232048,0.28988592874079544,2.45338674120994,1.2067798334550177,0.24150580007034256,2.6272912800321766,0.0,0.0,0.0
5.129999999999935,0.0,0.0,0.5701498523979199,0.0,0.0,0.0,0.0,0.0,0.0,1.1096508563753347,0.2919267494274167,2.4210896909938042,1.1931755817754417,0.24481084091620375,2.5955357150668816,0.0,0.0,0.0
5.139999999999935,0.0,0.0,0.5634698564331597,0.0,0.0,0.0,0.0,0.0,0.0,1.0936669455033983,0.2938107348179093,2.3888080920033827,1.1792241317364929,0.24797071127765927,2.5637393842704843,0.0,0.0,0.0
5.149999999999935,0.0,0.0,0.5565760331218245,0.0,0.0,0.0,0.0,0.0,0.0,1.0773307472436242,0.29553348543123104,2.3565486766568435,1.1649253875911552,0.25098476396088854,2.5319089318633132,0.0,0.0,0.0
5.159999999999934,0.0,0.0,0.5494726382427211,0.0,0.0,0.0,0.0,0.0,0.0,1.0606488249849995,0.2970904154674894,2.3243180838809505,1.150280587175869,0.2538520701880724,2.5000511145243425,0.0,0.0,0.0
5.169999999999934,0.0,0.0,0.5421398296840851,0.0,0.0,0.0,0.0,0.0,0.0,1.0428291661600784,0.29851551070230586,2.29197759446375,1.1352924459309928,0.256571327126684,2.468172819536462,0.0,0.0,0.0
5.179999999999934,0.0,0.0,0.5345894074074382,0.0,0.0,0.0,0.0,0.0,0.0,1.0241451773315973,0.2997520950378304,2.259788041801862,1.119753516457626,0.25916294426898784,2.4361036230515403,0.0,0.0,0.0
5.189999999999934,0.0,0.0,0.5268559372912136,0.0,0.0,0.0,0.0,0.0,0.0,1.0055880600446636,0.30075894752812915,2.2278108922979367,1.103458933941944,0.2616007287530355,2.4041117386591226,0.0,0.0,0.0
5.199999999999934,0.0,0.0,0.5189407207668256,0.0,0.0,0.0,0.0,0.0,0.0,0.9870413851365718,0.3015770938396394,2.195814788449262,1.0868894001603635,0.2638612001437381,2.3722898474595135,0.0,0.0,0.0
5.209999999999933,0.0,0.0,0.5108452809426924,0.0,0.0,0.0,0.0,0.0,0.0,0.9684360965499084,0.3021882136192806,2.163872536979455,1.0700668270114535,0.2659625275634526,2.3404434521176167,0.0,0.0,0.0
5.219999999999933,0.0,0.0,0.5025720157311848,0.0,0.0,0.0,0.0,0.0,0.0,0.9497201383092573,0.3025838966619372,2.131978378058454,1.0530169258877906,0.2678953841339233,2.308621875223265,0.0,0.0,0.0
5.229999999999933,0.0,0.0,0.49412386609694814,0.0,0.0,0.0,0.0,0.0,0.0,0.9308635262995273,0.3027493168076345,2.1001462144823613,1.0357511070832353,0.26965555464410984,2.2768165150674906,0.0,0.0,0.0
5.239999999999933,0.0,0.0,0.4855041165867418,0.0,0.0,0.0,0.0,0.0,0.0,0.9118488536191767,0.302668739664411,2.0683841868934643,1.0182787862643417,0.2712353237738283,2.2450368528960563,0.0,0.0,0.0
5.2499999999999325,0.0,0.0,0.47671622323029805,0.0,0.0,0.0,0.0,0.0,0.0,0.8926670027437362,0.30232443046979074,2.036701783773073,1.0006069508459254,0.2726259501296344,2.213289603469404,0.0,0.0,0.0
5.259999999999932,0.0,0.0,0.4677637032886547,0.0,0.0,0.0,0.0,0.0,0.0,0.87331338830775,0.30169747503539224,2.0051078619778115,0.9827417043709582,0.27381700917134993,2.1815836385414125,0.0,0.0,0.0
5.269999999999932,0.0,0.0,0.4586501105912599,0.0,0.0,0.0,0.0,0.0,0.0,0.853787270865421,0.30076810368797746,1.9736109547959795,0.9646882416257736,0.27479670038100046,2.1499280248386943,0.0,0.0,0.0
5.279999999999932,0.0,0.0,0.44937903012701313,0.0,0.0,0.0,0.0,0.0,0.0,0.8340916074178217,0.29951610727820954,1.9422192125855078,0.9464515107046431,0.2755519472060928,2.1183320604593936,0.0,0.0,0.0
5.289999999999932,0.0,0.0,0.4399540635371392,0.0,0.0,0.0,0.0,0.0,0.0,0.8142325817601048,0.2979212073136315,1.9109405765268797,0.9280369135621327,0.27606857768649956,2.0868050720988807,0.0,0.0,0.0
5.299999999999931,0.0,0.0,0.4303788107169143,0.0,0.0,0.0,0.0,0.0,0.0,0.7942189325251838,0.2959634243924967,1.879782856771149,0.9094507267074394,0.276331521258746,2.055356405625296,0.0,0.0,0.0
5.309999999999931,0.0,0.0,0.42065685158164456,0.0,0.0,0.0,0.0,0.0,0.0,0.7740612298755338,0.2936234060753813,1.8487537998699028,0.8907002672425568,0.2763250435353182,2.023995361933309,0.0,0.0,0.0
5.319999999999931,0.0,0.0,0.4107917305675812,0.0,0.0,0.0,0.0,0.0,0.0,0.753771191741583,0.29088270770853564,1.8178611259608788,0.8717938803975558,0.2760329955997263,1.9927311494664006,0.0,0.0,0.0
5.329999999999931,0.0,0.0,0.4007869451386634,0.0,0.0,0.0,0.0,0.0,0.0,0.7333610951070462,0.28772401798606606,1.7871125473758873,0.8527408094937597,0.27543906783791317,1.9615728394850946,0.0,0.0,0.0
5.339999999999931,0.0,0.0,0.3906459386035548,0.0,0.0,0.0,0.0,0.0,0.0,0.7128433056253305,0.2841313277341504,1.756515772975849,0.8335510016658902,0.27452703643067605,1.9305293316997623,0.0,0.0,0.0
5.34999999999993,0.0,0.0,0.3803720969204754,0.0,0.0,0.0,0.0,0.0,0.0,0.6922299277160564,0.2800900437810494,1.7260785041314461,0.8142348892924016,0.2732809936794097,1.8996093303879118,0.0,0.0,0.0
5.35999999999993,0.0,0.0,0.3699687488282865,0.0,0.0,0.0,0.0,0.0,0.0,0.6715325640344867,0.2755870528171007,1.69580842663378,0.7948031751317204,0.27168555542817824,1.8688213314918891,0.0,0.0,0.0
5.36999999999993,0.0,0.0,0.35943916851823243,0.0,0.0,0.0,0.0,0.0,0.0,0.6507621665458325,0.27061074197669077,1.6657132017221392,0.7752666386195554,0.26972604125808863,1.838173619729267,0.0,0.0,0.0
5.37999999999993,0.0,0.0,0.3487865800805091,0.0,0.0,0.0,0.0,0.0,0.0,0.6299289593629376,0.2651509838299304,1.6358004581682626,0.7556359725239354,0.2673886252502407,1.8076742741657064,0.0,0.0,0.0
5.3899999999999295,0.0,0.0,0.33801416306257687,0.0,0.0,0.0,0.0,0.0,0.0,0.6090424144338769,0.2591990936540729,1.606077786354539,0.7359216531279876,0.26466045694247947,1.777331180276024,0.0,0.0,0.0
5.399999999999929,0.0,0.0,0.32712505861570207,0.0,0.0,0.0,0.0,0.0,0.0,0.588111263785565,0.2527477664810951,1.5765527345319539,0.7161338431109664,0.26152975355034924,1.7471520464101344,0.0,0.0,0.0
5.409999999999929,0.0,0.0,0.316122375850174,0.0,0.0,0.0,0.0,0.0,0.0,0.5671435353764056,0.24579100067469284,1.5472328069670933,0.6962823239546032,0.2579858655868109,1.717144422680953,0.0,0.0,0.0
5.419999999999929,0.0,0.0,0.3050091981480775,0.0,0.0,0.0,0.0,0.0,0.0,0.5461466030140771,0.23832401384233082,1.5181254634481514,0.6763764536126803,0.2540193187229825,1.68731572055039,0.0,0.0,0.0
5.429999999999929,0.0,0.0,0.2937885892850959,0.0,0.0,0.0,0.0,0.0,0.0,0.5251272438368633,0.23034315586509768,1.4892381195612787,0.6564251449602865,0.24962183513317876,1.6576732317383198,0.0,0.0,0.0
5.4399999999999284,0.0,0.0,0.28246359928680653,0.0,0.0,0.0,0.0,0.0,0.0,0.5040916993362958,0.22184582282282816,1.460578147207986,0.6364368608536749,0.24478633771894914,1.6282241454590631,0.0,0.0,0.0
5.449999999999928,0.0,0.0,0.27103726999257866,0.0,0.0,0.0,0.0,0.0,0.0,0.4830457377700166,0.21283037466445398,1.4321528749532693,0.6164196222230188,0.239506940567911,1.5989755633540883,0.0,0.0,0.0
5.459999999999928,0.0,0.0,0.2595126403255865,0.0,0.0,0.0,0.0,0.0,0.0,0.46199471710856255,0.20329605865601597,1.40396958793549,0.5963810263085827,0.23377892882769521,1.5699345118058023,0.0,0.0,0.0
5.469999999999928,0.0,0.0,0.24789275127552268,0.0,0.0,0.0,0.0,0.0,0.0,0.44094364843300404,0.1932429399458111,1.3760355272083291,0.57632827281811,0.22759873090852442,1.5411079515720232,0.0,0.0,0.0
5.479999999999928,0.0,0.0,0.2361806505961764,0.0,0.0,0.0,0.0,0.0,0.0,0.41989726002735894,0.18267184002064107,1.3483578885079588,0.556268196352711,0.22096388560812188,1.512502784870076,0.0,0.0,0.0
5.489999999999927,0.0,0.0,0.22437938426980703,0.0,0.0,0.0,0.0,0.0,0.0,0.39886045127833736,0.17158256025934415,1.320949305517147,0.5362073038764336,0.21387300640938442,1.4841258601665566,0.0,0.0,0.0
5.499999999999927,0.0,0.0,0.2124920042329025,0.0,0.0,0.0,0.0,0.0,0.0,0.3778346874621443,0.15998001715805277,1.2938092940906867,0.5161523295426653,0.20632482335102162,1.4559881232972929,0.0,0.0,0.0
5.509999999999927,0.0,0.0,0.20052160094536403,0.0,0.0,0.0,0.0,0.0,0.0,0.3568229748837477,0.14786830382863503,1.266941242499503,0.49610786226002873,0.19832129735926435,1.4280905937828643,0.0,0.0,0.0
5.519999999999927,0.0,0.0,0.1884713045405433,0.0,0.0,0.0,0.0,0.0,0.0,0.33583153220050477,0.135248226702545,1.2403594345044053,0.47607876505968494,0.18986480110676734,1.4004370675717794,0.0,0.0,0.0
5.5299999999999265,0.0,0.0,0.17634427059313276,0.0,0.0,0.0,0.0,0.0,0.0,0.31486492528637555,0.1221242416756314,1.2140690659532443,0.45607144757583595,0.18095671488103693,1.3730395992271274,0.0,0.0,0.0
5.539999999999926,0.0,0.0,0.16414367976969307,0.0,0.0,0.0,0.0,0.0,0.0,0.2939282242488739,0.1085006306431544,1.188077430385258,0.43609135303270524,0.17160074176978976,1.3459036149429309,0.0,0.0,0.0
5.549999999999926,0.0,0.0,0.15187295471187082,0.0,0.0,0.0,0.0,0.0,0.0,0.27304343019712607,0.09438243970135218,1.1623876406674858,0.41614418456433233,0.16180112696893975,1.3190360214513963,0.0,0.0,0.0
5.559999999999926,0.0,0.0,0.13953511645510103,0.0,0.0,0.0,0.0,0.0,0.0,0.2523612317129822,0.0795230583322537,1.1377303403259509,0.39623891058527283,0.1515630726305035,1.2924423641955158,0.0,0.0,0.0
5.569999999999926,0.0,0.0,0.12713313409721705,0.0,0.0,0.0,0.0,0.0,0.0,0.23150443702626444,0.06452253819263332,1.1124453855827126,0.376473139505615,0.1407658175249244,1.266669106711582,0.0,0.0,0.0
5.5799999999999255,0.0,0.0,0.11467045915170285,0.0,0.0,0.0,0.0,0.0,0.0,0.21073508617083725,0.04896116097964143,1.0877216305858015,0.35664682901285866,0.1296978637319627,1.2405039599516563,0.0,0.0,0.0
5.589999999999925,0.0,0.0,0.10215052499799715,0.0,0.0,0.0,0.0,0.0,0.0,0.19000397591903195,0.03294468637584336,1.0632841133844944,0.3368968976080562,0.11817825330559484,1.214791778070226,0.0,0.0,0.0
5.599999999999925,0.0,0.0,0.0895767853279817,0.0,0.0,0.0,0.0,0.0,0.0,0.16933586767451558,0.01645339752549191,1.0392060196152697,0.3171990697835115,0.10625855941392844,1.1893432040883642,0.0,0.0,0.0
5.609999999999925,0.0,0.0,0.07695271288984265,0.0,0.0,0.0,0.0,0.0,0.0,0.1487367894514715,-0.000502037551420198,1.0154766364928205,0.29756800264712774,0.09393604587216128,1.164212926009159,0.0,0.0,0.0
5.619999999999925,0.0,0.0,0.06428180431848,0.0,0.0,0.0,0.0,0.0,0.0,0.12821652748813817,-0.01791829106471754,0.9921054176542821,0.2780094640329441,0.0812217623072751,1.139396544760953,0.0,0.0,0.0
5.629999999999924,0.0,0.0,0.05156758351271103,0.0,0.0,0.0,0.0,0.0,0.0,0.10778322470148383,-0.03579022729081727,0.9690970401938392,0.25853160977905665,0.0681242143812136,1.1149033093927445,0.0,0.0,0.0
5.639999999999924,0.0,0.0,0.03881360511457861,0.0,0.0,0.0,0.0,0.0,0.0,0.08744470198199972,-0.054113029273590296,0.9464573178006706,0.23914214779404067,0.05465328226627166,1.0907388598581327,0.0,0.0,0.0
5.649999999999924,0.0,0.0,0.02602345761341921,0.0,0.0,0.0,0.0,0.0,0.0,0.06720817150951852,-0.07288163013096849,0.9241917796938803,0.21984889384819384,0.040819336698299596,1.0669093613310938,0.0,0.0,0.0
5.659999999999924,0.0,0.0,0.013200757492599816,0.0,0.0,0.0,0.0,0.0,0.0,0.04708109668996263,-0.09209618045236656,0.9023219067463393,0.20065955223769724,0.02663350439219666,1.0434205678067583,0.0,0.0,0.0
5.6699999999999235,0.0,0.0,0.000349171531844673,0.0,0.0,0.0,0.0,0.0,0.0,0.027059070974591926,-0.1117408501161985,0.8808277083303993,0.18158302794399014,0.012105191555059472,1.0202891064355888,0.0,0.0,0.0
5.679999999999923,0.0,0.0,-0.012535770810550679,0.0,0.0,0.0,0.0,0.0,0.0,0.00714939199500253,-0.1313595767134772,0.8598739351848823,0.16262228002570606,-0.022750383783550474,0.997502537200053,0.0,0.0,0.0
5.689999999999923,0.0,0.0,-0.025448059967260083,0.0,0.0,0.0,0.0,0.0,0.0,-0.012675653570835,-0.15103318254009457,0.8392535271369581,0.1437830879669681,-0.03593291609230022,0.9750992945791376,0.0,0.0,0.0
5.699999999999923,0.0,0.0,-0.03837443127087022,0.0,0.0,0.0,0.0,0.0,0.0,-0.03236225508932855,-0.17130214771509378,0.8188428568113404,0.1250555538968943,-0.049910477636102894,0.9530215346200838,0.0,0.0,0.0
5.709999999999923,0.0,0.0,-0.05131290847003034,0.0,0.0,0.0,0.0,0.0,0.0,-0.05183604285954346,-0.19214651463748433,0.7989056176873623,0.10645817970536901,-0.06480614279196648,0.9312226584379463,0.0,0.0,0.0
5.7199999999999225,0.0,0.0,-0.06426039534278241,0.0,0.0,0.0,0.0,0.0,0.0,-0.07112880765447516,-0.21348411914817644,0.7793798927608051,0.08803363066563331,-0.08062258609266715,0.9098602884897549,0.0,0.0,0.0
5.729999999999922,0.0,0.0,-0.07721374262249042,0.0,0.0,0.0,0.0,0.0,0.0,-0.09023242928106145,-0.23527120615011388,0.7602810008293401,0.069778418566502,-0.09731969501492964,0.8888858711077527,0.0,0.0,0.0
5.739999999999922,0.0,0.0,-0.09016972785225046,0.0,0.0,0.0,0.0,0.0,0.0,-0.10914174418945,-0.25746422684404635,0.7416112286596419,0.0517018236069251,-0.1148664110287312,0.8683046397457098,0.0,0.0,0.0
5.749999999999922,0.0,0.0,-0.10312505479554837,0.0,0.0,0.0,0.0,0.0,0.0,-0.12785086454750094,-0.28002516596744664,0.7233752711684713,0.03381160379661872,-0.13322636037190563,0.8481150384928857,0.0,0.0,0.0
5.759999999999922,0.0,0.0,-0.11607635452944215,0.0,0.0,0.0,0.0,0.0,0.0,-0.14635398307988856,-0.30291974923611287,0.7055769277525865,0.016115584012560517,-0.15236092375112953,0.8283183159105453,0.0,0.0,0.0
5.769999999999921,0.0,0.0,-0.129030219743442,0.0,0.0,0.0,0.0,0.0,0.0,-0.16383825333111712,-0.3261168381195203,0.6880167665847035,-0.029708245670021435,-0.17222929216440835,0.8089160916235348,0.0,0.0,0.0
5.779999999999921,0.0,0.0,-0.1419841453331516,0.0,0.0,0.0,0.0,0.0,0.0,-0.18041289721390452,-0.34966991572551986,0.6709594967889672,-0.04394597597638112,-0.1927890836590585,0.7898650045349637,0.0,0.0,0.0
5.789999999999921,0.0,0.0,-0.15492299470974408,0.0,0.0,0.0,0.0,0.0,0.0,-0.19703684172591318,-0.3735204610962475,0.6545834948763607,-0.05851970767960765,-0.21404100372502294,0.7712534062274847,0.0,0.0,0.0
5.799999999999921,0.0,0.0,-0.16784297296030962,0.0,0.0,0.0,0.0,0.0,0.0,-0.21370886284837165,-0.3975407627991143,0.638607744110735,-0.07359501448613048,-0.2359323186171539,0.7531505032018495,0.0,0.0,0.0
5.809999999999921,0.0,0.0,-0.1807462908187371,0.0,0.0,0.0,0.0,0.0,0.0,-0.22997503739545655,-0.42180512050425634,0.6231813106932482,-0.0891451846940032,-0.2583654113277028,0.73539512007319,0.0,0.0,0.0
5.81999999999992,0.0,0.0,-0.1936268431740685,0.0,0.0,0.0,0.0,0.0,0.0,-0.24603022802533925,-0.4462251927073724,0.6081779694861738,-0.10502823990682827,-0.2813430640434868,0.7181305259340885,0.0,0.0,0.0
5.82999999999992,0.0,0.0,-0.20647164850696528,0.0,0.0,0.0,0.0,0.0,0.0,-0.26234913343955224,-0.4707196060500669,0.5935500863423875,-0.12114509031850218,-0.30478773911107043,0.7012376310947932,0.0,0.0,0.0
5.83999999999992,0.0,0.0,-0.2192776764110573,0.0,0.0,0.0,0.0,0.0,0.0,-0.27875636511842217,-0.4953349870921664,0.5794090244412811,-0.13761583388651424,-0.3286177776061187,0.6846668265928401,0.0,0.0,0.0
5.84999999999992,0.0,0.0,-0.23204191205753943,0.0,0.0,0.0,0.0,0.0,0.0,-0.2951419426006687,-0.5200639526701645,0.565725586839573,-0.15437866793239652,-0.35281799622140336,0.6685060206150061,0.0,0.0,0.0
5.8599999999999195,0.0,0.0,-0.24476120830345907,0.0,0.0,0.0,0.0,0.0,0.0,-0.3112579934020381,-0.5451359124349393,0.5531009475790691,-0.17137931402729606,-0.3773498955160649,0.6527520217113058,0.0,0.0,0.0
5.869999999999919,0.0,0.0,-0.25743219617450974,0.0,0.0,0.0,0.0,0.0,0.0,-0.3273654206863772,-0.5700868116552473,0.5403415267472416,-0.188475584522725,-0.402317236469825,0.6378003278984449,0.0,0.0,0.0
5.879999999999919,0.0,0.0,-0.2700512959371122,0.0,0.0,0.0,0.0,0.0,0.0,-0.3432215132355343,-0.5951971506551934,0.5281912969797111,-0.20576316696190441,-0.4274365525165609,0.6229214878721703,0.0,0.0,0.0
5.889999999999919,0.0,0.0,-0.2826148037936745,0.0,0.0,0.0,0.0,0.0,0.0,-0.3588343500775064,-0.620403913865887,0.5165088767381341,-0.2230953303835023,-0.4528301159041562,0.6085586174173069,0.0,0.0,0.0
5.899999999999919,0.0,0.0,-0.2951187715132338,0.0,0.0,0.0,0.0,0.0,0.0,-0.3741789301634868,-0.6457076337695962,0.5053200633542398,-0.24043632016164723,-0.47844268361156483,0.5946319940365811,0.0,0.0,0.0
5.909999999999918,0.0,0.0,-0.30755904199158934,0.0,0.0,0.0,0.0,0.0,0.0,-0.3892436057877604,-0.6711012501987712,0.49463178038517297,-0.25773458155941187,-0.5042543423858546,0.5811583371358632,0.0,0.0,0.0
5.919999999999918,0.0,0.0,-0.31993126788268367,0.0,0.0,0.0,0.0,0.0,0.0,-0.40402323474977697,-0.6965763989891252,0.4844556124097674,-0.27494570211451314,-0.5302432133057249,0.5681430343381905,0.0,0.0,0.0
5.929999999999918,0.0,0.0,-0.33223145250638814,0.0,0.0,0.0,0.0,0.0,0.0,-0.4185244000698045,-0.7220897679524767,0.47479571590943825,-0.292030265587667,-0.556389204481516,0.5555936944600792,0.0,0.0,0.0
5.939999999999918,0.0,0.0,-0.34445466199755376,0.0,0.0,0.0,0.0,0.0,0.0,-0.4327578612892298,-0.7476300473151873,0.46564352542953635,-0.30895757234977234,-0.5826628720172399,0.5435091355172499,0.0,0.0,0.0
5.949999999999918,0.0,0.0,-0.3565952335963253,0.0,0.0,0.0,0.0,0.0,0.0,-0.44673425416537893,-0.7732142568550979,0.4569937067660539,-0.32570324027496445,-0.609032967804707,0.5318881086326115,0.0,0.0,0.0
5.959999999999917,0.0,0.0,-0.3686480314707858,0.0,0.0,0.0,0.0,0.0,0.0,-0.4604655050750406,-0.7988276087805457,0.44886368366519314,-0.3422466804345625,-0.6354912870601899,0.5207291874855426,0.0,0.0,0.0
5.969999999999917,0.0,0.0,-0.3806077187498034,0.0,0.0,0.0,0.0,0.0,0.0,-0.47397083614197055,-0.8244479536757536,0.4412533603748958,-0.358571578075247,-0.662021006634124,0.5100413415877525,0.0,0.0,0.0
5.979999999999917,0.0,0.0,-0.39246878853466466,0.0,0.0,0.0,0.0,0.0,0.0,-0.4872696054823682,-0.8500543349228074,0.43416509169463424,-0.37466957070387125,-0.6886008117177121,0.4998239241947021,0.0,0.0,0.0
5.989999999999917,0.0,0.0,-0.4042256107449362,0.0,0.0,0.0,0.0,0.0,0.0,-0.5003811377768135,-0.8756258425361017,0.4276001371441338,-0.39053668009103454,-0.7152097381551328,0.4900779813957769,0.0,0.0,0.0
5.9999999999999165,0.0,0.0,-0.41587248812329863,0.0,0.0,0.0,0.0,0.0,0.0,-0.513323417626862,-0.9011420139459796,0.4215593481351876,-0.4061730416341551,-0.74182657970383,0.4808043063547115,0.0,0.0,0.0
6.009999999999916,0.0,0.0,-0.42740341781504587,0.0,0.0,0.0,0.0,0.0,0.0,-0.5261137241479912,-0.9265887441377116,0.41606197481774254,-0.42158192446918347,-0.7684302220451382,0.472003841521081,0.0,0.0,0.0
6.019999999999916,0.0,0.0,-0.4388121238644717,0.0,0.0,0.0,0.0,0.0,0.0,-0.5387843741532441,-0.9519367574902717,0.4110871683928399,-0.4367671928272767,-0.7950039365692865,0.4636881583704412,0.0,0.0,0.0
6.029999999999916,0.0,0.0,-0.45009275878937466,0.0,0.0,0.0,0.0,0.0,0.0,-0.5513537684510075,-0.9771611971085163,0.4066191988608403,-0.45174414060514134,-0.821521064451775,0.45584600403707665,0.0,0.0,0.0
6.039999999999916,0.0,0.0,-0.46124003035495303,0.0,0.0,0.0,0.0,0.0,0.0,-0.5638169917103557,-1.002252449831678,0.4026768770454381,-0.4665273278160553,-0.8479569092434109,0.44846945903454677,0.0,0.0,0.0
6.0499999999999154,0.0,0.0,-0.47224890066491954,0.0,0.0,0.0,0.0,0.0,0.0,-0.5761712168319255,-1.0271930055541887,0.39925552178929546,-0.48112155626790587,-0.8742968965848412,0.44157125810299436,0.0,0.0,0.0
6.059999999999915,0.0,0.0,-0.48311456555294724,0.0,0.0,0.0,0.0,0.0,0.0,-0.5884089439422096,-1.0519672130679991,0.39635463524410275,-0.4955331218767041,-0.9005219405107553,0.4351516106932643,0.0,0.0,0.0
6.069999999999915,0.0,0.0,-0.49383246165019723,0.0,0.0,0.0,0.0,0.0,0.0,-0.6005198953753095,-1.076559325581648,0.3939728527886306,-0.5097654918320346,-0.9266146238235345,0.4292130345306089,0.0,0.0,0.0
6.079999999999915,0.0,0.0,-0.5043982631382311,0.0,0.0,0.0,0.0,0.0,0.0,-0.6124912445678838,-1.1009537696873948,0.392108948550868,-0.52381993582211,-0.9525579319036585,0.4237576046574283,0.0,0.0,0.0
6.089999999999915,0.0,0.0,-0.5148078724343652,0.0,0.0,0.0,0.0,0.0,0.0,-0.6243081972383215,-1.1251350051154403,0.3907616563055867,-0.5376953359613285,-0.9783353846258385,0.4187874620605032,0.0,0.0,0.0
6.099999999999914,0.0,0.0,-0.5250574055401432,0.0,0.0,0.0,0.0,0.0,0.0,-0.6359545057618929,-1.1490874821939219,0.38992971387112396,-0.5513882830408589,-1.0039308955441846,0.41430469262074143,0.0,0.0,0.0
6.109999999999914,0.0,0.0,-0.535143173881901,0.0,0.0,0.0,0.0,0.0,0.0,-0.6474129704812857,-1.1727955996036976,0.3896118547911751,-0.5648932219442308,-1.0293286885962782,0.4103113306267479,0.0,0.0,0.0
6.119999999999914,0.0,0.0,-0.5450616640782521,0.0,0.0,0.0,0.0,0.0,0.0,-0.6586658964060281,-1.1962436821325864,0.38980680467557294,-0.5782026688903844,-1.0545132126607246,0.40680933980275896,0.0,0.0,0.0
6.129999999999914,0.0,0.0,-0.5548095169601343,0.0,0.0,0.0,0.0,0.0,0.0,-0.6696954975531373,-1.2194159733839176,0.3905132722009226,-0.5913074723274414,-1.079469070086563,0.40380060209759466,0.0,0.0,0.0
6.1399999999999135,0.0,0.0,-0.5643835069272432,0.0,0.0,0.0,0.0,0.0,0.0,-0.6804842424147093,-1.242296642447009,0.39172993855096383,-0.6041971012651987,-1.1041809585305706,0.40128690833075076,0.0,0.0,0.0
6.149999999999913,0.0,0.0,-0.5737805224894144,0.0,0.0,0.0,0.0,0.0,0.0,-0.6910151389134189,-1.264869802014366,0.3934554458946731,-0.616859944897774,-1.1286336274990665,0.39926995186860487,0.0,0.0,0.0
6.159999999999913,0.0,0.0,-0.5829975512877786,0.0,0.0,0.0,0.0,0.0,0.0,-0.7012678734007152,-1.2871223579983302,0.39570476183881986,-0.6292836103641644,-1.1528118493251331,0.3977513247124567,0.0,0.0,0.0
6.169999999999913,0.0,0.0,-0.5920316653322686,0.0,0.0,0.0,0.0,0.0,0.0,-0.7112343818409164,-1.3090261639800689,0.39845602903523103,-0.6414523735149984,-1.176703726188212,0.3967416539846137,0.0,0.0,0.0
6.179999999999913,0.0,0.0,-0.6008800121103143,0.0,0.0,0.0,0.0,0.0,0.0,-0.7209042791075921,-1.330559441274636,0.4016941966053418,-0.6533573604166747,-1.2002865415724309,0.3962310357312378,0.0,0.0,0.0
6.1899999999999125,0.0,0.0,-0.609539795977943,0.0,0.0,0.0,0.0,0.0,0.0,-0.7302574013056682,-1.3517158365162527,0.40543777876939213,-0.6649884056130377,-1.2235397449018908,0.39621265648295845,0.0,0.0,0.0
6.199999999999912,0.0,0.0,-0.6180082590538625,0.0,0.0,0.0,0.0,0.0,0.0,-0.7392819046182417,-1.372481340696753,0.40968177715665277,-0.6763287384043233,-1.246453162470337,0.3966986477419545,0.0,0.0,0.0
6.209999999999912,0.0,0.0,-0.6262826817220506,0.0,0.0,0.0,0.0,0.0,0.0,-0.7479662443169088,-1.3928430130037128,0.41442511129570425,-0.6873659969112835,-1.2690117209098417,0.397688733647865,0.0,0.0,0.0
6.219999999999912,0.0,0.0,-0.634360382178455,0.0,0.0,0.0,0.0,0.0,0.0,-0.7563004805882043,-1.4127874054218128,0.4196658358938459,-0.6980877044051443,-1.2912015546297009,0.39918452511283903,0.0,0.0,0.0
6.229999999999912,0.0,0.0,-0.6422387142239842,0.0,0.0,0.0,0.0,0.0,0.0,-0.7642759482639592,-1.4323009218083222,0.4254020447328428,-0.7084822279055536,-1.3130087901048522,0.4011870418038583,0.0,0.0,0.0
6.239999999999911,0.0,0.0,-0.6499150673867876,0.0,0.0,0.0,0.0,0.0,0.0,-0.771885219950625,-1.4513698262943597,0.4316316854632314,-0.7185387270050108,-1.3344196999916023,0.40369720237379475,0.0,0.0,0.0
6.249999999999911,0.0,0.0,-0.657386868165738,0.0,0.0,0.0,0.0,0.0,0.0,-0.7791220020088008,-1.4699803254343413,0.43835258927876497,-0.7282472533898341,-1.355420628406488,0.40671574150894846,0.0,0.0,0.0
6.259999999999911,0.0,0.0,-0.6646515823706924,0.0,0.0,0.0,0.0,0.0,0.0,-0.7859810391931696,-1.4881186361956718,0.44556245978423403,-0.7375987842015629,-1.3759979862569605,0.41024323523501294,0.0,0.0,0.0
6.269999999999911,0.0,0.0,-0.6717067182873838,0.0,0.0,0.0,0.0,0.0,0.0,-0.7924580173127491,-1.5057710532379556,0.45325887157117783,-0.746585237510539,-1.3961382525599175,0.41428010089262296,0.0,0.0,0.0
6.2799999999999105,0.0,0.0,-0.6785498715565147,0.0,0.0,0.0,0.0,0.0,0.0,-0.7985507155287686,-1.522898264105705,0.4614478636105832,-0.7551994659126621,-1.415827989262245,0.4188265985549979,0.0,0.0,0.0
6.28999999999991,0.0,0.0,-0.6851786164441551,0.0,0.0,0.0,0.0,0.0,0.0,-0.8042587964093464,-1.5394826037847196,0.4701177512893433,-0.7634355121422965,-1.4350472599525144,0.42388452102971474,0.0,0.0,0.0
6.29999999999991,0.0,0.0,-0.6915905950910275,0.0,0.0,0.0,0.0,0.0,0.0,-0.8095782189626997,-1.555535919985576,0.47925791965749864,-0.7712901885003933,-1.4537699206185026,0.42945112768110527,0.0,0.0,0.0
6.30999999999991,0.0,0.0,-0.6977835373014931,0.0,0.0,0.0,0.0,0.0,0.0,-0.8145045971366123,-1.5710488026152216,0.4888746666015362,-0.7787582885360226,-1.471993609768387,0.4355233563750567,0.0,0.0,0.0
6.31999999999991,0.0,0.0,-0.703755218557378,0.0,0.0,0.0,0.0,0.0,0.0,-0.8190375004088843,-1.5860082694645876,0.4989634690848268,-0.7858341069869832,-1.4897087222929875,0.4421056512350562,0.0,0.0,0.0
6.3299999999999095,0.0,0.0,-0.7095034819022756,0.0,0.0,0.0,0.0,0.0,0.0,-0.8231764910816306,-1.6004021839742943,0.5095213739043989,-0.792514738748605,-1.5069030424812941,0.4491965640894197,0.0,0.0,0.0
6.339999999999909,0.0,0.0,-0.7150262435666012,0.0,0.0,0.0,0.0,0.0,0.0,-0.826921636856889,-1.61421866737683,0.5205449541763723,-0.7987976949628526,-1.5235648433329776,0.4567953665001713,0.0,0.0,0.0
6.349999999999909,0.0,0.0,-0.7203214959042988,0.0,0.0,0.0,0.0,0.0,0.0,-0.8302733696989943,-1.6274462477467968,0.5320306858181354,-0.8046811974954181,-1.5396824792158434,0.4649009475243918,0.0,0.0,0.0
6.359999999999909,0.0,0.0,-0.7253880620034298,0.0,0.0,0.0,0.0,0.0,0.0,-0.8333499177066461,-1.6399459691834495,0.5435234728637273,-0.8101640577052733,-1.5552445191231137,0.47351200105833385,0.0,0.0,0.0
6.369999999999909,0.0,0.0,-0.7302238840737664,0.0,0.0,0.0,0.0,0.0,0.0,-0.8358456100733902,-1.6520351889016216,0.5561108413492044,-0.8153299768840415,-1.5701357615956173,0.4823555165874673,0.0,0.0,0.0
6.379999999999908,0.0,0.0,-0.7348261915051654,0.0,0.0,0.0,0.0,0.0,0.0,-0.8379948051914241,-1.663459703729289,0.5690199795827091,-0.8199720498024656,-1.584600215407875,0.4920610308116729,0.0,0.0,0.0
6.389999999999908,0.0,0.0,-0.73919333989819,0.0,0.0,0.0,0.0,0.0,0.0,-0.8397601692360739,-1.6742509895744786,0.5823819722376604,-0.8242348195233786,-1.5984486410278034,0.5022030371923333,0.0,0.0,0.0
6.399999999999908,0.0,0.0,-0.743323847451171,0.0,0.0,0.0,0.0,0.0,0.0,-0.8411487648837941,-1.6843939400195582,0.5961686718399473,-0.8280964977296769,-1.6116995964150387,0.5128514526363377,0.0,0.0,0.0
6.409999999999908,0.0,0.0,-0.7472163100762204,0.0,0.0,0.0,0.0,0.0,0.0,-0.8421597782011236,-1.6938825164122067,0.6103814868569906,-0.8315631005684807,-1.6243374652703797,0.5239889370347331,0.0,0.0,0.0
6.419999999999908,0.0,0.0,-0.7508694113016857,0.0,0.0,0.0,0.0,0.0,0.0,-0.8427943214881024,-1.702709381382462,0.6250161832784764,-0.8346354363143558,-1.6363537945534823,0.5356145293212428,0.0,0.0,0.0
6.429999999999907,0.0,0.0,-0.7542819224992049,0.0,0.0,0.0,0.0,0.0,0.0,-0.8430535833502408,-1.710867826367636,0.6400694478652826,-0.8373153570105607,-1.6477395134663826,0.5477241703378842,0.0,0.0,0.0
6.439999999999907,0.0,0.0,-0.7574527055947191,0.0,0.0,0.0,0.0,0.0,0.0,-0.842939135679776,-1.7183514267511346,0.6555376660759422,-0.8396046452600131,-1.6584863111671542,0.560314314238232,0.0,0.0,0.0
6.449999999999907,0.0,0.0,-0.7603807156111735,0.0,0.0,0.0,0.0,0.0,0.0,-0.842452834310544,-1.7251541204689813,0.6714171579164656,-0.8415052550862019,-1.6685863322108234,0.5733812208161925,0.0,0.0,0.0
6.459999999999907,0.0,0.0,-0.7630650033092763,0.0,0.0,0.0,0.0,0.0,0.0,-0.84159679540408,-1.731270207798671,0.6877041382729301,-0.8430192864887976,-1.6780321974895478,0.5869210675454425,0.0,0.0,0.0
6.4699999999999065,0.0,0.0,-0.7655047176891239,0.0,0.0,0.0,0.0,0.0,0.0,-0.8403733592003084,-1.7366943662266774,0.7043947286379961,-0.8441489995989658,-1.6868169740055923,0.6009299112184807,0.0,0.0,0.0
6.479999999999906,0.0,0.0,-0.7676991082402039,0.0,0.0,0.0,0.0,0.0,0.0,-0.8387850596175859,-1.7414216627364008,0.7214849584237815,-0.8448968133406595,-1.694934162271787,0.6154036822666504,0.0,0.0,0.0
6.489999999999906,0.0,0.0,-0.7696475268371048,0.0,0.0,0.0,0.0,0.0,0.0,-0.8368345975858427,-1.7454475669334633,0.7389707677307478,-0.8452653012954767,-1.7023776869418994,0.6303381762023657,0.0,0.0,0.0
6.499999999999906,0.0,0.0,-0.7713494292094316,0.0,0.0,0.0,0.0,0.0,0.0,-0.8345248195287354,-1.748767964488318,0.7568480093689873,-0.8452571844351768,-1.7091418922549253,0.6457290484390492,0.0,0.0,0.0
6.509999999999906,0.0,0.0,-0.7728043759410703,0.0,0.0,0.0,0.0,0.0,0.0,-0.831858701380217,-1.7513791711598037,0.7751124506054725,-0.844875322620513,-1.7152215411003922,0.6615718108185085,0.0,0.0,0.0
6.519999999999905,0.0,0.0,-0.774012032979382,0.0,0.0,0.0,0.0,0.0,0.0,-0.8288393383958272,-1.7532779475299591,0.7937597745804432,-0.8441227060721416,-1.7206118172495204,0.6778618297808796,0.0,0.0,0.0
6.529999999999905,0.0,0.0,-0.7749722805026046,0.0,0.0,0.0,0.0,0.0,0.0,-0.8254694444486115,-1.7544668296140244,0.8127840377452615,-0.8430024478772661,-1.7253083303256782,0.6945943258646403,0.0,0.0,0.0
6.539999999999905,0.0,0.0,-0.7756849889777774,0.0,0.0,0.0,0.0,0.0,0.0,-0.8217520324672203,-1.7549435462379308,0.8321825861096408,-0.8415176651329558,-1.729308530568422,0.7117640339719513,0.0,0.0,0.0
6.549999999999905,0.0,0.0,-0.7761500126386035,0.0,0.0,0.0,0.0,0.0,0.0,-0.8176913034786193,-1.754700358342237,0.8519522040462346,-0.8396712511877804,-1.732611320016248,0.7293664797296228,0.0,0.0,0.0
6.559999999999905,0.0,0.0,-0.7763674304141026,0.0,0.0,0.0,0.0,0.0,0.0,-0.813291298959796,-1.7537350448512579,0.8720864144288529,-0.8374669850586477,-1.7352108069010788,0.7473969720148202,0.0,0.0,0.0
6.569999999999904,0.0,0.0,-0.7763353640874943,0.0,0.0,0.0,0.0,0.0,0.0,-0.8087281929202847,-1.75190606997201,0.8920244831997182,-0.8349088145223333,-1.737103537375361,0.7658490580875869,0.0,0.0,0.0
6.579999999999904,0.0,0.0,-0.7760554510721668,0.0,0.0,0.0,0.0,0.0,0.0,-0.8037119033721285,-1.749489729806317,0.9128226056764062,-0.8321065063233869,-1.738172526640143,0.7843394265777189,0.0,0.0,0.0
6.589999999999904,0.0,0.0,-0.7755312453541335,0.0,0.0,0.0,0.0,0.0,0.0,-0.7983725760403089,-1.7463153595188887,0.9338240671818658,-0.8288875151905345,-1.73863166469917,0.8035492116711069,0.0,0.0,0.0
6.599999999999904,0.0,0.0,-0.7747628206954568,0.0,0.0,0.0,0.0,0.0,0.0,-0.7926818610952999,-1.7424186085428481,0.9551675328019837,-0.825342219255289,-1.738352068396173,0.8230685393057618,0.0,0.0,0.0
6.6099999999999035,0.0,0.0,-0.7737503728270162,0.0,0.0,0.0,0.0,0.0,0.0,-0.7866564639274236,-1.7377904425926498,0.9768161660362376,-0.8214490937463905,-1.7373595740497891,0.8429791078600807,0.0,0.0,0.0
6.619999999999903,0.0,0.0,-0.7724942578887459,0.0,0.0,0.0,0.0,0.0,0.0,-0.7803028077353198,-1.7324314254871156,0.9987698703922769,-0.8172164418358183,-1.735646368125105,0.8632531626907275,0.0,0.0,0.0
6.629999999999903,0.0,0.0,-0.7709949937646537,0.0,0.0,0.0,0.0,0.0,0.0,-0.7736283651669809,-1.7263405016601547,1.02102094300863,-0.8126473130127504,-1.7332119690197454,0.8838862310808786,0.0,0.0,0.0
6.639999999999903,0.0,0.0,-0.769253253200758,0.0,0.0,0.0,0.0,0.0,0.0,-0.7666393091667267,-1.7195173692286054,1.0435635202338698,-0.8077463815989689,-1.7300547478076342,0.9048691994910723,0.0,0.0,0.0
6.649999999999903,0.0,0.0,-0.7672698560192986,0.0,0.0,0.0,0.0,0.0,0.0,-0.7593410811319115,-1.7119619896112583,1.0663916103202125,-0.8025182279962437,-1.7261737235645664,0.9261942880584427,0.0,0.0,0.0
6.659999999999902,0.0,0.0,-0.7650457599746883,0.0,0.0,0.0,0.0,0.0,0.0,-0.7517383638372066,-1.703674703565263,1.0894995528672262,-0.7969674973359894,-1.721568194202955,0.9478537899472301,0.0,0.0,0.0
6.669999999999902,0.0,0.0,-0.762582050984408,0.0,0.0,0.0,0.0,0.0,0.0,-0.7438351978186046,-1.6946562177731426,1.1128819465258888,-0.7910987185159792,-1.716237825451536,0.969840362382921,0.0,0.0,0.0
6.679999999999902,0.0,0.0,-0.7598799331624542,0.0,0.0,0.0,0.0,0.0,0.0,-0.7356350768612143,-1.6849076194668346,1.136533681137739,-0.7849162450311037,-1.7101826418481878,0.9921469779574135,0.0,0.0,0.0
6.689999999999902,0.0,0.0,-0.7569407190010395,0.0,0.0,0.0,0.0,0.0,0.0,-0.7271410520919281,-1.6744303817695216,1.1604499369861208,-0.778424210883525,-1.7034030388901635,1.0147669446730692,0.0,0.0,0.0
6.699999999999902,0.0,0.0,-0.7537658200465854,0.0,0.0,0.0,0.0,0.0,0.0,-0.718355833888239,-1.6632263698303404,1.1846261800833822,-0.771626516770535,-1.6958997899491715,1.0376939048334939,0.0,0.0,0.0
6.709999999999901,0.0,0.0,-0.7503567383647841,0.0,0.0,0.0,0.0,0.0,0.0,-0.7092818904873677,-1.6512978505596676,1.2090581469623691,-0.7645268362933946,-1.6876740528555079,1.060921831487981,0.0,0.0,0.0
6.719999999999901,0.0,0.0,-0.746715058913175,0.0,0.0,0.0,0.0,0.0,0.0,-0.6999215403683337,-1.6386475038754862,1.2337418225823178,-0.7571286382332031,-1.6787273780896679,1.0844450175763358,0.0,0.0,0.0
6.729999999999901,0.0,0.0,-0.7428424429069955,0.0,0.0,0.0,0.0,0.0,0.0,-0.6902770369403992,-1.6252784344367184,1.2586734112753901,-0.7494352200898068,-1.6690617182933056,1.1082580594756282,0.0,0.0,0.0
6.739999999999901,0.0,0.0,-0.7387406222195839,0.0,0.0,0.0,0.0,0.0,0.0,-0.6803506442853768,-1.611194183710889,1.283849301954523,-0.7414497492063692,-1.658679438634018,1.1323558344838667,0.0,0.0,0.0
6.7499999999999005,0.0,0.0,-0.7344113948100697,0.0,0.0,0.0,0.0,0.0,0.0,-0.6701447031733982,-1.5963987421223977,1.3092660288521414,-0.7331753081850204,-1.6475833279964696,1.1567334727894922,0.0,0.0,0.0
6.7599999999999,0.0,0.0,-0.7298566211309574,0.0,0.0,0.0,0.0,0.0,0.0,-0.6596616869625069,-1.5808965609912782,1.3349202291745634,-0.7246149418514481,-1.6357766108883554,1.1813863246340897,0.0,0.0,0.0
6.7699999999999,0.0,0.0,-0.7250781420992315,0.0,0.0,0.0,0.0,0.0,0.0,-0.6489013571599433,-1.5646930019496132,1.360823636605833,-0.7157717035306761,-1.6232629598994577,1.2063099235770138,0.0,0.0,0.0
6.7799999999999,0.0,0.0,-0.7200741255237241,0.0,0.0,0.0,0.0,0.0,0.0,-0.6379280676353625,-1.5477831066284982,1.386967404415701,-0.7066466732505816,-1.6100483344176817,1.2315108192914717,0.0,0.0,0.0
6.7899999999999,0.0,0.0,-0.7148462657667484,0.0,0.0,0.0,0.0,0.0,0.0,-0.6267892076614738,-1.530129383908533,1.4131750923522217,-0.6972583168394149,-1.5961313157551398,1.2569748746470049,0.0,0.0,0.0
6.7999999999998995,0.0,0.0,-0.7093998808617248,0.0,0.0,0.0,0.0,0.0,0.0,-0.6153635724623057,-1.5118203270494621,1.4397885312223284,-0.6876557069172178,-1.5814831846736492,1.282571550829695,0.0,0.0,0.0
6.809999999999899,0.0,0.0,-0.70373704654347,0.0,0.0,0.0,0.0,0.0,0.0,-0.6037064297388626,-1.4928152025605426,1.4665794018480116,-0.6777774591303021,-1.5661697657917821,1.308551539208578,0.0,0.0,0.0
6.819999999999899,0.0,0.0,-0.6978598958822788,0.0,0.0,0.0,0.0,0.0,0.0,-0.5918128466544859,-1.4731342480531189,1.4935986635795881,-0.6676572523427635,-1.5501603628074314,1.334751670935617,0.0,0.0,0.0
6.829999999999899,0.0,0.0,-0.6917706418077263,0.0,0.0,0.0,0.0,0.0,0.0,-0.5796925165772673,-1.4527830217889828,1.520828818884186,-0.6572929838392914,-1.533470575177504,1.3612062586794784,0.0,0.0,0.0
6.839999999999899,0.0,0.0,-0.6854715715169312,0.0,0.0,0.0,0.0,0.0,0.0,-0.567351728392204,-1.4317712367989526,1.5482692388160642,-0.6466916648550526,-1.5161054271434047,1.3879010354116135,0.0,0.0,0.0
6.849999999999898,0.0,0.0,-0.6789650515910942,0.0,0.0,0.0,0.0,0.0,0.0,-0.5547977418095618,-1.410108072829464,1.5759147690234,-0.6358585553525821,-1.4980733312962644,1.4148338389755495,0.0,0.0,0.0
6.859999999999898,0.0,0.0,-0.6722535298104139,0.0,0.0,0.0,0.0,0.0,0.0,-0.5420376146145633,-1.3878033429255086,1.6037610869669257,-0.6247997623915418,-1.4793825845528406,1.4419993039484114,0.0,0.0,0.0
6.869999999999898,0.0,0.0,-0.6653395367350476,0.0,0.0,0.0,0.0,0.0,0.0,-0.5290784103602706,-1.3648671976711322,1.6318033402232641,-0.6135215179391544,-1.4600422125052206,1.469392693648436,0.0,0.0,0.0
6.879999999999898,0.0,0.0,-0.6582256863197394,0.0,0.0,0.0,0.0,0.0,0.0,-0.5159270668816935,-1.3413101982266686,1.6600364851177787,-0.6020302783194522,-1.4400617350098046,1.4970089043158317,0.0,0.0,0.0
6.8899999999998975,0.0,0.0,-0.6509146756529551,0.0,0.0,0.0,0.0,0.0,0.0,-0.5025903552620327,-1.3171432967518992,1.6884551998609156,-0.590332621898567,-1.419451207348899,1.5248426983540273,0.0,0.0,0.0
6.899999999999897,0.0,0.0,-0.6434092837621525,0.0,0.0,0.0,0.0,0.0,0.0,-0.48907482317130735,-1.2923778396401728,1.7170539102608635,-0.5784351998569294,-1.3982211961460707,1.5528886303296232,0.0,0.0,0.0
6.909999999999897,0.0,0.0,-0.635712369484848,0.0,0.0,0.0,0.0,0.0,0.0,-0.47538675040159073,-1.2670255636687002,1.7458267906871856,-0.5663446776889779,-1.376382774548847,1.5811410562411279,0.0,0.0,0.0
6.919999999999897,0.0,0.0,-0.6278268684239288,0.0,0.0,0.0,0.0,0.0,0.0,-0.4615321107604309,-1.241098592210059,1.7747677747120405,-0.5540676840016944,-1.3539475143217519,1.6095941258996092,0.0,0.0,0.0
6.929999999999897,0.0,0.0,-0.6197557890334743,0.0,0.0,0.0,0.0,0.0,0.0,-0.44751654279120334,-1.2146094294433967,1.803870566005597,-0.5416107634463111,-1.3309274796608563,1.6382417835677179,0.0,0.0,0.0
6.9399999999998965,0.0,0.0,-0.6115022079074219,0.0,0.0,0.0,0.0,0.0,0.0,-0.4333453294819133,-1.187570953022097,1.8331286512965672,-0.5289803354809308,-1.3073352208438906,1.6670777698763883,0.0,0.0,0.0
6.949999999999896,0.0,0.0,-0.6030692643683203,0.0,0.0,0.0,0.0,0.0,0.0,-0.4190233874433239,-1.1599964051466658,1.8625353143496002,-0.5161826593332395,-1.2831837677079174,1.6960956263026663,0.0,0.0,0.0
6.959999999999896,0.0,0.0,-0.5944601544753533,0.0,0.0,0.0,0.0,0.0,0.0,-0.40455526565357625,-1.1318993822242112,1.892083650689299,-0.5032238057250623,-1.2584866226297462,1.7252887013829028,0.0,0.0,0.0
6.969999999999896,0.0,0.0,-0.5856781245889453,0.0,0.0,0.0,0.0,0.0,0.0,-0.38994515363568105,-1.1032938233064244,1.9217665826520154,-0.4901096357008368,-1.2332577529082893,1.754650158415683,0.0,0.0,0.0
6.979999999999896,0.0,0.0,-0.5767264646423509,0.0,0.0,0.0,0.0,0.0,0.0,-0.3751968986551184,-1.0741939975372967,1.9515768744452335,-0.47684578676212297,-1.2075115825117086,1.7841729843022445,0.0,0.0,0.0
6.989999999999895,0.0,0.0,-0.5676085012780723,0.0,0.0,0.0,0.0,0.0,0.0,-0.3603140312651759,-1.044614490848637,1.9815071469331056,-0.46343766633319194,-1.1812629832344048,1.8138499992486898,0.0,0.0,0.0
6.999999999999895,0.0,0.0,-0.5583275910082381,0.0,0.0,0.0,0.0,0.0,0.0,-0.3452997982874362,-1.014570192135986,2.011549891923282,-0.4498904524063552,-1.1545272653632426,1.8436738670852781,0.0,0.0,0.0
7.009999999999895,0.0,0.0,-0.5488871135532014,0.0,0.0,0.0,0.0,0.0,0.0,-0.33015720210987587,-0.984076279128344,2.041697485781328,-0.4362091010401235,-1.1273201679926461,1.8736371059999581,0.0,0.0,0.0
7.019999999999895,0.0,0.0,-0.5392904655017947,0.0,0.0,0.0,0.0,0.0,0.0,-0.31488904502465753,-0.9531482041370567,2.0719422022491907,-0.4223983602181412,-1.0996578491516968,1.9037320995191698,0.0,0.0,0.0
7.0299999999998946,0.0,0.0,-0.5295410544207082,0.0,0.0,0.0,0.0,0.0,0.0,-0.29949797722011806,-0.9218016798345441,2.1022762243902746,-0.40846278942850955,-1.0715568759176077,1.9339511076015206,0.0,0.0,0.0
7.039999999999894,0.0,0.0,-0.5196422935201694,0.0,0.0,0.0,0.0,0.0,0.0,-0.28398654699021986,-0.8900526651756142,2.1326916556251145,-0.3944067841994568,-1.0430342146894298,1.9642862777375258,0.0,0.0,0.0
7.049999999999894,0.0,0.0,-0.509597596959745,0.0,0.0,0.0,0.0,0.0,0.0,-0.26835725173111735,-0.8579173515348628,2.1631805298572013,-0.38023460473148296,-1.0141072217875808,1.994729655971208,0.0,0.0,0.0
7.059999999999894,0.0,0.0,-0.49941037585309445,0.0,0.0,0.0,0.0,0.0,0.0,-0.2526125883549113,-0.8254121490959312,2.1937348207180714,-0.36595040770340165,-0.9847936345302434,2.025273197776878,0.0,0.0,0.0
7.069999999999894,0.0,0.0,-0.48908403500500447,0.0,0.0,0.0,0.0,0.0,0.0,-0.23675510185943582,-0.7925536734931222,2.2243464499836056,-0.35155828030028835,-0.9551115629199832,2.0559087787376376,0.0,0.0,0.0
7.0799999999998935,0.0,0.0,-0.4786219703895906,0.0,0.0,0.0,0.0,0.0,0.0,-0.22078743094110165,-0.7593587326751035,2.255007295229947,-0.3370622755154214,-0.9250794820551266,2.0866282049812477,0.0,0.0,0.0
7.089999999999893,0.0,0.0,-0.4680275673560508,0.0,0.0,0.0,0.0,0.0,0.0,-0.20471234971539098,-0.7258443139345179,2.285709196807793,-0.32246644781363204,-0.8947162253623567,2.1174232233353565,0.0,0.0,0.0
7.099999999999893,0.0,0.0,-0.4573041995288653,0.0,0.0,0.0,0.0,0.0,0.0,-0.18853280480511614,-0.6920275710271251,2.316443964218577,-0.3077748883063697,-0.8640409787318202,2.148285531168103,0.0,0.0,0.0
7.109999999999893,0.0,0.0,-0.446455228353363,0.0,0.0,0.0,0.0,0.0,0.0,-0.17225194725934917,-0.6579258112892832,2.347203381975976,-0.29299175867450405,-0.8330732756247141,2.1792067858828617,0.0,0.0,0.0
7.119999999999893,0.0,0.0,-0.4354840032255853,0.0,0.0,0.0,0.0,0.0,0.0,-0.15587315896581078,-0.6235564826534539,2.3779792150326724,-0.27812132317765603,-0.8018329932170446,2.2101786140379023,0.0,0.0,0.0
7.129999999999892,0.0,0.0,-0.4243938621373279,0.0,0.0,0.0,0.0,0.0,0.0,-0.13940007340778754,-0.5889371604568341,2.4087632138449746,-0.2631679782034175,-0.7703403496427642,2.24119262006408,0.0,0.0,0.0
7.139999999999892,0.0,0.0,-0.4131881327631017,0.0,0.0,0.0,0.0,0.0,0.0,-0.12283659078666276,-0.5540855339380237,2.4395471191398963,-0.24813627892990456,-0.7386159024050476,2.272240394555856,0.0,0.0,0.0
7.149999999999892,0.0,0.0,-0.40187035065764076,0.0,0.0,0.0,0.0,0.0,0.0,-0.1062500709421556,-0.5188753249263207,2.469470278888864,-0.233030962795926,-0.7066805480364219,2.3033135221142635,0.0,0.0,0.0
7.159999999999892,0.0,0.0,-0.39044373088909073,0.0,0.0,0.0,0.0,0.0,0.0,-0.08948149973335989,-0.48369647135226623,2.500560155278369,-0.2178927810820571,-0.6744560021425786,2.3337050396257033,0.0,0.0,0.0
7.169999999999892,0.0,0.0,-0.37891132523812654,0.0,0.0,0.0,0.0,0.0,0.0,-0.07266454328926225,-0.44827206896434757,2.5312955494092164,-0.2026417727092412,-0.6422040268331053,2.3650450751296934,0.0,0.0,0.0
7.179999999999891,0.0,0.0,-0.36727647323894935,0.0,0.0,0.0,0.0,0.0,0.0,-0.05577196871198181,-0.41269655880220424,2.562078680874695,-0.18734407195570169,-0.6097710497427133,2.3961325206256037,0.0,0.0,0.0
7.189999999999891,0.0,0.0,-0.35554249962441703,0.0,0.0,0.0,0.0,0.0,0.0,-0.03881679935791321,-0.3769684597746368,2.5927903609294543,-0.17199075877810008,-0.5772232979121077,2.4272805058227687,0.0,0.0,0.0
7.199999999999891,0.0,0.0,-0.34371273064287794,0.0,0.0,0.0,0.0,0.0,0.0,-0.021802124738406703,-0.34111225667276557,2.623453449270063,-0.15659173584424244,-0.5445707943572167,2.458392023486231,0.0,0.0,0.0
7.209999999999891,0.0,0.0,-0.3317904922517157,0.0,0.0,0.0,0.0,0.0,0.0,-0.004733920033881567,-0.3051453085509608,2.6540519607393303,-0.14115235538741291,-0.5118393862607263,2.4894823019073256,0.0,0.0,0.0
7.2199999999998905,0.0,0.0,-0.31977911383662083,0.0,0.0,0.0,0.0,0.0,0.0,0.01238224006051497,-0.2690867805683388,2.6845804499126347,-0.1256793531564342,-0.479051421479955,2.5205361711034127,0.0,0.0,0.0
7.22999999999989,0.0,0.0,-0.30768193064924454,0.0,0.0,0.0,0.0,0.0,0.0,0.029540375169584854,-0.2329551980859974,2.7150305483443526,-0.11017937228512993,-0.4462308628419093,2.5515469706275877,0.0,0.0,0.0
7.23999999999989,0.0,0.0,-0.29550228662267514,0.0,0.0,0.0,0.0,0.0,0.0,0.046734329894849436,-0.19676908579435737,2.7453946601576042,-0.09465934372310102,-0.41340189497004765,2.582505886969051,0.0,0.0,0.0
7.24999999999989,0.0,0.0,-0.28324353711651806,0.0,0.0,0.0,0.0,0.0,0.0,0.06395774500707191,-0.1605467717192095,2.775664966487499,-0.07912639783165025,-0.38058928438077894,2.6134048441318782,0.0,0.0,0.0
7.25999999999989,0.0,0.0,-0.2709090516910278,0.0,0.0,0.0,0.0,0.0,0.0,0.08120409398857409,-0.12430641760653116,2.8058337098856385,-0.06358788851958495,-0.34781828674998677,2.644235694718468,0.0,0.0,0.0
7.269999999999889,0.0,0.0,-0.2585022168876033,0.0,0.0,0.0,0.0,0.0,0.0,0.09846670357187917,-0.08806598711719826,2.8358931268519236,-0.04805138657539863,-0.31511468916915275,2.674990427220048,0.0,0.0,0.0
7.279999999999889,0.0,0.0,-0.2460264390362755,0.0,0.0,0.0,0.0,0.0,0.0,0.1157387779161905,-0.051843229340423846,2.8658354751228137,-0.03252467820100828,-0.28250483029595297,2.7056610987159644,0.0,0.0,0.0
7.289999999999889,0.0,0.0,-0.23348514711111865,0.0,0.0,0.0,0.0,0.0,0.0,0.13301342127394292,-0.015655655996126283,2.895653033843355,-0.017015760669736413,-0.25001564027580303,2.736239845307348,0.0,0.0,0.0
7.299999999999889,0.0,0.0,-0.22088106296543106,0.0,0.0,0.0,0.0,0.0,0.0,0.1494352628610983,0.02047925871492895,2.9253445863964465,0.024499288500026122,-0.21767468970787102,2.7667188732661523,0.0,0.0,0.0
7.309999999999889,0.0,0.0,-0.20821911642694751,0.0,0.0,0.0,0.0,0.0,0.0,0.1651278354940573,0.056545647394106946,2.9548814492919506,0.03700237856438236,-0.18551026817244268,2.797092541997782,0.0,0.0,0.0
7.319999999999888,0.0,0.0,-0.1955035402018631,0.0,0.0,0.0,0.0,0.0,0.0,0.1810433899978462,0.0925254794132927,2.984264511283982,0.04989961363109793,-0.15355100751493223,2.8273447982211337,0.0,0.0,0.0
7.329999999999888,0.0,0.0,-0.18273729899950494,0.0,0.0,0.0,0.0,0.0,0.0,0.19714349290925653,0.12840157683071773,3.0134960744502957,0.06336663171688774,-0.12182769937939034,2.8574747022918703,0.0,0.0,0.0
7.339999999999888,0.0,0.0,-0.16992478901325128,0.0,0.0,0.0,0.0,0.0,0.0,0.21339228681303968,0.16481454947048768,3.0426015882838455,0.07736733915092749,-0.09037163946400815,2.88748009528116,0.0,0.0,0.0
7.349999999999888,0.0,0.0,-0.15707037367174992,0.0,0.0,0.0,0.0,0.0,0.0,0.22975442917021868,0.20150549151516461,3.071530231592767,0.09186351307679988,-0.05911033408072444,2.9173258447424515,0.0,0.0,0.0
7.3599999999998875,0.0,0.0,-0.14417549016441947,0.0,0.0,0.0,0.0,0.0,0.0,0.2461964471014976,0.2376016931381515,3.100230859355596,0.10681530516704882,-0.027964058453422883,2.9470286842883344,0.0,0.0,0.0
7.369999999999887,0.0,0.0,-0.13123888574399578,0.0,0.0,0.0,0.0,0.0,0.0,0.2626893540231442,0.27231837877935683,3.1286344955930248,0.12218056554325936,0.03601408361369554,2.976575004363407,0.0,0.0,0.0
7.379999999999887,0.0,0.0,-0.11826225895586512,0.0,0.0,0.0,0.0,0.0,0.0,0.2792054532431556,0.30591739168271237,3.156891126039332,0.13791696282889812,0.06374730663661987,3.0059565377432107,0.0,0.0,0.0
7.389999999999887,0.0,0.0,-0.10525362727236821,0.0,0.0,0.0,0.0,0.0,0.0,0.2957415835970251,0.33951549279760207,3.1845906289490022,0.1539810343119324,0.09276750696694577,3.0352159895245836,0.0,0.0,0.0
7.399999999999887,0.0,0.0,-0.09221655916857134,0.0,0.0,0.0,0.0,0.0,0.0,0.3122340052976286,0.37287907544919374,3.2127372686440276,0.17034095708058522,0.12319654625523188,3.063974967568552,0.0,0.0,0.0
7.4099999999998865,0.0,0.0,-0.07915441934185821,0.0,0.0,0.0,0.0,0.0,0.0,0.3286939734393647,0.40603781234334524,3.2404749942808033,0.18693688468786052,0.15480064915397396,3.0930562006638564,0.0,0.0,0.0
7.419999999999886,0.0,0.0,-0.06607045050990731,0.0,0.0,0.0,0.0,0.0,0.0,0.34509136970885407,0.4388843624431301,3.268030384948908,0.20374308855927892,0.18745278194888113,3.121789595621541,0.0,0.0,0.0
7.429999999999886,0.0,0.0,-0.05296782764808603,0.0,0.0,0.0,0.0,0.0,0.0,0.3614111705908647,0.47136513964858895,3.295334190726749,0.22071554595531945,0.2209566145923058,3.150356062839622,0.0,0.0,0.0
7.439999999999886,0.0,0.0,-0.03984970180687444,0.0,0.0,0.0,0.0,0.0,0.0,0.3776360376136591,0.5034279427179762,3.322398398403305,0.23781763827245295,0.2551343262500201,3.1787020471076484,0.0,0.0,0.0
7.449999999999886,0.0,0.0,-0.02671923997020735,0.0,0.0,0.0,0.0,0.0,0.0,0.39375161368467787,0.5350344954015305,3.349212901614127,0.25501249156735095,0.28980773124945447,3.206836775216766,0.0,0.0,0.0
7.459999999999885,0.0,0.0,-0.013579659593861577,0.0,0.0,0.0,0.0,0.0,0.0,0.4097448703921093,0.5661553269770221,3.3757736124078193,0.2722656734863659,0.32480825166683613,3.234751311554294,0.0,0.0,0.0
7.469999999999885,0.0,0.0,-0.00043425827700722085,0.0,0.0,0.0,0.0,0.0,0.0,0.4256044752580038,0.5967693495799145,3.4020747287763573,0.28954464356650655,0.3599780950436109,3.2624409173812268,0.0,0.0,0.0
7.479999999999885,0.0,0.0,0.012713559641633555,0.0,0.0,0.0,0.0,0.0,0.0,0.4413225692433661,0.6268618715536811,3.428114380868946,0.30681911764117104,0.3951729258933275,3.28989918210573,0.0,0.0,0.0
7.489999999999885,0.0,0.0,0.02586025769355588,0.0,0.0,0.0,0.0,0.0,0.0,0.456895057223791,0.6564247378806906,3.4538823094994093,0.32406136540527086,0.4302629492516479,3.3171226086082206,0.0,0.0,0.0
7.4999999999998845,0.0,0.0,0.03900215701511741,0.0,0.0,0.0,0.0,0.0,0.0,0.47231554456490243,0.6854537473118052,3.4793700626845077,0.3412474045159464,0.46513448431714594,3.34410089020585,0.0,0.0,0.0
7.509999999999884,0.0,0.0,0.052135435625856465,0.0,0.0,0.0,0.0,0.0,0.0,0.4875748693106241,0.7139470256561516,3.5045765301488214,0.3583552123109345,0.4996893493283417,3.3708251877505697,0.0,0.0,0.0
7.519999999999884,0.0,0.0,0.06525612543471938,0.0,0.0,0.0,0.0,0.0,0.0,0.5026650287386587,0.7419056558951734,3.5294944794331924,0.3753634999419487,0.5338440065721165,3.3972927260079344,0.0,0.0,0.0
7.529999999999884,0.0,0.0,0.0783601139090727,0.0,0.0,0.0,0.0,0.0,0.0,0.5175786872849183,0.7693319183281104,3.554118237393995,0.39225298025665023,0.5675296044111006,3.4234960517301163,0.0,0.0,0.0
7.539999999999884,0.0,0.0,0.09144314931465929,0.0,0.0,0.0,0.0,0.0,0.0,0.5323092379504825,0.7962287700463151,3.5784416571398587,0.4090060460391998,0.6006903052332146,3.4494290409995494,0.0,0.0,0.0
7.5499999999998835,0.0,0.0,0.10450084884874922,0.0,0.0,0.0,0.0,0.0,0.0,0.5468505967334509,0.822599166035742,3.6024586910892693,0.42560678778475225,0.6332820151683721,3.4750853237060877,0.0,0.0,0.0
7.559999999999883,0.0,0.0,0.1175287088040989,0.0,0.0,0.0,0.0,0.0,0.0,0.5611970669823202,0.8484455906078419,3.626163261467479,0.44204085298190504,0.665270842268073,3.5004587314101916,0.0,0.0,0.0
7.569999999999883,0.0,0.0,0.13052211590198265,0.0,0.0,0.0,0.0,0.0,0.0,0.5753431934660801,0.8737696995520923,3.6495493208331737,0.45829532173647697,0.696631574443296,3.5255431917353146,0.0,0.0,0.0
7.579999999999883,0.0,0.0,0.14347635653862825,0.0,0.0,0.0,0.0,0.0,0.0,0.5892839123884267,0.8985720872432426,3.6726108977852796,0.47435855694638634,0.7273461913786174,3.5503327656396353,0.0,0.0,0.0
7.589999999999883,0.0,0.0,0.15638662205600748,0.0,0.0,0.0,0.0,0.0,0.0,0.6030149068362333,0.9228521605738461,3.695342147410547,0.4902201064846758,0.7574024764309601,3.5748216511748265,0.0,0.0,0.0
7.599999999999882,0.0,0.0,0.16924801264898892,0.0,0.0,0.0,0.0,0.0,0.0,0.6165327516600089,0.9466081025411843,3.7177373433598833,0.5058707347740573,0.7867927614804043,3.5990041864141618,0.0,0.0,0.0
7.609999999999882,0.0,0.0,0.18205557199583985,0.0,0.0,0.0,0.0,0.0,0.0,0.629834867335579,0.9698360185851019,3.7397910959036755,0.5213024442290404,0.8155128250893355,3.6228748206717674,0.0,0.0,0.0
7.619999999999882,0.0,0.0,0.1948042929314808,0.0,0.0,0.0,0.0,0.0,0.0,0.6429195786100562,0.9925301664495898,3.7614976615322404,0.5365084262173037,0.8435607348445138,3.646428311115708,0.0,0.0,0.0
7.629999999999882,0.0,0.0,0.20748905284237212,0.0,0.0,0.0,0.0,0.0,0.0,0.6557859727091637,1.0146848546583267,3.7828514350834257,0.5514830869270786,0.8709357995850711,3.6696591258339946,0.0,0.0,0.0
7.6399999999998816,0.0,0.0,0.22010460514087732,0.0,0.0,0.0,0.0,0.0,0.0,0.6684336781687217,1.0362945560010275,3.803847586047784,0.5662219651164588,0.8976384879628673,3.692561759702,0.0,0.0,0.0
7.649999999999881,0.0,0.0,0.23264561338349915,0.0,0.0,0.0,0.0,0.0,0.0,0.6808628922730071,1.0573531727540353,3.824480909195872,0.580721589633332,0.9236702727654326,3.7151312814833424,0.0,0.0,0.0
7.659999999999881,0.0,0.0,0.2451066588384249,0.0,0.0,0.0,0.0,0.0,0.0,0.693074116536943,1.0778540038552018,3.8447464247622545,0.5949794826607642,0.9490329986748817,3.737362464934075,0.0,0.0,0.0
7.669999999999881,0.0,0.0,0.257482245733662,0.0,0.0,0.0,0.0,0.0,0.0,0.7050680000286511,1.097789874283826,3.8646392214313185,0.6089939877618018,0.9737285045788502,3.7592502551992495,0.0,0.0,0.0
7.679999999999881,0.0,0.0,0.26976680802871106,0.0,0.0,0.0,0.0,0.0,0.0,0.7168451548129906,1.1171532491688552,3.884154491141567,0.6227641476096097,0.9977584047940075,3.780789653089407,0.0,0.0,0.0
7.6899999999998805,0.0,0.0,0.28195471785488363,0.0,0.0,0.0,0.0,0.0,0.0,0.7284059906939993,1.135936344576437,3.9032875142797305,0.6362895516318733,1.0211239344036354,3.8019757473937275,0.0,0.0,0.0
7.69999999999988,0.0,0.0,0.2940402955940458,0.0,0.0,0.0,0.0,0.0,0.0,0.7397505637523163,1.1541312343704122,3.9220336594564875,0.6495701820867976,1.0438258558096534,3.822803709430156,0.0,0.0,0.0
7.70999999999988,0.0,0.0,0.30601782138870554,0.0,0.0,0.0,0.0,0.0,0.0,0.7508784457564543,1.1717299818949127,3.940388382085742,0.6626062569911955,1.0658644129519967,3.8432687982180784,0.0,0.0,0.0
7.71999999999988,0.0,0.0,0.3178815479829922,0.0,0.0,0.0,0.0,0.0,0.0,0.7617886316042672,1.1887247601714281,3.9583472257551415,0.6753980769342787,1.0872393325317384,3.8633663634490696,0.0,0.0,0.0
7.72999999999988,0.0,0.0,0.329625714763391,0.0,0.0,0.0,0.0,0.0,0.0,0.7724794928246497,1.2051079211224374,3.975905825216028,0.687945882841499,1.1079498647064923,3.883091848842227,0.0,0.0,0.0
7.739999999999879,0.0,0.0,0.3412445626046569,0.0,0.0,0.0,0.0,0.0,0.0,0.7829487650212077,1.2208720439725826,3.993059910736415,0.700249735599212,1.1279948292770823,3.9024407947749156,0.0,0.0,0.0
7.749999999999879,0.0,0.0,0.35273234901179196,0.0,0.0,0.0,0.0,0.0,0.0,0.7931935637445688,1.236009973751824,4.009805313356727,0.7123094180428531,1.1473726679804956,3.9214088400268894,0.0,0.0,0.0
7.759999999999879,0.0,0.0,0.36408336325173135,0.0,0.0,0.0,0.0,0.0,0.0,0.8032104241582592,1.2505148517710076,4.026137970520012,0.7241243602179063,1.1660815017546098,3.939991722527139,0.0,0.0,0.0
7.769999999999879,0.0,0.0,0.37529194125492843,0.0,0.0,0.0,0.0,0.0,0.0,0.8129953592045647,1.264380139350653,4.042053931696305,0.735693588126376,1.1841191898769317,3.9581852790830325,0.0,0.0,0.0
7.779999999999879,0.0,0.0,0.3863524801202366,0.0,0.0,0.0,0.0,0.0,0.0,0.8225439308135842,1.2775996361485402,4.057549363687522,0.7470156949807152,1.201483388545375,3.975985444238039,0.0,0.0,0.0
7.789999999999878,0.0,0.0,0.3972599381722734,0.0,0.0,0.0,0.0,0.0,0.0,0.8319766596677616,1.2901618293377155,4.072054228939452,0.7580888330328998,1.2181716072624797,3.9933882484564225,0.0,0.0,0.0
7.799999999999878,0.0,0.0,0.4080087305591016,0.0,0.0,0.0,0.0,0.0,0.0,0.8410180974995372,1.3020613283574543,4.0867754795655635,0.7689957229482036,1.234180592314347,4.009941579678234,0.0,0.0,0.0
7.809999999999878,0.0,0.0,0.4185926126389777,0.0,0.0,0.0,0.0,0.0,0.0,0.849857870917184,1.3132988847551448,4.100897604759637,0.7795578577039232,1.2495038301107562,4.026576634465226,0.0,0.0,0.0
7.819999999999878,0.0,0.0,0.42900600495978686,0.0,0.0,0.0,0.0,0.0,0.0,0.858451964484221,1.3238701583936052,4.114615904933311,0.7898901108277813,1.2641419575869486,4.042676857366643,0.0,0.0,0.0
7.8299999999998775,0.0,0.0,0.43924359588125134,0.0,0.0,0.0,0.0,0.0,0.0,0.8668076425934139,1.333770184569199,4.127882615268657,0.7999653408023204,1.2780929960013416,4.058387000950495,0.0,0.0,0.0
7.839999999999877,0.0,0.0,0.44930021528407027,0.0,0.0,0.0,0.0,0.0,0.0,0.8749186837721119,1.3429950295787958,4.140706192994991,0.8097892660348431,1.2913542670758547,4.073669749787125,0.0,0.0,0.0
7.849999999999877,0.0,0.0,0.45917081478462585,0.0,0.0,0.0,0.0,0.0,0.0,0.8827825280281374,1.3515409361133026,4.153080868547592,0.8193589511700695,1.3039235713030854,4.088530078372045,0.0,0.0,0.0
7.859999999999877,0.0,0.0,0.46885047430422855,0.0,0.0,0.0,0.0,0.0,0.0,0.890396107884688,1.359404645112683,4.16500471107539,0.8286734021224649,1.3157986519780112,4.102962291539183,0.0,0.0,0.0
7.869999999999877,0.0,0.0,0.47833440679297073,0.0,0.0,0.0,0.0,0.0,0.0,0.8977570226413905,1.3665833108982794,4.176474996443505,0.8377309968457535,1.3269774490091466,4.116963566487451,0.0,0.0,0.0
7.879999999999876,0.0,0.0,0.48761796382986583,0.0,0.0,0.0,0.0,0.0,0.0,0.9048632866433792,1.3730745565106992,4.187489386993256,0.8465302824277479,1.3374580640146188,4.130530477906081,0.0,0.0,0.0
7.889999999999876,0.0,0.0,0.4966966413583714,0.0,0.0,0.0,0.0,0.0,0.0,0.911713414284608,1.3788764869947019,4.198045623247044,0.8550698772229046,1.3472388218343394,4.143659880641668,0.0,0.0,0.0
7.899999999999876,0.0,0.0,0.5055660859076995,0.0,0.0,0.0,0.0,0.0,0.0,0.9183063879215247,1.383987718212782,4.208141594845118,0.8633485856314597,1.3563183001179844,4.156348681562279,0.0,0.0,0.0
7.909999999999876,0.0,0.0,0.514222101305855,0.0,0.0,0.0,0.0,0.0,0.0,0.9246416286894912,1.3884074036452785,4.217775314039811,0.8713654358280282,1.3646953682697542,4.168593897212755,0.0,0.0,0.0
7.919999999999876,0.0,0.0,0.5226606559443971,0.0,0.0,0.0,0.0,0.0,0.0,0.9307189419905193,1.3921352642687959,4.226944913806568,0.8791197144616616,1.3723692236577867,4.18039264044885,0.0,0.0,0.0
7.929999999999875,0.0,0.0,0.5308778905878843,0.0,0.0,0.0,0.0,0.0,0.0,0.9365384477846519,1.3951716198740494,4.2356486398193045,0.8866109788062791,1.3793394290959777,4.191742126753252,0.0,0.0,0.0
7.939999999999875,0.0,0.0,0.5388701266764527,0.0,0.0,0.0,0.0,0.0,0.0,0.9421004960947383,1.3975174221542077,4.2438848445020625,0.8938390517110274,1.385605950735983,4.202639676894619,0.0,0.0,0.0
7.949999999999875,0.0,0.0,0.5466338750053472,0.0,0.0,0.0,0.0,0.0,0.0,0.9474055708739535,1.399174289405254,4.251651981432752,0.9008039988602216,1.3911691968506101,4.213082721689511,0.0,0.0,0.0
7.959999999999875,0.0,0.0,0.5541658445912943,0.0,0.0,0.0,0.0,0.0,0.0,0.9524541849876997,1.400144542949562,4.25894860088758,0.907506089905557,1.3960300575608762,4.223068807250016,0.0,0.0,0.0
7.9699999999998745,0.0,0.0,0.5614607661393497,0.0,0.0,0.0,0.0,0.0,0.0,0.9572465710636335,1.4004498677639519,4.265771141306807,0.91394574502445,1.4001899456731042,4.232595600993051,0.0,0.0,0.0
7.979999999999874,0.0,0.0,0.5685154948492087,0.0,0.0,0.0,0.0,0.0,0.0,0.9617824201979166,1.4000954310298233,4.272120261560824,0.9201234206821194,1.4036555952597807,4.241660331599218,0.0,0.0,0.0
7.989999999999874,0.0,0.0,0.575329414776288,0.0,0.0,0.0,0.0,0.0,0.0,0.9660619259052978,1.3990680983275035,4.277996996164946,0.9260391251842289,1.4064375218319454,4.250261755420352,0.0,0.0,0.0
7.999999999999874,0.0,0.0,0.5819001304020908,0.0,0.0,0.0,0.0,0.0,0.0,0.9700853469580615,1.3973728208128429,4.283397921523462,0.9316933522837689,1.4085313652127134,4.258399026764692,0.0,0.0,0.0
8.009999999999874,0.0,0.0,0.5882254600841672,0.0,0.0,0.0,0.0,0.0,0.0,0.9738515481432404,1.3950160445806172,4.288322589321245,0.9370868779993734,1.409940150223222,4.2660686460200505,0.0,0.0,0.0
8.019999999999873,0.0,0.0,0.5943034524677114,0.0,0.0,0.0,0.0,0.0,0.0,0.9773589844958668,1.3920051557438864,4.2927699711073615,0.9422196679373447,1.4106680855681337,4.273269408568439,0.0,0.0,0.0
8.029999999999873,0.0,0.0,0.6001323845788927,0.0,0.0,0.0,0.0,0.0,0.0,0.98060540005972,1.3883486464606511,4.296739316222608,0.9470914657457786,1.4107202233922176,4.279999768360518,0.0,0.0,0.0
8.039999999999873,0.0,0.0,0.605710754856653,0.0,0.0,0.0,0.0,0.0,0.0,0.9835878447610618,1.3840561577093775,4.300229945668855,0.9517015587516621,1.4101025825823401,4.286258475206327,0.0,0.0,0.0
8.049999999999873,0.0,0.0,0.6110372699256659,0.0,0.0,0.0,0.0,0.0,0.0,0.9863026397472154,1.3791385783548213,4.303241310041098,0.9560487480123463,1.408822180493543,4.292044424548442,0.0,0.0,0.0
8.059999999999873,0.0,0.0,0.6161108238019415,0.0,0.0,0.0,0.0,0.0,0.0,0.9887453865524385,1.3736081595572962,4.305772980780949,0.9601312824353418,1.406887102258671,4.297356701801886,0.0,0.0,0.0
8.069999999999872,0.0,0.0,0.6209304732967379,0.0,0.0,0.0,0.0,0.0,0.0,0.9909109963523799,1.367478627424896,4.307824661634157,0.963946820745001,1.404306577898828,4.302194577439804,0.0,0.0,0.0
8.079999999999872,0.0,0.0,0.6254955851476196,0.0,0.0,0.0,0.0,0.0,0.0,0.9927936917212725,1.3607641143300808,4.309396408054886,0.9674924079590123,1.401091071033447,4.306557514717403,0.0,0.0,0.0
8.089999999999872,0.0,0.0,0.6298061057575507,0.0,0.0,0.0,0.0,0.0,0.0,0.9943870456936679,1.3534773279249126,4.310488794599742,0.9707644595607845,1.3972520651278404,4.310445227980776,0.0,0.0,0.0
8.099999999999872,0.0,0.0,0.633862692101961,0.0,0.0,0.0,0.0,0.0,0.0,0.9956841056672372,1.3456287382625374,4.311102781030833,0.9737587802820152,1.3928011706164107,4.313857693660627,0.0,0.0,0.0
8.109999999999872,0.0,0.0,0.6376667414930517,0.0,0.0,0.0,0.0,0.0,0.0,0.9966774924764876,1.3372264867716346,4.311239648799525,0.976470634218579,1.3877494054448472,4.3167950161450825,0.0,0.0,0.0
8.119999999999871,0.0,0.0,0.641220390761494,0.0,0.0,0.0,0.0,0.0,0.0,0.9973594892679689,1.3282764792559356,4.3109009853470805,0.9788948004323813,1.3821068129247394,4.319257380912758,0.0,0.0,0.0
8.129999999999871,0.0,0.0,0.6445266113878031,0.0,0.0,0.0,0.0,0.0,0.0,0.9976036594089421,1.3188786720236478,4.3105361631480426,0.981025624839047,1.3758822113430789,4.321245055022951,0.0,0.0,0.0
8.139999999999871,0.0,0.0,0.6475889196459556,0.0,0.0,0.0,0.0,0.0,0.0,0.9977170070284598,1.3087859344090471,4.309052788896614,0.9827678954168321,1.3691583576659967,4.323104095016221,0.0,0.0,0.0
8.14999999999987,0.0,0.0,0.6504111641377492,0.0,0.0,0.0,0.0,0.0,0.0,0.9974395683400452,1.2981951523671378,4.307266405765981,0.9843379407208354,1.3617544177970267,4.324005683632937,0.0,0.0,0.0
8.15999999999987,0.0,0.0,0.652997712629636,0.0,0.0,0.0,0.0,0.0,0.0,0.9968209691088026,1.2870615533118923,4.30498479290267,0.9855646740573628,1.353813858360259,4.324552030721931,0.0,0.0,0.0
8.16999999999987,0.0,0.0,0.6553532591204856,0.0,0.0,0.0,0.0,0.0,0.0,0.9958409429081139,1.2753975709483207,4.30225732058998,0.9864776509031292,1.3453089825656492,4.324601814234422,0.0,0.0,0.0
8.17999999999987,0.0,0.0,0.6574827020516885,0.0,0.0,0.0,0.0,0.0,0.0,0.9944966751491526,1.2632017925830021,4.2990742245587,0.9870603196644538,1.3362522030119712,4.324191196256319,0.0,0.0,0.0
8.18999999999987,0.0,0.0,0.6593910307854505,0.0,0.0,0.0,0.0,0.0,0.0,0.9927813978221458,1.2504775954041927,4.29544028008044,0.987307875822637,1.3266451477484142,4.323312705127418,0.0,0.0,0.0
8.19999999999987,0.0,0.0,0.6610832301043722,0.0,0.0,0.0,0.0,0.0,0.0,0.9906897131892258,1.2372289223746165,4.291356761622561,0.9872130380696122,1.3164920382441323,4.3219695128429425,0.0,0.0,0.0
8.20999999999987,0.0,0.0,0.662564212339984,0.0,0.0,0.0,0.0,0.0,0.0,0.9882163770820007,1.2234616103196774,4.286825866393931,0.9867695372379324,1.3057968008610101,4.320162215021497,0.0,0.0,0.0
8.21999999999987,0.0,0.0,0.6638387667998347,0.0,0.0,0.0,0.0,0.0,0.0,0.9853566771008397,1.209183174040426,4.281849635254332,0.9859712876900111,1.294564191226394,4.317892114886017,0.0,0.0,0.0
8.229999999999869,0.0,0.0,0.6649115177772537,0.0,0.0,0.0,0.0,0.0,0.0,0.9821064125963175,1.1944029130069374,4.276430211336006,0.9848126267951676,1.282799814289728,4.315160448916256,0.0,0.0,0.0
8.239999999999869,0.0,0.0,0.6657868963505484,0.0,0.0,0.0,0.0,0.0,0.0,0.9784619554812677,1.1791318662124177,4.270569782676002,0.9832883003626046,1.2705103586903719,4.311968589841847,0.0,0.0,0.0
8.249999999999869,0.0,0.0,0.6664691249810593,0.0,0.0,0.0,0.0,0.0,0.0,0.9744202763846657,1.1633827354956607,4.264270605106951,0.9813935098636578,1.2577037133308662,4.308318009540556,0.0,0.0,0.0
8.259999999999868,0.0,0.0,0.6669622124762217,0.0,0.0,0.0,0.0,0.0,0.0,0.969978964984771,1.1471697652795245,4.257535005428563,0.9791239427735791,1.2443890457483668,4.304210295347491,0.0,0.0,0.0
8.269999999999868,0.0,0.0,0.6672699568490295,0.0,0.0,0.0,0.0,0.0,0.0,0.965136238216848,1.1305086003942044,4.250365388379832,0.9764758030354215,1.230576828662675,4.299647148260483,0.0,0.0,0.0
8.279999999999868,0.0,0.0,0.6673959537729066,0.0,0.0,0.0,0.0,0.0,0.0,0.9598909391713575,1.1134161324502707,4.242764241127026,0.9734458355573529,1.2162788275462297,4.294630382033375,0.0,0.0,0.0
8.289999999999868,0.0,0.0,0.6673436085986917,0.0,0.0,0.0,0.0,0.0,0.0,0.954242527662148,1.095910344981117,4.234734136558671,0.9700313449513817,1.2015080562793976,4.289161919805963,0.0,0.0,0.0
8.299999999999867,0.0,0.0,0.6671161502099063,0.0,0.0,0.0,0.0,0.0,0.0,0.9481910641235474,1.0780101647149158,4.226277735032924,0.9662302078082782,1.1862787093426432,4.283243790136565,0.0,0.0,0.0
8.309999999999867,0.0,0.0,0.6667166456275013,0.0,0.0,0.0,0.0,0.0,0.0,0.9417371867216711,1.059735324877141,4.217397791392209,0.9620408785704094,1.1706060780144,4.276878122786036,0.0,0.0,0.0
8.319999999999867,0.0,0.0,0.6661480191224854,0.0,0.0,0.0,0.0,0.0,0.0,0.9348820627542291,1.0411062446663584,4.208097249059378,0.9574623881257813,1.1545064584451257,4.2700671496101945,0.0,0.0,0.0
8.329999999999867,0.0,0.0,0.6654130813045128,0.0,0.0,0.0,0.0,0.0,0.0,0.9276273606050656,1.0221438373746037,4.198379270610893,0.9524943213033463,1.1379970696696615,4.262813270196252,0.0,0.0,0.0
8.339999999999867,0.0,0.0,0.6645145648930123,0.0,0.0,0.0,0.0,0.0,0.0,0.9199752498881262,1.0028692492787403,4.18824717052219,0.9471368052098492,1.1210959281029278,4.255119065270313,0.0,0.0,0.0
8.349999999999866,0.0,0.0,0.6634551595248799,0.0,0.0,0.0,0.0,0.0,0.0,0.911928383346414,0.983303628395455,4.177704407053721,0.9413905153995832,1.1038216661448963,4.246987232045066,0.0,0.0,0.0
8.359999999999866,0.0,0.0,0.6622375417432472,0.0,0.0,0.0,0.0,0.0,0.0,0.9034898767250719,0.9634679240957413,4.166754578366445,0.9352566681797311,1.0861933530666221,4.23842056490178,0.0,0.0,0.0
8.369999999999866,0.0,0.0,0.6608669936648209,0.0,0.0,0.0,0.0,0.0,0.0,0.8945313211141703,0.9435661446459322,4.155918842131523,0.9287370088687499,1.0682303194273304,4.2294219435377824,0.0,0.0,0.0
8.379999999999866,0.0,0.0,0.659346714479557,0.0,0.0,0.0,0.0,0.0,0.0,0.8853372678867701,0.9232180599553965,4.144186636164808,0.9217376468997265,1.0500913206185298,4.2203948158078335,0.0,0.0,0.0
8.389999999999866,0.0,0.0,0.6576778463050985,0.0,0.0,0.0,0.0,0.0,0.0,0.8759448407281716,0.9023782808103964,4.131381327078735,0.9144529923895367,1.0315130838807973,4.2105731097667425,0.0,0.0,0.0
8.399999999999865,0.0,0.0,0.6558622715224057,0.0,0.0,0.0,0.0,0.0,0.0,0.865903198947976,0.8817469329602328,4.1191792056854295,0.9069224949354496,1.0124549823035136,4.199794638592946,0.0,0.0,0.0
8.409999999999865,0.0,0.0,0.6539019327732117,0.0,0.0,0.0,0.0,0.0,0.0,0.8555549033763263,0.8608543781171405,4.106368058113125,0.8988389929986436,0.9934049271831984,4.189344901649445,0.0,0.0,0.0
8.419999999999865,0.0,0.0,0.6518002562215952,0.0,0.0,0.0,0.0,0.0,0.0,0.8448243144751586,0.8398391327062051,4.093257861402773,0.8904239058793026,0.974056895219225,4.1783226346888895,0.0,0.0,0.0
8.429999999999865,0.0,0.0,0.6495603085850726,0.0,0.0,0.0,0.0,0.0,0.0,0.8337386696428097,0.8186847234183228,4.079774900315269,0.8816293616561427,0.9545105407030628,4.166957307741201,0.0,0.0,0.0
8.439999999999864,0.0,0.0,0.6471852563931333,0.0,0.0,0.0,0.0,0.0,0.0,0.8222983427292256,0.7974152206985998,4.065945858447022,0.8724745596771067,0.9347619548345663,4.1551936625334545,0.0,0.0,0.0
8.449999999999864,0.0,0.0,0.6446781556317611,0.0,0.0,0.0,0.0,0.0,0.0,0.8105115115917361,0.7760434705045194,4.051771362869241,0.8629614880664631,0.9148338053532626,4.143051354879006,0.0,0.0,0.0
8.459999999999864,0.0,0.0,0.6420419585329865,0.0,0.0,0.0,0.0,0.0,0.0,0.7983859383788492,0.7545837745910196,4.037256266964442,0.8530970475754127,0.8947410721436365,4.130530798056943,0.0,0.0,0.0
8.469999999999864,0.0,0.0,0.639327006695834,0.0,0.0,0.0,0.0,0.0,0.0,0.7852116283276465,0.7330890030388555,4.022320888743934,0.8428879996760861,0.8744993351867956,4.1176356483223175,0.0,0.0,0.0
8.479999999999864,0.0,0.0,0.636517047613713,0.0,0.0,0.0,0.0,0.0,0.0,0.7712759958508193,0.7115830863768351,4.0071026687465565,0.8321665752655794,0.8541517630279306,4.104396865588888,0.0,0.0,0.0
8.489999999999863,0.0,0.0,0.6335555845206622,0.0,0.0,0.0,0.0,0.0,0.0,0.7575430480618914,0.6899949318843683,3.991680046735095,0.8207476525777713,0.8337263791318392,4.090809668080055,0.0,0.0,0.0
8.499999999999863,0.0,0.0,0.6304550480084146,0.0,0.0,0.0,0.0,0.0,0.0,0.7438917774278135,0.6682909744647523,3.975887174401407,0.8090904964739908,0.8131832083333618,4.076884101898653,0.0,0.0,0.0
8.509999999999863,0.0,0.0,0.6272245417246118,0.0,0.0,0.0,0.0,0.0,0.0,0.7301664254026201,0.646537970325642,3.9597606290386986,0.797243865477731,0.7924963845678923,4.06252860203889,0.0,0.0,0.0
8.519999999999863,0.0,0.0,0.6238710685198767,0.0,0.0,0.0,0.0,0.0,0.0,0.7162649144586508,0.624774917415603,3.9433003515493392,0.7851946786053778,0.7717055952075471,4.047794313695029,0.0,0.0,0.0
8.529999999999863,0.0,0.0,0.6204000430992359,0.0,0.0,0.0,0.0,0.0,0.0,0.7021171631805927,0.6030360013250884,3.9265155369932616,0.772928861880145,0.7508377043827236,4.032695511054458,0.0,0.0,0.0
8.539999999999862,0.0,0.0,0.6168157047014167,0.0,0.0,0.0,0.0,0.0,0.0,0.6876788290727098,0.5813473462426315,3.909412328429884,0.7604291598363403,0.7299194696063178,4.017246981961043,0.0,0.0,0.0
8.549999999999862,0.0,0.0,0.6131214004389706,0.0,0.0,0.0,0.0,0.0,0.0,0.6729231767771517,0.559730463076475,3.8919966217513426,0.7476797417234499,0.7089741706266771,4.001457149514493,0.0,0.0,0.0
8.559999999999862,0.0,0.0,0.6093197797320573,0.0,0.0,0.0,0.0,0.0,0.0,0.6578358391413643,0.5382035997887251,3.874273459544051,0.7346670119131822,0.6880228245276521,3.985331829515052,0.0,0.0,0.0
8.569999999999862,0.0,0.0,0.6054129288773796,0.0,0.0,0.0,0.0,0.0,0.0,0.6424108187968238,0.5167830990596975,3.856247289420265,0.7213802332036152,0.6670844455589877,3.9688748739650968,0.0,0.0,0.0
8.579999999999862,0.0,0.0,0.6014025073885492,0.0,0.0,0.0,0.0,0.0,0.0,0.626646950791655,0.49548432223028094,3.8379218806714412,0.7078115760455455,0.6461765512951303,3.952089083982504,0.0,0.0,0.0
8.589999999999861,0.0,0.0,0.5972898250797618,0.0,0.0,0.0,0.0,0.0,0.0,0.6105456952856565,0.47432240553229965,3.819300618933134,0.6939557668284999,0.6253155746113356,3.934976667346251,0.0,0.0,0.0
8.599999999999861,0.0,0.0,0.593075842815121,0.0,0.0,0.0,0.0,0.0,0.0,0.5941107100755054,0.4533126965816243,3.80038686355099,0.6798094747759361,0.6045172866328326,3.917539670466936,0.0,0.0,0.0
8.60999999999986,0.0,0.0,0.5887611870412538,0.0,0.0,0.0,0.0,0.0,0.0,0.5773476001540503,0.4324708834486497,3.7811839278679997,0.6653712067431033,0.5837970946960361,3.899780288980973,0.0,0.0,0.0
8.61999999999986,0.0,0.0,0.5843461842524285,0.0,0.0,0.0,0.0,0.0,0.0,0.560263492178346,0.4118130789340708,3.76169509187325,0.6506412722972196,0.5631701847517495,3.881700873032175,0.0,0.0,0.0
8.62999999999986,0.0,0.0,0.579830906519481,0.0,0.0,0.0,0.0,0.0,0.0,0.542866535443346,0.39135585231398684,3.7419236236723137,0.6356216472755574,0.5426516462032606,3.8633039534406852,0.0,0.0,0.0
8.63999999999986,0.0,0.0,0.5752151460291164,0.0,0.0,0.0,0.0,0.0,0.0,0.5251658405283461,0.3711157182985687,3.721870657165007,0.6203157637779494,0.5222565667540446,3.844592265200227,0.0,0.0,0.0
8.64999999999986,0.0,0.0,0.5704984837558813,0.0,0.0,0.0,0.0,0.0,0.0,0.5071695036839876,0.3511124098173819,3.7015420880088503,0.6047285334875294,0.5019996019860833,3.825567170579874,0.0,0.0,0.0
8.65999999999986,0.0,0.0,0.5656805012488415,0.0,0.0,0.0,0.0,0.0,0.0,0.4888856712214742,0.3313646638291794,3.6809429873077533,0.5888651156493828,0.4818971699054825,3.8062339538511187,0.0,0.0,0.0
8.66999999999986,0.0,0.0,0.5607608090007463,0.0,0.0,0.0,0.0,0.0,0.0,0.47032291565662177,0.31188854029397284,3.660074525817593,0.5727315051859561,0.4619653845903082,3.7865973371326627,0.0,0.0,0.0
8.67999999999986,0.0,0.0,0.5557389781186141,0.0,0.0,0.0,0.0,0.0,0.0,0.45148842848533377,0.29270161161078256,3.638941014716299,0.5563347262284273,0.44221887121918835,3.7666590276852845,0.0,0.0,0.0
8.68999999999986,0.0,0.0,0.5506145448702736,0.0,0.0,0.0,0.0,0.0,0.0,0.432388804597325,0.273821047999518,3.6175461179514357,0.5396816444722204,0.422672987240707,3.7464232612402113,0.0,0.0,0.0
8.699999999999859,0.0,0.0,0.5453870245454564,0.0,0.0,0.0,0.0,0.0,0.0,0.4130298228207263,0.25526402558989325,3.595893869398988,0.5227793018269851,0.4033427655821614,3.725893893881857,0.0,0.0,0.0
8.709999999999859,0.0,0.0,0.540055920248793,0.0,0.0,0.0,0.0,0.0,0.0,0.39341657760501625,0.23704749050498863,3.5739884220996694,0.5056346740701736,0.3842431461954212,3.705075146160859,0.0,0.0,0.0
8.719999999999859,0.0,0.0,0.5346207264430538,0.0,0.0,0.0,0.0,0.0,0.0,0.3735535933234271,0.21918810623330165,3.551834128304182,0.4882546370133832,0.3653888482150413,3.6839713823099265,0.0,0.0,0.0
8.729999999999858,0.0,0.0,0.5290809284194116,0.0,0.0,0.0,0.0,0.0,0.0,0.35344499877706803,0.20170216996290513,3.52943552624882,0.4706459349888346,0.3467943324506387,3.662587147800443,0.0,0.0,0.0
8.739999999999858,0.0,0.0,0.5234359988294359,0.0,0.0,0.0,0.0,0.0,0.0,0.3330947238856621,0.1846055571817642,3.506797347388693,0.45281520023362004,0.32847374164814186,3.6409271414101334,0.0,0.0,0.0
8.749999999999858,0.0,0.0,0.5176853924450019,0.0,0.0,0.0,0.0,0.0,0.0,0.3125067131340682,0.16791367834194926,3.48392451452232,0.43476900287862097,0.3104408524318995,3.618996208545067,0.0,0.0,0.0
8.759999999999858,0.0,0.0,0.5118285404557117,0.0,0.0,0.0,0.0,0.0,0.0,0.291685137384442,0.15164144988999428,3.460822137931348,0.41651392934270437,0.2927090325892571,3.5967993327302272,0.0,0.0,0.0
8.769999999999857,0.0,0.0,0.5058648454360409,0.0,0.0,0.0,0.0,0.0,0.0,0.27063458890215064,0.13580327678471704,3.4374955081153873,0.3980566798136812,0.2752912066950214,3.5743416304178677,0.0,0.0,0.0
8.779999999999857,0.0,0.0,0.499793677840705,0.0,0.0,0.0,0.0,0.0,0.0,0.2493602470672216,0.12041304442476619,3.41395008638024,0.3794041758269488,0.2581998300103935,3.5516283474145975,0.0,0.0,0.0
8.789999999999857,0.0,0.0,0.4936143746086594,0.0,0.0,0.0,0.0,0.0,0.0,0.227868005521626,0.105484117270227,3.390191493808333,0.3605636691647603,0.24144687062488002,3.528664857081504,0.0,0.0,0.0
8.799999999999857,0.0,0.0,0.48732624016371406,0.0,0.0,0.0,0.0,0.0,0.0,0.20616455518374965,0.09102934154256825,3.366225499426556,0.34154284422649955,0.22504379912381714,3.505456659792575,0.0,0.0,0.0
8.809999999999857,0.0,0.0,0.4809290415525834,0.0,0.0,0.0,0.0,0.0,0.0,0.18425420824666228,0.07706597217327271,3.3420779056141647,0.3223499073834368,0.2090015847919016,3.48200938330237,0.0,0.0,0.0
8.819999999999856,0.0,0.0,0.47442272036740013,0.0,0.0,0.0,0.0,0.0,0.0,0.1621514850310133,0.0635825027482042,3.3177259096914824,0.3029918211602187,0.19333471286184806,3.458343724665816,0.0,0.0,0.0
8.829999999999856,0.0,0.0,0.4678062745571282,0.0,0.0,0.0,0.0,0.0,0.0,0.1398672502938183,0.05058536153401949,3.2931628293663326,0.28348130919571307,0.17804271063217808,3.4344419512747697,0.0,0.0,0.0
8.839999999999856,0.0,0.0,0.46107813472152026,0.0,0.0,0.0,0.0,0.0,0.0,0.11740521143067495,0.038108389920285646,3.268422471493942,0.2638297198211355,0.16313044729896675,3.4103003045054274,0.0,0.0,0.0
8.849999999999856,0.0,0.0,0.4542369623443221,0.0,0.0,0.0,0.0,0.0,0.0,0.09477669111119247,0.026164821444349506,3.243504108441123,0.24404479103198898,0.14861560739172167,3.3859480863232214,0.0,0.0,0.0
8.859999999999856,0.0,0.0,0.4472817091607788,0.0,0.0,0.0,0.0,0.0,0.0,0.0719920140296344,0.01476949217333523,3.2184164111916145,0.2241383185835414,0.13450734156991576,3.3613870695782895,0.0,0.0,0.0
8.869999999999855,0.0,0.0,0.4402115580434792,0.0,0.0,0.0,0.0,0.0,0.0,0.04906253278615602,0.003933110346111768,3.193165605584838,0.2041220247292519,0.12081616936388606,3.3366257530363157,0.0,0.0,0.0
8.879999999999855,0.0,0.0,0.43302585960890405,0.0,0.0,0.0,0.0,0.0,0.0,0.025999831635054038,-0.006335499824512425,3.1677585958355374,0.18400858148918683,0.10755106142771279,3.3116703654859183,0.0,0.0,0.0
8.889999999999855,0.0,0.0,0.42572408370182374,0.0,0.0,0.0,0.0,0.0,0.0,0.002815693316769119,-0.016029356158548502,3.1422020922786826,0.16381125806295516,0.09472017996467806,3.2865274851617774,0.0,0.0,0.0
8.899999999999855,0.0,0.0,0.4183090973036675,0.0,0.0,0.0,0.0,0.0,0.0,-0.02047911701534466,-0.025180314762324407,3.1165221398376977,0.14354391905962255,0.0823307329584418,3.2612034886196106,0.0,0.0,0.0
8.909999999999854,0.0,0.0,0.4107787293808693,0.0,0.0,0.0,0.0,0.0,0.0,-0.04386897422254954,-0.03377814585669192,3.090695357729622,0.12322076447650027,0.07038324823732996,3.235710086321218,0.0,0.0,0.0
8.919999999999854,0.0,0.0,0.4031282465495309,0.0,0.0,0.0,0.0,0.0,0.0,-0.06734374362320339,-0.041761288282704534,3.064714697978527,0.102858167309646,0.05887147578745086,3.2100420514532586,0.0,0.0,0.0
8.929999999999854,0.0,0.0,0.3953582282496876,0.0,0.0,0.0,0.0,0.0,0.0,-0.09089751181709804,-0.04911927133808991,3.0386199689992637,0.08247073896202425,0.04781849516023835,3.1842005453342446,0.0,0.0,0.0
8.939999999999854,0.0,0.0,0.38746919751525044,0.0,0.0,0.0,0.0,0.0,0.0,-0.11451763954887628,-0.05586366031835688,3.012410227424769,0.06207171557839451,0.03723684308489672,3.158215056669849,0.0,0.0,0.0
8.949999999999854,0.0,0.0,0.3794614759677349,0.0,0.0,0.0,0.0,0.0,0.0,-0.13819387370524772,-0.061999283601664956,2.986094222013656,0.04167772367725102,0.027128408567777727,3.1320840198072264,0.0,0.0,0.0
8.959999999999853,0.0,0.0,0.3713352280306974,0.0,0.0,0.0,0.0,0.0,0.0,-0.1619162443493798,-0.06753097249712425,2.959677964432833,0.021304932998503376,0.017496272120529774,3.1058144298641848,0.0,0.0,0.0
8.969999999999853,0.0,0.0,0.36303952496753444,0.0,0.0,0.0,0.0,0.0,0.0,-0.1849294987321879,-0.07190494680296045,2.9330013692996495,-0.027251101038610046,-0.017768241469685198,3.079411848438458,0.0,0.0,0.0
8.979999999999853,0.0,0.0,0.3545949974850356,0.0,0.0,0.0,0.0,0.0,0.0,-0.207409035393612,-0.07520098883999715,2.9063166293481304,-0.044619845350199874,-0.023114357185637396,3.0528372287435768,0.0,0.0,0.0
8.989999999999853,0.0,0.0,0.3460637620967263,0.0,0.0,0.0,0.0,0.0,0.0,-0.23019639108929746,-0.07817503442830898,2.879762284810964,-0.06276296111955408,-0.028210039795396012,3.026195020779066,0.0,0.0,0.0
8.999999999999853,0.0,0.0,0.33743724627527166,0.0,0.0,0.0,0.0,0.0,0.0,-0.25317554912230955,-0.08089319270867534,2.853075380056418,-0.08181646599117764,-0.033196016907469816,2.9995466999887377,0.0,0.0,0.0
9.009999999999852,0.0,0.0,0.3287081183580476,0.0,0.0,0.0,0.0,0.0,0.0,-0.27629612661688885,-0.0832406559258585,2.826349830490541,-0.10169757457295436,-0.03809071416756162,2.972708625643546,0.0,0.0,0.0
9.019999999999852,0.0,0.0,0.31987111456197126,0.0,0.0,0.0,0.0,0.0,0.0,-0.2994977981243887,-0.08519013076457682,2.799551715302129,-0.12234181633941453,-0.04283331289910784,2.945773452054128,0.0,0.0,0.0
9.029999999999852,0.0,0.0,0.3109220851542868,0.0,0.0,0.0,0.0,0.0,0.0,-0.3227343853264302,-0.08670667919547181,2.7726743904812956,-0.14367301497359306,-0.04739211445577389,2.9187264582203136,0.0,0.0,0.0
9.039999999999852,0.0,0.0,0.3018577653562992,0.0,0.0,0.0,0.0,0.0,0.0,-0.34597293232787063,-0.08774166254373128,2.745746968360063,-0.16561532926534908,-0.051731008121284894,2.891571483318923,0.0,0.0,0.0
9.049999999999851,0.0,0.0,0.2926777118190087,0.0,0.0,0.0,0.0,0.0,0.0,-0.3691841986945783,-0.08831646629355472,2.7187950655679765,-0.1880955571364794,-0.05580597632578352,2.864339331945513,0.0,0.0,0.0
9.059999999999851,0.0,0.0,0.2833805547414494,0.0,0.0,0.0,0.0,0.0,0.0,-0.39234133709063057,-0.08844036541823552,2.6918112100634306,-0.21104012687086257,-0.05958796219280968,2.837043843120685,0.0,0.0,0.0
9.069999999999851,0.0,0.0,0.27396382836514854,0.0,0.0,0.0,0.0,0.0,0.0,-0.4154239945029963,-0.08807687720747737,2.664784517815299,-0.2343765130962175,-0.06306292913262693,2.8096876606906456,0.0,0.0,0.0
9.07999999999985,0.0,0.0,0.26442689824731835,0.0,0.0,0.0,0.0,0.0,0.0,-0.4384196432627192,-0.0872191892494687,2.637744609166145,-0.25803596344820523,-0.06619845741098344,2.782269166903951,0.0,0.0,0.0
9.08999999999985,0.0,0.0,0.2547693919804729,0.0,0.0,0.0,0.0,0.0,0.0,-0.4613152764267796,-0.08588048694967654,2.6106949218622097,-0.28195549743789305,-0.0689685444779482,2.754812754906424,0.0,0.0,0.0
9.09999999999985,0.0,0.0,0.2449910494355904,0.0,0.0,0.0,0.0,0.0,0.0,-0.4841014566650417,-0.08407546102032093,2.58364515179393,-0.3060747424644763,-0.07135759717896605,2.7273216347768834,0.0,0.0,0.0
9.10999999999985,0.0,0.0,0.2350916433189225,0.0,0.0,0.0,0.0,0.0,0.0,-0.5067707446071434,-0.08182339084058787,2.556602894981063,-0.3303384783365815,-0.07335340452437755,2.699803872118528,0.0,0.0,0.0
9.11999999999985,0.0,0.0,0.2250709182411395,0.0,0.0,0.0,0.0,0.0,0.0,-0.5293176259119607,-0.07914603234068851,2.529575858383226,-0.35469632772629045,-0.07494863421408957,2.672265934730241,0.0,0.0,0.0
9.12999999999985,0.0,0.0,0.21492855014838103,0.0,0.0,0.0,0.0,0.0,0.0,-0.5517381314040577,-0.07606694607607256,2.502571247235711,-0.37910300440320904,-0.07614005325038899,2.6447145658412907,0.0,0.0,0.0
9.13999999999985,0.0,0.0,0.20466412350760277,0.0,0.0,0.0,0.0,0.0,0.0,-0.5740296085278402,-0.07261047373495666,2.4755959171246094,-0.4035182629545957,-0.07692823442588909,2.617156390004097,0.0,0.0,0.0
9.14999999999985,0.0,0.0,0.1942771254250571,0.0,0.0,0.0,0.0,0.0,0.0,-0.596190507621624,-0.06880082818212996,2.4486563307684976,-0.4279068015754018,-0.07731702878991545,2.5895981013314753,0.0,0.0,0.0
9.15999999999985,0.0,0.0,0.1837669776060143,0.0,0.0,0.0,0.0,0.0,0.0,-0.6182219535487964,-0.06465842462120719,2.421776376018049,-0.4522380728221639,-0.07731301347133399,2.562046478261265,0.0,0.0,0.0
9.169999999999849,0.0,0.0,0.17313299500052678,0.0,0.0,0.0,0.0,0.0,0.0,-0.6401212464014236,-0.060223918248771824,2.3949397515143014,-0.4764871099987505,-0.07692217691894518,2.534522005063515,0.0,0.0,0.0
9.179999999999849,0.0,0.0,0.16237438542127616,0.0,0.0,0.0,0.0,0.0,0.0,-0.6618879830632162,-0.055523094905279624,2.3681394579446158,-0.5006304489059968,-0.0761620902372509,2.507013120296667,0.0,0.0,0.0
9.189999999999849,0.0,0.0,0.15149040042341327,0.0,0.0,0.0,0.0,0.0,0.0,-0.6835277954900266,-0.050557130046491316,2.3414002151140827,-0.5246492476449715,-0.07504859201267798,2.479517136069752,0.0,0.0,0.0
9.199999999999848,0.0,0.0,0.14048043541618283,0.0,0.0,0.0,0.0,0.0,0.0,-0.7050449228242797,-0.04533385026453107,2.314721725671403,-0.5485308340372878,-0.07358891897520514,2.452058257946678,0.0,0.0,0.0
9.209999999999848,0.0,0.0,0.12934407292781,0.0,0.0,0.0,0.0,0.0,0.0,-0.7264410659445522,-0.03985412841730307,2.2881109408616296,-0.5722650332749206,-0.07179375160321909,2.424641025252373,0.0,0.0,0.0
9.219999999999848,0.0,0.0,0.11808115845242022,0.0,0.0,0.0,0.0,0.0,0.0,-0.7477151572047204,-0.03411602663131541,2.261572010116276,-0.595844262275832,-0.06967108620089382,2.397275523622528,0.0,0.0,0.0
9.229999999999848,0.0,0.0,0.10669188217907452,0.0,0.0,0.0,0.0,0.0,0.0,-0.7688669026398435,-0.02811286916022615,2.235110003202845,-0.6192618664924533,-0.06722775359685854,2.3699695804335765,0.0,0.0,0.0
9.239999999999847,0.0,0.0,0.09517683908315791,0.0,0.0,0.0,0.0,0.0,0.0,-0.7898969495050582,-0.021833839611081096,2.208729886837843,-0.6425130281099061,-0.06446836148932517,2.342731790009656,0.0,0.0,0.0
9.249999999999847,0.0,0.0,0.08353707812891367,0.0,0.0,0.0,0.0,0.0,0.0,-0.8108066257293948,-0.015264222203160038,2.1824369673765673,-0.6655946850985234,-0.06139527972517371,2.315570629526857,0.0,0.0,0.0
9.259999999999847,0.0,0.0,0.07177392721358185,0.0,0.0,0.0,0.0,0.0,0.0,-0.8316205332168692,-0.008284773201621132,2.1565188036921006,-0.6885053280856551,-0.05800849387046492,2.288494700299068,0.0,0.0,0.0
9.269999999999847,0.0,0.0,0.05988940283528196,0.0,0.0,0.0,0.0,0.0,0.0,-0.8522864046533731,-0.0011181437625085167,2.1303691826208624,-0.7112607149416746,-0.05425550313758365,2.2617413573530882,0.0,0.0,0.0
9.279999999999847,0.0,0.0,0.04788628587274228,0.0,0.0,0.0,0.0,0.0,0.0,-0.8728445982988668,0.006435272660001434,2.1044124898098397,-0.7338265976632471,-0.05024093712107066,2.234829872002939,0.0,0.0,0.0
9.289999999999846,0.0,0.0,0.035767659987329045,0.0,0.0,0.0,0.0,0.0,0.0,-0.8932866467365559,0.014354124003083779,2.07854579970338,-0.7562278199936826,-0.04588672387424547,2.2080977504584927,0.0,0.0,0.0
9.299999999999846,0.0,0.0,0.023537128564147438,0.0,0.0,0.0,0.0,0.0,0.0,-0.9136154926059575,0.022672339403240205,2.05280561711611,-0.7784605684108064,-0.04120262110817424,2.1814672863083717,0.0,0.0,0.0
9.309999999999846,0.0,0.0,0.011198746742831795,0.0,0.0,0.0,0.0,0.0,0.0,-0.9338301354461572,0.031407947667331904,2.02719158791022,-0.8005286021658361,-0.03617471447584403,2.154969537885446,0.0,0.0,0.0
9.319999999999846,0.0,0.0,-0.0012430109089365052,0.0,0.0,0.0,0.0,0.0,0.0,-0.9539295037601898,0.04058081377546685,2.0017135536625785,-0.822433664069159,-0.03079447329798735,2.1286061418407876,0.0,0.0,0.0
9.329999999999846,0.0,0.0,-0.01378330039327249,0.0,0.0,0.0,0.0,0.0,0.0,-0.9739157453409785,0.05020667565621162,1.9763770507605027,-0.8441777266517387,-0.025051754135246698,2.102386181434827,0.0,0.0,0.0
9.339999999999845,0.0,0.0,-0.026416964224188218,0.0,0.0,0.0,0.0,0.0,0.0,-0.9937963070592283,0.06029955262343156,1.951191042547021,-0.8657631309220771,-0.018937465583923847,2.076315022609568,0.0,0.0,0.0
9.349999999999845,0.0,0.0,-0.03913858712628792,0.0,0.0,0.0,0.0,0.0,0.0,-1.0135763649243759,0.07087005271530433,1.9261650242293,-0.8871948508026107,-0.012442797253623223,2.0504003945324025,0.0,0.0,0.0
9.359999999999845,0.0,0.0,-0.05196554262151765,0.0,0.0,0.0,0.0,0.0,0.0,-1.0332586830564932,0.08141336012498446,1.9014740797097884,-0.9084784156581052,0.011662173241367996,2.024649979052419,0.0,0.0,0.0
9.369999999999845,0.0,0.0,-0.06488926219910802,0.0,0.0,0.0,0.0,0.0,0.0,-1.0528026778187587,0.09198993093490682,1.876893324907523,-0.9296182781970003,0.016826511899157084,1.9991145761832674,0.0,0.0,0.0
9.379999999999844,0.0,0.0,-0.07787565935726608,0.0,0.0,0.0,0.0,0.0,0.0,-1.0722256409747177,0.10324647330865888,1.8523035933183605,-0.9506031236006757,0.022504438684647035,1.9737061893001928,0.0,0.0,0.0
9.389999999999844,0.0,0.0,-0.09091874126132714,0.0,0.0,0.0,0.0,0.0,0.0,-1.0915804157475524,0.1152244972905927,1.8279502296106311,-0.9714313408215556,0.028854109741775828,1.948378902527451,0.0,0.0,0.0
9.399999999999844,0.0,0.0,-0.10401295877193227,0.0,0.0,0.0,0.0,0.0,0.0,-1.1108574349781704,0.12786102433968738,1.8037864409342703,-0.9921342279430694,0.03591823872908585,1.9233067484987088,0.0,0.0,0.0
9.409999999999844,0.0,0.0,-0.11715288816224893,0.0,0.0,0.0,0.0,0.0,0.0,-1.1300521179294463,0.14111537462304424,1.7798365347395855,-1.0127133575416243,0.04369464797836834,1.8984408583858219,0.0,0.0,0.0
9.419999999999844,0.0,0.0,-0.13033321719710295,0.0,0.0,0.0,0.0,0.0,0.0,-1.1491593590663245,0.15494049485643746,1.7561045594187437,-1.0331719657939693,0.052185339778973897,1.8737904404938899,0.0,0.0,0.0
9.429999999999843,0.0,0.0,-0.14354870421263638,0.0,0.0,0.0,0.0,0.0,0.0,-1.1681748706709434,0.1692910550873794,1.7325987519908521,-1.053511537665567,0.061385144961430355,1.8493517230948784,0.0,0.0,0.0
9.439999999999843,0.0,0.0,-0.15679414230762267,0.0,0.0,0.0,0.0,0.0,0.0,-1.1870945785429607,0.18412195854558977,1.7093253439151979,-1.0737330155458962,0.07128508359865736,1.825126212608083,0.0,0.0,0.0
9.449999999999843,0.0,0.0,-0.17006432082251585,0.0,0.0,0.0,0.0,0.0,0.0,-1.2059144657259901,0.199389243379537,1.686290383588494,-1.0938366676597358,0.08187189530271742,1.8011155097448015,0.0,0.0,0.0
9.459999999999843,0.0,0.0,-0.18335398796444644,0.0,0.0,0.0,0.0,0.0,0.0,-1.2246302713696025,0.21505029497222505,1.663499418079347,-1.1138222069946055,0.09312857209566522,1.7773223613910196,0.0,0.0,0.0
9.469999999999843,0.0,0.0,-0.19665781528685566,0.0,0.0,0.0,0.0,0.0,0.0,-1.2432372164295415,0.23106415442466366,1.6409577066247956,-1.1336887640625783,0.10503464672974214,1.7537501411927447,0.0,0.0,0.0
9.479999999999842,0.0,0.0,-0.20997036539219846,0.0,0.0,0.0,0.0,0.0,0.0,-1.2617297333633712,0.2473917203529723,1.6186702709558451,-1.1534348299592974,0.11756656038987583,1.7304027890963485,0.0,0.0,0.0
9.489999999999842,0.0,0.0,-0.22328607846732715,0.0,0.0,0.0,0.0,0.0,0.0,-1.2801242563390736,0.2641114346705762,1.5971287458791519,-1.1730581564981706,0.13069802490953578,1.7072846681974214,0.0,0.0,0.0
9.499999999999842,0.0,0.0,-0.2365992888456302,0.0,0.0,0.0,0.0,0.0,0.0,-1.298356303114802,0.2809071365232034,1.5751696197453808,-1.1925730243990136,0.14445915295673528,1.6847850570505813,0.0,0.0,0.0
9.509999999999842,0.0,0.0,-0.24990414231082395,0.0,0.0,0.0,0.0,0.0,0.0,-1.3164584250612628,0.29795283967668595,1.5536617717346657,-1.211934285801789,0.15868531872794683,1.6620052222393094,0.0,0.0,0.0
9.519999999999841,0.0,0.0,-0.2631945123254873,0.0,0.0,0.0,0.0,0.0,0.0,-1.3344095995600813,0.31516583175030144,1.5323860117482577,-1.231165818325341,0.1734365670656475,1.6396017067129747,0.0,0.0,0.0
9.529999999999841,0.0,0.0,-0.27646405028226095,0.0,0.0,0.0,0.0,0.0,0.0,-1.352200726215688,0.33253112192925216,1.511404559712798,-1.2502538605831333,0.18865608197223918,1.6174131232379647,0.0,0.0,0.0
9.539999999999841,0.0,0.0,-0.2897062170826984,0.0,0.0,0.0,0.0,0.0,0.0,-1.3698178763118023,0.350019050609361,1.4907066611613102,-1.2691927396799385,0.20431580199208896,1.5954888981486617,0.0,0.0,0.0
9.54999999999984,0.0,0.0,-0.30291428455068625,0.0,0.0,0.0,0.0,0.0,0.0,-1.387246725945046,0.3676057550106344,1.4703005041739206,-1.2879730878950688,0.22037963609446515,1.5738236829133296,0.0,0.0,0.0
9.55999999999984,0.0,0.0,-0.3160875737847804,0.0,0.0,0.0,0.0,0.0,0.0,-1.4044716537955626,0.3851739111834729,1.4502070907429658,-1.3065848476934319,0.23681317184735143,1.5524260631077307,0.0,0.0,0.0
9.56999999999984,0.0,0.0,-0.32921771920562626,0.0,0.0,0.0,0.0,0.0,0.0,-1.421475649877817,0.4027184322758821,1.430405906534026,-1.3250165751813903,0.2535646468652566,1.5313054560777608,0.0,0.0,0.0
9.57999999999984,0.0,0.0,-0.3422899740937329,0.0,0.0,0.0,0.0,0.0,0.0,-1.4382425378643848,0.4203334868161346,1.4108888987986365,-1.34325514324413,0.2705732204065854,1.5104577598233901,0.0,0.0,0.0
9.58999999999984,0.0,0.0,-0.3552971537479972,0.0,0.0,0.0,0.0,0.0,0.0,-1.4547561826923703,0.4380001724062874,1.3916850496958204,-1.3612874718437473,0.2878415324160179,1.4898834033227317,0.0,0.0,0.0
9.59999999999984,0.0,0.0,-0.36823185744122733,0.0,0.0,0.0,0.0,0.0,0.0,-1.470960842193245,0.45569389935366345,1.372794660592417,-1.3791000905012785,0.3053435811613684,1.4696040176644016,0.0,0.0,0.0
9.60999999999984,0.0,0.0,-0.3810867497648113,0.0,0.0,0.0,0.0,0.0,0.0,-1.4868335310059861,0.47339184286272196,1.354222198749951,-1.3966681884579208,0.3230499981415229,1.4496195692732745,0.0,0.0,0.0
9.61999999999984,0.0,0.0,-0.393854626427519,0.0,0.0,0.0,0.0,0.0,0.0,-1.5023896987874419,0.49107189250625294,1.335970318133299,-1.4139596731323256,0.3409316897898016,1.42993444599673,0.0,0.0,0.0
9.62999999999984,0.0,0.0,-0.40652807361533083,0.0,0.0,0.0,0.0,0.0,0.0,-1.5176128195310086,0.508712861177292,1.3180449627933597,-1.4309719410267183,0.35895954799914676,1.4105517109886183,0.0,0.0,0.0
9.639999999999839,0.0,0.0,-0.41909963919119364,0.0,0.0,0.0,0.0,0.0,0.0,-1.5324866988382209,0.5262938240348851,1.300449885861214,-1.4476895622463697,0.37710478463610997,1.3914765144696135,0.0,0.0,0.0
9.649999999999839,0.0,0.0,-0.4315618494071273,0.0,0.0,0.0,0.0,0.0,0.0,-1.5469960487135794,0.543794469568651,1.2831892443123545,-1.464096929813708,0.39533873203806347,1.3727124524428667,0.0,0.0,0.0
9.659999999999838,0.0,0.0,-0.44390722625253404,0.0,0.0,0.0,0.0,0.0,0.0,-1.5611265819539257,0.5611949412851285,1.2662669775491342,-1.4801786673685635,0.4136331656990971,1.3542634303301642,0.0,0.0,0.0
9.669999999999838,0.0,0.0,-0.45612830545069233,0.0,0.0,0.0,0.0,0.0,0.0,-1.5748651047928894,0.5784757867947775,1.2496869657044647,-1.4959197964033808,0.4319603463798445,1.3361331953965014,0.0,0.0,0.0
9.679999999999838,0.0,0.0,-0.46821765482433214,0.0,0.0,0.0,0.0,0.0,0.0,-1.5881995761014205,0.5956178780290539,1.2334529919806014,-1.511305901651417,0.4502930952937008,1.3183254378731017,0.0,0.0,0.0
9.689999999999838,0.0,0.0,-0.48016789272170773,0.0,0.0,0.0,0.0,0.0,0.0,-1.601119149177965,0.6126023366301622,1.2175687502164887,-1.526323266869999,0.46860483199323233,1.300843754900046,0.0,0.0,0.0
9.699999999999838,0.0,0.0,-0.4919717062475029,0.0,0.0,0.0,0.0,0.0,0.0,-1.6136142004553347,0.6294104581406821,1.2020378385487671,-1.5409589897019997,0.4868695940264975,1.283691650316678,0.0,0.0,0.0
9.709999999999837,0.0,0.0,-0.5036218690863847,0.0,0.0,0.0,0.0,0.0,0.0,-1.6256763528199685,0.6460236373819006,1.1868637537842759,-1.55520107662711,0.5050620365745297,1.2668725272231236,0.0,0.0,0.0
9.719999999999837,0.0,0.0,-0.5151112587569503,0.0,0.0,0.0,0.0,0.0,0.0,-1.637298500891072,0.6624232947679405,1.1720498831311008,-1.569038522213684,0.5231574152685993,1.2503896832568824,0.0,0.0,0.0
9.729999999999837,0.0,0.0,-0.5264328729163528,0.0,0.0,0.0,0.0,0.0,0.0,-1.648474808216759,0.6785908109907512,1.1575996290148602,-1.582461377248033,0.5411315541635581,1.2342463057620148,0.0,0.0,0.0
9.739999999999837,0.0,0.0,-0.5375798439274851,0.0,0.0,0.0,0.0,0.0,0.0,-1.6592005743798635,0.6945074568513369,1.1435165979567712,-1.59546080401435,0.558960806275641,1.2184455665830969,0.0,0.0,0.0
9.749999999999837,0.0,0.0,-0.5485454513239446,0.0,0.0,0.0,0.0,0.0,0.0,-1.6694719364913988,0.7101542951386965,1.129804467816967,-1.6080290771744346,0.5766220018197881,1.202990768121626,0.0,0.0,0.0
9.759999999999836,0.0,0.0,-0.559323132621404,0.0,0.0,0.0,0.0,0.0,0.0,-1.6792855226492445,0.7255120830281683,1.1164668187052307,-1.6201594820950818,0.5940923702388564,1.187885257005717,0.0,0.0,0.0
9.769999999999836,0.0,0.0,-0.5699064928900204,0.0,0.0,0.0,0.0,0.0,0.0,-1.6886381471012777,0.7405611830197805,1.103507133145167,-1.6318461445640247,0.6113494531737235,1.1731323054323881,0.0,0.0,0.0
9.779999999999836,0.0,0.0,-0.5802893132135339,0.0,0.0,0.0,0.0,0.0,0.0,-1.6975265599771043,0.7552814658591804,1.0909287528958567,-1.643083840929691,0.6283710160620094,1.1587351122850855,0.0,0.0,0.0
9.789999999999836,0.0,0.0,-0.5904655412447493,0.0,0.0,0.0,0.0,0.0,0.0,-1.7059472635062873,0.7696525422343625,1.078734840449499,-1.6538678038655348,0.6451349506022699,1.1446967751823856,0.0,0.0,0.0
9.799999999999836,0.0,0.0,-0.6004292295108209,0.0,0.0,0.0,0.0,0.0,0.0,-1.7138963992286076,0.7836551063646793,1.0669283538458816,-1.6641935415007054,0.6616192425791875,1.1310202693797606,0.0,0.0,0.0
9.809999999999835,0.0,0.0,-0.6101744936268828,0.0,0.0,0.0,0.0,0.0,0.0,-1.7213697147175098,0.7972721347242908,1.0555120896548746,-1.674056682901211,0.6778022944945221,1.1177084334341265,0.0,0.0,0.0
9.819999999999835,0.0,0.0,-0.6196955310494751,0.0,0.0,0.0,0.0,0.0,0.0,-1.728362605987412,0.8104890386151099,1.0444887169393444,-1.6834528615054616,0.6936635629879426,1.1047639777918987,0.0,0.0,0.0
9.829999999999835,0.0,0.0,-0.628986651106866,0.0,0.0,0.0,0.0,0.0,0.0,-1.7348702191635905,0.8232936400451886,1.0338607825877708,-1.6923776448776233,0.7091838716723683,1.0921894820334948,0.0,0.0,0.0
9.839999999999835,0.0,0.0,-0.6380423112618285,0.0,0.0,0.0,0.0,0.0,0.0,-1.7408875948613658,0.8356760349530421,1.023630722660605,-1.7008265107611553,0.7243456361560782,1.079987378444841,0.0,0.0,0.0
9.849999999999834,0.0,0.0,-0.6468571577421359,0.0,0.0,0.0,0.0,0.0,0.0,-1.7464098351118178,0.8476283415591045,1.0138008725029057,-1.7087948665851342,0.7391330119707484,1.0681599469030245,0.0,0.0,0.0
9.859999999999834,0.0,0.0,-0.6554260055103881,0.0,0.0,0.0,0.0,0.0,0.0,-1.7514572531810777,0.8591264001802527,1.0049516436048629,-1.7162781045567757,0.7535319548111206,1.0567093166611892,0.0,0.0,0.0
9.869999999999834,0.0,0.0,-0.663744008982844,0.0,0.0,0.0,0.0,0.0,0.0,-1.7559802333379089,0.8702034753301695,0.9958896801352743,-1.7232897522860748,0.7675184863707493,1.0460536872186104,0.0,0.0,0.0
9.879999999999834,0.0,0.0,-0.6718066828974889,0.0,0.0,0.0,0.0,0.0,0.0,-1.7600001360774633,0.880828561907586,0.9873855404375931,-1.729792011581883,0.7811055135508529,1.0353627630052225,0.0,0.0,0.0
9.889999999999834,0.0,0.0,-0.6796098250315602,0.0,0.0,0.0,0.0,0.0,0.0,-1.7635075580724864,0.8910045526026787,0.9792667475623076,-1.7358005711679707,0.7942681054476499,1.0251554551742508,0.0,0.0,0.0
9.899999999999833,0.0,0.0,-0.687149596204883,0.0,0.0,0.0,0.0,0.0,0.0,-1.7665015611448365,0.9007253382559793,0.9715751377950776,-1.7413066956215537,0.807002335792919,1.0153170021102418,0.0,0.0,0.0
9.909999999999833,0.0,0.0,-0.6944225316117518,0.0,0.0,0.0,0.0,0.0,0.0,-1.768980295834818,0.9099866140841502,0.964303359846653,-1.7463080148752892,0.8192997992899018,1.0058761501951266,0.0,0.0,0.0
9.919999999999833,0.0,0.0,-0.7014255435674656,0.0,0.0,0.0,0.0,0.0,0.0,-1.770943173887203,0.9187825760842413,0.9574550735842555,-1.7508014119245867,0.8311541339411336,0.9968287090043598,0.0,0.0,0.0
9.929999999999833,0.0,0.0,-0.7081559157165644,0.0,0.0,0.0,0.0,0.0,0.0,-1.7723904329037419,0.9271065208397024,0.9510312020663929,-1.7547847175555678,0.8425588634344952,0.988177800052661,0.0,0.0,0.0
9.939999999999833,0.0,0.0,-0.7146112915837277,0.0,0.0,0.0,0.0,0.0,0.0,-1.773323281419176,0.9349505090050079,0.9450330514237182,-1.7582564056175285,0.8535076109798888,0.9799247248454881,0.0,0.0,0.0
9.949999999999832,0.0,0.0,-0.7207896584877358,0.0,0.0,0.0,0.0,0.0,0.0,-1.7737439113917401,0.9423053361287989,0.93946159007421,-1.7612157321290036,0.8639937310913682,0.9720710622986277,0.0,0.0,0.0
9.959999999999832,0.0,0.0,-0.7266893275222879,0.0,0.0,0.0,0.0,0.0,0.0,-1.7736555401081096,0.9491605121214058,0.9343176085292249,-1.76366276853993,0.8740101297329974,0.9646182089050059,0.0,0.0,0.0
9.969999999999832,0.0,0.0,-0.7323089111540368,0.0,0.0,0.0,0.0,0.0,0.0,-1.7730624448301648,0.9555043183435246,0.929601682313792,-1.765598454478366,0.883549090490255,0.9575674968067321,0.0,0.0,0.0
9.979999999999832,0.0,0.0,-0.7376472997750054,0.0,0.0,0.0,0.0,0.0,0.0,-1.7719699949361642,0.961323910784863,0.9253141829223606,-1.767024642509847,0.8926021592375214,0.9509201762301234,0.0,0.0,0.0
9.989999999999831,0.0,0.0,-0.7427036383343419,0.0,0.0,0.0,0.0,0.0,0.0,-1.7703846741578662,0.9666054623025206,0.921455280264246,-1.7679441403863325,0.9011600744633108,0.9446774247285069,0.0,0.0,0.0
9.999999999999831,0.0,0.0,-0.747477354378498,0.0,0.0,0.0,0.0,0.0,0.0,-1.7683139941241997,0.9713269177337192,0.9180205429559081,-1.7683607471728842,0.9092127436949508,0.9388403465998454,0.0,0.0,0.0
10.009999999999831,0.0,0.0,-0.7519680427386646,0.0,0.0,0.0,0.0,0.0,0.0,-1.7657668850918338,0.9754570141495542,0.9150115168988044,-1.7682791913004434,0.9167477331176819,0.9334073760119679,0.0,0.0,0.0
10.01999999999983,0.0,0.0,-0.7561753281442125,0.0,0.0,0.0,0.0,0.0,0.0,-0.9301055150716335,1.1110788421037836,-3.0052135646577565,-1.767705466132133,0.9237465320687304,0.9283812285569996,0.0,0.0,0.0
10.02999999999983,0.0,0.0,-0.760098951330703,0.0,0.0,0.0,0.0,0.0,0.0,-0.928417847989002,1.1349812994589854,-3.000395558054824,-1.7666466655357738,0.9301901074634275,0.9237661227907943,0.0,0.0,0.0
10.03999999999983,0.0,0.0,-0.7637816076945547,0.0,0.0,0.0,0.0,0.0,0.0,-0.9193385589739427,1.1768859982408446,-3.1184042640125065,-1.600842984308528,0.960792853737408,0.3034523785197796,0.0,0.0,0.0
10.04999999999983,0.0,0.0,-0.7672931395114138,0.0,0.0,0.0,0.0,0.0,0.0,-0.9043904299285802,1.213887736246833,-3.210212366552427,-1.473521858673523,0.9768820566126156,-0.08691888907067272,0.0,0.0,0.0
10.05999999999983,0.0,0.0,-0.7706493581863416,0.0,0.0,0.0,0.0,0.0,0.0,-0.8829182724857955,1.2509342392390328,-3.3042868241635484,-1.3723167845248727,1.000389726139793,-0.43997426192901046,0.0,0.0,0.0
10.06999999999983,0.0,0.0,-0.7738356664212427,0.0,0.0,0.0,0.0,0.0,0.0,-0.8574430990405422,1.2877317192132525,-3.401448182298723,-1.291449803060895,1.0257605734471322,-0.8189388229767428,0.0,0.0,0.0
10.07999999999983,0.0,0.0,-0.7768206314392136,0.0,0.0,0.0,0.0,0.0,0.0,-0.8311320848230669,1.3219852292311414,-3.49052272276637,-1.2244185916763564,1.0527559306301306,-1.1886313093647407,0.0,0.0,0.0
10.08999999999983,0.0,0.0,-0.7795864324109322,0.0,0.0,0.0,0.0,0.0,0.0,-0.8051474570452801,1.3533995622399846,-3.570235457621686,-1.1662403824873788,1.0826328170832258,-1.537861490965147,0.0,0.0,0.0
10.09999999999983,0.0,0.0,-0.7821333075824627,0.0,0.0,0.0,0.0,0.0,0.0,-0.7795243629598234,1.3819313257294041,-3.639627969893569,-1.1141669847247353,1.1147046481125353,-1.857001323689489,0.0,0.0,0.0
10.109999999999829,0.0,0.0,-0.7844462181379631,0.0,0.0,0.0,0.0,0.0,0.0,-0.754755355767861,1.4078555132935966,-3.699151770904386,-1.0670322245981096,1.1481872786469114,-2.1431815428040615,0.0,0.0,0.0
10.119999999999829,0.0,0.0,-0.7865169606966312,0.0,0.0,0.0,0.0,0.0,0.0,-0.7309300706133273,1.4314987585995949,-3.7492283208184487,-1.02363359560257,1.1822087312146399,-2.396282196171643,0.0,0.0,0.0
10.129999999999828,0.0,0.0,-0.7883364954542614,0.0,0.0,0.0,0.0,0.0,0.0,-0.7081485845054729,1.4531793168193416,-3.7907285270786866,-0.9833174450087142,1.2160426023166768,-2.618401652436094,0.0,0.0,0.0
10.139999999999828,0.0,0.0,-0.7898962444553616,0.0,0.0,0.0,0.0,0.0,0.0,-0.6865031494073555,1.473142381133696,-3.82452922932023,-0.9455968416958291,1.2491102753563974,-2.8121205478728073,0.0,0.0,0.0
10.149999999999828,0.0,0.0,-0.7911879747557056,0.0,0.0,0.0,0.0,0.0,0.0,-0.6660441423903374,1.4916293004166667,-3.851494950126369,-0.9101113077028725,1.281016008508,-2.9803115100330526,0.0,0.0,0.0
10.159999999999828,0.0,0.0,-0.792206100140729,0.0,0.0,0.0,0.0,0.0,0.0,-0.6467732563139834,1.5087937590015992,-3.8724389191283426,-0.8766101434419805,1.3114860642218316,-3.125776279847393,0.0,0.0,0.0
10.169999999999828,0.0,0.0,-0.7929478782701109,0.0,0.0,0.0,0.0,0.0,0.0,-0.6286504839128317,1.5247122823477297,-3.8880909687100007,-0.844922895995074,1.3403611391726036,-3.251127126951043,0.0,0.0,0.0
10.179999999999827,0.0,0.0,-0.7934109565685368,0.0,0.0,0.0,0.0,0.0,0.0,-0.6116049313133929,1.5394886705691437,-3.899077836292632,-0.8149301994348828,1.3675958916059596,-3.3587399599514116,0.0,0.0,0.0
10.189999999999827,0.0,0.0,-0.7935934916716014,0.0,0.0,0.0,0.0,0.0,0.0,-0.5956906773483013,1.5529892511080696,-3.904842249698035,-0.7865416783919229,1.3931598989793483,-3.450751107166261,0.0,0.0,0.0
10.199999999999827,0.0,0.0,-0.7934953240537908,0.0,0.0,0.0,0.0,0.0,0.0,-0.5804883199067103,1.5658257460339695,-3.908489003171149,-0.7595909725260573,1.4172334552619124,-3.529941855443479,0.0,0.0,0.0
10.209999999999827,0.0,0.0,-0.7931173869942427,0.0,0.0,0.0,0.0,0.0,0.0,-0.5661241885967998,1.577624861897022,-3.9083130248137214,-0.734249190105172,1.4393652070929437,-3.595429686062877,0.0,0.0,0.0
10.219999999999827,0.0,0.0,-0.7924598566309035,0.0,0.0,0.0,0.0,0.0,0.0,-0.5523751875645222,1.5886697553809723,-3.9057778585954686,-0.7102297937782532,1.4600649217534607,-3.651018662721585,0.0,0.0,0.0
10.229999999999826,0.0,0.0,-0.7915231143279251,0.0,0.0,0.0,0.0,0.0,0.0,-0.5392327335590799,1.5988794315187946,-3.9006047895137064,-0.6875588851501104,1.4791715173285496,-3.696815729595859,0.0,0.0,0.0
10.239999999999826,0.0,0.0,-0.7903077430026036,0.0,0.0,0.0,0.0,0.0,0.0,-0.5266003704933842,1.6083234599824878,-3.8932017481987296,-0.6660832496933281,1.4968925134736957,-3.7345915078476106,0.0,0.0,0.0
10.249999999999826,0.0,0.0,-0.7888144468213518,0.0,0.0,0.0,0.0,0.0,0.0,-0.5144092152628488,1.617029976648358,-3.883774604188658,-0.6457342677574407,1.5132671879635475,-3.7651364750816207,0.0,0.0,0.0
10.259999999999826,0.0,0.0,-0.7870440580097432,0.0,0.0,0.0,0.0,0.0,0.0,-0.5025916220166262,1.6250302944393717,-3.872538629538128,-0.6264246116864306,1.5283745614702215,-3.789316393558546,0.0,0.0,0.0
10.269999999999825,0.0,0.0,-0.7849975449594022,0.0,0.0,0.0,0.0,0.0,0.0,-0.49108660660724257,1.6323491804331565,-3.8596746920971485,-0.6080727754894507,1.5422829390681247,-3.807848863392618,0.0,0.0,0.0
10.279999999999825,0.0,0.0,-0.782676029191491,0.0,0.0,0.0,0.0,0.0,0.0,-0.47983761928303026,1.6390078734224485,-3.845343925745831,-0.5905984950459063,1.5550598995235119,-3.821372133087874,0.0,0.0,0.0
10.289999999999825,0.0,0.0,-0.7800814367899681,0.0,0.0,0.0,0.0,0.0,0.0,-0.4687922218905809,1.6450090725290158,-3.8296917951998872,-0.573924699071389,1.5667686234712639,-3.8304439755559665,0.0,0.0,0.0
10.299999999999825,0.0,0.0,-0.7772149989975118,0.0,0.0,0.0,0.0,0.0,0.0,-0.45790165492551527,1.6503738469232698,-3.8128388134386877,-0.5579776080674184,1.577471834491345,-3.835553799918308,0.0,0.0,0.0
10.309999999999825,0.0,0.0,-0.7740775254568923,0.0,0.0,0.0,0.0,0.0,0.0,-0.44711926172763716,1.6551344488383788,-3.794894489750088,-0.5426867310874105,1.5872225362254448,-3.837135988122827,0.0,0.0,0.0
10.319999999999824,0.0,0.0,-0.7706710328786308,0.0,0.0,0.0,0.0,0.0,0.0,-0.43640092871137104,1.659297409288003,-3.775964657891385,-0.5279858007708291,1.5960562728502483,-3.835569961685695,0.0,0.0,0.0
10.329999999999824,0.0,0.0,-0.7669977075823434,0.0,0.0,0.0,0.0,0.0,0.0,-0.4257060063941296,1.662866862037544,-3.7561378774209304,-0.5138120028142444,1.604022607609199,-3.831184530546996,0.0,0.0,0.0
10.339999999999824,0.0,0.0,-0.7630598933126606,0.0,0.0,0.0,0.0,0.0,0.0,-0.41499603885018166,1.665846972221508,-3.7354955112926884,-0.5001050922608135,1.6111656657925364,-3.824276979582478,0.0,0.0,0.0
10.349999999999824,0.0,0.0,-0.7588600877033019,0.0,0.0,0.0,0.0,0.0,0.0,-0.4042350913833508,1.66824148777513,-3.7141111321327327,-0.48680822262778417,1.617522730892581,-3.8151082057398686,0.0,0.0,0.0
10.359999999999824,0.0,0.0,-0.7544009377438429,0.0,0.0,0.0,0.0,0.0,0.0,-0.3933898041680024,1.6700538726527845,-3.6920520781315176,-0.4738675115631656,1.6231257927917493,-3.8039092974095303,0.0,0.0,0.0
10.369999999999823,0.0,0.0,-0.7496852348529871,0.0,0.0,0.0,0.0,0.0,0.0,-0.3824295398967865,1.671287314043477,-3.6693803122208926,-0.4612319156059043,1.628002280400508,-3.790884893898681,0.0,0.0,0.0
10.379999999999823,0.0,0.0,-0.7447159102876721,0.0,0.0,0.0,0.0,0.0,0.0,-0.37132651560358476,1.6719447614964018,-3.646153247585853,-0.44885308886395425,1.632175801012741,-3.776216688036164,0.0,0.0,0.0
10.389999999999823,0.0,0.0,-0.7394960312893812,0.0,0.0,0.0,0.0,0.0,0.0,-0.36005592601786796,1.6720289536186437,-3.622424392275079,-0.43668530157253005,1.6356667312854452,-3.760066387040535,0.0,0.0,0.0
10.399999999999823,0.0,0.0,-0.7340287980854989,0.0,0.0,0.0,0.0,0.0,0.0,-0.348596044773098,1.671542437012567,-3.5982438505542267,-0.4246853964008611,1.6384927262192481,-3.7425783607780185,0.0,0.0,0.0
10.409999999999823,0.0,0.0,-0.7283175415878461,0.0,0.0,0.0,0.0,0.0,0.0,-0.33692829938549185,1.6704875733465085,-3.573658678771126,-0.4128127792678702,1.6406691536388598,-3.723881981070813,0.0,0.0,0.0
10.419999999999822,0.0,0.0,-0.7223666780696391,0.0,0.0,0.0,0.0,0.0,0.0,-0.32509161827399,1.668735512308725,-3.5483181256074854,-0.4010294355216432,1.6422094690574742,-3.7040936924561074,0.0,0.0,0.0
10.429999999999822,0.0,0.0,-0.7161802514359084,0.0,0.0,0.0,0.0,0.0,0.0,-0.3129687758763178,1.666498088728681,-3.52300266405714,-0.38926765184129886,1.6432210579727793,-3.683639042986005,0.0,0.0,0.0
10.439999999999822,0.0,0.0,-0.7097616044709989,0.0,0.0,0.0,0.0,0.0,0.0,-0.30061550052072294,1.6636511607279467,-3.4973001850504257,-0.3775683865293551,1.6435057092725613,-3.6618750222495526,0.0,0.0,0.0
10.449999999999822,0.0,0.0,-0.7031149901814798,0.0,0.0,0.0,0.0,0.0,0.0,-0.28800757856945003,1.6602234552875248,-3.47135073597724,-0.3658507033655939,1.643210894338436,-3.639405213190621,0.0,0.0,0.0
10.459999999999821,0.0,0.0,-0.6962449650061928,0.0,0.0,0.0,0.0,0.0,0.0,-0.2751387175714093,1.6562040287858117,-3.445160989291064,-0.35410003145300595,1.642308316225657,-3.616185581367833,0.0,0.0,0.0
10.469999999999821,0.0,0.0,-0.6891563125105145,0.0,0.0,0.0,0.0,0.0,0.0,-0.26199837590230723,1.6515925869380865,-3.418771591219008,-0.3422904622984553,1.6408124079150044,-3.592317017299637,0.0,0.0,0.0
10.479999999999821,0.0,0.0,-0.6818540203861668,0.0,0.0,0.0,0.0,0.0,0.0,-0.248580585794689,1.646380657589864,-3.392195957915854,-0.330402304990997,1.6387245594945767,-3.567854530346045,0.0,0.0,0.0
10.48999999999982,0.0,0.0,-0.674343353961861,0.0,0.0,0.0,0.0,0.0,0.0,-0.23487616757976681,1.6405629041578722,-3.365455511087843,-0.31841527337088676,1.636052679781448,-3.5428726838492937,0.0,0.0,0.0
10.49999999999982,0.0,0.0,-0.666629819384983,0.0,0.0,0.0,0.0,0.0,0.0,-0.22087396209945176,1.6341378521827976,-3.338583175597618,-0.30631289856199045,1.6327994529742809,-3.5174274872401923,0.0,0.0,0.0
10.50999999999982,0.0,0.0,-0.6587190709429902,0.0,0.0,0.0,0.0,0.0,0.0,-0.2065685291050301,1.6270976490888756,-3.31159484545431,-0.29408163037065854,1.6289631755888583,-3.4915591036621207,0.0,0.0,0.0
10.51999999999982,0.0,0.0,-0.6506168966395516,0.0,0.0,0.0,0.0,0.0,0.0,-0.19195805063916493,1.6194336915060688,-3.284507547752335,-0.28170666552418616,1.6245472303127868,-3.4653207557859536,0.0,0.0,0.0
10.52999999999982,0.0,0.0,-0.642329229778363,0.0,0.0,0.0,0.0,0.0,0.0,-0.17704454451692753,1.6111351609088613,-3.257335457054787,-0.26917419578603186,1.6195533540961482,-3.4387579511317448,0.0,0.0,0.0
10.53999999999982,0.0,0.0,-0.633862154578493,0.0,0.0,0.0,0.0,0.0,0.0,-0.1618332529666524,1.602189346967473,-3.230091012028114,-0.25647156829272105,1.6139829373262737,-3.4119134890231946,0.0,0.0,0.0
10.54999999999982,0.0,0.0,-0.6252218997430978,0.0,0.0,0.0,0.0,0.0,0.0,-0.1463321975355485,1.5925816964525277,-3.202784817853473,-0.2435878736452302,1.607836412827624,-3.384826489871913,0.0,0.0,0.0
10.55999999999982,0.0,0.0,-0.6164148186508773,0.0,0.0,0.0,0.0,0.0,0.0,-0.13055168944024587,1.5822961045590338,-3.1754258578638996,-0.2305142597852266,1.6011130902159816,-3.3575328151250257,0.0,0.0,0.0
10.569999999999819,0.0,0.0,-0.6074466313567737,0.0,0.0,0.0,0.0,0.0,0.0,-0.11450520166912526,1.5713262599076692,-3.148029564360261,-0.21724415500208924,1.5938108888566207,-3.3300651109367005,0.0,0.0,0.0
10.579999999999819,0.0,0.0,-0.598323928595274,0.0,0.0,0.0,0.0,0.0,0.0,-0.09817707136506204,1.5597348659040762,-3.120828243818787,-0.20377368215858427,1.585921333733459,-3.302445224478089,0.0,0.0,0.0
10.589999999999819,0.0,0.0,-0.5890540417654228,0.0,0.0,0.0,0.0,0.0,0.0,-0.08165503072810187,1.5473187713425993,-3.0933619407501993,-0.19011754677567844,1.5773756820377536,-3.2745194839725835,0.0,0.0,0.0
10.599999999999818,0.0,0.0,-0.5796429963802171,0.0,0.0,0.0,0.0,0.0,0.0,-0.06491791299553529,1.5341697414564526,-3.065924903334098,-0.17623279587266885,1.568339990558006,-3.246779186791563,0.0,0.0,0.0
10.609999999999818,0.0,0.0,-0.5700965582678325,0.0,0.0,0.0,0.0,0.0,0.0,-0.04800468148136594,1.5202461776335685,-3.0384533142450687,-0.16215345992593408,1.558681637212799,-3.2189041464577755,0.0,0.0,0.0
10.619999999999818,0.0,0.0,-0.5604205542388524,0.0,0.0,0.0,0.0,0.0,0.0,-0.030935119405835376,1.5055395204983135,-3.0109653199378252,-0.1478758128772255,1.5484168718857818,-3.190992613565219,0.0,0.0,0.0
10.629999999999818,0.0,0.0,-0.5506205225027446,0.0,0.0,0.0,0.0,0.0,0.0,-0.013732486332213911,1.4900361134991171,-2.983458912320639,-0.13341087780003116,1.5375260204881847,-3.1630423167406554,0.0,0.0,0.0
10.639999999999818,0.0,0.0,-0.5407016736722098,0.0,0.0,0.0,0.0,0.0,0.0,0.0035807682425887943,1.4737269863917315,-2.9559362588400697,-0.11876954496955569,1.525996986101353,-3.135071504727634,0.0,0.0,0.0
10.649999999999817,0.0,0.0,-0.5306688465422827,0.0,0.0,0.0,0.0,0.0,0.0,0.02098253630424507,1.4566061031228412,-2.928397818742809,-0.10396500653776586,1.5138153141112463,-3.1070905524263464,0.0,0.0,0.0
10.659999999999817,0.0,0.0,-0.5205264773035144,0.0,0.0,0.0,0.0,0.0,0.0,0.038451719204002144,1.4386713817510572,-2.9008439037407876,-0.08901195610706072,1.500967095303965,-3.079109116190593,0.0,0.0,0.0
10.669999999999817,0.0,0.0,-0.5102785793143423,0.0,0.0,0.0,0.0,0.0,0.0,0.0559685415699982,1.4199248966099032,-2.8732744129152907,-0.07392652483833566,1.4874387628037653,-3.0511345322292294,0.0,0.0,0.0
10.679999999999817,0.0,0.0,-0.4999287346059137,0.0,0.0,0.0,0.0,0.0,0.0,0.0735148697745045,1.4003731480546922,-2.8456890220102524,-0.05872598909971038,1.4732177256975458,-3.0231723814728375,0.0,0.0,0.0
10.689999999999817,0.0,0.0,-0.4894800966626541,0.0,0.0,0.0,0.0,0.0,0.0,0.09107443576239471,1.380027176456434,-2.8180872674045485,-0.043428502824002874,1.4582928266109279,-2.9952265340578466,0.0,0.0,0.0
10.699999999999816,0.0,0.0,-0.4789354038855832,0.0,0.0,0.0,0.0,0.0,0.0,0.10863298192273096,1.358902575397428,-2.7904686618549164,-0.028052808361674716,1.4426548439351388,-2.9672993348822123,0.0,0.0,0.0
10.709999999999816,0.0,0.0,-0.4683110784531848,0.0,0.0,0.0,0.0,0.0,0.0,0.1266043900811733,1.3370199909085536,-2.7627601993368986,0.013808859047152549,1.4262969576255025,-2.939391768175933,0.0,0.0,0.0
10.719999999999816,0.0,0.0,-0.45760614713820064,0.0,0.0,0.0,0.0,0.0,0.0,0.14490870025819458,1.3144333575080722,-2.735052549941094,0.026023154603106058,1.4092150314298248,-2.91152356671921,0.0,0.0,0.0
10.729999999999816,0.0,0.0,-0.4468068184811897,0.0,0.0,0.0,0.0,0.0,0.0,0.16305419742773353,1.2911541631126893,-2.7074029144550096,0.03898339947232846,1.3913840524815935,-2.8836271433479994,0.0,0.0,0.0
10.739999999999815,0.0,0.0,-0.43591516832206056,0.0,0.0,0.0,0.0,0.0,0.0,0.18103856804604845,1.267177176487062,-2.6797220488328164,0.05281651958980169,1.372828173546171,-2.855688898547539,0.0,0.0,0.0
10.749999999999815,0.0,0.0,-0.42493239736196575,0.0,0.0,0.0,0.0,0.0,0.0,0.19886876014640942,1.2425505324602817,-2.65203179579297,0.06742725413876202,1.3535856040542045,-2.8278072978180884,0.0,0.0,0.0
10.759999999999815,0.0,0.0,-0.4138601718441387,0.0,0.0,0.0,0.0,0.0,0.0,0.21656656686376508,1.2173127069482326,-2.6243244042420324,0.08272293988961386,1.3336476862722983,-2.799949101914651,0.0,0.0,0.0
10.769999999999815,0.0,0.0,-0.40269993599383275,0.0,0.0,0.0,0.0,0.0,0.0,0.2341521523145964,1.1915079156904973,-2.596603787372906,0.09861265618409612,1.3130249374368186,-2.7721156470258728,0.0,0.0,0.0
10.779999999999815,0.0,0.0,-0.3914529817949152,0.0,0.0,0.0,0.0,0.0,0.0,0.2516423225031996,1.1651798944773204,-2.5688719714014963,0.11501338467965858,1.2917295909251323,-2.744296772321138,0.0,0.0,0.0
10.789999999999814,0.0,0.0,-0.3801205038572692,0.0,0.0,0.0,0.0,0.0,0.0,0.26905171659720506,1.1383730498050109,-2.541132242058909,0.13185058896579044,1.2697809046451731,-2.7164868056922575,0.0,0.0,0.0
10.799999999999814,0.0,0.0,-0.3687036486878971,0.0,0.0,0.0,0.0,0.0,0.0,0.28639309793576895,1.1111318576464133,-2.513388352143397,0.14905711506407185,1.247202720240425,-2.6886806713235902,0.0,0.0,0.0
10.809999999999814,0.0,0.0,-0.3572035583727645,0.0,0.0,0.0,0.0,0.0,0.0,0.30367766900777315,1.0835006481699652,-2.4856446685458486,0.16657270672342883,1.2240230192885369,-2.6608747133477078,0.0,0.0,0.0
10.819999999999814,0.0,0.0,-0.34562140791118434,0.0,0.0,0.0,0.0,0.0,0.0,0.3209152407840594,1.0555232914079244,-2.4579060790672487,0.18434351708919486,1.200273157144518,-2.6330664186370503,0.0,0.0,0.0
10.829999999999814,0.0,0.0,-0.33395843601902137,0.0,0.0,0.0,0.0,0.0,0.0,0.33811433994830375,1.0272429280369768,-2.4301779478927727,0.20232170359266044,1.1759872806820266,-2.6052544272179876,0.0,0.0,0.0
10.839999999999813,0.0,0.0,-0.32221596957687415,0.0,0.0,0.0,0.0,0.0,0.0,0.35528226564851595,0.9987017273023775,-2.4024660536665663,0.2204650399640286,1.1512017732868973,-2.577438478954605,0.0,0.0,0.0
10.849999999999813,0.0,0.0,-0.31039544220220155,0.0,0.0,0.0,0.0,0.0,0.0,0.37242511785024024,0.9699406858816397,-2.374776529448023,0.2387365334892434,1.125954746990323,-2.5496193715302877,0.0,0.0,0.0
10.859999999999813,0.0,0.0,-0.2984984142400366,0.0,0.0,0.0,0.0,0.0,0.0,0.38954808079278713,0.9409994665136159,-2.3471157542892573,0.25710403435583484,1.1002855694011888,-2.521798906267899,0.0,0.0,0.0
10.869999999999813,0.0,0.0,-0.2865269750233445,0.0,0.0,0.0,0.0,0.0,0.0,0.4066725956500066,0.9119163938516239,-2.3194871664243815,0.27553978410091945,1.0742344272209854,-2.4939798386927388,0.0,0.0,0.0
10.879999999999812,0.0,0.0,-0.2744830866052708,0.0,0.0,0.0,0.0,0.0,0.0,0.42380989614887876,0.8827295580203796,-2.2918996365810758,0.29401683242614135,1.0478418883954377,-2.466166637632895,0.0,0.0,0.0
10.889999999999812,0.0,0.0,-0.2623685460724295,0.0,0.0,0.0,0.0,0.0,0.0,0.4409562836227925,0.8534741054603208,-2.264362260033945,0.3125129150558757,1.0211475553468083,-2.4383612685243286,0.0,0.0,0.0
10.899999999999812,0.0,0.0,-0.25018558479638797,0.0,0.0,0.0,0.0,0.0,0.0,0.45812056819852653,0.8241826191412946,-2.236879154624355,0.33101815671420426,0.9941921477742677,-2.410567284017426,0.0,0.0,0.0
10.909999999999812,0.0,0.0,-0.23793655965827654,0.0,0.0,0.0,0.0,0.0,0.0,0.47531259722065444,0.7948876636944573,-2.2094577083893245,0.3495190946917089,0.9670165185992626,-2.3827930061286446,0.0,0.0,0.0
10.919999999999812,0.0,0.0,-0.22562395240280997,0.0,0.0,0.0,0.0,0.0,0.0,0.4925425373700585,0.7656187405910346,-2.1821015589858987,0.3680049712564392,0.9396592753271957,-2.355043386421534,0.0,0.0,0.0
10.929999999999811,0.0,0.0,-0.21325035196165829,0.0,0.0,0.0,0.0,0.0,0.0,0.5098226277718072,0.7364069446910548,-2.1548212167703684,0.38646830373476093,0.9121593187704762,-2.3273270584516057,0.0,0.0,0.0
10.939999999999811,0.0,0.0,-0.20081841640897027,0.0,0.0,0.0,0.0,0.0,0.0,0.5271634887971335,0.7072809686684911,-2.127626009835949,0.404903351628975,0.8845519194560241,-2.2996461527012158,0.0,0.0,0.0
10.949999999999811,0.0,0.0,-0.18833085560639418,0.0,0.0,0.0,0.0,0.0,0.0,0.5445729175266723,0.6782651961683328,-2.1005196718034704,0.4233077699894827,0.8568723395308111,-2.2720058652941724,0.0,0.0,0.0
10.95999999999981,0.0,0.0,-0.1757905246266788,0.0,0.0,0.0,0.0,0.0,0.0,0.562060056488902,0.6493859395973618,-2.0735186482083803,0.4416827937529816,0.8291567021882436,-2.2444171407881246,0.0,0.0,0.0
10.96999999999981,0.0,0.0,-0.1632003325254568,0.0,0.0,0.0,0.0,0.0,0.0,0.5796288449895435,0.6206571189475358,-2.046616247313165,0.4600300760408055,0.801436026492159,-2.216879697160229,0.0,0.0,0.0
10.97999999999981,0.0,0.0,-0.15056299811323953,0.0,0.0,0.0,0.0,0.0,0.0,0.5972843724464056,0.5920995232221902,-2.0198141054332535,0.47835580053794446,0.7737480869269379,-2.1894157564172914,0.0,0.0,0.0
10.98999999999981,0.0,0.0,-0.13788116039965165,0.0,0.0,0.0,0.0,0.0,0.0,0.6150345387298248,0.5637433204859938,-1.9931325717207198,0.496665487156764,0.7461223887929291,-2.162034187228277,0.0,0.0,0.0
10.99999999999981,0.0,0.0,-0.12515755133123993,0.0,0.0,0.0,0.0,0.0,0.0,0.6328826888535848,0.5356083371080196,-1.966575496243185,0.5149630897455426,0.7185801762365752,-2.1347271255392597,0.0,0.0,0.0
11.00999999999981,0.0,0.0,-0.11239541243278586,0.0,0.0,0.0,0.0,0.0,0.0,0.6508748468510566,0.5077130751878309,-1.9401419329775575,0.533256036052974,0.6911496933777104,-2.107506438548749,0.0,0.0,0.0
11.01999999999981,0.0,0.0,-0.09959678640176886,0.0,0.0,0.0,0.0,0.0,0.0,0.6689172128702645,0.4798603627390037,-1.913305816386863,0.55154267273543,0.6638572708489927,-2.080382079939744,0.0,0.0,0.0
11.02999999999981,0.0,0.0,-0.08676420224954934,0.0,0.0,0.0,0.0,0.0,0.0,0.6871985338730089,0.4525936450013486,-1.887299718066426,0.5698922880761194,0.6368725952471632,-2.0537906355265534,0.0,0.0,0.0
11.039999999999809,0.0,0.0,-0.07390113800550689,0.0,0.0,0.0,0.0,0.0,0.0,0.7055419893397068,0.4255361176552235,-1.8612978008689922,0.5881650448891672,0.6098164802640226,-2.0265535810670188,0.0,0.0,0.0
11.049999999999809,0.0,0.0,-0.061010201709667936,0.0,0.0,0.0,0.0,0.0,0.0,0.7239827969660244,0.39878460207796973,-1.8354935025432177,0.6065126795583569,0.5830508873445651,-1.9996508820991843,0.0,0.0,0.0
11.059999999999809,0.0,0.0,-0.048093958396124986,0.0,0.0,0.0,0.0,0.0,0.0,0.7425077069015569,0.37233230655389704,-1.8098470439629235,0.6249046162144986,0.5565175782541937,-1.9728649177964095,0.0,0.0,0.0
11.069999999999808,0.0,0.0,-0.03515491509208856,0.0,0.0,0.0,0.0,0.0,0.0,0.7611126580843013,0.3461964217973552,-1.7843741849428767,0.6433507831482738,0.5302483633093504,-1.946250738625906,0.0,0.0,0.0
11.079999999999808,0.0,0.0,-0.022195609431366083,0.0,0.0,0.0,0.0,0.0,0.0,0.7797915656893473,0.32039092880557796,-1.759092491674632,0.6618511678123816,0.5042531835926007,-1.919799312301654,0.0,0.0,0.0
11.089999999999808,0.0,0.0,-0.009218604976822236,0.0,0.0,0.0,0.0,0.0,0.0,0.7985318071678351,0.294915852837458,-1.733999072632796,0.6804058378881969,0.4785433743300032,-1.8935060064993403,0.0,0.0,0.0
11.099999999999808,0.0,0.0,0.0037736524578710264,0.0,0.0,0.0,0.0,0.0,0.0,0.8173188468048975,0.2697710953255559,-1.70908900290561,0.6990176367534261,0.4531374740046642,-1.8673877835434998,0.0,0.0,0.0
11.109999999999808,0.0,0.0,0.016778835854620585,0.0,0.0,0.0,0.0,0.0,0.0,0.8361414458520067,0.24496799820758053,-1.6843788631552994,0.717687837237094,0.42805101504964566,-1.8414588730741897,0.0,0.0,0.0
11.119999999999807,0.0,0.0,0.029794662255090535,0.0,0.0,0.0,0.0,0.0,0.0,0.8549842689712785,0.22051152275325236,-1.6598723174069592,0.7364125819208287,0.4032901574785404,-1.8157121899917479,0.0,0.0,0.0
11.129999999999807,0.0,0.0,0.04281888002335291,0.0,0.0,0.0,0.0,0.0,0.0,0.8738312796431589,0.19640665195174112,-1.635575920181158,0.7551890815567018,0.3788649101566133,-1.7901558822195818,0.0,0.0,0.0
11.139999999999807,0.0,0.0,0.05584915104940852,0.0,0.0,0.0,0.0,0.0,0.0,0.8926652082284112,0.17264684384418327,-1.6114998116334687,0.7740125530695253,0.35478370037599305,-1.7647950211851855,0.0,0.0,0.0
11.149999999999807,0.0,0.0,0.06888333129522531,0.0,0.0,0.0,0.0,0.0,0.0,0.9114670591873386,0.14922876825901632,-1.5876468197999294,0.7928768224017746,0.3310563936513677,-1.739634543464633,0.0,0.0,0.0
11.159999999999807,0.0,0.0,0.08191941537797727,0.0,0.0,0.0,0.0,0.0,0.0,0.9302180758261036,0.12615973309144124,-1.5640188048809303,0.8117747719663001,0.3076920735068031,-1.71468369956299,0.0,0.0,0.0
11.169999999999806,0.0,0.0,0.09495534001023248,0.0,0.0,0.0,0.0,0.0,0.0,0.948900032993047,0.10344186170744774,-1.5406244082776408,0.8306969081093556,0.2846921870162931,-1.6899507816398847,0.0,0.0,0.0
11.179999999999806,0.0,0.0,0.10798907079388179,0.0,0.0,0.0,0.0,0.0,0.0,0.9674936223576092,0.08107496610865272,-1.5174680878591675,0.8496315830002392,0.2620602050110703,-1.6654381425251286,0.0,0.0,0.0
11.189999999999806,0.0,0.0,0.12101859872009241,0.0,0.0,0.0,0.0,0.0,0.0,0.9859798173939478,0.05905910359704869,-1.4945548709822025,0.868566611637376,0.23980016704836826,-1.6411526126394962,0.0,0.0,0.0
11.199999999999806,0.0,0.0,0.1340419316777051,0.0,0.0,0.0,0.0,0.0,0.0,1.0043398501779128,0.03739439880968387,-1.4718893126750152,0.8874883141566056,0.21791498572224527,-1.6170999305335487,0.0,0.0,0.0
11.209999999999805,0.0,0.0,0.147057083445577,0.0,0.0,0.0,0.0,0.0,0.0,1.022555451718767,0.01608142879244223,-1.4494757256106197,0.9063818807907381,0.19640682374597423,-1.5932858366677,0.0,0.0,0.0
11.219999999999805,0.0,0.0,0.16006206001806436,0.0,0.0,0.0,0.0,0.0,0.0,1.0406090054646238,-0.004878515143424522,-1.4273181299843842,0.9252314890846646,0.17527708949709775,-1.569715740591843,0.0,0.0,0.0
11.229999999999805,0.0,0.0,0.17305484335781374,0.0,0.0,0.0,0.0,0.0,0.0,1.058483695454532,-0.02548314250556505,-1.405420280333113,0.944020500442474,0.15452654769776042,-1.546394722974753,0.0,0.0,0.0
11.239999999999805,0.0,0.0,0.18603337289940639,0.0,0.0,0.0,0.0,0.0,0.0,1.0761636314010015,-0.04572890337305058,-1.3837856877428314,0.9627316515740436,0.13415542985524032,-1.5233274713443234,0.0,0.0,0.0
11.249999999999805,0.0,0.0,0.19899552540835974,0.0,0.0,0.0,0.0,0.0,0.0,1.0936339572724894,-0.06561075735107558,-1.3624176546288114,0.9813472534181231,0.1141635672033686,-1.5005182436297977,0.0,0.0,0.0
11.259999999999804,0.0,0.0,0.2119390940796714,0.0,0.0,0.0,0.0,0.0,0.0,1.1108809458144635,-0.08512198552384298,-1.3413193159161967,0.9998493884220829,0.09455053685999994,-1.4779708411535042,0.0,0.0,0.0
11.269999999999804,0.0,0.0,0.2248617680119826,0.0,0.0,0.0,0.0,0.0,0.0,1.1278920836613517,-0.10425405527822429,-1.320493684941333,1.018220102952119,0.07531581770293669,-1.455688597611994,0.0,0.0,0.0
11.279999999999804,0.0,0.0,0.23776111338652292,0.0,0.0,0.0,0.0,0.0,0.0,1.1446561520809067,-0.12299654575379426,-1.299943700891596,1.0364415913004095,0.05645894989483073,-1.433674384054363,0.0,0.0,0.0
11.289999999999804,0.0,0.0,0.2506345567981795,0.0,0.0,0.0,0.0,0.0,0.0,1.161163278998584,-0.14133713823553595,-1.279672282347009,1.0544963690284435,0.037979691539543226,-1.411930630120778,0.0,0.0,0.0
11.299999999999804,0.0,0.0,0.2634793372643811,0.0,0.0,0.0,0.0,0.0,0.0,1.1774039947540826,-0.1592616743150721,-1.2596826258646034,1.0723674416086109,0.01987816547697938,-1.39045935847373,0.0,0.0,0.0
11.309999999999803,0.0,0.0,0.2763100845412513,0.0,0.0,0.0,0.0,0.0,0.0,1.1933902218637553,-0.1772910883917187,-1.240191457211806,1.090038705716558,-0.02746568011115611,-1.369262172992199,0.0,0.0,0.0
11.319999999999803,0.0,0.0,0.28912300355447834,0.0,0.0,0.0,0.0,0.0,0.0,1.2090478899529584,-0.19537721479292136,-1.2209235322614371,1.1074900588081262,-0.0415077934631989,-1.3482863819560011,0.0,0.0,0.0
11.329999999999803,0.0,0.0,0.3018934507385814,0.0,0.0,0.0,0.0,0.0,0.0,1.2243633684169404,-0.2128252540261082,-1.2017168545302468,1.124751467816541,-0.05594853740947504,-1.3277157176325065,0.0,0.0,0.0
11.339999999999803,0.0,0.0,0.3146176112692398,0.0,0.0,0.0,0.0,0.0,0.0,1.2393945226449523,-0.22955338811045278,-1.1828577240368023,1.141791972543633,-0.07097517257485197,-1.307577204020024,0.0,0.0,0.0
11.349999999999802,0.0,0.0,0.32729171414748354,0.0,0.0,0.0,0.0,0.0,0.0,1.2541054986559894,-0.24562023200437233,-1.16429562137257,1.1585359543135312,-0.08649821301569212,-1.2875938302919634,0.0,0.0,0.0
11.359999999999802,0.0,0.0,0.33991170398735115,0.0,0.0,0.0,0.0,0.0,0.0,1.2684783671061743,-0.2610468429420689,-1.1460482099243974,1.174999504698326,-0.10235568748912816,-1.2678501490513348,0.0,0.0,0.0
11.369999999999802,0.0,0.0,0.3524731900160294,0.0,0.0,0.0,0.0,0.0,0.0,1.2824915685873846,-0.2758513720202109,-1.128117169980795,1.191175973778273,-0.11841969457037461,-1.2483520714414116,0.0,0.0,0.0
11.379999999999802,0.0,0.0,0.3649714148087254,0.0,0.0,0.0,0.0,0.0,0.0,1.2961254419438495,-0.29004245586212063,-1.110506963098907,1.207059420177601,-0.13457350437974439,-1.2291182026079144,0.0,0.0,0.0
11.389999999999802,0.0,0.0,0.3774012599125131,0.0,0.0,0.0,0.0,0.0,0.0,1.3093615914767431,-0.3036220609570637,-1.0932210579926056,1.2226399022171501,-0.15071469185388608,-1.210160478802959,0.0,0.0,0.0
11.399999999999801,0.0,0.0,0.38975727227225454,0.0,0.0,0.0,0.0,0.0,0.0,1.3221833994097851,-0.316586484703854,-1.0762629353239406,1.2379051626546207,-0.1667524733825149,-1.1914889607127654,0.0,0.0,0.0
11.409999999999801,0.0,0.0,0.4020337053738078,0.0,0.0,0.0,0.0,0.0,0.0,1.3345761164798002,-0.32892774201423647,-1.0596359995055757,1.252841006962659,-0.18260638336166768,-1.1731114406067764,0.0,0.0,0.0
11.419999999999801,0.0,0.0,0.4142245704503008,0.0,0.0,0.0,0.0,0.0,0.0,1.346526928196484,-0.34063475556373923,-1.04334367171312,1.267431988459325,-0.19820482243861295,-1.1550341163617863,0.0,0.0,0.0
11.4299999999998,0.0,0.0,0.42632369419701616,0.0,0.0,0.0,0.0,0.0,0.0,1.3580249584210105,-0.3516944194023388,-1.0273894069131817,1.2816619865065868,-0.21348383793138764,-1.137261966071941,0.0,0.0,0.0
11.4399999999998,0.0,0.0,0.43832508748897886,0.0,0.0,0.0,0.0,0.0,0.0,1.3689779124561399,-0.36220591615453257,-1.0114684345049747,1.2955147250928858,-0.22838607429805285,-1.1197991016199376,0.0,0.0,0.0
11.4499999999998,0.0,0.0,0.4502223195638651,0.0,0.0,0.0,0.0,0.0,0.0,1.379575931684655,-0.3718971892193883,-0.9962815736854806,1.3090389033495489,-0.24279937072511262,-1.1028730883817537,0.0,0.0,0.0
11.4599999999998,0.0,0.0,0.4620086027068783,0.0,0.0,0.0,0.0,0.0,0.0,1.3896778047693035,-0.3809225923092239,-0.9813678623303412,1.3220414670590144,-0.256837334023329,-1.085882303116525,0.0,0.0,0.0
11.4699999999998,0.0,0.0,0.4736776255247629,0.0,0.0,0.0,0.0,0.0,0.0,1.3993053877767738,-0.3892360693063033,-0.9668235668913074,1.3346520435512057,-0.2703352565955788,-1.0693086500460123,0.0,0.0,0.0
11.4799999999998,0.0,0.0,0.48522321442390187,0.0,0.0,0.0,0.0,0.0,0.0,1.4084507052141333,-0.3968334127835109,-0.9526318734200201,1.3468280121230383,-0.2832789354812083,-1.0530560475353494,0.0,0.0,0.0
11.4899999999998,0.0,0.0,0.4966393251524254,0.0,0.0,0.0,0.0,0.0,0.0,1.417114029956971,-0.4037028699848011,-0.9388001633298129,1.3585623148386652,-0.29562827993888113,-1.0371452190253787,0.0,0.0,0.0
11.4999999999998,0.0,0.0,0.5079200940003443,0.0,0.0,0.0,0.0,0.0,0.0,1.4252955678148436,-0.40983591790909024,-0.9253307895078793,1.3698421327250467,-0.30735328577236615,-1.0215724476228112,0.0,0.0,0.0
11.509999999999799,0.0,0.0,0.5190598744933149,0.0,0.0,0.0,0.0,0.0,0.0,1.4329970410559743,-0.415225362542174,-0.9122272257690067,1.3806578423833216,-0.31842600726382553,-1.0063395328217364,0.0,0.0,0.0
11.519999999999799,0.0,0.0,0.5300532711342022,0.0,0.0,0.0,0.0,0.0,0.0,1.4402211847960664,-0.4198660115678967,-0.8994927481370807,1.3910011626324223,-0.3288219340426749,-0.991447489984658,0.0,0.0,0.0
11.529999999999799,0.0,0.0,0.5408951331788813,0.0,0.0,0.0,0.0,0.0,0.0,1.4469716449793018,-0.4237543044205472,-0.8871305542586707,1.400865542515207,-0.3385194666439013,-0.9768978628602117,0.0,0.0,0.0
11.539999999999798,0.0,0.0,0.5515804311161784,0.0,0.0,0.0,0.0,0.0,0.0,1.453252698849036,-0.4268865724589861,-0.8751432824374665,1.410246048499129,-0.3474999384291017,-0.9626924613246421,0.0,0.0,0.0
11.549999999999798,0.0,0.0,0.5621041432974992,0.0,0.0,0.0,0.0,0.0,0.0,1.459069141777814,-0.42925748312318257,-0.8635331725260329,1.4191393312357456,-0.3557478935154625,-0.9488334275135486,0.0,0.0,0.0
11.559999999999798,0.0,0.0,0.5724612486503327,0.0,0.0,0.0,0.0,0.0,0.0,1.4644262296805364,-0.4308600583027773,-0.8523024763078912,1.4275434493663297,-0.36325127901221516,-0.9353228870408374,0.0,0.0,0.0
11.569999999999798,0.0,0.0,0.5826467395891549,0.0,0.0,0.0,0.0,0.0,0.0,1.4693295114222948,-0.43168609920570544,-0.8414534647318903,1.435457693484886,-0.37000079140978964,-0.9221626456697909,0.0,0.0,0.0
11.579999999999798,0.0,0.0,0.5926556470164374,0.0,0.0,0.0,0.0,0.0,0.0,1.4737846971323068,-0.4317267088905816,-0.8309884689896001,1.4428825260236284,-0.37598911916162,-0.9093543165000253,0.0,0.0,0.0
11.589999999999797,0.0,0.0,0.6024830739466541,0.0,0.0,0.0,0.0,0.0,0.0,1.4777975460850108,-0.4309728749530737,-0.8209098949109541,1.4498194832425937,-0.3812103068338613,-0.8968994053259818,0.0,0.0,0.0
11.599999999999797,0.0,0.0,0.6121242334312976,0.0,0.0,0.0,0.0,0.0,0.0,1.481373775587222,-0.4294160509915712,-0.8112202234021451,1.4562710641179193,-0.3856592531315739,-0.8847994041547748,0.0,0.0,0.0
11.609999999999797,0.0,0.0,0.6215744866918217,0.0,0.0,0.0,0.0,0.0,0.0,1.4845189879014562,-0.4270486901030668,-0.8019219973100069,1.4622406087946553,-0.3893313602382426,-0.8730558728379417,0.0,0.0,0.0
11.619999999999797,0.0,0.0,0.6308293782900809,0.0,0.0,0.0,0.0,0.0,0.0,1.4872386130675934,-0.4238646989197137,-0.7930177995675705,1.4677321726832122,-0.39222233321244393,-0.8616705049705321,0.0,0.0,0.0
11.629999999999797,0.0,0.0,0.6398846663746846,0.0,0.0,0.0,0.0,0.0,0.0,1.4895378653246523,-0.419859798196347,-0.7845102269722779,1.47275040041667,-0.39432811520993927,-0.8506451738323265,0.0,0.0,0.0
11.639999999999796,0.0,0.0,0.6487362646291789,0.0,0.0,0.0,0.0,0.0,0.0,1.491421179064105,-0.41503148299733583,-0.776403222136792,1.4773004033871706,-0.3956449342594897,-0.8399819578019313,0.0,0.0,0.0
11.649999999999796,0.0,0.0,0.657380270589011,0.0,0.0,0.0,0.0,0.0,0.0,1.492891232090896,-0.4093803659917712,-0.7686981292909256,1.4813876192977085,-0.39616962255979604,-0.8296823311076921,0.0,0.0,0.0
11.659999999999796,0.0,0.0,0.6658130754484916,0.0,0.0,0.0,0.0,0.0,0.0,1.493950364810384,-0.4029095599050678,-0.7613906472053789,1.4850186339524258,-0.3958990421059836,-0.8197501289855885,0.0,0.0,0.0
11.669999999999796,0.0,0.0,0.6740313582767372,0.0,0.0,0.0,0.0,0.0,0.0,1.494605824800265,-0.39561901924247156,-0.7544904364328753,1.488200293692578,-0.39483042389937206,-0.8101923895791481,0.0,0.0,0.0
11.679999999999795,0.0,0.0,0.6820321712848793,0.0,0.0,0.0,0.0,0.0,0.0,1.4948632433446338,-0.3875137541566507,-0.7480042290193252,1.4909351502775032,-0.39296526766700385,-0.8010047310935503,0.0,0.0,0.0
11.689999999999795,0.0,0.0,0.6898129703229167,0.0,0.0,0.0,0.0,0.0,0.0,1.4947247264011103,-0.3786060590646958,-0.741928521418088,1.4932278556280314,-0.39030430833353846,-0.7921875778683933,0.0,0.0,0.0
11.699999999999795,0.0,0.0,0.6973715164237988,0.0,0.0,0.0,0.0,0.0,0.0,1.4941939651131448,-0.36890879525814,-0.7362664037477078,1.4950860193585291,-0.38684686412392466,-0.7837496170634367,0.0,0.0,0.0
11.709999999999795,0.0,0.0,0.7047058454449195,0.0,0.0,0.0,0.0,0.0,0.0,1.4932740367034165,-0.35843731782887556,-0.7310195986433896,1.4965150568405676,-0.38259563772370836,-0.775693133168592,0.0,0.0,0.0
11.719999999999795,0.0,0.0,0.7118142653696293,0.0,0.0,0.0,0.0,0.0,0.0,1.4919678163829255,-0.3472089997384229,-0.7261899454127456,1.4975206095286242,-0.3775551157851882,-0.7680215847656634,0.0,0.0,0.0
11.729999999999794,0.0,0.0,0.7186953528382326,0.0,0.0,0.0,0.0,0.0,0.0,1.4902779138403675,-0.335243250029428,-0.7217791015076325,1.4981080584887019,-0.3717319346650406,-0.7607381746001748,0.0,0.0,0.0
11.739999999999794,0.0,0.0,0.7253479467152846,0.0,0.0,0.0,0.0,0.0,0.0,1.4882067052879195,-0.32256140505169384,-0.7177885934705892,1.498282583492591,-0.36513482550993526,-0.753846114100231,0.0,0.0,0.0
11.749999999999794,0.0,0.0,0.7317711386412178,0.0,0.0,0.0,0.0,0.0,0.0,1.4857563498029873,-0.3091866096113467,-0.7142197993318602,1.4980491246454757,-0.35777463008303195,-0.7473485560731737,0.0,0.0,0.0
11.759999999999794,0.0,0.0,0.7379642603855887,0.0,0.0,0.0,0.0,0.0,0.0,1.4829288110332144,-0.2951436657212634,-0.7110739443956884,1.4974123706471822,-0.3496642903948429,-0.7412485915309928,0.0,0.0,0.0
11.769999999999794,0.0,0.0,0.7439268679427075,0.0,0.0,0.0,0.0,0.0,0.0,1.479725879611115,-0.280458854643431,-0.708352094609209,1.4963767488863184,-0.3408188275026336,-0.7355492333357881,0.0,0.0,0.0
11.779999999999793,0.0,0.0,0.7496587224418408,0.0,0.0,0.0,0.0,0.0,0.0,1.4761491965896028,-0.26515973398993076,-0.7060551509308164,1.4949464215399308,-0.3312553035659765,-0.7302534017494202,0.0,0.0,0.0
11.789999999999793,0.0,0.0,0.7551597681150445,0.0,0.0,0.0,0.0,0.0,0.0,1.4722002772437337,-0.24927491414178737,-0.7041838444338371,1.493125286272384,-0.3209927657611973,-0.7253639090183516,0.0,0.0,0.0
11.799999999999793,0.0,0.0,0.7604301077499103,0.0,0.0,0.0,0.0,0.0,0.0,1.4678805347766883,-0.23283381953179072,-0.7027387326321868,1.4909169812389123,-0.3100521703074381,-0.7208834437402205,0.0,0.0,0.0
11.809999999999793,0.0,0.0,0.7654699762304173,0.0,0.0,0.0,0.0,0.0,0.0,1.4631913034527122,-0.2158664416304248,-0.701720197343159,1.4883248939087381,-0.29845628561963633,-0.7168145551938475,0.0,0.0,0.0
11.819999999999792,0.0,0.0,0.7702797129136805,0.0,0.0,0.0,0.0,0.0,0.0,1.4581338607230716,-0.1984030913025392,-0.7011284443544663,1.4853521732722625,-0.2862295743693581,-0.7131596380649781,0.0,0.0,0.0
11.829999999999792,0.0,0.0,0.7748597336835743,0.0,0.0,0.0,0.0,0.0,0.0,1.4527094479628626,-0.18047415847427972,-0.7009635050429928,1.482001744987209,-0.27339805520355553,-0.7099209180651392,0.0,0.0,0.0
11.839999999999792,0.0,0.0,0.7792105035513236,0.0,0.0,0.0,0.0,0.0,0.0,1.4469192895051415,-0.16210988669045268,-0.7012252399556447,1.478276329007317,-0.25998914594202954,-0.7071004389925777,0.0,0.0,0.0
11.849999999999792,0.0,0.0,0.7833329775926362,0.0,0.0,0.0,0.0,0.0,0.0,1.4406902297599589,-0.14342474696153884,-0.7015894449396716,1.4741784592179177,-0.24603149116160983,-0.7047000517732238,0.0,0.0,0.0
11.859999999999792,0.0,0.0,0.7872276377907189,0.0,0.0,0.0,0.0,0.0,0.0,1.4341811488120868,-0.12427948156855129,-0.7026976812455752,1.469770288127505,-0.2315100170929876,-0.7029339689728287,0.0,0.0,0.0
11.869999999999791,0.0,0.0,0.7908944210743781,0.0,0.0,0.0,0.0,0.0,0.0,1.4272970762535453,-0.1048001855111651,-0.7041704483857063,1.4649055887140259,-0.21656170500771538,-0.7012933207182672,0.0,0.0,0.0
11.879999999999791,0.0,0.0,0.7943337109438428,0.0,0.0,0.0,0.0,0.0,0.0,1.4200551204355063,-0.08499742133670773,-0.7060751082447176,1.459692899723334,-0.20114615516277953,-0.700129844509354,0.0,0.0,0.0
11.889999999999791,0.0,0.0,0.7975459004360643,0.0,0.0,0.0,0.0,0.0,0.0,1.4124536300062869,-0.06490173989087378,-0.7083977570976239,1.4541159635393084,-0.1853072850180585,-0.6993811888952373,0.0,0.0,0.0
11.89999999999979,0.0,0.0,0.8005313050177654,0.0,0.0,0.0,0.0,0.0,0.0,1.4044945728782192,-0.04453879519483683,-0.7111397679439202,1.4481796939717737,-0.16907440666668483,-0.6990596729276424,0.0,0.0,0.0
11.90999999999979,0.0,0.0,0.8032901643226918,0.0,0.0,0.0,0.0,0.0,0.0,1.3961793236876778,-0.02393397249505691,-0.7142995270255312,1.4418850246575443,-0.15247982631565765,-0.6991632747785976,0.0,0.0,0.0
11.91999999999979,0.0,0.0,0.8058226359187353,0.0,0.0,0.0,0.0,0.0,0.0,1.3875094496434888,-0.0031115257837597277,-0.7178758928061231,1.4352336523774467,-0.1355553727989322,-0.6996924846858519,0.0,0.0,0.0
11.92999999999979,0.0,0.0,0.8081287936757497,0.0,0.0,0.0,0.0,0.0,0.0,1.3784865654031122,0.01790523809640021,-0.7218675505104999,1.4282271672224696,-0.11833285473478279,-0.7006471344938083,0.0,0.0,0.0
11.93999999999979,0.0,0.0,0.810206367554304,0.0,0.0,0.0,0.0,0.0,0.0,1.3690886524844448,0.0390938698070884,-0.7262783712885681,1.4208672262666278,-0.1008438230395972,-0.7020270090235037,0.0,0.0,0.0
11.94999999999979,0.0,0.0,0.8120562124847756,0.0,0.0,0.0,0.0,0.0,0.0,1.3593255385430796,0.06043167684006967,-0.7310992273726704,1.4131615908371529,-0.08311947892843038,-0.7038305917408552,0.0,0.0,0.0
11.95999999999979,0.0,0.0,0.8136812609882071,0.0,0.0,0.0,0.0,0.0,0.0,1.349232179926104,0.08189857948695822,-0.7363226917102539,1.4051109257014838,-0.06519001711350744,-0.7060614061928714,0.0,0.0,0.0
11.96999999999979,0.0,0.0,0.8150810839515055,0.0,0.0,0.0,0.0,0.0,0.0,1.3388112678752198,0.10347716394451956,-0.7419577904924446,1.3966960794159504,-0.047086237431679154,-0.7087203555339071,0.0,0.0,0.0
11.979999999999789,0.0,0.0,0.8162549155340826,0.0,0.0,0.0,0.0,0.0,0.0,1.328060092180109,0.12514800572449447,-0.748003356387823,1.3879241253145382,-0.02883920477899296,-0.7117978638672028,0.0,0.0,0.0
11.989999999999789,0.0,0.0,0.8171696770595532,0.0,0.0,0.0,0.0,0.0,0.0,1.3169750340195163,0.14727268199126797,-0.7543663395227447,1.3788042004233092,0.01320648901235168,-0.7152943668845123,0.0,0.0,0.0
11.999999999999789,0.0,0.0,0.8178299852964065,0.0,0.0,0.0,0.0,0.0,0.0,1.3055692800296073,0.1697978352443883,-0.7611553031015323,1.3693443334591486,0.028931356430711014,-0.7192314870780797,0.0,0.0,0.0
12.009999999999788,0.0,0.0,0.8182707497881996,0.0,0.0,0.0,0.0,0.0,0.0,1.2938300535498137,0.1922750531743036,-0.7684397788813389,1.3595355626275278,0.04559341715920455,-0.7235446234245111,0.0,0.0,0.0
12.019999999999788,0.0,0.0,0.8184889640513698,0.0,0.0,0.0,0.0,0.0,0.0,1.2817385070179443,0.21469295586645232,-0.7761060790413303,1.3493943147659244,0.06329616715407559,-0.7282177653654041,0.0,0.0,0.0
12.029999999999788,0.0,0.0,0.8184821597776262,0.0,0.0,0.0,0.0,0.0,0.0,1.2693049089085278,0.23706751998415765,-0.7841725576228076,1.3389389855811138,0.0819477820420425,-0.7333465689793801,0.0,0.0,0.0
12.039999999999788,0.0,0.0,0.8182484041033576,0.0,0.0,0.0,0.0,0.0,0.0,1.2565341188911192,0.25940284683923553,-0.7926342560450603,1.3281594354703679,0.10144405449262962,-0.7389050610848521,0.0,0.0,0.0
12.049999999999788,0.0,0.0,0.8177861765780547,0.0,0.0,0.0,0.0,0.0,0.0,1.2434311946557906,0.28169902821347637,-0.801490495755989,1.3170535288114236,0.12169129709396838,-0.7448905963111876,0.0,0.0,0.0
12.059999999999787,0.0,0.0,0.8170942608542202,0.0,0.0,0.0,0.0,0.0,0.0,1.2300005625260768,0.3039524470190351,-0.8107396179469253,1.3056203328221536,0.14260118933585003,-0.7512977286669347,0.0,0.0,0.0
12.069999999999787,0.0,0.0,0.8161716148777147,0.0,0.0,0.0,0.0,0.0,0.0,1.2162463217820207,0.32615774351336047,-0.8203798721196736,1.293860588955305,0.16409070409332302,-0.758122746251034,0.0,0.0,0.0
12.079999999999787,0.0,0.0,0.8150161995764592,0.0,0.0,0.0,0.0,0.0,0.0,1.2021728669968326,0.3483241119842142,-0.8304060055569438,1.2817760563784795,0.1860812884899458,-0.7653624952665223,0.0,0.0,0.0
12.089999999999787,0.0,0.0,0.813626499290487,0.0,0.0,0.0,0.0,0.0,0.0,1.187829423338194,0.3705102501723836,-0.8410951596717091,1.2693690784227452,0.20849591429402833,-0.773015001930104,0.0,0.0,0.0
12.099999999999786,0.0,0.0,0.8120020395669584,0.0,0.0,0.0,0.0,0.0,0.0,1.1731063924458218,0.3925717598894125,-0.8517993540477553,1.2566064282558436,0.23123149245356805,-0.7808895516421179,0.0,0.0,0.0
12.109999999999786,0.0,0.0,0.8101418524209557,0.0,0.0,0.0,0.0,0.0,0.0,1.1580906506688025,0.4146064421019888,-0.8629568250376112,1.243593455622826,0.2543118935934462,-0.7894964211541948,0.0,0.0,0.0
12.119999999999786,0.0,0.0,0.808044982855355,0.0,0.0,0.0,0.0,0.0,0.0,1.1427711789580368,0.4365979583157169,-0.8744841446635079,1.2302475253988978,0.27760846756591595,-0.7984192859040569,0.0,0.0,0.0
12.129999999999786,0.0,0.0,0.8057105981340937,0.0,0.0,0.0,0.0,0.0,0.0,1.127153571888967,0.45855054477568546,-0.8863952063212013,1.2165898871624783,0.3010796290846339,-0.8077371371955446,0.0,0.0,0.0
12.139999999999786,0.0,0.0,0.8031380584727734,0.0,0.0,0.0,0.0,0.0,0.0,1.1112403840756822,0.48046441371460324,-0.8986852356504154,1.202623437619684,0.32467421279461844,-0.8174359580644762,0.0,0.0,0.0
12.149999999999785,0.0,0.0,0.8003250662052218,0.0,0.0,0.0,0.0,0.0,0.0,1.095005698326958,0.5023399827476962,-0.9113574800017878,1.1883540530998935,0.34834923775629756,-0.8275191329561407,0.0,0.0,0.0
12.159999999999785,0.0,0.0,0.7972713263815001,0.0,0.0,0.0,0.0,0.0,0.0,1.0784479550945945,0.5241758376431152,-0.9244054152808832,1.1737938687038236,0.37206636960467615,-0.8379853342530011,0.0,0.0,0.0
12.169999999999785,0.0,0.0,0.7939785803504095,0.0,0.0,0.0,0.0,0.0,0.0,1.061595349971609,0.5459703422036093,-0.937823297643374,1.158949739853473,0.3957928589978528,-0.8488378314149888,0.0,0.0,0.0
12.179999999999785,0.0,0.0,0.7904471477822406,0.0,0.0,0.0,0.0,0.0,0.0,1.0444507780809344,0.5677207035474205,-0.95161348086122,1.143806109071254,0.4194997890550007,-0.8600777674732238,0.0,0.0,0.0
12.189999999999785,0.0,0.0,0.7866776367321149,0.0,0.0,0.0,0.0,0.0,0.0,1.0270161610142623,0.5894207772031343,-0.9657730325073735,1.1283679500942465,0.4431621513706122,-0.8717005982742444,0.0,0.0,0.0
12.199999999999784,0.0,0.0,0.7826709701243353,0.0,0.0,0.0,0.0,0.0,0.0,1.0092938544878995,0.6110619104688344,-0.9802998879773539,1.1126407624270134,0.466759567069056,-0.883706716447,0.0,0.0,0.0
12.209999999999784,0.0,0.0,0.7784283798638513,0.0,0.0,0.0,0.0,0.0,0.0,0.9912864814686758,0.6326323659541147,-0.995191720116521,1.0966293795026236,0.4902747252144745,-0.8960954639423652,0.0,0.0,0.0
12.219999999999784,0.0,0.0,0.7739513911235808,0.0,0.0,0.0,0.0,0.0,0.0,0.9729969616373488,0.6541171002676662,-1.0104461409290781,1.0803383021813169,0.5136929398252998,-0.9088662432338521,0.0,0.0,0.0
12.229999999999784,0.0,0.0,0.769241797519753,0.0,0.0,0.0,0.0,0.0,0.0,0.9544285076885146,0.6754976216445205,-1.0260606380878405,1.0637717934538768,0.5370014503202153,-0.9220183182294838,0.0,0.0,0.0
12.239999999999783,0.0,0.0,0.7643016278833309,0.0,0.0,0.0,0.0,0.0,0.0,0.9355846315672217,0.6967520004226462,-1.0420325605458274,1.0469339848253447,0.560188732062799,-0.9355508597052907,0.0,0.0,0.0
12.249999999999783,0.0,0.0,0.7591331061522625,0.0,0.0,0.0,0.0,0.0,0.0,0.9164691503259212,0.7178550245222108,-1.0583590939171958,1.029828954161898,0.5832437944745477,-0.9494629298300357,0.0,0.0,0.0
12.259999999999783,0.0,0.0,0.7537386538348343,0.0,0.0,0.0,0.0,0.0,0.0,0.8970863858949846,0.7387777415935501,-1.0750391978736764,1.012460789350751,0.6061555049573438,-0.9637534664994029,0.0,0.0,0.0
12.269999999999783,0.0,0.0,0.7481208378920599,0.0,0.0,0.0,0.0,0.0,0.0,0.8774404892133522,0.7594868365499052,-1.092067843803064,0.9948334912565212,0.6289119993360556,-0.9784199512209618,0.0,0.0,0.0
12.279999999999783,0.0,0.0,0.7422822284143306,0.0,0.0,0.0,0.0,0.0,0.0,0.8575360538655842,0.7799479571691116,-1.1094401524040018,0.9769515780075707,0.6515008853086153,-0.9934629817570296,0.0,0.0,0.0
12.289999999999782,0.0,0.0,0.7362365102698253,0.0,0.0,0.0,0.0,0.0,0.0,0.8376618779211807,0.8001268788352931,-1.1271257153069896,0.9588195325928255,0.6739072553993285,-1.008881939018581,0.0,0.0,0.0
12.299999999999782,0.0,0.0,0.7299801834486627,0.0,0.0,0.0,0.0,0.0,0.0,0.8177044449324575,0.8199918203571892,-1.1451628819134436,0.94037515742538,0.6961129164434874,-1.0246790351424215,0.0,0.0,0.0
12.309999999999782,0.0,0.0,0.7235017563306035,0.0,0.0,0.0,0.0,0.0,0.0,0.7973030783184352,0.8395037563385284,-1.1635666569657988,0.9216451564822749,0.7180953955000902,-1.0408304143812235,0.0,0.0,0.0
12.319999999999782,0.0,0.0,0.7168072078359669,0.0,0.0,0.0,0.0,0.0,0.0,0.7765365485849016,0.8586219107277898,-1.1822877099234743,0.9028519653303299,0.7398357018906038,-1.057332950846151,0.0,0.0,0.0
12.329999999999782,0.0,0.0,0.7099012491974086,0.0,0.0,0.0,0.0,0.0,0.0,0.7555021319593761,0.8773685176413306,-1.2017162123942309,0.8839087523042677,0.7613132015402919,-1.0742219183845063,0.0,0.0,0.0
12.339999999999781,0.0,0.0,0.7027874454810149,0.0,0.0,0.0,0.0,0.0,0.0,0.7341723395632515,0.8956001120325624,-1.2211265719748794,0.8647370411345088,0.7824597421533871,-1.0911995902434797,0.0,0.0,0.0
12.349999999999781,0.0,0.0,0.6954685845203319,0.0,0.0,0.0,0.0,0.0,0.0,0.7126203019562976,0.9133522716212443,-1.2409398898432555,0.8453721146131972,0.8033372962329265,-1.1089034217249105,0.0,0.0,0.0
12.359999999999781,0.0,0.0,0.6879469775996715,0.0,0.0,0.0,0.0,0.0,0.0,0.6908594877252181,0.9305810700828522,-1.261066047555037,0.8257651183686116,0.8238529177469294,-1.126891489397836,0.0,0.0,0.0
12.36999999999978,0.0,0.0,0.680224566730291,0.0,0.0,0.0,0.0,0.0,0.0,0.6689073882908065,0.9472598742976361,-1.2815195941828712,0.8059266722659274,0.8439887939380479,-1.1452498140217202,0.0,0.0,0.0
12.37999999999978,0.0,0.0,0.6723030307248372,0.0,0.0,0.0,0.0,0.0,0.0,0.6467758052275339,0.9633605836163002,-1.3022929495844502,0.785863557866172,0.8637116740444829,-1.1639560166311835,0.0,0.0,0.0
12.38999999999978,0.0,0.0,0.6641838565738241,0.0,0.0,0.0,0.0,0.0,0.0,0.6244743423557856,0.9788576153289448,-1.3233827921595458,0.7655872607675676,0.8829912229449837,-1.1830104879718304,0.0,0.0,0.0
12.39999999999978,0.0,0.0,0.6558683941653143,0.0,0.0,0.0,0.0,0.0,0.0,0.6020107443120083,0.9937271596693683,-1.3447845653764043,0.7451101411072354,0.9017966140137906,-1.2024088240268165,0.0,0.0,0.0
12.40999999999978,0.0,0.0,0.6473579014282522,0.0,0.0,0.0,0.0,0.0,0.0,0.5793915430459556,1.0079472588112035,-1.3664936477031173,0.72444492343379,0.9200976080653421,-1.2221474870175946,0.0,0.0,0.0
12.41999999999978,0.0,0.0,0.6386535999858373,0.0,0.0,0.0,0.0,0.0,0.0,0.5566224438576499,1.0214966057247936,-1.3885052414512993,0.7036040642278257,0.9378647036345958,-1.2422225427830549,0.0,0.0,0.0
12.42999999999978,0.0,0.0,0.62975671440692,0.0,0.0,0.0,0.0,0.0,0.0,0.5337086121057854,1.0343532321746503,-1.410814411483043,0.6825994798897721,0.955069698651293,-1.2626298606594801,0.0,0.0,0.0
12.43999999999978,0.0,0.0,0.6206684760854085,0.0,0.0,0.0,0.0,0.0,0.0,0.5106548612532185,1.046494375044445,-1.4334159185093158,0.6614424205781138,0.9716861953654127,-1.2833651208750188,0.0,0.0,0.0
12.449999999999779,0.0,0.0,0.6113901186489864,0.0,0.0,0.0,0.0,0.0,0.0,0.48746579383807714,1.0578967428194068,-1.456304193242551,0.6401434528929829,0.9876893130193699,-1.304423933649113,0.0,0.0,0.0
12.459999999999779,0.0,0.0,0.6019228742604842,0.0,0.0,0.0,0.0,0.0,0.0,0.4641459031993715,1.068536827862512,-1.4794733226451242,0.6187124917080254,1.0030552256167506,-1.325801790141271,0.0,0.0,0.0
12.469999999999779,0.0,0.0,0.592267972111213,0.0,0.0,0.0,0.0,0.0,0.0,0.4406996463587245,1.0783912558023951,-1.502917034967287,0.5971588644647096,1.0177607971145133,-1.3474940092110002,0.0,0.0,0.0
12.479999999999778,0.0,0.0,0.5824266400303557,0.0,0.0,0.0,0.0,0.0,0.0,0.4171314970952183,1.0874371777186256,-1.5266287074711613,0.5754913918454069,1.0317833154398404,-1.369495693184717,0.0,0.0,0.0
12.489999999999778,0.0,0.0,0.57240011017017,0.0,0.0,0.0,0.0,0.0,0.0,0.3934459835010866,1.0956526746074218,-1.5506013848698108,0.5537184734450251,1.045100313942551,-1.391801672881305,0.0,0.0,0.0
12.499999999999778,0.0,0.0,0.5621896292142545,0.0,0.0,0.0,0.0,0.0,0.0,0.3696477131964761,1.1030171320346684,-1.5748277940555733,0.5318481730517387,1.0576894843582687,-1.4144064591393053,0.0,0.0,0.0
12.509999999999778,0.0,0.0,0.5517964728350784,0.0,0.0,0.0,0.0,0.0,0.0,0.3457413897483958,1.1095115646651048,-1.5993003651850493,0.5098883002456074,1.0695286867535592,-1.4373042145799604,0.0,0.0,0.0
12.519999999999778,0.0,0.0,0.5412219637285677,0.0,0.0,0.0,0.0,0.0,0.0,0.3217318224038166,1.1151188810025454,-1.6240112571769991,0.4878464856789472,1.0805960435286435,-1.46048873432322,0.0,0.0,0.0
12.529999999999777,0.0,0.0,0.5304674923531851,0.0,0.0,0.0,0.0,0.0,0.0,0.2976239306995418,1.1198240831720043,-1.6489523867290445,0.46573024914018474,1.0908700985006545,-1.4839534369146528,0.0,0.0,0.0
12.539999999999777,0.0,0.0,0.51953453932851,0.0,0.0,0.0,0.0,0.0,0.0,0.27342274518416787,1.123614386660671,-1.6741154608711861,0.44354706020708945,1.1003300209618296,-1.5076913650536006,0.0,0.0,0.0
12.549999999999777,0.0,0.0,0.5084246984364562,0.0,0.0,0.0,0.0,0.0,0.0,0.2491334047756316,1.126479284032568,-1.6994920084988752,0.42130439173483225,1.1089558389896277,-1.5316951952087152,0.0,0.0,0.0
12.559999999999777,0.0,0.0,0.4971396995138252,0.0,0.0,0.0,0.0,0.0,0.0,0.22476115121336812,1.1284105781740306,-1.7250734110346304,0.39900976677868083,1.1167286790937128,-1.5559572567063793,0.0,0.0,0.0
12.569999999999776,0.0,0.0,0.48568143051009177,0.0,0.0,0.0,0.0,0.0,0.0,0.20031132117811923,1.1294023722041358,-1.7508509347783057,0.3766707996564628,1.1236309847167287,-1.580469557576651,0.0,0.0,0.0
12.579999999999776,0.0,0.0,0.4740519579686774,0.0,0.0,0.0,0.0,0.0,0.0,0.17578933628476434,1.1294510171582535,-1.7768157622597527,0.3542952317745565,1.1296467169349809,-1.6052238136049226,0.0,0.0,0.0
12.589999999999776,0.0,0.0,0.46225354528380547,0.0,0.0,0.0,0.0,0.0,0.0,0.15120069109301262,1.1285550225607124,-1.8029590222151175,0.33189096300242504,1.134761532039272,-1.6302114817591278,0.0,0.0,0.0
12.599999999999776,0.0,0.0,0.4502886682033829,0.0,0.0,0.0,0.0,0.0,0.0,0.12655093920243912,1.126714935522595,-1.8292718179331886,0.3094660793215185,1.1389629299154906,-1.6554237964983611,0.0,0.0,0.0
12.609999999999776,0.0,0.0,0.43816002717364644,0.0,0.0,0.0,0.0,0.0,0.0,0.10184567746061271,1.1239331938178365,-1.8557452530191738,0.28702887744653016,1.1422403691335228,-1.6808518075474441,0.0,0.0,0.0
12.619999999999775,0.0,0.0,0.42587055623056863,0.0,0.0,0.0,0.0,0.0,0.0,0.07709052844510894,1.1202139571423397,-1.8823704539505324,0.264587887078535,1.1445853465259104,-1.706486418519268,0.0,0.0,0.0
12.629999999999775,0.0,0.0,0.4134234281343519,0.0,0.0,0.0,0.0,0.0,0.0,0.052291208112753174,1.1155629210637499,-1.909138590478582,0.24215189137668441,1.1459914410247471,-1.7323184254981367,0.0,0.0,0.0
12.639999999999775,0.0,0.0,0.4008220552601801,0.0,0.0,0.0,0.0,0.0,0.0,0.027453748946406814,1.109987118568335,-1.9360408955836563,0.21972993102894373,1.1464543225707537,-1.7583385538239396,0.0,0.0,0.0
12.649999999999775,0.0,0.0,0.3880700864280095,0.0,0.0,0.0,0.0,0.0,0.0,0.0025846539689411696,1.1034947123997938,-1.9630686823272758,0.19733128006161962,1.1459717274524779,-1.7845374921980486,0.0,0.0,0.0
12.659999999999775,0.0,0.0,0.3751714004860616,0.0,0.0,0.0,0.0,0.0,0.0,-0.022309093482212827,1.0960947826881628,-1.9902133549384506,0.17496546154771447,1.1445434027856198,-1.810905925715983,0.0,0.0,0.0
12.669999999999774,0.0,0.0,0.36213009704678656,0.0,0.0,0.0,0.0,0.0,0.0,-0.04722002775411582,1.0877971156351904,-2.0174664170189027,0.1526423341240986,1.1421710229385995,-1.8374345680811572,0.0,0.0,0.0
12.679999999999774,0.0,0.0,0.348956772248964,0.0,0.0,0.0,0.0,0.0,0.0,-0.07213990913668866,1.0788545498756008,-2.0447916417925946,0.130372171405038,1.1388580802355157,-1.8641141892478132,0.0,0.0,0.0
12.689999999999774,0.0,0.0,0.3356545072511085,0.0,0.0,0.0,0.0,0.0,0.0,-0.09706099124142345,1.0691955306553438,-2.0722209709347137,0.10816552437215257,1.1345507215509394,-1.890955664748794,0.0,0.0,0.0
12.699999999999774,0.0,0.0,0.3222198990842203,0.0,0.0,0.0,0.0,0.0,0.0,-0.12197472447811994,1.0585259461804317,-2.0997647020216172,0.08603415034012979,1.1292706585362238,-1.9179115418124755,0.0,0.0,0.0
12.709999999999773,0.0,0.0,0.3086585726754941,0.0,0.0,0.0,0.0,0.0,0.0,-0.14687092299333643,1.0469002638135774,-2.127374779956921,0.06399003551444359,1.1232177512481754,-1.9449649234734503,0.0,0.0,0.0
12.719999999999773,0.0,0.0,0.29497625797599114,0.0,0.0,0.0,0.0,0.0,0.0,-0.17174014897965373,1.0343646963891029,-2.1550526238865277,0.04204523704386408,1.1163316193079664,-1.9721498257814438,0.0,0.0,0.0
12.729999999999773,0.0,0.0,0.2811786252204163,0.0,0.0,0.0,0.0,0.0,0.0,-0.19657182497950804,1.0209535610989193,-2.1827891188031736,0.020213272343026292,1.1085758628556932,-1.999444289366519,0.0,0.0,0.0
12.739999999999773,0.0,0.0,0.2672733870942422,0.0,0.0,0.0,0.0,0.0,0.0,-0.22179781514415475,1.0066916212360857,-2.2105574913684873,-0.031136788992201368,1.0999346221112327,-2.0268398672580057,0.0,0.0,0.0
12.749999999999773,0.0,0.0,0.25326584875319696,0.0,0.0,0.0,0.0,0.0,0.0,-0.24732191592887698,0.9915988654635485,-2.238369144793188,-0.04984169589570668,1.0904054811746333,-2.0543323204176,0.0,0.0,0.0
12.759999999999772,0.0,0.0,0.2391598487275462,0.0,0.0,0.0,0.0,0.0,0.0,-0.27262559536917963,0.975712016592955,-2.2662366920315296,-0.06954806151691466,1.0799941686562788,-2.0818975799137056,0.0,0.0,0.0
12.769999999999772,0.0,0.0,0.22496114276546378,0.0,0.0,0.0,0.0,0.0,0.0,-0.29774496962188346,0.9590418431258906,-2.2941279714070415,-0.09036859014059556,1.068705630646651,-2.109518538677884,0.0,0.0,0.0
12.779999999999772,0.0,0.0,0.21067490608050893,0.0,0.0,0.0,0.0,0.0,0.0,-0.32271180712284386,0.9415787653446379,-2.322040188223283,-0.11216656975764687,1.0565532809676033,-2.137214105941811,0.0,0.0,0.0
12.789999999999772,0.0,0.0,0.1963071652737316,0.0,0.0,0.0,0.0,0.0,0.0,-0.34754918269423735,0.923337580714623,-2.3499651547344462,-0.1348146688968823,1.043566361956278,-2.1649688012843327,0.0,0.0,0.0
12.799999999999772,0.0,0.0,0.18186404767607306,0.0,0.0,0.0,0.0,0.0,0.0,-0.3722678454715312,0.9043387546160155,-2.3778047492271375,-0.1581966732590908,1.0297562134371625,-2.192774344721644,0.0,0.0,0.0
12.809999999999771,0.0,0.0,0.16735172231376388,0.0,0.0,0.0,0.0,0.0,0.0,-0.3968913364364488,0.8845892357153011,-2.4057554778945716,-0.18220890838938003,1.0151322187195926,-2.220696252809037,0.0,0.0,0.0
12.819999999999771,0.0,0.0,0.1527763866207791,0.0,0.0,0.0,0.0,0.0,0.0,-0.42141883325740476,0.8641113313306182,-2.43367184967756,-0.20674668228718474,0.9997155844491153,-2.2485255241792954,0.0,0.0,0.0
12.829999999999771,0.0,0.0,0.13814427816170605,0.0,0.0,0.0,0.0,0.0,0.0,-0.4458558315870718,0.8429202140232847,-2.461580281399317,-0.2317263167236982,0.9835152212737199,-2.276416064083392,0.0,0.0,0.0
12.83999999999977,0.0,0.0,0.12346163701747705,0.0,0.0,0.0,0.0,0.0,0.0,-0.470202266848908,0.8210330843446801,-2.489465885859882,-0.2570653045571437,0.9665484188351109,-2.3043200922416607,0.0,0.0,0.0
12.84999999999977,0.0,0.0,0.10873469459649558,0.0,0.0,0.0,0.0,0.0,0.0,-0.4944562804737058,0.7984664175661425,-2.517323920291175,-0.2826904566007348,0.9488314193426842,-2.332238986042467,0.0,0.0,0.0
12.85999999999977,0.0,0.0,0.09396960506188623,0.0,0.0,0.0,0.0,0.0,0.0,-0.5186371008883326,0.7752115036400145,-2.545437740353141,-0.3085351893350504,0.9303818822934247,-2.360162623179628,0.0,0.0,0.0
12.86999999999977,0.0,0.0,0.07917258439908502,0.0,0.0,0.0,0.0,0.0,0.0,-0.54268700743089,0.7513383445754018,-2.5731296526826677,-0.3345270267393146,0.9112342133621747,-2.387844957050637,0.0,0.0,0.0
12.87999999999977,0.0,0.0,0.06434985439155573,0.0,0.0,0.0,0.0,0.0,0.0,-0.5666334885988256,0.7268281961782344,-2.6008637512218615,-0.36064597506648466,0.8913639950252138,-2.415939717206568,0.0,0.0,0.0
12.88999999999977,0.0,0.0,0.049507502331476154,0.0,0.0,0.0,0.0,0.0,0.0,-0.5904593212602884,0.7017054065189017,-2.628520897980771,-0.38681741233058486,0.8708246640771502,-2.443888077478793,0.0,0.0,0.0
12.89999999999977,0.0,0.0,0.03465158227721879,0.0,0.0,0.0,0.0,0.0,0.0,-0.6141576041310723,0.675982366094579,-2.656123016599974,-0.4130051542756167,0.8496273655146421,-2.471821010751874,0.0,0.0,0.0
12.90999999999977,0.0,0.0,0.01978810128123129,0.0,0.0,0.0,0.0,0.0,0.0,-0.6377177898326059,0.6496742673774063,-2.683657650877881,-0.43916905748968976,0.8277946146424331,-2.499702146443655,0.0,0.0,0.0
12.919999999999769,0.0,0.0,0.004923021069446578,0.0,0.0,0.0,0.0,0.0,0.0,-0.6611294428599929,0.6227953221518527,-2.7111206385190942,-0.4652754447343468,0.8053460635973718,-2.5275355325126054,0.0,0.0,0.0
12.929999999999769,0.0,0.0,-0.009937743347956236,0.0,0.0,0.0,0.0,0.0,0.0,-0.6843815295495325,0.5953597793245506,-2.7385057343243107,-0.49129382715026026,0.7823021357617408,-2.5553151050036,0.0,0.0,0.0
12.939999999999769,0.0,0.0,-0.024788323939368858,0.0,0.0,0.0,0.0,0.0,0.0,-0.7074628102836732,0.5673817044288616,-2.765807141423645,-0.5171971539937845,0.7586830806309615,-2.583037013902729,0.0,0.0,0.0
12.949999999999768,0.0,0.0,-0.03962289991752487,0.0,0.0,0.0,0.0,0.0,0.0,-0.7303619339172766,0.5388750786958088,-2.7930189005954924,-0.5429612072766477,0.734509218687492,-2.610696643122811,0.0,0.0,0.0
12.959999999999768,0.0,0.0,-0.054435697942561256,0.0,0.0,0.0,0.0,0.0,0.0,-0.7530675851720809,0.5098538155127472,-2.8201350448028455,-0.5685642650126774,0.7098008950154716,-2.638289355181588,0.0,0.0,0.0
12.969999999999768,0.0,0.0,-0.06922099240570667,0.0,0.0,0.0,0.0,0.0,0.0,-0.7755685963938639,0.48033179670595527,-2.847149567619973,-0.5939867506121328,0.6845785187116765,-2.6658103264427564,0.0,0.0,0.0
12.979999999999768,0.0,0.0,-0.08397308646199494,0.0,0.0,0.0,0.0,0.0,0.0,-0.7978482054320599,0.45032290233564765,-2.874057072985112,-0.6192109411463801,0.6588625905528446,-2.693254602370701,0.0,0.0,0.0
12.989999999999768,0.0,0.0,-0.09868634083913375,0.0,0.0,0.0,0.0,0.0,0.0,-0.8198960297342417,0.4198411332183749,-2.9008508364799095,-0.6442219727858278,0.6326737422398594,-2.720616924099325,0.0,0.0,0.0
12.999999999999767,0.0,0.0,-0.11335519426023546,0.0,0.0,0.0,0.0,0.0,0.0,-0.8417081181602403,0.38890043108496686,-2.9275242087170654,-0.6690052576565428,0.6060327184362323,-2.74789263429659,0.0,0.0,0.0
13.009999999999767,0.0,0.0,-0.12797411963327163,0.0,0.0,0.0,0.0,0.0,0.0,-0.8632748788509247,0.35751472721820576,-2.9540718194958915,-0.6935434366604881,0.57896058459565,-2.7750766275316385,0.0,0.0,0.0
13.019999999999767,0.0,0.0,-0.14253764116701179,0.0,0.0,0.0,0.0,0.0,0.0,-0.8845870223637406,0.3256982059449838,-2.9804874233662693,-0.717824407777354,0.5514787339502459,-2.802162659780026,0.0,0.0,0.0
13.029999999999767,0.0,0.0,-0.15704033610059892,0.0,0.0,0.0,0.0,0.0,0.0,-0.9056358029569778,0.2934651755541,-3.0067649790212547,-0.7418371058747405,0.5236087757567711,-2.8291454410617347,0.0,0.0,0.0
13.039999999999766,0.0,0.0,-0.17147683635874203,0.0,0.0,0.0,0.0,0.0,0.0,-0.9264130289724485,0.26083014783456493,-3.0328984007268,-0.7655712449677329,0.49537274047716995,-2.8560193630428055,0.0,0.0,0.0
13.049999999999766,0.0,0.0,-0.185841830684702,0.0,0.0,0.0,0.0,0.0,0.0,-0.9469110935506531,0.22780786303062905,-3.058881625652536,-0.7890172685605188,0.46679311134115037,-2.8827788110038433,0.0,0.0,0.0
13.059999999999766,0.0,0.0,-0.2001300671612998,0.0,0.0,0.0,0.0,0.0,0.0,-0.9671229813461883,0.19441332159600577,-3.084708604674416,-0.8121662892388994,0.437892906795899,-2.909418100531699,0.0,0.0,0.0
13.069999999999766,0.0,0.0,-0.21433635602274118,0.0,0.0,0.0,0.0,0.0,0.0,-0.9870422644320813,0.16066180831691224,-3.110373311753144,-0.8350100534098267,0.40869576021075626,-2.9359315052125896,0.0,0.0,0.0
13.079999999999766,0.0,0.0,-0.22845557266258806,0.0,0.0,0.0,0.0,0.0,0.0,-1.0066630866334045,0.12656891368743795,-3.1358697487117855,-0.8575409158137042,0.3792260088719854,-2.9623132622745807,0.0,0.0,0.0
13.089999999999765,0.0,0.0,-0.24248266075619684,0.0,0.0,0.0,0.0,0.0,0.0,-1.0259801389004872,0.09215055252029547,-3.16119195099829,-0.8797518220360003,0.3495087886677018,-2.9885575836210863,0.0,0.0,0.0
13.099999999999765,0.0,0.0,-0.2564126354298061,0.0,0.0,0.0,0.0,0.0,0.0,-1.0449886273712008,0.057422980928774514,-3.1863339930369206,-0.9016362948664597,0.3195701354637125,-3.014658665535781,0.0,0.0,0.0
13.109999999999765,0.0,0.0,-0.2702405864238604,0.0,0.0,0.0,0.0,0.0,0.0,-1.0636842359019485,0.022402812480566414,-3.211289993475094,-0.923188421918795,0.2894370936812975,-3.0406106986318733,0.0,0.0,0.0
13.119999999999765,0.0,0.0,-0.2839616812156332,0.0,0.0,0.0,0.0,0.0,0.0,-1.0820630847444583,-0.01289296560940345,-3.2360541202239577,-0.944402842411991,0.25913783327837003,-3.0664078776043864,0.0,0.0,0.0
13.129999999999765,0.0,0.0,-0.2975711680844601,0.0,0.0,0.0,0.0,0.0,0.0,-1.1001216869858894,-0.048446975414894844,-3.26062059529671,-0.9652747316595826,0.22870177668737407,-3.0920444108362695,0.0,0.0,0.0
13.139999999999764,0.0,0.0,-0.3110643791220372,0.0,0.0,0.0,0.0,0.0,0.0,-1.1178569042232929,-0.08424142957881164,-3.2849836994334862,-0.9857997823310495,0.1981597376876421,-3.117514529795087,0.0,0.0,0.0
13.149999999999764,0.0,0.0,-0.3244367332107845,0.0,0.0,0.0,0.0,0.0,0.0,-1.1352658797858155,-0.12025812507797928,-3.3091377765109233,-1.0059741820299266,0.16754407461430015,-3.142812498189108,0.0,0.0,0.0
13.159999999999764,0.0,0.0,-0.3376837390433418,0.0,0.0,0.0,0.0,0.0,0.0,-1.1523459135174825,-0.15647847192143605,-3.333077237735744,-1.025794592624781,0.13688886320549512,-3.1679326208521426,0.0,0.0,0.0
13.169999999999764,0.0,0.0,-0.3508009983679752,0.0,0.0,0.0,0.0,0.0,0.0,-1.169094360279453,-0.1928835025753486,-3.3567965656787777,-1.0452581411738613,0.10623009607126246,-3.1928692523367355,0.0,0.0,0.0
13.179999999999763,0.0,0.0,-0.36378420967502273,0.0,0.0,0.0,0.0,0.0,0.0,-1.1855085992718912,-0.2294538327579292,-3.3802903182390587,-1.0643623936867386,0.07560589921829819,-3.217616805183155,0.0,0.0,0.0
13.189999999999763,0.0,0.0,-0.37662916867116486,0.0,0.0,0.0,0.0,0.0,0.0,-1.2016362705853765,-0.2662510382828529,-3.4038888993927534,-1.0831052837173991,0.04505675980546989,-3.2421697578505055,0.0,0.0,0.0
13.199999999999763,0.0,0.0,-0.38933043420048713,0.0,0.0,0.0,0.0,0.0,0.0,-1.2173778613846653,-0.30346201618762114,-3.4268397364052428,-1.1014485461890524,-0.01720656990663258,-3.266247620828209,0.0,0.0,0.0
13.209999999999763,0.0,0.0,-0.40188253838933635,0.0,0.0,0.0,0.0,0.0,0.0,-1.2328044708373957,-0.3410877172981861,-3.4496617676755688,-1.1194774319727459,-0.04411161192624931,-3.29053338738,0.0,0.0,0.0
13.219999999999763,0.0,0.0,-0.4142831438195308,0.0,0.0,0.0,0.0,0.0,0.0,-1.247890292707756,-0.37865897674534343,-3.472319320209046,-1.1371181983918983,-0.07292169325459162,-3.314459871188423,0.0,0.0,0.0
13.229999999999762,0.0,0.0,-0.42652848401970467,0.0,0.0,0.0,0.0,0.0,0.0,-1.2626194880877355,-0.4162202621765063,-3.494705027832751,-1.1543944187455524,-0.10369412809376508,-3.3381255321272065,0.0,0.0,0.0
13.239999999999762,0.0,0.0,-0.4386144701806359,0.0,0.0,0.0,0.0,0.0,0.0,-1.2769972732407453,-0.45383315210097086,-3.516844156779574,-1.1713148853752682,-0.13624754042706605,-3.3616264963890976,0.0,0.0,0.0
13.249999999999762,0.0,0.0,-0.4505368204968918,0.0,0.0,0.0,0.0,0.0,0.0,-1.2910208484129506,-0.4915292590518816,-3.5387168309025094,-1.1878688841385951,-0.1703884101483594,-3.3849104274194053,0.0,0.0,0.0
13.259999999999762,0.0,0.0,-0.46229110868845874,0.0,0.0,0.0,0.0,0.0,0.0,-1.304688103209347,-0.5293316013512834,-3.5603115407408263,-1.2040546058387729,-0.20594081664440592,-3.407979146261267,0.0,0.0,0.0
13.269999999999762,0.0,0.0,-0.4738728299668584,0.0,0.0,0.0,0.0,0.0,0.0,-1.318001210597307,-0.5672620484184074,-3.58164653207429,-1.2198697257856224,-0.24273587609318734,-3.430824053258546,0.0,0.0,0.0
13.279999999999761,0.0,0.0,-0.485277494536259,0.0,0.0,0.0,0.0,0.0,0.0,-1.3309565636663347,-0.6053237086594261,-3.602706931895083,-1.2353089517745408,-0.28060935788290897,-3.453412647678328,0.0,0.0,0.0
13.289999999999761,0.0,0.0,-0.49650069150762505,0.0,0.0,0.0,0.0,0.0,0.0,-1.3435787247475008,-0.6435603907175342,-3.623666951748617,-1.250372858028012,-0.31941393237178456,-3.475750695340356,0.0,0.0,0.0
13.299999999999761,0.0,0.0,-0.5075381295217625,0.0,0.0,0.0,0.0,0.0,0.0,-1.355807309060611,-0.681864857395015,-3.644166919504423,-1.2650394100973974,-0.35898407264687726,-3.4976876384130136,0.0,0.0,0.0
13.30999999999976,0.0,0.0,-0.5183856524618979,0.0,0.0,0.0,0.0,0.0,0.0,-1.367678119274217,-0.7202875545480296,-3.6644278368917456,-1.2793605828054166,-0.3992593314841357,-3.5195721524209995,0.0,0.0,0.0
13.31999999999976,0.0,0.0,-0.5290392761614425,0.0,0.0,0.0,0.0,0.0,0.0,-1.3791797421230474,-0.7587950116713764,-3.6843939118198983,-1.2932955135204183,-0.4400744492753537,-3.5411384153615635,0.0,0.0,0.0
13.32999999999976,0.0,0.0,-0.5394952021794327,0.0,0.0,0.0,0.0,0.0,0.0,-1.3903113417020245,-0.7973686617175368,-3.7040743670631957,-1.3068528544166973,-0.4813356405368544,-3.5624448050028956,0.0,0.0,0.0
13.33999999999976,0.0,0.0,-0.549749839677455,0.0,0.0,0.0,0.0,0.0,0.0,-1.4010695223940295,-0.8359826258321124,-3.7234629175476157,-1.3200298048822163,-0.522944739489007,-3.583474296346179,0.0,0.0,0.0
13.34999999999976,0.0,0.0,-0.5597998160327144,0.0,0.0,0.0,0.0,0.0,0.0,-1.4114515272117414,-0.8746097751308515,-3.7425568699246687,-1.332826129365888,-0.564816624896252,-3.604228155105743,0.0,0.0,0.0
13.35999999999976,0.0,0.0,-0.5696419852784521,0.0,0.0,0.0,0.0,0.0,0.0,-1.4214545156290108,-0.9132208880122934,-3.761352582076826,-1.3452407832702615,-0.6068740072790408,-3.6247035724245618,0.0,0.0,0.0
13.36999999999976,0.0,0.0,-0.5792734324614452,0.0,0.0,0.0,0.0,0.0,0.0,-1.4310757687754496,-0.9517853900878341,-3.779846527343846,-1.3572727282465447,-0.6490476815167976,-3.644898848251211,0.0,0.0,0.0
13.37999999999976,0.0,0.0,-0.5886914746564363,0.0,0.0,0.0,0.0,0.0,0.0,-1.4403126677782092,-0.9902716565926997,-3.798035035113253,-1.3689207561512615,-0.6912753858894936,-3.6648120752533515,0.0,0.0,0.0
13.389999999999759,0.0,0.0,-0.5978936588130616,0.0,0.0,0.0,0.0,0.0,0.0,-1.449162720984793,-1.0286473699841587,-3.815914348125814,-1.3801835557442756,-0.7335009953234715,-3.6844413766023227,0.0,0.0,0.0
13.399999999999759,0.0,0.0,-0.6068777568603375,0.0,0.0,0.0,0.0,0.0,0.0,-1.4576235752399165,-1.0668798185533506,-3.8334806089010116,-1.391059724836749,-0.7756736676805309,-3.703784789805146,0.0,0.0,0.0
13.409999999999759,0.0,0.0,-0.6156417585242225,0.0,0.0,0.0,0.0,0.0,0.0,-1.4656930272190027,-1.1049361645460833,-3.8507298668743366,-1.4015477968213945,-0.8177470689555391,-3.722840245106045,0.0,0.0,0.0
13.419999999999758,0.0,0.0,-0.6241839759438399,0.0,0.0,0.0,0.0,0.0,0.0,-1.4733708399314547,-1.142784751430379,-3.8676695565982637,-1.4116462638482787,-0.859678670124654,-3.7416055314000434,0.0,0.0,0.0
13.429999999999758,0.0,0.0,-0.6325030891518211,0.0,0.0,0.0,0.0,0.0,0.0,-1.480653195936903,-1.1803843404693644,-3.884286684895672,-1.4213521842964862,-0.9014272747407122,-3.7600694909416337,0.0,0.0,0.0
13.439999999999758,0.0,0.0,-0.6405979398339832,0.0,0.0,0.0,0.0,0.0,0.0,-1.4875366756425292,-1.2176957135471493,-3.9005685636578855,-1.4306661105206246,-0.9429609039470723,-3.7782415214705565,0.0,0.0,0.0
13.449999999999758,0.0,0.0,-0.6484674614677205,0.0,0.0,0.0,0.0,0.0,0.0,-1.4940214294445595,-1.2546886866063218,-3.916520644160447,-1.439587732814924,-0.9842473024886937,-3.7961260427702226,0.0,0.0,0.0
13.459999999999757,0.0,0.0,-0.6561107694309313,0.0,0.0,0.0,0.0,0.0,0.0,-1.5001057227680554,-1.291329852503074,-3.9321366734721312,-1.4481136353651953,-1.0252489843236519,-3.8137093610868646,0.0,0.0,0.0
13.469999999999757,0.0,0.0,-0.663527174201314,0.0,0.0,0.0,0.0,0.0,0.0,-1.5057884397842187,-1.3275869358009733,-3.947413088502432,-1.4562427400212283,-1.0659337147656445,-3.8309910729714107,0.0,0.0,0.0
13.479999999999757,0.0,0.0,-0.6707161721258539,0.0,0.0,0.0,0.0,0.0,0.0,-1.511068501506776,-1.3634277768855108,-3.9623456631935356,-1.4639735692429396,-1.1062698687345758,-3.847967547660328,0.0,0.0,0.0
13.489999999999757,0.0,0.0,-0.6776774353802328,0.0,0.0,0.0,0.0,0.0,0.0,-1.5159450113162478,-1.3988206934304466,-3.9769303145332624,-1.471304886344086,-1.14622724579782,-3.864635780633091,0.0,0.0,0.0
13.499999999999757,0.0,0.0,-0.6844108017827963,0.0,0.0,0.0,0.0,0.0,0.0,-1.5204172251917605,-1.4337344928994256,-3.991162921453478,-1.4782355401417113,-1.1857765633324793,-3.880992477266526,0.0,0.0,0.0
13.509999999999756,0.0,0.0,-0.6909162645037592,0.0,0.0,0.0,0.0,0.0,0.0,-1.5244845615357636,-1.4681385515434155,-4.005039377966014,-1.484764502383779,-1.2248893434951293,-3.897034272036837,0.0,0.0,0.0
13.519999999999756,0.0,0.0,-0.6971939615719137,0.0,0.0,0.0,0.0,0.0,0.0,-1.5281465998715147,-1.5020028662364258,-4.018555590172063,-1.490890861399834,-1.2635377673193164,-3.912757681934989,0.0,0.0,0.0
13.529999999999756,0.0,0.0,-0.7032441650811552,0.0,0.0,0.0,0.0,0.0,0.0,-1.5314030808746306,-1.5352981067758806,-4.031707486055376,-1.4966138272962757,-1.3016945863370337,-3.9281591253888855,0.0,0.0,0.0
13.539999999999756,0.0,0.0,-0.7090672699901713,0.0,0.0,0.0,0.0,0.0,0.0,-1.5342539050372974,-1.5679956661860874,-4.044491021788636,-1.5019327347217117,-1.3393330591541461,-3.9432349269875346,0.0,0.0,0.0
13.549999999999756,0.0,0.0,-0.7146637824222979,0.0,0.0,0.0,0.0,0.0,0.0,-1.536699130777757,-1.6000677127340879,-4.056902188587395,-1.5068470460237047,-1.3764269124245245,-3.957981326017069,0.0,0.0,0.0
13.559999999999755,0.0,0.0,-0.7200343073978391,0.0,0.0,0.0,0.0,0.0,0.0,-1.538738971898952,-1.6314872448785716,-4.068937019389723,-1.5113563538139896,-1.4129503199531614,-3.9723944838928893,0.0,0.0,0.0
13.569999999999755,0.0,0.0,-0.7251795359675846,0.0,0.0,0.0,0.0,0.0,0.0,-1.5403737944606504,-1.6622281500002245,-4.080591595800183,-1.5154603830025468,-1.4488778967425469,-3.986470491240964,0.0,0.0,0.0
13.579999999999755,0.0,0.0,-0.7301002317610464,0.0,0.0,0.0,0.0,0.0,0.0,-1.5416041130503486,-1.6922652669468734,-4.091862055462192,-1.5191589922058482,-1.4841847054219404,-4.0002053742603705,0.0,0.0,0.0
13.589999999999755,0.0,0.0,-0.734797217012251,0.0,0.0,0.0,0.0,0.0,0.0,-1.5424305864313979,-1.72157445180187,-4.102744600055189,-1.5224521745326314,-1.5188462733847412,-4.013595100468116,0.0,0.0,0.0
13.599999999999755,0.0,0.0,-0.7392713582300422,0.0,0.0,0.0,0.0,0.0,0.0,-1.5428540134785844,-1.7501326447839745,-4.113235501025993,-1.5253400577643523,-1.5528386194712966,-4.026635583996191,0.0,0.0,0.0
13.609999999999754,0.0,0.0,-0.7435235518804518,0.0,0.0,0.0,0.0,0.0,0.0,-1.5428753345958492,-1.7779179363851707,-4.123331100378827,-1.5278229039756157,-1.586138290138352,-4.039322692970272,0.0,0.0,0.0
13.619999999999754,0.0,0.0,-0.7475547103963863,0.0,0.0,0.0,0.0,0.0,0.0,-1.542495644300754,-1.8049096372397155,-4.133027822623573,-1.529901107233381,-1.6187224044697501,-4.051652259935901,0.0,0.0,0.0
13.629999999999754,0.0,0.0,-0.7513657485542569,0.0,0.0,0.0,0.0,0.0,0.0,-1.541716207729646,-1.8310883465220655,-4.142322192225498,-1.5315751867554885,-1.6505687018195556,-4.063620081256937,0.0,0.0,0.0
13.639999999999754,0.0,0.0,-0.754957570296697,0.0,0.0,0.0,0.0,0.0,0.0,-1.5405384734522531,-1.8564360113911524,-4.151210845049131,-1.5328457815357466,-1.6816555952158636,-4.075221915286958,0.0,0.0,0.0
13.649999999999753,0.0,0.0,-0.7583310562421679,0.0,0.0,0.0,0.0,0.0,0.0,-1.5389640833070888,-1.8809359782765833,-4.159690541499378,-1.533713651344631,-1.7119622340361782,-4.086453490381496,0.0,0.0,0.0
13.659999999999753,0.0,0.0,-0.7614870521390733,0.0,0.0,0.0,0.0,0.0,0.0,-1.5369948790581547,-1.9045730336339055,-4.167758179582534,-1.5341796815054343,-1.7414685710081494,-4.097310513845447,0.0,0.0,0.0
13.669999999999753,0.0,0.0,-0.7644263585038951,0.0,0.0,0.0,0.0,0.0,0.0,-1.5346329059662422,-1.927333432766683,-4.175410807926111,-1.5342448903834753,-1.770155432271278,-4.107788683607007,0.0,0.0,0.0
13.679999999999753,0.0,0.0,-0.7671497216533194,0.0,0.0,0.0,0.0,0.0,0.0,-1.531880413237896,-1.9492049154915811,-4.182645638352035,-1.5339104384334994,-1.7980045883404154,-4.117883702230309,0.0,0.0,0.0
13.689999999999753,0.0,0.0,-0.7696578263021217,0.0,0.0,0.0,0.0,0.0,0.0,-1.5287398513128676,-1.9701767078631125,-4.189460057712559,-1.5331776379626414,-1.8249988239313528,-4.127591293264191,0.0,0.0,0.0
13.699999999999752,0.0,0.0,-0.7719512898546332,0.0,0.0,0.0,0.0,0.0,0.0,-1.5252138659507648,-1.990239509596397,-4.195851638703856,-1.5320479629027253,-1.8511220045525774,-4.13690721969669,0.0,0.0,0.0
13.709999999999752,0.0,0.0,-0.7740306584699909,0.0,0.0,0.0,0.0,0.0,0.0,-1.5213052891049559,-2.0093854672568323,-4.201818149411318,-1.5305230580018814,-1.8763591378340594,-4.14582730420589,0.0,0.0,0.0
13.719999999999752,0.0,0.0,-0.7758964049337397,0.0,0.0,0.0,0.0,0.0,0.0,-1.5170171266232988,-2.0276081336977176,-4.207357561393993,-1.5286047469273332,-1.9006964276953142,-4.154347450809176,0.0,0.0,0.0
13.729999999999752,0.0,0.0,-0.7775489283205526,0.0,0.0,0.0,0.0,0.0,0.0,-1.5123525428623457,-2.0449024146237242,-4.2124680562461805,-1.5262950388325962,-1.9241213196549412,-4.1624636674402415,0.0,0.0,0.0
13.739999999999752,0.0,0.0,-0.7789885553873562,0.0,0.0,0.0,0.0,0.0,0.0,-1.507314842293004,-2.061264503451258,-4.217148030587295,-1.523596132996213,-1.9466225358256075,-4.170172088884186,0.0,0.0,0.0
13.749999999999751,0.0,0.0,-0.7802155435951751,0.0,0.0,0.0,0.0,0.0,0.0,-1.501907448183997,-2.0766918058676733,-4.221396099419762,-1.520510421226883,-1.9681900984786769,-4.177468999549106,0.0,0.0,0.0
13.759999999999751,0.0,0.0,-0.7812300856237048,0.0,0.0,0.0,0.0,0.0,0.0,-1.4961338785104439,-2.0911828557147016,-4.2252110978933075,-1.5170404878001993,-1.9888153414283574,-4.1843508556187725,0.0,0.0,0.0
13.76999999999975,0.0,0.0,-0.7820323152142649,0.0,0.0,0.0,0.0,0.0,0.0,-1.4899977192899605,-2.1047372239652793,-4.2285920815502624,-1.5131891067215029,-2.008490908812569,-4.190814306102028,0.0,0.0,0.0
13.77999999999975,0.0,0.0,-0.7826223141566775,0.0,0.0,0.0,0.0,0.0,0.0,-1.483502595642176,-2.1173554226435307,-4.231538325133023,-1.5089592361530624,-2.0272107411999793,-4.196856212348009,0.0,0.0,0.0
13.78999999999975,0.0,0.0,-0.7830178727341711,0.0,0.0,0.0,0.0,0.0,0.0,-1.4770640960834482,-2.1290511924143125,-4.234010033502427,-1.5043540098838657,-2.0449700492952383,-4.202473665673978,0.0,0.0,0.0
13.79999999999975,0.0,0.0,-0.7832148745161106,0.0,0.0,0.0,0.0,0.0,0.0,-1.470587526052015,-2.1398341951559496,-4.236056222011671,-1.4992670874822966,-2.061754634886392,-4.207656672578854,0.0,0.0,0.0
13.80999999999975,0.0,0.0,-0.7831928331133997,0.0,0.0,0.0,0.0,0.0,0.0,-1.463587609154969,-2.1496822594391807,-4.237710865632418,-1.4937210003611125,-2.077558779798713,-4.212387688063668,0.0,0.0,0.0
13.81999999999975,0.0,0.0,-0.7829540053858721,0.0,0.0,0.0,0.0,0.0,0.0,-1.4561167901761196,-2.158582805981818,-4.238918861334314,-1.4880603286256728,-2.0924073256434688,-4.216665885717511,0.0,0.0,0.0
13.82999999999975,0.0,0.0,-0.7824998806756476,0.0,0.0,0.0,0.0,0.0,0.0,-1.4482268173409203,-2.166551561792123,-4.239691795657272,-1.4821898635201274,-2.106310657768035,-4.220540953106049,0.0,0.0,0.0
13.83999999999975,0.0,0.0,-0.7818314321651233,0.0,0.0,0.0,0.0,0.0,0.0,-1.4399506639124175,-2.1735965825975194,-4.240028665945426,-1.4760380482267634,-2.1192523545085074,-4.223990897177753,0.0,0.0,0.0
13.84999999999975,0.0,0.0,-0.7809493489978963,0.0,0.0,0.0,0.0,0.0,0.0,-1.4313117623047855,-2.17972521390774,-4.239930974376181,-1.469566194934928,-2.1312287426143164,-4.227011468328652,0.0,0.0,0.0
13.859999999999749,0.0,0.0,-0.7798542310561405,0.0,0.0,0.0,0.0,0.0,0.0,-1.4223288952381976,-2.18494352254618,-4.23939927124384,-1.4627536772470122,-2.14223926369215,-4.229597921353899,0.0,0.0,0.0
13.869999999999749,0.0,0.0,-0.7785466694654242,0.0,0.0,0.0,0.0,0.0,0.0,-1.4130187941680115,-2.189257149315498,-4.238434286745457,-1.4555907665975312,-2.152286289245339,-4.231747889334575,0.0,0.0,0.0
13.879999999999749,0.0,0.0,-0.7770272329281883,0.0,0.0,0.0,0.0,0.0,0.0,-1.4033960454575254,-2.1926714690922156,-4.237037042054714,-1.4480741775659283,-2.161373634869963,-4.23345971412032,0.0,0.0,0.0
13.889999999999748,0.0,0.0,-0.7752964650149906,0.0,0.0,0.0,0.0,0.0,0.0,-1.393473077651244,-2.1951916274391277,-4.235208782563333,-1.4402054437400278,-2.169506076189946,-4.234732248575552,0.0,0.0,0.0
13.899999999999748,0.0,0.0,-0.7733622469482123,0.0,0.0,0.0,0.0,0.0,0.0,-1.38326123297496,-2.1967606690679986,-4.2329751227984,-1.4319895801276155,-2.17668907814349,-4.235564855580354,0.0,0.0,0.0
13.909999999999748,0.0,0.0,-0.7712250253725508,0.0,0.0,0.0,0.0,0.0,0.0,-1.3727647069386086,-2.1973747833159916,-4.2303113746112935,-1.4234336990255871,-2.1829454491711773,-4.235951061486218,0.0,0.0,0.0
13.919999999999748,0.0,0.0,-0.7688777765389454,0.0,0.0,0.0,0.0,0.0,0.0,-1.3619909063390618,-2.197104280306676,-4.227198871488739,-1.4145500051184723,-2.1882900024820757,-4.235910928804033,0.0,0.0,0.0
13.929999999999747,0.0,0.0,-0.7663210488113114,0.0,0.0,0.0,0.0,0.0,0.0,-1.3509505566821742,-2.195963894135759,-4.2236659163930845,-1.405346325972853,-2.1926734286998766,-4.235451366269867,0.0,0.0,0.0
13.939999999999747,0.0,0.0,-0.7635555510563177,0.0,0.0,0.0,0.0,0.0,0.0,-1.3396473493222438,-2.1939544111266724,-4.219709126476448,-1.3958276132929364,-2.196098843722707,-4.234544445229461,0.0,0.0,0.0
13.949999999999747,0.0,0.0,-0.760582006363495,0.0,0.0,0.0,0.0,0.0,0.0,-1.3280854364285113,-2.191079425512303,-4.215331782535543,-1.3860049722863714,-2.198583235077796,-4.2331982478682315,0.0,0.0,0.0
13.959999999999747,0.0,0.0,-0.7574011667228536,0.0,0.0,0.0,0.0,0.0,0.0,-1.3162682068030038,-2.1873421402089166,-4.210535728449847,-1.3758875569117652,-2.2001384672523554,-4.2314135160678985,0.0,0.0,0.0
13.969999999999747,0.0,0.0,-0.7540137212559428,0.0,0.0,0.0,0.0,0.0,0.0,-1.304196480439999,-2.1827471220509116,-4.205326751079669,-1.3654840480082822,-2.20077548522132,-4.2291927072066455,0.0,0.0,0.0
13.979999999999746,0.0,0.0,-0.7504203145418458,0.0,0.0,0.0,0.0,0.0,0.0,-1.2918669093941446,-2.1772961428249396,-4.199703790158334,-1.3548025967437656,-2.200502920424406,-4.226535443825249,0.0,0.0,0.0
13.989999999999746,0.0,0.0,-0.7466217792308596,0.0,0.0,0.0,0.0,0.0,0.0,-1.279279547112858,-2.1709916217479743,-4.193666359378838,-1.3438524973854526,-2.199331255985369,-4.223448110258372,0.0,0.0,0.0
13.999999999999746,0.0,0.0,-0.7426191454894744,0.0,0.0,0.0,0.0,0.0,0.0,-1.2664389853574325,-2.163838589000069,-4.187219792644776,-1.3326397235073026,-2.197269107599744,-4.219934962207085,0.0,0.0,0.0
14.009999999999746,0.0,0.0,-0.7384135253337472,0.0,0.0,0.0,0.0,0.0,0.0,-1.2533494039773236,-2.1558406859743364,-4.180365743085326,-1.3211667134474703,-2.194322090550308,-4.21599468194595,0.0,0.0,0.0
14.019999999999746,0.0,0.0,-0.7340061006005966,0.0,0.0,0.0,0.0,0.0,0.0,-1.2400150248462536,-2.1470018954507477,-4.173106795746273,-1.3094367684315464,-2.190497197171842,-4.211630209859829,0.0,0.0,0.0
14.029999999999745,0.0,0.0,-0.7293981230553639,0.0,0.0,0.0,0.0,0.0,0.0,-1.226439989788558,-2.137326149913,-4.165445367431274,-1.2974533860023516,-2.1858008148072643,-4.2068436014024,0.0,0.0,0.0
14.039999999999745,0.0,0.0,-0.7245909136327113,0.0,0.0,0.0,0.0,0.0,0.0,-1.2126284589819223,-2.126817453394409,-4.157383954663608,-1.2852203463964091,-2.1802392475020405,-4.201637234161146,0.0,0.0,0.0
14.049999999999745,0.0,0.0,-0.719585860472848,0.0,0.0,0.0,0.0,0.0,0.0,-1.1985846351996265,-2.115479885402377,-4.148925070844636,-1.2727415865705938,-2.1738186322451423,-4.196013510968579,0.0,0.0,0.0
14.059999999999745,0.0,0.0,-0.7143844161340053,0.0,0.0,0.0,0.0,0.0,0.0,-1.1843127847242947,-2.1033176310986734,-4.140071255572282,-1.2600211660975589,-2.166544994696853,-4.189974913735738,0.0,0.0,0.0
14.069999999999744,0.0,0.0,-0.7089880941557138,0.0,0.0,0.0,0.0,0.0,0.0,-1.1698172431959954,-2.0903350044096336,-4.130825067061508,-1.2470632412237608,-2.1584242735750836,-4.183523979007681,0.0,0.0,0.0
14.079999999999744,0.0,0.0,-0.7033987669359376,0.0,0.0,0.0,0.0,0.0,0.0,-1.15510462274655,-2.076539082054654,-4.121204121702221,-1.23387205496368,-2.1494623526635706,-4.1766632940921005,0.0,0.0,0.0
14.089999999999744,0.0,0.0,-0.6976186067400849,0.0,0.0,0.0,0.0,0.0,0.0,-1.1401756154153209,-2.061922377205227,-4.111192314801228,-1.2204501807540609,-2.1396615653063216,-4.169384198646121,0.0,0.0,0.0
14.099999999999744,0.0,0.0,-0.6916489706873806,0.0,0.0,0.0,0.0,0.0,0.0,-1.1249931212943656,-2.0463984130990642,-4.10052852931575,-1.206805503421977,-2.1290371089025495,-4.161709817476564,0.0,0.0,0.0
14.109999999999744,0.0,0.0,-0.6854913845511554,0.0,0.0,0.0,0.0,0.0,0.0,-1.109667255988858,-2.0301984442089953,-4.0898342106735335,-1.192974371359906,-2.117668862360364,-4.1538461951426395,0.0,0.0,0.0
14.119999999999743,0.0,0.0,-0.6791482553327419,0.0,0.0,0.0,0.0,0.0,0.0,-1.094135570617244,-2.0131670797712724,-4.078678670926968,-1.178867735360489,-2.1053406024210184,-4.14521656360461,0.0,0.0,0.0
14.129999999999743,0.0,0.0,-0.6726211384787089,0.0,0.0,0.0,0.0,0.0,0.0,-1.0784200900419352,-1.9953468772077954,-4.067160144044072,-1.1645672156073148,-2.0922433080384346,-4.136304083780676,0.0,0.0,0.0
14.139999999999743,0.0,0.0,-0.6659112611457692,0.0,0.0,0.0,0.0,0.0,0.0,-1.062511452175773,-1.9767378227974497,-4.0552609511087,-1.1500582850741166,-2.078338007027338,-4.126998281313513,0.0,0.0,0.0
14.149999999999743,0.0,0.0,-0.6590203194398818,0.0,0.0,0.0,0.0,0.0,0.0,-1.046415101884669,-1.957348562235925,-4.042986270658907,-1.1353562432772055,-2.063637349350635,-4.117320788196446,0.0,0.0,0.0
14.159999999999743,0.0,0.0,-0.6519500691835223,0.0,0.0,0.0,0.0,0.0,0.0,-1.0301358875676998,-1.9371865307732765,-4.030337889613346,-1.1204636305085371,-2.0481447184010544,-4.107267172373515,0.0,0.0,0.0
14.169999999999742,0.0,0.0,-0.6447023149921133,0.0,0.0,0.0,0.0,0.0,0.0,-1.0136786771228898,-1.9162595576201111,-4.017318603405682,-1.1053840369080024,-2.0318659681704814,-4.096837631033318,0.0,0.0,0.0
14.179999999999742,0.0,0.0,-0.6372789009076439,0.0,0.0,0.0,0.0,0.0,0.0,-0.9970481944220686,-1.8945755762142524,-4.00393117125065,-1.0901213117587152,-2.0148073981193755,-4.086031952767876,0.0,0.0,0.0
14.189999999999742,0.0,0.0,-0.6296817023836981,0.0,0.0,0.0,0.0,0.0,0.0,-0.9802490585349217,-1.8721427659608638,-3.9901785406765384,-1.074679638575919,-1.996976012876597,-4.074850607908649,0.0,0.0,0.0
14.199999999999742,0.0,0.0,-0.6219126191813678,0.0,0.0,0.0,0.0,0.0,0.0,-0.963285763305123,-1.8489695822776269,-3.9760637870729143,-1.059063414044182,-1.9783793152764662,-4.063294423144293,0.0,0.0,0.0
14.209999999999742,0.0,0.0,-0.6139735695592442,0.0,0.0,0.0,0.0,0.0,0.0,-0.9461626708831679,-1.8250647993071238,-3.961590117688256,-1.0432771977609108,-1.9590252577373184,-4.0513645905445514,0.0,0.0,0.0
14.219999999999741,0.0,0.0,-0.605866485795007,0.0,0.0,0.0,0.0,0.0,0.0,-0.9288840126065327,-1.8004375398799968,-3.9467608613870815,-1.027325660025559,-1.9389221964948655,-4.039062612969456,0.0,0.0,0.0
14.229999999999741,0.0,0.0,-0.5975933107985143,0.0,0.0,0.0,0.0,0.0,0.0,-0.9114538995980992,-1.7750973008591466,-3.9315794626447875,-1.0112135369677364,-1.918078871810888,-4.026390272577928,0.0,0.0,0.0
14.23999999999974,0.0,0.0,-0.5891559955763084,0.0,0.0,0.0,0.0,0.0,0.0,-0.893876340443901,-1.749053973803131,-3.916049475648404,-0.9949455908313979,-1.8965044002871796,-4.013349600382259,0.0,0.0,0.0
14.24999999999974,0.0,0.0,-0.5805564973609991,0.0,0.0,0.0,0.0,0.0,0.0,-0.876155264309618,-1.722317862197663,-3.900174559343946,-0.9785265773868814,-1.8742082763924357,-3.999942850701188,0.0,0.0,0.0
14.25999999999974,0.0,0.0,-0.5717967782614026,0.0,0.0,0.0,0.0,0.0,0.0,-0.8582945478694373,-1.6948996958465234,-3.8839584731427625,-0.9619612209219557,-1.8512003796979795,-3.986172478901741,0.0,0.0,0.0
14.26999999999974,0.0,0.0,-0.5628788043222005,0.0,0.0,0.0,0.0,0.0,0.0,-0.8402980446554038,-1.6668106429045806,-3.867405073262536,-0.9452541969269718,-1.8274909857222694,-3.972041122213998,0.0,0.0,0.0
14.27999999999974,0.0,0.0,-0.553804544907322,0.0,0.0,0.0,0.0,0.0,0.0,-0.8221696155981331,-1.6380623198791562,-3.85051830962566,-0.9284101221627521,-1.8030907788507071,-3.9575515831925157,0.0,0.0,0.0
14.28999999999974,0.0,0.0,-0.544575972340907,0.0,0.0,0.0,0.0,0.0,0.0,-0.8039131596843974,-1.608666799836306,-3.8333022232567036,-0.9114335515438512,-1.7780108662843723,-3.9427068155251916,0.0,0.0,0.0
14.29999999999974,0.0,0.0,-0.535195061755666,0.0,0.0,0.0,0.0,0.0,0.0,-0.7855326438080592,-1.5786366189824736,-3.81576094412045,-0.8943289810943407,-1.752262792287805,-3.9275099119214776,0.0,0.0,0.0
14.30999999999974,0.0,0.0,-0.5256632598061592,0.0,0.0,0.0,0.0,0.0,0.0,-0.7669766954729218,-1.5478792123760923,-3.7975282416643616,-0.8771008561257645,-1.7258585522307104,-3.911964093851897,0.0,0.0,0.0
14.31999999999974,0.0,0.0,-0.5159824137825066,0.0,0.0,0.0,0.0,0.0,0.0,-0.748361267185701,-1.516617414010211,-3.779288008376352,-0.8597938362038821,-1.6988978507305352,-3.8963663788620595,0.0,0.0,0.0
14.329999999999739,0.0,0.0,-0.5061548962911268,0.0,0.0,0.0,0.0,0.0,0.0,-0.72962086439711,-1.4847366365471126,-3.76063829812298,-0.8423181211919971,-1.671188417693451,-3.88004724869336,0.0,0.0,0.0
14.339999999999739,0.0,0.0,-0.4961826705573696,0.0,0.0,0.0,0.0,0.0,0.0,-0.7107748409695258,-1.4522786839806692,-3.741671965797335,-0.824744567970647,-1.6428884919278146,-3.863471239369674,0.0,0.0,0.0
14.349999999999739,0.0,0.0,-0.486067685471961,0.0,0.0,0.0,0.0,0.0,0.0,-0.6918245096321982,-1.4192524862227724,-3.722370279279687,-0.8070630354625913,-1.6139803715565202,-3.846535873498474,0.0,0.0,0.0
14.359999999999738,0.0,0.0,-0.47581190027011305,0.0,0.0,0.0,0.0,0.0,0.0,-0.6727755998743206,-1.3856751260514386,-3.7027403930011484,-0.7892809533290127,-1.5844849396200136,-3.829266503901506,0.0,0.0,0.0
14.369999999999738,0.0,0.0,-0.4654172830665588,0.0,0.0,0.0,0.0,0.0,0.0,-0.6536331090748524,-1.3515624922804435,-3.6827837801129295,-0.7714018533570348,-1.5544150994971482,-3.8116590438848417,0.0,0.0,0.0
14.379999999999738,0.0,0.0,-0.45488581328013616,0.0,0.0,0.0,0.0,0.0,0.0,-0.6344024976503839,-1.3169313985358553,-3.6625035403359565,-0.753430293166762,-1.5237863310039432,-3.7937161857090897,0.0,0.0,0.0
14.389999999999738,0.0,0.0,-0.4442194834163539,0.0,0.0,0.0,0.0,0.0,0.0,-0.6150894249285102,-1.2817990938926522,-3.6419027646334374,-0.7353707497904362,-1.4926142936682845,-3.775439080238856,0.0,0.0,0.0
14.399999999999737,0.0,0.0,-0.43342032757360727,0.0,0.0,0.0,0.0,0.0,0.0,-0.5957008704841269,-1.2461830181150542,-3.6209833941347815,-0.7172278888968141,-1.460915364374545,-3.7568292791490037,0.0,0.0,0.0
14.409999999999737,0.0,0.0,-0.4224904094137904,0.0,0.0,0.0,0.0,0.0,0.0,-0.5762453619239909,-1.2101021001851398,-3.5997512719598155,-0.6990063832113332,-1.4287067889182643,-3.737889462955919,0.0,0.0,0.0
14.419999999999737,0.0,0.0,-0.4114317639412019,0.0,0.0,0.0,0.0,0.0,0.0,-0.5567292149532956,-1.173575374447812,-3.57821190547864,-0.6807104652392283,-1.3960055430265692,-3.7186190372533208,0.0,0.0,0.0
14.429999999999737,0.0,0.0,-0.4002464192862489,0.0,0.0,0.0,0.0,0.0,0.0,-0.5371569001397889,-1.1366214275145854,-3.5563681107055514,-0.6623457972669372,-1.3628297284779047,-3.6990191545847715,0.0,0.0,0.0
14.439999999999737,0.0,0.0,-0.3889364410462235,0.0,0.0,0.0,0.0,0.0,0.0,-0.5175340420051653,-1.099259948131074,-3.534225474846787,-0.6439191671979448,-1.3291988136657158,-3.6790940861370682,0.0,0.0,0.0
14.449999999999736,0.0,0.0,-0.3775039349092839,0.0,0.0,0.0,0.0,0.0,0.0,-0.4978670532955989,-1.0615109500872415,-3.5117895095780507,-0.6254365421315431,-1.295132121155258,-3.6588455670793,0.0,0.0,0.0
14.459999999999736,0.0,0.0,-0.365951044899109,0.0,0.0,0.0,0.0,0.0,0.0,-0.4781630467186604,-1.0233949056721645,-3.4890663613681507,-0.6069036367465772,-1.2606496667588678,-3.638276156151465,0.0,0.0,0.0
14.469999999999736,0.0,0.0,-0.3542799525347826,0.0,0.0,0.0,0.0,0.0,0.0,-0.45842964763703664,-0.9849326583091118,-3.4660626447603793,-0.5883260842005749,-1.225771990265856,-3.617388501322968,0.0,0.0,0.0
14.479999999999736,0.0,0.0,-0.34249287680217955,0.0,0.0,0.0,0.0,0.0,0.0,-0.43867487289816287,-0.946145390550615,-3.4427854737271835,-0.5697096340876437,-1.1905202126665482,-3.59618559889339,0.0,0.0,0.0
14.489999999999736,0.0,0.0,-0.3305920746889313,0.0,0.0,0.0,0.0,0.0,0.0,-0.4189070270744901,-0.9070545823495104,-3.4192424357844327,-0.5510602510752428,-1.154916025121023,-3.5746708052355647,0.0,0.0,0.0
14.499999999999735,0.0,0.0,-0.3185798421447984,0.0,0.0,0.0,0.0,0.0,0.0,-0.399134619520241,-0.8676819742254791,-3.395441570156697,-0.5323841715673637,-1.118981682547008,-3.5528478969776014,0.0,0.0,0.0
14.509999999999735,0.0,0.0,-0.30645851535683644,0.0,0.0,0.0,0.0,0.0,0.0,-0.37936629556738777,-0.8280495316252527,-3.371391336058518,-0.5136879253442275,-1.0827399883317208,-3.530721109296725,0.0,0.0,0.0
14.519999999999735,0.0,0.0,-0.2942304722603025,0.0,0.0,0.0,0.0,0.0,0.0,-0.3596107792514438,-0.7881794113184837,-3.347100575464329,-0.4949783350073935,-1.0462142757679622,-3.508295169048798,0.0,0.0,0.0
14.529999999999735,0.0,0.0,-0.2818981342269761,0.0,0.0,0.0,0.0,0.0,0.0,-0.3398768251667268,-0.7480939297428901,-3.322578470623141,-0.4762625004047522,-1.0094283866943028,-3.4855753184162617,0.0,0.0,0.0
14.539999999999734,0.0,0.0,-0.2694639678883943,0.0,0.0,0.0,0.0,0.0,0.0,-0.3201731778316472,-0.7078155334886786,-3.2978344977521195,-0.4575477735352425,-0.9724066485917997,-3.4625673297786275,0.0,0.0,0.0
14.549999999999734,0.0,0.0,-0.2569304870627023,0.0,0.0,0.0,0.0,0.0,0.0,-0.30050853733766747,-0.6673667720466052,-3.27287837817198,-0.43884172770251056,-0.9351738509517419,-3.439277511427243,0.0,0.0,0.0
14.559999999999734,0.0,0.0,-0.24430027069017463,0.0,0.0,0.0,0.0,0.0,0.0,-0.2808926734931676,-0.6267699305639627,-3.247717892464444,-0.420152123594641,-0.8977552216760575,-3.415712704225831,0.0,0.0,0.0
14.569999999999734,0.0,0.0,-0.23157596452365667,0.0,0.0,0.0,0.0,0.0,0.0,-0.26133761687009405,-0.5860481013314307,-3.222364395984514,-0.40148676346954487,-0.8601766536565937,-3.391881891174977,0.0,0.0,0.0
14.579999999999734,0.0,0.0,-0.21876025353959097,0.0,0.0,0.0,0.0,0.0,0.0,-0.24185463150855036,-0.545224374678887,-3.196829573107151,-0.3828528134748257,-0.8224638146006892,-3.367790910617367,0.0,0.0,0.0
14.589999999999733,0.0,0.0,-0.20585586291444058,0.0,0.0,0.0,0.0,0.0,0.0,-0.22245332295150666,-0.5043212088606419,-3.171122001987537,-0.3642582292460862,-0.7846429043678409,-3.343446626247374,0.0,0.0,0.0
14.599999999999733,0.0,0.0,-0.19286557322536416,0.0,0.0,0.0,0.0,0.0,0.0,-0.20314361398458525,-0.4633614181433643,-3.145252190418878,-0.34571212412259894,-0.7467410142578917,-3.3188595678885773,0.0,0.0,0.0
14.609999999999733,0.0,0.0,-0.17979222273850196,0.0,0.0,0.0,0.0,0.0,0.0,-0.1839355340295492,-0.42236772640123554,-3.119230134826834,-0.327223456069251,-0.7087852317575072,-3.2940383919621836,0.0,0.0,0.0
14.619999999999733,0.0,0.0,-0.16663870831589844,0.0,0.0,0.0,0.0,0.0,0.0,-0.1648392786660784,-0.38136285833781325,-3.093065879787006,-0.3088012324532279,-0.6708030466721276,-3.2689926436757464,0.0,0.0,0.0
14.629999999999733,0.0,0.0,-0.15340798626386726,0.0,0.0,0.0,0.0,0.0,0.0,-0.14586515624379004,-0.3403695008982026,-3.0667693449847473,-0.2904544646516446,-0.6328222494045836,-3.2437320193137023,0.0,0.0,0.0
14.639999999999732,0.0,0.0,-0.14010307314951068,0.0,0.0,0.0,0.0,0.0,0.0,-0.1270235599641396,-0.29941029708861655,-3.040350336153259,-0.27219219895481206,-0.5948709552522605,-3.2182664907356915,0.0,0.0,0.0
14.649999999999732,0.0,0.0,-0.12672704655952519,0.0,0.0,0.0,0.0,0.0,0.0,-0.10832493087088824,-0.2585078337546691,-3.0138185171541125,-0.2540235187721383,-0.5569776034644425,-3.1926062186066777,0.0,0.0,0.0
14.659999999999732,0.0,0.0,-0.1132830457943994,0.0,0.0,0.0,0.0,0.0,0.0,-0.08977971852730904,-0.21768463198189192,-2.9871833973236375,-0.23595754516521292,-0.5191709670233332,-3.166761517172242,0.0,0.0,0.0
14.669999999999732,0.0,0.0,-0.09977427249130993,0.0,0.0,0.0,0.0,0.0,0.0,-0.07139833643771754,-0.17696313774256778,-2.9604543205576146,-0.21800343086753227,-0.48148016561390905,-3.1407428079433943,0.0,0.0,0.0
14.679999999999731,0.0,0.0,-0.08620399117271724,0.0,0.0,0.0,0.0,0.0,0.0,-0.0531911120076487,-0.13636571308064638,-2.933640458974369,-0.20017035002084754,-0.44393468426015176,-3.1145605788144115,0.0,0.0,0.0
14.689999999999731,0.0,0.0,-0.07257552972049093,0.0,0.0,0.0,0.0,0.0,0.0,-0.03516823059751184,-0.0959146275686733,-2.9067508099098474,-0.18246748372814536,-0.40656439774127257,-3.088225345582187,0.0,0.0,0.0
14.699999999999731,0.0,0.0,-0.058892605064609777,0.0,0.0,0.0,0.0,0.0,0.0,-0.01734108021493186,-0.055628011446589465,-2.879805615759609,-0.1649040017310106,-0.3693996014578122,-3.061747617365344,0.0,0.0,0.0
14.70999999999973,0.0,0.0,-0.045159295599079885,0.0,0.0,0.0,0.0,0.0,0.0,0.0002828839922861537,-0.015515847065444843,-2.8528000898109918,-0.1474882931559064,-0.3324713478872676,-3.035128788945688,0.0,0.0,0.0
14.71999999999973,0.0,0.0,-0.03137935597498315,0.0,0.0,0.0,0.0,0.0,0.0,0.01769540860753116,0.02440528962984123,-2.825734772934198,-0.13023079633869802,-0.295814054625146,-3.0083949210648764,0.0,0.0,0.0
14.72999999999973,0.0,0.0,-0.017556199600474005,0.0,0.0,0.0,0.0,0.0,0.0,0.034903749408035756,0.06411056981043406,-2.798632362360187,-0.11314085840596387,-0.2594588279754603,-2.9815610868931124,0.0,0.0,0.0
14.73999999999973,0.0,0.0,-0.003693346153350676,0.0,0.0,0.0,0.0,0.0,0.0,0.05189212408193011,0.10357670723272983,-2.771494277590952,-0.09622896517085992,-0.22343361051403693,-2.9546224659531837,0.0,0.0,0.0
14.74999999999973,0.0,0.0,0.01020561514435119,0.0,0.0,0.0,0.0,0.0,0.0,0.06862835237239051,0.142780285898102,-2.7443275131852705,-0.07950313819961116,-0.18776914937845132,-2.927594859017314,0.0,0.0,0.0
14.75999999999973,0.0,0.0,0.02413703009616146,0.0,0.0,0.0,0.0,0.0,0.0,0.08510853725928591,0.1816984201320253,-2.7171437294127987,-0.06296240392491893,-0.15249748456121603,-2.9004871733075865,0.0,0.0,0.0
14.76999999999973,0.0,0.0,0.038097146447670885,0.0,0.0,0.0,0.0,0.0,0.0,0.10132963266926875,0.2203090414812039,-2.6899498141340374,-0.046618430447326865,-0.11765233912863907,-2.873305318374634,0.0,0.0,0.0
14.77999999999973,0.0,0.0,0.052082122919492345,0.0,0.0,0.0,0.0,0.0,0.0,0.11728847359249484,0.25859033790963737,-2.662753594465708,-0.030481854150616716,-0.08326919910345894,-2.8460604594878505,0.0,0.0,0.0
14.78999999999973,0.0,0.0,0.06608803530455722,0.0,0.0,0.0,0.0,0.0,0.0,0.13298210295232615,0.296520816926672,-2.635562501276393,-0.01456190812470221,-0.04938497025429943,-2.8187622376003856,0.0,0.0,0.0
14.799999999999729,0.0,0.0,0.08007735639853579,0.0,0.0,0.0,0.0,0.0,0.0,0.1487662491877244,0.3346769660751806,-2.6084599425924715,0.0287351118863517,0.01863296781989338,-2.7914203813030327,0.0,0.0,0.0
14.809999999999729,0.0,0.0,0.0940501032258303,0.0,0.0,0.0,0.0,0.0,0.0,0.16486570610771323,0.37295325404889573,-2.5813145222886567,0.04119542411690189,0.04770651227410519,-2.7640231349501874,0.0,0.0,0.0
14.819999999999729,0.0,0.0,0.10803966183070633,0.0,0.0,0.0,0.0,0.0,0.0,0.1806540012485065,0.4106650298004194,-2.554107213320197,0.054076048897556475,0.07856143298254545,-2.7367019372689314,0.0,0.0,0.0
14.829999999999728,0.0,0.0,0.12204144952405875,0.0,0.0,0.0,0.0,0.0,0.0,0.1957320300464036,0.44783637651664226,-2.526974100236959,0.0674966296954002,0.11127855079093274,-2.709405333684513,0.0,0.0,0.0
14.839999999999728,0.0,0.0,0.13604801665657396,0.0,0.0,0.0,0.0,0.0,0.0,0.21026499528102494,0.48450264805984866,-2.499882771036532,0.08150998446611178,0.1456099186864259,-2.681999673595484,0.0,0.0,0.0
14.849999999999728,0.0,0.0,0.15005190669413382,0.0,0.0,0.0,0.0,0.0,0.0,0.22437596724126507,0.5206950983006768,-2.4728482852563762,0.09592876007456291,0.18130214573972453,-2.6545653105128935,0.0,0.0,0.0
14.859999999999728,0.0,0.0,0.1640459455421363,0.0,0.0,0.0,0.0,0.0,0.0,0.23815234202910607,0.5564394165270884,-2.445872263928716,0.11060998402125503,0.21810933208040295,-2.6271175341053827,0.0,0.0,0.0
14.869999999999727,0.0,0.0,0.17802333943960894,0.0,0.0,0.0,0.0,0.0,0.0,0.251653984901133,0.5917537287886296,-2.4189598310841487,0.1254451114351286,0.2557970527418931,-2.599680248478575,0.0,0.0,0.0
14.879999999999727,0.0,0.0,0.191977729746034,0.0,0.0,0.0,0.0,0.0,0.0,0.2649937911555462,0.6266410193211691,-2.391558936552127,0.14035228267084165,0.29414638818738353,-2.57226809656477,0.0,0.0,0.0
14.889999999999727,0.0,0.0,0.2059031151900073,0.0,0.0,0.0,0.0,0.0,0.0,0.27802273489766716,0.6611181680194598,-2.3649389948118853,0.15523074832280678,0.3329595396788647,-2.5453515502991717,0.0,0.0,0.0
14.899999999999727,0.0,0.0,0.21979379559467194,0.0,0.0,0.0,0.0,0.0,0.0,0.2908882155830932,0.6951698118826033,-2.3382323429648633,0.17013657941136762,0.37204643912191315,-2.5176882081344423,0.0,0.0,0.0
14.909999999999727,0.0,0.0,0.23364408945516218,0.0,0.0,0.0,0.0,0.0,0.0,0.30359334170543306,0.7287886835148314,-2.311657802920935,0.18494726651359078,0.4112522623941735,-2.490314879007814,0.0,0.0,0.0
14.919999999999726,0.0,0.0,0.24744870636720084,0.0,0.0,0.0,0.0,0.0,0.0,0.31615762782131873,0.7619569595589208,-2.28516683427222,0.19965078517275595,0.45043131553107385,-2.462981351231794,0.0,0.0,0.0
14.929999999999726,0.0,0.0,0.2612028353871031,0.0,0.0,0.0,0.0,0.0,0.0,0.3285659443863085,0.7946547273611301,-2.2587732344755347,0.2142177438476024,0.48945995583247276,-2.4357520670562924,0.0,0.0,0.0
14.939999999999726,0.0,0.0,0.27490156245891156,0.0,0.0,0.0,0.0,0.0,0.0,0.3408202090130261,0.8268589062599719,-2.2324812325403807,0.22864159457062927,0.5282296895495671,-2.408616651852742,0.0,0.0,0.0
14.949999999999726,0.0,0.0,0.28854006049409575,0.0,0.0,0.0,0.0,0.0,0.0,0.35292016427940354,0.8585446751621785,-2.2062971431442637,0.24290852653245393,0.5666471853587426,-2.3815783327009763,0.0,0.0,0.0
14.959999999999726,0.0,0.0,0.3021135601625065,0.0,0.0,0.0,0.0,0.0,0.0,0.3648645042620533,0.8896861348774869,-2.180226246182953,0.2570077392535084,0.6046321588595305,-2.3546389398427334,0.0,0.0,0.0
14.969999999999725,0.0,0.0,0.3156173302680491,0.0,0.0,0.0,0.0,0.0,0.0,0.37665107564301725,0.9202570861049416,-2.154274207762966,0.27093041552432184,0.6421158003928226,-2.327802230979005,0.0,0.0,0.0
14.979999999999725,0.0,0.0,0.32904666615859557,0.0,0.0,0.0,0.0,0.0,0.0,0.38827720988023806,0.9502315946438761,-2.1284466761153102,0.28466936401695947,0.6790391205818097,-2.301072129006614,0.0,0.0,0.0
14.989999999999725,0.0,0.0,0.34239688411832925,0.0,0.0,0.0,0.0,0.0,0.0,0.3997399073328374,0.9795844412831083,-2.102749329239806,0.2982186106134799,0.7153515230617707,-2.2744530998330883,0.0,0.0,0.0
14.999999999999725,0.0,0.0,0.3556633204755613,0.0,0.0,0.0,0.0,0.0,0.0,0.411035964165295,1.0082914340060403,-2.077187819023071,0.3115731271793787,0.7510095338558249,-2.247949987885387,0.0,0.0,0.0
15.009999999999724,0.0,0.0,0.36884133404508174,0.0,0.0,0.0,0.0,0.0,0.0,0.4221620495162526,1.0363296375576232,-2.0517677465920023,0.32472862280218845,0.7859757231779643,-2.221567972901185,0.0,0.0,0.0
15.019999999999724,0.0,0.0,0.38192621720567804,0.0,0.0,0.0,0.0,0.0,0.0,0.43315157178616137,1.0636486997248094,-2.0262406116985123,0.33768138812678694,0.8202177855276729,-2.195312493455123,0.0,0.0,0.0
15.029999999999724,0.0,0.0,0.39491341366851995,0.0,0.0,0.0,0.0,0.0,0.0,0.4439139262847831,1.0902997369326894,-2.001217707313596,0.35040735809096396,0.8537277134201219,-2.169396669037654,0.0,0.0,0.0
15.039999999999724,0.0,0.0,0.4077984933128559,0.0,0.0,0.0,0.0,0.0,0.0,0.45450780270908697,1.1162112532822848,-1.9762664661087093,0.362961263382817,0.8864242842040715,-2.1432371480022243,0.0,0.0,0.0
15.049999999999724,0.0,0.0,0.4205769487201372,0.0,0.0,0.0,0.0,0.0,0.0,0.464914815619063,1.1413796485078571,-1.9514965267010433,0.37529271287468524,0.9183359008984006,-2.1173471751932866,0.0,0.0,0.0
15.059999999999723,0.0,0.0,0.4332443281130773,0.0,0.0,0.0,0.0,0.0,0.0,0.4751352829113218,1.1657864176548716,-1.926887112471293,0.3874110973306901,0.9494312784908244,-2.0916040984640096,0.0,0.0,0.0
15.069999999999723,0.0,0.0,0.44579623318499145,0.0,0.0,0.0,0.0,0.0,0.0,0.4851650300742636,1.1894189337912082,-1.902448984938565,0.39931148488662394,0.9796974179061966,-2.0660390251521856,0.0,0.0,0.0
15.079999999999723,0.0,0.0,0.45822832352025106,0.0,0.0,0.0,0.0,0.0,0.0,0.4950010208051012,1.2122651321213747,-1.8781853599779113,0.41099262973830614,1.0091193738666642,-2.040646769922652,0.0,0.0,0.0
15.089999999999723,0.0,0.0,0.4705363185017222,0.0,0.0,0.0,0.0,0.0,0.0,0.5046400271531468,1.2343148407562927,-1.8541012825665504,0.4224525416817802,1.037685168953173,-2.015431483293171,0.0,0.0,0.0
15.099999999999723,0.0,0.0,0.4827160090876575,0.0,0.0,0.0,0.0,0.0,0.0,0.5140789542880211,1.2555592396157587,-1.830201378433725,0.43368952009201106,1.0653842901381425,-1.9903955661158994,0.0,0.0,0.0
15.109999999999722,0.0,0.0,0.49476331209901103,0.0,0.0,0.0,0.0,0.0,0.0,0.5233147434727039,1.2759900213512503,-1.8064905163801928,0.44470188012334544,1.0922079220599146,-1.9655422173648582,0.0,0.0,0.0
15.119999999999722,0.0,0.0,0.5066954886080568,0.0,0.0,0.0,0.0,0.0,0.0,0.5323433550345973,1.2952404326388827,-1.7830193182891794,0.4554880054147529,1.1181489714555588,-1.9408747116049585,0.0,0.0,0.0
15.129999999999722,0.0,0.0,0.5185046535574743,0.0,0.0,0.0,0.0,0.0,0.0,0.5411682030032008,1.3133791175809342,-1.759733949016585,0.4660452118182709,1.1432920219069542,-1.9163967170350127,0.0,0.0,0.0
15.139999999999722,0.0,0.0,0.5301619601054729,0.0,0.0,0.0,0.0,0.0,0.0,0.5497841573360891,1.3308281623366194,-1.736600459979221,0.47636878184225834,1.1676236572077334,-1.8921441718822285,0.0,0.0,0.0
15.149999999999721,0.0,0.0,0.541665386816505,0.0,0.0,0.0,0.0,0.0,0.0,0.558180034612717,1.3475616293606003,-1.7136856600747468,0.4864606781885287,1.1908561247213323,-1.8681212268326157,0.0,0.0,0.0
15.159999999999721,0.0,0.0,0.5530128206065973,0.0,0.0,0.0,0.0,0.0,0.0,0.5663559513581455,1.3635437918987616,-1.6909806212251877,0.49632509760356674,1.2130520904806914,-1.8442666831780918,0.0,0.0,0.0
15.169999999999721,0.0,0.0,0.5642017695682127,0.0,0.0,0.0,0.0,0.0,0.0,0.5743094747484963,1.3787524869396917,-1.668492879116882,0.5059574039566239,1.2342705379817756,-1.820605671940466,0.0,0.0,0.0
15.17999999999972,0.0,0.0,0.5752295681287731,0.0,0.0,0.0,0.0,0.0,0.0,0.5820384813017483,1.3931710723781516,-1.6462262581580251,0.5153554201996698,1.254548523358649,-1.797142618220035,0.0,0.0,0.0
15.18999999999972,0.0,0.0,0.5860936070145417,0.0,0.0,0.0,0.0,0.0,0.0,0.5895404387392023,1.406785616767216,-1.6241859081461563,0.5245169072869726,1.2739117768806967,-1.7738851449773128,0.0,0.0,0.0
15.19999999999972,0.0,0.0,0.5967914143624944,0.0,0.0,0.0,0.0,0.0,0.0,0.5968126108991889,1.4195832455858624,-1.6023767900927761,0.5334400272422388,1.292378302778129,-1.7508389257107677,0.0,0.0,0.0
15.20999999999972,0.0,0.0,0.6073206140433913,0.0,0.0,0.0,0.0,0.0,0.0,0.6038520455103267,1.431552744287957,-1.5808036495183004,0.5421230827183507,1.3099611126220454,-1.728009588392383,0.0,0.0,0.0
15.21999999999972,0.0,0.0,0.6176788874868645,0.0,0.0,0.0,0.0,0.0,0.0,0.6106555668920839,1.4426850353220093,-1.5594710162136236,0.5505644698681585,1.3266689501085136,-1.7054026331005125,0.0,0.0,0.0
15.22999999999972,0.0,0.0,0.6278639424952254,0.0,0.0,0.0,0.0,0.0,0.0,0.6172197779466388,1.4529734897826674,-1.5383832196113394,0.5587626349596663,1.3425070693676298,-1.6830233476765721,0.0,0.0,0.0
15.23999999999972,0.0,0.0,0.6378734898024503,0.0,0.0,0.0,0.0,0.0,0.0,0.6235410726169248,1.4624140813031938,-1.5175444124206856,0.5667160324373112,1.3574780492978729,-1.6608767410132426,0.0,0.0,0.0
15.24999999999972,0.0,0.0,0.6477049282714468,0.0,0.0,0.0,0.0,0.0,0.0,0.6296696924053489,1.470898911672289,-1.4965691093783766,0.5744230848904066,1.3715826004529887,-1.638967500910374,0.0,0.0,0.0
15.25999999999972,0.0,0.0,0.6573558277210583,0.0,0.0,0.0,0.0,0.0,0.0,0.6355025159255099,1.4786336153137567,-1.4761908109847268,0.5818485252507299,1.384902461632323,-1.6176057882024875,0.0,0.0,0.0
15.269999999999719,0.0,0.0,0.6668240384221906,0.0,0.0,0.0,0.0,0.0,0.0,0.6410937466905466,1.4854961526544155,-1.4559726880667911,0.5890667232072591,1.3972452268297102,-1.5960853860851356,0.0,0.0,0.0
15.279999999999719,0.0,0.0,0.6761071587688379,0.0,0.0,0.0,0.0,0.0,0.0,0.6464260379656466,1.491520018310113,-1.4360163990857866,0.5960249536005946,1.4087448486574894,-1.5749027672865723,0.0,0.0,0.0
15.289999999999718,0.0,0.0,0.6852027467335463,0.0,0.0,0.0,0.0,0.0,0.0,0.651498452351869,1.4967056865012953,-1.416300799490238,0.6027329682793973,1.41937002784996,-1.5539475082127694,0.0,0.0,0.0
15.299999999999718,0.0,0.0,0.6941083610741944,0.0,0.0,0.0,0.0,0.0,0.0,0.6563060534302958,1.5010634797573896,-1.3968331456604979,0.6091859839670748,1.4291284404883953,-1.533246674390336,0.0,0.0,0.0
15.309999999999718,0.0,0.0,0.7028215707090393,0.0,0.0,0.0,0.0,0.0,0.0,0.6608445301118229,1.5046031283622874,-1.3776142737302264,0.6153824667454161,1.4380200423149487,-1.5127953846489672,0.0,0.0,0.0
15.319999999999718,0.0,0.0,0.7113399715169201,0.0,0.0,0.0,0.0,0.0,0.0,0.6651091295629059,1.5073358861407264,-1.3586466570401936,0.6213200342254065,1.4460483053589723,-1.4925958488927802,0.0,0.0,0.0
15.329999999999718,0.0,0.0,0.7196612016996699,0.0,0.0,0.0,0.0,0.0,0.0,0.6690949039536118,1.5092737192554782,-1.3399325947762453,0.6269963628950523,1.453217684100241,-1.4726484775486899,0.0,0.0,0.0
15.339999999999717,0.0,0.0,0.7277829569744725,0.0,0.0,0.0,0.0,0.0,0.0,0.6727966668243304,1.510429208295141,-1.3214746601715601,0.6324089464920534,1.4595342286898851,-1.4529539874392847,0.0,0.0,0.0
15.349999999999717,0.0,0.0,0.7357030042708423,0.0,0.0,0.0,0.0,0.0,0.0,0.6762090266201861,1.5108153196061194,-1.303275624839376,0.6375551201720433,1.465005386697019,-1.4335129882204343,0.0,0.0,0.0
15.359999999999717,0.0,0.0,0.7434191934570128,0.0,0.0,0.0,0.0,0.0,0.0,0.6793264150554927,1.5104452467895202,-1.2853384964674262,0.642432027646239,1.4696399367104638,-1.4143261405676413,0.0,0.0,0.0
15.369999999999717,0.0,0.0,0.7509294666397565,0.0,0.0,0.0,0.0,0.0,0.0,0.6821431295904252,1.509332277129595,-1.2676665242133929,0.6470366059226563,1.473447849336702,-1.3953941787868134,0.0,0.0,0.0
15.379999999999717,0.0,0.0,0.7582318648157936,0.0,0.0,0.0,0.0,0.0,0.0,0.6846533854426697,1.5074896926525043,-1.2502632051194031,0.6513655718863882,1.4764401380705687,-1.3767179580990472,0.0,0.0,0.0
15.389999999999716,0.0,0.0,0.7653245318260997,0.0,0.0,0.0,0.0,0.0,0.0,0.6868513771187872,1.5049307009059505,-1.233132284116346,0.6554154156465316,1.4786286988854642,-1.3582984895884231,0.0,0.0,0.0
15.399999999999716,0.0,0.0,0.7722057157269654,0.0,0.0,0.0,0.0,0.0,0.0,0.6887313476212762,1.5016683925549565,-1.216277749518804,0.6591824008724361,1.4800261503127088,-1.3401369709990767,0.0,0.0,0.0
15.409999999999716,0.0,0.0,0.7788726462306199,0.0,0.0,0.0,0.0,0.0,0.0,0.6903126689450927,1.4977157555939442,-1.1997068754940705,0.6626625732550565,1.4806456806912118,-1.3222348115629492,0.0,0.0,0.0
15.419999999999716,0.0,0.0,0.7853239652351652,0.0,0.0,0.0,0.0,0.0,0.0,0.6915856852973248,1.4930844446795364,-1.1834202475976339,0.6658463542103779,1.4805008998985418,-1.3045928821288868,0.0,0.0,0.0
15.429999999999715,0.0,0.0,0.79155951651197,0.0,0.0,0.0,0.0,0.0,0.0,0.6925159776445506,1.487787569851867,-1.1674200655084448,0.6687297099474535,1.479606646587835,-1.2872156226641742,0.0,0.0,0.0
15.439999999999715,0.0,0.0,0.7975779034492554,0.0,0.0,0.0,0.0,0.0,0.0,0.6930991436393272,1.4818391226863814,-1.1517149832814064,0.671325195179061,1.4779763441439564,-1.270105625660227,0.0,0.0,0.0
15.449999999999715,0.0,0.0,0.8033778087174661,0.0,0.0,0.0,0.0,0.0,0.0,0.6933319606778829,1.475251236615636,-1.1363092485062083,0.6736250011879586,1.4756229714671938,-1.2532614327874925,0.0,0.0,0.0
15.459999999999715,0.0,0.0,0.808957994129876,0.0,0.0,0.0,0.0,0.0,0.0,0.6932114654767494,1.468036369986851,-1.1212081674270158,0.675621387848809,1.4725614378432033,-1.2366867342363932,0.0,0.0,0.0
15.469999999999715,0.0,0.0,0.8143172929487578,0.0,0.0,0.0,0.0,0.0,0.0,0.6927351614344732,1.4602069064273726,-1.1064169374865354,0.6773074269784815,1.468806183532081,-1.220384438253501,0.0,0.0,0.0
15.479999999999714,0.0,0.0,0.8194546024796047,0.0,0.0,0.0,0.0,0.0,0.0,0.6919010481869707,1.4517752793545307,-1.0919408660962,0.6786768068128068,1.4643716434144636,-1.2043578878656014,0.0,0.0,0.0
15.489999999999714,0.0,0.0,0.8243688769964287,0.0,0.0,0.0,0.0,0.0,0.0,0.6907076749243146,1.4427539781713996,-1.0777852857818357,0.6797238135732926,1.4592721391484118,-1.1886105902635962,0.0,0.0,0.0
15.499999999999714,0.0,0.0,0.8290591213639549,0.0,0.0,0.0,0.0,0.0,0.0,0.6891541706952944,1.4331555709994097,-1.0639555197226918,0.6804433005308242,1.4535219075656303,-1.1731462642539885,0.0,0.0,0.0
15.509999999999714,0.0,0.0,0.833524386067467,0.0,0.0,0.0,0.0,0.0,0.0,0.6872402478409616,1.4229927110934346,-1.0504568141805786,0.6808306793233796,1.4471351114874376,-1.1579688248873161,0.0,0.0,0.0
15.519999999999714,0.0,0.0,0.8377637640107635,0.0,0.0,0.0,0.0,0.0,0.0,0.6849661636448054,1.412278162536408,-1.0372943267375583,0.6808819236196744,1.440125864649554,-1.1430823880222494,0.0,0.0,0.0
15.529999999999713,0.0,0.0,0.8417763884447644,0.0,0.0,0.0,0.0,0.0,0.0,0.6823326642388265,1.4010248271975394,-1.0244731303747674,0.6805935885965566,1.4325082370231441,-1.1284912199556274,0.0,0.0,0.0
15.539999999999713,0.0,0.0,0.8455625996515459,0.0,0.0,0.0,0.0,0.0,0.0,0.6793413190694326,1.389235068092864,-1.0120027846583075,0.6799628281729537,1.4242962612923966,-1.1141996838036805,0.0,0.0,0.0
15.549999999999713,0.0,0.0,0.8491211160563956,0.0,0.0,0.0,0.0,0.0,0.0,0.6759939498077698,1.3769247261547788,-0.9998813325163691,0.678987312903721,1.4155066899454964,-1.1002111080677242,0.0,0.0,0.0
15.559999999999713,0.0,0.0,0.8524496633000588,0.0,0.0,0.0,0.0,0.0,0.0,0.6722915571283941,1.3641221259025333,-0.9881101379016362,0.67766509040164,1.4061540587665289,-1.086533904715683,0.0,0.0,0.0
15.569999999999713,0.0,0.0,0.8555478085444468,0.0,0.0,0.0,0.0,0.0,0.0,0.6682358839848164,1.3508406200694325,-0.9767009392118984,0.6759957322550321,1.3962419536220971,-1.0731727638725188,0.0,0.0,0.0
15.579999999999712,0.0,0.0,0.8584151110882761,0.0,0.0,0.0,0.0,0.0,0.0,0.6638299310133169,1.3370904579700822,-0.9656566052924398,0.6739790117470937,1.385786274224706,-1.060125864527254,0.0,0.0,0.0
15.589999999999712,0.0,0.0,0.8610511003085602,0.0,0.0,0.0,0.0,0.0,0.0,0.6590766527635965,1.3228834631694233,-0.9549814528330896,0.6716144511601394,1.3748052664661758,-1.0474000749939953,0.0,0.0,0.0
15.599999999999712,0.0,0.0,0.8634552762977442,0.0,0.0,0.0,0.0,0.0,0.0,0.6539791820181233,1.30823209174137,-0.9446791920420496,0.6689023916497683,1.3633149414262233,-1.0350002558172855,0.0,0.0,0.0
15.609999999999712,0.0,0.0,0.8656271117319261,0.0,0.0,0.0,0.0,0.0,0.0,0.6485407739675233,1.2931495606360266,-0.9347533547339273,0.6658437026206258,1.3513305009399617,-1.0229313811408804,0.0,0.0,0.0
15.619999999999711,0.0,0.0,0.8675660542577832,0.0,0.0,0.0,0.0,0.0,0.0,0.6427648086651157,1.2776497498307022,-0.925207205299706,0.6624397573929033,1.3388664898370732,-1.0111981099995704,0.0,0.0,0.0
15.629999999999711,0.0,0.0,0.8692715294602033,0.0,0.0,0.0,0.0,0.0,0.0,0.6366547806737117,1.2617471520734034,-0.9160437603932865,0.6586923654344076,1.3259371145358418,-0.9998048859944155,0.0,0.0,0.0
15.639999999999711,0.0,0.0,0.8707429443605064,0.0,0.0,0.0,0.0,0.0,0.0,0.6302142904385932,1.245456813299688,-0.9072657877296963,0.6546037239822842,1.3125564443756177,-0.9887559254427382,0.0,0.0,0.0
15.64999999999971,0.0,0.0,0.8719796913953645,0.0,0.0,0.0,0.0,0.0,0.0,0.6234470343385841,1.2287942759003134,-0.8988758107445936,0.650176374405782,1.2987385707272088,-0.9780552267759788,0.0,0.0,0.0
15.65999999999971,0.0,0.0,0.87298268502586,0.0,0.0,0.0,0.0,0.0,0.0,0.6163573662881356,1.2117620523951564,-0.8908824419427663,0.6454131648494241,1.2844977211667508,-0.9677065743586675,0.0,0.0,0.0
15.66999999999971,0.0,0.0,0.8737519701774152,0.0,0.0,0.0,0.0,0.0,0.0,0.6089500376924077,1.1943675429530547,-0.8832839583152838,0.640317094471529,1.2698517113810992,-0.9577120556358165,0.0,0.0,0.0
15.67999999999971,0.0,0.0,0.8742862430939446,0.0,0.0,0.0,0.0,0.0,0.0,0.6012287611361857,1.1766323744799108,-0.8760773557461641,0.6348910157484389,1.2548192017244009,-0.9480789445553399,0.0,0.0,0.0
15.68999999999971,0.0,0.0,0.874585266280286,0.0,0.0,0.0,0.0,0.0,0.0,0.5931971225562158,1.1585715960117198,-0.8692692658516687,0.6291388880903985,1.2394069964955183,-0.9388133593317164,0.0,0.0,0.0
15.69999999999971,0.0,0.0,0.8746488494902407,0.0,0.0,0.0,0.0,0.0,0.0,0.5848594362071275,1.1401972902338553,-0.86286043769643,0.6230649871504311,1.2236274377140781,-0.9299139964072818,0.0,0.0,0.0
15.70999999999971,0.0,0.0,0.8744768282280683,0.0,0.0,0.0,0.0,0.0,0.0,0.5762199083860366,1.1215219437519361,-0.8568524463896008,0.6166731841386337,1.2074956434521162,-0.9213850578266984,0.0,0.0,0.0
15.71999999999971,0.0,0.0,0.8740690571074599,0.0,0.0,0.0,0.0,0.0,0.0,0.567282757566651,1.1025578925922952,-0.8512464178644066,0.609967644070486,1.1910259539332393,-0.9132295045953752,0.0,0.0,0.0
15.729999999999709,0.0,0.0,0.8734254021947749,0.0,0.0,0.0,0.0,0.0,0.0,0.5580521648594119,1.083317501396893,-0.8460432852716018,0.6029526770655427,1.174232571788468,-0.9054503155314078,0.0,0.0,0.0
15.739999999999709,0.0,0.0,0.8725457317835473,0.0,0.0,0.0,0.0,0.0,0.0,0.5485322579652632,1.0638132169893262,-0.8412437353338578,0.5956327418466062,1.157129436801072,-0.8980502234067911,0.0,0.0,0.0
15.749999999999709,0.0,0.0,0.8714299059753059,0.0,0.0,0.0,0.0,0.0,0.0,0.5387270873849839,1.0440576705834461,-0.8368482170251559,0.5880124196452686,1.139730256872151,-0.8910317565134253,0.0,0.0,0.0
15.759999999999708,0.0,0.0,0.8700777655600654,0.0,0.0,0.0,0.0,0.0,0.0,0.5286406034011366,1.0240637904513852,-0.8328569387754534,0.5800963950155221,1.1220485124947905,-0.8843972172520905,0.0,0.0,0.0
15.769999999999708,0.0,0.0,0.86848993181104,0.0,0.0,0.0,0.0,0.0,0.0,0.518260232664522,1.0038448775464923,-0.8292680747464529,0.571889435895584,1.1040974757659745,-0.8781486716788768,0.0,0.0,0.0
15.779999999999708,0.0,0.0,0.8666657904731786,0.0,0.0,0.0,0.0,0.0,0.0,0.5075973766669681,0.9834157317187273,-0.8260841195825317,0.5633997977417531,1.0858902516609108,-0.872288349233714,0.0,0.0,0.0
15.789999999999708,0.0,0.0,0.8646039905177512,0.0,0.0,0.0,0.0,0.0,0.0,0.4966774603007946,0.9627903661826163,-0.8233058275327321,0.5546311046879927,1.067439140046155,-0.866816332253079,0.0,0.0,0.0
15.799999999999708,0.0,0.0,0.8623044199413059,0.0,0.0,0.0,0.0,0.0,0.0,0.48549944987909077,0.9419829821527239,-0.8209295397544554,0.5455769303587883,1.0487576985818368,-0.861733888633802,0.0,0.0,0.0
15.809999999999707,0.0,0.0,0.8597668651855574,0.0,0.0,0.0,0.0,0.0,0.0,0.4740625250392638,0.9210104044242091,-0.8189548844650969,0.5362470374797488,1.0298597030601346,-0.857044430425625,0.0,0.0,0.0
15.819999999999707,0.0,0.0,0.8569910100901131,0.0,0.0,0.0,0.0,0.0,0.0,0.4623667571233292,0.8998900341585903,-0.8173807088278384,0.5266497046505357,1.0107573983200044,-0.8527477767931468,0.0,0.0,0.0
15.829999999999707,0.0,0.0,0.8539764457575812,0.0,0.0,0.0,0.0,0.0,0.0,0.450412902254407,0.878640249234937,-0.8162058210076109,0.51679162635882,0.991463706214491,-0.8488441571800728,0.0,0.0,0.0
15.839999999999707,0.0,0.0,0.8507226837554895,0.0,0.0,0.0,0.0,0.0,0.0,0.43820231276525257,0.8572803457545621,-0.8154288679113075,0.506678412168468,0.9719919063042851,-0.8453334904471033,0.0,0.0,0.0
15.849999999999707,0.0,0.0,0.8472291729158006,0.0,0.0,0.0,0.0,0.0,0.0,0.4257368507057464,0.8358305214752262,-0.8150483870664651,0.49631490407094575,0.9523557628426862,-0.8422155169910573,0.0,0.0,0.0
15.859999999999706,0.0,0.0,0.8434953192297546,0.0,0.0,0.0,0.0,0.0,0.0,0.41301882261514566,0.8143118023253471,-0.8150628250088372,0.4857054314627179,0.9325695733518549,-0.8394897736179397,0.0,0.0,0.0
15.869999999999706,0.0,0.0,0.8395205081226367,0.0,0.0,0.0,0.0,0.0,0.0,0.40005092736321957,0.7927459362130147,-0.8154705613710707,0.47485400169431924,0.9126482317225327,-0.8371556102965788,0.0,0.0,0.0
15.879999999999706,0.0,0.0,0.8353041282068951,0.0,0.0,0.0,0.0,0.0,0.0,0.3868362149337643,0.7711552566316544,-0.8162699297384661,0.4637644442583314,0.8926072772476066,-0.8352122080136937,0.0,0.0,0.0
15.889999999999706,0.0,0.0,0.8308455955318957,0.0,0.0,0.0,0.0,0.0,0.0,0.37337805347949216,0.7495625244835145,-0.8174592360170232,0.4524405189175289,0.8724629266872284,-0.8336586035298953,0.0,0.0,0.0
15.899999999999705,0.0,0.0,0.8261443773580338,0.0,0.0,0.0,0.0,0.0,0.0,0.359680102652179,0.7279907562376926,-0.8190367734899135,0.440885996510179,0.8522320837882446,-0.8324937175562762,0.0,0.0,0.0
15.909999999999705,0.0,0.0,0.8212017999866674,0.0,0.0,0.0,0.0,0.0,0.0,0.3457107888867885,0.7064629048531526,-0.8209967751937304,0.429104719027196,0.83193232369861,-0.8317163846545417,0.0,0.0,0.0
15.919999999999705,0.0,0.0,0.8160180661824445,0.0,0.0,0.0,0.0,0.0,0.0,0.33146274078210425,0.6850035634253882,-0.8233396695565736,0.4171075986489575,0.8115818840409641,-0.8313263065488096,0.0,0.0,0.0
15.929999999999705,0.0,0.0,0.8105918606729909,0.0,0.0,0.0,0.0,0.0,0.0,0.31696152902015284,0.663636244518782,-0.8260679463944489,0.40490171460352636,0.791198411968494,-0.8313202512582313,0.0,0.0,0.0
15.939999999999705,0.0,0.0,0.8049234321515231,0.0,0.0,0.0,0.0,0.0,0.0,0.30220513844767116,0.6423855565485419,-0.8291865176835085,0.39247417822773356,0.7708010389236705,-0.8316944434814251,0.0,0.0,0.0
15.949999999999704,0.0,0.0,0.7990131966215491,0.0,0.0,0.0,0.0,0.0,0.0,0.2871940854861439,0.6212649084212578,-0.8326795679189536,0.379829024224959,0.7504080031823981,-0.832444097008992,0.0,0.0,0.0
15.959999999999704,0.0,0.0,0.792861597221541,0.0,0.0,0.0,0.0,0.0,0.0,0.27192768833021463,0.6002927484950136,-0.8365386757304902,0.36696824991324273,0.7300455109981631,-0.8335803471113061,0.0,0.0,0.0
15.969999999999704,0.0,0.0,0.7864691738203856,0.0,0.0,0.0,0.0,0.0,0.0,0.2564023669648443,0.5794982448477537,-0.840776110835467,0.35389454832100586,0.7097341772883524,-0.8351044672405077,0.0,0.0,0.0
15.979999999999704,0.0,0.0,0.779836775569029,0.0,0.0,0.0,0.0,0.0,0.0,0.2405846910113698,0.5590403440446723,-0.8456850346806895,0.3406120159206545,0.6894867509427889,-0.8370019212313392,0.0,0.0,0.0
15.989999999999704,0.0,0.0,0.7729651694486274,0.0,0.0,0.0,0.0,0.0,0.0,0.2245552428555695,0.5386081007594585,-0.8505784532788965,0.32714218132230083,0.6692316567166366,-0.839071732834057,0.0,0.0,0.0
15.999999999999703,0.0,0.0,0.765855098751972,0.0,0.0,0.0,0.0,0.0,0.0,0.2082522002042555,0.5184538669388319,-0.8559143121145609,0.31343289755760273,0.6492434480246205,-0.84186656265206,0.0,0.0,0.0
16.009999999999703,0.0,0.0,0.7585075997929402,0.0,0.0,0.0,0.0,0.0,0.0,0.19168646101675124,0.49855636585074325,-0.8616053959110146,0.29953145927553765,0.6293338411309363,-0.8449433125078591,0.0,0.0,0.0
16.019999999999705,0.0,0.0,0.7509238359157079,0.0,0.0,0.0,0.0,0.0,0.0,0.17485687536521866,0.47894338340267284,-0.8676666280426244,0.2854305854704956,0.6095624837012213,-0.8483871232097527,0.0,0.0,0.0
16.029999999999706,0.0,0.0,0.7431050771286201,0.0,0.0,0.0,0.0,0.0,0.0,0.15776555692141203,0.4596324969175791,-0.8740930723566394,0.27113291350831575,0.5899433807776396,-0.8521837614591515,0.0,0.0,0.0
16.039999999999708,0.0,0.0,0.735052697309334,0.0,0.0,0.0,0.0,0.0,0.0,0.14041503811896638,0.44064243437207073,-0.8808835605096781,0.2566395072272834,0.5704984666669926,-0.8563377174935975,0.0,0.0,0.0
16.04999999999971,0.0,0.0,0.726767985362753,0.0,0.0,0.0,0.0,0.0,0.0,0.1228853826008296,0.4217237923462389,-0.8874786858110479,0.2419521546421849,0.5512473663320387,-0.8608494060905588,0.0,0.0,0.0
16.05999999999971,0.0,0.0,0.7182524986314701,0.0,0.0,0.0,0.0,0.0,0.0,0.10501733953349901,0.4034901687102783,-0.8951152553627113,0.22703412989152105,0.5323744813190526,-0.8661044426670688,0.0,0.0,0.0
16.069999999999713,0.0,0.0,0.7095080956590274,0.0,0.0,0.0,0.0,0.0,0.0,0.08691499773972944,0.3855757838879246,-0.9029897772991018,0.21198821028413378,0.5134635353818041,-0.8710856641455994,0.0,0.0,0.0
16.079999999999714,0.0,0.0,0.7005365271550295,0.0,0.0,0.0,0.0,0.0,0.0,0.06856798421472421,0.3680636639889525,-0.9112475818702701,0.19674502313172612,0.4948619704146878,-0.8765719730938392,0.0,0.0,0.0
16.089999999999716,0.0,0.0,0.6913395795392767,0.0,0.0,0.0,0.0,0.0,0.0,0.04999056637111243,0.350951238621652,-0.9198561124790856,0.1813210677033655,0.47652720543316257,-0.8824162919454143,0.0,0.0,0.0
16.099999999999717,0.0,0.0,0.6819190851673441,0.0,0.0,0.0,0.0,0.0,0.0,0.031193116565910062,0.3342525108053862,-0.9288186805384218,0.1657174298548477,0.458487612750776,-0.8886449073272012,0.0,0.0,0.0
16.10999999999972,0.0,0.0,0.6722769886491402,0.0,0.0,0.0,0.0,0.0,0.0,0.012186018928702413,0.31798246490261217,-0.9381471129497538,0.14993987765620004,0.4407558824386065,-0.8952492224865727,0.0,0.0,0.0
16.11999999999972,0.0,0.0,0.6624153339760335,0.0,0.0,0.0,0.0,0.0,0.0,-0.00701527017453607,0.30213992336458606,-0.9478267837104162,0.13399575136139114,0.4233427317749813,-0.9022172799937799,0.0,0.0,0.0
16.129999999999722,0.0,0.0,0.6523361289701354,0.0,0.0,0.0,0.0,0.0,0.0,-0.026394464147601493,0.28672431329484116,-0.9578426207827782,0.1178912847441252,0.40626759990147876,-0.9095600830320691,0.0,0.0,0.0
16.139999999999723,0.0,0.0,0.6420413537243849,0.0,0.0,0.0,0.0,0.0,0.0,-0.045938660655879815,0.27174864326114045,-0.9682051409956975,0.10163439242052456,0.3895460598374823,-0.9172843493478808,0.0,0.0,0.0
16.149999999999725,0.0,0.0,0.6315330309329393,0.0,0.0,0.0,0.0,0.0,0.0,-0.06563227124360926,0.25721804334954435,-0.9789094454898017,0.08523647587425584,0.37318299036056335,-0.925374979966209,0.0,0.0,0.0
16.159999999999727,0.0,0.0,0.6208132350001702,0.0,0.0,0.0,0.0,0.0,0.0,-0.08545956132572119,0.2431378172630705,-0.9899533292533222,0.0687086493365502,0.3571882604610603,-0.9338321768871818,0.0,0.0,0.0
16.169999999999728,0.0,0.0,0.6098840946606424,0.0,0.0,0.0,0.0,0.0,0.0,-0.1054043497350301,0.22951197287934821,-1.0013339023445713,0.05206332666066819,0.3415700892596809,-0.9426534947442164,0.0,0.0,0.0
16.17999999999973,0.0,0.0,0.5987477977357062,0.0,0.0,0.0,0.0,0.0,0.0,-0.12545031201991086,0.21634367702869284,-1.0130482569463606,0.035313886578568106,0.3263362085578607,-0.9518371057151851,0.0,0.0,0.0
16.18999999999973,0.0,0.0,0.5874065977542121,0.0,0.0,0.0,0.0,0.0,0.0,-0.14558115705313912,0.20363532242362314,-1.025093313541358,0.0184747024681398,0.31149354186245715,-0.9613810718627939,0.0,0.0,0.0
16.199999999999733,0.0,0.0,0.57588759828611,0.0,0.0,0.0,0.0,0.0,0.0,-0.1662834736684642,0.19138694789490707,-1.0373864696803605,-0.024179765745780415,0.29704822100132816,-0.9712834362887378,0.0,0.0,0.0
16.209999999999734,0.0,0.0,0.5641896975029749,0.0,0.0,0.0,0.0,0.0,0.0,-0.18749176200940942,0.17963652919168682,-1.0500146560761834,-0.038380613625039334,0.28300589764975587,-0.9815608648449902,0.0,0.0,0.0
16.219999999999736,0.0,0.0,0.5522875322270997,0.0,0.0,0.0,0.0,0.0,0.0,-0.2086269933004452,0.16837453606422903,-1.0630450956375763,-0.053395403969626,0.26935071031473845,-0.9921521703892002,0.0,0.0,0.0
16.229999999999738,0.0,0.0,0.5401844854305093,0.0,0.0,0.0,0.0,0.0,0.0,-0.2296768225196646,0.15755828459211996,-1.076378394512621,-0.06939101992410138,0.25609938404233606,-1.0030348710718835,0.0,0.0,0.0
16.23999999999974,0.0,0.0,0.5278843730683859,0.0,0.0,0.0,0.0,0.0,0.0,-0.2506548927522916,0.14719878723643287,-1.0900269188625058,-0.08627842590542727,0.24328252803280517,-1.0142988917933116,0.0,0.0,0.0
16.24999999999974,0.0,0.0,0.5153909009392773,0.0,0.0,0.0,0.0,0.0,0.0,-0.2716236007486241,0.13744016235181,-1.1043144893580654,-0.10395991617396666,0.23089166323678795,-1.0259204668030868,0.0,0.0,0.0
16.259999999999742,0.0,0.0,0.5027077972132784,0.0,0.0,0.0,0.0,0.0,0.0,-0.29248248200294014,0.12800304063302814,-1.1186124022155002,-0.12231930877434682,0.2188490394588017,-1.0376594686638043,0.0,0.0,0.0
16.269999999999744,0.0,0.0,0.4898388655670569,0.0,0.0,0.0,0.0,0.0,0.0,-0.31330113782397206,0.11905914206515256,-1.133282679936731,-0.14133583812339784,0.20733097675949547,-1.0500596286102886,0.0,0.0,0.0
16.279999999999745,0.0,0.0,0.4767878303891141,0.0,0.0,0.0,0.0,0.0,0.0,-0.33406984063299205,0.11057743210323334,-1.1482492742462003,-0.16089026766479927,0.19621606219152732,-1.0627428525323175,0.0,0.0,0.0
16.289999999999747,0.0,0.0,0.4635584201508197,0.0,0.0,0.0,0.0,0.0,0.0,-0.354792658433269,0.10256523011336327,-1.1635235949440248,-0.1809195157545018,0.18552708112973934,-1.0757789302557474,0.0,0.0,0.0
16.29999999999975,0.0,0.0,0.4501543646048394,0.0,0.0,0.0,0.0,0.0,0.0,-0.37546910129899613,0.09502086770555396,-1.17909919248592,-0.2013556631788542,0.17525938353079068,-1.0891484685035333,0.0,0.0,0.0
16.30999999999975,0.0,0.0,0.4365794037467817,0.0,0.0,0.0,0.0,0.0,0.0,-0.3960981485515944,0.08794344027982293,-1.194973135972083,-0.2221380938858342,0.16541414469068205,-1.1028505476398107,0.0,0.0,0.0
16.31999999999975,0.0,0.0,0.4228372959949202,0.0,0.0,0.0,0.0,0.0,0.0,-0.416677639717153,0.0813310042316342,-1.2111415791793039,-0.24321067891366763,0.15599146083828744,-1.1168806906617672,0.0,0.0,0.0
16.329999999999753,0.0,0.0,0.40893182869652295,0.0,0.0,0.0,0.0,0.0,0.0,-0.43720462111120195,0.07518117222965426,-1.2276006302210996,-0.2645220976653102,0.1469915736818726,-1.1312353232110655,0.0,0.0,0.0
16.339999999999755,0.0,0.0,0.39486683015333485,0.0,0.0,0.0,0.0,0.0,0.0,-0.45767548700366945,0.06949124102728943,-1.2443461480085865,-0.28602548447737386,0.1384144896837757,-1.1459107755328146,0.0,0.0,0.0
16.349999999999756,0.0,0.0,0.38064617694007974,0.0,0.0,0.0,0.0,0.0,0.0,-0.4780860008313459,0.06425841543222433,-1.2613737966968528,-0.30767820322898676,0.13025996724684097,-1.160903401933306,0.0,0.0,0.0
16.359999999999758,0.0,0.0,0.3662737958092751,0.0,0.0,0.0,0.0,0.0,0.0,-0.4984311046638812,0.05947998103754504,-1.2786790688519103,-0.3294416131080055,0.12252747372180553,-1.1762094685177973,0.0,0.0,0.0
16.36999999999976,0.0,0.0,0.3517536711341641,0.0,0.0,0.0,0.0,0.0,0.0,-0.518704791519599,0.05515344115734777,-1.2962572738824183,-0.3512808806536442,0.11521619714824197,-1.1918251088047895,0.0,0.0,0.0
16.37999999999976,0.0,0.0,0.33708985860860813,0.0,0.0,0.0,0.0,0.0,0.0,-0.5389000957905667,0.05127663208847366,-1.314103524462785,-0.3731647315013141,0.10832508919567391,-1.2077463134443105,0.0,0.0,0.0
16.389999999999763,0.0,0.0,0.3222865001619033,0.0,0.0,0.0,0.0,0.0,0.0,-0.5590091018139107,0.04784781144869665,-1.3322127445098642,-0.3950651169999435,0.10185292162646065,-1.2239689204771553,0.0,0.0,0.0
16.399999999999764,0.0,0.0,0.3073478394919167,0.0,0.0,0.0,0.0,0.0,0.0,-0.579022970554069,0.04486570858853156,-1.3505796744071006,-0.41695686451666847,0.09579835276619685,-1.2404885932740932,0.0,0.0,0.0
16.409999999999766,0.0,0.0,0.29227823760983757,0.0,0.0,0.0,0.0,0.0,0.0,-0.5989319889991818,0.042329541482313715,-1.3691988776681001,-0.4388173232721074,0.09016000436777308,-1.2573008099370488,0.0,0.0,0.0
16.419999999999767,0.0,0.0,0.2770821877751365,0.0,0.0,0.0,0.0,0.0,0.0,-0.6187256436310624,0.04023900324899499,-1.3880647462760574,-0.46062601329731434,0.08493654125925611,-1.27440085773052,0.0,0.0,0.0
16.42999999999977,0.0,0.0,0.26176432921753756,0.0,0.0,0.0,0.0,0.0,0.0,-0.6383927181865408,0.03859422390935041,-1.4071715053683762,-0.48236428615458865,0.08012674891066182,-1.2917838330975362,0.0,0.0,0.0
16.43999999999977,0.0,0.0,0.24632945907234494,0.0,0.0,0.0,0.0,0.0,0.0,-0.657921413851376,0.03739571339083625,-1.4265132183602105,-0.5040150051146225,0.07572960427458286,-1.3094446446188353,0.0,0.0,0.0
16.449999999999772,0.0,0.0,0.23078254200711482,0.0,0.0,0.0,0.0,0.0,0.0,-0.6772994875945879,0.03664429087456078,-1.446083792117145,-0.525562251781629,0.07174433650353604,-1.3273780166751368,0.0,0.0,0.0
16.459999999999773,0.0,0.0,0.21512871710587184,0.0,0.0,0.0,0.0,0.0,0.0,-0.6965144030848998,0.036341005396387516,-1.4658769827229956,-0.5469910654325604,0.06817047572500819,-1.345578493504206,0.0,0.0,0.0
16.469999999999775,0.0,0.0,0.1993733016669945,0.0,0.0,0.0,0.0,0.0,0.0,-0.7155534866208373,0.03648705182996803,-1.485886402427358,-0.5682872197499209,0.0650078888514323,-1.3640404428310928,0.0,0.0,0.0
16.479999999999777,0.0,0.0,0.18352179159698231,0.0,0.0,0.0,0.0,0.0,0.0,-0.7344040742029176,0.03708368556059538,-1.5061055293657288,-0.5894370401547506,0.06225680228194677,-1.382758058791299,0.0,0.0,0.0
16.489999999999778,0.0,0.0,0.16757985862324884,0.0,0.0,0.0,0.0,0.0,0.0,-0.7530536518749726,0.0381321378395727,-1.5265277168002447,-0.6104272644225125,0.059917812006431266,-1.4017253640199923,0.0,0.0,0.0
16.49999999999978,0.0,0.0,0.1515533445838692,0.0,0.0,0.0,0.0,0.0,0.0,-0.7714899936534323,0.03963353463038777,-1.547146202054499,-0.6312449438822018,0.057991882282764105,-1.420936212938656,0.0,0.0,0.0
16.50999999999978,0.0,0.0,0.13544825280511327,0.0,0.0,0.0,0.0,0.0,0.0,-0.7897012868812503,0.041588820984951536,-1.5679541182632724,-0.6518773771474087,0.05648033351446663,-1.4403842957621797,0.0,0.0,0.0
16.519999999999783,0.0,0.0,0.11927073684079928,0.0,0.0,0.0,0.0,0.0,0.0,-0.8076762410303819,0.04399869100814202,-1.588944507071607,-0.6723120768861454,0.0553848203065603,-1.4600631412304357,0.0,0.0,0.0
16.529999999999784,0.0,0.0,0.10302708694466729,0.0,0.0,0.0,0.0,0.0,0.0,-0.8254041785694484,0.046863523971682586,-1.6101103322314878,-0.692536765875447,0.05470730149544652,-1.4799661204990446,0.0,0.0,0.0
16.539999999999786,0.0,0.0,0.08672391703457465,0.0,0.0,0.0,0.0,0.0,0.0,-0.8428751892059079,0.05018797506821082,-1.6314427222977685,-0.7125393969085476,0.05445000332399469,-1.5000864523523314,0.0,0.0,0.0
16.549999999999788,0.0,0.0,0.07036774956407993,0.0,0.0,0.0,0.0,0.0,0.0,-0.8600803936088868,0.05397225165761421,-1.6529364907402564,-0.7323081728724241,0.05461465897876411,-1.5204176699666696,0.0,0.0,0.0
16.55999999999979,0.0,0.0,0.05396497591546598,0.0,0.0,0.0,0.0,0.0,0.0,-0.8770110758976348,0.05821043154466965,-1.6745859806146823,-0.7518313612602656,0.05520347828435347,-1.5409512521365079,0.0,0.0,0.0
16.56999999999979,0.0,0.0,0.03752225772025227,0.0,0.0,0.0,0.0,0.0,0.0,-0.8936590924609722,0.06290019446704109,-1.696382044169442,-0.7710981190050024,0.05622151335091284,-1.5616795477023584,0.0,0.0,0.0
16.579999999999792,0.0,0.0,0.021046311072243397,0.0,0.0,0.0,0.0,0.0,0.0,-0.910017683007142,0.06803967025408975,-1.7183178583279692,-0.7900981634055856,0.0576718857270952,-1.582597403405429,0.0,0.0,0.0
16.589999999999794,0.0,0.0,0.004543884183522511,0.0,0.0,0.0,0.0,0.0,0.0,-0.9260807771347128,0.07362625258887734,-1.740386116362512,-0.8088211972741026,0.05955714922989745,-1.603696939782895,0.0,0.0,0.0
16.599999999999795,0.0,0.0,-0.011978260369442939,0.0,0.0,0.0,0.0,0.0,0.0,-0.9418431132516656,0.0796567981527887,-1.7625796430831921,-0.8272575984823893,0.06187993667236562,-1.6249707385379826,0.0,0.0,0.0
16.609999999999797,0.0,0.0,-0.028513362827034098,0.0,0.0,0.0,0.0,0.0,0.0,-0.957300181816783,0.0861275520273117,-1.7848912708698266,-0.8453983425678293,0.06464276130740468,-1.646411185554345,0.0,0.0,0.0
16.6199999999998,0.0,0.0,-0.04505468240925023,0.0,0.0,0.0,0.0,0.0,0.0,-0.9724481985160436,0.09303413943272476,-1.8073138808035139,-0.8632350737229589,0.06784798786939933,-1.668010640297621,0.0,0.0,0.0
16.6299999999998,0.0,0.0,-0.06159551233840643,0.0,0.0,0.0,0.0,0.0,0.0,-0.9872840623430732,0.10037154711524865,-1.829840405256193,-0.8807601312067626,0.07149776392209266,-1.6897614190184624,0.0,0.0,0.0
16.6399999999998,0.0,0.0,-0.07812919356503548,0.0,0.0,0.0,0.0,0.0,0.0,-1.001805310334761,0.10813411111997429,-1.8524638377165827,-0.8979665743562779,0.07559395901867241,-1.711655820022892,0.0,0.0,0.0
16.649999999999803,0.0,0.0,-0.09464912709513607,0.0,0.0,0.0,0.0,0.0,0.0,-1.016010067770381,0.1163155069110009,-1.8751772394710953,-0.9148481960144889,0.08013810155730774,-1.733686139154889,0.0,0.0,0.0
16.659999999999805,0.0,0.0,-0.11114878484830379,0.0,0.0,0.0,0.0,0.0,0.0,-1.0298969954461097,0.12490874255076978,-1.8979737454835641,-0.9313995267466433,0.08513131610106511,-1.755844686908872,0.0,0.0,0.0
16.669999999999806,0.0,0.0,-0.12762171900945138,0.0,0.0,0.0,0.0,0.0,0.0,-1.0434652348752425,0.13390615466808642,-1.9208465689608625,-0.9476158297073483,0.09057426104296377,-1.7781238042728427,0.0,0.0,0.0
16.679999999999808,0.0,0.0,-0.1440615698654629,0.0,0.0,0.0,0.0,0.0,0.0,-1.0567143523152054,0.1432994072400975,-1.943789004767401,-0.9634930868643397,0.09646706717311453,-1.8005158776851424,0.0,0.0,0.0
16.68999999999981,0.0,0.0,-0.16046207214426564,0.0,0.0,0.0,0.0,0.0,0.0,-1.0696442823896979,0.1530794932043138,-1.9667944317211026,-0.9790279772921301,0.1028092775891096,-1.8230133527745302,0.0,0.0,0.0
16.69999999999981,0.0,0.0,-0.1768170598964871,0.0,0.0,0.0,0.0,0.0,0.0,-1.0822552719835943,0.16323673895736057,-1.9898563138544016,-0.9942178483873575,0.10959978946217708,-1.8456087467564934,0.0,0.0,0.0
16.709999999999813,0.0,0.0,-0.19312046997957283,0.0,0.0,0.0,0.0,0.0,0.0,-1.0945478249877998,0.17376081180446779,-2.0129682007301404,-1.009060680914791,0.11683679820329428,-1.8682946593563465,0.0,0.0,0.0
16.719999999999814,0.0,0.0,-0.20936634422106815,0.0,0.0,0.0,0.0,0.0,0.0,-1.1065226483724997,0.18464073041669105,-2.0361237269157195,-1.0235550488260963,0.12451774461187977,-1.8910637821768226,0.0,0.0,0.0
16.729999999999816,0.0,0.0,-0.22554883035148762,0.0,0.0,0.0,0.0,0.0,0.0,-1.1181805999681056,0.19586487832730537,-2.0593166107269134,-1.0377000747958818,0.13263926561935643,-1.913908906465103,0.0,0.0,0.0
16.739999999999817,0.0,0.0,-0.2416621818080876,0.0,0.0,0.0,0.0,0.0,0.0,-1.1295226382350485,0.2074210204592104,-2.0825406523587313,-1.0514953823988915,0.1411971492592349,-1.936822929273205,0.0,0.0,0.0
16.74999999999982,0.0,0.0,-0.25770075651892943,0.0,0.0,0.0,0.0,0.0,0.0,-1.140549774207203,0.21929632262350696,-2.1057897315229663,-1.064941045811821,0.15018629450051674,-1.9597988580428622,0.0,0.0,0.0
16.75999999999982,0.0,0.0,-0.2736589493189715,0.0,0.0,0.0,0.0,0.0,0.0,-1.151261656019737,0.2314787674763501,-2.1290631556703823,-1.0780375378668803,0.15960067656879065,-1.9828298136804454,0.0,0.0,0.0
16.769999999999822,0.0,0.0,-0.2895312042493882,0.0,0.0,0.0,0.0,0.0,0.0,-1.1616536777005897,0.24395156940357499,-2.1523474441712045,-1.0907854897862899,0.16943256907699786,-2.005905011180353,0.0,0.0,0.0
16.779999999999824,0.0,0.0,-0.30531217596856297,0.0,0.0,0.0,0.0,0.0,0.0,-1.171726904469474,0.25669928385931984,-2.175633063907205,-1.103188667746996,0.1796756899775956,-2.029026094212939,0.0,0.0,0.0
16.789999999999825,0.0,0.0,-0.32099670743377956,0.0,0.0,0.0,0.0,0.0,0.0,-1.181487839124248,0.26970974170198314,-2.198921302171539,-1.1152473605005742,0.19032134895385472,-2.052187980836748,0.0,0.0,0.0
16.799999999999827,0.0,0.0,-0.3365797114826875,0.0,0.0,0.0,0.0,0.0,0.0,-1.1909395719356335,0.282967440172595,-2.2222048553645353,-1.1269588086068367,0.201357780933176,-2.075375760457546,0.0,0.0,0.0
16.809999999999828,0.0,0.0,-0.3520561561763531,0.0,0.0,0.0,0.0,0.0,0.0,-1.2000840435846225,0.2964567876015076,-2.245478496950486,-1.1383240728393238,0.21277425886537993,-2.098584955287619,0.0,0.0,0.0
16.81999999999983,0.0,0.0,-0.36742106429359184,0.0,0.0,0.0,0.0,0.0,0.0,-1.208922028465107,0.3101613686812321,-2.2687365282203817,-1.1493451145487263,0.22455881256030483,-2.121809011135531,0.0,0.0,0.0
16.82999999999983,0.0,0.0,-0.3826695117200879,0.0,0.0,0.0,0.0,0.0,0.0,-1.2174536655447603,0.32406420540053027,-2.291973389557536,-1.1600246226590551,0.23669871743869175,-2.1450421654463416,0.0,0.0,0.0
16.839999999999833,0.0,0.0,-0.39779662504255586,0.0,0.0,0.0,0.0,0.0,0.0,-1.225678630642434,0.33814782024472834,-2.315183515800853,-1.1703653916321028,0.24918032428647893,-2.168278659796627,0.0,0.0,0.0
16.849999999999834,0.0,0.0,-0.4127975788063712,0.0,0.0,0.0,0.0,0.0,0.0,-1.2335962708898685,0.35239434233872213,-2.3383613721499446,-1.1803701128330102,0.26198905927865884,-2.1915128618975657,0.0,0.0,0.0
16.859999999999836,0.0,0.0,-0.4276675930445269,0.0,0.0,0.0,0.0,0.0,0.0,-1.2412056854967548,0.3667855846997763,-2.36150144636885,-1.1900412383602075,0.27510941186788407,-2.2147391934594016,0.0,0.0,0.0
16.869999999999838,0.0,0.0,-0.44240191119056366,0.0,0.0,0.0,0.0,0.0,0.0,-1.248505357828301,0.3813030264085193,-2.3845959209614698,-1.1993809199996557,0.28852495617903984,-2.237952120638765,0.0,0.0,0.0
16.87999999999984,0.0,0.0,-0.4569958003321989,0.0,0.0,0.0,0.0,0.0,0.0,-1.255494712304944,0.395929920473975,-2.4076418605531646,-1.2083913211413944,0.30221863591646186,-2.261147960271008,0.0,0.0,0.0
16.88999999999984,0.0,0.0,-0.4714445930951847,0.0,0.0,0.0,0.0,0.0,0.0,-1.262172743233657,0.4106484460665061,-2.4306356349854186,-1.2170733219117817,0.31617152318721004,-2.284318189487277,0.0,0.0,0.0
16.899999999999842,0.0,0.0,-0.4857436888671218,0.0,0.0,0.0,0.0,0.0,0.0,-1.2685373462608929,0.4254387281378711,-2.4535695612134534,-1.225427910201357,0.330364564491133,-2.307456141264792,0.0,0.0,0.0
16.909999999999844,0.0,0.0,-0.4998885292595783,0.0,0.0,0.0,0.0,0.0,0.0,-1.274586916549591,0.44028154071799364,-2.4764388007138693,-1.2334566046098387,0.34477911939371164,-2.330559201264197,0.0,0.0,0.0
16.919999999999845,0.0,0.0,-0.5138744808020813,0.0,0.0,0.0,0.0,0.0,0.0,-1.2803181362512452,0.45515858674213483,-2.4992427449457844,-1.2411599752837552,0.3593952611649108,-2.3536214219944998,0.0,0.0,0.0
16.929999999999847,0.0,0.0,-0.5276967917580944,0.0,0.0,0.0,0.0,0.0,0.0,-1.2857227153189197,0.4700491057380254,-2.5219728118138125,-1.2485383657937996,0.37419187081498007,-2.3766339202481492,0.0,0.0,0.0
16.93999999999985,0.0,0.0,-0.5413507790369475,0.0,0.0,0.0,0.0,0.0,0.0,-1.290793390937632,0.48493259998858296,-2.544620380786699,-1.2555943210266909,0.3891489302765053,-2.39959630703105,0.0,0.0,0.0
16.94999999999985,0.0,0.0,-0.5548318632458115,0.0,0.0,0.0,0.0,0.0,0.0,-1.2955259999414241,0.4997908506695521,-2.567183889330793,-1.2623283793704563,0.40424555596567563,-2.4225063927925263,0.0,0.0,0.0
16.95999999999985,0.0,0.0,-0.5681354727275953,0.0,0.0,0.0,0.0,0.0,0.0,-1.299914877893066,0.5146045706211431,-2.5896573994365197,-1.268737760834701,0.41945898188225633,-2.4453547764427452,0.0,0.0,0.0
16.969999999999853,0.0,0.0,-0.581257030467872,0.0,0.0,0.0,0.0,0.0,0.0,-1.3039536881554938,0.5293548329561286,-2.6120360765683346,-1.2748204002381285,0.4347671098820051,-2.4681373370233293,0.0,0.0,0.0
16.979999999999855,0.0,0.0,-0.5941919559113662,0.0,0.0,0.0,0.0,0.0,0.0,-1.3076351894622988,0.5440227283628287,-2.634314845881997,-1.2805738397687736,0.45014745354701263,-2.490848762691399,0.0,0.0,0.0
16.989999999999856,0.0,0.0,-0.6069356678170215,0.0,0.0,0.0,0.0,0.0,0.0,-1.31095135725251,0.5585894748128903,-2.656488712049997,-1.2859953658671086,0.46557749111844643,-2.5134841230639897,0.0,0.0,0.0
16.999999999999858,0.0,0.0,-0.6194835882811915,0.0,0.0,0.0,0.0,0.0,0.0,-1.3138934277536014,0.5730364143713644,-2.6785526748606863,-1.2910818137647997,0.4810346537328692,-2.5360384720225135,0.0,0.0,0.0
17.00999999999986,0.0,0.0,-0.6318311481603878,0.0,0.0,0.0,0.0,0.0,0.0,-1.316451973880297,0.5873450332240453,-2.700501742665786,-1.295829491861893,0.49649639891537783,-2.5585069305893797,0.0,0.0,0.0
17.01999999999986,0.0,0.0,-0.6439737941746616,0.0,0.0,0.0,0.0,0.0,0.0,-1.3186169935556515,0.6014969735934428,-2.7223309217298755,-1.300234109470531,0.5119402593913642,-2.5808846539291213,0.0,0.0,0.0
17.029999999999863,0.0,0.0,-0.655906997911453,0.0,0.0,0.0,0.0,0.0,0.0,-1.3203780208140425,0.615474046247769,-2.7440352115937148,-1.3042907299499684,0.5273438926580286,-2.603166826465609,0.0,0.0,0.0
17.039999999999864,0.0,0.0,-0.667626266877361,0.0,0.0,0.0,0.0,0.0,0.0,-1.321724261239288,0.629258242295494,-2.76560959970557,-1.3079937406244337,0.5426851244145281,-2.625348649246391,0.0,0.0,0.0
17.049999999999866,0.0,0.0,-0.6791271576362324,0.0,0.0,0.0,0.0,0.0,0.0,-1.3226447535011194,0.6428317450435204,-2.78704905763355,-1.3113368405514254,0.5579419872868305,-2.6474253278065114,0.0,0.0,0.0
17.059999999999867,0.0,0.0,-0.6904052909329033,0.0,0.0,0.0,0.0,0.0,0.0,-1.3231285564350994,0.6561769419122614,-2.808348539025883,-1.3143130465325779,0.5730927546291662,-2.669392058401203,0.0,0.0,0.0
17.06999999999987,0.0,0.0,-0.7014563685381251,0.0,0.0,0.0,0.0,0.0,0.0,-1.3231649590993684,0.6692764363504828,-2.829502979999628,-1.3169147190588046,0.5881159698523429,-2.6912440133482334,0.0,0.0,0.0
17.07999999999987,0.0,0.0,-0.7122761913740684,0.0,0.0,0.0,0.0,0.0,0.0,-1.3227437089913465,0.6821130595169591,-2.8505073024284693,-1.319133610190409,0.6029904717451315,-2.7129763258682367,0.0,0.0,0.0
17.089999999999872,0.0,0.0,-0.7228606783085082,0.0,0.0,0.0,0.0,0.0,0.0,-1.3218552514675548,0.6946698814122563,-2.8713564204823374,-1.3209609353918192,0.6176954163485022,-2.7345840752236694,0.0,0.0,0.0
17.099999999999874,0.0,0.0,-0.733205884858762,0.0,0.0,0.0,0.0,0.0,0.0,-1.320490971562235,0.7069302211095696,-2.8920452505544247,-1.322387470882837,0.6322102959437751,-2.756062273136246,0.0,0.0,0.0
17.109999999999875,0.0,0.0,-0.743308020944321,0.0,0.0,0.0,0.0,0.0,0.0,-1.3186434280753416,0.718877655765678,-2.9125687244602427,-1.3234036771849051,0.6465149556756776,-2.7774058526153143,0.0,0.0,0.0
17.119999999999877,0.0,0.0,-0.753163466786188,0.0,0.0,0.0,0.0,0.0,0.0,-1.316306569180038,0.7304960281871933,-2.932921805524478,-1.3239998482712574,0.6605896082480801,-2.7986096603700936,0.0,0.0,0.0
17.129999999999878,0.0,0.0,-0.7627687860831928,0.0,0.0,0.0,0.0,0.0,0.0,-1.3134759190012546,0.7417694528753158,-2.953099506919159,-1.3241662841704194,0.6744148470196814,-2.819668453900002,0.0,0.0,0.0
17.13999999999988,0.0,0.0,-0.772120735703065,0.0,0.0,0.0,0.0,0.0,0.0,-1.3101487256683315,0.7526823206592377,-2.973096911412064,-1.3238934831636173,0.6879716577038368,-2.8405769041491022,0.0,0.0,0.0
17.14999999999988,0.0,0.0,-0.7812161554942642,0.0,0.0,0.0,0.0,0.0,0.0,-1.3063706575962495,0.7632791571578295,-2.993193107630069,-1.3231723480276232,0.7012414287584485,-2.8613296042841196,0.0,0.0,0.0
17.159999999999883,0.0,0.0,-0.7900522204091236,0.0,0.0,0.0,0.0,0.0,0.0,-1.3020283894000637,0.773403597595109,-3.012718633621779,-1.321957868563158,0.714166145930995,-2.881687232720372,0.0,0.0,0.0
17.169999999999884,0.0,0.0,-0.7986264220603323,0.0,0.0,0.0,0.0,0.0,0.0,-1.2972086084021228,0.7831405569266172,-3.032140505728166,-1.3203455256980008,0.726837963098712,-2.902298953793548,0.0,0.0,0.0
17.179999999999886,0.0,0.0,-0.8069363035406111,0.0,0.0,0.0,0.0,0.0,0.0,-1.2918969672669323,0.792452523783163,-3.0513415351298336,-1.3182404448367673,0.7391486070926631,-2.9226051050302946,0.0,0.0,0.0
17.189999999999888,0.0,0.0,-0.8149795763307531,0.0,0.0,0.0,0.0,0.0,0.0,-1.2861045138799123,0.8013314106105887,-3.0703458066101614,-1.3156587918688116,0.7511029882721045,-2.9427392263595435,0.0,0.0,0.0
17.19999999999989,0.0,0.0,-0.8227541158465539,0.0,0.0,0.0,0.0,0.0,0.0,-1.2798380615098615,0.8097622795210242,-3.089143007068673,-1.3125924460035214,0.762679629944198,-2.9626667472173667,0.0,0.0,0.0
17.20999999999989,0.0,0.0,-0.8302579427225306,0.0,0.0,0.0,0.0,0.0,0.0,-1.2731071103995637,0.8177320867353237,-3.1077312279535043,-1.3090408242802103,0.7738640842706802,-2.9823935073961536,0.0,0.0,0.0
17.219999999999892,0.0,0.0,-0.8374892050080331,0.0,0.0,0.0,0.0,0.0,0.0,-1.2659219524504075,0.8252276415335491,-3.126106572132072,-1.3050033454816437,0.7846408233866463,-3.0019151003377655,0.0,0.0,0.0
17.229999999999894,0.0,0.0,-0.844446159587171,0.0,0.0,0.0,0.0,0.0,0.0,-1.2582938653218074,0.8322361409553933,-3.1442656931631667,-1.300481299405547,0.7949951400646472,-3.021229291362036,0.0,0.0,0.0
17.239999999999895,0.0,0.0,-0.8511271542463928,0.0,0.0,0.0,0.0,0.0,0.0,-1.2502347964796852,0.8387450857333709,-3.1622051866516387,-1.2954774151597834,0.8049126596206817,-3.0403330877426056,0.0,0.0,0.0
17.249999999999897,0.0,0.0,-0.857530610985726,0.0,0.0,0.0,0.0,0.0,0.0,-1.2417571698628693,0.8447423419487352,-3.1799217416694256,-1.289995930779424,0.8143794375042718,-3.059223525927479,0.0,0.0,0.0
17.2599999999999,0.0,0.0,-0.86365501120365,0.0,0.0,0.0,0.0,0.0,0.0,-1.2328736736662498,0.8502161668112422,-3.197412104450967,-1.284042497379916,0.8233819262088238,-3.0778975445327874,0.0,0.0,0.0
17.2699999999999,0.0,0.0,-0.8694988831985793,0.0,0.0,0.0,0.0,0.0,0.0,-1.2235970707468913,0.855155241978605,-3.2146730852009773,-1.2776240821407,0.8319069809441629,-3.0963520672591147,0.0,0.0,0.0
17.2799999999999,0.0,0.0,-0.8750607922753173,0.0,0.0,0.0,0.0,0.0,0.0,-1.213940027543537,0.8595487038207299,-3.23170155290869,-1.270748837747617,0.8399418621496616,-3.1145840237032827,0.0,0.0,0.0
17.289999999999903,0.0,0.0,-0.8803393335857903,0.0,0.0,0.0,0.0,0.0,0.0,-1.2039149662345685,0.8633861725750307,-3.2484944322410123,-1.2634259537786303,0.8474742438551277,-3.132590374919263,0.0,0.0,0.0
17.299999999999905,0.0,0.0,-0.8853331276924232,0.0,0.0,0.0,0.0,0.0,0.0,-1.1935339408787142,0.8666577791944821,-3.2650486996883616,-1.2556654945730132,0.8544922249824068,-3.1503681287566248,0.0,0.0,0.0
17.309999999999906,0.0,0.0,-0.8900408187951098,0.0,0.0,0.0,0.0,0.0,0.0,-1.182808536881428,0.8693541934325728,-3.2813613735978975,-1.247478230620896,0.8609843436171558,-3.1679143499835125,0.0,0.0,0.0
17.319999999999908,0.0,0.0,-0.8944610756164492,0.0,0.0,0.0,0.0,0.0,0.0,-1.1717497939321526,0.8714666639088839,-3.2974295060495127,-1.2388754699073905,0.8669395930659826,-3.185226170333093,0.0,0.0,0.0
17.32999999999991,0.0,0.0,-0.8985925948316604,0.0,0.0,0.0,0.0,0.0,0.0,-1.1603681517301034,0.8729870705090921,-3.313250187431946,-1.2298688932946336,0.8723474354687527,-3.2023007904704186,0.0,0.0,0.0
17.33999999999991,0.0,0.0,-0.9024341066849144,0.0,0.0,0.0,0.0,0.0,0.0,-1.1486734141694148,0.8739079746551262,-3.328820549911333,-1.2204703976056936,0.8771978137094929,-3.219135467764441,0.0,0.0,0.0
17.349999999999913,0.0,0.0,-0.9059841497667181,0.0,0.0,0.0,0.0,0.0,0.0,-1.13668219007097,0.8742365802255359,-3.344249275804772,-1.2106919518429344,0.8814811699970285,-3.2357275078174217,0.0,0.0,0.0
17.359999999999914,0.0,0.0,-0.9092412670307418,0.0,0.0,0.0,0.0,0.0,0.0,-1.1243689547777167,0.8739352045479589,-3.359302995898857,-1.2005372638661636,0.8851781417207671,-3.2519834245583015,0.0,0.0,0.0
17.369999999999916,0.0,0.0,-0.9122044182629879,0.0,0.0,0.0,0.0,0.0,0.0,-1.1117587201148087,0.8730200498580744,-3.374124905550231,-1.1900439802595255,0.8883069403492077,-3.268130908740525,0.0,0.0,0.0
17.379999999999917,0.0,0.0,-0.9148727771700095,0.0,0.0,0.0,0.0,0.0,0.0,-1.09885977127044,0.8714823473343654,-3.388678434064036,-1.1792032955758345,0.8908392016340317,-3.283994887193688,0.0,0.0,0.0
17.38999999999992,0.0,0.0,-0.9172562552237333,0.0,0.0,0.0,0.0,0.0,0.0,-1.0859803316459282,0.8693186414225966,-3.4029401307928486,-1.1680260586225995,0.8927720673074634,-3.2996125424748297,0.0,0.0,0.0
17.39999999999992,0.0,0.0,-0.9193481557328212,0.0,0.0,0.0,0.0,0.0,0.0,-1.0729903838454657,0.8665291855703421,-3.416947593532403,-1.1564469434217186,0.8940981617428629,-3.3149791294672504,0.0,0.0,0.0
17.409999999999922,0.0,0.0,-0.9211338414606515,0.0,0.0,0.0,0.0,0.0,0.0,-1.059500273341648,0.8631111706510882,-3.4307201193963017,-1.1445037789056252,0.8948098481245325,-3.3300695954354356,0.0,0.0,0.0
17.419999999999924,0.0,0.0,-0.922616135500386,0.0,0.0,0.0,0.0,0.0,0.0,-1.0456233138867261,0.8590914915187648,-3.444525608766928,-1.1324492163704014,0.8949036089956944,-3.344878933787067,0.0,0.0,0.0
17.429999999999925,0.0,0.0,-0.9237971347692231,0.0,0.0,0.0,0.0,0.0,0.0,-1.0313752340032307,0.8544067981030099,-3.4577667965639955,-1.1201628020422139,0.894355013685653,-3.3591916963017234,0.0,0.0,0.0
17.439999999999927,0.0,0.0,-0.9246781805101533,0.0,0.0,0.0,0.0,0.0,0.0,-1.0168417717772278,0.8490977558533274,-3.4708132645168766,-1.1076333149917625,0.8932133784065097,-3.3735976214220247,0.0,0.0,0.0
17.44999999999993,0.0,0.0,-0.9252600233279574,0.0,0.0,0.0,0.0,0.0,0.0,-1.0020483279440668,0.8431565743664882,-3.483576231339244,-1.094795633295911,0.891436383479651,-3.3876570007026303,0.0,0.0,0.0
17.45999999999993,0.0,0.0,-0.925543130756703,0.0,0.0,0.0,0.0,0.0,0.0,-0.987019609224886,0.8365867143664997,-3.4960762104184475,-1.0816509474992362,0.889030477397759,-3.4014697963170977,0.0,0.0,0.0
17.46999999999993,0.0,0.0,-0.925527848553602,0.0,0.0,0.0,0.0,0.0,0.0,-0.9717707345488247,0.8293897096639504,-3.5083074584376766,-1.0682019380501415,0.8859924734238753,-3.4150089816718583,0.0,0.0,0.0
17.479999999999933,0.0,0.0,-0.925214501064483,0.0,0.0,0.0,0.0,0.0,0.0,-0.9563122597118355,0.821568215464451,-3.5202704473769897,-1.054459901878245,0.8823224279284709,-3.428279006125404,0.0,0.0,0.0
17.489999999999934,0.0,0.0,-0.9246034603683997,0.0,0.0,0.0,0.0,0.0,0.0,-0.9406510318638422,0.8131253136181228,-3.5319641188535367,-1.0404384779887825,0.8780206042099843,-3.4412774836905498,0.0,0.0,0.0
17.499999999999936,0.0,0.0,-0.9236951927941722,0.0,0.0,0.0,0.0,0.0,0.0,-0.9247913900609158,0.8040646423023473,-3.5433877390878754,-1.02615226140114,0.873088110229913,-3.4540040897745676,0.0,0.0,0.0
17.509999999999938,0.0,0.0,-0.9224900528161907,0.0,0.0,0.0,0.0,0.0,0.0,-0.9087250029461875,0.7943904693798607,-3.554541157628514,-1.011615440281909,0.8675267245726377,-3.4664582765003473,0.0,0.0,0.0
17.51999999999994,0.0,0.0,-0.9209888453117668,0.0,0.0,0.0,0.0,0.0,0.0,-0.8924545025845293,0.7841073132114312,-3.565422571675589,-0.9968437432664258,0.8613388806158697,-3.4786395241609953,0.0,0.0,0.0
17.52999999999994,0.0,0.0,-0.9191927500813164,0.0,0.0,0.0,0.0,0.0,0.0,-0.875993039574429,0.7732200377837114,-3.576030527328386,-0.981848822142883,0.8545277385252322,-3.490548211585009,0.0,0.0,0.0
17.539999999999942,0.0,0.0,-0.9171016748465717,0.0,0.0,0.0,0.0,0.0,0.0,-0.8593414760366351,0.7617126252072204,-3.5863658351085927,-0.9666329154167606,0.8470971408219274,-3.5021841716695197,0.0,0.0,0.0
17.549999999999944,0.0,0.0,-0.9147166368978762,0.0,0.0,0.0,0.0,0.0,0.0,-0.8425000770126946,0.7495886095349726,-3.5964259879779066,-0.9512060969228278,0.8390563205700955,-3.51354599216466,0.0,0.0,0.0
17.559999999999945,0.0,0.0,-0.9120400419859113,0.0,0.0,0.0,0.0,0.0,0.0,-0.8254689342241011,0.7368732622485514,-3.6062092972922413,-0.9355771017496606,0.8304111612357737,-3.524634637568324,0.0,0.0,0.0
17.569999999999947,0.0,0.0,-0.9090736468394304,0.0,0.0,0.0,0.0,0.0,0.0,-0.8082628524767445,0.7235722388764839,-3.615714837351693,-0.9197533420181391,0.821153372226468,-3.535449897632318,0.0,0.0,0.0
17.57999999999995,0.0,0.0,-0.9058190756495695,0.0,0.0,0.0,0.0,0.0,0.0,-0.7908812962478993,0.7096913158459102,-3.6249419795542694,-0.9037375970528884,0.8112898818006391,-3.54599063428243,0.0,0.0,0.0
17.58999999999995,0.0,0.0,-0.9022779235124715,0.0,0.0,0.0,0.0,0.0,0.0,-0.7733091810624407,0.6952366295307362,-3.633889861431558,-0.8875350646600947,0.8008279992319717,-3.5562562547014434,0.0,0.0,0.0
17.59999999999995,0.0,0.0,-0.8984521952821489,0.0,0.0,0.0,0.0,0.0,0.0,-0.7555470224656405,0.6802144098508633,-3.642556162541026,-0.8711603538042225,0.7897751760261926,-3.5662463854797193,0.0,0.0,0.0
17.609999999999953,0.0,0.0,-0.8943440452088357,0.0,0.0,0.0,0.0,0.0,0.0,-0.7375955661486084,0.6646311231274762,-3.6509394639310733,-0.8546158317171141,0.7781391947297605,-3.575961619476228,0.0,0.0,0.0
17.619999999999955,0.0,0.0,-0.8899557695212328,0.0,0.0,0.0,0.0,0.0,0.0,-0.7194556360903439,0.6484934208884583,-3.6590380171853365,-0.8379036125689457,0.7659280619424306,-3.58540132655578,0.0,0.0,0.0
17.629999999999956,0.0,0.0,-0.8852897351557913,0.0,0.0,0.0,0.0,0.0,0.0,-0.7011281444934883,0.6318071632324487,-3.6668493982683135,-0.82102573540346,0.7531500484100095,-3.5945650796881523,0.0,0.0,0.0
17.639999999999958,0.0,0.0,-0.8803483682604607,0.0,0.0,0.0,0.0,0.0,0.0,-0.682614149937143,0.6145774218019003,-3.674372241663427,-0.8039841984845262,0.7398139034398654,-3.603452824068391,0.0,0.0,0.0
17.64999999999996,0.0,0.0,-0.8751342834346257,0.0,0.0,0.0,0.0,0.0,0.0,-0.6639147934199885,0.5968104578279086,-3.681605143908295,-0.7867809465167908,0.725928863068669,-3.612063250458775,0.0,0.0,0.0
17.65999999999996,0.0,0.0,-0.8696502904282999,0.0,0.0,0.0,0.0,0.0,0.0,-0.6450312562784866,0.5785138113532292,-3.688545386460493,-0.7694179503225764,0.7115038063234975,-3.6203951504884535,0.0,0.0,0.0
17.669999999999963,0.0,0.0,-0.8638993181667518,0.0,0.0,0.0,0.0,0.0,0.0,-0.6259648059437153,0.5596952220684157,-3.6951910043794625,-0.7518972512984184,0.6965472859816957,-3.628448427782407,0.0,0.0,0.0
17.679999999999964,0.0,0.0,-0.8579033853254119,0.0,0.0,0.0,0.0,0.0,0.0,-0.60671604259669,0.5406209973308145,-3.701525790603972,-0.7342209266498158,0.6810682678790332,-3.636221936433473,0.0,0.0,0.0
17.689999999999966,0.0,0.0,-0.8516573427481348,0.0,0.0,0.0,0.0,0.0,0.0,-0.5872873610149899,0.5211772292770689,-3.707566944264804,-0.7163914806613565,0.6650199787282339,-3.643729742958837,0.0,0.0,0.0
17.699999999999967,0.0,0.0,-0.8451384443189961,0.0,0.0,0.0,0.0,0.0,0.0,-0.5676812704576671,0.501022758896252,-3.7133203627395917,-0.6984106009114268,0.648434489936347,-3.6509469188905195,0.0,0.0,0.0
17.70999999999997,0.0,0.0,-0.838354125947868,0.0,0.0,0.0,0.0,0.0,0.0,-0.5478992482617376,0.48022837301219945,-3.7187661426878504,-0.680280137626515,0.6315063274082661,-3.657865250319054,0.0,0.0,0.0
17.71999999999997,0.0,0.0,-0.8313114543193277,0.0,0.0,0.0,0.0,0.0,0.0,-0.5279438049913783,0.45885485782962054,-3.7239068992812876,-0.6620029831983064,0.614165348448276,-3.6645032630915226,0.0,0.0,0.0
17.729999999999972,0.0,0.0,-0.8240166741894343,0.0,0.0,0.0,0.0,0.0,0.0,-0.5078179844915169,0.4369489941695769,-3.728739801091382,-0.643581589097545,0.596368844656018,-3.6708539369283253,0.0,0.0,0.0
17.739999999999974,0.0,0.0,-0.8164754107110772,0.0,0.0,0.0,0.0,0.0,0.0,-0.48752551688346757,0.4145469726942005,-3.7332632960531544,-0.6250185491337292,0.5780969694108233,-3.676916777478807,0.0,0.0,0.0
17.749999999999975,0.0,0.0,-0.8086928271059494,0.0,0.0,0.0,0.0,0.0,0.0,-0.4670708402090741,0.39167725130007236,-3.7374755395110295,-0.6063165903666017,0.5593453730237503,-3.682689927017225,0.0,0.0,0.0
17.759999999999977,0.0,0.0,-0.8006737418302301,0.0,0.0,0.0,0.0,0.0,0.0,-0.4464591299063915,0.36836258849761816,-3.7413747961161574,-0.5874786701942298,0.5401198062947045,-3.6881719259139407,0.0,0.0,0.0
17.76999999999998,0.0,0.0,-0.7924227158609047,0.0,0.0,0.0,0.0,0.0,0.0,-0.42569630695674093,0.3446215588853243,-3.7449593677908006,-0.5685080491627107,0.5204324550951832,-3.6933612258885664,0.0,0.0,0.0
17.77999999999998,0.0,0.0,-0.7839441185316702,0.0,0.0,0.0,0.0,0.0,0.0,-0.40478902886327855,0.32046967436968776,-3.748227632490062,-0.5494083627107417,0.5002994294090388,-3.6982562730359554,0.0,0.0,0.0
17.78999999999998,0.0,0.0,-0.7752421778653731,0.0,0.0,0.0,0.0,0.0,0.0,-0.38374466281094954,0.29592022600745604,-3.751178055158637,-0.5301836855125427,0.47973908206159516,-3.702855476858859,0.0,0.0,0.0
17.799999999999983,0.0,0.0,-0.7663210196473587,0.0,0.0,0.0,0.0,0.0,0.0,-0.3625712421101568,0.27098492087771975,-3.753809202938542,-0.5108385873711647,0.4587709045714849,-3.7071572201545515,0.0,0.0,0.0
17.809999999999985,0.0,0.0,-0.7571846982360169,0.0,0.0,0.0,0.0,0.0,0.0,-0.34127740656812644,0.24567436846124435,-3.756119756189661,-0.4913781788870904,0.43741482766641326,-3.711159868710454,0.0,0.0,0.0
17.819999999999986,0.0,0.0,-0.74783722123641,0.0,0.0,0.0,0.0,0.0,0.0,-0.31987232743150634,0.21999845458696443,-3.758108518771018,-0.47180814584024966,0.41569080309584805,-3.714861787435782,0.0,0.0,0.0
17.829999999999988,0.0,0.0,-0.7382825695458466,0.0,0.0,0.0,0.0,0.0,0.0,-0.2983656185259758,0.19396663040486462,-3.759774426874375,-0.4521347716943945,0.3936185800486086,-3.7182613572233354,0.0,0.0,0.0
17.83999999999999,0.0,0.0,-0.728524713841712,0.0,0.0,0.0,0.0,0.0,0.0,-0.2767672360985822,0.1675881362038909,-3.761116556323211,-0.4323649476468018,0.37121761469946063,-3.7213569922117853,0.0,0.0,0.0
17.84999999999999,0.0,0.0,-0.7185676282676564,0.0,0.0,0.0,0.0,0.0,0.0,-0.25508737041714596,0.140872174535414,-3.762134128393884,-0.41250616981577304,0.348507069492371,-3.724147156691912,0.0,0.0,0.0
17.859999999999992,0.0,0.0,-0.7084153018467634,0.0,0.0,0.0,0.0,0.0,0.0,-0.23333633253985325,0.11382804331203444,-3.762826514222118,-0.3925665235447541,0.32550587162168193,-3.7266303810381243,0.0,0.0,0.0
17.869999999999994,0.0,0.0,-0.698071747984527,0.0,0.0,0.0,0.0,0.0,0.0,-0.21152443984191072,0.08646523683315577,-3.763193237885228,-0.37255465525391585,0.30223280934886737,-3.728805276275443,0.0,0.0,0.0
17.879999999999995,0.0,0.0,-0.6875410123036024,0.0,0.0,0.0,0.0,0.0,0.0,-0.1896619038637104,0.05879352071474542,-3.7632339782649824,-0.3524797327377413,0.27870665137422557,-3.730670547042161,0.0,0.0,0.0
17.889999999999997,0.0,0.0,-0.6768271789646805,0.0,0.0,0.0,0.0,0.0,0.0,-0.16775872383453339,0.030822985241748535,-3.7629485698031364,-0.3323513952585876,0.2549462792185163,-3.7322250028299613,0.0,0.0,0.0
17.9,0.0,0.0,-0.6659343755656206,0.0,0.0,0.0,0.0,0.0,0.0,-0.14582458885484328,0.0025640805585149806,-3.762337002258394,-0.31217969518917055,0.23097082599085272,-3.733467567474622,0.0,0.0,0.0
17.91,0.0,0.0,-0.6548667766682241,0.0,0.0,0.0,0.0,0.0,0.0,-0.12386879122941752,-0.025972363746698868,-3.7613994195620735,-0.29197503328287866,0.2067998174013184,-3.734397286939263,0.0,0.0,0.0
17.92,0.0,0.0,-0.6436286059740652,0.0,0.0,0.0,0.0,0.0,0.0,-0.10190015287944598,-0.05477513280338053,-3.7601361178499575,-0.2717480898773419,0.18245331268854958,-3.735013335478772,0.0,0.0,0.0
17.930000000000003,0.0,0.0,-0.6322241371536018,0.0,0.0,0.0,0.0,0.0,0.0,-0.07992696617032924,-0.0838326330993806,-3.7585475427225816,-0.2515097544522964,0.15795204446744032,-3.7353150203011056,0.0,0.0,0.0
17.940000000000005,0.0,0.0,-0.6206576933232355,0.0,0.0,0.0,0.0,0.0,0.0,-0.05795694991363476,-0.11313291086838495,-3.7566342857559283,-0.23127105596606495,0.1333175574995324,-3.7353017848494625,0.0,0.0,0.0
17.950000000000006,0.0,0.0,-0.6089337014404413,0.0,0.0,0.0,0.0,0.0,0.0,-0.03599220628654465,-0.14266212931757627,-3.7543867808911306,-0.21104309629410772,0.10857234715180217,-3.734973210820649,0.0,0.0,0.0
17.960000000000008,0.0,0.0,-0.5970566880157527,0.0,0.0,0.0,0.0,0.0,0.0,-0.014028349032385368,-0.1724099137778028,-3.751818012163355,-0.19083768164562687,0.08373924411589771,-3.7343371369214737,0.0,0.0,0.0
17.97000000000001,0.0,0.0,-0.5850311503827678,0.0,0.0,0.0,0.0,0.0,0.0,0.007932184122907415,-0.20236499939531116,-3.7489369837250472,-0.1706681138636828,0.05884435626393042,-3.733379747204395,0.0,0.0,0.0
17.98000000000001,0.0,0.0,-0.5728613707577462,0.0,0.0,0.0,0.0,0.0,0.0,0.029865022517271855,-0.2324675682755184,-3.745470497438749,-0.15054442448359273,0.03391439946882999,-3.7320960132299628,0.0,0.0,0.0
17.990000000000013,0.0,0.0,-0.5605158376446059,0.0,0.0,0.0,0.0,0.0,0.0,0.05179426904980222,-0.26327378766516585,-3.7419416679802584,-0.13046631254536864,-0.02042709576762899,-3.7307104783964222,0.0,0.0,0.0
18.000000000000014,0.0,0.0,-0.5480046519598131,0.0,0.0,0.0,0.0,0.0,0.0,0.0736912982141108,-0.2946548662282331,-3.738026020344557,-0.11046140229333136,-0.04224455099437954,-3.728662451553284,0.0,0.0,0.0
18.010000000000016,0.0,0.0,-0.5353719137514608,0.0,0.0,0.0,0.0,0.0,0.0,0.09555491243631764,-0.32610961739976396,-3.733894567716429,-0.09052509358252205,-0.0655025322945351,-3.726361036839309,0.0,0.0,0.0
18.020000000000017,0.0,0.0,-0.5226199041386672,0.0,0.0,0.0,0.0,0.0,0.0,0.11737268372293819,-0.3576308615908603,-3.729425181909061,-0.07067017094716418,-0.09030718559949515,-3.723668766545878,0.0,0.0,0.0
18.03000000000002,0.0,0.0,-0.5097511542655218,0.0,0.0,0.0,0.0,0.0,0.0,0.13914266504483264,-0.38923784249632476,-3.7246460977413074,-0.050903047304716724,-0.11654176193752806,-3.720719623965076,0.0,0.0,0.0
18.04000000000002,0.0,0.0,-0.49676862450687553,0.0,0.0,0.0,0.0,0.0,0.0,0.16086122401379788,-0.42093875508863876,-3.7195518511984647,-0.031236199870964897,-0.14407434611460146,-3.7174753747123024,0.0,0.0,0.0
18.050000000000022,0.0,0.0,-0.4836803159480332,0.0,0.0,0.0,0.0,0.0,0.0,0.18289226152627347,-0.4527406679604735,-3.714117995593563,0.017094432370408474,-0.17278099539218367,-3.7139383732938245,0.0,0.0,0.0
18.060000000000024,0.0,0.0,-0.4704886942550184,0.0,0.0,0.0,0.0,0.0,0.0,0.2051384423865712,-0.4846512956257216,-3.7083793824537943,0.03313417445300545,-0.20254071375203606,-3.710110223641642,0.0,0.0,0.0
18.070000000000025,0.0,0.0,-0.45719222612932126,0.0,0.0,0.0,0.0,0.0,0.0,0.22716216326887295,-0.5166656278981372,-3.702360841233566,0.050063129131150214,-0.2332344324129476,-3.705964615597932,0.0,0.0,0.0
18.080000000000027,0.0,0.0,-0.4437958584983045,0.0,0.0,0.0,0.0,0.0,0.0,0.24901426690975415,-0.5487718373200643,-3.6960275675055168,0.06796861303303704,-0.26475456011432774,-3.701493939142923,0.0,0.0,0.0
18.09000000000003,0.0,0.0,-0.4303047024289118,0.0,0.0,0.0,0.0,0.0,0.0,0.27074020626685513,-0.5809648210175107,-3.689389998276804,0.08672525113716784,-0.29700121812057195,-3.696735582626588,0.0,0.0,0.0
18.10000000000003,0.0,0.0,-0.416724006344377,0.0,0.0,0.0,0.0,0.0,0.0,0.2923739067149985,-0.6132335593355309,-3.6824490300712527,0.1062191869468126,-0.3298740707429695,-3.691676429548377,0.0,0.0,0.0
18.11000000000003,0.0,0.0,-0.4030591598312119,0.0,0.0,0.0,0.0,0.0,0.0,0.3139410611901273,-0.6455637567086296,-3.6752082467534706,0.12635026844196048,-0.3632814880184059,-3.6863162894193646,0.0,0.0,0.0
18.120000000000033,0.0,0.0,-0.3893156906305529,0.0,0.0,0.0,0.0,0.0,0.0,0.3354606928193815,-0.6779370508028197,-3.667671070906604,0.14702946368996916,-0.39713858669111707,-3.680653564478484,0.0,0.0,0.0
18.130000000000035,0.0,0.0,-0.3754992493603192,0.0,0.0,0.0,0.0,0.0,0.0,0.35694657788928263,-0.710331102312082,-3.6598413819428313,0.1681775028466006,-0.4313675664979715,-3.6746883878371595,0.0,0.0,0.0
18.140000000000036,0.0,0.0,-0.3616155811988772,0.0,0.0,0.0,0.0,0.0,0.0,0.37840828515537106,-0.7427196103455418,-3.6517233229455073,0.18972368129308387,-0.4658972231765549,-3.6684217653828246,0.0,0.0,0.0
18.150000000000038,0.0,0.0,-0.34767048457840993,0.0,0.0,0.0,0.0,0.0,0.0,0.39985199442084896,-0.7750725239237033,-3.6433212809206976,0.21160493608202108,-0.5006624140871588,-3.6618556583774606,0.0,0.0,0.0
18.16000000000004,0.0,0.0,-0.3336697589115516,0.0,0.0,0.0,0.0,0.0,0.0,0.42128113243516796,-0.8073564051358444,-3.6346398166962954,0.23376506631496602,-0.5356033358587466,-3.6549928563678575,0.0,0.0,0.0
18.17000000000004,0.0,0.0,-0.31961914495368837,0.0,0.0,0.0,0.0,0.0,0.0,0.442696872921432,-0.8395349423317202,-3.625683601853183,0.2561540600406483,-0.5706647118120145,-3.647836894462098,0.0,0.0,0.0
18.180000000000042,0.0,0.0,-0.30552426288218737,0.0,0.0,0.0,0.0,0.0,0.0,0.46409853098371645,-0.8715695646393717,-3.6164573588926667,0.27872749187337226,-0.6057949416184171,-3.640391949320822,0.0,0.0,0.0
18.190000000000044,0.0,0.0,-0.29139055413939197,0.0,0.0,0.0,0.0,0.0,0.0,0.4854838759544571,-0.9034200804632961,-3.6069658178508197,0.30144597153334407,-0.640945281339884,-3.6326627262299285,0.0,0.0,0.0
18.200000000000045,0.0,0.0,-0.2772232289256162,0.0,0.0,0.0,0.0,0.0,0.0,0.5068493778385601,-0.9350453208633884,-3.597213674782418,0.3242746308956733,-0.6760691162318042,-3.6246543369413944,0.0,0.0,0.0
18.210000000000047,0.0,0.0,-0.26302720828776205,0.0,0.0,0.0,0.0,0.0,0.0,0.5281892705542814,-0.9664049545696747,-3.5872099939976976,0.3471826436350612,-0.7111213592230979,-3.6163721839167238,0.0,0.0,0.0
18.22000000000005,0.0,0.0,-0.24880709677232202,0.0,0.0,0.0,0.0,0.0,0.0,0.5494949396885391,-0.9974554000070759,-3.5769519515795203,0.3701428162228791,-0.7460571612501554,-3.607818368697384,0.0,0.0,0.0
18.23000000000005,0.0,0.0,-0.23456718505973043,0.0,0.0,0.0,0.0,0.0,0.0,0.5707607329913904,-1.0281556117518296,-3.5664417084334854,0.39313212277024523,-0.7808350671050738,-3.5990061935654736,0.0,0.0,0.0
18.24000000000005,0.0,0.0,-0.22031154701105543,0.0,0.0,0.0,0.0,0.0,0.0,0.5919967521933007,-1.0584688934492825,-3.5556894897240205,0.41612859948827735,-0.815412404380586,-3.5899416196872465,0.0,0.0,0.0
18.250000000000053,0.0,0.0,-0.20604371373496608,0.0,0.0,0.0,0.0,0.0,0.0,0.6131928675894407,-1.088357755129603,-3.5446995903264193,0.4391086923315336,-0.8497447135573074,-3.5806224747404936,0.0,0.0,0.0
18.260000000000055,0.0,0.0,-0.191766749886238,0.0,0.0,0.0,0.0,0.0,0.0,0.634323895388377,-1.1177864530707389,-3.5334776114066173,0.4620556260613752,-0.8837904323323026,-3.571055414027959,0.0,0.0,0.0
18.270000000000056,0.0,0.0,-0.1774835376814493,0.0,0.0,0.0,0.0,0.0,0.0,0.6553810777514884,-1.1467207694010817,-3.522025061477267,0.48496340212567773,-0.9175087049176083,-3.5612454673096154,0.0,0.0,0.0
18.280000000000058,0.0,0.0,-0.16319662690759112,0.0,0.0,0.0,0.0,0.0,0.0,0.676355155649484,-1.1751298002870145,-3.510345944357215,0.5078169550924608,-0.950859890867832,-3.551200454121106,0.0,0.0,0.0
18.29000000000006,0.0,0.0,-0.14890826049691527,0.0,0.0,0.0,0.0,0.0,0.0,0.6972361648959344,-1.2029851164469991,-3.498443512719856,0.5306024876706865,-0.9838044862713107,-3.5409247476902057,0.0,0.0,0.0
18.30000000000006,0.0,0.0,-0.13462040272459966,0.0,0.0,0.0,0.0,0.0,0.0,0.7180137729164413,-1.2302612444997165,-3.4863209762274288,0.5533074378877447,-1.016304360938619,-3.5304230493361444,0.0,0.0,0.0
18.310000000000063,0.0,0.0,-0.1203347715639803,0.0,0.0,0.0,0.0,0.0,0.0,0.7386774490794072,-1.2569358667062387,-3.473981349996448,0.5759200762422276,-1.0483227337844159,-3.5196995357261147,0.0,0.0,0.0
18.320000000000064,0.0,0.0,-0.1060528645460895,0.0,0.0,0.0,0.0,0.0,0.0,0.7592146506051154,-1.282992576313843,-3.4614358928019926,0.5984292797525205,-1.0798244303258207,-3.5087580208747386,0.0,0.0,0.0
18.330000000000066,0.0,0.0,-0.09177582510245326,0.0,0.0,0.0,0.0,0.0,0.0,0.7795614878040329,-1.3083035514966532,-3.4483318534329914,0.6208243240294936,-1.1107741660727806,-3.4975953424533706,0.0,0.0,0.0
18.340000000000067,0.0,0.0,-0.07750492555477723,0.0,0.0,0.0,0.0,0.0,0.0,0.7997931873488735,-1.3330937903296434,-3.435357076200717,0.6431272200326554,-1.1412285167378138,-3.4865047800186795,0.0,0.0,0.0
18.35000000000007,0.0,0.0,-0.06324151441604399,0.0,0.0,0.0,0.0,0.0,0.0,0.8198331107719112,-1.3571999678357782,-3.422095816876384,0.665256054922589,-1.1709471191182967,-3.474805716249614,0.0,0.0,0.0
18.36000000000007,0.0,0.0,-0.04898674208216091,0.0,0.0,0.0,0.0,0.0,0.0,0.8396761847234813,-1.3806509872236474,-3.408645116767278,0.6872521664995976,-1.2000612638487782,-3.4629908525889936,0.0,0.0,0.0
18.370000000000072,0.0,0.0,-0.034741807986307306,0.0,0.0,0.0,0.0,0.0,0.0,0.859299218059691,-1.403438903668473,-3.394985128737238,0.7090920962604256,-1.2285120481281924,-3.4509509210107923,0.0,0.0,0.0
18.380000000000074,0.0,0.0,-0.020508029549238305,0.0,0.0,0.0,0.0,0.0,0.0,0.8787097390736665,-1.4256378159193814,-3.3813155052457207,0.7307667262461148,-1.2562861559519716,-3.4387130643568815,0.0,0.0,0.0
18.390000000000075,0.0,0.0,-0.006286887250546448,0.0,0.0,0.0,0.0,0.0,0.0,0.8978257014933475,-1.4471121790106487,-3.367245813764628,0.7522438767909451,-1.2833115813513778,-3.4261159764861793,0.0,0.0,0.0
18.400000000000077,0.0,0.0,0.007919912515456939,0.0,0.0,0.0,0.0,0.0,0.0,0.916658235036089,-1.4679624258881105,-3.353025795582755,0.7735569757829849,-1.3097036227523304,-3.413551706080363,0.0,0.0,0.0
18.41000000000008,0.0,0.0,0.02211037392386467,0.0,0.0,0.0,0.0,0.0,0.0,0.9351723600300546,-1.4881809222359794,-3.338599432570713,0.7946578990469974,-1.3353556671207116,-3.4007317323899247,0.0,0.0,0.0
18.42000000000008,0.0,0.0,0.03628217226209987,0.0,0.0,0.0,0.0,0.0,0.0,0.9533432011519931,-1.5077886238036022,-3.3239831802735926,0.8155389878530181,-1.3602829895752173,-3.3877255097514296,0.0,0.0,0.0
18.43000000000008,0.0,0.0,0.05043262157649945,0.0,0.0,0.0,0.0,0.0,0.0,0.971142894583098,-1.526802013667381,-3.3091760679468125,0.8361810308679023,-1.38447670602885,-3.3745177414044494,0.0,0.0,0.0
18.440000000000083,0.0,0.0,0.06455865490381578,0.0,0.0,0.0,0.0,0.0,0.0,0.9885445894547171,-1.5452404010762404,-3.294181406383199,0.8565658511229496,-1.407938558756562,-3.361113578659599,0.0,0.0,0.0
18.450000000000085,0.0,0.0,0.07865681957010454,0.0,0.0,0.0,0.0,0.0,0.0,1.0055223940799927,-1.56312336551398,-3.2790015999053868,0.8766731230584398,-1.430672285807779,-3.34751327885787,0.0,0.0,0.0
18.460000000000086,0.0,0.0,0.09272328856048004,0.0,0.0,0.0,0.0,0.0,0.0,1.0220523691186856,-1.5804705766186542,-3.263639448908842,0.8964811822464558,-1.4526854816366637,-3.3337183416723226,0.0,0.0,0.0
18.470000000000088,0.0,0.0,0.10675388766151893,0.0,0.0,0.0,0.0,0.0,0.0,1.0381132508274025,-1.5973010535277385,-3.248097894808717,0.915966992299073,-1.4739887934781337,-3.319730049147573,0.0,0.0,0.0
18.48000000000009,0.0,0.0,0.12074433184135594,0.0,0.0,0.0,0.0,0.0,0.0,1.0537146501038233,-1.6136326068516818,-3.2323755005085033,0.9351064724365381,-1.4945956648972674,-3.3055498362863207,0.0,0.0,0.0
18.49000000000009,0.0,0.0,0.13468998846733005,0.0,0.0,0.0,0.0,0.0,0.0,1.0688461062891763,-1.6294830486183551,-3.216480162057885,0.9538684162939617,-1.5145218561066132,-3.2911804863868728,0.0,0.0,0.0
18.500000000000092,0.0,0.0,0.14858581231400772,0.0,0.0,0.0,0.0,0.0,0.0,1.0834732111588194,-1.644865836372567,-3.200419778974993,0.9722261769114805,-1.5337835035745104,-3.2766198492200784,0.0,0.0,0.0
18.510000000000094,0.0,0.0,0.1624267964564728,0.0,0.0,0.0,0.0,0.0,0.0,1.0975904162990773,-1.6597902696867362,-3.184193997368259,0.9901739999764719,-1.5524002615639547,-3.2618680761624343,0.0,0.0,0.0
18.520000000000095,0.0,0.0,0.1762078914683004,0.0,0.0,0.0,0.0,0.0,0.0,1.111197798220426,-1.674265069511141,-3.16780850718746,1.0076884323495383,-1.570393587617708,-3.2469325766100368,0.0,0.0,0.0
18.530000000000097,0.0,0.0,0.18992409383628642,0.0,0.0,0.0,0.0,0.0,0.0,1.1243000861417536,-1.688294507823251,-3.1512661798030734,1.0247468965002986,-1.5877825712732712,-3.2318143834372406,0.0,0.0,0.0
18.5400000000001,0.0,0.0,0.20357052622957444,0.0,0.0,0.0,0.0,0.0,0.0,1.1369075669540427,-1.701881159678762,-3.1345747924001772,1.0413296650982815,-1.604587135064584,-3.2165179172852167,0.0,0.0,0.0
18.5500000000001,0.0,0.0,0.21714326136403148,0.0,0.0,0.0,0.0,0.0,0.0,1.1490323796158504,-1.715005161973191,-3.1177495031604936,1.05741914389969,-1.6208246969171394,-3.2010435293177335,0.0,0.0,0.0
18.5600000000001,0.0,0.0,0.23063732131016265,0.0,0.0,0.0,0.0,0.0,0.0,1.1606854573569798,-1.7276711779218497,-3.100781500545224,1.0730022481511516,-1.636516897548025,-3.1853915738948526,0.0,0.0,0.0
18.570000000000103,0.0,0.0,0.2440474459253442,0.0,0.0,0.0,0.0,0.0,0.0,1.171882645412433,-1.7398957580654102,-3.083676082365834,1.0880719934298797,-1.651679160756641,-3.1695764167940945,0.0,0.0,0.0
18.580000000000105,0.0,0.0,0.25737046992633844,0.0,0.0,0.0,0.0,0.0,0.0,1.1826419073116647,-1.7516527456084283,-3.0664558867354446,1.1026222554811362,-1.6663055975405283,-3.153600222055224,0.0,0.0,0.0
18.590000000000106,0.0,0.0,0.2706034396938847,0.0,0.0,0.0,0.0,0.0,0.0,1.192978979732719,-1.7629119805578979,-3.049123206179012,1.1166503688262115,-1.6804179261243635,-3.1374561011054958,0.0,0.0,0.0
18.600000000000108,0.0,0.0,0.28374354030392,0.0,0.0,0.0,0.0,0.0,0.0,1.2029115048265373,-1.7736498168670174,-3.0316846569996887,1.1301598770741594,-1.694033626713454,-3.12115929166007,0.0,0.0,0.0
18.61000000000011,0.0,0.0,0.2967880921901542,0.0,0.0,0.0,0.0,0.0,0.0,1.2124574724408115,-1.7838458664613626,-3.014145954699598,1.1431558627792762,-1.7071575848661662,-3.10471823569202,0.0,0.0,0.0
18.62000000000011,0.0,0.0,0.3097375272977284,0.0,0.0,0.0,0.0,0.0,0.0,1.2216359482158703,-1.793434791531455,-2.99653291149629,1.1556459610367638,-1.7197879985910918,-3.088141327320483,0.0,0.0,0.0
18.630000000000113,0.0,0.0,0.3225923438264218,0.0,0.0,0.0,0.0,0.0,0.0,1.2304617554438821,-1.8023540149951085,-2.9788469027000284,1.1676397602740036,-1.731930996578051,-3.07143044610272,0.0,0.0,0.0
18.640000000000114,0.0,0.0,0.33535148361146805,0.0,0.0,0.0,0.0,0.0,0.0,1.2389498624831594,-1.8105767994672224,-2.9610835928452577,1.1791516752959856,-1.7435949947654288,-3.054604947191001,0.0,0.0,0.0
18.650000000000116,0.0,0.0,0.34801612542822125,0.0,0.0,0.0,0.0,0.0,0.0,1.2471173222466363,-1.8180544721564802,-2.9432637828898147,1.190196267061503,-1.7547481634492272,-3.0376845089058735,0.0,0.0,0.0
18.660000000000117,0.0,0.0,0.3605882986328171,0.0,0.0,0.0,0.0,0.0,0.0,1.2549771492542092,-1.8247279146533124,-2.9253938693930914,1.2007867973864534,-1.7653693848488208,-3.0206668519803377,0.0,0.0,0.0
18.67000000000012,0.0,0.0,0.3730707459359527,0.0,0.0,0.0,0.0,0.0,0.0,1.262541625594559,-1.8305373473409094,-2.907482646314839,1.2109402244212932,-1.7754393950893317,-3.0035670792631026,0.0,0.0,0.0
18.68000000000012,0.0,0.0,0.3854667742924384,0.0,0.0,0.0,0.0,0.0,0.0,1.269821626139607,-1.8354229022568864,-2.8895372853206496,1.2206733109777588,-1.7849313820259112,-2.9863969477566195,0.0,0.0,0.0
18.690000000000122,0.0,0.0,0.3977800400430287,0.0,0.0,0.0,0.0,0.0,0.0,1.2768268192135575,-1.8393276256602187,-2.871563988065553,1.230002965429004,-1.7938126604318605,-2.9691689959754983,0.0,0.0,0.0
18.700000000000124,0.0,0.0,0.41001427324648904,0.0,0.0,0.0,0.0,0.0,0.0,1.2835656786683218,-1.8422003370397837,-2.8535675707579946,1.2389457382691693,-1.8020443468535245,-2.9518950763206013,0.0,0.0,0.0
18.710000000000125,0.0,0.0,0.4221729602679396,0.0,0.0,0.0,0.0,0.0,0.0,1.2900455548883452,-1.843998654079014,-2.8355514258338443,1.247517582443451,-1.8095819022308202,-2.9345861555188937,0.0,0.0,0.0
18.720000000000127,0.0,0.0,0.43425901398773054,0.0,0.0,0.0,0.0,0.0,0.0,1.2962727308306636,-1.8446916937710984,-2.8175175559371786,1.2557336119668432,-1.8163759923808878,-2.917251763791297,0.0,0.0,0.0
18.73000000000013,0.0,0.0,0.44627446731693166,0.0,0.0,0.0,0.0,0.0,0.0,1.302252467258832,-1.8442621316262287,-2.799466771215343,1.2636079290949096,-1.8223739086428246,-2.8998995522416156,0.0,0.0,0.0
18.74000000000013,0.0,0.0,0.4582202258010237,0.0,0.0,0.0,0.0,0.0,0.0,1.307989028163343,-1.8427073215926706,-2.781399013761722,1.271153507202259,-1.8275215130960487,-2.8825349328199694,0.0,0.0,0.0
18.75000000000013,0.0,0.0,0.470095908064011,0.0,0.0,0.0,0.0,0.0,0.0,1.3134856880058647,-1.8400393163949458,-2.763313771642951,1.2783821313153065,-1.8317656272707925,-2.8651608900911616,0.0,0.0,0.0
18.760000000000133,0.0,0.0,0.4818997892973979,0.0,0.0,0.0,0.0,0.0,0.0,1.3187447204864278,-1.8362837935786365,-2.745210521600403,1.2853043879530355,-1.8350566770331176,-2.8477780057762887,0.0,0.0,0.0
18.770000000000135,0.0,0.0,0.4936288599649889,0.0,0.0,0.0,0.0,0.0,0.0,1.3237677790559963,-1.8314780580170593,-2.72708906062291,1.2919296944970264,-1.8373513363671043,-2.8303847117703103,0.0,0.0,0.0
18.780000000000136,0.0,0.0,0.5052790079429191,0.0,0.0,0.0,0.0,0.0,0.0,1.3285573194530897,-1.8256684411905697,-2.7089496400811792,1.2982662530458133,-1.838614883658482,-2.812977768642816,0.0,0.0,0.0
18.790000000000138,0.0,0.0,0.5168452566895959,0.0,0.0,0.0,0.0,0.0,0.0,1.3331176444461794,-1.818907479462009,-2.6907932600714117,1.3043207364487905,-1.838822986108877,-2.795552876393118,0.0,0.0,0.0
18.80000000000014,0.0,0.0,0.5283220021191024,0.0,0.0,0.0,0.0,0.0,0.0,1.3374547719354233,-1.8112510643631659,-2.672621950598363,1.310098235746022,-1.837962708955504,-2.778105159549669,0.0,0.0,0.0
18.81000000000014,0.0,0.0,0.5397032478795796,0.0,0.0,0.0,0.0,0.0,0.0,1.341576100281582,-1.802755796496557,-2.654438764540804,1.3156029906350384,-1.8360328087305864,-2.760629669548102,0.0,0.0,0.0
18.820000000000142,0.0,0.0,0.5509828184453348,0.0,0.0,0.0,0.0,0.0,0.0,1.3454900083437353,-1.793476821059902,-2.636247717279293,1.3208390608475031,-1.8330433461169298,-2.743122030514964,0.0,0.0,0.0
18.830000000000144,0.0,0.0,0.5621545366105837,0.0,0.0,0.0,0.0,0.0,0.0,1.349205422669323,-1.7834662035351947,-2.618053662928603,1.3258108289528376,-1.8290146219761796,-2.7255789170596016,0.0,0.0,0.0
18.840000000000146,0.0,0.0,0.5732110677149183,0.0,0.0,0.0,0.0,0.0,0.0,1.3526657603614094,-1.772629547268866,-2.5994907921432886,1.3305233390104299,-1.8239756382106567,-2.70799838657544,0.0,0.0,0.0
18.850000000000147,0.0,0.0,0.5841467750051449,0.0,0.0,0.0,0.0,0.0,0.0,1.3560358122604017,-1.7613566597546155,-2.581388157544075,1.3350342386124512,-1.8180830230419351,-2.6906831651373584,0.0,0.0,0.0
18.86000000000015,0.0,0.0,0.5949576962744378,0.0,0.0,0.0,0.0,0.0,0.0,1.3592129999340672,-1.7494343476615697,-2.5632033549924906,1.3392084585132737,-1.8110429473071117,-2.672818452140878,0.0,0.0,0.0
18.87000000000015,0.0,0.0,0.6056592553089801,0.0,0.0,0.0,0.0,0.0,0.0,1.362739267094023,-1.7369687607075148,-2.5450241455116807,1.3431705249078432,-1.803180049667087,-2.655060877234824,0.0,0.0,0.0
18.88000000000015,0.0,0.0,0.6162429032395568,0.0,0.0,0.0,0.0,0.0,0.0,1.3664809099708308,-1.7239809514378388,-2.5268824947115966,1.3467671939729393,-1.7944579398377243,-2.6372458570770196,0.0,0.0,0.0
18.890000000000153,0.0,0.0,0.6266794477543313,0.0,0.0,0.0,0.0,0.0,0.0,1.3698128489290102,-1.7104608514621003,-2.5088359245420255,1.3500398497152977,-1.7849336277953327,-2.6194022389940073,0.0,0.0,0.0
18.900000000000155,0.0,0.0,0.6369654394971591,0.0,0.0,0.0,0.0,0.0,0.0,1.3727723719830691,-1.6964093554225936,-2.4908242468152815,1.3534159889239286,-1.7746821211239847,-2.601529565567412,0.0,0.0,0.0
18.910000000000156,0.0,0.0,0.6470975784008433,0.0,0.0,0.0,0.0,0.0,0.0,1.3754141555567965,-1.6818605270266787,-2.4728646553347886,1.3567879037254504,-1.7637553653346907,-2.5837004165044553,0.0,0.0,0.0
18.920000000000158,0.0,0.0,0.6570731371634732,0.0,0.0,0.0,0.0,0.0,0.0,1.3777850818247093,-1.6668357951710986,-2.454959017321049,1.3600624567278874,-1.7521683865925128,-2.5658962959935474,0.0,0.0,0.0
18.93000000000016,0.0,0.0,0.6668896592235357,0.0,0.0,0.0,0.0,0.0,0.0,1.3799236351337665,-1.6513531284798715,-2.437114096490255,1.3631784236055964,-1.739948432677733,-2.5481199384137194,0.0,0.0,0.0
18.94000000000016,0.0,0.0,0.6765447549968675,0.0,0.0,0.0,0.0,0.0,0.0,1.3818572573820935,-1.635425809026274,-2.4193362409264267,1.3660980041768778,-1.72712306853664,-2.5303712416685515,0.0,0.0,0.0
18.950000000000163,0.0,0.0,0.6860360020825058,0.0,0.0,0.0,0.0,0.0,0.0,1.3836029168122332,-1.6190636458340064,-2.401632175593842,1.368802390432653,-1.713720739406832,-2.5126531907667164,0.0,0.0,0.0
18.960000000000164,0.0,0.0,0.6953609107601252,0.0,0.0,0.0,0.0,0.0,0.0,1.3851684558286133,-1.6022735429027222,-2.3840085105140365,1.3712858808817026,-1.6997689598947303,-2.4949703239319807,0.0,0.0,0.0
18.970000000000166,0.0,0.0,0.704516924799857,0.0,0.0,0.0,0.0,0.0,0.0,1.3865543819364325,-1.5850601311759167,-2.3664716979087794,1.3735509393573764,-1.685293562528885,-2.477328692744531,0.0,0.0,0.0
18.980000000000167,0.0,0.0,0.7135014391241188,0.0,0.0,0.0,0.0,0.0,0.0,1.3877556226639147,-1.5674262652115036,-2.349027957097625,1.3756042000035134,-1.670318115231247,-2.459735356613747,0.0,0.0,0.0
18.99000000000017,0.0,0.0,0.7223118234518986,0.0,0.0,0.0,0.0,0.0,0.0,1.3887630858632056,-1.549373433583404,-2.331683251431728,1.3774535682609594,-1.6548636532804664,-2.4421980190055392,0.0,0.0,0.0
19.00000000000017,0.0,0.0,0.7309454093019653,0.0,0.0,0.0,0.0,0.0,0.0,1.3895643535591966,-1.5309023471884209,-2.314444157047138,1.3791062724770564,-1.6389486055590756,-2.4247247078658076,0.0,0.0,0.0
19.010000000000172,0.0,0.0,0.7393994895954871,0.0,0.0,0.0,0.0,0.0,0.0,1.3901439743547166,-1.5120123634931897,-2.2973158244300835,1.3805677643868726,-1.6225886451009417,-2.407322901388191,0.0,0.0,0.0
19.020000000000174,0.0,0.0,0.7476713871464122,0.0,0.0,0.0,0.0,0.0,0.0,1.3904857054839739,-1.4927022218555388,-2.2803028265850385,1.3818415844295375,-1.6057976085536951,-2.3900013321527513,0.0,0.0,0.0
19.030000000000175,0.0,0.0,0.7557584856098355,0.0,0.0,0.0,0.0,0.0,0.0,1.3905738302405286,-1.472970810413302,-2.2634104767265777,1.3829282152780469,-1.5885870999078324,-2.3727685300632504,0.0,0.0,0.0
19.040000000000177,0.0,0.0,0.7636582166620144,0.0,0.0,0.0,0.0,0.0,0.0,1.3903928631230449,-1.4528166717861861,-2.2466433215877597,1.3838247267692725,-1.5709662669612845,-2.355631588823405,0.0,0.0,0.0
19.05000000000018,0.0,0.0,0.7713680589868828,0.0,0.0,0.0,0.0,0.0,0.0,1.389927954536304,-1.432238400878152,-2.2300057973063994,1.3845257825061943,-1.5529427484708962,-2.338597825499593,0.0,0.0,0.0
19.06000000000018,0.0,0.0,0.778885534879687,0.0,0.0,0.0,0.0,0.0,0.0,1.3891650910464979,-1.411234727592404,-2.213502072811206,1.3850239288814796,-1.5345226432421177,-2.321673994340678,0.0,0.0,0.0
19.07000000000018,0.0,0.0,0.7862082031619371,0.0,0.0,0.0,0.0,0.0,0.0,1.3880912629765132,-1.3898046756119617,-2.19713609983191,1.385310044077824,-1.5157108123214666,-2.304866467884181,0.0,0.0,0.0
19.080000000000183,0.0,0.0,0.7933336489520083,0.0,0.0,0.0,0.0,0.0,0.0,1.3866945618334525,-1.3679476975566902,-2.180911614401319,1.385373738950615,-1.4965110786925235,-2.2881811845309974,0.0,0.0,0.0
19.090000000000185,0.0,0.0,0.8002594709977499,0.0,0.0,0.0,0.0,0.0,0.0,1.384964234143638,-1.345663810144821,-2.1648321514535414,1.3852037468202223,-1.4769264371114625,-2.271623661760993,0.0,0.0,0.0
19.100000000000186,0.0,0.0,0.8069832672611228,0.0,0.0,0.0,0.0,0.0,0.0,1.3828906994967174,-1.3229537225099448,-2.14890105736122,1.3847882753089584,-1.4569592484700105,-2.2551990002923294,0.0,0.0,0.0
19.110000000000188,0.0,0.0,0.8135026194474632,0.0,0.0,0.0,0.0,0.0,0.0,1.3804655422828074,-1.2998189576384767,-2.1331215039852562,1.3841153169275735,-1.4366114263406788,-2.2389118957352268,0.0,0.0,0.0
19.12000000000019,0.0,0.0,0.8198150771473898,0.0,0.0,0.0,0.0,0.0,0.0,1.3776814837991003,-1.276261964928286,-2.117496503200107,1.3831729151752068,-1.415884615112809,-2.222766652579201,0.0,0.0,0.0
19.13000000000019,0.0,0.0,0.825918142220598,0.0,0.0,0.0,0.0,0.0,0.0,1.3745323401453096,-1.2522862222635913,-2.1020289219491968,1.3819493868599975,-1.39478036072171,-2.2067672010385864,0.0,0.0,0.0
19.140000000000192,0.0,0.0,0.8318187494653217,0.0,0.0,0.0,0.0,0.0,0.0,1.371015022393394,-1.2278313614210803,-2.086744916360077,1.3804335029398298,-1.3733002740890607,-2.190917116136135,0.0,0.0,0.0
19.150000000000194,0.0,0.0,0.8375114514398904,0.0,0.0,0.0,0.0,0.0,0.0,1.3671194103937596,-1.2029133643246426,-2.071614841780564,1.3786141079223264,-1.3514626436904031,-2.175213249834073,0.0,0.0,0.0
19.160000000000196,0.0,0.0,0.8429816281533351,0.0,0.0,0.0,0.0,0.0,0.0,1.3628426106702967,-1.1776251832864455,-2.056623620805254,1.37648554137852,-1.3292723975578078,-2.1596806329504057,0.0,0.0,0.0
19.170000000000197,0.0,0.0,0.8482273925518472,0.0,0.0,0.0,0.0,0.0,0.0,1.3581891034975948,-1.1519796402978804,-2.0418062441846594,1.3740364495617714,-1.306673123968599,-2.144323523559646,0.0,0.0,0.0
19.1800000000002,0.0,0.0,0.853246840041499,0.0,0.0,0.0,0.0,0.0,0.0,1.3531551489239033,-1.1259757837279003,-2.027158359396219,1.3712523775903913,-1.2836759643079252,-2.1291099243036165,0.0,0.0,0.0
19.1900000000002,0.0,0.0,0.8580377289125882,0.0,0.0,0.0,0.0,0.0,0.0,1.3477397584605688,-1.0996189442942224,-2.012683927449602,1.3681290158535675,-1.260303497920173,-2.1140532815659,0.0,0.0,0.0
19.200000000000202,0.0,0.0,0.8626000037029153,0.0,0.0,0.0,0.0,0.0,0.0,1.3419776256921558,-1.0729167478643236,-1.9983768562544828,1.364660398949875,-1.2365703921401756,-2.099156071417569,0.0,0.0,0.0
19.210000000000203,0.0,0.0,0.866930601349141,0.0,0.0,0.0,0.0,0.0,0.0,1.3358651163888555,-1.0458818128046867,-1.9842492275027848,1.3608325889070958,-1.2124891143868717,-2.084424444579213,0.0,0.0,0.0
19.220000000000205,0.0,0.0,0.8710237782885488,0.0,0.0,0.0,0.0,0.0,0.0,1.329362054776473,-1.0185245114812238,-1.970309734491886,1.3566406700828721,-1.188068276207021,-2.069854040357276,0.0,0.0,0.0
19.230000000000206,0.0,0.0,0.8748764443008016,0.0,0.0,0.0,0.0,0.0,0.0,1.3224687335112337,-0.99085545544771,-1.9565506994428106,1.3521096970443947,-1.1633199040977489,-2.055445854354383,0.0,0.0,0.0
19.240000000000208,0.0,0.0,0.8784853362359558,0.0,0.0,0.0,0.0,0.0,0.0,1.315188688453078,-0.9628913521914071,-1.9429763467852683,1.3472323033399964,-1.138256698908515,-2.041212792901886,0.0,0.0,0.0
19.25000000000021,0.0,0.0,0.8818470771358035,0.0,0.0,0.0,0.0,0.0,0.0,1.3075250653358186,-0.9346493193232677,-1.9295881692906862,1.3420003368541797,-1.1128874115376097,-2.0271535857928304,0.0,0.0,0.0
19.26000000000021,0.0,0.0,0.8849582124897475,0.0,0.0,0.0,0.0,0.0,0.0,1.2994815121002015,-0.9061478836718395,-1.9163882262979508,1.336408329167023,-1.0872227592311798,-2.0132700529874032,0.0,0.0,0.0
19.270000000000213,0.0,0.0,0.8878152412978622,0.0,0.0,0.0,0.0,0.0,0.0,1.2910621110203007,-0.877406614400432,-1.9033784168297565,1.3304522958839664,-1.061274346273133,-1.9995632512317667,0.0,0.0,0.0
19.280000000000214,0.0,0.0,0.890414644781768,0.0,0.0,0.0,0.0,0.0,0.0,1.2822714612227302,-0.8484460557608879,-1.8905606699568924,1.324129630577627,-1.035054971591469,-1.9860343472322066,0.0,0.0,0.0
19.290000000000216,0.0,0.0,0.8927529224798966,0.0,0.0,0.0,0.0,0.0,0.0,1.2731147889923697,-0.8192875746311059,-1.8779368869081505,1.3174388845880658,-1.0085785863540948,-1.9726844244658508,0.0,0.0,0.0
19.300000000000217,0.0,0.0,0.8948267669358982,0.0,0.0,0.0,0.0,0.0,0.0,1.2635387305367778,-0.7898683892966294,-1.8652373469830157,1.3103796177417761,-0.9818603024231846,-1.9595145611506102,0.0,0.0,0.0
19.31000000000022,0.0,0.0,0.8966326444713635,0.0,0.0,0.0,0.0,0.0,0.0,1.2536944221670223,-0.760413569454812,-1.8531048169729185,1.302997944468583,-0.9549765235074051,-1.9467447604063728,0.0,0.0,0.0
19.32000000000022,0.0,0.0,0.8981671219210595,0.0,0.0,0.0,0.0,0.0,0.0,1.2434849757126882,-0.7308033218168815,-1.8410861795755706,1.2951658718266745,-0.9277762656218546,-1.933759862034619,0.0,0.0,0.0
19.330000000000222,0.0,0.0,0.8994272949802078,0.0,0.0,0.0,0.0,0.0,0.0,1.2329428533856108,-0.7010920787907367,-1.829287495750385,1.2869957597560109,-0.9004185640640862,-1.9210830056713624,0.0,0.0,0.0
19.340000000000224,0.0,0.0,0.9004103773538285,0.0,0.0,0.0,0.0,0.0,0.0,1.2220722332526486,-0.6712946652812395,-1.8176850425665956,1.2784639591327152,-0.8728901244174497,-1.9085888611730508,0.0,0.0,0.0
19.350000000000225,0.0,0.0,0.9011140015878895,0.0,0.0,0.0,0.0,0.0,0.0,1.2108864620265596,-0.6414352852298406,-1.8062925799071325,1.2695791579113953,-0.8452176283925967,-1.8963032501255932,0.0,0.0,0.0
19.360000000000227,0.0,0.0,0.9015360643088995,0.0,0.0,0.0,0.0,0.0,0.0,1.1993941779589616,-0.6115302407157923,-1.7950999017546496,1.2603427191872207,-0.817418431154039,-1.884212017633002,0.0,0.0,0.0
19.37000000000023,0.0,0.0,0.9016741534466358,0.0,0.0,0.0,0.0,0.0,0.0,1.1876068166635165,-0.5816025918719601,-1.7841056442768617,1.2507621551643382,-0.789516664602068,-1.872325761117854,0.0,0.0,0.0
19.38000000000023,0.0,0.0,0.9015258454162772,0.0,0.0,0.0,0.0,0.0,0.0,1.1755394592509953,-0.5516808508075868,-1.773321748450461,1.2408433883183583,-0.7615320055812661,-1.8606432045193353,0.0,0.0,0.0
19.39000000000023,0.0,0.0,0.9010892136097645,0.0,0.0,0.0,0.0,0.0,0.0,1.1632049979631285,-0.5217873847860286,-1.7627478149900977,1.2305909810272675,-0.7334812727041772,-1.849152281331533,0.0,0.0,0.0
19.400000000000233,0.0,0.0,0.9003628100512474,0.0,0.0,0.0,0.0,0.0,0.0,1.1506175375653227,-0.4919428130059913,-1.7523862487256108,1.2200134720646258,-0.7053865957124906,-1.837855853923629,0.0,0.0,0.0
19.410000000000235,0.0,0.0,0.8993455605779749,0.0,0.0,0.0,0.0,0.0,0.0,1.1377915354205075,-0.4621657389396754,-1.7422387318559927,1.2091196574124081,-0.6772705156314185,-1.8267540335801384,0.0,0.0,0.0
19.420000000000236,0.0,0.0,0.8980366840490533,0.0,0.0,0.0,0.0,0.0,0.0,1.124741866613789,-0.4324735068944845,-1.7323070677063739,1.1979193561832047,-0.6491559623492353,-1.81584804935174,0.0,0.0,0.0
19.430000000000238,0.0,0.0,0.8964356294970984,0.0,0.0,0.0,0.0,0.0,0.0,1.111483608418156,-0.40288250968346295,-1.722593001016198,1.1864231680556712,-0.6210654765456233,-1.8051391572753341,0.0,0.0,0.0
19.44000000000024,0.0,0.0,0.8945420253086482,0.0,0.0,0.0,0.0,0.0,0.0,1.0980318321879987,-0.37340844598631584,-1.7130982754483668,1.1746424816637822,-0.5930209569362931,-1.7946287799219993,0.0,0.0,0.0
19.45000000000024,0.0,0.0,0.892355963649721,0.0,0.0,0.0,0.0,0.0,0.0,1.0844033145436602,-0.344065719014103,-1.7038346662612307,1.162589421878596,-0.565043512204923,-1.7843184080468761,0.0,0.0,0.0
19.460000000000242,0.0,0.0,0.8898781092588105,0.0,0.0,0.0,0.0,0.0,0.0,1.0706107915568106,-0.3148596761546125,-1.694799243999204,1.150275313158073,-0.5371526305060539,-1.774202000187597,0.0,0.0,0.0
19.470000000000244,0.0,0.0,0.8871091985231804,0.0,0.0,0.0,0.0,0.0,0.0,1.0566660867297268,-0.2857946375097078,-1.6859879701062817,1.137715291140642,-0.5093710348847096,-1.7642891812844148,0.0,0.0,0.0
19.480000000000246,0.0,0.0,0.8840499022406799,0.0,0.0,0.0,0.0,0.0,0.0,1.0425828950277973,-0.25687822534029836,-1.677409753395348,1.1249244765284472,-0.48171914205269856,-1.754587860483219,0.0,0.0,0.0
19.490000000000247,0.0,0.0,0.8807010250977456,0.0,0.0,0.0,0.0,0.0,0.0,1.0283718554416927,-0.22811407619454727,-1.6690657345730757,1.1119156355941275,-0.45421259626127913,-1.745093261184527,0.0,0.0,0.0
19.50000000000025,0.0,0.0,0.8770769492863493,0.0,0.0,0.0,0.0,0.0,0.0,1.0140443444705194,-0.19936870584766675,-1.6609880788289506,1.098703476712052,-0.42686750388559797,-1.735809684553701,0.0,0.0,0.0
19.51000000000025,0.0,0.0,0.8731779308184214,0.0,0.0,0.0,0.0,0.0,0.0,0.9996014627135583,-0.17063300568846707,-1.653146097867629,1.0853018060450181,-0.39972475536619756,-1.7267318700056047,0.0,0.0,0.0
19.520000000000252,0.0,0.0,0.8689915875326228,0.0,0.0,0.0,0.0,0.0,0.0,0.9850497441839683,-0.14203816629571664,-1.6455185959922396,1.0717295698023037,-0.3728034750971697,-1.7178880141765385,0.0,0.0,0.0
19.530000000000253,0.0,0.0,0.8645192380309955,0.0,0.0,0.0,0.0,0.0,0.0,0.970400871178839,-0.11358332004185412,-1.6381387019526612,1.0579981943464762,-0.3460385383922049,-1.709287798075776,0.0,0.0,0.0
19.540000000000255,0.0,0.0,0.8597626894392594,0.0,0.0,0.0,0.0,0.0,0.0,0.9555755117735822,-0.08517532638781944,-1.630605062034911,1.0441142081873545,-0.3194442316508614,-1.7008998297123836,0.0,0.0,0.0
19.550000000000257,0.0,0.0,0.8547231416801989,0.0,0.0,0.0,0.0,0.0,0.0,0.9407358008112883,-0.05695473290315345,-1.623662864913429,1.0301516636799128,-0.29308281613527526,-1.6930491042208111,0.0,0.0,0.0
19.560000000000258,0.0,0.0,0.8494012157285046,0.0,0.0,0.0,0.0,0.0,0.0,0.9257833963733357,-0.028821853212156245,-1.6168634335240601,1.0159809709996876,-0.26686643197085985,-1.6850097425377772,0.0,0.0,0.0
19.57000000000026,0.0,0.0,0.8437977710237304,0.0,0.0,0.0,0.0,0.0,0.0,0.9107391758911711,-0.000785008603484183,-1.6103058437869764,1.0017113252547913,-0.24087211533140798,-1.6772915830258062,0.0,0.0,0.0
19.58000000000026,0.0,0.0,0.8379134017578869,0.0,0.0,0.0,0.0,0.0,0.0,0.8955967337969373,0.027170510834824135,-1.6039641570723282,0.9873294411510957,-0.21509301799736297,-1.6697811790749257,0.0,0.0,0.0
19.590000000000263,0.0,0.0,0.8317484028457409,0.0,0.0,0.0,0.0,0.0,0.0,0.880355282319792,0.05505174936098811,-1.5978407823353744,0.9728473907418079,-0.18953793837554836,-1.6625056084875554,0.0,0.0,0.0
19.600000000000264,0.0,0.0,0.8253027550655994,0.0,0.0,0.0,0.0,0.0,0.0,0.8650123608355504,0.08286394332715474,-1.5919313140866074,0.9582697411793529,-0.16420992368312526,-1.6554586937982911,0.0,0.0,0.0
19.610000000000266,0.0,0.0,0.8185761312285277,0.0,0.0,0.0,0.0,0.0,0.0,0.8495657652472635,0.1106083265963429,-1.5862327872847855,0.9436011668520023,-0.13911163166199816,-1.6486409020914259,0.0,0.0,0.0
19.620000000000267,0.0,0.0,0.8115679230668912,0.0,0.0,0.0,0.0,0.0,0.0,0.8340133456412875,0.13828187966264016,-1.5807419595455499,0.9288448385797405,-0.1142448726665074,-1.6420501477161198,0.0,0.0,0.0
19.63000000000027,0.0,0.0,0.8042772904734943,0.0,0.0,0.0,0.0,0.0,0.0,0.8183532692340751,0.1658768538727189,-1.575455885565158,0.9140029518201759,-0.08961145139350282,-1.6356839301820434,0.0,0.0,0.0
19.64000000000027,0.0,0.0,0.7967032316697298,0.0,0.0,0.0,0.0,0.0,0.0,0.8025841496886659,0.19338059293988819,-1.570371950280974,0.8990767923102612,-0.06521373443352563,-1.6295389254198624,0.0,0.0,0.0
19.650000000000272,0.0,0.0,0.7888446710902247,0.0,0.0,0.0,0.0,0.0,0.0,0.7867051791329072,0.22077555354330403,-1.5654880011305539,0.8840669260095303,-0.041055260761467094,-1.6236112180534348,0.0,0.0,0.0
19.660000000000274,0.0,0.0,0.7807005601678567,0.0,0.0,0.0,0.0,0.0,0.0,0.7707162327727688,0.24803954280909468,-1.5608024246984211,0.868973371325645,-0.017141294901124638,-1.6178964344178617,0.0,0.0,0.0
19.670000000000275,0.0,0.0,0.7723003197949523,0.0,0.0,0.0,0.0,0.0,0.0,0.7546228935005159,0.27570358807488504,-1.5563794896367726,0.85379577804412,0.03781295244693238,-1.6123899331405165,0.0,0.0,0.0
19.680000000000277,0.0,0.0,0.7636324941312755,0.0,0.0,0.0,0.0,0.0,0.0,0.738410704439048,0.30363275157713,-1.5521237151999734,0.8385324275308077,0.05850771545246966,-1.607069673661335,0.0,0.0,0.0
19.69000000000028,0.0,0.0,0.7546620989535101,0.0,0.0,0.0,0.0,0.0,0.0,0.7220869230046174,0.3311516215709023,-1.547999536167942,0.8231931067601646,0.08022575140538986,-1.6019931402835887,0.0,0.0,0.0
19.70000000000028,0.0,0.0,0.7453936637363381,0.0,0.0,0.0,0.0,0.0,0.0,0.7056705069986253,0.3582766612850343,-1.5440935941942961,0.8077700386702853,0.10312260332134535,-1.5971513420312045,0.0,0.0,0.0
19.71000000000028,0.0,0.0,0.7358312227561039,0.0,0.0,0.0,0.0,0.0,0.0,0.6891580679256204,0.38502937932543335,-1.5403847733728508,0.792250840235571,0.12703539238124778,-1.5924562439542902,0.0,0.0,0.0
19.720000000000283,0.0,0.0,0.7259784250307593,0.0,0.0,0.0,0.0,0.0,0.0,0.6725544150602827,0.41141702064412977,-1.5368793823100488,0.7766439099051404,0.15180351865957126,-1.5879377524094234,0.0,0.0,0.0
19.730000000000285,0.0,0.0,0.715838721475999,0.0,0.0,0.0,0.0,0.0,0.0,0.6558651090866614,0.4374376341801236,-1.5335780569273267,0.7609508418556267,0.17727967146037188,-1.5835934302148966,0.0,0.0,0.0
19.740000000000286,0.0,0.0,0.705415533420986,0.0,0.0,0.0,0.0,0.0,0.0,0.6390973345181017,0.46308119758418553,-1.530483256988794,0.7451738584856477,0.2033265782118002,-1.579426397378626,0.0,0.0,0.0
19.750000000000288,0.0,0.0,0.6947124005081536,0.0,0.0,0.0,0.0,0.0,0.0,0.6222590678549849,0.4883316321746046,-1.527597542595709,0.7293150757105383,0.22981655567225054,-1.5754374935861766,0.0,0.0,0.0
19.76000000000029,0.0,0.0,0.6837326238741738,0.0,0.0,0.0,0.0,0.0,0.0,0.6053493789768787,0.513168860885391,-1.524920131165322,0.713377227337756,0.2566306043378702,-1.5716276216612861,0.0,0.0,0.0
19.77000000000029,0.0,0.0,0.6724809276869468,0.0,0.0,0.0,0.0,0.0,0.0,0.5883876773526158,0.5375696365925635,-1.52245289057737,0.6973663210226348,0.2836575877215242,-1.5680014626253347,0.0,0.0,0.0
19.780000000000292,0.0,0.0,0.6609629512575018,0.0,0.0,0.0,0.0,0.0,0.0,0.5714046302793605,0.5615094619768994,-1.520200885647252,0.6812840500754749,0.31079414669095495,-1.5645582444445987,0.0,0.0,0.0
19.790000000000294,0.0,0.0,0.6491838186490463,0.0,0.0,0.0,0.0,0.0,0.0,0.5544138682192388,0.5849647288028181,-1.5181665361289882,0.6651263919886108,0.3379440295521605,-1.561295748752542,0.0,0.0,0.0
19.800000000000296,0.0,0.0,0.637149201080627,0.0,0.0,0.0,0.0,0.0,0.0,0.5374315648953081,0.6079136466418058,-1.5163525322369933,0.6489030076069587,0.36501733721163376,-1.558216231049195,0.0,0.0,0.0
19.810000000000297,0.0,0.0,0.6248653180964262,0.0,0.0,0.0,0.0,0.0,0.0,0.5204769154621074,0.630337584477975,-1.5147613781008085,0.6326233691475576,0.391930607705345,-1.5553217897182556,0.0,0.0,0.0
19.8200000000003,0.0,0.0,0.6123388924295662,0.0,0.0,0.0,0.0,0.0,0.0,0.5035723247686148,0.6522222193976847,-1.513395465070702,0.6162970243774911,0.41860665796564617,-1.5526147602172995,0.0,0.0,0.0
19.8300000000003,0.0,0.0,0.5995770339700889,0.0,0.0,0.0,0.0,0.0,0.0,0.4867434873537113,0.6735534208446555,-1.512257044162527,0.5999339777010333,0.4449745432268779,-1.5500975259555636,0.0,0.0,0.0
19.840000000000302,0.0,0.0,0.5865871540549557,0.0,0.0,0.0,0.0,0.0,0.0,0.4700193064782954,0.6943102611417744,-1.511348509964642,0.5835450658447435,0.4709706736722622,-1.5477724659284937,0.0,0.0,0.0
19.850000000000303,0.0,0.0,0.5733769798024636,0.0,0.0,0.0,0.0,0.0,0.0,0.4534314298005844,0.7144628073376924,-1.5106726718331607,0.5671423104476977,0.4965407085738715,-1.545641791903112,0.0,0.0,0.0
19.860000000000305,0.0,0.0,0.5599545790754418,0.0,0.0,0.0,0.0,0.0,0.0,0.4370133341998661,0.7339731550153648,-1.510232843060165,0.5507393167075928,0.5216386664869123,-1.5437075785998209,0.0,0.0,0.0
19.870000000000307,0.0,0.0,0.5463283467200031,0.0,0.0,0.0,0.0,0.0,0.0,0.4207990224632341,0.7527975249093058,-1.5100328502962754,0.5343516720165867,0.5462244539647243,-1.5419720014237424,0.0,0.0,0.0
19.880000000000308,0.0,0.0,0.5325069460367737,0.0,0.0,0.0,0.0,0.0,0.0,0.4048214426110699,0.7708889166913023,-1.5100769706340904,0.5179972452157763,0.5702613671153663,-1.5404375895660256,0.0,0.0,0.0
19.89000000000031,0.0,0.0,0.5184862898661863,0.0,0.0,0.0,0.0,0.0,0.0,0.38879655182083517,0.7881966380945384,-1.5103489452913452,0.5016963122700149,0.5937139316513363,-1.5391074484417424,0.0,0.0,0.0
19.90000000000031,0.0,0.0,0.5042842782921922,0.0,0.0,0.0,0.0,0.0,0.0,0.37294964481510373,0.8046760841862263,-1.5108649023600653,0.4855409499783478,0.6165486509799459,-1.5380313499655096,0.0,0.0,0.0
19.910000000000313,0.0,0.0,0.48992576565144974,0.0,0.0,0.0,0.0,0.0,0.0,0.35770401229872983,0.8202894622106971,-1.5116597764427708,0.4695124742545021,0.6387266675992976,-1.5371584268684948,0.0,0.0,0.0
19.920000000000314,0.0,0.0,0.47541276305091723,0.0,0.0,0.0,0.0,0.0,0.0,0.34297375343415615,0.8350160529609777,-1.5130011318007022,0.45342998548267904,0.6602059384772601,-1.5364569736705673,0.0,0.0,0.0
19.930000000000316,0.0,0.0,0.4607504051956119,0.0,0.0,0.0,0.0,0.0,0.0,0.3285668307269263,0.8487741347773616,-1.5142499535663339,0.43741559522011425,0.680936641726348,-1.5357507809037463,0.0,0.0,0.0
19.940000000000317,0.0,0.0,0.4459443689551612,0.0,0.0,0.0,0.0,0.0,0.0,0.31450642326816247,0.8615693481117119,-1.515853248221034,0.42163329341519495,0.7009162429481843,-1.535652587190513,0.0,0.0,0.0
19.95000000000032,0.0,0.0,0.43100090298663757,0.0,0.0,0.0,0.0,0.0,0.0,0.3007241348016241,0.8733691695924395,-1.5177154058973505,0.4060668221203441,0.7200758150105078,-1.5356855836347796,0.0,0.0,0.0
19.96000000000032,0.0,0.0,0.4159267041511184,0.0,0.0,0.0,0.0,0.0,0.0,0.28718702771179405,0.8841562983636442,-1.5198598510837054,0.3907627991703401,0.738385580794977,-1.5359741753389846,0.0,0.0,0.0
19.970000000000322,0.0,0.0,0.40072861204807475,0.0,0.0,0.0,0.0,0.0,0.0,0.2738644545047815,0.8939166027054849,-1.522282977464544,0.3757326056250559,0.7558082973701004,-1.536506427766341,0.0,0.0,0.0
19.980000000000324,0.0,0.0,0.3854134300753232,0.0,0.0,0.0,0.0,0.0,0.0,0.2607314643516645,0.9026423574928073,-1.5249864044759855,0.36098139481415353,0.7723109799109177,-1.5372976860408525,0.0,0.0,0.0
19.990000000000325,0.0,0.0,0.3699878101176079,0.0,0.0,0.0,0.0,0.0,0.0,0.2477657380741225,0.9103318363324102,-1.527969717441695,0.3465068826000068,0.7878627381193413,-1.538354993871622,0.0,0.0,0.0
20.000000000000327,0.0,0.0,0.3544581005029124,0.0,0.0,0.0,0.0,0.0,0.0,0.23494700547165115,0.9169957265732258,-1.531231373061733,0.33230277495145794,0.8024359099106693,-1.5396853944326947,0.0,0.0,0.0
20.01000000000033,0.0,0.0,0.3388303290082404,0.0,0.0,0.0,0.0,0.0,0.0,-0.2697935406812806,0.7745009482510038,0.8911184985607918,0.3183599411447354,0.8160049944725684,-1.541294402300901,0.0,0.0,0.0
20.02000000000033,0.0,0.0,0.3231103967790385,0.0,0.0,0.0,0.0,0.0,0.0,-0.28642359171580667,0.7661969452271111,0.8814085949877,0.304667428551191,0.8285474418046724,-1.543186897258348,0.0,0.0,0.0
20.03000000000033,0.0,0.0,0.30731303636057095,0.0,0.0,0.0,0.0,0.0,0.0,-0.30294803238035906,0.7573170267059252,0.8714781872942519,0.22455974927862107,0.8133612163164561,-1.0887225947875214,0.0,0.0,0.0
20.040000000000333,0.0,0.0,0.2914263885262546,0.0,0.0,0.0,0.0,0.0,0.0,-0.31936175863137883,0.7478666442864004,0.8613301185777102,0.16754528386040268,0.8104626255259645,-0.8262978816806343,0.0,0.0,0.0
20.050000000000335,0.0,0.0,0.27544295666672197,0.0,0.0,0.0,0.0,0.0,0.0,-0.33565970521952493,0.7378516625044091,0.8509672861372861,0.11559974947855826,0.804784738932866,-0.6113312819321373,0.0,0.0,0.0
20.060000000000336,0.0,0.0,0.2593818757630059,0.0,0.0,0.0,0.0,0.0,0.0,-0.35183684725946796,0.7272783551015779,0.8403926406488643,0.06864665787815977,0.7971635764014406,-0.4360679104699469,0.0,0.0,0.0
20.070000000000338,0.0,0.0,0.24325362026436337,0.0,0.0,0.0,0.0,0.0,0.0,-0.367888201786049,0.7161534010045228,0.8296091853265444,0.02578189940356438,0.7878940080340178,-0.29169255464071525,0.0,0.0,0.0
20.08000000000034,0.0,0.0,0.22705421976735868,0.0,0.0,0.0,0.0,0.0,0.0,-0.3838088292961581,0.7044838800170692,0.8186199750711395,-0.04582340648135647,0.7773387545689169,-0.17207380174213477,0.0,0.0,0.0
20.09000000000034,0.0,0.0,0.2107945663891718,0.0,0.0,0.0,0.0,0.0,0.0,-0.3995938352760189,0.692277268228344,0.8074281156060189,-0.08102894706877292,0.7658440567985478,-0.07272160163113531,0.0,0.0,0.0
20.100000000000342,0.0,0.0,0.19449588655549663,0.0,0.0,0.0,0.0,0.0,0.0,-0.4152383717132526,0.6795414331396624,0.7960367626003784,-0.11560694182619627,0.7536587356949683,0.056779374699775745,0.0,0.0,0.0
20.110000000000344,0.0,0.0,0.1781609242250881,0.0,0.0,0.0,0.0,0.0,0.0,-0.43073763859334857,0.6662846285135238,0.7844491207803206,-0.14838326403714594,0.7423140594953278,0.12350747510535243,0.0,0.0,0.0
20.120000000000346,0.0,0.0,0.16179270762287934,0.0,0.0,0.0,0.0,0.0,0.0,-0.44608688538005103,0.6525154889480522,0.7726684430279138,-0.18159312173817244,0.7288609301953152,0.19260581064955593,0.0,0.0,0.0
20.130000000000347,0.0,0.0,0.1453944030121561,0.0,0.0,0.0,0.0,0.0,0.0,-0.4612814124792104,0.6382430241805486,0.7606980294685081,-0.21347975949107312,0.7153560926717591,0.2555349426163409,0.0,0.0,0.0
20.14000000000035,0.0,0.0,0.12897803622617665,0.0,0.0,0.0,0.0,0.0,0.0,-0.4763165726856169,0.6234766131238896,0.7485412265465893,-0.2440581015250279,0.7016392828013991,0.31216481184889416,0.0,0.0,0.0
20.15000000000035,0.0,0.0,0.11254918331802455,0.0,0.0,0.0,0.0,0.0,0.0,-0.49118777261238655,0.6082259976397737,0.7362014260903532,-0.2733315769877712,0.6877282804073332,0.3625652974177345,0.0,0.0,0.0
20.160000000000352,0.0,0.0,0.09610764679231315,0.0,0.0,0.0,0.0,0.0,0.0,-0.5058904741025005,0.5925012760530122,0.7236820643653593,-0.30135696516361943,0.6736627265611138,0.4064823875378358,0.0,0.0,0.0
20.170000000000353,0.0,0.0,0.07966208103271526,0.0,0.0,0.0,0.0,0.0,0.0,-0.5204201956219792,0.5763128964111635,0.710986621117482,-0.3281710593507278,0.6590507162835595,0.44434043335365814,0.0,0.0,0.0
20.180000000000355,0.0,0.0,0.06322167420302517,0.0,0.0,0.0,0.0,0.0,0.0,-0.5347725136343211,0.5596716494940375,0.6981186186053795,-0.3537939544791974,0.6439483393847727,0.47656005346283964,0.0,0.0,0.0
20.190000000000357,0.0,0.0,0.04679566494843235,0.0,0.0,0.0,0.0,0.0,0.0,-0.5489430639557633,0.542588661577792,0.6850816206228438,-0.37825383371428944,0.6284200424534808,0.5035710014224136,0.0,0.0,0.0
20.200000000000358,0.0,0.0,0.03039301820753014,0.0,0.0,0.0,0.0,0.0,0.0,-0.562927543090971,0.5250753869585174,0.6718792315112351,-0.40159511747546045,0.6125179498790853,0.5258249461067834,0.0,0.0,0.0
20.21000000000036,0.0,0.0,0.014022226714134885,0.0,0.0,0.0,0.0,0.0,0.0,-0.5767217095486752,0.5071436002402734,0.6585150951622883,-0.4238736080970298,0.5962823046768427,0.5437717454773159,0.0,0.0,0.0
20.22000000000036,0.0,0.0,-0.0023089338264555143,0.0,0.0,0.0,0.0,0.0,0.0,-0.5903213851369538,0.48880538839285803,0.644992894011602,-0.445152159212727,0.5797492546595977,0.5578470229450712,0.0,0.0,0.0
20.230000000000363,0.0,0.0,-0.01859313894536832,0.0,0.0,0.0,0.0,0.0,0.0,-0.6037224562376715,0.4700731425846223,0.6313163480230053,-0.46549606663957466,0.5629425839655353,0.5684558054288611,0.0,0.0,0.0
20.240000000000364,0.0,0.0,-0.03482375991627273,0.0,0.0,0.0,0.0,0.0,0.0,-0.6169208750597246,0.45095954979592934,0.6174892136642093,-0.4849727039614315,0.5458581900153677,0.5759769593946678,0.0,0.0,0.0
20.250000000000366,0.0,0.0,-0.05099492207026181,0.0,0.0,0.0,0.0,0.0,0.0,-0.6299126608707233,0.4314775842188783,0.6035152828738821,-0.5036914511083167,0.5284592332565947,0.5810018970752633,0.0,0.0,0.0
20.260000000000367,0.0,0.0,-0.0671014142377563,0.0,0.0,0.0,0.0,0.0,0.0,-0.6426939012067063,0.4116404984490931,0.589398382020556,-0.5216209359350447,0.5108823789467397,0.5833622738096277,0.0,0.0,0.0
20.27000000000037,0.0,0.0,-0.08313864315875262,0.0,0.0,0.0,0.0,0.0,0.0,-0.6552607530595147,0.39146181447570716,0.575142370853576,-0.5388762941579313,0.49306412852731,0.5836286632041484,0.0,0.0,0.0
20.28000000000037,0.0,0.0,-0.09910254360517771,0.0,0.0,0.0,0.0,0.0,0.0,-0.6676094440414801,0.37095531447549135,0.5607511414464015,-0.5555009091675875,0.47502613076148786,0.5820001554955587,0.0,0.0,0.0
20.290000000000372,0.0,0.0,-0.11499047814937115,0.0,0.0,0.0,0.0,0.0,0.0,-0.6797362735270833,0.3501350314175018,0.5462286171325748,-0.5715446961404542,0.456773329473762,0.5787080970028846,0.0,0.0,0.0
20.300000000000374,0.0,0.0,-0.130800490819652,0.0,0.0,0.0,0.0,0.0,0.0,-0.6916376137711782,0.3290152394845731,0.5315787514345787,-0.5870509021636492,0.438324687593082,0.5739507783415065,0.0,0.0,0.0
20.310000000000375,0.0,0.0,-0.14653053627675863,0.0,0.0,0.0,0.0,0.0,0.0,-0.7033099110035361,0.3076104443182781,0.5168055269859644,-0.602056033507078,0.419709654302917,0.5678894247441766,0.0,0.0,0.0
20.320000000000377,0.0,0.0,-0.16217968500510763,0.0,0.0,0.0,0.0,0.0,0.0,-0.7147496864992549,0.2859353730938805,0.5019129544469827,-0.6165974415964639,0.40092483593092193,0.5606794508795621,0.0,0.0,0.0
20.33000000000038,0.0,0.0,-0.17774765428014747,0.0,0.0,0.0,0.0,0.0,0.0,-0.7259535376248394,0.2640049644321878,0.48690507141402817,-0.6307075232682507,0.3819818538988282,0.5524658630048351,0.0,0.0,0.0
20.34000000000038,0.0,0.0,-0.19323479091922682,0.0,0.0,0.0,0.0,0.0,0.0,-0.7369181388595201,0.24183435815503174,0.4717859413232206,-0.6444082810322799,0.36289972403183945,0.5433525622055302,0.0,0.0,0.0
20.35000000000038,0.0,0.0,-0.208641989678715,0.0,0.0,0.0,0.0,0.0,0.0,-0.7476402427915916,0.21943888489159447,0.4565596523483575,-0.6577209166046972,0.3436938538422151,0.5334425357500987,0.0,0.0,0.0
20.360000000000383,0.0,0.0,-0.223970552210085,0.0,0.0,0.0,0.0,0.0,0.0,-0.7581166810893913,0.19683405554247901,0.4412303162936153,-0.6706635854069306,0.32437958273044887,0.5228238744506951,0.0,0.0,0.0
20.370000000000385,0.0,0.0,-0.23922199245830564,0.0,0.0,0.0,0.0,0.0,0.0,-0.7683443654467152,0.17403555060887532,0.42580206748126215,-0.683252149606673,0.3049707922539007,0.5115744840769428,0.0,0.0,0.0
20.380000000000386,0.0,0.0,-0.25439779581950467,0.0,0.0,0.0,0.0,0.0,0.0,-0.7783202885022766,0.15105920939403417,0.41027906163464767,-0.6955003066457692,0.2854794192671741,0.49976311576598126,0.0,0.0,0.0
20.390000000000388,0.0,0.0,-0.2694991483403936,0.0,0.0,0.0,0.0,0.0,0.0,-0.7880415247330419,0.12792101908457498,0.39466547475685054,-0.7074198267930044,0.26591488594149676,0.48745091158211834,0.0,0.0,0.0
20.40000000000039,0.0,0.0,-0.2845266607279436,0.0,0.0,0.0,0.0,0.0,0.0,-0.7975052313211031,0.10463710371897417,0.3789655020052236,-0.719020749620841,0.24628375239293138,0.4746926599615,0.0,0.0,0.0
20.41000000000039,0.0,0.0,-0.299480116489157,0.0,0.0,0.0,0.0,0.0,0.0,-0.8067086489938344,0.08122371305086462,0.3631833565621625,-0.7303115572748027,0.22658964110017496,0.46153789362116127,0.0,0.0,0.0
20.420000000000393,0.0,0.0,-0.3143582725444958,0.0,0.0,0.0,0.0,0.0,0.0,-0.8156491028371227,0.0576972113148968,0.34732326850241835,-0.7412993159758356,0.20683349345130028,0.44803178419037926,0.0,0.0,0.0
20.430000000000394,0.0,0.0,-0.3291587340238806,0.0,0.0,0.0,0.0,0.0,0.0,-0.8243240030814016,0.034074065902650386,0.331389483657208,-0.7519897875463116,0.18701415899381596,0.4342158287177623,0.0,0.0,0.0
20.440000000000396,0.0,0.0,-0.3438779181127968,0.0,0.0,0.0,0.0,0.0,0.0,-0.8327308458602352,0.010370835956621693,0.31538626247550905,-0.7623875157255092,0.16712926401710276,0.4201283309924561,0.0,0.0,0.0
20.450000000000397,0.0,0.0,-0.35851089468252195,0.0,0.0,0.0,0.0,0.0,0.0,-0.8408672139412678,-0.013395839110042385,0.2993178788827513,-0.7724959237777813,0.14717625785053648,0.40580469532967,0.0,0.0,0.0
20.4600000000004,0.0,0.0,-0.37305199061786265,0.0,0.0,0.0,0.0,0.0,0.0,-0.8487307774293096,-0.03720925116001528,0.2831886191372954,-0.7823154080068252,0.12715350395109642,0.39127781893458796,0.0,0.0,0.0
20.4700000000004,0.0,0.0,-0.38749503688194176,0.0,0.0,0.0,0.0,0.0,0.0,-0.856319294441342,-0.0610526349366598,0.26700278068494865,-0.7918463228352564,0.10706149772785059,0.3765770505942826,0.0,0.0,0.0
20.480000000000402,0.0,0.0,-0.4018331242575001,0.0,0.0,0.0,0.0,0.0,0.0,-0.8636306117532375,-0.08490917971914591,0.2507646710118492,-0.8010964101534477,0.08690328069684337,0.3617294121852892,0.0,0.0,0.0
20.490000000000403,0.0,0.0,-0.41605902262817446,0.0,0.0,0.0,0.0,0.0,0.0,-0.8706626654180409,-0.10876204102000653,0.23447860649603025,-0.8100686291243504,0.06668518376073039,0.3467606402061294,0.0,0.0,0.0
20.500000000000405,0.0,0.0,-0.43016537574555735,0.0,0.0,0.0,0.0,0.0,0.0,-0.8774134813556078,-0.13259435231666528,0.21814891125793556,-0.818765478688547,0.04641767100696982,0.331692847093724,0.0,0.0,0.0
20.510000000000407,0.0,0.0,-0.4441448636306824,0.0,0.0,0.0,0.0,0.0,0.0,-0.8838811759134071,-0.15638923680932448,0.20177991601024425,-0.8271890163072181,0.026115132334658814,0.31654574889366854,0.0,0.0,0.0
20.520000000000408,0.0,0.0,-0.45803245638010737,0.0,0.0,0.0,0.0,0.0,0.0,-0.8900639563983836,-0.18012981919673354,0.18537595690728392,-0.8353406699722123,-0.02169297798046783,0.3013365732622158,0.0,0.0,0.0
20.53000000000041,0.0,0.0,-0.47181492964746585,0.0,0.0,0.0,0.0,0.0,0.0,-0.8959601215796786,-0.20379923746179074,0.16894137439431667,-0.8432227876802245,-0.03901807448770102,0.2861134994931564,0.0,0.0,0.0
20.54000000000041,0.0,0.0,-0.4854355834959822,0.0,0.0,0.0,0.0,0.0,0.0,-0.9015680621620916,-0.22738065465890678,0.1524805120570547,-0.8508191686172567,-0.05724535313876529,0.2707923571757499,0.0,0.0,0.0
20.550000000000413,0.0,0.0,-0.49889061522223205,0.0,0.0,0.0,0.0,0.0,0.0,-0.9068862612301207,-0.2508572706948784,0.13599771547166917,-0.8581366826438096,-0.07654512206585587,0.255363786856338,0.0,0.0,0.0
20.560000000000414,0.0,0.0,-0.5121771120803912,0.0,0.0,0.0,0.0,0.0,0.0,-0.9119132946625234,-0.27421233409518964,0.11949733105561489,-0.8651955447939212,-0.09684122979242807,0.239987752711347,0.0,0.0,0.0
20.570000000000416,0.0,0.0,-0.5252922597002906,0.0,0.0,0.0,0.0,0.0,0.0,-0.9166478315171911,-0.2974291537474789,0.10298370491957964,-0.8719844322399708,-0.11800705800138507,0.22462491825471295,0.0,0.0,0.0
20.580000000000418,0.0,0.0,-0.5382332566429023,0.0,0.0,0.0,0.0,0.0,0.0,-0.9210886343863064,-0.3204911106141357,0.08646118172083384,-0.8784986869939413,-0.13992965210910407,0.20928057049904233,0.0,0.0,0.0
20.59000000000042,0.0,0.0,-0.5509972795844085,0.0,0.0,0.0,0.0,0.0,0.0,-0.9252345597216632,-0.34338166940590087,0.06993410351833496,-0.8847331498111205,-0.16249813133780028,0.1939542030348412,0.0,0.0,0.0
20.60000000000042,0.0,0.0,-0.5635814598179194,0.0,0.0,0.0,0.0,0.0,0.0,-0.92908455813004,-0.36608439020828243,0.05340680862982694,-0.890683231825215,-0.18560627480863018,0.17864732386715215,0.0,0.0,0.0
20.610000000000422,0.0,0.0,-0.575983295967526,0.0,0.0,0.0,0.0,0.0,0.0,-0.9326376746386003,-0.3885829400527383,0.03688363049128873,-0.8963446650478574,-0.20915272495896703,0.16336201901591194,0.0,0.0,0.0
20.620000000000424,0.0,0.0,-0.5881995192333166,0.0,0.0,0.0,0.0,0.0,0.0,-0.935893048930196,-0.41086110442465174,0.02036889651900431,-0.9016298693321589,-0.23286587873495462,0.1475326977023067,0.0,0.0,0.0
20.630000000000425,0.0,0.0,-0.6002265464885512,0.0,0.0,0.0,0.0,0.0,0.0,-0.9388499155485616,-0.4329027987000491,0.0038669269745552626,-0.9067128619293999,-0.25703946870316063,0.1324315016182621,0.0,0.0,0.0
20.640000000000427,0.0,0.0,-0.6120614716022813,0.0,0.0,0.0,0.0,0.0,0.0,-0.9415076040733382,-0.4546920795030349,-0.012617966166948769,-0.9114855796123584,-0.28135169294009155,0.11725374123654912,0.0,0.0,0.0
20.65000000000043,0.0,0.0,-0.6237011757806556,0.0,0.0,0.0,0.0,0.0,0.0,-0.9438655392648646,-0.47621315597614,-0.029081480345136912,-0.9159602874714512,-0.3057597667222825,0.10212298747696182,0.0,0.0,0.0
20.66000000000043,0.0,0.0,-0.6351426130221801,0.0,0.0,0.0,0.0,0.0,0.0,-0.9459232411787407,-0.4974504009556977,-0.04551932353880095,-0.9201306847115832,-0.3301855085919699,0.08702573232072655,0.0,0.0,0.0
20.67000000000043,0.0,0.0,-0.6463827782958081,0.0,0.0,0.0,0.0,0.0,0.0,-0.9476803252501383,-0.5183883620444241,-0.06192721538625312,-0.9239937445969989,-0.3545631532766866,0.07196967166840336,0.0,0.0,0.0
20.680000000000433,0.0,0.0,-0.6574187428573821,0.0,0.0,0.0,0.0,0.0,0.0,-0.9491365023478228,-0.5390117725734447,-0.07830088830118798,-0.9275464454564291,-0.37883167624749237,0.056959351152737814,0.0,0.0,0.0
20.690000000000435,0.0,0.0,-0.6682476719257378,0.0,0.0,0.0,0.0,0.0,0.0,-0.9502915787979135,-0.55930556244622,-0.09463608858396055,-0.9307862509394385,-0.40293571412646395,0.041999912011912305,0.0,0.0,0.0
20.700000000000436,0.0,0.0,-0.6788668415786003,0.0,0.0,0.0,0.0,0.0,0.0,-0.9511454563773939,-0.5792548688566814,-0.11092857752780372,-0.933711024298605,-0.4268250709781798,0.027096477661643803,0.0,0.0,0.0
20.710000000000438,0.0,0.0,-0.6892876301404826,0.0,0.0,0.0,0.0,0.0,0.0,-0.951698132277363,-0.5988450468741657,-0.12717413251979215,-0.9363190331629319,-0.450454413251861,-0.013696249228268642,0.0,0.0,0.0
20.72000000000044,0.0,0.0,-0.6995061099166096,0.0,0.0,0.0,0.0,0.0,0.0,-0.951949699036086,-0.6180616798876186,-0.1433685481362459,-0.9389987983130319,-0.4748997756167954,-0.022407436030358902,0.0,0.0,0.0
20.73000000000044,0.0,0.0,-0.7095030477233143,0.0,0.0,0.0,0.0,0.0,0.0,-0.9519003444418708,-0.6368905899018666,-0.15950763723229322,-0.9407578552122153,-0.4973319481512189,-0.0357831799855584,0.0,0.0,0.0
20.740000000000443,0.0,0.0,-0.7192759248619364,0.0,0.0,0.0,0.0,0.0,0.0,-0.951550351405807,-0.6553178476787105,-0.17558723202529958,-0.9423173510576552,-0.5196998300495265,-0.04912265666984259,0.0,0.0,0.0
20.750000000000444,0.0,0.0,-0.7288236718422489,0.0,0.0,0.0,0.0,0.0,0.0,-0.9509000978044578,-0.6733297827156726,-0.19160318517188601,-0.9435848937171715,-0.5417276343509134,-0.06294998294615815,0.0,0.0,0.0
20.760000000000446,0.0,0.0,-0.7381451641418698,0.0,0.0,0.0,0.0,0.0,0.0,-0.9499500562925308,-0.6909129930553748,-0.20755137083830055,-0.9445607566724009,-0.5634015798601539,-0.07714736982366445,0.0,0.0,0.0
20.770000000000447,0.0,0.0,-0.7472393287142975,0.0,0.0,0.0,0.0,0.0,0.0,-0.9487007940856343,-0.7080543549187555,-0.22342768576372452,-0.9452360648454776,-0.5846786041276186,-0.09168525604750302,0.0,0.0,0.0
20.78000000000045,0.0,0.0,-0.7561051027312231,0.0,0.0,0.0,0.0,0.0,0.0,-0.9471529727131838,-0.7247410321552263,-0.2392280503164803,-0.945605809343166,-0.60552539746192,-0.10652388427553836,0.0,0.0,0.0
20.79000000000045,0.0,0.0,-0.7647414182424739,0.0,0.0,0.0,0.0,0.0,0.0,-0.9453073477415862,-0.7409604855031429,-0.25494840954262443,-0.9456665757609027,-0.625912512445012,-0.12162666770196062,0.0,0.0,0.0
20.800000000000452,0.0,0.0,-0.7731471865626509,0.0,0.0,0.0,0.0,0.0,0.0,-0.9431647684677599,-0.756700481654097,-0.2705847342068055,-0.9454164097681551,-0.6458145802165277,-0.13695839715727937,0.0,0.0,0.0
20.810000000000453,0.0,0.0,-0.7813212842101536,0.0,0.0,0.0,0.0,0.0,0.0,-0.9407261775831484,-0.7719491021145366,-0.28613302182507017,-0.9448544818655312,-0.6652097222602937,-0.15248552953166913,0.0,0.0,0.0
20.820000000000455,0.0,0.0,-0.7892587009344726,0.0,0.0,0.0,0.0,0.0,0.0,-0.9379926108083132,-0.7866947518585752,-0.3015892976893473,-0.9439808440267035,-0.6840791173034526,-0.1681761767311785,0.0,0.0,0.0
20.830000000000457,0.0,0.0,-0.7969587212310562,0.0,0.0,0.0,0.0,0.0,0.0,-0.9349651964982926,-0.8009261677656951,-0.31694961588340753,-0.9427962468980371,-0.7024134897469095,-0.1840017642727313,0.0,0.0,0.0
20.840000000000458,0.0,0.0,-0.8044245738362759,0.0,0.0,0.0,0.0,0.0,0.0,-0.9316451552187811,-0.8146324268374903,-0.33221006028987343,-0.9413025000790479,-0.7202057337280087,-0.19992975259205234,0.0,0.0,0.0
20.85000000000046,0.0,0.0,-0.8116549282349612,0.0,0.0,0.0,0.0,0.0,0.0,-0.9280337992933868,-0.8278029541875513,-0.3473667455883256,-0.9395008432360565,-0.7374249841317602,-0.21593086161901168,0.0,0.0,0.0
20.86000000000046,0.0,0.0,-0.8186482900512091,0.0,0.0,0.0,0.0,0.0,0.0,-0.924132532322036,-0.8404275307988547,-0.3624158182438497,-0.937392406588289,-0.7540592181511359,-0.23198678560688799,0.0,0.0,0.0
20.870000000000463,0.0,0.0,-0.8254030927457484,0.0,0.0,0.0,0.0,0.0,0.0,-0.9199428486707373,-0.8524963010430255,-0.3773534574861821,-0.9349795067736383,-0.770101250215122,-0.2480728267840352,0.0,0.0,0.0
20.880000000000464,0.0,0.0,-0.8319177126429305,0.0,0.0,0.0,0.0,0.0,0.0,-0.9154663329328967,-0.8639997799562207,-0.39217587627888406,-0.9322644678147116,-0.7855444324787946,-0.26416695727485645,0.0,0.0,0.0
20.890000000000466,0.0,0.0,-0.838190481930574,0.0,0.0,0.0,0.0,0.0,0.0,-0.9107046593623362,-0.8749288602663943,-0.406879322278483,-0.929249726649167,-0.8003829473838571,-0.2802485265030081,0.0,0.0,0.0
20.900000000000468,0.0,0.0,-0.8442197035084807,0.0,0.0,0.0,0.0,0.0,0.0,-0.9056595912782093,-0.8852748191667899,-0.4214600787832663,-0.925937790204938,-0.8146115676908955,-0.29629840900987114,0.0,0.0,0.0
20.91000000000047,0.0,0.0,-0.8500036667699673,0.0,0.0,0.0,0.0,0.0,0.0,-0.9003329804420647,-0.8950293248310186,-0.43591446567149905,-0.9223312261022439,-0.8282255347754148,-0.3122989156275362,0.0,0.0,0.0
20.92000000000047,0.0,0.0,-0.8555406638163116,0.0,0.0,0.0,0.0,0.0,0.0,-0.894726766407252,-0.9041844426648029,-0.4502388403288826,-0.9184326553512929,-0.8412204476935199,-0.32823373555877955,0.0,0.0,0.0
20.930000000000472,0.0,0.0,-0.8608290055994355,0.0,0.0,0.0,0.0,0.0,0.0,-0.8888429758408228,-0.912732641290035,-0.46442959856484123,-0.914244749802582,-0.853592177372884,-0.3440878683219094,0.0,0.0,0.0
20.940000000000474,0.0,0.0,-0.8658670375758766,0.0,0.0,0.0,0.0,0.0,0.0,-0.882683721818291,-0.9206667982567032,-0.47848317551774766,-0.9097702321800447,-0.8653368009587857,-0.3598475533685323,0.0,0.0,0.0
20.950000000000475,0.0,0.0,-0.8706531545403984,0.0,0.0,0.0,0.0,0.0,0.0,-0.8762512030913804,-0.9279802054785975,-0.4923960465484094,-0.9050118776828813,-0.8764505543750508,-0.3755001973109749,0.0,0.0,0.0
20.960000000000477,0.0,0.0,-0.8751858143987938,0.0,0.0,0.0,0.0,0.0,0.0,-0.8695477033290276,-0.9346665743888258,-0.5061647281220425,-0.8999725162972658,-0.8869298006567987,-0.39103429991384586,0.0,0.0,0.0
20.97000000000048,0.0,0.0,-0.8794635507268845,0.0,0.0,0.0,0.0,0.0,0.0,-0.8625755903319531,-0.9407200408113621,-0.5197857786781743,-0.8946550352349881,-0.8967710117326321,-0.4064393797324785,0.0,0.0,0.0
20.98000000000048,0.0,0.0,-0.8834849840430841,0.0,0.0,0.0,0.0,0.0,0.0,-0.8553373152210254,-0.9461351695449949,-0.533255799488429,-0.8890623811299208,-0.9059707614041821,-0.4217059002407063,0.0,0.0,0.0
20.99000000000048,0.0,0.0,-0.8872488317903428,0.0,0.0,0.0,0.0,0.0,0.0,-0.8478354115996403,-0.9509069586563856,-0.5465714355019866,-0.8831975618019539,-0.9145257273988235,-0.4368251972017309,0.0,0.0,0.0
21.000000000000483,0.0,0.0,-0.8907546566553498,0.0,0.0,0.0,0.0,0.0,0.0,-0.8400724946904997,-0.9550308434789976,-0.5597293761783204,-0.8770636475359078,-0.9224327005330666,-0.45178940794702244,0.0,0.0,0.0
21.010000000000485,0.0,0.0,-0.8940010822004448,0.0,0.0,0.0,0.0,0.0,0.0,-0.8320512604470229,-0.9585027003148396,-0.5727263563073686,-0.8706696234097359,-0.9296885860595062,-0.4665917914274447,0.0,0.0,0.0
21.020000000000486,0.0,0.0,-0.8969861955333385,0.0,0.0,0.0,0.0,0.0,0.0,-0.823774484639658,-0.9613188498363776,-0.5855591568164633,-0.8640211064755573,-0.9362909018614891,-0.48122480993018907,0.0,0.0,0.0
21.030000000000488,0.0,0.0,-0.8997093366510514,0.0,0.0,0.0,0.0,0.0,0.0,-0.8152450219174425,-0.9634760601859131,-0.598224605564325,-0.8571037999690179,-0.9422365698372968,-0.4956822935928731,0.0,0.0,0.0
21.04000000000049,0.0,0.0,-0.9021699508637064,0.0,0.0,0.0,0.0,0.0,0.0,-0.8064658048451264,-0.9649715497701137,-0.6107195781214423,-0.8499244228790159,-0.9475223628048313,-0.5099608547099624,0.0,0.0,0.0
21.05000000000049,0.0,0.0,-0.9043675898692654,0.0,0.0,0.0,0.0,0.0,0.0,-0.7974398429161753,-0.9658029897474805,-0.6230409985370577,-0.8424891763243718,-0.9521462272625788,-0.5240551085629203,0.0,0.0,0.0
21.060000000000493,0.0,0.0,-0.9063019177579941,0.0,0.0,0.0,0.0,0.0,0.0,-0.7881702215419064,-0.9659685062068402,-0.6351858400922898,-0.8348034202090785,-0.9561061273913903,-0.537960579531778,0.0,0.0,0.0
21.070000000000494,0.0,0.0,-0.9079727158450214,0.0,0.0,0.0,0.0,0.0,0.0,-0.7786601010172425,-0.9654666820350681,-0.647151126039351,-0.8268719056536048,-0.9594002660642533,-0.5516731574684177,0.0,0.0,0.0
21.080000000000496,0.0,0.0,-0.9093798869970972,0.0,0.0,0.0,0.0,0.0,0.0,-0.7689127154632556,-0.9642965584725331,-0.6589339303266595,-0.8186989207758015,-0.9620270825893625,-0.565189136490394,0.0,0.0,0.0
21.090000000000497,0.0,0.0,-0.9105234594304205,0.0,0.0,0.0,0.0,0.0,0.0,-0.7589313717470116,-0.9624576363549138,-0.6705313783095515,-0.8102884136579284,-0.9639852866834404,-0.5785051528602729,0.0,0.0,0.0
21.1000000000005,0.0,0.0,-0.9114035900303297,0.0,0.0,0.0,0.0,0.0,0.0,-0.7487194483788973,-0.9599498770402941,-0.681940647446716,-0.8016440879479368,-0.9652738813382106,-0.5916181470801162,0.0,0.0,0.0
21.1100000000005,0.0,0.0,-0.9120205672090689,0.0,0.0,0.0,0.0,0.0,0.0,-0.7382803943880031,-0.9567737030206382,-0.6931589679817496,-0.7927694783013937,-0.965892183767729,-0.6045253269130596,0.0,0.0,0.0
21.120000000000502,0.0,0.0,-0.9123749220372552,0.0,0.0,0.0,0.0,0.0,0.0,-0.7276177281757042,-0.9529299982169506,-0.704183623610176,-0.7836680095164339,-0.9658398432629086,-0.6172241352262503,0.0,0.0,0.0
21.130000000000503,0.0,0.0,-0.9124673775044135,0.0,0.0,0.0,0.0,0.0,0.0,-0.7167350363480133,-0.9484201079576637,-0.7150119521312321,-0.7743435923638693,-0.9651219636563859,-0.6296974835720713,0.0,0.0,0.0
21.140000000000505,0.0,0.0,-0.9122985771601317,0.0,0.0,0.0,0.0,0.0,0.0,-0.7056359725269459,-0.9432458386400153,-0.725641346084781,-0.7647958762788324,-0.9637282809478006,-0.6419693581288959,0.0,0.0,0.0
21.150000000000507,0.0,0.0,-0.9118691181216478,0.0,0.0,0.0,0.0,0.0,0.0,-0.6943242561413988,-0.9374094570743687,-0.7360692533728384,-0.7550274970640106,-0.9616568088645074,-0.6540456367446026,0.0,0.0,0.0
21.160000000000508,0.0,0.0,-0.9111809032836569,0.0,0.0,0.0,0.0,0.0,0.0,-0.6828036711978281,-0.9309136895116668,-0.7462931778656388,-0.7450457355338501,-0.9589202007032552,-0.6658965695097826,0.0,0.0,0.0
21.17000000000051,0.0,0.0,-0.9102350026052679,0.0,0.0,0.0,0.0,0.0,0.0,-0.6710780650312209,-0.9237617203544239,-0.7563106799923389,-0.7348641429405867,-0.9555187800324589,-0.6775267793079665,0.0,0.0,0.0
21.18000000000051,0.0,0.0,-0.909031663110446,0.0,0.0,0.0,0.0,0.0,0.0,-0.6591513470367427,-0.9159571905518851,-0.7661193773157788,-0.7244970161528831,-0.9514560448245025,-0.6889333723717463,0.0,0.0,0.0
21.190000000000513,0.0,0.0,-0.9075719529053224,0.0,0.0,0.0,0.0,0.0,0.0,-0.6470274873824416,-0.9075041956801533,-0.775716945091693,-0.7139385913960867,-0.946769040472124,-0.7000199346659104,0.0,0.0,0.0
21.200000000000514,0.0,0.0,-0.905856758340307,0.0,0.0,0.0,0.0,0.0,0.0,-0.6347105157034388,-0.8984072837083921,-0.7851011168116817,-0.703176645764619,-0.9413815081615629,-0.7110000658484157,0.0,0.0,0.0
21.210000000000516,0.0,0.0,-0.9038872839547697,0.0,0.0,0.0,0.0,0.0,0.0,-0.6222045197780853,-0.8886714524523267,-0.7942696847303898,-0.6922273228855008,-0.9353510710647189,-0.721731195447011,0.0,0.0,0.0
21.220000000000518,0.0,0.0,-0.9016648272777574,0.0,0.0,0.0,0.0,0.0,0.0,-0.6095136441864791,-0.8783021467165422,-0.8032205003762338,-0.6810928732185861,-0.9286720067846032,-0.732239272685489,0.0,0.0,0.0
21.23000000000052,0.0,0.0,-0.8991907627275418,0.0,0.0,0.0,0.0,0.0,0.0,-0.5966420889517036,-0.8673052551272744,-0.8119514750460328,-0.6697779640150718,-0.9213510270159652,-0.7425178162139788,0.0,0.0,0.0
21.24000000000052,0.0,0.0,-0.8964665412193112,0.0,0.0,0.0,0.0,0.0,0.0,-0.5835941081644039,-0.8556871066576224,-0.8204605802830516,-0.6582867202567102,-0.9133929768409614,-0.7525666747511186,0.0,0.0,0.0
21.250000000000522,0.0,0.0,-0.8934936866080903,0.0,0.0,0.0,0.0,0.0,0.0,-0.5703740085909793,-0.8434544668472577,-0.8287458483385748,-0.6466233260650316,-0.9048036371729127,-0.7623844234616372,0.0,0.0,0.0
21.260000000000524,0.0,0.0,-0.8902741550780767,0.0,0.0,0.0,0.0,0.0,0.0,-0.5569861482659068,-0.8306145337190056,-0.8368053726169291,-0.634791908982716,-0.895589165481234,-0.7719698804722249,0.0,0.0,0.0
21.270000000000525,0.0,0.0,-0.8868104738858579,0.0,0.0,0.0,0.0,0.0,0.0,-0.5434349350686933,-0.8171749333948375,-0.8446373081035969,-0.6227976179989126,-0.8857608306825238,-0.7813071651476663,0.0,0.0,0.0
21.280000000000527,0.0,0.0,-0.8831051295347544,0.0,0.0,0.0,0.0,0.0,0.0,-0.5297248252858872,-0.8031437154139751,-0.8522398717767117,-0.6106431481142429,-0.8753181267164283,-0.7904100224959003,0.0,0.0,0.0
21.29000000000053,0.0,0.0,-0.8791603906393463,0.0,0.0,0.0,0.0,0.0,0.0,-0.5158603221585387,-0.7885293477561479,-0.8596113430014323,-0.5983312777898949,-0.864262337972061,-0.7992894107630281,0.0,0.0,0.0
21.30000000000053,0.0,0.0,-0.87497858255958,0.0,0.0,0.0,0.0,0.0,0.0,-0.5018459744157201,-0.7733407115730158,-0.8667500639075434,-0.5858669328953924,-0.8526060921340912,-0.8079295450373803,0.0,0.0,0.0
21.31000000000053,0.0,0.0,-0.8705621361223436,0.0,0.0,0.0,0.0,0.0,0.0,-0.4876863747945014,-0.7575870956313313,-0.8736544397497814,-0.5732537697180856,-0.8403562642418103,-0.8163321595147172,0.0,0.0,0.0
21.320000000000533,0.0,0.0,-0.8659135591950334,0.0,0.0,0.0,0.0,0.0,0.0,-0.47338615854683175,-0.7412781904711632,-0.8803229392511558,-0.560495548696182,-0.8275210894136629,-0.824496072013403,0.0,0.0,0.0
21.330000000000535,0.0,0.0,-0.861035406085747,0.0,0.0,0.0,0.0,0.0,0.0,-0.45895000193385604,-0.7244240822831141,-0.886754094928969,-0.5475958690711814,-0.8141089202047695,-0.8324208242285785,0.0,0.0,0.0
21.340000000000536,0.0,0.0,-0.855930024205845,0.0,0.0,0.0,0.0,0.0,0.0,-0.4443826207081695,-0.7070352465083811,-0.8929465034035786,-0.5345582523530662,-0.8001285689459747,-0.8401059166332772,0.0,0.0,0.0
21.350000000000538,0.0,0.0,-0.8506002763524797,0.0,0.0,0.0,0.0,0.0,0.0,-0.42968876858446714,-0.6891225411658759,-0.8988988256898722,-0.5214054562904178,-0.7856746238118184,-0.84731035265414,0.0,0.0,0.0
21.36000000000054,0.0,0.0,-0.8450490504543455,0.0,0.0,0.0,0.0,0.0,0.0,-0.4148732356990342,-0.670697199910657,-0.9046097874711967,-0.5080947526062027,-0.7705453829208427,-0.8546340773632696,0.0,0.0,0.0
21.37000000000054,0.0,0.0,-0.8392785462789439,0.0,0.0,0.0,0.0,0.0,0.0,-0.3999408470587196,-0.6517708248282346,-0.9100781793560477,-0.49466094861246207,-0.7549035463125883,-0.8616375127995132,0.0,0.0,0.0
21.380000000000543,0.0,0.0,-0.8332909315790793,0.0,0.0,0.0,0.0,0.0,0.0,-0.38489646097969576,-0.6323553789694958,-0.9153028571170241,-0.48110183251825367,-0.7387322862709452,-0.8684028044224923,0.0,0.0,0.0
21.390000000000544,0.0,0.0,-0.8270882940372217,0.0,0.0,0.0,0.0,0.0,0.0,-0.3697449675167148,-0.6124631786310042,-0.9202827419124979,-0.4674227326959353,-0.72204926171842,-0.8749145086055298,0.0,0.0,0.0
21.400000000000546,0.0,0.0,-0.8206726168154775,0.0,0.0,0.0,0.0,0.0,0.0,-0.3544912868831568,-0.5921068853858733,-0.9250168204904714,-0.45362729193528367,-0.7048655883873125,-0.8811771843782891,0.0,0.0,0.0
21.410000000000547,0.0,0.0,-0.8140457521626098,0.0,0.0,0.0,0.0,0.0,0.0,-0.3391403678625986,-0.5712994978703385,-0.9295041453749868,-0.43971946409815044,-0.6871943642859535,-0.8871910905766315,0.0,0.0,0.0
21.42000000000055,0.0,0.0,-0.8072094036813429,0.0,0.0,0.0,0.0,0.0,0.0,-0.32369718621217636,-0.5500543433315142,-0.9337438350348695,-0.42570321169233194,-0.6690490380512775,-0.8929571253733678,0.0,0.0,0.0
21.43000000000055,0.0,0.0,-0.8001651153555327,0.0,0.0,0.0,0.0,0.0,0.0,-0.30816674305850145,-0.5283850689418341,-0.9377350740347294,-0.411582648935204,-0.6504437997127499,-0.8984758128401426,0.0,0.0,0.0
21.440000000000552,0.0,0.0,-0.7929142666885408,0.0,0.0,0.0,0.0,0.0,0.0,-0.29255406328640554,-0.5063056328859568,-0.9414771131684565,-0.39736207056912143,-0.63139352982813,-0.9037475094758892,0.0,0.0,0.0
21.450000000000554,0.0,0.0,-0.7854580730123311,0.0,0.0,0.0,0.0,0.0,0.0,-0.27686419392125305,-0.4838302952259772,-0.9449692695748175,-0.3830459852751655,-0.6119138150403258,-0.9087723645137638,0.0,0.0,0.0
21.460000000000555,0.0,0.0,-0.7777974991939419,0.0,0.0,0.0,0.0,0.0,0.0,-0.2611022025051376,-0.46097360855110336,-0.9482109268355763,-0.3686391323230533,-0.5920209327882721,-0.9135503346837975,0.0,0.0,0.0
21.470000000000557,0.0,0.0,-0.7699332694482436,0.0,0.0,0.0,0.0,0.0,0.0,-0.24527317546764704,-0.437750408417819,-0.9512015350557146,-0.3541463152724829,-0.5717335224184087,-0.9180758462704476,0.0,0.0,0.0
21.480000000000558,0.0,0.0,-0.7618660568325559,0.0,0.0,0.0,0.0,0.0,0.0,-0.22938221649163926,-0.4141758035870211,-0.9539406109261224,-0.33957045356522303,-0.5510666843265833,-0.9223556976662053,0.0,0.0,0.0
21.49000000000056,0.0,0.0,-0.7535964980785954,0.0,0.0,0.0,0.0,0.0,0.0,-0.2134344448745421,-0.39026516606460504,-0.9564277377684589,-0.3249158575322286,-0.5300372510901228,-0.9263933984097085,0.0,0.0,0.0
21.50000000000056,0.0,0.0,-0.7451251199676197,0.0,0.0,0.0,0.0,0.0,0.0,-0.1974349938857246,-0.36603412095204213,-0.958662565562443,-0.3101893700058034,-0.5086662711782872,-0.9301813865067465,0.0,0.0,0.0
21.510000000000563,0.0,0.0,-0.7364523522876788,0.0,0.0,0.0,0.0,0.0,0.0,-0.18138900912048395,-0.3414985361137939,-0.9606448109553969,-0.2953973721329801,-0.48697278741461525,-0.9337200538112246,0.0,0.0,0.0
21.520000000000564,0.0,0.0,-0.7275785479024691,0.0,0.0,0.0,0.0,0.0,0.0,-0.165301646851171,-0.3166745116683889,-0.9623742572541607,-0.2805463549014262,-0.46497677144978217,-0.9370082447901631,0.0,0.0,0.0
21.530000000000566,0.0,0.0,-0.7185040048373409,0.0,0.0,0.0,0.0,0.0,0.0,-0.14917807237589242,-0.29157836931026493,-0.9638507543994628,-0.26564279173402794,-0.4426985331339756,-0.9400450619631707,0.0,0.0,0.0
21.540000000000568,0.0,0.0,-0.7092289906289815,0.0,0.0,0.0,0.0,0.0,0.0,-0.13302345836548213,-0.26622664146942254,-0.9650742189225308,-0.2506931830691979,-0.4201588054417117,-0.9428295140696727,0.0,0.0,0.0
21.55000000000057,0.0,0.0,-0.6997521164772487,0.0,0.0,0.0,0.0,0.0,0.0,-0.1168429832091138,-0.24063606031615858,-0.9660446338843618,-0.23570405503951303,-0.39737868398551024,-0.9453606188490624,0.0,0.0,0.0
21.56000000000057,0.0,0.0,-0.6900745726635691,0.0,0.0,0.0,0.0,0.0,0.0,-0.10064182935915089,-0.21482354661827552,-0.966762048797245,-0.22068199504101563,-0.3743828908251989,-0.9476388681026251,0.0,0.0,0.0
21.570000000000572,0.0,0.0,-0.6801988760133492,0.0,0.0,0.0,0.0,0.0,0.0,-0.08442518167578017,-0.1888061984582543,-0.9672265795289929,-0.20563396286035077,-0.35119558586690636,-0.9496592052604472,0.0,0.0,0.0
21.580000000000574,0.0,0.0,-0.670097886283015,0.0,0.0,0.0,0.0,0.0,0.0,-0.0681982257719449,-0.16260127981785866,-0.9674384081896212,-0.1905661304571759,-0.3278277643936903,-0.9514199963808211,0.0,0.0,0.0
21.590000000000575,0.0,0.0,-0.6597813801599807,0.0,0.0,0.0,0.0,0.0,0.0,-0.05196614635902219,-0.13622620903794047,-0.9673977830007177,-0.17549427922891567,-0.30439163610832604,-0.9528342586602971,0.0,0.0,0.0
21.600000000000577,0.0,0.0,-0.6492833050606812,0.0,0.0,0.0,0.0,0.0,0.0,-0.03573412559394251,-0.10969854716110783,-0.9671050181474694,-0.1604150933527757,-0.28091066664400716,-0.9540266276004885,0.0,0.0,0.0
21.61000000000058,0.0,0.0,-0.6385903979641318,0.0,0.0,0.0,0.0,0.0,0.0,-0.019507341428070646,-0.08303598616520835,-0.9665604936133976,-0.14532526997048967,-0.25722344574669204,-0.9550380317537865,0.0,0.0,0.0
21.62000000000058,0.0,0.0,-0.6277061026659081,0.0,0.0,0.0,0.0,0.0,0.0,-0.003290965958587355,-0.05625633709545008,-0.9657646549980154,-0.1302609719303915,-0.23345136954892484,-0.9556977756247997,0.0,0.0,0.0
21.63000000000058,0.0,0.0,-0.6166422767336633,0.0,0.0,0.0,0.0,0.0,0.0,0.012909836217314785,-0.02937751810311573,-0.9647180133171638,-0.11525898260826171,-0.20969324687835494,-0.955853405574605,0.0,0.0,0.0
21.640000000000583,0.0,0.0,-0.6053949559532128,0.0,0.0,0.0,0.0,0.0,0.0,0.02908990964472613,-0.002417542399124617,-0.9634211447865211,-0.10024129671701541,-0.18572954269699912,-0.9561464141418056,0.0,0.0,0.0
21.650000000000585,0.0,0.0,-0.5939616218485282,0.0,0.0,0.0,0.0,0.0,0.0,0.04524410964936276,0.024605493869655604,-0.9618746905879734,-0.0852373454194652,-0.16172106199888653,-0.9561061625921619,0.0,0.0,0.0
21.660000000000586,0.0,0.0,-0.5823413089411087,0.0,0.0,0.0,0.0,0.0,0.0,0.06136730397145018,0.051673423813021646,-0.9600793566191874,-0.07023358390639924,-0.1376315152516592,-0.9560613448340958,0.0,0.0,0.0
21.670000000000588,0.0,0.0,-0.5705321224307216,0.0,0.0,0.0,0.0,0.0,0.0,0.07745437439461189,0.07876802205082312,-0.9580359132263847,-0.05529207736670338,-0.1136516569126412,-0.9553793573680767,0.0,0.0,0.0
21.68000000000059,0.0,0.0,-0.5585341136730376,0.0,0.0,0.0,0.0,0.0,0.0,0.09350021836921085,0.10587101701872603,-0.9557451949203586,-0.04038502024625915,-0.08970753312003371,-0.9545297160000048,0.0,0.0,0.0
21.69000000000059,0.0,0.0,-0.5463502327653039,0.0,0.0,0.0,0.0,0.0,0.0,0.10949975062965533,0.13296410331818453,-0.9532081000759409,-0.025529411226411745,-0.06586132014749838,-0.9534095292046675,0.0,0.0,0.0
21.700000000000593,0.0,0.0,-0.5339991954009776,0.0,0.0,0.0,0.0,0.0,0.0,0.1254479048052255,0.16002895410209295,-0.9504255906149357,0.015436646143493167,-0.042128804469830375,-0.952031121067721,0.0,0.0,0.0
21.710000000000594,0.0,0.0,-0.5214803383202107,0.0,0.0,0.0,0.0,0.0,0.0,0.14133963502375702,0.18704723348793229,-0.9473986916726713,0.02694728644582984,-0.018535986600838352,-0.9504155659939615,0.0,0.0,0.0
21.720000000000596,0.0,0.0,-0.5087462737096909,0.0,0.0,0.0,0.0,0.0,0.0,0.15716991750782694,0.21400060898972972,-0.9441284912482257,0.0389604554591214,0.03439769081438695,-0.9485213374589212,0.0,0.0,0.0
21.730000000000597,0.0,0.0,-0.4958131616059692,0.0,0.0,0.0,0.0,0.0,0.0,0.17293375216286822,0.24087076396064466,-0.9406161398385156,0.05163274727363913,0.05503756195130312,-0.9463754157802263,0.0,0.0,0.0
21.7400000000006,0.0,0.0,-0.48272232873714166,0.0,0.0,0.0,0.0,0.0,0.0,0.1886261641566893,0.26763941003762604,-0.9368628500563019,0.06488190025341543,0.07661354257637329,-0.9439171369821906,0.0,0.0,0.0
21.7500000000006,0.0,0.0,-0.46947385023560284,0.0,0.0,0.0,0.0,0.0,0.0,0.2042422054899231,0.29428829957963254,-0.9328698962322892,0.07864098517129735,0.09928267590914233,-0.9410826439359188,0.0,0.0,0.0
21.760000000000602,0.0,0.0,-0.45606856232760495,0.0,0.0,0.0,0.0,0.0,0.0,0.21977695655696694,0.3207992380910989,-0.9286386140013558,0.09286240378037813,0.12295459957824754,-0.9380956241334873,0.0,0.0,0.0
21.770000000000604,0.0,0.0,-0.44250864388879496,0.0,0.0,0.0,0.0,0.0,0.0,0.23522552769681337,0.34715409662203456,-0.9241703998731854,0.10747880883742385,0.14747688655793773,-0.9348938436187222,0.0,0.0,0.0
21.780000000000605,0.0,0.0,-0.428797480685352,0.0,0.0,0.0,0.0,0.0,0.0,0.250583060733341,0.3733348241365655,-0.919466710787276,0.12243229046617478,0.17271580414157292,-0.9314742116988106,0.0,0.0,0.0
21.790000000000607,0.0,0.0,-0.4149394663012629,0.0,0.0,0.0,0.0,0.0,0.0,0.2658447305046012,0.3993234598410633,-0.9145290636525791,0.1376684673345972,0.19854328502173615,-0.9278259215304901,0.0,0.0,0.0
21.80000000000061,0.0,0.0,-0.4009397754699179,0.0,0.0,0.0,0.0,0.0,0.0,0.28100574638059217,0.4251021454639874,-0.9093590348719056,0.1531374395293757,0.2248409636542679,-0.9239437166831851,0.0,0.0,0.0
21.81000000000061,0.0,0.0,-0.38680414397620666,0.0,0.0,0.0,0.0,0.0,0.0,0.29606135376901754,0.4506531374786329,-0.9039582598511318,0.16879333314426348,0.2515000602819352,-0.9198246478220253,0.0,0.0,0.0
21.82000000000061,0.0,0.0,-0.3725386650329044,0.0,0.0,0.0,0.0,0.0,0.0,0.3110068356085799,0.4759588192606965,-0.8983284324935303,0.1845941456875323,0.2784217074795906,-0.915468114284205,0.0,0.0,0.0
21.830000000000613,0.0,0.0,-0.35814960596669015,0.0,0.0,0.0,0.0,0.0,0.0,0.32583751384939674,0.5010017131721822,-0.8924713046791979,0.20050153454768233,0.3055168652318302,-0.9108752835147086,0.0,0.0,0.0
21.840000000000614,0.0,0.0,-0.3436432465824954,0.0,0.0,0.0,0.0,0.0,0.0,0.3405487509199363,0.5257644925635376,-0.8863886857298873,0.21648061617444855,0.3327060411195661,-0.9060487096102848,0.0,0.0,0.0
21.850000000000616,0.0,0.0,-0.3290257404569934,0.0,0.0,0.0,0.0,0.0,0.0,0.3551359511801546,0.5502299936857367,-0.8800824418593398,0.2324997573020953,0.359918795352221,-0.9009919854698272,0.0,0.0,0.0
21.860000000000618,0.0,0.0,-0.31430300068773187,0.0,0.0,0.0,0.0,0.0,0.0,0.3695945623603103,0.5743812275041011,-0.8735544956092367,0.24853035936189388,0.3870930627707729,-0.8957094504218902,0.0,0.0,0.0
21.87000000000062,0.0,0.0,-0.2994806115795254,0.0,0.0,0.0,0.0,0.0,0.0,0.38392007698498865,0.5982013914058593,-0.8668068252710448,0.2645466355083661,0.4141743254291927,-0.8902059357232585,0.0,0.0,0.0
21.88000000000062,0.0,0.0,-0.2845637671748715,0.0,0.0,0.0,0.0,0.0,0.0,0.39810803378191073,0.6216738807934052,-0.8598414642938415,0.2805253824152879,0.4411146825133918,-0.8844865412393937,0.0,0.0,0.0
21.890000000000622,0.0,0.0,-0.26955729444290566,0.0,0.0,0.0,0.0,0.0,0.0,0.41215401907514293,0.6447823005552404,-0.8526605006783261,0.29644575003892215,0.4678718717762538,-0.8785564390698561,0.0,0.0,0.0
21.900000000000624,0.0,0.0,-0.2544656273507561,0.0,0.0,0.0,0.0,0.0,0.0,0.4260536681621321,0.6675104764067235,-0.8452660763572226,0.31231748644489604,0.4944811786199524,-0.8726819170077678,0.0,0.0,0.0
21.910000000000625,0.0,0.0,-0.23929267778891045,0.0,0.0,0.0,0.0,0.0,0.0,0.4398026666743081,0.6898424660929243,-0.8376603865621726,0.3280634577428333,0.5207509082962714,-0.8663219661302014,0.0,0.0,0.0
21.920000000000627,0.0,0.0,-0.22404199047854673,0.0,0.0,0.0,0.0,0.0,0.0,0.4533967519206583,0.7117625704457677,-0.8298456791774147,0.3437068361103582,0.5467523710380093,-0.8598262207424163,0.0,0.0,0.0
21.93000000000063,0.0,0.0,-0.20871675746590584,0.0,0.0,0.0,0.0,0.0,0.0,0.46683171421400815,0.7332553442879473,-0.8218242540803594,0.35922665019042066,0.5724377223105582,-0.8531316049666933,0.0,0.0,0.0
21.94000000000063,0.0,0.0,-0.19331986886525893,0.0,0.0,0.0,0.0,0.0,0.0,0.480103398179476,0.7543056071759469,-0.8135984624692749,0.3746120217995441,0.5977839150592221,-0.8462548672415919,0.0,0.0,0.0
21.95000000000063,0.0,0.0,-0.17785396405959994,0.0,0.0,0.0,0.0,0.0,0.0,0.49320770404474534,0.7748984539749832,-0.8051707061783094,0.3898514375350188,0.6227645570872453,-0.839196165005211,0.0,0.0,0.0
21.960000000000633,0.0,0.0,-0.16232148395577387,0.0,0.0,0.0,0.0,0.0,0.0,0.5061405889117692,0.7950192652583392,-0.7965434369799614,0.40493475936465256,0.6473553033796879,-0.8319584272717518,0.0,0.0,0.0
21.970000000000635,0.0,0.0,-0.1467247207926765,0.0,0.0,0.0,0.0,0.0,0.0,0.5188980680094817,0.8146537175240729,-0.787719155875339,0.41985266829160006,0.6715325428652476,-0.8245435215542484,0.0,0.0,0.0
21.980000000000636,0.0,0.0,-0.13106586426245168,0.0,0.0,0.0,0.0,0.0,0.0,0.5314762159271236,0.8337877932218873,-0.7787004123722516,0.43459664785748525,0.6952735392580695,-0.8169530783034493,0.0,0.0,0.0
21.990000000000638,0.0,0.0,-0.11534704314429521,0.0,0.0,0.0,0.0,0.0,0.0,0.5438711678278062,0.8524077905833489,-0.7694898037514826,0.44915887742432226,0.7185563467076959,-0.8091883967446584,0.0,0.0,0.0
22.00000000000064,0.0,0.0,-0.09957036221055249,0.0,0.0,0.0,0.0,0.0,0.0,0.5560791206419776,0.8705003332485788,-0.7600899743213653,0.46353215936624764,0.741359814697493,-0.80125053902733,0.0,0.0,0.0
22.01000000000064,0.0,0.0,-0.08373793452765173,0.0,0.0,0.0,0.0,0.0,0.0,0.5680963342403302,0.8880523796826734,-0.7505036146609056,0.4777098510322031,0.7636635993840873,-0.793140386323258,0.0,0.0,0.0
22.020000000000643,0.0,0.0,-0.06785190958431105,0.0,0.0,0.0,0.0,0.0,0.0,0.5799191325858847,0.9050512323754121,-0.740733460851688,0.49168580539336126,0.7854481830321127,-0.7848586980537899,0.0,0.0,0.0
22.030000000000644,0.0,0.0,-0.051914497832836096,0.0,0.0,0.0,0.0,0.0,0.0,0.5915439048648344,0.9214845468178141,-0.7307822936987135,0.5054543207368101,0.8066948901941553,-0.7764061637898487,0.0,0.0,0.0
22.040000000000646,0.0,0.0,-0.03592799224466707,0.0,0.0,0.0,0.0,0.0,0.0,0.6029671065958107,0.9373403402492615,-0.7206529379404819,0.5190100995858432,0.827385896675325,-0.7677834488082047,0.0,0.0,0.0
22.050000000000647,0.0,0.0,-0.019894787433068554,0.0,0.0,0.0,0.0,0.0,0.0,0.6141852607172261,0.9526070001690616,-0.7103482614484994,0.5323482150798226,0.847504229628092,-0.7589912326978502,0.0,0.0,0.0
22.06000000000065,0.0,0.0,-0.003817394358999651,0.0,0.0,0.0,0.0,0.0,0.0,0.6251949586523933,0.9672732926066048,-0.6998711744163935,0.545464083057778,0.8670337588683291,-0.7500302413508394,0.0,0.0,0.0
22.07000000000065,0.0,0.0,0.012301579899424993,0.0,0.0,0.0,0.0,0.0,0.0,0.6359928613520361,0.9813283701441895,-0.689224628538956,0.5583534379797621,0.8859591924579044,-0.740901269374582,0.0,0.0,0.0
22.080000000000652,0.0,0.0,0.028459468781288202,0.0,0.0,0.0,0.0,0.0,0.0,0.6465757003139085,0.9947617796870234,-0.6784116161812767,0.5710123080150807,0.9042662315507448,-0.7316051615769564,0.0,0.0,0.0
22.090000000000654,0.0,0.0,0.04465355442463786,0.0,0.0,0.0,0.0,0.0,0.0,0.6569402785792022,1.0075634699748026,-0.6674351695382184,0.5834370049551024,0.9219418997055386,-0.7221428911912032,0.0,0.0,0.0
22.100000000000655,0.0,0.0,0.06088106302527685,0.0,0.0,0.0,0.0,0.0,0.0,0.6670834717054425,1.0197237988296761,-0.6562983597845004,0.5956241220376882,0.9389745174920098,-0.7125157061212096,0.0,0.0,0.0
22.110000000000657,0.0,0.0,0.07713915682506467,0.0,0.0,0.0,0.0,0.0,0.0,0.6770022287155567,1.0312335401355137,-0.645004296215548,0.6075705114183986,0.9553535075328912,-0.7027251115299977,0.0,0.0,0.0
22.12000000000066,0.0,0.0,0.09342492308077532,0.0,0.0,0.0,0.0,0.0,0.0,0.6866935730228219,1.0420838905433654,-0.6335561253794727,0.6192732607925606,0.9710692135957313,-0.692772833250477,0.0,0.0,0.0
22.13000000000066,0.0,0.0,0.1097353604686234,0.0,0.0,0.0,0.0,0.0,0.0,0.6961546033314611,1.052266475898577,-0.6219570302002855,0.6307296725231788,0.9861127444569724,-0.6826607882217707,0.0,0.0,0.0
22.14000000000066,0.0,0.0,0.1260673635260285,0.0,0.0,0.0,0.0,0.0,0.0,0.705382494512537,1.0617733573848365,-0.6102102290927061,0.6419372444466159,1.0004758416353667,-0.6723910576388004,0.0,0.0,0.0
22.150000000000663,0.0,0.0,0.14241770581980076,0.0,0.0,0.0,0.0,0.0,0.0,0.7143744984549307,1.0705970373808704,-0.5983189750687428,0.6528936522801058,1.0141507713447016,-0.6619658638776179,0.0,0.0,0.0
22.160000000000664,0.0,0.0,0.15878302255670276,0.0,0.0,0.0,0.0,0.0,0.0,0.7231279448911426,1.0787304650255003,-0.5862865548363139,0.6635967334811022,1.027130240039419,-0.6513875511425858,0.0,0.0,0.0
22.170000000000666,0.0,0.0,0.1751597933242478,0.0,0.0,0.0,0.0,0.0,0.0,0.7316402421976329,1.0861670414871867,-0.5741162878901812,0.6740444724725173,1.0394073323096067,-0.6406585698747471,0.0,0.0,0.0
22.180000000000668,0.0,0.0,0.19154432558173595,0.0,0.0,0.0,0.0,0.0,0.0,0.7399088781694905,1.0929006249341273,-0.5618115255953824,0.6842349871651766,1.0509754692274818,-0.6297814647832471,0.0,0.0,0.0
22.19000000000067,0.0,0.0,0.20793273942686688,0.0,0.0,0.0,0.0,0.0,0.0,0.7479314207691959,1.0989255352014682,-0.5493756502634983,0.6941665167210276,1.0618283847352512,-0.6187588662312898,0.0,0.0,0.0
22.20000000000067,0.0,0.0,0.2243209540527413,0.0,0.0,0.0,0.0,0.0,0.0,0.7557055188492231,1.1042365581520663,-0.5368120742219703,0.7038374105059145,1.0719601173254116,-0.6075934845910979,0.0,0.0,0.0
22.210000000000672,0.0,0.0,0.24070467637702422,0.0,0.0,0.0,0.0,0.0,0.0,0.7632289028483163,1.1088289497277386,-0.5241242388766868,0.7132461181834354,1.0813650141057574,-0.5962881071045789,0.0,0.0,0.0
22.220000000000674,0.0,0.0,0.25707931020043884,0.0,0.0,0.0,0.0,0.0,0.0,0.7704993854611688,1.1126984396879773,-0.5113156137681767,0.7223911808873864,1.0900377448946823,-0.5848455966156665,0.0,0.0,0.0
22.230000000000675,0.0,0.0,0.27344010585350526,0.0,0.0,0.0,0.0,0.0,0.0,0.7775148622813557,1.1158412350333258,-0.4983896956216042,0.7312793778503779,1.0979925614076247,-0.5733322490115903,0.0,0.0,0.0
22.240000000000677,0.0,0.0,0.28978218006365514,0.0,0.0,0.0,0.0,0.0,0.0,0.7842733124173198,1.1182540231108804,-0.4853500073908511,0.7398902499209361,1.1051792585016373,-0.5616056249761968,0.0,0.0,0.0
22.25000000000068,0.0,0.0,0.30610034247609713,0.0,0.0,0.0,0.0,0.0,0.0,0.7907727990811978,1.1199339743995818,-0.47220009729696105,0.748235660493137,1.1116251031151458,-0.5497665379720651,0.0,0.0,0.0
22.26000000000068,0.0,0.0,0.3223891602903608,0.0,0.0,0.0,0.0,0.0,0.0,0.7970114701503439,1.1208787449731412,-0.45894353786115627,0.7563120742565246,1.117320657392394,-0.5377998764551537,0.0,0.0,0.0
22.27000000000068,0.0,0.0,0.33864294656425314,0.0,0.0,0.0,0.0,0.0,0.0,0.8029875587013994,1.1210864786386632,-0.44558392493276433,0.7641188503212661,1.1222636602783647,-0.5257124190262301,0.0,0.0,0.0
22.280000000000683,0.0,0.0,0.35485575398962577,0.0,0.0,0.0,0.0,0.0,0.0,0.8086993835167011,1.1205558087493117,-0.4321248767122641,0.7716551541133849,1.126450915028375,-0.5135063337285803,0.0,0.0,0.0
22.290000000000685,0.0,0.0,0.37102142727539267,0.0,0.0,0.0,0.0,0.0,0.0,0.8141453495629204,1.1192858596895208,-0.41857003276973376,0.7789211535351078,1.1298803594532247,-0.5011859116110489,0.0,0.0,0.0
22.300000000000686,0.0,0.0,0.3871329521324073,0.0,0.0,0.0,0.0,0.0,0.0,0.8193239484418005,1.1172762480314402,-0.40492305305898935,0.7859165044098971,1.1325502919193768,-0.488755095565495,0.0,0.0,0.0
22.310000000000688,0.0,0.0,0.4031838630887013,0.0,0.0,0.0,0.0,0.0,0.0,0.8242337588128308,1.1145270833616487,-0.3911876169276188,0.7926793025597518,1.1345441334535018,-0.4765290464937017,0.0,0.0,0.0
22.32000000000069,0.0,0.0,0.41916822204637366,0.0,0.0,0.0,0.0,0.0,0.0,0.8288734467877726,1.1110389687772741,-0.37736742212327684,0.7991106807185255,1.1356494745034849,-0.4637684628760378,0.0,0.0,0.0
22.33000000000069,0.0,0.0,0.43507912367878243,0.0,0.0,0.0,0.0,0.0,0.0,0.8332417662968946,1.106813001050931,-0.3634661837964018,0.8052798385811027,1.13601983087495,-0.4509918416568514,0.0,0.0,0.0
22.340000000000693,0.0,0.0,0.450909426868138,0.0,0.0,0.0,0.0,0.0,0.0,0.8373375594268392,1.101850770464098,-0.3494876334997138,0.8111737750870154,1.135629638902795,-0.4381126451344009,0.0,0.0,0.0
22.350000000000694,0.0,0.0,0.4666518368145739,0.0,0.0,0.0,0.0,0.0,0.0,0.8411597567300252,1.0961543603088075,-0.33543551818471046,0.8167932804147605,1.1344833579173461,-0.42514975066885813,0.0,0.0,0.0
22.360000000000696,0.0,0.0,0.4822990008261866,0.0,0.0,0.0,0.0,0.0,0.0,0.8447073775054811,1.0897263460576838,-0.3213135991954467,0.8221369024624033,1.132581068277173,-0.41210357478374143,0.0,0.0,0.0
22.370000000000697,0.0,0.0,0.49784353077509236,0.0,0.0,0.0,0.0,0.0,0.0,0.8479795300510649,1.0825697942026657,-0.3071256512598858,0.8272037457485008,1.1299246180862956,-0.39897765440573774,0.0,0.0,0.0
22.3800000000007,0.0,0.0,0.5132778365462302,0.0,0.0,0.0,0.0,0.0,0.0,0.8509754118869922,1.0746882607629125,-0.29287546147904475,0.831993116413084,1.1265170720390785,-0.3857759472450153,0.0,0.0,0.0
22.3900000000007,0.0,0.0,0.5285941232906401,0.0,0.0,0.0,0.0,0.0,0.0,0.8536943099506024,1.0660857894626437,-0.27856682831426616,0.8365044435701592,1.122361773668215,-0.37250245221372025,0.0,0.0,0.0
22.400000000000702,0.0,0.0,0.5437917311145702,0.0,0.0,0.0,0.0,0.0,0.0,0.8561356007623423,1.056766909579881,-0.2642035605728561,0.8407372043082015,1.1174619658189464,-0.35916066422366744,0.0,0.0,0.0
22.410000000000704,0.0,0.0,0.5588538934143297,0.0,0.0,0.0,0.0,0.0,0.0,0.8582987505629203,1.0467366334672883,-0.2497894763923368,0.8446185897010342,1.111821588442637,-0.3457605275308196,0.0,0.0,0.0
22.420000000000705,0.0,0.0,0.5737625540509063,0.0,0.0,0.0,0.0,0.0,0.0,0.8601833154215844,1.0360004537465028,-0.23532840222364043,0.8481286348013878,1.1054286767696497,-0.3322923421431348,0.0,0.0,0.0
22.430000000000707,0.0,0.0,0.5885169043897804,0.0,0.0,0.0,0.0,0.0,0.0,0.8617889413155368,1.0245643401776274,-0.22082417181346958,0.8515035932698901,1.0982817406197682,-0.3187503877685289,0.0,0.0,0.0
22.44000000000071,0.0,0.0,0.6031105640912812,0.0,0.0,0.0,0.0,0.0,0.0,0.8631153641804553,1.0124347362056911,-0.2062806251861131,0.8546921998960989,1.0904256454983576,-0.30516837480104997,0.0,0.0,0.0
22.45000000000071,0.0,0.0,0.6175367709664817,0.0,0.0,0.0,0.0,0.0,0.0,0.8641624099321197,0.9996185551861845,-0.19170160762499763,0.8576491290746104,1.0818625114949254,-0.2915472626893827,0.0,0.0,0.0
22.46000000000071,0.0,0.0,0.631788514001836,0.0,0.0,0.0,0.0,0.0,0.0,0.8649299944591615,0.9861231762919571,-0.17709096865420923,0.8603433223487574,1.0725955815153951,-0.27788747514084505,0.0,0.0,0.0
22.470000000000713,0.0,0.0,0.6458600551908056,0.0,0.0,0.0,0.0,0.0,0.0,0.8654181235869597,0.9719564401039688,-0.16245256102031452,0.8627545021030442,1.0626298521221957,-0.264190848960429,0.0,0.0,0.0
22.480000000000715,0.0,0.0,0.6597439346992705,0.0,0.0,0.0,0.0,0.0,0.0,0.8656268930126866,0.9571266438886037,-0.14779023967468385,0.8648561908216087,1.051971669401513,-0.25046106681334696,0.0,0.0,0.0
22.490000000000716,0.0,0.0,0.673431099575373,0.0,0.0,0.0,0.0,0.0,0.0,0.8655564882115669,0.9416425365645339,-0.1331078607566434,0.8666305350611827,1.0406279627664878,-0.23669902451248281,0.0,0.0,0.0
22.500000000000718,0.0,0.0,0.6869140211024223,0.0,0.0,0.0,0.0,0.0,0.0,0.8652071843143813,0.9255133133622241,-0.1184092805776886,0.8681087428073014,1.0286074303589492,-0.22290732660894183,0.0,0.0,0.0
22.51000000000072,0.0,0.0,0.7001851497289092,0.0,0.0,0.0,0.0,0.0,0.0,0.8645793459562636,0.9087486101794379,-0.10369835460704052,0.8692889359332655,1.0159198647320618,-0.2090939574208434,0.0,0.0,0.0
22.52000000000072,0.0,0.0,0.7132369328080038,0.0,0.0,0.0,0.0,0.0,0.0,0.8636734270968865,0.8913584976363345,-0.0889789364588181,0.8701704151553005,1.0025749195881846,-0.19526261704555622,0.0,0.0,0.0
22.530000000000722,0.0,0.0,0.7260618433860014,0.0,0.0,0.0,0.0,0.0,0.0,0.8624899708120571,0.8733534748339022,-0.07425487688106941,0.8707540427793481,0.9885830141813572,-0.18141784730455549,0.0,0.0,0.0
22.540000000000724,0.0,0.0,0.7386524050872,0.0,0.0,0.0,0.0,0.0,0.0,0.8610296090568637,0.85474446281969,-0.05953002274696001,0.871041616244198,0.9739551564872245,-0.16756422682100774,0.0,0.0,0.0
22.550000000000725,0.0,0.0,0.7510012144069164,0.0,0.0,0.0,0.0,0.0,0.0,0.8592930624004155,0.8355427977650187,-0.04480821604835844,0.8710354846724249,0.9587029169945663,-0.15370644291940258,0.0,0.0,0.0
22.560000000000727,0.0,0.0,0.7631009612359313,0.0,0.0,0.0,0.0,0.0,0.0,0.8572811397323069,0.8157602238580095,-0.03009329289209106,0.8707382619091396,0.9428383915179652,-0.13984924479727429,0.0,0.0,0.0
22.57000000000073,0.0,0.0,0.7749444477208621,0.0,0.0,0.0,0.0,0.0,0.0,0.8549947379409009,0.7954088859170366,-0.015389082499133871,0.8701526268650529,0.9263741779423451,-0.12599742432794278,0.0,0.0,0.0
22.58000000000073,0.0,0.0,0.7865246053430126,0.0,0.0,0.0,0.0,0.0,0.0,0.8524348415635499,0.7745013217293215,-0.0006994062069866358,0.8692811889870509,0.9093233618700383,-0.11215580078623524,0.0,0.0,0.0
22.59000000000073,0.0,0.0,0.7978345100512704,0.0,0.0,0.0,0.0,0.0,0.0,0.8496025224089054,0.7530504541195202,0.013971923524489366,0.8681264042245241,0.8916995093156795,-0.09832921140285444,0.0,0.0,0.0
22.600000000000733,0.0,0.0,0.8088683988209956,0.0,0.0,0.0,0.0,0.0,0.0,0.8464989391514066,0.7310695827536686,0.028621104103523504,0.866690530097841,0.873516664572993,-0.0845225062468758,0.0,0.0,0.0
22.610000000000735,0.0,0.0,0.8196189655097834,0.0,0.0,0.0,0.0,0.0,0.0,0.8431253368981397,0.7085723756834761,0.043244343792924744,0.8649756074834793,0.8547931804605484,-0.07074043066509601,0.0,0.0,0.0
22.620000000000736,0.0,0.0,0.8300784945935895,0.0,0.0,0.0,0.0,0.0,0.0,0.8394830467281945,0.685572860636693,0.05783786269233637,0.8629835140900564,0.835544903801383,-0.056988238259785925,0.0,0.0,0.0
22.630000000000738,0.0,0.0,0.8402412563099333,0.0,0.0,0.0,0.0,0.0,0.0,0.8355734852046864,0.6620854160590642,0.0723978937160148,0.8607158760848467,0.8157752699255103,-0.04327070123317012,0.0,0.0,0.0
22.64000000000074,0.0,0.0,0.8501015323957376,0.0,0.0,0.0,0.0,0.0,0.0,0.831398153859614,0.6381247619138011,0.08692068356587324,0.8581741818528402,0.7955041997504191,-0.029592218177754526,0.0,0.0,0.0
22.65000000000074,0.0,0.0,0.8596536258369821,0.0,0.0,0.0,0.0,0.0,0.0,0.8269586386517582,0.613705950244439,0.10140249369953946,0.8553598936922492,0.7747507876040907,-0.01595796317794175,0.0,0.0,0.0
22.660000000000743,0.0,0.0,0.868892427201377,0.0,0.0,0.0,0.0,0.0,0.0,0.822256609397751,0.5888443555073767,0.11583960129318105,0.852274398813871,0.7535333724270818,0.02301945054869911,0.0,0.0,0.0
22.670000000000744,0.0,0.0,0.877812275250822,0.0,0.0,0.0,0.0,0.0,0.0,0.8172938191765862,0.5635556646802423,0.13022830019884346,0.8491546682113903,0.7318883763020789,0.030823191196257455,0.0,0.0,0.0
22.680000000000746,0.0,0.0,0.8864071065115195,0.0,0.0,0.0,0.0,0.0,0.0,0.8120721037076979,0.5378558671527592,0.14456490189605664,0.8454125462110119,0.7097840353350215,0.04315252716209677,0.0,0.0,0.0
22.690000000000747,0.0,0.0,0.894671583310723,0.0,0.0,0.0,0.0,0.0,0.0,0.8065933807029215,0.5117612444065409,0.15884573643750233,0.8414723569817929,0.6872751716500654,0.05536021271733097,0.0,0.0,0.0
22.70000000000075,0.0,0.0,0.9026016704343102,0.0,0.0,0.0,0.0,0.0,0.0,0.8008596491924275,0.48528835949067123,0.17306715338837164,0.8372799204662129,0.6643776991486858,0.06800662192663012,0.0,0.0,0.0
22.71000000000075,0.0,0.0,0.9101925455156494,0.0,0.0,0.0,0.0,0.0,0.0,0.7948729888249831,0.45845404629999364,0.18722552275939175,0.8328380867476552,0.641113865956994,0.08097469965571259,0.0,0.0,0.0
22.720000000000752,0.0,0.0,0.9174386106337283,0.0,0.0,0.0,0.0,0.0,0.0,0.7886355591427299,0.43127539866308096,0.20131723593306494,0.8281440628078351,0.6175110482397119,0.0942390577387079,0.0,0.0,0.0
22.730000000000754,0.0,0.0,0.9243351088490228,0.0,0.0,0.0,0.0,0.0,0.0,0.7821495988306832,0.40376975924712233,0.2153387065830093,0.8231970765303541,0.5935769516567756,0.10776433426570314,0.0,0.0,0.0
22.740000000000755,0.0,0.0,0.9308773239568199,0.0,0.0,0.0,0.0,0.0,0.0,0.7754174249412646,0.37595470828696254,0.22928637158613197,0.817997180421595,0.5693322926002256,0.1215176388180684,0.0,0.0,0.0
22.750000000000757,0.0,0.0,0.9370605489492353,0.0,0.0,0.0,0.0,0.0,0.0,0.7684414320941413,0.34784805214585135,0.24315669192740447,0.812545160661961,0.5447985484655019,0.13546789292609102,0.0,0.0,0.0
22.76000000000076,0.0,0.0,0.9428800679203418,0.0,0.0,0.0,0.0,0.0,0.0,0.7612240916515625,0.3194678117152365,0.25694615359700745,0.8068424166521593,0.5199976557170433,0.14958568186499516,0.0,0.0,0.0
22.77000000000076,0.0,0.0,0.9483311462139348,0.0,0.0,0.0,0.0,0.0,0.0,0.7537679508695573,0.29083221066145126,0.2706512684796185,0.8008908517770426,0.49495186059772917,0.16384327649437544,0.0,0.0,0.0
22.78000000000076,0.0,0.0,0.9534090321264699,0.0,0.0,0.0,0.0,0.0,0.0,0.746075632025228,0.26195966352692523,0.2842685752356613,0.794692785161004,0.46968357038561503,0.1782146224189609,0.0,0.0,0.0
22.790000000000763,0.0,0.0,0.9581089736265862,0.0,0.0,0.0,0.0,0.0,0.0,0.7381498315204655,0.2328687636938951,0.2977946401741465,0.7882508791268286,0.44421520554038807,0.19267531848915387,0.0,0.0,0.0
22.800000000000765,0.0,0.0,0.9624262530215076,0.0,0.0,0.0,0.0,0.0,0.0,0.7299933189623337,0.20357827121845218,0.3112260581171393,0.7815680790456506,0.418569057174205,0.2072025797796342,0.0,0.0,0.0
22.810000000000766,0.0,0.0,0.9663562413181764,0.0,0.0,0.0,0.0,0.0,0.0,0.7216089362204843,0.17410710054307854,0.3245594532553696,0.774647561791616,0.39276715859120626,0.22177518463050053,0.0,0.0,0.0
22.820000000000768,0.0,0.0,0.9698944725150732,0.0,0.0,0.0,0.0,0.0,0.0,0.7129995964619413,0.14447430809573336,0.3377914799949491,0.7674926906386241,0.36683118081523297,0.23637340576775168,0.0,0.0,0.0
22.83000000000077,0.0,0.0,0.9730367362713452,0.0,0.0,0.0,0.0,0.0,0.0,0.7041682831634495,0.11469907978383742,0.3509188237948997,0.7601069771063812,0.34078236079558133,0.2509789267596363,0.0,0.0,0.0
22.84000000000077,0.0,0.0,0.975779185285962,0.0,0.0,0.0,0.0,0.0,0.0,0.6951180491018611,0.08480071839124781,0.36393820199531324,0.7524940499227333,0.3146414710659136,0.2655747456826248,0.0,0.0,0.0
22.850000000000772,0.0,0.0,0.9781184516098811,0.0,0.0,0.0,0.0,0.0,0.0,0.685852015322838,0.05479863088676207,0.3768463646359693,0.7446576298526878,0.28842883902150435,0.2801450686113966,0.0,0.0,0.0
22.860000000000774,0.0,0.0,0.9800520500682589,0.0,0.0,0.0,0.0,0.0,0.0,0.6763733700881815,0.024712315652552386,0.38964009526505183,0.7366015090885145,0.26216442057208555,0.29467519676873066,0.0,0.0,0.0
22.870000000000775,0.0,0.0,0.9815780278724857,0.0,0.0,0.0,0.0,0.0,0.0,0.66668536780218,-0.005438650359071762,0.40231621173808163,0.7283295376923886,0.23586646446801351,0.3091516399907054,0.0,0.0,0.0
22.880000000000777,0.0,0.0,0.982694875519078,0.0,0.0,0.0,0.0,0.0,0.0,0.6567913279173201,-0.03563462453194033,0.4148715670064269,0.7198456153934631,0.20955333168208812,0.323561070842459,0.0,0.0,0.0
22.89000000000078,0.0,0.0,0.9834022033078613,0.0,0.0,0.0,0.0,0.0,0.0,0.6466946338197499,-0.06585591154681691,0.4273030498956498,0.7111536422394072,0.1832481236682074,0.3378909413543205,0.0,0.0,0.0
22.90000000000078,0.0,0.0,0.9837005355060773,0.0,0.0,0.0,0.0,0.0,0.0,0.6363987316947759,-0.09608277638798501,0.4396075858731563,0.7022575406016143,0.1569710740811392,0.35213068578896545,0.0,0.0,0.0
22.91000000000078,0.0,0.0,0.9835913190195631,0.0,0.0,0.0,0.0,0.0,0.0,0.6259071293728957,-0.12629545738706027,0.45178213780513166,0.6931612553925073,0.13074294263931122,0.36626938180526564,0.0,0.0,0.0
22.920000000000783,0.0,0.0,0.9830769058672227,0.0,0.0,0.0,0.0,0.0,0.0,0.615223395156638,-0.15647417929532415,0.46382370670254247,0.6838687340052024,0.1045854388697782,0.3802968238465511,0.0,0.0,0.0
22.930000000000785,0.0,0.0,0.9821605088643497,0.0,0.0,0.0,0.0,0.0,0.0,0.6043511566286486,-0.18659916637579932,0.4757293324559797,0.674383923800427,0.07852139856548138,0.39420331336246534,0.0,0.0,0.0
22.940000000000786,0.0,0.0,0.9808461352792758,0.0,0.0,0.0,0.0,0.0,0.0,0.5932940994414101,-0.21665065550633367,0.4874960945592697,0.6647107696116734,0.052574961076080715,0.40797967036990246,0.0,0.0,0.0
22.950000000000788,0.0,0.0,0.9791385044413141,0.0,0.0,0.0,0.0,0.0,0.0,0.5820559660890179,-0.24660890928502077,0.4991211128214792,0.6548532131466226,0.026771706115848823,0.4216172238003059,0.0,0.0,0.0
22.96000000000079,0.0,0.0,0.9769896043098331,0.0,0.0,0.0,0.0,0.0,0.0,0.5706405546613272,-0.2764542291291532,0.5106015480674526,0.6448151938929271,-0.02949646369232714,0.43510781632680345,0.0,0.0,0.0
22.97000000000079,0.0,0.0,0.9744039989671908,0.0,0.0,0.0,0.0,0.0,0.0,0.5590517175810195,-0.30616696835888524,0.5219346028263186,0.6346000165211804,-0.05208335168661713,0.44841233795541213,0.0,0.0,0.0
22.980000000000793,0.0,0.0,0.9714458552880819,0.0,0.0,0.0,0.0,0.0,0.0,0.5472933603238442,-0.33572754525699455,0.5331175220082021,0.6242119892565633,-0.07583012089237157,0.46159702355777565,0.0,0.0,0.0
22.990000000000794,0.0,0.0,0.9681204088611945,0.0,0.0,0.0,0.0,0.0,0.0,0.5353694401226408,-0.36511645609584464,0.5441475935686626,0.6136567404829558,-0.10086443791691374,0.4747068834678758,0.0,0.0,0.0
23.000000000000796,0.0,0.0,0.9644327022804493,0.0,0.0,0.0,0.0,0.0,0.0,0.5232839646553522,-0.3943142881230246,0.5550221491608806,0.6029366185918273,-0.12706626925011866,0.4876061652916699,0.0,0.0,0.0
23.010000000000797,0.0,0.0,0.9603878907364377,0.0,0.0,0.0,0.0,0.0,0.0,0.5110409907176539,-0.4233017324966961,0.565738564775389,0.5920559904699516,-0.15428670278123133,0.500316134126719,0.0,0.0,0.0
23.0200000000008,0.0,0.0,0.9559912843508952,0.0,0.0,0.0,0.0,0.0,0.0,0.4986446228805447,-0.4520595971622354,0.5762942613671086,0.5810188472408344,-0.182383805721442,0.5128310131583088,0.0,0.0,0.0
23.0300000000008,0.0,0.0,0.9512177942410341,0.0,0.0,0.0,0.0,0.0,0.0,0.48609901213330536,-0.48056881966137244,0.5866867054697847,0.5698292838586106,-0.21121787046886722,0.5251499488643901,0.0,0.0,0.0
23.040000000000802,0.0,0.0,0.9460790485061453,0.0,0.0,0.0,0.0,0.0,0.0,0.4734083545123206,-0.5088104798653252,0.5969134097973041,0.5584923426826863,-0.2405901649429383,0.5373063474656186,0.0,0.0,0.0
23.050000000000804,0.0,0.0,0.9406196902410685,0.0,0.0,0.0,0.0,0.0,0.0,0.4605768897162641,-0.5367658126232633,0.6069719338322038,0.5470112656758988,-0.27034239516167785,0.549264952865713,0.0,0.0,0.0
23.060000000000805,0.0,0.0,0.9348446979514622,0.0,0.0,0.0,0.0,0.0,0.0,0.4476088997079281,-0.5644162203177068,0.6168598844007508,0.5353892055618639,-0.3005094663705066,0.5610088491918409,0.0,0.0,0.0
23.070000000000807,0.0,0.0,0.9287588770977718,0.0,0.0,0.0,0.0,0.0,0.0,0.4345087073033813,-0.5917432853184854,0.6265749162349277,0.5236304729627853,-0.33096550263932256,0.5725380828137203,0.0,0.0,0.0
23.08000000000081,0.0,0.0,0.9223675410422734,0.0,0.0,0.0,0.0,0.0,0.0,0.42128067474869335,-0.6187287823265488,0.6361147325208099,0.5117397266541741,-0.36159239091381584,0.5838538957868866,0.0,0.0,0.0
23.09000000000081,0.0,0.0,0.9156764554382348,0.0,0.0,0.0,0.0,0.0,0.0,0.40792920228489266,-0.6453546905997949,0.6454770854334408,0.49972152120063557,-0.3922830827777375,0.5949573037586812,0.0,0.0,0.0
23.10000000000081,0.0,0.0,0.9086917964908393,0.0,0.0,0.0,0.0,0.0,0.0,0.39445872670140325,-0.6716032060522852,0.6546597766580526,0.4875803163818068,-0.4229414518077484,0.6058485444737048,0.0,0.0,0.0
23.110000000000813,0.0,0.0,0.9014202602418485,0.0,0.0,0.0,0.0,0.0,0.0,0.3808737198787153,-0.6974567532189275,0.6636606578973134,0.4753205244399145,-0.4534818024629438,0.6165274062261884,0.0,0.0,0.0
23.120000000000815,0.0,0.0,0.8938689876591566,0.0,0.0,0.0,0.0,0.0,0.0,0.3671786873204795,-0.7228979970774083,0.6724776313648928,0.4629466469930965,-0.4838275329748419,0.6269964309510154,0.0,0.0,0.0
23.130000000000816,0.0,0.0,0.8860451731245446,0.0,0.0,0.0,0.0,0.0,0.0,0.35337816667564603,-0.7479098547195342,0.6811086502647195,0.4504627911029335,-0.5139144260798704,0.6372494484387639,0.0,0.0,0.0
23.140000000000818,0.0,0.0,0.8779560709054514,0.0,0.0,0.0,0.0,0.0,0.0,0.3394767262511875,-0.7724755068639628,0.689551719256353,0.4378731115084763,-0.5436852851131811,0.6472831692419163,0.0,0.0,0.0
23.15000000000082,0.0,0.0,0.8696094594593271,0.0,0.0,0.0,0.0,0.0,0.0,0.3254789635157104,-0.7965784092027564,0.6978048949058804,0.4251820772746643,-0.5730872467996141,0.657101744057056,0.0,0.0,0.0
23.16000000000082,0.0,0.0,0.8610129943629612,0.0,0.0,0.0,0.0,0.0,0.0,0.3113895035946477,-0.8202023035737214,0.7058662861226235,0.4123963772470334,-0.6020767012984711,0.6667026089340086,0.0,0.0,0.0
23.170000000000822,0.0,0.0,0.8521741833818345,0.0,0.0,0.0,0.0,0.0,0.0,0.2972129977572866,-0.843331228951433,0.7137340545813686,0.3995215456465564,-0.6306157479830558,0.676084731832439,0.0,0.0,0.0
23.180000000000824,0.0,0.0,0.8431009592802692,0.0,0.0,0.0,0.0,0.0,0.0,0.282954121896427,-0.8659495322491217,0.7214064151299628,0.3865546138911953,-0.6586712388415017,0.6852492315722177,0.0,0.0,0.0
23.190000000000826,0.0,0.0,0.833801271429954,0.0,0.0,0.0,0.0,0.0,0.0,0.2686175750008385,-0.8880418789243398,0.7288816361824919,0.3734997758554872,-0.686217789081889,0.6941887456398561,0.0,0.0,0.0
23.200000000000827,0.0,0.0,0.8242830193067463,0.0,0.0,0.0,0.0,0.0,0.0,0.25420807762121345,-0.9095932633810562,0.7361580400975312,0.36036191525444,-0.7132320454734885,0.7029005274531763,0.0,0.0,0.0
23.21000000000083,0.0,0.0,0.8145539579670479,0.0,0.0,0.0,0.0,0.0,0.0,0.2397303703301239,-0.9305890191612511,0.7432340035418208,0.34714668561525147,-0.739691139108226,0.7113881303091475,0.0,0.0,0.0
23.22000000000083,0.0,0.0,0.8046216162732384,0.0,0.0,0.0,0.0,0.0,0.0,0.22518921217630594,-0.9510148289190399,0.7501079578389054,0.3338590211319011,-0.7655773510882232,0.7196486841202295,0.0,0.0,0.0
23.23000000000083,0.0,0.0,0.794493234360554,0.0,0.0,0.0,0.0,0.0,0.0,0.21058937913400388,-0.9708567341704573,0.7567783893030238,0.32050353208215715,-0.7908744752281988,0.7276806338914262,0.0,0.0,0.0
23.240000000000833,0.0,0.0,0.7841757130104057,0.0,0.0,0.0,0.0,0.0,0.0,0.19593566254768913,-0.9901011448124621,0.7632438395578232,0.3070845694126834,-0.8155679008954856,0.735482388641522,0.0,0.0,0.0
23.250000000000835,0.0,0.0,0.7736755754062937,0.0,0.0,0.0,0.0,0.0,0.0,0.18123286757271695,-1.0087348484044858,0.7695029058401848,0.29360635039780475,-0.8396441104171002,0.7430526169064066,0.0,0.0,0.0
23.260000000000836,0.0,0.0,0.7629989420254566,0.0,0.0,0.0,0.0,0.0,0.0,0.16648581161252296,-1.0267450192063299,0.7755542412888619,0.28007303992602645,-0.8630903964138081,0.7503902087468826,0.0,0.0,0.0
23.270000000000838,0.0,0.0,0.752151924382319,0.0,0.0,0.0,0.0,0.0,0.0,0.15169932275263887,-1.0441192269661448,0.781396555217897,0.2664888161103351,-0.8858946290696118,0.7574942932028519,0.0,0.0,0.0
23.28000000000084,0.0,0.0,0.7411407415558023,0.0,0.0,0.0,0.0,0.0,0.0,0.13687823819234157,-1.06084544545259,0.7870286133749662,0.25285829829787493,-0.9080430021009238,0.7643702036277892,0.0,0.0,0.0
23.29000000000084,0.0,0.0,0.7299709851956321,0.0,0.0,0.0,0.0,0.0,0.0,0.12202740267410306,-1.0769120607252516,0.7924492381842676,0.23918539290422017,-0.9295289650135066,0.7710117797915428,0.0,0.0,0.0
23.300000000000843,0.0,0.0,0.7186474883751377,0.0,0.0,0.0,0.0,0.0,0.0,0.10715166691165545,-1.0923078791377243,0.797657308974348,0.22547396092212332,-0.9503435698635047,0.7774180851594292,0.0,0.0,0.0
23.310000000000844,0.0,0.0,0.7071747267594128,0.0,0.0,0.0,0.0,0.0,0.0,0.09225588601695445,-1.10702213506777,0.8026517621903002,0.21172708972123885,-0.9704761590138731,0.7835901015243842,0.0,0.0,0.0
23.320000000000846,0.0,0.0,0.6955569086081675,0.0,0.0,0.0,0.0,0.0,0.0,0.07734491792664988,-1.1210444983693941,0.8074315915908681,0.19794766593123045,-0.9899191819150186,0.7895230248262455,0.0,0.0,0.0
23.330000000000847,0.0,0.0,0.6837979774034434,0.0,0.0,0.0,0.0,0.0,0.0,0.06242362182860495,-1.1343650815415804,0.8119958484299343,0.18414002170300142,-1.0086608294198602,0.7952214028500758,0.0,0.0,0.0
23.34000000000085,0.0,0.0,0.6719016169745169,0.0,0.0,0.0,0.0,0.0,0.0,0.04749685658884073,-1.1469744466087954,0.816343641622651,0.17030818165557632,-1.0266924017377712,0.8006844507928709,0.0,0.0,0.0
23.35000000000085,0.0,0.0,0.6598712689482844,0.0,0.0,0.0,0.0,0.0,0.0,0.03256947917958031,-1.1588636117085338,0.8204741378962186,0.15645617058543715,-1.044005192001691,0.8059123551603846,0.0,0.0,0.0
23.360000000000852,0.0,0.0,0.6477093246626785,0.0,0.0,0.0,0.0,0.0,0.0,0.017646343108747242,-1.1700240573813234,0.8243865619249608,0.14258796463018464,-1.0605910563058825,0.8109050783860143,0.0,0.0,0.0
23.370000000000854,0.0,0.0,0.6354187634267346,0.0,0.0,0.0,0.0,0.0,0.0,0.002732296851473359,-1.1804477325588527,0.8280801964501912,0.12868951546911422,-1.0765601630363368,0.8154320721550089,0.0,0.0,0.0
23.380000000000855,0.0,0.0,0.6230043126616955,0.0,0.0,0.0,0.0,0.0,0.0,-0.012167817715746931,-1.1901270602460263,0.8315543823843567,0.11480842410276332,-1.0916056467107804,0.8200675912304078,0.0,0.0,0.0
23.390000000000857,0.0,0.0,0.6104689655339173,0.0,0.0,0.0,0.0,0.0,0.0,-0.0270491668780366,-1.199054942893027,0.8348085188998711,0.10092361456005329,-1.1059436084380179,0.8243896577881182,0.0,0.0,0.0
23.40000000000086,0.0,0.0,0.5978145142300747,0.0,0.0,0.0,0.0,0.0,0.0,-0.04190692664144002,-1.2072247674536412,0.8378420635022756,0.08705058278989988,-1.11952402151785,0.828480905677549,0.0,0.0,0.0
23.41000000000086,0.0,0.0,0.5850434029952721,0.0,0.0,0.0,0.0,0.0,0.0,-0.05673628428826838,-1.2146304101262606,0.8406545320881036,0.07318238855579176,-1.13234880725355,0.8323277384694205,0.0,0.0,0.0
23.42000000000086,0.0,0.0,0.5721569005734561,0.0,0.0,0.0,0.0,0.0,0.0,-0.07153243992791625,-1.2212662407742476,0.8432454989870832,0.05932403084335637,-1.144411169148622,0.8359316891130019,0.0,0.0,0.0
23.430000000000863,0.0,0.0,0.5591573203820361,0.0,0.0,0.0,0.0,0.0,0.0,-0.08629060804256583,-1.2271271270225688,0.8456145969889679,0.04547110882257421,-1.1557703578561453,0.8391680600226207,0.0,0.0,0.0
23.440000000000865,0.0,0.0,0.5460479498159747,0.0,0.0,0.0,0.0,0.0,0.0,-0.1010060190274984,-1.2322084380277607,0.8477615173549187,0.031653501691172314,-1.1662553534287972,0.8423398064639085,0.0,0.0,0.0
23.450000000000866,0.0,0.0,0.5328328517005061,0.0,0.0,0.0,0.0,0.0,0.0,-0.1156739207252091,-1.2365060479185317,0.8496860098133638,0.017860092482132498,-1.1759814408012161,0.8452354261819369,0.0,0.0,0.0
23.460000000000868,0.0,0.0,0.5195252754552194,0.0,0.0,0.0,0.0,0.0,0.0,-0.1302895799531878,-1.240016338904577,0.8513878825405741,-0.02123168715358776,-1.1847872847055658,0.8481484124381209,0.0,0.0,0.0
23.47000000000087,0.0,0.0,0.5061181424543955,0.0,0.0,0.0,0.0,0.0,0.0,-0.14484828402455552,-1.24273620405127,0.8528670021256997,-0.03201648567185564,-1.1930263331870297,0.850416615593579,0.0,0.0,0.0
23.48000000000087,0.0,0.0,0.4925993538270219,0.0,0.0,0.0,0.0,0.0,0.0,-0.15934534226128783,-1.2446630497183175,0.8541232935206391,-0.04330190154091337,-1.2003871851438035,0.8525573145226063,0.0,0.0,0.0
23.490000000000872,0.0,0.0,0.4789755010242708,0.0,0.0,0.0,0.0,0.0,0.0,-0.17377608749946472,-1.2457947976604595,0.8551567399744189,-0.055209427559069726,-1.2069247847795284,0.8544973154102642,0.0,0.0,0.0
23.500000000000874,0.0,0.0,0.4652498629228859,0.0,0.0,0.0,0.0,0.0,0.0,-0.1881358775859987,-1.2461298867887027,0.8559673829524346,-0.06766253681282144,-1.212667631191527,0.8561979488807785,0.0,0.0,0.0
23.510000000000876,0.0,0.0,0.45142537899552376,0.0,0.0,0.0,0.0,0.0,0.0,-0.20242009686652196,-1.245667274590712,0.8565553220403728,-0.0805859377855184,-1.2176060473728374,0.8576644067958986,0.0,0.0,0.0
23.520000000000877,0.0,0.0,0.4375048027606634,0.0,0.0,0.0,0.0,0.0,0.0,-0.2166241576637753,-1.244406438209241,0.8569207148329792,-0.09391108793760976,-1.2217321107569215,0.8589009577237813,0.0,0.0,0.0
23.53000000000088,0.0,0.0,0.4234907312993307,0.0,0.0,0.0,0.0,0.0,0.0,-0.23074350174616676,-1.2423473751776664,0.8570637768077669,-0.10757539811828115,-1.2250396821506422,0.8599114311464204,0.0,0.0,0.0
23.54000000000088,0.0,0.0,0.40938563033830655,0.0,0.0,0.0,0.0,0.0,0.0,-0.24477360178600782,-1.2394906038120066,0.856984781183497,-0.12152161609795811,-1.2275242895844056,0.8606989946426462,0.0,0.0,0.0
23.550000000000882,0.0,0.0,0.3951918585953855,0.0,0.0,0.0,0.0,0.0,0.0,-0.2587099628068177,-1.235837163258938,0.8566840587638591,-0.1356973215167319,-1.2291828233925712,0.8612663697610774,0.0,0.0,0.0
23.560000000000883,0.0,0.0,0.3809116911055412,0.0,0.0,0.0,0.0,0.0,0.0,-0.27254812361949665,-1.23138861319962,0.8561619977659602,-0.1500545419658784,-1.2300133612355513,0.8616159211584772,0.0,0.0,0.0
23.570000000000885,0.0,0.0,0.3665666934845904,0.0,0.0,0.0,0.0,0.0,0.0,-0.2862836582466366,-1.2261470332093234,0.8554190436341682,-0.16454944570933097,-1.2300150435490942,0.8617497315170518,0.0,0.0,0.0
23.580000000000886,0.0,0.0,0.35215285212590175,0.0,0.0,0.0,0.0,0.0,0.0,-0.2999121773347475,-1.2201150217731325,0.8544556988389922,-0.1791598764599769,-1.2292456988758906,0.8616539279741672,0.0,0.0,0.0
23.590000000000888,0.0,0.0,0.3376477315444973,0.0,0.0,0.0,0.0,0.0,0.0,-0.3134293295537529,-1.2132956949581617,0.8532725226612772,-0.19385876208063288,-1.227731140872121,0.8613311084394202,0.0,0.0,0.0
23.60000000000089,0.0,0.0,0.3230555286136768,0.0,0.0,0.0,0.0,0.0,0.0,-0.3268308029834528,-1.2056926847430196,0.8518701309617733,-0.20856680923673845,-1.225331772027925,0.8607853877943661,0.0,0.0,0.0
23.61000000000089,0.0,0.0,0.30838125182732656,0.0,0.0,0.0,0.0,0.0,0.0,-0.34011232648649226,-1.1973101370054398,0.8502491959360796,-0.22325425729631046,-1.2220450039594242,0.8600593439933534,0.0,0.0,0.0
23.620000000000893,0.0,0.0,0.2936292755753968,0.0,0.0,0.0,0.0,0.0,0.0,-0.35326967106725116,-1.1881527091692412,0.8484104458551935,-0.23790274324686878,-1.217903794646899,0.859137731048886,0.0,0.0,0.0
23.630000000000894,0.0,0.0,0.2788034576267405,0.0,0.0,0.0,0.0,0.0,0.0,-0.366298651216481,-1.1782255675119817,0.8463546647915599,-0.25249345385666716,-1.212928631528247,0.8580176462061082,0.0,0.0,0.0
23.640000000000896,0.0,0.0,0.26390723968422203,0.0,0.0,0.0,0.0,0.0,0.0,-0.3791951262410116,-1.1675343841349903,0.8440826923309173,-0.2670089548077056,-1.2071365066370232,0.8566954488490686,0.0,0.0,0.0
23.650000000000897,0.0,0.0,0.24894319709015225,0.0,0.0,0.0,0.0,0.0,0.0,-0.3919550015782729,-1.156085333597514,0.8415954232698999,-0.2814330247201179,-1.2005407115635012,0.8551691983867417,0.0,0.0,0.0
23.6600000000009,0.0,0.0,0.23391402312732987,0.0,0.0,0.0,0.0,0.0,0.0,-0.4045742300951558,-1.1438850892171368,0.8388938072995353,-0.2957844330524095,-1.1932989949509476,0.853166320399148,0.0,0.0,0.0
23.6700000000009,0.0,0.0,0.21882282361073296,0.0,0.0,0.0,0.0,0.0,0.0,-0.4170488133707515,-1.1309408190387034,0.8359788486747894,-0.30997993454593764,-1.1851048739600074,0.8512582688485366,0.0,0.0,0.0
23.680000000000902,0.0,0.0,0.2036722720268743,0.0,0.0,0.0,0.0,0.0,0.0,-0.42937480296268604,-1.1172601814742906,0.8328516058702,-0.3240509415417986,-1.176169839566973,0.8490827217155568,0.0,0.0,0.0
23.690000000000904,0.0,0.0,0.1884649608384915,0.0,0.0,0.0,0.0,0.0,0.0,-0.4415483016564956,-1.1028513206169333,0.8295131912217508,-0.33797823264616317,-1.1664641041675308,0.8467099035525841,0.0,0.0,0.0
23.700000000000905,0.0,0.0,0.1732048322277052,0.0,0.0,0.0,0.0,0.0,0.0,-0.4535654646978242,-1.087722861231045,0.8259647705550894,-0.351754157135081,-1.156003875665377,0.8441265788595291,0.0,0.0,0.0
23.710000000000907,0.0,0.0,0.15789461623993406,0.0,0.0,0.0,0.0,0.0,0.0,-0.4654225010068418,-1.0718839034227647,0.822207562800231,-0.36533249832528675,-1.1446469481977937,0.841623137229847,0.0,0.0,0.0
23.72000000000091,0.0,0.0,0.14253570340538518,0.0,0.0,0.0,0.0,0.0,0.0,-0.4771156743747096,-1.0553440169934971,0.8182428395927808,-0.3787862132558883,-1.1327286504756144,0.8386029664807358,0.0,0.0,0.0
23.73000000000091,0.0,0.0,0.1271304260923241,0.0,0.0,0.0,0.0,0.0,0.0,-0.4886413046415934,-1.0381132354803517,0.8140719248620094,-0.392058069327281,-1.120047247406593,0.8354421830920986,0.0,0.0,0.0
23.74000000000091,0.0,0.0,0.11168157584533508,0.0,0.0,0.0,0.0,0.0,0.0,-0.49999576885584185,-1.020202049887195,0.8096961944056051,-0.4051615667414099,-1.1066866706422613,0.832002418240338,0.0,0.0,0.0
23.750000000000913,0.0,0.0,0.0961922937586122,0.0,0.0,0.0,0.0,0.0,0.0,-0.511175502414069,-1.0016214021104064,0.8051170754515327,-0.41806765156435405,-1.0925650407739511,0.8284592927939454,0.0,0.0,0.0
23.760000000000915,0.0,0.0,0.08066544915476201,0.0,0.0,0.0,0.0,0.0,0.0,-0.5221770001816497,-0.9823826780634581,0.8003360462069491,-0.43078852693111896,-1.0777567944229984,0.8247011832131752,0.0,0.0,0.0
23.770000000000916,0.0,0.0,0.06510395795247642,0.0,0.0,0.0,0.0,0.0,0.0,-0.5329968175933797,-0.9624977005048283,0.7953546353943795,-0.44331789521276455,-1.0622632584996297,0.8207501097491662,0.0,0.0,0.0
23.780000000000918,0.0,0.0,0.04951080482452516,0.0,0.0,0.0,0.0,0.0,0.0,-0.5436315717339364,-0.9419787215737827,0.7901744217753162,-0.4556534220505395,-1.046099658396289,0.816602745381509,0.0,0.0,0.0
23.79000000000092,0.0,0.0,0.0338920631190127,0.0,0.0,0.0,0.0,0.0,0.0,-0.5540779423976996,-0.9208384150389346,0.7847970336613033,-0.46779235952934733,-1.0292790953538387,0.8122609141040897,0.0,0.0,0.0
23.80000000000092,0.0,0.0,0.018248523413759044,0.0,0.0,0.0,0.0,0.0,0.0,-0.5643326731277785,-0.8990898682644577,0.7792241484127684,-0.4796271834036824,-1.0117990466962439,0.8077500179376368,0.0,0.0,0.0
23.810000000000922,0.0,0.0,0.0025806801343171704,0.0,0.0,0.0,0.0,0.0,0.0,-0.5743925722337402,-0.8767465738992648,0.7734574919256683,-0.4911161770031243,-0.9936836470471067,0.8030524848753935,0.0,0.0,0.0
23.820000000000924,0.0,0.0,-0.013106389436777041,0.0,0.0,0.0,0.0,0.0,0.0,-0.5842545137878674,-0.8538224212944883,0.7674988381061318,-0.5025595368719921,-0.9749631536873637,0.7981733158398846,0.0,0.0,0.0
23.830000000000926,0.0,0.0,-0.028808873684563904,0.0,0.0,0.0,0.0,0.0,0.0,-0.5939154385995105,-0.8303316876548088,0.7613500083332858,-0.5139005724834127,-0.9556734302524331,0.7930699864975422,0.0,0.0,0.0
23.840000000000927,0.0,0.0,-0.0445235960082438,0.0,0.0,0.0,0.0,0.0,0.0,-0.6033723551673231,-0.8062890289294087,0.7550128709103348,-0.5250887540488779,-0.9358231979931889,0.7877477887102908,0.0,0.0,0.0
23.85000000000093,0.0,0.0,-0.06024739362052704,0.0,0.0,0.0,0.0,0.0,0.0,-0.6126223406090514,-0.7817094704484315,0.7484893405042055,-0.5360862561503559,-0.9154095610415597,0.7822353008564513,0.0,0.0,0.0
23.86000000000093,0.0,0.0,-0.07597706804112864,0.0,0.0,0.0,0.0,0.0,0.0,-0.6216625415685386,-0.7566083973111013,0.7417813775737518,-0.5468714181746215,-0.8944456209083803,0.7765351932670841,0.0,0.0,0.0
23.870000000000932,0.0,0.0,-0.09170936628498574,0.0,0.0,0.0,0.0,0.0,0.0,-0.630490175099784,-0.7310015445317122,0.7348909877868355,-0.5574304320874179,-0.8729456847750717,0.7706523554015344,0.0,0.0,0.0
23.880000000000933,0.0,0.0,-0.10744098285855805,0.0,0.0,0.0,0.0,0.0,0.0,-0.6391025295276123,-0.7049049869498738,0.7278202214263669,-0.5677555930010494,-0.8509253706678565,0.7645923408253662,0.0,0.0,0.0
23.890000000000935,0.0,0.0,-0.12316857417861193,0.0,0.0,0.0,0.0,0.0,0.0,-0.6474969652848528,-0.6783351289116792,0.7205711727855075,-0.5778454718518151,-0.8284053690815424,0.7583523725047796,0.0,0.0,0.0
23.900000000000936,0.0,0.0,-0.13888884872543347,0.0,0.0,0.0,0.0,0.0,0.0,-0.6556709157256733,-0.6513086937285095,0.7131459795522348,-0.5877007432056978,-0.8054057299654831,0.7519318974316757,0.0,0.0,0.0
23.910000000000938,0.0,0.0,-0.15459663303930385,0.0,0.0,0.0,0.0,0.0,0.0,-0.6636218879148092,-0.6238427129203039,0.7055468221833763,-0.5973208795319611,-0.7819441385649726,0.7453357521520322,0.0,0.0,0.0
23.92000000000094,0.0,0.0,-0.17028798634091122,0.0,0.0,0.0,0.0,0.0,0.0,-0.6713474633925256,-0.5959545152503596,0.6977759232683867,-0.60670307035043,-0.7580477952756426,0.738567220557692,0.0,0.0,0.0
23.93000000000094,0.0,0.0,-0.18596059598435674,0.0,0.0,0.0,0.0,0.0,0.0,-0.6788452989149705,-0.5676617155589057,0.6898355468830142,-0.6158499737305247,-0.7337500352189276,0.7316224070600471,0.0,0.0,0.0
23.940000000000943,0.0,0.0,-0.20161076816633017,0.0,0.0,0.0,0.0,0.0,0.0,-0.68611312716979,-0.5389822034026146,0.6817279979329878,-0.6247637146660413,-0.7090620658536193,0.7244963452391414,0.0,0.0,0.0
23.950000000000944,0.0,0.0,-0.2172347581080642,0.0,0.0,0.0,0.0,0.0,0.0,-0.6931487574667037,-0.5099341315076558,0.673455621488023,-0.633444684173051,-0.6840030911056856,0.7171982532470083,0.0,0.0,0.0
23.960000000000946,0.0,0.0,-0.23282882983993647,0.0,0.0,0.0,0.0,0.0,0.0,-0.6999500764028901,-0.4805359040436743,0.6650208021062478,-0.6418951973011334,-0.6585974979831183,0.7097271234993309,0.0,0.0,0.0
23.970000000000947,0.0,0.0,-0.24838927851181275,0.0,0.0,0.0,0.0,0.0,0.0,-0.7065150485029539,-0.45080616472661283,0.656425963149283,-0.6501169371990814,-0.6328689403661852,0.7020838485373937,0.0,0.0,0.0
23.98000000000095,0.0,0.0,-0.2639124537388428,0.0,0.0,0.0,0.0,0.0,0.0,-0.712841716833249,-0.4207637847579644,0.6476735660881858,-0.6581111962721135,-0.6068411929981826,0.6942691546966157,0.0,0.0,0.0
23.99000000000095,0.0,0.0,-0.2793947838844906,0.0,0.0,0.0,0.0,0.0,0.0,-0.7189282035904487,-0.39042785060852037,0.6387661098003812,-0.6658786887412617,-0.5805378959610661,0.6862840589045205,0.0,0.0,0.0
24.000000000000952,0.0,0.0,-0.2948327992039399,0.0,0.0,0.0,0.0,0.0,0.0,-0.7247727106640927,-0.35981765165452817,0.6297061298579101,-0.6734195029658705,-0.5539825044593285,0.678129823935168,0.0,0.0,0.0
24.010000000000954,0.0,0.0,-0.31022315142306356,0.0,0.0,0.0,0.0,0.0,0.0,-0.7303735201730146,-0.328952667674522,0.6204961978070482,-0.6807330750781557,-0.5271981866105426,0.6698080112807926,0.0,0.0,0.0
24.020000000000955,0.0,0.0,-0.32556262725215934,0.0,0.0,0.0,0.0,0.0,0.0,-0.7357289949754522,-0.29785255621488815,0.6111389204396256,-0.6878182026928141,-0.5002077247170731,0.6613205148807093,0.0,0.0,0.0
24.030000000000957,0.0,0.0,-0.34084815355634324,0.0,0.0,0.0,0.0,0.0,0.0,-0.7408375791526851,-0.2665371398326206,0.6016369390561751,-0.6946730889310386,-0.47303341937941196,0.652669597022933,0.0,0.0,0.0
24.04000000000096,0.0,0.0,-0.3560767924551928,0.0,0.0,0.0,0.0,0.0,0.0,-0.7456977984660831,-0.23502639322348529,0.591992928721149,-0.7012954181825063,-0.4456970063777988,0.6438579200181938,0.0,0.0,0.0
24.05000000000096,0.0,0.0,-0.3712457256375141,0.0,0.0,0.0,0.0,0.0,0.0,-0.7503082607873868,-0.20334043024431647,0.5822095975104238,-0.7076824810914354,-0.41821958722149194,0.634888571729665,0.0,0.0,0.0
24.06000000000096,0.0,0.0,-0.38635222833874305,0.0,0.0,0.0,0.0,0.0,0.0,-0.7546676565021502,-0.17149949083773963,0.5722896857512492,-0.7138313137851354,-0.39062159921947587,0.625765081358507,0.0,0.0,0.0
24.070000000000963,0.0,0.0,-0.4013936341455242,0.0,0.0,0.0,0.0,0.0,0.0,-0.7587747588861635,-0.13952392786805623,0.5622359652549322,-0.7197387747728388,-0.3629228689747812,0.6164914217258598,0.0,0.0,0.0
24.080000000000965,0.0,0.0,-0.416367292575594,0.0,0.0,0.0,0.0,0.0,0.0,-0.7626284244548007,-0.10743419387702025,0.5520512385424323,-0.7254016171004681,-0.3351427273852323,0.6070719950225244,0.0,0.0,0.0
24.090000000000966,0.0,0.0,-0.43127052223373036,0.0,0.0,0.0,0.0,0.0,0.0,-0.766227593285165,-0.07525082776808567,0.5417383380630474,-0.7308165640819567,-0.307300181817965,0.5975115995579793,0.0,0.0,0.0
24.100000000000968,0.0,0.0,-0.4461005628463223,0.0,0.0,0.0,0.0,0.0,0.0,-0.7695712893109314,-0.04299444142809028,0.5313001254064886,-0.735980384928754,-0.2794141408826908,0.5878153767939057,0.0,0.0,0.0
24.11000000000097,0.0,0.0,-0.46085452957137285,0.0,0.0,0.0,0.0,0.0,0.0,-0.7726586205898327,-0.01068570629492438,0.5207394905084977,-0.7408899667050091,-0.251503681319325,0.5779887397481848,0.0,0.0,0.0
24.12000000000097,0.0,0.0,-0.4755293726732192,0.0,0.0,0.0,0.0,0.0,0.0,-0.7754887795436929,0.021654660119494462,0.5100593508502511,-0.7455423796556135,-0.2235883413484644,0.5680372860294431,0.0,0.0,0.0
24.130000000000972,0.0,0.0,-0.49012184500575795,0.0,0.0,0.0,0.0,0.0,0.0,-0.7780610431709412,0.054005907742585624,0.49926265065179454,-0.7499349334614809,-0.1956884217584554,0.5579667006786676,0.0,0.0,0.0
24.140000000000974,0.0,0.0,-0.5046284788806131,0.0,0.0,0.0,0.0,0.0,0.0,-0.7803747732315658,0.08634726748145738,0.4883523600596633,-0.7540652225715433,-0.16782527544333553,0.54778265534035,0.0,0.0,0.0
24.150000000000976,0.0,0.0,-0.5190449900532191,0.0,0.0,0.0,0.0,0.0,0.0,-0.7824294164044558,0.11865796478154866,0.47733147432900336,-0.7579311594730874,-0.14002156811208483,0.5374907108193706,0.0,0.0,0.0
24.160000000000977,0.0,0.0,-0.5333678970239425,0.0,0.0,0.0,0.0,0.0,0.0,-0.7842245044170704,0.15091723319442796,0.4662030130003494,-0.7615306873115069,-0.11231380266879165,0.5271014972912278,0.0,0.0,0.0
24.17000000000098,0.0,0.0,-0.5475937427094834,0.0,0.0,0.0,0.0,0.0,0.0,-0.7857596541474443,0.18310432794594922,0.4549700190713122,-0.7648663212004219,-0.08473928546447637,0.516606314025165,0.0,0.0,0.0
24.18000000000098,0.0,0.0,-0.5617179803198512,0.0,0.0,0.0,0.0,0.0,0.0,-0.7870345676984796,0.21519853949569923,0.4436355581634186,-0.7679353917260944,-0.05729105867171243,0.5060048473475175,0.0,0.0,0.0
24.190000000000982,0.0,0.0,-0.5757358598750766,0.0,0.0,0.0,0.0,0.0,0.0,-0.7880490324445186,0.24717920707872443,0.432202717684274,-0.7707317130280297,-0.029996239150426485,0.4953240935630909,0.0,0.0,0.0
24.200000000000983,0.0,0.0,-0.5896420112025452,0.0,0.0,0.0,0.0,0.0,0.0,-0.7888029210502048,0.2790257322206755,0.42067460598537254,-0.7732566506488026,0.028405466842026356,0.48456284486418855,0.0,0.0,0.0
24.210000000000985,0.0,0.0,-0.6034339474702436,0.0,0.0,0.0,0.0,0.0,0.0,-0.7892961914616259,0.31071759221741413,0.40905435151567526,-0.7755080071535583,0.05237282096054489,0.47376673058802315,0.0,0.0,0.0
24.220000000000987,0.0,0.0,-0.6171074310872174,0.0,0.0,0.0,0.0,0.0,0.0,-0.7895288868697654,0.3422343535700936,0.39734510197128126,-0.7775192625885293,0.07761837769446342,0.4628280178803569,0.0,0.0,0.0
24.230000000000988,0.0,0.0,-0.6306565671305224,0.0,0.0,0.0,0.0,0.0,0.0,-0.789501135646272,0.37355568536683315,0.38555002344136535,-0.7792775217296622,0.10428458487971828,0.4517086922226971,0.0,0.0,0.0
24.24000000000099,0.0,0.0,-0.6440755328209367,0.0,0.0,0.0,0.0,0.0,0.0,-0.789213151251601,0.40466137260219615,0.37367229955063297,-0.7807397595751486,0.13224629934856305,0.44058785534463774,0.0,0.0,0.0
24.25000000000099,0.0,0.0,-0.6573587884665563,0.0,0.0,0.0,0.0,0.0,0.0,-0.7886652321155547,0.43553132942555983,0.3617151305985402,-0.7819228614874743,0.1613241695730947,0.4294228656208309,0.0,0.0,0.0
24.260000000000993,0.0,0.0,-0.6705010245084716,0.0,0.0,0.0,0.0,0.0,0.0,-0.78785776149026,0.46614561230968343,0.3496817326954669,-0.7828319744625839,0.191350255332509,0.4182107575263694,0.0,0.0,0.0
24.270000000000994,0.0,0.0,-0.6834970948732587,0.0,0.0,0.0,0.0,0.0,0.0,-0.7867912072756877,0.49648443313059243,0.33757533689613184,-0.7834722703229232,0.2221604072383756,0.4069445924794926,0.0,0.0,0.0
24.280000000000996,0.0,0.0,-0.6963419598656468,0.0,0.0,0.0,0.0,0.0,0.0,-0.7854661218177306,0.5265281721503383,0.3253991883304579,-0.7838472551817068,0.25359810755360085,0.3956208097688634,0.0,0.0,0.0
24.290000000000997,0.0,0.0,-0.7090306401971262,0.0,0.0,0.0,0.0,0.0,0.0,-0.7838831416789507,0.5562573908938457,0.3131565453320966,-0.7839594411428971,0.28551577958704716,0.3842375656412526,0.0,0.0,0.0
24.300000000001,0.0,0.0,-0.7215581836212513,0.0,0.0,0.0,0.0,0.0,0.0,-0.7820429873820731,0.5856528449113112,0.3008506785648999,-0.7838105596904866,0.317776005133142,0.3727946180974016,0.0,0.0,0.0
24.310000000001,0.0,0.0,-0.7339196436584875,0.0,0.0,0.0,0.0,0.0,0.0,-0.7799464631263073,0.6146954964178026,0.28848487014753,-0.7834018060133756,0.350252235158037,0.36129295648778903,0.0,0.0,0.0
24.320000000001002,0.0,0.0,-0.7461100690301476,0.0,0.0,0.0,0.0,0.0,0.0,-0.7775944564766415,0.6433665268015618,0.2760624127764597,-0.7827340281245,0.3828291090586485,0.3497345095120857,0.0,0.0,0.0
24.330000000001004,0.0,0.0,-0.7581245019300762,0.0,0.0,0.0,0.0,0.0,0.0,-0.7749879380261566,0.6716473489927823,0.26358660884760465,-0.7818078782276057,0.4154024249801053,0.33812188648982955,0.0,0.0,0.0
24.340000000001005,0.0,0.0,-0.769957983116937,0.0,0.0,0.0,0.0,0.0,0.0,-0.7721279610315599,0.699519619684549,0.2510607695767926,-0.7806239280160872,0.44787882654473027,0.32645816414361295,0.0,0.0,0.0
24.350000000001007,0.0,0.0,-0.7816055618794896,0.0,0.0,0.0,0.0,0.0,0.0,-0.769015661021988,0.726965251397933,0.23848821411935206,-0.7791827534328783,0.4801752707244408,0.3147467161334854,0.0,0.0,0.0
24.36000000000101,0.0,0.0,-0.793062309131231,0.0,0.0,0.0,0.0,0.0,0.0,-0.7656522553812786,0.7539664243831941,0.225872268689002,-0.7774849940853289,0.5122183394504691,0.30299108197971397,0.0,0.0,0.0
24.37000000000101,0.0,0.0,-0.8043233321659328,0.0,0.0,0.0,0.0,0.0,0.0,-0.7620390429038493,0.7805055983491433,0.21321626567632168,-0.7755313923653981,0.5439434515695802,0.2911948704211319,0.0,0.0,0.0
24.38000000000101,0.0,0.0,-0.8153837899045212,0.0,0.0,0.0,0.0,0.0,0.0,-0.7581774033242699,0.8065655240128691,0.20052354276700668,-0.7733228168401484,0.575294023762993,0.2793616918169934,0.0,0.0,0.0
24.390000000001013,0.0,0.0,-0.826238907754743,0.0,0.0,0.0,0.0,0.0,0.0,-0.7540687968208304,0.8321292544622232,0.18779744206015514,-0.7708602738927247,0.6062206200723593,0.2674951142085906,0.0,0.0,0.0
24.400000000001015,0.0,0.0,-0.8368839914668867,0.0,0.0,0.0,0.0,0.0,0.0,-0.7497147634931198,0.8571801563234247,0.17504130918682215,-0.7681449109673419,0.6366801206691511,0.2555986379960722,0.0,0.0,0.0
24.410000000001016,0.0,0.0,-0.8473144395902703,0.0,0.0,0.0,0.0,0.0,0.0,-0.7451169228139138,0.8817019207264305,0.16225849242905577,-0.7651780141572507,0.6666349321256148,0.24367568471297466,0.0,0.0,0.0
24.420000000001018,0.0,0.0,-0.85752575431325,0.0,0.0,0.0,0.0,0.0,0.0,-0.7402769730555101,0.9056785740606674,0.14945234183967537,-0.7619610023021314,0.6960522541125476,0.23172959600504786,0.0,0.0,0.0
24.43000000000102,0.0,0.0,-0.8675135506047729,0.0,0.0,0.0,0.0,0.0,0.0,-0.735196690690687,0.9290944885140695,0.136626208363001,-0.7584954192490087,0.724903411355625,0.21976363957377684,0.0,0.0,0.0
24.44000000000102,0.0,0.0,-0.8772735636729964,0.0,0.0,0.0,0.0,0.0,0.0,-0.729877929768572,0.9519343923884196,0.12378344295677413,-0.7547829254882787,0.753163254855225,0.20778101948052713,0.0,0.0,0.0
24.450000000001022,0.0,0.0,-0.8868016548228299,0.0,0.0,0.0,0.0,0.0,0.0,-0.7243226212655265,0.9741833801839583,0.1109273957155048,-0.7508252900062745,0.7808096327291402,0.19578488879227518,0.0,0.0,0.0
24.460000000001024,0.0,0.0,-0.8960938158347619,0.0,0.0,0.0,0.0,0.0,0.0,-0.7185327724113724,0.995826922446756,0.09806141499545906,-0.746624382896767,0.8078229284253761,0.18377836306474757,0.0,0.0,0.0
24.470000000001026,0.0,0.0,-0.905146172009531,0.0,0.0,0.0,0.0,0.0,0.0,-0.7125104659910666,1.0168508753721355,0.0851888465415328,-0.7421821690403086,0.8341856622981286,0.17176453359449279,0.0,0.0,0.0
24.480000000001027,0.0,0.0,-0.9139549840314024,0.0,0.0,0.0,0.0,0.0,0.0,-0.7062578596222413,1.037241490157828,0.07231303261623645,-0.7375007029855732,0.8598821514687356,0.15974647972692704,0.0,0.0,0.0
24.49000000000103,0.0,0.0,-0.922516648801456,0.0,0.0,0.0,0.0,0.0,0.0,-0.6997771850086418,1.0569854221005441,0.0594373111310027,-0.7325821250420005,0.8848982223441549,0.14772727978730077,0.0,0.0,0.0
24.50000000000103,0.0,0.0,-0.9308277691977184,0.0,0.0,0.0,0.0,0.0,0.0,-0.6930707471698598,1.0760697394299907,0.04656501478006547,-0.727428658509522,0.9092209700009114,0.13571002041409408,0.0,0.0,0.0
24.510000000001032,0.0,0.0,-0.938885177044025,0.0,0.0,0.0,0.0,0.0,0.0,-0.686140923647617,1.0944819318743297,0.033699470177117385,-0.7220386722972955,0.9328388556652819,0.12371030155303854,0.0,0.0,0.0
24.520000000001033,0.0,0.0,-0.9466857839023677,0.0,0.0,0.0,0.0,0.0,0.0,-0.6789901636887512,1.1122099189515036,0.020843996994980962,-0.7164204734091748,0.9557330597016963,0.11171426182933364,0.0,0.0,0.0
24.530000000001035,0.0,0.0,-0.9542266815400373,0.0,0.0,0.0,0.0,0.0,0.0,-0.6716209874053378,1.1292420579806959,0.008001907108510009,-0.7105796156230489,0.9778899988470511,0.09971523598344015,0.0,0.0,0.0
24.540000000001037,0.0,0.0,-0.9615105452055392,0.0,0.0,0.0,0.0,0.0,0.0,-0.6640359849121116,1.1455671518087582,-0.004823496259058757,-0.704512737820396,0.9993052513547418,0.08773151780625343,0.0,0.0,0.0
24.550000000001038,0.0,0.0,-0.9685331233365682,0.0,0.0,0.0,0.0,0.0,0.0,-0.6562378154414943,1.1611744562463424,-0.017628919386074582,-0.6982301101848568,1.0198777797587004,0.07574314014271563,0.0,0.0,0.0
24.56000000000104,0.0,0.0,-0.9752832762962977,0.0,0.0,0.0,0.0,0.0,0.0,-0.6482292064366169,1.1760536872087597,-0.030411078898554766,-0.6917233935392048,1.0395524866714894,0.06378590896784754,0.0,0.0,0.0
24.57000000000104,0.0,0.0,-0.9817592647512858,0.0,0.0,0.0,0.0,0.0,0.0,-0.6400129526224765,1.1901950275568431,-0.04316670261215316,-0.6849932896041465,1.058574907397503,0.05187643706934332,0.0,0.0,0.0
24.580000000001043,0.0,0.0,-0.987961190981569,0.0,0.0,0.0,0.0,0.0,0.0,-0.6315919150557394,1.2035891336331712,-0.05589253036980546,-0.6780556680808182,1.076907279667744,0.03999219462051695,0.0,0.0,0.0
24.590000000001044,0.0,0.0,-0.993886596404348,0.0,0.0,0.0,0.0,0.0,0.0,-0.622969020153292,1.2162271414893484,-0.06858531487483477,-0.6709004299569196,1.0945194758692993,0.028137898109284794,0.0,0.0,0.0
24.600000000001046,0.0,0.0,-0.9995331703960804,0.0,0.0,0.0,0.0,0.0,0.0,-0.6141472587000609,1.2281006728000738,-0.08124182251929968,-0.6635330543344575,1.1113867257897692,0.01631937908086214,0.0,0.0,0.0
24.610000000001047,0.0,0.0,-1.0048891504334705,0.0,0.0,0.0,0.0,0.0,0.0,-0.6051296848362995,1.2392018404600775,-0.09385883420738605,-0.6559594091512411,1.1274885839664726,-0.01979948494062853,0.0,0.0,0.0
24.62000000000105,0.0,0.0,-1.0099542039419096,0.0,0.0,0.0,0.0,0.0,0.0,-0.595919415024702,1.2495232538602337,-0.10643314617361965,-0.6472673101635141,1.1430258741800394,-0.0259547301445575,0.0,0.0,0.0
24.63000000000105,0.0,0.0,-1.0147381675450962,0.0,0.0,0.0,0.0,0.0,0.0,-0.5865196269977884,1.2590580238391502,-0.11896157079569458,-0.6397606804860023,1.1574379597323947,-0.03638996252727676,0.0,0.0,0.0
24.640000000001052,0.0,0.0,-1.0192406190157077,0.0,0.0,0.0,0.0,0.0,0.0,-0.5769335586857185,1.267799767307031,-0.1314409374017247,-0.6317986427452568,1.171108671720643,-0.04668462414011541,0.0,0.0,0.0
24.650000000001054,0.0,0.0,-1.023459033344389,0.0,0.0,0.0,0.0,0.0,0.0,-0.5671645071251274,1.2757426115386556,-0.1438680930716918,-0.6235980966842104,1.1839511933684213,-0.057355590088774985,0.0,0.0,0.0
24.660000000001055,0.0,0.0,-1.027389786655548,0.0,0.0,0.0,0.0,0.0,0.0,-0.5572158273491259,1.2828811981325847,-0.1562399034329066,-0.6151548081022166,1.1959334860335418,-0.06830042677170342,0.0,0.0,0.0
24.670000000001057,0.0,0.0,-1.0310309583087147,0.0,0.0,0.0,0.0,0.0,0.0,-0.5470909312589565,1.289210686633877,-0.1685532534492722,-0.6064884867472601,1.2071148635813516,-0.07949947028665014,0.0,0.0,0.0
24.68000000000106,0.0,0.0,-1.0343808447978038,0.0,0.0,0.0,0.0,0.0,0.0,-0.536793286477685,1.2947267578179134,-0.180805048204159,-0.5976117750043584,1.2174856392529299,-0.09092083562153531,0.0,0.0,0.0
24.69000000000106,0.0,0.0,-1.0374379362660027,0.0,0.0,0.0,0.0,0.0,0.0,-0.5263264151862068,1.2994256166331033,-0.19299221367668806,-0.5885363880431896,1.227037621916686,-0.10253804082088544,0.0,0.0,0.0
24.70000000000106,0.0,0.0,-1.040198438164366,0.0,0.0,0.0,0.0,0.0,0.0,-0.5156938929421093,1.3033039948004204,-0.20511169751121983,-0.5792720152460835,1.2357645221293438,-0.11432538836106859,0.0,0.0,0.0
24.710000000001063,0.0,0.0,-1.0426606918701913,0.0,0.0,0.0,0.0,0.0,0.0,-0.5048993474815839,1.3063591530680303,-0.21716046977989611,-0.5698330885518014,1.2436615569002343,-0.12625952341874538,0.0,0.0,0.0
24.720000000001065,0.0,0.0,-1.044825511653422,0.0,0.0,0.0,0.0,0.0,0.0,-0.4939464575049941,1.308588883119464,-0.22913552373798385,-0.5602328149838838,1.2507252255601267,-0.1383176949101381,0.0,0.0,0.0
24.730000000001066,0.0,0.0,-1.046691679333113,0.0,0.0,0.0,0.0,0.0,0.0,-0.48283895144634714,1.3099915091340077,-0.2410338765718878,-0.5504665175026282,1.2569530267016449,-0.1504782783751293,0.0,0.0,0.0
24.740000000001068,0.0,0.0,-1.0482580538169664,0.0,0.0,0.0,0.0,0.0,0.0,-0.4715806062270764,1.3105658889982152,-0.25285257013961315,-0.5405405361483135,1.2623432452306869,-0.1627197372750228,0.0,0.0,0.0
24.75000000000107,0.0,0.0,-1.0495236238159242,0.0,0.0,0.0,0.0,0.0,0.0,-0.46017524599473436,1.3103114151677033,-0.26458867170352207,-0.5304612564523828,1.26689485920154,-0.17502319139006436,0.0,0.0,0.0
24.76000000000107,0.0,0.0,-1.0504880219907566,0.0,0.0,0.0,0.0,0.0,0.0,-0.4486267408467213,1.3092280151786002,-0.2762392746551547,-0.5202344604209777,1.2706074709342279,-0.187370809293213,0.0,0.0,0.0
24.770000000001072,0.0,0.0,-1.051150534302549,0.0,0.0,0.0,0.0,0.0,0.0,-0.4369390055397244,1.3073161518082443,-0.28780149923201087,-0.5099511790717574,1.2734914731751454,-0.20006207927023795,0.0,0.0,0.0
24.780000000001074,0.0,0.0,-1.0515100214852269,0.0,0.0,0.0,0.0,0.0,0.0,-0.42511599818514645,1.3045768228849923,-0.29927249322607025,-0.4994180644556669,1.275519734663434,-0.21237266270275132,0.0,0.0,0.0
24.790000000001076,0.0,0.0,-1.0515659583158907,0.0,0.0,0.0,0.0,0.0,0.0,-0.4131617189309851,1.301011560747192,-0.31064943268381473,-0.4887707192389256,1.2767154684638709,-0.22474274996252144,0.0,0.0,0.0
24.800000000001077,0.0,0.0,-1.0513180112452465,0.0,0.0,0.0,0.0,0.0,0.0,-0.4010802086306722,1.2966224313516332,-0.32192952259775126,-0.47799429217537814,1.2770766004078833,-0.23708942974283265,0.0,0.0,0.0
24.81000000000108,0.0,0.0,-1.0507659975924717,0.0,0.0,0.0,0.0,0.0,0.0,-0.38887554749912967,1.2914120330320191,-0.33310999758911064,-0.46709576965596966,1.2766054901269916,-0.24941100670006588,0.0,0.0,0.0
24.82000000000108,0.0,0.0,-1.049909899480443,0.0,0.0,0.0,0.0,0.0,0.0,-0.3765518537567618,1.2853834949082161,-0.34418812258161263,-0.4560784941160914,1.275304286660432,-0.2616938597239542,0.0,0.0,0.0
24.830000000001082,0.0,0.0,-1.0487498699631526,0.0,0.0,0.0,0.0,0.0,0.0,-0.3641132822615081,1.2785404749472842,-0.35516119346612723,-0.44494619485156994,1.2731757733998712,-0.27392729690507267,0.0,0.0,0.0
24.840000000001083,0.0,0.0,-1.0472862391570628,0.0,0.0,0.0,0.0,0.0,0.0,-0.3515640231296815,1.2708871576775482,-0.366026537756121,-0.43370235345405367,1.270223205527147,-0.28610106865362644,0.0,0.0,0.0
24.850000000001085,0.0,0.0,-1.0455192767850592,0.0,0.0,0.0,0.0,0.0,0.0,-0.33890830034586994,1.2624282515571168,-0.3767815152336327,-0.4223503180059623,1.2664503357426151,-0.2982057156665372,0.0,0.0,0.0
24.860000000001087,0.0,0.0,-1.0434496747618418,0.0,0.0,0.0,0.0,0.0,0.0,-0.3261503703624191,1.2531689859985988,-0.38742351858570956,-0.4108719795074025,1.26185358049955,-0.31014075295855226,0.0,0.0,0.0
24.870000000001088,0.0,0.0,-1.0410785508736484,0.0,0.0,0.0,0.0,0.0,0.0,-0.313294520689003,1.243115108051907,-0.39794997403114857,-0.39931881817911985,1.2564555423567016,-0.3220974689991242,0.0,0.0,0.0
24.88000000000109,0.0,0.0,-1.0384069591716945,0.0,0.0,0.0,0.0,0.0,0.0,-0.30034506847261033,1.2322728787472912,-0.4083583419372691,-0.3876622907732697,1.2502495991544067,-0.33394296069549295,0.0,0.0,0.0
24.89000000000109,0.0,0.0,-1.0354361126292946,0.0,0.0,0.0,0.0,0.0,0.0,-0.28730635906859714,1.2206490691009757,-0.4186461174268069,-0.3759101213976213,1.2432434363782086,-0.34569024386944563,0.0,0.0,0.0
24.900000000001093,0.0,0.0,-1.032167380223049,0.0,0.0,0.0,0.0,0.0,0.0,-0.27418276460310587,1.2082509557860166,-0.42881083097451683,-0.3640645044135495,1.2354430051509016,-0.3573295340984747,0.0,0.0,0.0
24.910000000001094,0.0,0.0,-1.028602271869534,0.0,0.0,0.0,0.0,0.0,0.0,-0.26097868252734235,1.1950863164711918,-0.43885004899358104,-0.35212851965850595,1.226855148242149,-0.36885534213543547,0.0,0.0,0.0
24.920000000001096,0.0,0.0,-1.024742422451023,0.0,0.0,0.0,0.0,0.0,0.0,-0.24769853416440757,1.1811634248309084,-0.44876137441149666,-0.3401051397452385,1.2174871521222024,-0.38026197066241263,0.0,0.0,0.0
24.930000000001098,0.0,0.0,-1.0205895748756477,0.0,0.0,0.0,0.0,0.0,0.0,-0.2343467632487628,1.166491045229462,-0.45854244723543547,-0.3279974408803516,1.2073468310058317,-0.3915442281999163,0.0,0.0,0.0
24.9400000000011,0.0,0.0,-1.0161455632143221,0.0,0.0,0.0,0.0,0.0,0.0,-0.22092783445920228,1.1510784270830925,-0.46819094510692316,-0.31580861424405615,1.1964425178431135,-0.4026972813328762,0.0,0.0,0.0
24.9500000000011,0.0,0.0,-1.0114122967416024,0.0,0.0,0.0,0.0,0.0,0.0,-0.20744623194550904,1.1349352989034969,-0.4777045838455857,-0.3035420041185497,1.1847830702681177,-0.413716653626334,0.0,0.0,0.0
24.960000000001102,0.0,0.0,-1.0063917456058664,0.0,0.0,0.0,0.0,0.0,0.0,-0.19390645784949845,1.1180718620266628,-0.48708111798208775,-0.2912011335116918,1.172377872526155,-0.42459820195518855,0.0,0.0,0.0
24.970000000001104,0.0,0.0,-1.0010859286803957,0.0,0.0,0.0,0.0,0.0,0.0,-0.1803130308207912,1.1004987840313185,-0.4963183412798328,-0.27878972226694926,1.15923683652964,-0.43533809797687967,0.0,0.0,0.0
24.980000000001105,0.0,0.0,-0.9954969039536016,0.0,0.0,0.0,0.0,0.0,0.0,-0.16667048452779287,1.082227191851046,-0.5054140872456481,-0.26631169607688265,1.1453704013921158,-0.4459328094447253,0.0,0.0,0.0
24.990000000001107,0.0,0.0,-0.9896267616201133,0.0,0.0,0.0,0.0,0.0,0.0,-0.15298336616456742,1.0632686645847282,-0.5143662296289312,-0.2537711866538031,1.130789531524117,-0.45637908181371767,0.0,0.0,0.0
25.00000000000111,0.0,0.0,-0.9834776194256366,0.0,0.0,0.0,0.0,0.0,0.0,-0.13925623495377826,1.0436352260100517,-0.5231726829095934,-0.24117252367270497,1.1155057133118857,-0.4666739197667995,0.0,0.0,0.0
25.01000000000111,0.0,0.0,-0.9770516151285334,0.0,0.0,0.0,0.0,0.0,0.0,-0.12549366064646605,1.023339336804953,-0.5318314027743226,-0.2285202185849009,1.0995309489908844,-0.4768145578856809,0.0,0.0,0.0
25.02000000000111,0.0,0.0,-0.9703508912206853,0.0,0.0,0.0,0.0,0.0,0.0,-0.11170022201898133,1.0023938864820294,-0.5403403865812728,-0.21581893577842484,1.0828777336551407,-0.48679831959019804,0.0,0.0,0.0
25.030000000001113,0.0,0.0,-0.9633775769927114,0.0,0.0,0.0,0.0,0.0,0.0,-0.09788050536761572,0.9808121850413617,-0.5486976738129878,-0.20307351324581732,1.0655590480323023,-0.49662258527768743,0.0,0.0,0.0
25.040000000001115,0.0,0.0,-0.9561337751095315,0.0,0.0,0.0,0.0,0.0,0.0,-0.08403910300147732,0.9586079543471623,-0.5569013465174547,-0.1902890230812523,1.0475883727387953,-0.5062849080391688,0.0,0.0,0.0
25.050000000001116,0.0,0.0,-0.9486215544653537,0.0,0.0,0.0,0.0,0.0,0.0,-0.07018061173396051,0.9357953192338627,-0.5649495297373252,-0.1774707981461998,1.0289796873579857,-0.5157830366614697,0.0,0.0,0.0
25.060000000001118,0.0,0.0,-0.9408429487848927,0.0,0.0,0.0,0.0,0.0,0.0,-0.056309631373506086,0.9123887983475484,-0.5728403919269257,-0.16462443286842773,1.0097474656587457,-0.5251149193103126,0.0,0.0,0.0
25.07000000000112,0.0,0.0,-0.9327999600116199,0.0,0.0,0.0,0.0,0.0,0.0,-0.04243076321386674,0.8884032947287848,-0.5805721453573726,-0.15175576558067716,0.9899066699374818,-0.5342787049550664,0.0,0.0,0.0
25.08000000000112,0.0,0.0,-0.9244945653784142,0.0,0.0,0.0,0.0,0.0,0.0,-0.02854860852471308,0.8638540861430135,-0.588143046509256,-0.13887084700275462,0.9694727439668958,-0.5432727383559045,0.0,0.0,0.0
25.090000000001123,0.0,0.0,-0.9159287270610786,0.0,0.0,0.0,0.0,0.0,0.0,-0.014667767042753965,0.8387568151647542,-0.5955513964532189,-0.12597590008025075,0.9484616047063505,-0.5520955489356327,0.0,0.0,0.0
25.100000000001124,0.0,0.0,-0.9071044034595073,0.0,0.0,0.0,0.0,0.0,0.0,-0.0007928354640078794,0.8131274790224148,-0.6027955412180606,-0.11307727578079545,0.9268896329173066,-0.5607458339431447,0.0,0.0,0.0
25.110000000001126,0.0,0.0,-0.8980235613385229,0.0,0.0,0.0,0.0,0.0,0.0,0.013071594062215475,0.786982419210037,-0.6098738721464078,-0.10018140859582264,0.904773662938907,-0.5692224372291105,0.0,0.0,0.0
25.120000000001127,0.0,0.0,-0.8886881882637159,0.0,0.0,0.0,0.0,0.0,0.0,0.026920935437322324,0.7603383108731979,-0.6167848262379629,-0.08729477412023287,0.8821309715588317,-0.5775243231199985,0.0,0.0,0.0
25.13000000000113,0.0,0.0,-0.8791003051028157,0.0,0.0,0.0,0.0,0.0,0.0,0.04075061011474679,0.733212151975683,-0.6235268864799927,-0.07442385087284632,0.8589792674380221,-0.5856505503415665,0.0,0.0,0.0
25.14000000000113,0.0,0.0,-0.8692619786955148,0.0,0.0,0.0,0.0,0.0,0.0,0.05455604859822172,0.7056212522543615,-0.6300985821653916,-0.061575087014556815,0.8353366833107011,-0.5936002506334295,0.0,0.0,0.0
25.150000000001132,0.0,0.0,-0.8591753348744627,0.0,0.0,0.0,0.0,0.0,0.0,0.06833269193647129,0.6775832219694224,-0.6364984891978139,-0.04875487033464595,0.81122176990578,-0.6013726084576659,0.0,0.0,0.0
25.160000000001133,0.0,0.0,-0.8488425719218775,0.0,0.0,0.0,0.0,0.0,0.0,0.08207599321377446,0.6491159604572638,-0.6427252303842126,-0.0359695005005348,0.7866534892944091,-0.6089668418725155,0.0,0.0,0.0
25.170000000001135,0.0,0.0,-0.8382659744167703,0.0,0.0,0.0,0.0,0.0,0.0,0.09578141903610082,0.620237644493862,-0.6487774757144266,-0.023225163131741187,0.7616512069723197,-0.6163821861783856,0.0,0.0,0.0
25.180000000001137,0.0,0.0,-0.8273730487734533,0.0,0.0,0.0,0.0,0.0,0.0,0.10944445101205535,0.5909667164759467,-0.6546539426279929,0.01429757543135001,0.7362346829521147,-0.6236178798438018,0.0,0.0,0.0
25.190000000001138,0.0,0.0,-0.8161890584437005,0.0,0.0,0.0,0.0,0.0,0.0,0.12306058722843649,0.5613218724280569,-0.6603533962679865,0.02374778354662793,0.7104379999940982,-0.63070085210507,0.0,0.0,0.0
25.20000000000114,0.0,0.0,-0.8048054893095512,0.0,0.0,0.0,0.0,0.0,0.0,0.13662534371978285,0.5313220498432569,-0.6658746497218352,0.033444427188855014,0.6842868582631029,-0.6376361066845181,0.0,0.0,0.0
25.21000000000114,0.0,0.0,-0.7932153441277036,0.0,0.0,0.0,0.0,0.0,0.0,0.15013425593138452,0.5009864153654782,-0.6712165642492974,0.0438095361504942,0.6577758964967105,-0.6444223727673827,0.0,0.0,0.0
25.220000000001143,0.0,0.0,-0.7814137363461668,0.0,0.0,0.0,0.0,0.0,0.0,0.16358288017544975,0.470334352321665,-0.6763780494971905,0.054752728178567606,0.6309152635780563,-0.6509732610025758,0.0,0.0,0.0
25.230000000001144,0.0,0.0,-0.7693950674704438,0.0,0.0,0.0,0.0,0.0,0.0,0.17696679507976243,0.439385448111977,-0.6813580637012051,0.06617948549715008,0.6037360499312422,-0.6573195152851671,0.0,0.0,0.0
25.240000000001146,0.0,0.0,-0.7571591797761904,0.0,0.0,0.0,0.0,0.0,0.0,0.19028160302857744,0.4081594814663503,-0.6861556138744909,0.07800454825698845,0.576263686513689,-0.6634633778582664,0.0,0.0,0.0
25.250000000001148,0.0,0.0,-0.7447105436200373,0.0,0.0,0.0,0.0,0.0,0.0,0.203522931595014,0.3766764095756545,-0.6907697559832456,0.09015349443751235,0.5485244857882362,-0.669415717648376,0.0,0.0,0.0
25.26000000000115,0.0,0.0,-0.7320511085542779,0.0,0.0,0.0,0.0,0.0,0.0,0.2166864349647737,0.3449563551061863,-0.6951995951089546,0.10259203207410525,0.5205424364857443,-0.6751822352423713,0.0,0.0,0.0
25.27000000000115,0.0,0.0,-0.7191833069613105,0.0,0.0,0.0,0.0,0.0,0.0,0.22976779535053948,0.3130195931059325,-0.699444285597631,0.1152731798900511,0.4923401439774579,-0.6807551082605656,0.0,0.0,0.0
25.280000000001152,0.0,0.0,-0.7061098942366859,0.0,0.0,0.0,0.0,0.0,0.0,0.24276272439659685,0.280886537811162,-0.7035030311958068,0.1281535533376061,0.4639421839761026,-0.6861360831317145,0.0,0.0,0.0
25.290000000001154,0.0,0.0,-0.6928339249061491,0.0,0.0,0.0,0.0,0.0,0.0,0.2556669645733687,0.24857772936214007,-0.7073750851732452,0.14119384026425955,0.43537305797165055,-0.6913245794550216,0.0,0.0,0.0
25.300000000001155,0.0,0.0,-0.6793587442132114,0.0,0.0,0.0,0.0,0.0,0.0,0.2684762905612139,0.21611382043675031,-0.7110597504325552,0.1543582511532099,0.40665768312720696,-0.6963203085417453,0.0,0.0,0.0
25.310000000001157,0.0,0.0,-0.6656878901297991,0.0,0.0,0.0,0.0,0.0,0.0,0.2811865106232114,0.18351556281080872,-0.7145563796054835,0.16764576769621817,0.3777827905635975,-0.7008950076403324,0.0,0.0,0.0
25.32000000000116,0.0,0.0,-0.651825127424787,0.0,0.0,0.0,0.0,0.0,0.0,0.2937934679664209,0.15080379385377918,-0.7178643751361177,0.1809514687443081,0.34886998867558683,-0.7056125574721973,0.0,0.0,0.0
25.33000000000116,0.0,0.0,-0.637774481197962,0.0,0.0,0.0,0.0,0.0,0.0,0.30629304209110875,0.11799942296906685,-0.7209831893506365,0.1943025553633306,0.31987528765564005,-0.7100608026959324,0.0,0.0,0.0
25.34000000000116,0.0,0.0,-0.6235401383684384,0.0,0.0,0.0,0.0,0.0,0.0,0.3186811501276938,0.08512341798767098,-0.7239123245141768,0.2076655594345217,0.29083844124810987,-0.7143177493058662,0.0,0.0,0.0
25.350000000001163,0.0,0.0,-0.6091264033995264,0.0,0.0,0.0,0.0,0.0,0.0,0.33095374816071454,0.05219679152405754,-0.7266513328741786,0.22102159858689246,0.26178417651294394,-0.718369024664343,0.0,0.0,0.0
25.360000000001165,0.0,0.0,-0.5945376778552064,0.0,0.0,0.0,0.0,0.0,0.0,0.34310683253968355,0.019240587303587464,-0.7291998166907034,0.2343515698995004,0.23274064778175754,-0.7222178876452755,0.0,0.0,0.0
25.370000000001166,0.0,0.0,-0.5797784420567524,0.0,0.0,0.0,0.0,0.0,0.0,0.3551364411761464,-0.013724133529932292,-0.7315574282536037,0.24763870685327014,0.20373595590612675,-0.725864088156181,0.0,0.0,0.0
25.380000000001168,0.0,0.0,-0.5648532420757131,0.0,0.0,0.0,0.0,0.0,0.0,0.3670386548267104,-0.046676306117080735,-0.733723869886392,0.2608678204554184,0.17479885328793437,-0.7293079792585755,0.0,0.0,0.0
25.39000000000117,0.0,0.0,-0.5497666807090648,0.0,0.0,0.0,0.0,0.0,0.0,0.37880959836155537,-0.07959487558744893,-0.7356988939371379,0.2740252077287276,0.14595865626900587,-0.7325497560831076,0.0,0.0,0.0
25.40000000000117,0.0,0.0,-0.5345234119693274,0.0,0.0,0.0,0.0,0.0,0.0,0.39044544201796505,-0.11245881075668596,-0.7374823027560884,0.28709845857376326,0.11724531612263261,-0.7355896260491256,0.0,0.0,0.0
25.410000000001173,0.0,0.0,-0.5191281384176758,0.0,0.0,0.0,0.0,0.0,0.0,0.40194240263864156,-0.14524711780704935,-0.739073948660389,0.3000763075445764,0.08868946987627341,-0.7384277928754616,0.0,0.0,0.0
25.420000000001174,0.0,0.0,-0.5035856107557224,0.0,0.0,0.0,0.0,0.0,0.0,0.41329674489416823,-0.177938853942615,-0.7404737338856223,0.31294849980704215,0.060322507397748346,-0.7410644713913896,0.0,0.0,0.0
25.430000000001176,0.0,0.0,-0.48790062915294957,0.0,0.0,0.0,0.0,0.0,0.0,0.4245047824894601,-0.21051314100976715,-0.7416816105243516,0.32570567451321014,0.03217665017088754,-0.7434998926159488,0.0,0.0,0.0
25.440000000001177,0.0,0.0,-0.4720515748434208,0.0,0.0,0.0,0.0,0.0,0.0,0.43556287935367966,-0.24294917907445646,-0.7426975804517995,0.33833926231253686,-0.02738418202293836,-0.7457343081078918,0.0,0.0,0.0
25.45000000000118,0.0,0.0,-0.4560473297845654,0.0,0.0,0.0,0.0,0.0,0.0,0.44646745081322803,-0.2752262599467925,-0.74352169523846,0.35084277732732355,-0.05202631029426228,-0.7477409140992426,0.0,0.0,0.0
25.46000000000118,0.0,0.0,-0.43992307524013285,0.0,0.0,0.0,0.0,0.0,0.0,0.4572149647475505,-0.3073237806445581,-0.7441540560499307,0.36319837740155936,-0.07802237505001368,-0.7495884408604264,0.0,0.0,0.0
25.470000000001182,0.0,0.0,-0.4236801941587934,0.0,0.0,0.0,0.0,0.0,0.0,0.46780194272721576,-0.33922125678627424,-0.7445948135338606,0.3753750479120651,-0.10541535549673817,-0.7515075501791235,0.0,0.0,0.0
25.480000000001183,0.0,0.0,-0.407320104350805,0.0,0.0,0.0,0.0,0.0,0.0,0.4782249611340881,-0.3708983359054612,-0.744844167694172,0.3874489750675862,-0.13412754536935367,-0.752870366332893,0.0,0.0,0.0
25.490000000001185,0.0,0.0,-0.3908452957326861,0.0,0.0,0.0,0.0,0.0,0.0,0.4884806522630669,-0.40233481067696264,-0.7449023677524893,0.3993584080494793,-0.163918401086492,-0.7540975443257353,0.0,0.0,0.0
25.500000000001187,0.0,0.0,-0.3742587777508469,0.0,0.0,0.0,0.0,0.0,0.0,0.49856570540514844,-0.43351063204676565,-0.7447697119969721,0.4111066929856432,-0.19463046740594617,-0.7551175641764472,0.0,0.0,0.0
25.510000000001188,0.0,0.0,-0.357564006953081,0.0,0.0,0.0,0.0,0.0,0.0,0.5084768679114622,-0.46440592225678134,-0.7444465476185348,0.42268613550342804,-0.22609851343672255,-0.7559486321493354,0.0,0.0,0.0
25.52000000000119,0.0,0.0,-0.34076479730426557,0.0,0.0,0.0,0.0,0.0,0.0,0.5182109462378102,-0.4950009877557906,-0.7439332705345266,0.4340920358043354,-0.2581679993279818,-0.7565899677125512,0.0,0.0,0.0
25.53000000000119,0.0,0.0,-0.32387195131194496,0.0,0.0,0.0,0.0,0.0,0.0,0.5277648069695893,-0.5252763319881528,-0.7432303251999137,0.4453198713874598,-0.2906925918868674,-0.7570433260470069,0.0,0.0,0.0
25.540000000001193,0.0,0.0,-0.3068881191799487,0.0,0.0,0.0,0.0,0.0,0.0,0.53713537782656,-0.5552126680519298,-0.7423382044061607,0.45639251278248455,-0.32356011536595597,-0.7572700711006769,0.0,0.0,0.0
25.550000000001194,0.0,0.0,-0.28980894783729655,0.0,0.0,0.0,0.0,0.0,0.0,0.5463196486472817,-0.5847909312180262,-0.7412574490677452,0.4673136665246035,-0.35664667679127354,-0.7573199599482063,0.0,0.0,0.0
25.560000000001196,0.0,0.0,-0.27263988392513777,0.0,0.0,0.0,0.0,0.0,0.0,0.5553146723528497,-0.613992291302055,-0.73998864799639,0.4780167029783569,-0.38978179877913605,-0.7572258466460988,0.0,0.0,0.0
25.570000000001198,0.0,0.0,-0.25538740908757895,0.0,0.0,0.0,0.0,0.0,0.0,0.5641175658895845,-0.6427981648808254,-0.738532437663267,0.48850931454299407,-0.42287134130124293,-0.7569397971598756,0.0,0.0,0.0
25.5800000000012,0.0,0.0,-0.2380569180145562,0.0,0.0,0.0,0.0,0.0,0.0,0.572725511150489,-0.6711902273455639,-0.7368895019490207,0.4987945207257293,-0.45583140127448074,-0.7564669297979115,0.0,0.0,0.0
25.5900000000012,0.0,0.0,-0.22065380056971762,0.0,0.0,0.0,0.0,0.0,0.0,0.5811357558750117,-0.6991504247836788,-0.7350605718818799,0.5088750030809541,-0.4885809959763387,-0.7558031738478587,0.0,0.0,0.0
25.600000000001202,0.0,0.0,-0.20318345213619243,0.0,0.0,0.0,0.0,0.0,0.0,0.5893456145270175,-0.7266609856814079,-0.7330464253638125,0.5187519485829039,-0.521047379133974,-0.7549493584948248,0.0,0.0,0.0
25.610000000001204,0.0,0.0,-0.18565133805788991,0.0,0.0,0.0,0.0,0.0,0.0,0.5973524691505208,-0.7537044324396849,-0.7308478868850106,0.5284258136516273,-0.5531666869480522,-0.7539055159038275,0.0,0.0,0.0
25.620000000001205,0.0,0.0,-0.16806283165321492,0.0,0.0,0.0,0.0,0.0,0.0,0.6051537702030183,-0.7802635926955923,-0.7284658272265407,0.537932171068065,-0.5849485704258552,-0.7523832984849053,0.0,0.0,0.0
25.630000000001207,0.0,0.0,-0.1504232626807,0.0,0.0,0.0,0.0,0.0,0.0,0.6127470373661201,-0.8063216104419455,-0.7259011631514969,0.5471964585073271,-0.6162076934492519,-0.7509930654501743,0.0,0.0,0.0
25.64000000000121,0.0,0.0,-0.13273809853171178,0.0,0.0,0.0,0.0,0.0,0.0,0.6201298603331842,-0.8318619569377015,-0.723154857084596,0.5562617790849134,-0.6469873705922362,-0.7493499359010878,0.0,0.0,0.0
25.65000000000121,0.0,0.0,-0.1150128566588256,0.0,0.0,0.0,0.0,0.0,0.0,0.6272998995737931,-0.856868441402169,-0.720227916780471,0.565117643137485,-0.6772351216778559,-0.7475264176542004,0.0,0.0,0.0
25.66000000000121,0.0,0.0,-0.09725308364771001,0.0,0.0,0.0,0.0,0.0,0.0,0.6342548870747251,-0.8813252214857807,-0.7171213949805715,0.5737636931214425,-0.706923139107258,-0.7455093779004329,0.0,0.0,0.0
25.670000000001213,0.0,0.0,-0.07946435670974467,0.0,0.0,0.0,0.0,0.0,0.0,0.6409926270572728,-0.905216813510676,-0.7138363890590207,0.5821972750001189,-0.7360240377232422,-0.7433026361106547,0.0,0.0,0.0
25.680000000001215,0.0,0.0,-0.06165265796881382,0.0,0.0,0.0,0.0,0.0,0.0,0.647510996670654,-0.9285281024743948,-0.7103740406572916,0.5904159242880211,-0.764514891459021,-0.7409068334114934,0.0,0.0,0.0
25.690000000001216,0.0,0.0,-0.04382369603466044,0.0,0.0,0.0,0.0,0.0,0.0,0.6538079466612381,-0.9512443518101001,-0.7067355353081113,0.5983851293179316,-0.7923081380351811,-0.7385990083643259,0.0,0.0,0.0
25.700000000001218,0.0,0.0,-0.025982862430391076,0.0,0.0,0.0,0.0,0.0,0.0,0.6598815020174957,-0.9733512128968589,-0.7029221020483498,0.6061672019550347,-0.8195277619493846,-0.7358173277949986,0.0,0.0,0.0
25.71000000000122,0.0,0.0,-0.008134174164421436,0.0,0.0,0.0,0.0,0.0,0.0,0.6657297625903444,-0.9948347343138098,-0.698935013021418,0.6137162573526043,-0.846066650808723,-0.7329226574093091,0.0,0.0,0.0
25.72000000000122,0.0,0.0,0.009717145051692876,0.0,0.0,0.0,0.0,0.0,0.0,0.6713509036887937,-1.0156813708322416,-0.6947755830689513,0.6210400658104885,-0.8719262739016226,-0.72983604068038,0.0,0.0,0.0
25.730000000001223,0.0,0.0,0.027564178103885936,0.0,0.0,0.0,0.0,0.0,0.0,0.6767431766506289,-1.0358779921394703,-0.6904451693121101,0.628134837983504,-0.8970840420365884,-0.7265766769880464,0.0,0.0,0.0
25.740000000001224,0.0,0.0,0.045401313747793215,0.0,0.0,0.0,0.0,0.0,0.0,0.6819049093880043,-1.0554118912890735,-0.6859451707226027,0.6349991359382267,-0.9215393270069933,-0.7231453383689921,0.0,0.0,0.0
25.750000000001226,0.0,0.0,0.0632229433094999,0.0,0.0,0.0,0.0,0.0,0.0,0.6868345069077593,-1.0742707928717419,-0.6812770276834392,0.6416310411063418,-0.9452829012187687,-0.7195403790356764,0.0,0.0,0.0
25.760000000001227,0.0,0.0,0.08102344054480665,0.0,0.0,0.0,0.0,0.0,0.0,0.6915304518062739,-1.0924428609014845,-0.6764422215397552,0.6480280373372305,-0.9683052674754846,-0.7157639162025635,0.0,0.0,0.0
25.77000000000123,0.0,0.0,0.09879715867959427,0.0,0.0,0.0,0.0,0.0,0.0,0.6959913047387587,-1.1099167064121276,-0.6714422741396318,0.6541876645697684,-0.9905978404656305,-0.7118173174882684,0.0,0.0,0.0
25.78000000000123,0.0,0.0,0.11653842918181007,0.0,0.0,0.0,0.0,0.0,0.0,0.7002157048627671,-1.126681394758942,-0.6662787473652283,0.660107510914702,-1.0121526259875109,-0.7077020220082195,0.0,0.0,0.0
25.790000000001232,0.0,0.0,0.13424156187268388,0.0,0.0,0.0,0.0,0.0,0.0,0.7042023702558615,-1.1427264526208831,-0.6609532426542364,0.665785290333434,-1.0329621796226545,-0.7034193801044266,0.0,0.0,0.0
25.800000000001234,0.0,0.0,0.1519008462562299,0.0,0.0,0.0,0.0,0.0,0.0,0.7079500983072586,-1.1580418746986272,-0.6554674005118706,0.671218879383725,-1.0530195296869755,-0.6989706871932428,0.0,0.0,0.0
25.810000000001235,0.0,0.0,0.16951055395199555,0.0,0.0,0.0,0.0,0.0,0.0,0.7114577660833395,-1.1726181301043055,-0.6498229000135751,0.6764063427667338,-1.0723181231532906,-0.6943571838379964,0.0,0.0,0.0
25.820000000001237,0.0,0.0,0.1870649421280193,0.0,0.0,0.0,0.0,0.0,0.0,0.7147243306669399,-1.1864461684385437,-0.6440214582984534,0.6813459463992434,-1.0908517803461955,-0.6895800654404828,0.0,0.0,0.0
25.830000000001238,0.0,0.0,0.2045582578327677,0.0,0.0,0.0,0.0,0.0,0.0,0.7177488294702741,-1.1995174255509982,-0.6380648300537686,0.6860361619032034,-1.1086146588783348,-0.6846404926475698,0.0,0.0,0.0
25.84000000000124,0.0,0.0,0.2219847431221611,0.0,0.0,0.0,0.0,0.0,0.0,0.7205303805214442,-1.211823828980633,-0.6319548069904832,0.6904756647191371,-1.12560122487116,-0.6795396036447949,0.0,0.0,0.0
25.85000000000124,0.0,0.0,0.23933864087158616,0.0,0.0,0.0,0.0,0.0,0.0,0.7230681827244081,-1.2233578030721977,-0.6256932173101493,0.6946633277755833,-1.1418062303602947,-0.6742785275726361,0.0,0.0,0.0
25.860000000001243,0.0,0.0,0.25661420115436434,0.0,0.0,0.0,0.0,0.0,0.0,0.7253615160923551,-1.2341122737655676,-0.619281925163127,0.6985982121985204,-1.1572246959554853,-0.6688583986814252,0.0,0.0,0.0
25.870000000001244,0.0,0.0,0.2738056880601319,0.0,0.0,0.0,0.0,0.0,0.0,0.7274097419544121,-1.2440806730549046,-0.6127228300985492,0.7022795562177082,-1.1718518980761352,-0.6632803707815469,0.0,0.0,0.0
25.880000000001246,0.0,0.0,0.29090738681999795,0.0,0.0,0.0,0.0,0.0,0.0,0.7292123031356186,-1.2532569431147769,-0.6060178665058993,0.7057067631540751,-1.1856833602642811,-0.6575456315788255,0.0,0.0,0.0
25.890000000001248,0.0,0.0,0.30791359205888424,0.0,0.0,0.0,0.0,0.0,0.0,0.7307687241101194,-1.2616355400905057,-0.5991690030485697,0.7088793891541157,-1.198714848216607,-0.6516554165098641,0.0,0.0,0.0
25.90000000000125,0.0,0.0,0.3248187884910216,0.0,0.0,0.0,0.0,0.0,0.0,0.7320786111275346,-1.2692114375503993,-0.592178242089507,0.711797156797361,-1.2109438343217551,-0.6456060620775316,0.0,0.0,0.0
25.91000000000125,0.0,0.0,0.34161762495921477,0.0,0.0,0.0,0.0,0.0,0.0,0.733141652312474,-1.2759801295976447,-0.5850476191090883,0.7144584752291518,-1.22236613465342,-0.6393981437298855,0.0,0.0,0.0
25.920000000001252,0.0,0.0,0.3583044889917619,0.0,0.0,0.0,0.0,0.0,0.0,0.7339576177371678,-1.2819376336398451,-0.5777792021154449,0.7168606608353502,-1.2329720074283388,-0.6330487584796731,0.0,0.0,0.0
25.930000000001254,0.0,0.0,0.3748735705441923,0.0,0.0,0.0,0.0,0.0,0.0,0.7345263594671986,-1.2870804928145114,-0.5703750910472971,0.7190041111963631,-1.242758853249543,-0.6265579051361454,0.0,0.0,0.0
25.940000000001255,0.0,0.0,0.3913191758657751,0.0,0.0,0.0,0.0,0.0,0.0,0.7348478115803201,-1.2914057780689423,-0.5628374171696731,0.7208905325916166,-1.2517288667454656,-0.6199160463327378,0.0,0.0,0.0
25.950000000001257,0.0,0.0,0.4076357666230636,0.0,0.0,0.0,0.0,0.0,0.0,0.7349219901583895,-1.2949110898932363,-0.5551683424624512,0.7225202443099674,-1.2598798394458326,-0.61312694696921,0.0,0.0,0.0
25.96000000000126,0.0,0.0,0.4238179462427872,0.0,0.0,0.0,0.0,0.0,0.0,0.7347489932523783,-1.2975945597053355,-0.5473700590020321,0.7238937034532074,-1.267209966427389,-0.6061922608672412,0.0,0.0,0.0
25.97000000000126,0.0,0.0,0.4398604495095624,0.0,0.0,0.0,0.0,0.0,0.0,0.7343290008205268,-1.2994548508873183,-0.5394447883363633,0.725011285043566,-1.2737172068353206,-0.5991142264632179,0.0,0.0,0.0
25.98000000000126,0.0,0.0,0.4557581337081356,0.0,0.0,0.0,0.0,0.0,0.0,0.733662274639646,-1.3004911594723003,-0.531394780853331,0.7258733878545325,-1.2793996337470877,-0.5918951184333385,0.0,0.0,0.0
25.990000000001263,0.0,0.0,0.4715059716116925,0.0,0.0,0.0,0.0,0.0,0.0,0.732749158189589,-1.3007032144816115,-0.5232223151428741,0.7264804607918504,-1.2842555393250226,-0.5845373295573427,0.0,0.0,0.0
26.000000000001265,0.0,0.0,0.4870990458695313,0.0,0.0,0.0,0.0,0.0,0.0,0.7315900765109825,-1.3000912779120934,-0.5149296973528337,0.7268330299801792,-1.2882835435880031,-0.577043337205243,0.0,0.0,0.0
26.010000000001266,0.0,0.0,0.5025325445055979,0.0,0.0,0.0,0.0,0.0,0.0,0.7301855360362144,-1.2986561443736218,-0.5065192605389184,0.7269317147906207,-1.2914826688053431,-0.5694156952864794,0.0,0.0,0.0
26.020000000001268,0.0,0.0,0.5178017572543956,0.0,0.0,0.0,0.0,0.0,0.0,0.7285361243937933,-1.2963991403771842,-0.4979933640087446,0.7267772376843877,-1.2938523948107759,-0.5616570240067188,0.0,0.0,0.0
26.03000000000127,0.0,0.0,0.5329020725107144,0.0,0.0,0.0,0.0,0.0,0.0,0.7266425101861098,-1.2933221232740695,-0.4893543926603203,0.7263704290269148,-1.2953926986201654,-0.5537700019791288,0.0,0.0,0.0
26.04000000000127,0.0,0.0,0.5478289747128985,0.0,0.0,0.0,0.0,0.0,0.0,0.7245054427406995,-1.2894274798469918,-0.48060475631505417,0.7257122280450145,-1.2961040826662948,-0.5457573593147239,0.0,0.0,0.0
26.050000000001273,0.0,0.0,0.5625780969654852,0.0,0.0,0.0,0.0,0.0,0.0,0.7221257518350988,-1.284718124554106,-0.47174688904553386,0.7248036807238726,-1.2959875946076953,-0.5376218715820699,0.0,0.0,0.0
26.060000000001274,0.0,0.0,0.5771450240032213,0.0,0.0,0.0,0.0,0.0,0.0,0.7195043473953666,-1.2791974974272615,-0.4627832484981793,0.7236388651639984,-1.2950193900450075,-0.5294369563316254,0.0,0.0,0.0
26.070000000001276,0.0,0.0,0.5915254209077675,0.0,0.0,0.0,0.0,0.0,0.0,0.7166422191684233,-1.272869561625877,-0.453716315211095,0.722234965925939,-1.2932607618416156,-0.5210425466451291,0.0,0.0,0.0
26.080000000001277,0.0,0.0,0.6057151871174952,0.0,0.0,0.0,0.0,0.0,0.0,0.7135404363682483,-1.265738800648231,-0.4445485919271732,0.7205830231648638,-1.2906749736299052,-0.5125507022303466,0.0,0.0,0.0
26.09000000000128,0.0,0.0,0.6197397765086473,0.0,0.0,0.0,0.0,0.0,0.0,0.710200147296146,-1.2578102152020736,-0.43528260290268705,0.7186862445996747,-1.2872721380685492,-0.5039452015799634,0.0,0.0,0.0
26.10000000000128,0.0,0.0,0.6335831125999294,0.0,0.0,0.0,0.0,0.0,0.0,0.7066225789351441,-1.2490893197367008,-0.42592089321164117,0.7165380996858203,-1.282958500439188,-0.4952932840936475,0.0,0.0,0.0
26.110000000001282,0.0,0.0,0.6472028594682357,0.0,0.0,0.0,0.0,0.0,0.0,0.7028090365186613,-1.2395821386389048,-0.41646602804592714,0.7141485756681374,-1.2777461666306322,-0.48650498420610366,0.0,0.0,0.0
26.120000000001284,0.0,0.0,0.6606023934997964,0.0,0.0,0.0,0.0,0.0,0.0,0.6987609030736794,-1.2292952020954164,-0.406920592011609,0.7115272873043896,-1.2718675644376662,-0.4775618590640138,0.0,0.0,0.0
26.130000000001285,0.0,0.0,0.6737839031705861,0.0,0.0,0.0,0.0,0.0,0.0,0.6944796389384451,-1.2182355416246788,-0.39728718842142774,0.7086687281675234,-1.2652543308266422,-0.46852654552097045,0.0,0.0,0.0
26.140000000001287,0.0,0.0,0.6867477230071021,0.0,0.0,0.0,0.0,0.0,0.0,0.6899667812549749,-1.2064106852809244,-0.3875684385838283,0.7055733081413904,-1.2578797592577213,-0.4593906113452479,0.0,0.0,0.0
26.150000000001288,0.0,0.0,0.6994930263174075,0.0,0.0,0.0,0.0,0.0,0.0,0.6852239434364764,-1.1938286525339348,-0.3777669810885922,0.70224074640761,-1.2497254662325288,-0.4501653772571465,0.0,0.0,0.0
26.16000000000129,0.0,0.0,0.7120170419324277,0.0,0.0,0.0,0.0,0.0,0.0,0.6802528146098699,-1.1804979488279068,-0.367885471089322,0.6986726423409448,-1.2407868681788168,-0.4408528624870116,0.0,0.0,0.0
26.17000000000129,0.0,0.0,0.7243177797579449,0.0,0.0,0.0,0.0,0.0,0.0,0.6750551590336581,-1.1664275598230942,-0.3579265795830202,0.6948402094643826,-1.2309287469226367,-0.43180332475875594,0.0,0.0,0.0
26.180000000001293,0.0,0.0,0.736394161230889,0.0,0.0,0.0,0.0,0.0,0.0,0.6696328154912097,-1.1516269453241552,-0.3478929926868599,0.69082170835637,-1.220496613163745,-0.422192466338689,0.0,0.0,0.0
26.190000000001294,0.0,0.0,0.7482435732935422,0.0,0.0,0.0,0.0,0.0,0.0,0.6639876966598448,-1.1361060328993364,-0.3377874109124055,0.6865646107799604,-1.2092523606896548,-0.41259768388240026,0.0,0.0,0.0
26.200000000001296,0.0,0.0,0.7598632178027952,0.0,0.0,0.0,0.0,0.0,0.0,0.6581217884557613,-1.1198752111948025,-0.32761254843749077,0.6820807977081531,-1.1972487510860905,-0.4029232192229617,0.0,0.0,0.0
26.210000000001298,0.0,0.0,0.7712502553808236,0.0,0.0,0.0,0.0,0.0,0.0,0.6520371493551038,-1.1029453229485315,-0.3173711323759074,0.6773719475333624,-1.184491792146255,-0.39318738311725027,0.0,0.0,0.0
26.2200000000013,0.0,0.0,0.7824018320224869,0.0,0.0,0.0,0.0,0.0,0.0,0.6457359096914335,-1.0853276577086395,-0.3070659020451294,0.6724416618408874,-1.1709964908302817,-0.3833887274817415,0.0,0.0,0.0
26.2300000000013,0.0,0.0,0.7933151046997647,0.0,0.0,0.0,0.0,0.0,0.0,0.6392202709297425,-1.0670339442609635,-0.29669960823224395,0.6672933380966215,-1.156776766544986,-0.3735293561058271,0.0,0.0,0.0
26.240000000001302,0.0,0.0,0.8039872552378813,0.0,0.0,0.0,0.0,0.0,0.0,0.6324925049173538,-1.0480763427709707,-0.28627501245835374,0.6619305028501589,-1.141847081557118,-0.36361090787406647,0.0,0.0,0.0
26.250000000001304,0.0,0.0,0.8144155197028728,0.0,0.0,0.0,0.0,0.0,0.0,0.62555495311186,-1.0284674366453195,-0.2757948862415278,0.6563567199325422,-1.1262220968290801,-0.35363524644744737,0.0,0.0,0.0
26.260000000001305,0.0,0.0,0.8245972518645239,0.0,0.0,0.0,0.0,0.0,0.0,0.6184100257864728,-1.0082202241185758,-0.26526201035864716,0.6505755684989114,-1.1099166707171546,-0.3436043266686805,0.0,0.0,0.0
26.270000000001307,0.0,0.0,0.8345299631659479,0.0,0.0,0.0,0.0,0.0,0.0,0.6110602012129286,-0.9873481095707279,-0.2546791741061927,0.6445906071655778,-1.092945695074024,-0.33352020227172813,0.0,0.0,0.0
26.28000000000131,0.0,0.0,0.844211321688408,0.0,0.0,0.0,0.0,0.0,0.0,0.6035080248222768,-0.9658648945812094,-0.24404917456029485,0.6384053369672946,-1.0753239718209204,-0.32338506860960126,0.0,0.0,0.0
26.29000000000131,0.0,0.0,0.8536391471441351,0.0,0.0,0.0,0.0,0.0,0.0,0.5957561083439123,-0.9437847687256258,-0.23337481583616526,0.6320231693420517,-1.057066283384981,-0.31320129870707664,0.0,0.0,0.0
26.30000000000131,0.0,0.0,0.862812072011632,0.0,0.0,0.0,0.0,0.0,0.0,0.5878071289229402,-0.9211223001212736,-0.22265890834712887,0.6254474037823666,-1.0381874872665366,-0.3029714157567349,0.0,0.0,0.0
26.310000000001313,0.0,0.0,0.8717279647162696,0.0,0.0,0.0,0.0,0.0,0.0,0.5796638282163832,-0.8978924257276661,-0.21190426806348128,0.6186867005228842,-1.0187025780108268,-0.2926983901099981,0.0,0.0,0.0
26.320000000001315,0.0,0.0,0.8803841968887981,0.0,0.0,0.0,0.0,0.0,0.0,0.5713290114683863,-0.874110441408849,-0.20111371577130432,0.6117468715088024,-0.998627243815767,-0.2823841388597317,0.0,0.0,0.0
26.330000000001316,0.0,0.0,0.8887791778220002,0.0,0.0,0.0,0.0,0.0,0.0,0.5628055465647558,-0.8497919917638157,-0.19029007633151762,0.604615139195217,-0.9779767760197227,-0.2720312576937808,0.0,0.0,0.0
26.340000000001318,0.0,0.0,0.8969114021349507,0.0,0.0,0.0,0.0,0.0,0.0,0.5540963630672262,-0.8249530597321808,-0.17943617793926925,0.5972963403020535,-0.956766452082491,-0.2616441091464173,0.0,0.0,0.0
26.35000000000132,0.0,0.0,0.9047794319595588,0.0,0.0,0.0,0.0,0.0,0.0,0.5452044512276407,-0.7996099559817251,-0.16855485138393678,0.5897949958385509,-0.9350128369347203,-0.2512253292235398,0.0,0.0,0.0
26.36000000000132,0.0,0.0,0.9123818839614737,0.0,0.0,0.0,0.0,0.0,0.0,0.5361328609825109,-0.7737793080851909,-0.1576489293099037,0.5821150481188225,-0.9127327819703259,-0.24077787879853937,0.0,0.0,0.0
26.370000000001323,0.0,0.0,0.9197174174305077,0.0,0.0,0.0,0.0,0.0,0.0,0.526884700928134,-0.7474780494934468,-0.14672124547826648,0.574259984551292,-0.8899436094553803,-0.2303047217339444,0.0,0.0,0.0
26.380000000001324,0.0,0.0,0.9267819195492776,0.0,0.0,0.0,0.0,0.0,0.0,0.5174631372768113,-0.7207234083122676,-0.13577463402976298,0.5662329260969792,-0.8666631156043935,-0.21980885477488635,0.0,0.0,0.0
26.390000000001326,0.0,0.0,0.9335747967736973,0.0,0.0,0.0,0.0,0.0,0.0,0.5078713927943052,-0.693532895890542,-0.12481192874898128,0.5580367580662859,-0.8429141996755507,-0.2092946123761763,0.0,0.0,0.0
26.400000000001327,0.0,0.0,0.9400982622864773,0.0,0.0,0.0,0.0,0.0,0.0,0.49811274571898434,-0.665924295227116,-0.11383596233019588,0.5496744318167249,-0.8187202269896515,-0.19876162367718694,0.0,0.0,0.0
26.41000000000133,0.0,0.0,0.9463509213749915,0.0,0.0,0.0,0.0,0.0,0.0,0.4881905286630728,-0.6379156492044471,-0.10284956564484826,0.5411481158364041,-0.7940867365864186,-0.18821127975328011,0.0,0.0,0.0
26.42000000000133,0.0,0.0,0.9523313450682381,0.0,0.0,0.0,0.0,0.0,0.0,0.47810812749621984,-0.6095252486564813,-0.09185556701101771,0.5324598243675603,-0.7690321163543858,-0.17765233605878092,0.0,0.0,0.0
26.430000000001332,0.0,0.0,0.9580381512581413,0.0,0.0,0.0,0.0,0.0,0.0,0.46786898021190726,-0.5807716202791409,-0.08085679146495228,0.5236120763883578,-0.7435786926161578,-0.16708660966018452,0.0,0.0,0.0
26.440000000001334,0.0,0.0,0.9634700096874752,0.0,0.0,0.0,0.0,0.0,0.0,0.4574765757769689,-0.5516735143910716,-0.06985606003497447,0.5146073044548838,-0.7177483417128956,-0.1565168654373172,0.0,0.0,0.0
26.450000000001335,0.0,0.0,0.9686256441253178,0.0,0.0,0.0,0.0,0.0,0.0,0.4469344529646059,-0.5222498925531265,-0.05885618901777723,0.505447972593631,-0.6915630853871081,-0.14594575710014435,0.0,0.0,0.0
26.460000000001337,0.0,0.0,0.973503835903602,0.0,0.0,0.0,0.0,0.0,0.0,0.4362461991714107,-0.4925199150547095,-0.0478599892574616,0.49613659884067274,-0.6650450542602354,-0.1353759821110328,0.0,0.0,0.0
26.47000000000134,0.0,0.0,0.9781034282438829,0.0,0.0,0.0,0.0,0.0,0.0,0.4254154492185634,-0.46250292827526085,-0.03687026542740779,0.486675784724064,-0.6382165345949548,-0.12481025198287589,0.0,0.0,0.0
26.48000000000134,0.0,0.0,0.9824233311317854,0.0,0.0,0.0,0.0,0.0,0.0,0.4144458841378563,-0.4322184519292702,-0.02588981531518275,0.4770682366098723,-0.6110999903065876,-0.11425129228724142,0.0,0.0,0.0
26.49000000000134,0.0,0.0,0.9864625264561417,0.0,0.0,0.0,0.0,0.0,0.0,0.403341229942671,-0.40168616620364395,-0.014921429110684503,0.46731678198763943,-0.5837180800118864,-0.10370183986700181,0.0,0.0,0.0
26.500000000001343,0.0,0.0,0.990220116384105,0.0,0.0,0.0,0.0,0.0,0.0,0.3921052563845983,-0.3709258987954662,-0.003967888697648414,0.45742438104471267,-0.5560936690735278,-0.09316464161327469,0.0,0.0,0.0
26.510000000001344,0.0,0.0,0.9936963290516228,0.0,0.0,0.0,0.0,0.0,0.0,0.38074177569589224,-0.33995761185909856,0.006968033051177658,0.44739451599991537,-0.5282487269235272,-0.08264466156008513,0.0,0.0,0.0
26.520000000001346,0.0,0.0,0.996890579717645,0.0,0.0,0.0,0.0,0.0,0.0,0.3692546413182161,-0.30880138887128084,0.017883572975204043,0.4372405312633397,-0.5002086712314614,-0.07214125711871616,0.0,0.0,0.0
26.530000000001348,0.0,0.0,0.9998013569633473,0.0,0.0,0.0,0.0,0.0,0.0,0.35764774661825127,-0.277477421422919,0.02877597832315426,0.42697449849564756,-0.47199826517260496,-0.06165506474879999,0.0,0.0,0.0
26.54000000000135,0.0,0.0,1.0024281209770487,0.0,0.0,0.0,0.0,0.0,0.0,0.34592502359032856,-0.24600599594619244,0.0396425074461344,0.4165817678749352,-0.44363893126636134,-0.0511921570049754,0.0,0.0,0.0
26.55000000000135,0.0,0.0,1.0047704393150474,0.0,0.0,0.0,0.0,0.0,0.0,0.3340904415467887,-0.21440748038604962,0.05048043048641837,0.40606571516342227,-0.4151542862147797,-0.040755926334912054,0.0,0.0,0.0
26.560000000001352,0.0,0.0,1.0068279913393514,0.0,0.0,0.0,0.0,0.0,0.0,0.32214800579626507,-0.18270231082481425,0.06128703006174474,0.3954305783871945,-0.3865687689535478,-0.030348974660225604,0.0,0.0,0.0
26.570000000001354,0.0,0.0,1.0086005673344327,0.0,0.0,0.0,0.0,0.0,0.0,0.3101017563104745,-0.15091097806869902,0.07205960194504879,0.38468097053237893,-0.3579070858973652,-0.019973977769296138,0.0,0.0,0.0
26.580000000001355,0.0,0.0,1.0100683743711316,0.0,0.0,0.0,0.0,0.0,0.0,0.2979557663799151,-0.11905401420522344,0.08279545573927893,0.37382172172752604,-0.32919424026015764,0.013831911605842177,0.0,0.0,0.0
26.590000000001357,0.0,0.0,1.0112376450409737,0.0,0.0,0.0,0.0,0.0,0.0,0.2857141412588435,-0.08715197914047712,0.09349191554736214,0.3626814299451382,-0.29913630456726326,0.018635449117271066,0.0,0.0,0.0
26.60000000000136,0.0,0.0,1.0121344153169762,0.0,0.0,0.0,0.0,0.0,0.0,0.2733810168001442,-0.055225447125127225,0.10414632063696638,0.3517143802557186,-0.2710342644850972,0.027523848453781828,0.0,0.0,0.0
26.61000000000136,0.0,0.0,1.0127569902480114,0.0,0.0,0.0,0.0,0.0,0.0,0.26096055808029867,-0.023294993277939824,0.11475602609999713,0.34059972319509657,-0.24259873426405446,0.03626299271197526,0.0,0.0,0.0
26.62000000000136,0.0,0.0,1.0131021870844792,0.0,0.0,0.0,0.0,0.0,0.0,0.2484569580151787,0.0086188198839805,0.12531840350656798,0.3293828096174746,-0.21414313666983636,0.045321993658117884,0.0,0.0,0.0
26.630000000001363,0.0,0.0,1.013167833352218,0.0,0.0,0.0,0.0,0.0,0.0,0.23587443596687113,0.04049545589948256,0.13583084155342773,0.31806810822307285,-0.18568877937922496,0.054608931524749244,0.0,0.0,0.0
26.640000000001365,0.0,0.0,1.012952459582599,0.0,0.0,0.0,0.0,0.0,0.0,0.22321723634215407,0.07231441779330439,0.14629074670659437,0.306664340110186,-0.15728864944071919,0.06410921217461693,0.0,0.0,0.0
26.650000000001366,0.0,0.0,1.0124551656888143,0.0,0.0,0.0,0.0,0.0,0.0,0.2104896271830391,0.10405526147272814,0.15669554383794715,0.2951785514446787,-0.12898567047901965,0.07379863419369448,0.0,0.0,0.0
26.660000000001368,0.0,0.0,1.011675500832897,0.0,0.0,0.0,0.0,0.0,0.0,0.19769589874976945,0.13569760908202522,0.1670426768558706,0.283617116541692,-0.10081979210340414,0.08365511447057594,0.0,0.0,0.0
26.67000000000137,0.0,0.0,1.010613371018644,0.0,0.0,0.0,0.0,0.0,0.0,0.1848403620969234,0.16722116230591721,0.177329609329538,0.27198578609324836,-0.07282835820646552,0.09365721677252356,0.0,0.0,0.0
26.68000000000137,0.0,0.0,1.0092690433257776,0.0,0.0,0.0,0.0,0.0,0.0,0.17192734764284973,0.198605715613402,0.1875538251068838,0.26028982600878176,-0.045047060618642124,0.10378442831248137,0.0,0.0,0.0
26.690000000001373,0.0,0.0,1.0076431117368498,0.0,0.0,0.0,0.0,0.0,0.0,0.15896120373307215,0.22983116943286763,0.19771282892588538,0.24853470285826962,-0.017509461835635644,0.11401410889566986,0.0,0.0,0.0
26.700000000001374,0.0,0.0,1.0056590709413264,0.0,0.0,0.0,0.0,0.0,0.0,0.14594629519815344,0.26087754325018864,0.20780414701932948,0.23672752385013854,0.04152803417038914,0.12433091416406862,0.0,0.0,0.0
26.710000000001376,0.0,0.0,1.0033376287881612,0.0,0.0,0.0,0.0,0.0,0.0,0.1328870019062725,0.2917249886208291,0.21782532771262964,0.22487536362322838,0.06623819324179,0.1346800904756773,0.0,0.0,0.0
26.720000000001377,0.0,0.0,1.0007689289758068,0.0,0.0,0.0,0.0,0.0,0.0,0.1197877173113423,0.32235380208750586,0.227773942014609,0.21299016964319498,0.09213370631315002,0.14514191277185443,0.0,0.0,0.0
26.73000000000138,0.0,0.0,0.9979401160572967,0.0,0.0,0.0,0.0,0.0,0.0,0.10665284699676514,0.3527444379950295,0.23764758420129772,0.20106892693733805,0.11931168861888651,0.15575169738210756,0.0,0.0,0.0
26.74000000000138,0.0,0.0,0.9948395717270827,0.0,0.0,0.0,0.0,0.0,0.0,0.09348680721560587,0.38287752119352714,0.2474438723923409,0.18910601741731944,0.14765882676916756,0.1663217931801875,0.0,0.0,0.0
26.750000000001382,0.0,0.0,0.9914592736911312,0.0,0.0,0.0,0.0,0.0,0.0,0.08029402342747993,0.4127338596221284,0.25716044912010916,0.17710966453151766,0.17697616113889594,0.17687853243724916,0.0,0.0,0.0
26.760000000001384,0.0,0.0,0.9877940606074643,0.0,0.0,0.0,0.0,0.0,0.0,0.06707892883269595,0.4422944567643601,0.2667949818911115,0.16508551361800922,0.20708729947672275,0.18741876400994675,0.0,0.0,0.0
26.770000000001385,0.0,0.0,0.9838409604327464,0.0,0.0,0.0,0.0,0.0,0.0,0.05384596290419108,0.4715405239675001,0.27634516373995366,0.15303871146857073,0.23782654389820396,0.19794022662359456,0.0,0.0,0.0
26.780000000001387,0.0,0.0,0.9795986644921555,0.0,0.0,0.0,0.0,0.0,0.0,0.04059956991756042,0.5004534926174364,0.28580871377532713,0.14097384537727667,0.26904076420137496,0.20843792454550053,0.0,0.0,0.0
26.79000000000139,0.0,0.0,0.9750671242934902,0.0,0.0,0.0,0.0,0.0,0.0,0.027344197479956867,0.5290150261611912,0.29518337771816006,0.12889514651256528,0.3005891488756164,0.21890547161959045,0.0,0.0,0.0
26.80000000000139,0.0,0.0,0.97024354418276,0.0,0.0,0.0,0.0,0.0,0.0,0.014084295058014007,0.557207031969229,0.3044669284316579,0.11680660252125051,0.33234323133108623,0.22933552548902264,0.0,0.0,0.0
26.81000000000139,0.0,0.0,0.9651297214803896,0.0,0.0,0.0,0.0,0.0,0.0,0.00082431250548054,0.5850116730297423,0.31365716644323216,0.10471208073383201,0.36418102446186795,0.2397179069583178,0.0,0.0,0.0
26.820000000001393,0.0,0.0,0.9597316331511188,0.0,0.0,0.0,0.0,0.0,0.0,-0.012431301408938444,0.61241137946715,0.3227519204581435,0.09261575966701946,0.3959895942145984,0.25004975474920704,0.0,0.0,0.0
26.830000000001395,0.0,0.0,0.9540517911526284,0.0,0.0,0.0,0.0,0.0,0.0,-0.02567810047323693,0.6393888598773341,0.33174904786458836,0.08052110162639459,0.4276899189997418,0.2603265294868543,0.0,0.0,0.0
26.840000000001396,0.0,0.0,0.9480928307824088,0.0,0.0,0.0,0.0,0.0,0.0,-0.03891164250252721,0.6659271124722879,0.3406464352304921,0.06843125353408722,0.45920390962043767,0.2705316034256611,0.0,0.0,0.0
26.850000000001398,0.0,0.0,0.9418575013010597,0.0,0.0,0.0,0.0,0.0,0.0,-0.05212749080799217,0.6920094360266535,0.349441998791475,0.05635000382078778,0.49045849085740756,0.28065842850638184,0.0,0.0,0.0
26.8600000000014,0.0,0.0,0.9353485725239844,0.0,0.0,0.0,0.0,0.0,0.0,-0.06532121566365456,0.7176194406191398,0.35813368493015885,0.04428108004327902,0.5213903975542746,0.2906994608634236,0.0,0.0,0.0
26.8700000000014,0.0,0.0,0.9285687558281737,0.0,0.0,0.0,0.0,0.0,0.0,-0.07848839577067823,0.7427410581618386,0.36671947064656707,0.032228256047583184,0.5519445348332545,0.3006477469281012,0.0,0.0,0.0
26.880000000001402,0.0,0.0,0.9215206432990806,0.0,0.0,0.0,0.0,0.0,0.0,-0.09162461971865798,0.7673585527104043,0.3751973640196167,0.02019535104508373,0.5820731385657709,0.31049673223719726,0.0,0.0,0.0
26.890000000001404,0.0,0.0,0.9142254398808727,0.0,0.0,0.0,0.0,0.0,0.0,-0.1047254874432676,0.7914565305484698,0.3835654046595409,-0.016055184104145536,0.6117348257503502,0.32024034023170195,0.0,0.0,0.0
26.900000000001405,0.0,0.0,0.9066827313666698,0.0,0.0,0.0,0.0,0.0,0.0,-0.11778661168011129,0.8150199500397481,0.39182166415104946,-0.0250533811060195,0.640894311266624,0.3298628643733878,0.0,0.0,0.0
26.910000000001407,0.0,0.0,0.8988729353062446,0.0,0.0,0.0,0.0,0.0,0.0,-0.13080361941396434,0.8380341312413546,0.3999642464874007,-0.034438413323983896,0.6695058348489806,0.33938223312504356,0.0,0.0,0.0
26.92000000000141,0.0,0.0,0.8907984593657324,0.0,0.0,0.0,0.0,0.0,0.0,-0.14377215332315707,0.8604847652720826,0.4079912884949528,-0.04438385446557518,0.6975476652145266,0.3488079698372665,0.0,0.0,0.0
26.93000000000141,0.0,0.0,0.8824613677671395,0.0,0.0,0.0,0.0,0.0,0.0,-0.15668787321856825,0.882357923429542,0.4159009602484036,-0.05482999454913022,0.7250151660765087,0.35809678735284256,0.0,0.0,0.0
26.94000000000141,0.0,0.0,0.8738635766038177,0.0,0.0,0.0,0.0,0.0,0.0,-0.16954645747666108,0.9036400660503632,0.4236914654763435,-0.0657181263922724,0.7518821612792967,0.3672522494713944,0.0,0.0,0.0
26.950000000001413,0.0,0.0,0.8650068561225664,0.0,0.0,0.0,0.0,0.0,0.0,-0.18234360446627684,0.9243180511074871,0.43136104195736635,-0.07699432137201857,0.778128630960891,0.37627139262235576,0.0,0.0,0.0
26.960000000001415,0.0,0.0,0.8558928224921886,0.0,0.0,0.0,0.0,0.0,0.0,-0.19507503396851855,0.9443791425392525,0.4389079619063261,-0.08860862303161511,0.8037363895231424,0.3851526407049369,0.0,0.0,0.0
26.970000000001416,0.0,0.0,0.8465229407605119,0.0,0.0,0.0,0.0,0.0,0.0,-0.2077364885894858,0.9638110183046114,0.44633053235088693,-0.10051487786549453,0.8286893564532473,0.3938944128031707,0.0,0.0,0.0
26.980000000001418,0.0,0.0,0.8368985356632804,0.0,0.0,0.0,0.0,0.0,0.0,-0.22032373516510761,0.9826017781595513,0.45362709549816005,-0.11267048629118191,0.8529731000489027,0.40249533899445356,0.0,0.0,0.0
26.99000000000142,0.0,0.0,0.827020833172317,0.0,0.0,0.0,0.0,0.0,0.0,-0.23283256615792847,1.00073995114948,0.460796029091428,-0.12503618834758717,0.8765745792247077,0.41095420255298953,0.0,0.0,0.0
27.00000000000142,0.0,0.0,0.8168909868057305,0.0,0.0,0.0,0.0,0.0,0.0,-0.24525880104519204,1.018214502812857,0.4678357467569225,-0.13757578707230395,0.8994823502980384,0.4192689870559205,0.0,0.0,0.0
27.010000000001423,0.0,0.0,0.8065100538992281,0.0,0.0,0.0,0.0,0.0,0.0,-0.25759828769776494,1.0350148420915066,0.47474469834032407,-0.1502555694732841,0.9216848647277701,0.4274399353250375,0.0,0.0,0.0
27.020000000001424,0.0,0.0,0.7958814339923852,0.0,0.0,0.0,0.0,0.0,0.0,-0.26984690374961373,1.051130827943017,0.4815213702333603,-0.16304474818748377,0.9431716903561074,0.43546699847783593,0.0,0.0,0.0
27.030000000001426,0.0,0.0,0.7850050537612748,0.0,0.0,0.0,0.0,0.0,0.0,-0.28200055795717016,1.0665527756511768,0.48816428569000736,-0.1759155073209048,0.9639418142832665,0.4433508967991352,0.0,0.0,0.0
27.040000000001427,0.0,0.0,0.7738787829944317,0.0,0.0,0.0,0.0,0.0,0.0,-0.2940551915483063,1.081271462830311,0.4946720051325124,-0.1888430292565855,0.9839945069454428,0.4510841920433804,0.0,0.0,0.0
27.05000000000143,0.0,0.0,0.7625039663375868,0.0,0.0,0.0,0.0,0.0,0.0,-0.3060067795604672,1.095278135119715,0.5010431264470274,-0.20180382354907633,1.003297153046458,0.45866365239974144,0.0,0.0,0.0
27.06000000000143,0.0,0.0,0.7508820179014034,0.0,0.0,0.0,0.0,0.0,0.0,-0.31785133216733963,1.1085645115646332,0.5072762852688837,-0.21477562002414152,1.021839650726628,0.4661007134307747,0.0,0.0,0.0
27.070000000001432,0.0,0.0,0.7390143436242009,0.0,0.0,0.0,0.0,0.0,0.0,-0.3295848959939267,1.1211227896803395,0.5133701552574917,-0.22773924527336625,1.0396197579870794,0.4733919655400743,0.0,0.0,0.0
27.080000000001434,0.0,0.0,0.7269023701945778,0.0,0.0,0.0,0.0,0.0,0.0,-0.3412035554193046,1.1329456501961293,0.5193234483605993,-0.24067697861636572,1.0566337471080602,0.48053643435921967,0.0,0.0,0.0
27.090000000001435,0.0,0.0,0.714547352006994,0.0,0.0,0.0,0.0,0.0,0.0,-0.352703433866848,1.144026261476244,0.5251349150681255,-0.25357262566605726,1.0728777943385697,0.48753294788269774,0.0,0.0,0.0
27.100000000001437,0.0,0.0,0.701950880026952,0.0,0.0,0.0,0.0,0.0,0.0,-0.36408069508140906,1.1543582836150845,0.5308033446554123,-0.2664306105807911,1.088442203745355,0.4941710922376679,0.0,0.0,0.0
27.11000000000144,0.0,0.0,0.689114895187765,0.0,0.0,0.0,0.0,0.0,0.0,-0.37533154439298677,1.1639358722039939,0.5363275654158572,-0.27919049177745864,1.1030861577734155,0.5009606573218907,0.0,0.0,0.0
27.12000000000144,0.0,0.0,0.6760411904572979,0.0,0.0,0.0,0.0,0.0,0.0,-0.38645222996663486,1.172753681767452,0.5417064448827871,-0.2918727309077805,1.1169786690831474,0.5075388467032073,0.0,0.0,0.0
27.13000000000144,0.0,0.0,0.6627316244184515,0.0,0.0,0.0,0.0,0.0,0.0,-0.39743904403798735,1.1808068688665245,0.5469388900407502,-0.30446008453700835,1.130086492283054,0.5139686487570589,0.0,0.0,0.0
27.140000000001443,0.0,0.0,0.6491881978079902,0.0,0.0,0.0,0.0,0.0,0.0,-0.40828832413423144,1.1880910948677161,0.5520238475261074,-0.31694304487045794,1.1424103368248508,0.5202389393215158,0.0,0.0,0.0
27.150000000001445,0.0,0.0,0.6354130458575694,0.0,0.0,0.0,0.0,0.0,0.0,-0.418996454279878,1.1946025283755473,0.55696030381672,-0.32931173002839276,1.1539451999351633,0.5263521701559365,0.0,0.0,0.0
27.160000000001446,0.0,0.0,0.6214084503503692,0.0,0.0,0.0,0.0,0.0,0.0,-0.429559866187168,1.200337847327505,0.5617472854109712,-0.3415574120739432,1.1646876529020125,0.532308247775122,0.0,0.0,0.0
27.170000000001448,0.0,0.0,0.6071768509110286,0.0,0.0,0.0,0.0,0.0,0.0,-0.43997504043059665,1.2052942407501148,0.5663838589959781,-0.3536721493499826,1.1746345380126946,0.5381074671335714,0.0,0.0,0.0
27.18000000000145,0.0,0.0,0.5927208561255893,0.0,0.0,0.0,0.0,0.0,0.0,-0.4502385076051625,1.209469410175182,0.5708691316049921,-0.36564873120073815,1.1837832050703376,0.5437499801862241,0.0,0.0,0.0
27.19000000000145,0.0,0.0,0.5780430560180343,0.0,0.0,0.0,0.0,0.0,0.0,-0.46034684946807347,1.2128615707154933,0.5752022507637936,-0.3774805664126151,1.192131466566349,0.5492359044115628,0.0,0.0,0.0
27.200000000001452,0.0,0.0,0.5631462561086629,0.0,0.0,0.0,0.0,0.0,0.0,-0.4702967000633834,1.2154694517994258,0.5793824046264986,-0.3891629246109333,1.199677613666715,0.5545654831929074,0.0,0.0,0.0
27.210000000001454,0.0,0.0,0.5480339484014372,0.0,0.0,0.0,0.0,0.0,0.0,-0.4800847468293369,1.2172922975642213,0.5834088221003106,-0.4007172556920135,1.2065179823515118,0.5594846566742029,0.0,0.0,0.0
27.220000000001455,0.0,0.0,0.5327097402407862,0.0,0.0,0.0,0.0,0.0,0.0,-0.4897077316880101,1.2183298669078506,0.5872807729594052,-0.4120741082637983,1.2124123800869806,0.5645826996889961,0.0,0.0,0.0
27.230000000001457,0.0,0.0,0.5171777551652014,0.0,0.0,0.0,0.0,0.0,0.0,-0.4991624521167835,1.2185824331996367,0.5909975679479833,-0.42327054416455134,1.2175315363904915,0.5694616859466501,0.0,0.0,0.0
27.24000000000146,0.0,0.0,0.5014414857086625,0.0,0.0,0.0,0.0,0.0,0.0,-0.5084457622015298,1.218050783650057,0.5945585588724415,-0.434294671190796,1.2218581661932106,0.5741944110272308,0.0,0.0,0.0
27.25000000000146,0.0,0.0,0.4855042170220471,0.0,0.0,0.0,0.0,0.0,0.0,-0.5175545736709256,1.2167362183403403,0.597963138682664,-0.44514438971583487,1.2254121265897726,0.5787622069504689,0.0,0.0,0.0
27.26000000000146,0.0,0.0,0.46936997189747703,0.0,0.0,0.0,0.0,0.0,0.0,-0.526485856911746,1.214640548912732,0.6012107415423122,-0.45581556446222987,1.2281719712283166,0.5831631978943714,0.0,0.0,0.0
27.270000000001463,0.0,0.0,0.45304294566073067,0.0,0.0,0.0,0.0,0.0,0.0,-0.5352366419646676,1.2117660969224868,0.604300842888399,-0.4663035651051915,1.2301368847906762,0.5874062777298532,0.0,0.0,0.0
27.280000000001465,0.0,0.0,0.43652749693431725,0.0,0.0,0.0,0.0,0.0,0.0,-0.5438040195003533,1.2081156918529357,0.607232959479927,-0.4766051559714354,1.2313110294551628,0.5914899854652449,0.0,0.0,0.0
27.290000000001466,0.0,0.0,0.4198281513608359,0.0,0.0,0.0,0.0,0.0,0.0,-0.5521851417754676,1.2036926687950933,0.6100066494356267,-0.4867171539552286,1.231698311197559,0.5954145145481982,0.0,0.0,0.0
27.300000000001468,0.0,0.0,0.40294960769903915,0.0,0.0,0.0,0.0,0.0,0.0,-0.5603772235682576,1.1985008657936664,0.6126215122608856,-0.4966366092760957,1.2313030789438792,0.5991797517535532,0.0,0.0,0.0
27.31000000000147,0.0,0.0,0.38589674639993865,0.0,0.0,0.0,0.0,0.0,0.0,-0.5683775430935362,1.1925446208613208,0.6150771888639008,-0.5063607369055348,1.2301299765536726,0.6027856586218212,0.0,0.0,0.0
27.32000000000147,0.0,0.0,0.36867464096647834,0.0,0.0,0.0,0.0,0.0,0.0,-0.5761834428965671,1.1858287686635207,0.6173733615609727,-0.5158868926411245,1.2281839289698724,0.6062322289656736,0.0,0.0,0.0
27.330000000001473,0.0,0.0,0.3512885720096226,0.0,0.0,0.0,0.0,0.0,0.0,-0.5837923307257558,1.1783586368762684,0.6195097540709527,-0.5252125415006408,1.2254700960773464,0.6095195251565004,0.0,0.0,0.0
27.340000000001474,0.0,0.0,0.3337440437777583,0.0,0.0,0.0,0.0,0.0,0.0,-0.5912016803837613,1.170140042219441,0.6214861314990716,-0.5343352307227802,1.2219938367545151,0.6126476906824234,0.0,0.0,0.0
27.350000000001476,0.0,0.0,0.3160468028339059,0.0,0.0,0.0,0.0,0.0,0.0,-0.5984090325567312,1.161179286168574,0.6233023003099671,-0.5432525655568528,1.2177606753225805,0.6156169640395133,0.0,0.0,0.0
27.360000000001477,0.0,0.0,0.2982028583975002,0.0,0.0,0.0,0.0,0.0,0.0,-0.6054119956214793,1.151483150348072,0.6249581082899818,-0.5519621888049491,1.2127762726602063,0.6184276891791808,0.0,0.0,0.0
27.37000000000148,0.0,0.0,0.28021850368183115,0.0,0.0,0.0,0.0,0.0,0.0,-0.6122082464302445,1.1410588916092907,0.6264534444988265,-0.5604617643421896,1.2070464029769579,0.6210803234128092,0.0,0.0,0.0
27.38000000000148,0.0,0.0,0.2621003373748538,0.0,0.0,0.0,0.0,0.0,0.0,-0.618795531072869,1.129914236796763,0.6277882392106761,-0.5687489651093781,1.2005769382093823,0.6235754418909679,0.0,0.0,0.0
27.390000000001482,0.0,0.0,0.24385528424058503,0.0,0.0,0.0,0.0,0.0,0.0,-0.6251716656160502,1.1180573772064983,0.6289624638445569,-0.5768214658421214,1.19337384199704,0.6259137383352409,0.0,0.0,0.0
27.400000000001484,0.0,0.0,0.22549061368206352,0.0,0.0,0.0,0.0,0.0,0.0,-0.6313345368195158,1.1054969627400135,0.6299761308843016,-0.5846769405933154,1.1854431751395182,0.6280960216448052,0.0,0.0,0.0
27.410000000001485,0.0,0.0,0.20701380691228313,0.0,0.0,0.0,0.0,0.0,0.0,-0.6372821028288561,1.0922420957583865,0.6308292937879142,-0.5923130648780641,1.1767911140656746,0.6301232081472333,0.0,0.0,0.0
27.420000000001487,0.0,0.0,0.18843289746700798,0.0,0.0,0.0,0.0,0.0,0.0,-0.6430123938447221,1.0783023246405614,0.6315220468865441,-0.5997053338564327,1.1673786764406566,0.6322033614886313,0.0,0.0,0.0
27.43000000000149,0.0,0.0,0.1697564631425011,0.0,0.0,0.0,0.0,0.0,0.0,-0.6485235127683144,1.0636876370503117,0.6320545252730492,-0.6069092444219628,1.1573323810087812,0.6338134188182604,0.0,0.0,0.0
27.44000000000149,0.0,0.0,0.15099325180231116,0.0,0.0,0.0,0.0,0.0,0.0,-0.6538136358228038,1.0484084529166997,0.6324269046801595,-0.6138782241602437,1.1465650143308264,0.6353453089823907,0.0,0.0,0.0
27.45000000000149,0.0,0.0,0.13215248912314423,0.0,0.0,0.0,0.0,0.0,0.0,-0.6588810131505834,1.032475617132836,0.6326394013484052,-0.6206182543603541,1.1351007867754752,0.6367264051838559,0.0,0.0,0.0
27.460000000001493,0.0,0.0,0.11324364846490947,0.0,0.0,0.0,0.0,0.0,0.0,-0.6637239693861239,1.015900391977952,0.6326922718837757,-0.6271546028337299,1.122994331582559,0.6377014882122914,0.0,0.0,0.0
27.470000000001495,0.0,0.0,0.09427637796389025,0.0,0.0,0.0,0.0,0.0,0.0,-0.6683409042042157,0.9986944492680752,0.6325858131052317,-0.6334230404422637,1.110145451999436,0.6388402035808353,0.0,0.0,0.0
27.480000000001496,0.0,0.0,0.07526207334569204,0.0,0.0,0.0,0.0,0.0,0.0,-0.6727302928434965,0.9808698622407652,0.6323203618820569,-0.639462417331616,1.0966351509579146,0.6397778962468406,0.0,0.0,0.0
27.490000000001498,0.0,0.0,0.05620942411331479,0.0,0.0,0.0,0.0,0.0,0.0,-0.6768906866049919,0.9624390971794866,0.6318962949611817,-0.6451853288763392,1.0824603224300797,0.6405778595857576,0.0,0.0,0.0
27.5000000000015,0.0,0.0,0.03712769815927176,0.0,0.0,0.0,0.0,0.0,0.0,-0.680820713325617,0.9434150047832696,0.6313140287846104,-0.6505674694930744,1.0676317942471858,0.6412402941890698,0.0,0.0,0.0
27.5100000000015,0.0,0.0,0.018028830775775023,0.0,0.0,0.0,0.0,0.0,0.0,-0.6845190778263855,0.9238108112877941,0.630574019296778,-0.6558545411617134,1.052160686797826,0.6417951900107737,0.0,0.0,0.0
27.520000000001502,0.0,0.0,-0.0010757459200739566,0.0,0.0,0.0,0.0,0.0,0.0,-0.6879845623352604,0.9036401093438864,0.6296767617422161,-0.6609922226479997,1.0360635727692957,0.64217719766142,0.0,0.0,0.0
27.530000000001504,0.0,0.0,-0.02017483852060933,0.0,0.0,0.0,0.0,0.0,0.0,-0.6912160268844588,0.8829168486596525,0.6286227904533878,-0.6659328163035864,1.0193494903547573,0.6424091213570821,0.0,0.0,0.0
27.540000000001505,0.0,0.0,-0.03925740208388748,0.0,0.0,0.0,0.0,0.0,0.0,-0.6942124096820953,0.8616553264127014,0.627412678628893,-0.670646704088335,1.0020319358426057,0.6424913109824439,0.0,0.0,0.0
27.550000000001507,0.0,0.0,-0.0583125255414419,0.0,0.0,0.0,0.0,0.0,0.0,-0.6969727274580615,0.8398701774390746,0.6260470381019863,-0.6751154565850348,0.9841248201862794,0.6424269595343276,0.0,0.0,0.0
27.56000000000151,0.0,0.0,-0.07732943684633942,0.0,0.0,0.0,0.0,0.0,0.0,-0.6994960757840002,0.817576364205552,0.6245265190996844,-0.6793271672963309,0.965643011781074,0.6422175181208715,0.0,0.0,0.0
27.57000000000151,0.0,0.0,-0.0962975037917577,0.0,0.0,0.0,0.0,0.0,0.0,-0.7017816293672932,0.7947891665720688,0.622851809992381,-0.6832742828214939,0.9466021837419554,0.6418637160349894,0.0,0.0,0.0
27.58000000000151,0.0,0.0,-0.11520624200501475,0.0,0.0,0.0,0.0,0.0,0.0,-0.7038286423189669,0.7715241713514395,0.6210236370341341,-0.6869535894347714,0.927018758636948,0.6413660180823536,0.0,0.0,0.0
27.590000000001513,0.0,0.0,-0.1340453281241784,0.0,0.0,0.0,0.0,0.0,0.0,-0.7056364483954032,0.7477972616734108,0.619042764093631,-0.6903649296606198,0.906909876275105,0.6407244548586339,0.0,0.0,0.0
27.600000000001515,0.0,0.0,-0.1528046148092736,0.0,0.0,0.0,0.0,0.0,0.0,-0.7072044612138186,0.7236246061601529,0.6169099923761667,-0.6935101165018939,0.8862933235391085,0.6399388055681713,0.0,0.0,0.0
27.610000000001516,0.0,0.0,-0.17147414569756397,0.0,0.0,0.0,0.0,0.0,0.0,-0.7085321744414047,0.6990226479208813,0.6146261601363545,-0.6963921778307636,0.8651874697834435,0.6390086972818801,0.0,0.0,0.0
27.620000000001518,0.0,0.0,-0.1900385831044868,0.0,0.0,0.0,0.0,0.0,0.0,-0.7096191619580974,0.6740080933726912,0.6121921423819755,-0.6990148312280697,0.8436112033171587,0.6379336832178664,0.0,0.0,0.0
27.63000000000152,0.0,0.0,-0.20849198013354714,0.0,0.0,0.0,0.0,0.0,0.0,-0.7104650779929008,0.6485979008956247,0.609608850568919,-0.7013834379790604,0.8215225216477653,0.6367004032953762,0.0,0.0,0.0
27.64000000000152,0.0,0.0,-0.22683213750769352,0.0,0.0,0.0,0.0,0.0,0.0,-0.7110696572337383,0.6228092693292456,0.6068772322873963,-0.7035002959500443,0.7989172460814753,0.6353285627774432,0.0,0.0,0.0
27.650000000001523,0.0,0.0,-0.24504805745136063,0.0,0.0,0.0,0.0,0.0,0.0,-0.7114327149107896,0.596659626318963,0.6039982709394384,-0.7053686428093607,0.7759993917943504,0.6338246710672565,0.0,0.0,0.0
27.660000000001524,0.0,0.0,-0.2631293954588185,0.0,0.0,0.0,0.0,0.0,0.0,-0.7115541468532819,0.5701666165195789,0.6009729854077834,-0.706966599388847,0.7527567813963236,0.632469736125116,0.0,0.0,0.0
27.670000000001526,0.0,0.0,-0.2810664946713537,0.0,0.0,0.0,0.0,0.0,0.0,-0.7114339295197327,0.5433480896644036,0.5978024297164716,-0.7083562083794848,0.7291743229633633,0.6306504595884119,0.0,0.0,0.0
27.680000000001527,0.0,0.0,-0.29885025103764656,0.0,0.0,0.0,0.0,0.0,0.0,-0.7110721200016176,0.5162220885078566,0.5944876926829098,-0.7095057717170862,0.705260076464598,0.6287504298541384,0.0,0.0,0.0
27.69000000000153,0.0,0.0,-0.316472083320272,0.0,0.0,0.0,0.0,0.0,0.0,-0.7104688560004765,0.4888068366496797,0.591029897561767,-0.7104266272621029,0.6810218181808906,0.6266996984374884,0.0,0.0,0.0
27.70000000000153,0.0,0.0,-0.3339238478780427,0.0,0.0,0.0,0.0,0.0,0.0,-0.7096243557784601,0.46112072624904443,0.587430201680794,-0.7111211795401063,0.6564741509913607,0.6245102103651804,0.0,0.0,0.0
27.710000000001532,0.0,0.0,-0.3511977888126997,0.0,0.0,0.0,0.0,0.0,0.0,-0.7085389180823368,0.43318230563691484,0.5836897960685631,-0.7115928312133606,0.6316344909790248,0.6221795303651708,0.0,0.0,0.0
27.720000000001534,0.0,0.0,-0.36828649561695376,0.0,0.0,0.0,0.0,0.0,0.0,-0.7072129220409785,0.40501026683499386,0.5798099050743561,-0.7118446388091543,0.606522654869483,0.619707021377279,0.0,0.0,0.0
27.730000000001535,0.0,0.0,-0.3851828760241257,0.0,0.0,0.0,0.0,0.0,0.0,-0.7056468270363784,0.3766234329895264,0.5757917859802054,-0.7118793004618085,0.5811602216880959,0.6170934574555196,0.0,0.0,0.0
27.740000000001537,0.0,0.0,-0.4018801477736437,0.0,0.0,0.0,0.0,0.0,0.0,-0.7038411725482108,0.34804074572869725,0.5716367286054086,-0.7116992469936638,0.5555695233085798,0.6143395265439932,0.0,0.0,0.0
27.75000000000154,0.0,0.0,-0.41837183024718966,0.0,0.0,0.0,0.0,0.0,0.0,-0.7017965779720294,0.31928125245200367,0.5673460549034043,-0.7113067298805702,0.5297730914948976,0.6114441445585822,0.0,0.0,0.0
27.76000000000154,0.0,0.0,-0.4346517366396594,0.0,0.0,0.0,0.0,0.0,0.0,-0.6995137424111203,0.29036409356013215,0.5629211185512253,-0.7107035039885041,0.5037939637969446,0.6084076180864094,0.0,0.0,0.0
27.77000000000154,0.0,0.0,-0.45071397863451806,0.0,0.0,0.0,0.0,0.0,0.0,-0.6969934444421069,0.2613084896338924,0.5583633045317676,-0.7098909153896262,0.4776554393588088,0.6052301487542137,0.0,0.0,0.0
27.780000000001543,0.0,0.0,-0.4665529972990087,0.0,0.0,0.0,0.0,0.0,0.0,-0.6942365418543769,0.2321337285712053,0.5536740287088159,-0.7088698293034273,0.4513808784053643,0.6019121359542019,0.0,0.0,0.0
27.790000000001545,0.0,0.0,-0.4821636048463044,0.0,0.0,0.0,0.0,0.0,0.0,-0.6912439713634058,0.20285915269023413,0.5488547373950582,-0.7076405936204454,0.4249932751603711,0.5984541375560559,0.0,0.0,0.0
27.800000000001546,0.0,0.0,-0.4975410202272813,0.0,0.0,0.0,0.0,0.0,0.0,-0.6880167482981012,0.17350414580768825,0.5439069069132153,-0.7062030145942116,0.3985150411920184,0.594856817301253,0.0,0.0,0.0
27.810000000001548,0.0,0.0,-0.5126809016686891,0.0,0.0,0.0,0.0,0.0,0.0,-0.6845559662622343,0.14408812030094165,0.5388320431503921,-0.7045563474411611,0.3719681316912712,0.591120884691818,0.0,0.0,0.0
27.82000000000155,0.0,0.0,-0.5275793483530453,0.0,0.0,0.0,0.0,0.0,0.0,-0.6808627967700805,0.11463050416261589,0.5336316811058136,-0.702699300990414,0.34537416834941265,0.5872470887026009,0.0,0.0,0.0
27.83000000000155,0.0,0.0,-0.5422329620797417,0.0,0.0,0.0,0.0,0.0,0.0,-0.6769384888564353,0.08515072805616342,0.5283073844319893,-0.7006348905087867,0.31874461105717783,0.5831628849093623,0.0,0.0,0.0
27.840000000001552,0.0,0.0,-0.556638874544782,0.0,0.0,0.0,0.0,0.0,0.0,-0.6727843686610392,0.05566821238139252,0.5228607449696218,-0.6983490773828999,0.29212435269948744,0.5790404749278968,0.0,0.0,0.0
27.850000000001554,0.0,0.0,-0.5707946947878406,0.0,0.0,0.0,0.0,0.0,0.0,-0.6684018389876534,0.026202354358460633,0.5172933822762003,-0.6958475346871138,0.26551822151960924,0.5747630948366849,0.0,0.0,0.0
27.860000000001556,0.0,0.0,-0.5846985245234523,0.0,0.0,0.0,0.0,0.0,0.0,-0.663792378837842,-0.0032274848610800433,0.5116069431485356,-0.6931258431807962,0.23895065436181318,0.5703532307395099,0.0,0.0,0.0
27.870000000001557,0.0,0.0,-0.5983489370761828,0.0,0.0,0.0,0.0,0.0,0.0,-0.6589575429196826,-0.03260199304747591,0.5058031011393467,-0.6901810396100089,0.21244263112732753,0.5658078433113255,0.0,0.0,0.0
27.88000000000156,0.0,0.0,-0.6117449499432388,0.0,0.0,0.0,0.0,0.0,0.0,-0.6538989611315206,-0.06190191970157244,0.4998835560680459,-0.6870098106831606,0.18601605858204634,0.5611285471449294,0.0,0.0,0.0
27.89000000000156,0.0,0.0,-0.6248859892736403,0.0,0.0,0.0,0.0,0.0,0.0,-0.6486183380209496,-0.09110808881069676,0.49385003352581913,-0.6836089677802101,0.15969302229681476,0.5563160659285881,0.0,0.0,0.0
27.90000000000156,0.0,0.0,-0.6377718488867088,0.0,0.0,0.0,0.0,0.0,0.0,-0.6431174522192252,-0.12020141154326502,0.48770428437525115,-0.6799755198652369,0.13349599893070957,0.551371256989245,0.0,0.0,0.0
27.910000000001563,0.0,0.0,-0.6504026468100801,0.0,0.0,0.0,0.0,0.0,0.0,-0.6373981558512204,-0.14916289887327983,0.4814480842444888,-0.6761068111102216,0.10744787636169786,0.5462949344651516,0.0,0.0,0.0
27.920000000001565,0.0,0.0,-0.66277878277828,0.0,0.0,0.0,0.0,0.0,0.0,-0.6314623739212394,-0.17797367412675014,0.47508323301626,-0.672000633546602,0.08157199742791144,0.541087916883869,0.0,0.0,0.0
27.930000000001566,0.0,0.0,-0.67490089563954,0.0,0.0,0.0,0.0,0.0,0.0,-0.6253121036747558,-0.20661498544120693,0.46861155431170753,-0.6676553238164954,0.05589218401039295,0.5357510366155339,0.0,0.0,0.0
27.940000000001568,0.0,0.0,-0.6867698202427716,0.0,0.0,0.0,0.0,0.0,0.0,-0.6189494139363657,-0.23506821813045997,0.462034894969388,-0.6630698375958761,0.030432760810137068,0.5302851536481955,0.0,0.0,0.0
27.95000000000157,0.0,0.0,-0.6983472114555835,0.0,0.0,0.0,0.0,0.0,0.0,-0.612376444424188,-0.26331490694601545,0.4553551245194033,-0.6582437995623297,-0.02565209247576829,0.5246911689286843,0.0,0.0,0.0
27.96000000000157,0.0,0.0,-0.7096397185949948,0.0,0.0,0.0,0.0,0.0,0.0,-0.6055954050408424,-0.29133674822714273,0.4485741346529043,-0.6531778506784516,-0.04749697536981403,0.5189437877498991,0.0,0.0,0.0
27.970000000001573,0.0,0.0,-0.7206953802439063,0.0,0.0,0.0,0.0,0.0,0.0,-0.5986085751413625,-0.31911561193164095,0.44169383868715273,-0.6478706565244775,-0.07044924419026931,0.5131099786469783,0.0,0.0,0.0
27.980000000001574,0.0,0.0,-0.7315103189285419,0.0,0.0,0.0,0.0,0.0,0.0,-0.5914183027781772,-0.3466335535390015,0.43471617102617355,-0.6423249043881021,-0.09458434787320669,0.5072239889010859,0.0,0.0,0.0
27.990000000001576,0.0,0.0,-0.7420802875105371,0.0,0.0,0.0,0.0,0.0,0.0,-0.5840270039234574,-0.37387282581844294,0.4276430866172696,-0.6365457844851284,-0.11976497729432473,0.5011694501165989,0.0,0.0,0.0
28.000000000001577,0.0,0.0,-0.7524015446368842,0.0,0.0,0.0,0.0,0.0,0.0,-0.5764371616691069,-0.4008158904537025,0.42047656040347703,-0.6305351092171213,-0.14582763534375662,0.49497884458025343,0.0,0.0,0.0
28.01000000000158,0.0,0.0,-0.7624709127242322,0.0,0.0,0.0,0.0,0.0,0.0,-0.5686513254045616,-0.42744542951702824,0.41321858677216095,-0.6242960347763782,-0.17262059595676954,0.48865747546885757,0.0,0.0,0.0
28.02000000000158,0.0,0.0,-0.7722858131154638,0.0,0.0,0.0,0.0,0.0,0.0,-0.5606721099728353,-0.45374435678480696,0.40587117899983927,-0.6178322618987641,-0.19999877471560845,0.482213588834548,0.0,0.0,0.0
28.030000000001582,0.0,0.0,-0.7818442782073131,0.0,0.0,0.0,0.0,0.0,0.0,-0.5525021948048742,-0.4796958288873081,0.3984363686934951,-0.6111480353968919,-0.22782570182851833,0.4756532663634977,0.0,0.0,0.0
28.040000000001584,0.0,0.0,-0.7911449487294968,0.0,0.0,0.0,0.0,0.0,0.0,-0.5441443230327067,-0.5052832562851086,0.39091620522842185,-0.6042480193134208,-0.25597400581104074,0.46898160587026994,0.0,0.0,0.0
28.050000000001585,0.0,0.0,-0.800187045155138,0.0,0.0,0.0,0.0,0.0,0.0,-0.535601300581545,-0.5304903140650188,0.38331275518281804,-0.5971369228404628,-0.2843259630907442,0.4622027595096336,0.0,0.0,0.0
28.060000000001587,0.0,0.0,-0.808970316667462,0.0,0.0,0.0,0.0,0.0,0.0,-0.5268759952411652,-0.5553009525484818,0.37562810176929085,-0.5898184131772325,-0.3127737831398058,0.45532014941278154,0.0,0.0,0.0
28.07000000000159,0.0,0.0,-0.8174950202352181,0.0,0.0,0.0,0.0,0.0,0.0,-0.5179713357169474,-0.5796994077052706,0.3678643442633862,-0.5822962667901721,-0.3412215685405549,0.4483302179654959,0.0,0.0,0.0
28.08000000000159,0.0,0.0,-0.825761898107586,0.0,0.0,0.0,0.0,0.0,0.0,-0.5088903106607292,-0.60367021136573,0.36002359742935763,-0.5745765746265836,-0.36957846656013604,0.4412447810985431,0.0,0.0,0.0
28.09000000000159,0.0,0.0,-0.8337720947097621,0.0,0.0,0.0,0.0,0.0,0.0,-0.49963596768199214,-0.6271982012249118,0.3521079909432552,-0.566662940633458,-0.3977643107571628,0.43407065596002314,0.0,0.0,0.0
28.100000000001593,0.0,0.0,-0.841527042410325,0.0,0.0,0.0,0.0,0.0,0.0,-0.49021141233951304,-0.6502685306319531,0.3441196688135807,-0.5585568227163515,-0.4257127990621335,0.42679980709996945,0.0,0.0,0.0
28.110000000001595,0.0,0.0,-0.8490283829999989,0.0,0.0,0.0,0.0,0.0,0.0,-0.4806198071139166,-0.6728666781582682,0.3360607887996008,-0.5502597651277397,-0.4533623737621372,0.41943548795534324,0.0,0.0,0.0
28.120000000001596,0.0,0.0,-0.8562778973591629,0.0,0.0,0.0,0.0,0.0,0.0,-0.4708643703614769,-0.6949784569383213,0.32793352182748103,-0.5417737880035192,-0.48065961999585843,0.41197895022933795,0.0,0.0,0.0
28.130000000001598,0.0,0.0,-0.8632774364480941,0.0,0.0,0.0,0.0,0.0,0.0,-0.4609483752494149,-0.716590023776956,0.3197400514044708,-0.5331014723041002,-0.5075577711644862,0.404431751589833,0.0,0.0,0.0
28.1400000000016,0.0,0.0,-0.8700291803557292,0.0,0.0,0.0,0.0,0.0,0.0,-0.4508751486731811,-0.737687888017164,0.31148257303116744,-0.5242459614964301,-0.5340160582405709,0.39679542179267496,0.0,0.0,0.0
28.1500000000016,0.0,0.0,-0.8765355015753808,0.0,0.0,0.0,0.0,0.0,0.0,-0.44064807015590685,-0.7582589201626262,0.3031632936121691,-0.5152110713564104,-0.5599976316041035,0.3890763276974255,0.0,0.0,0.0
28.160000000001602,0.0,0.0,-0.8827981469537609,0.0,0.0,0.0,0.0,0.0,0.0,-0.4302705707305651,-0.7782903602494642,0.2947844308651253,-0.5060007378224477,-0.5854757279191315,0.3812688879124866,0.0,0.0,0.0
28.170000000001604,0.0,0.0,-0.8888182744655754,0.0,0.0,0.0,0.0,0.0,0.0,-0.4197461318050745,-0.7977698259615726,0.286348212728498,-0.4966193548197706,-0.6104249266278416,0.3733712283054384,0.0,0.0,0.0
28.180000000001606,0.0,0.0,-0.8945969318980457,0.0,0.0,0.0,0.0,0.0,0.0,-0.40907828401071805,-0.8166853204845284,0.2778568767680323,-0.4870721110131204,-0.6348168562097061,0.3653929216216292,0.0,0.0,0.0
28.190000000001607,0.0,0.0,-0.9001350943492321,0.0,0.0,0.0,0.0,0.0,0.0,-0.3982706060344214,-0.8350252400927314,0.26931266958222366,-0.4773642375321327,-0.6586296102258035,0.3573353988986776,0.0,0.0,0.0
28.20000000000161,0.0,0.0,-0.9054336377361945,0.0,0.0,0.0,0.0,0.0,0.0,-0.3873267234350118,-0.8527783814651144,0.26071784620688465,-0.46750117051189904,-0.6818435920016361,0.3492015629507515,0.0,0.0,0.0
28.21000000000161,0.0,0.0,-0.9104933223423435,0.0,0.0,0.0,0.0,0.0,0.0,-0.3762503074440801,-0.8699339487245501,0.25207466951894686,-0.4574884358214855,-0.7044417230730995,0.34099414868662986,0.0,0.0,0.0
28.220000000001612,0.0,0.0,-0.9153147831298981,0.0,0.0,0.0,0.0,0.0,0.0,-0.3650450737516926,-0.8864815601964673,0.24338540963971678,-0.44733161373061237,-0.726408921784133,0.3327160221872081,0.0,0.0,0.0
28.230000000001613,0.0,0.0,-0.9198985268232504,0.0,0.0,0.0,0.0,0.0,0.0,-0.3537147812773914,-0.9024112548824443,0.23465234333769724,-0.43703629649285003,-0.747731798108688,0.32437013036168955,0.0,0.0,0.0
28.240000000001615,0.0,0.0,-0.9242449344809303,0.0,0.0,0.0,0.0,0.0,0.0,-0.34226323092696254,-0.9177134986444697,0.22587775343114047,-0.42660805482989395,-0.7683983863120396,0.315959503672487,0.0,0.0,0.0
28.250000000001616,0.0,0.0,-0.9283542684653825,0.0,0.0,0.0,0.0,0.0,0.0,-0.3306942643351791,-0.9323791900961313,0.21706392819049825,-0.4160524102806026,-0.7883979364675793,0.307487243323952,0.0,0.0,0.0
28.260000000001618,0.0,0.0,-0.9322266826999562,0.0,0.0,0.0,0.0,0.0,0.0,-0.31901176259522634,-0.9463996661967995,0.20821316074092677,-0.4053748136153719,-0.807720750155356,0.298956507057909,0.0,0.0,0.0
28.27000000000162,0.0,0.0,-0.9358622351857268,0.0,0.0,0.0,0.0,0.0,0.0,-0.3072196449749044,-0.9597667075454739,0.19932774846497492,-0.3945806286940948,-0.826358052875616,0.29037049282197414,0.0,0.0,0.0
28.28000000000162,0.0,0.0,-0.9392609018567915,0.0,0.0,0.0,0.0,0.0,0.0,-0.2953218676202909,-0.9724725433707699,0.19040999240568768,-0.38367512118692015,-0.8443018954769703,0.281732421913371,0.0,0.0,0.0
28.290000000001623,0.0,0.0,-0.9424225909840848,0.0,0.0,0.0,0.0,0.0,0.0,-0.28332242224712645,-0.9845098562140961,0.18146219667015262,-0.37266345152892244,-0.8615450781625082,0.27304552249003533,0.0,0.0,0.0
28.300000000001624,0.0,0.0,-0.9453471574803483,0.0,0.0,0.0,0.0,0.0,0.0,-0.27122533482040545,-0.9958717863029891,0.17248666783377753,-0.3615506714955158,-0.8780810916729859,0.2643130141855833,0.0,0.0,0.0
28.310000000001626,0.0,0.0,-0.9480344166046873,0.0,0.0,0.0,0.0,0.0,0.0,-0.25903466422265276,-1.0065519356119612,0.16348571434536563,-0.3503417238185194,-0.8939040712862835,0.2555380943333116,0.0,0.0,0.0
28.320000000001627,0.0,0.0,-0.9504841567061492,0.0,0.0,0.0,0.0,0.0,0.0,-0.24675450091119333,-1.0165443716083882,0.15446164593317802,-0.33904144430828626,-0.9090087602188315,0.24672392611592633,0.0,0.0,0.0
28.33000000000163,0.0,0.0,-0.9526961507762353,0.0,0.0,0.0,0.0,0.0,0.0,-0.23438896556503097,-1.0258436306811278,0.1454167730121323,-0.3276545659985143,-0.9233904798502773,0.2378736287943051,0.0,0.0,0.0
28.34000000000163,0.0,0.0,-0.9546692526896547,0.0,0.0,0.0,0.0,0.0,0.0,-0.22194220772161077,-1.0344447212498258,0.13635340609225932,-0.3161857248821712,-0.937045104902227,0.22899027003512235,0.0,0.0,0.0
28.350000000001632,0.0,0.0,-0.9564034065900006,0.0,0.0,0.0,0.0,0.0,0.0,-0.20941840440396553,-1.0423431265530896,0.12727385518865608,-0.3046394577729131,-0.9499677707352081,0.22007644690711325,0.0,0.0,0.0
28.360000000001634,0.0,0.0,-0.9578995161900782,0.0,0.0,0.0,0.0,0.0,0.0,-0.19682175873884467,-1.0495348071138908,0.11818042923294936,-0.2930203180603882,-0.9621538108531049,0.21113613677667198,0.0,0.0,0.0
28.370000000001635,0.0,0.0,-0.9591573873187954,0.0,0.0,0.0,0.0,0.0,0.0,-0.18415649856596916,-1.056016202880798,0.10907543548654419,-0.2813326777450299,-0.9736044318210032,0.20217277401180997,0.0,0.0,0.0
28.380000000001637,0.0,0.0,-0.9601768085246594,0.0,0.0,0.0,0.0,0.0,0.0,-0.1714268750391994,-1.0617842350438478,0.09996117895576595,-0.2695807250938875,-0.9843183776600822,0.1931874189127312,0.0,0.0,0.0
28.39000000000164,0.0,0.0,-0.9609575944035053,0.0,0.0,0.0,0.0,0.0,0.0,-0.1586371612198071,-1.0668363075241585,0.09083996180897391,-0.2577687597210598,-0.9942935062531548,0.18418311842475285,0.0,0.0,0.0
28.40000000000164,0.0,0.0,-0.961499592030325,0.0,0.0,0.0,0.0,0.0,0.0,-0.14579165066251298,-1.0711703081364323,0.08171408279593972,-0.24590101177819368,-1.0035283508201922,0.17516259779241133,0.0,0.0,0.0
28.41000000000164,0.0,0.0,-0.9618032086888362,0.0,0.0,0.0,0.0,0.0,0.0,-0.13289465599461747,-1.074784609423944,0.07258583666947249,-0.23398167370395265,-1.012021928642366,0.1661285546162358,0.0,0.0,0.0
28.420000000001643,0.0,0.0,-0.9618694241378507,0.0,0.0,0.0,0.0,0.0,0.0,-0.11995050748870673,-1.0776780691656587,0.06345751360960139,-0.22201541776679512,-1.0197706719759494,0.15708978960620296,0.0,0.0,0.0
28.430000000001645,0.0,0.0,-0.9616987208815839,0.0,0.0,0.0,0.0,0.0,0.0,-0.10696355162955151,-1.0798500305553995,0.05433139865028158,-0.21000567561904526,-1.026781668678723,0.1480419395651346,0.0,0.0,0.0
28.440000000001646,0.0,0.0,-0.9612910306979252,0.0,0.0,0.0,0.0,0.0,0.0,-0.09393814967539815,-1.0813003220532806,0.04520977110893187,-0.19795593308387754,-1.0330604731197062,0.1389815623720697,0.0,0.0,0.0
28.450000000001648,0.0,0.0,-0.960646324410071,0.0,0.0,0.0,0.0,0.0,0.0,-0.08087867621439848,-1.0820292569096956,0.036094904018814544,-0.18587090387794136,-1.038602722239406,0.12991750624281642,0.0,0.0,0.0
28.46000000000165,0.0,0.0,-0.9597693024392471,0.0,0.0,0.0,0.0,0.0,0.0,-0.06778951771646446,-1.0820376323624998,0.026989063564554217,-0.17375471277608645,-1.0434093911473192,0.12085151148907561,0.0,0.0,0.0
28.47000000000165,0.0,0.0,-0.9586575267203029,0.0,0.0,0.0,0.0,0.0,0.0,-0.05467507108106484,-1.0813267285081904,0.01789450852070873,-0.16161160713626369,-1.0474880179828048,0.11178821198096016,0.0,0.0,0.0
28.480000000001652,0.0,0.0,-0.9573049010526904,0.0,0.0,0.0,0.0,0.0,0.0,-0.04153974218154599,-1.07989830684813,0.008813489693739296,-0.14944518024385622,-1.0508465230571076,0.1027243510504396,0.0,0.0,0.0
28.490000000001654,0.0,0.0,-0.9557144982022152,0.0,0.0,0.0,0.0,0.0,0.0,-0.028387944406263133,-1.077754608511028,-0.0002517506325305785,-0.13725990129307952,-1.053463589706687,0.09366092464655144,0.0,0.0,0.0
28.500000000001656,0.0,0.0,-0.9538880639673909,0.0,0.0,0.0,0.0,0.0,0.0,-0.015224097197204634,-1.0748983521532063,-0.009298979247960748,-0.12506514107394961,-1.0553421459698644,0.08460998774034861,0.0,0.0,0.0
28.510000000001657,0.0,0.0,-0.9518259929191251,0.0,0.0,0.0,0.0,0.0,0.0,-0.0020526245863585757,-1.0713327315382841,-0.01832597256333246,-0.11286722904064306,-1.0564929027135839,0.07557157472793055,0.0,0.0,0.0
28.52000000000166,0.0,0.0,-0.9495295455377009,0.0,0.0,0.0,0.0,0.0,0.0,0.011122046269395502,-1.067061412798247,-0.027330517153766776,-0.10065847056132157,-1.0569247817570488,0.06654721323404639,0.0,0.0,0.0
28.53000000000166,0.0,0.0,-0.9469996685922548,0.0,0.0,0.0,0.0,0.0,0.0,0.02429548655472158,-1.0620885313779294,-0.03631041029809956,-0.08844398752760711,-1.0566460583021633,0.05753624932777021,0.0,0.0,0.0
28.540000000001662,0.0,0.0,-0.9442365092425289,0.0,0.0,0.0,0.0,0.0,0.0,0.03746326726289695,-1.0564186886653637,-0.04526346051420349,-0.0762290850626955,-1.0556622474944737,0.048540544609312286,0.0,0.0,0.0
28.550000000001663,0.0,0.0,-0.9412400858311627,0.0,0.0,0.0,0.0,0.0,0.0,0.0506209606630299,-1.0500569483103916,-0.05418748809001128,-0.06399808689585461,-1.0541167979090575,0.03937293774534372,0.0,0.0,0.0
28.560000000001665,0.0,0.0,-0.938011330405403,0.0,0.0,0.0,0.0,0.0,0.0,0.06376414176712308,-1.0430088322344595,-0.06308032561014731,-0.05180156302295925,-1.051695213035623,0.030455766371798663,0.0,0.0,0.0
28.570000000001667,0.0,0.0,-0.934556533529381,0.0,0.0,0.0,0.0,0.0,0.0,0.07688838979626444,-1.0352803163344264,-0.07193981847810216,-0.03961718768177145,-1.0486071750218222,0.021530254483234812,0.0,0.0,0.0
28.580000000001668,0.0,0.0,-0.9308785106494801,0.0,0.0,0.0,0.0,0.0,0.0,0.0899892896456509,-1.0268778258835658,-0.08076382543372729,-0.02745317801087793,-1.0448418281400886,0.012633335660498754,0.0,0.0,0.0
28.59000000000167,0.0,0.0,-0.9270087710365414,0.0,0.0,0.0,0.0,0.0,0.0,0.1030624333479151,-1.0178082306332383,-0.08955021906601335,-0.015312945397686245,-1.0404240165039635,-0.018380471936908067,0.0,0.0,0.0
28.60000000000167,0.0,0.0,-0.9229562406058441,0.0,0.0,0.0,0.0,0.0,0.0,0.1161034215341683,-1.0080788396186353,-0.09829688632094125,0.020709424720975443,-1.0335458452518815,-0.02210907293456328,0.0,0.0,0.0
28.610000000001673,0.0,0.0,-0.9186745424483537,0.0,0.0,0.0,0.0,0.0,0.0,0.12910786489249326,-0.9976973956725335,-0.10700172900441096,0.030088088645186688,-1.0288198177557144,-0.029686669874629278,0.0,0.0,0.0
28.620000000001674,0.0,0.0,-0.914147478299223,0.0,0.0,0.0,0.0,0.0,0.0,0.1420713856231539,-0.9866720696508766,-0.11566266427999095,0.039837323989490275,-1.022902357049477,-0.03710408096244233,0.0,0.0,0.0
28.630000000001676,0.0,0.0,-0.909384497871481,0.0,0.0,0.0,0.0,0.0,0.0,0.15498961889030216,-0.9750114543744424,-0.12427762516149965,0.050112061199044024,-1.0162018063879987,-0.04477048551771156,0.0,0.0,0.0
28.640000000001677,0.0,0.0,-0.9043925353375457,0.0,0.0,0.0,0.0,0.0,0.0,0.16785821426945757,-0.9627245582909216,-0.1328445610001494,0.060845671592592,-1.008755013324914,-0.05263293568666148,0.0,0.0,0.0
28.65000000000168,0.0,0.0,-0.8991769872333965,0.0,0.0,0.0,0.0,0.0,0.0,0.1806728371905193,-0.9498207988618814,-0.14136143796634992,0.07198078518666536,-1.0006131540421255,-0.06067914721716823,0.0,0.0,0.0
28.66000000000168,0.0,0.0,-0.8937419392071061,0.0,0.0,0.0,0.0,0.0,0.0,0.1934291703756672,-0.9363099956793706,-0.14982623952586427,0.08346470031898068,-0.9918118572795942,-0.06889013549135023,0.0,0.0,0.0
28.670000000001682,0.0,0.0,-0.8880903423848266,0.0,0.0,0.0,0.0,0.0,0.0,0.20612291527170679,-0.9222023633171004,-0.15823696691028255,0.09524965995412456,-0.9823797779683392,-0.07724825377733076,0.0,0.0,0.0
28.680000000001684,0.0,0.0,-0.8822299288248083,0.0,0.0,0.0,0.0,0.0,0.0,0.21874979347652057,-0.9075085039212594,-0.16659163958177237,0.10729216277552531,-0.9723396637769642,-0.08573623309975975,0.0,0.0,0.0
28.690000000001685,0.0,0.0,-0.8761607472514097,0.0,0.0,0.0,0.0,0.0,0.0,0.23130554815893567,-0.892239399546086,-0.17488829569187025,0.11955241788520286,-0.9617189673174958,-0.09433454791954707,0.0,0.0,0.0
28.700000000001687,0.0,0.0,-0.8698761868443473,0.0,0.0,0.0,0.0,0.0,0.0,0.2437859454717466,-0.8764064042398125,-0.1831249925343459,0.1319952549958829,-0.9505448207613003,-0.10303394053735943,0.0,0.0,0.0
28.71000000000169,0.0,0.0,-0.8633755063036691,0.0,0.0,0.0,0.0,0.0,0.0,0.2561867759573264,-0.8600212358864683,-0.19129980699187144,0.14458735199140185,-0.9388032182684751,-0.11182311190166987,0.0,0.0,0.0
28.72000000000169,0.0,0.0,-0.8566574183290331,0.0,0.0,0.0,0.0,0.0,0.0,0.2685038559453592,-0.8430959678091874,-0.1994108359765796,0.15729678013232193,-0.9264974306804897,-0.1206755411823026,0.0,0.0,0.0
28.73000000000169,0.0,0.0,-0.8497199320081986,0.0,0.0,0.0,0.0,0.0,0.0,0.28073302894230867,-0.825643020141106,-0.2074561968643407,0.17009602342754296,-0.9136389059431724,-0.12957831852032556,0.0,0.0,0.0
28.740000000001693,0.0,0.0,-0.8425604341624425,0.0,0.0,0.0,0.0,0.0,0.0,0.29287016701202884,-0.8076751509698328,-0.21543402792251243,0.18295969356196168,-0.9002363757419154,-0.13851758873144215,0.0,0.0,0.0
28.750000000001695,0.0,0.0,-0.8351771187770273,0.0,0.0,0.0,0.0,0.0,0.0,0.3049111721472826,-0.7892054472616117,-0.2233424887313622,0.19586454756957145,-0.886297418797599,-0.14748016222224844,0.0,0.0,0.0
28.760000000001696,0.0,0.0,-0.8275667726157778,0.0,0.0,0.0,0.0,0.0,0.0,0.31685197763146467,-0.7702473155716127,-0.23117976059880685,0.2087839723144695,-0.8718287944745566,-0.15645398100768837,0.0,0.0,0.0
28.770000000001698,0.0,0.0,-0.8197251694274326,0.0,0.0,0.0,0.0,0.0,0.0,0.3286885493902456,-0.7508144725468666,-0.23894404696855243,0.22169223143739375,-0.856835582942809,-0.16542528191430947,0.0,0.0,0.0
28.7800000000017,0.0,0.0,-0.8116501520471593,0.0,0.0,0.0,0.0,0.0,0.0,0.3404168873327327,-0.7309209352284567,-0.24663357382138407,0.23457995686408414,-0.8413209716339147,-0.1743732119085178,0.0,0.0,0.0
28.7900000000017,0.0,0.0,-0.8033380231433563,0.0,0.0,0.0,0.0,0.0,0.0,0.3520330266814655,-0.7105810111595856,-0.2542465900696884,0.24741853206687722,-0.825249936199904,-0.18320503794601686,0.0,0.0,0.0
28.800000000001702,0.0,0.0,-0.7947837696184928,0.0,0.0,0.0,0.0,0.0,0.0,0.36353303929111136,-0.6898092883066393,-0.26178136794507,0.2602248462689774,-0.8087564046460188,-0.19212097824660188,0.0,0.0,0.0
28.810000000001704,0.0,0.0,-0.7859834551102608,0.0,0.0,0.0,0.0,0.0,0.0,0.3749130349552099,-0.6686206248001216,-0.2692362033788549,0.27296318780029394,-0.7917603037603231,-0.20097587968548886,0.0,0.0,0.0
28.820000000001706,0.0,0.0,-0.7769336968761252,0.0,0.0,0.0,0.0,0.0,0.0,0.3861691627006396,-0.6470301385025694,-0.2766094163755328,0.2856231779363549,-0.7742800404277669,-0.20977798579167825,0.0,0.0,0.0
28.830000000001707,0.0,0.0,-0.767631590757756,0.0,0.0,0.0,0.0,0.0,0.0,0.39729761206936254,-0.6250531964107076,-0.28389935137913946,0.2981924364293424,-0.7563241856740647,-0.2185153492298807,0.0,0.0,0.0
28.84000000000171,0.0,0.0,-0.7580747495351718,0.0,0.0,0.0,0.0,0.0,0.0,0.40829461438696346,-0.6027054038992707,-0.29110437763226593,0.3106602001495405,-0.7379051706451107,-0.22718031926013654,0.0,0.0,0.0
28.85000000000171,0.0,0.0,-0.7482613164458538,0.0,0.0,0.0,0.0,0.0,0.0,0.4191564440177271,-0.5800025938138997,-0.2982228895277641,0.32301660958412276,-0.719036886153537,-0.23576555993984033,0.0,0.0,0.0
28.860000000001712,0.0,0.0,-0.7382094789551945,0.0,0.0,0.0,0.0,0.0,0.0,0.4298794196055742,-0.5569608154204904,-0.3052533069531116,0.3352527178349839,-0.6997348620229349,-0.24426463878309734,0.0,0.0,0.0
28.870000000001713,0.0,0.0,-0.7279103083124444,0.0,0.0,0.0,0.0,0.0,0.0,0.4404599053007803,-0.5335963232190073,-0.3121940756273087,0.34726774133757626,-0.6799974923061196,-0.2526454865642576,0.0,0.0,0.0
28.880000000001715,0.0,0.0,-0.7173387653221269,0.0,0.0,0.0,0.0,0.0,0.0,0.45089431197176255,-0.5099255656290458,-0.3190436674302277,0.3590202727219965,-0.6598557787248241,-0.2609278575136831,0.0,0.0,0.0
28.890000000001717,0.0,0.0,-0.706499774302486,0.0,0.0,0.0,0.0,0.0,0.0,0.4611790984017421,-0.4859651735553232,-0.32580058072431495,0.3707671853484203,-0.6393552128503576,-0.26912119663323697,0.0,0.0,0.0
28.900000000001718,0.0,0.0,-0.6953973584863717,0.0,0.0,0.0,0.0,0.0,0.0,0.4713107724698298,-0.46173194884081514,-0.33246334066875516,0.38244871585474244,-0.6185105624270588,-0.27722549572658073,0.0,0.0,0.0
28.91000000000172,0.0,0.0,-0.6840349092092147,0.0,0.0,0.0,0.0,0.0,0.0,0.481285892316065,-0.43724285261546303,-0.33903049952588216,0.3940172025753594,-0.5973322898258667,-0.2852298097526565,0.0,0.0,0.0
28.92000000000172,0.0,0.0,-0.6724154489270333,0.0,0.0,0.0,0.0,0.0,0.0,0.4911010674901861,-0.4125149935485153,-0.3455006369596616,0.40544112791730924,-0.5758362084767508,-0.29312664698490026,0.0,0.0,0.0
28.930000000001723,0.0,0.0,-0.660541798637376,0.0,0.0,0.0,0.0,0.0,0.0,0.5007529600835707,-0.38756561601265993,-0.3518723603266132,0.4166999421597882,-0.5540414840221525,-0.3009109238181454,0.0,0.0,0.0
28.940000000001724,0.0,0.0,-0.6484166808623708,0.0,0.0,0.0,0.0,0.0,0.0,0.5102382858441288,-0.36241208816803017,-0.3581443049586204,0.42778048747472913,-0.5319692750569529,-0.30857922504650237,0.0,0.0,0.0
28.950000000001726,0.0,0.0,-0.6360427041673095,0.0,0.0,0.0,0.0,0.0,0.0,0.5195538152737296,-0.3370718899741263,-0.36431513443792585,0.4386745925813277,-0.5096418369892132,-0.31612927066873453,0.0,0.0,0.0
28.960000000001727,0.0,0.0,-0.6234227509995928,0.0,0.0,0.0,0.0,0.0,0.0,0.5286963747076774,-0.3115626011381445,-0.37038354086403324,0.449338224786467,-0.48699710911566724,-0.32334775102546987,0.0,0.0,0.0
28.97000000000173,0.0,0.0,-0.6105596727395124,0.0,0.0,0.0,0.0,0.0,0.0,0.5376628473761407,-0.2859018890078424,-0.3763482451127005,0.45986337591962656,-0.4642622358251992,-0.3307375982755006,0.0,0.0,0.0
28.98000000000173,0.0,0.0,-0.5974561117850216,0.0,0.0,0.0,0.0,0.0,0.0,0.5464501744469112,-0.2601074964171759,-0.38220799708680797,0.47018378156577867,-0.4413201815701793,-0.337953894787434,0.0,0.0,0.0
28.990000000001732,0.0,0.0,-0.5841148907140203,0.0,0.0,0.0,0.0,0.0,0.0,0.5550553560493288,-0.2341972294931116,-0.38796157595899916,0.4803096683829368,-0.41821499753288394,-0.34505137431926014,0.0,0.0,0.0
29.000000000001734,0.0,0.0,-0.5705389108921382,0.0,0.0,0.0,0.0,0.0,0.0,0.56347545227899,-0.20818894543200805,-0.39360779040631133,0.4902398470165383,-0.39496599059139587,-0.35202110297792505,0.0,0.0,0.0
29.010000000001735,0.0,0.0,-0.5567311785188054,0.0,0.0,0.0,0.0,0.0,0.0,0.5717075841828261,-0.18210054025388844,-0.39914547883654117,0.49997548006597625,-0.3715962839911032,-0.3588649938025832,0.0,0.0,0.0
29.020000000001737,0.0,0.0,-0.54269480945759,0.0,0.0,0.0,0.0,0.0,0.0,0.5797489347243892,-0.15594993654281808,-0.40457350960634586,0.5095174787974974,-0.34812808674144213,-0.36558315135249575,0.0,0.0,0.0
29.03000000000174,0.0,0.0,-0.5284341789694277,0.0,0.0,0.0,0.0,0.0,0.0,0.5875967497288237,-0.12975507118204277,-0.40989078123109346,0.5188667817982816,-0.32458347027378015,-0.3721759927348784,0.0,0.0,0.0
29.04000000000174,0.0,0.0,-0.5139524298914775,0.0,0.0,0.0,0.0,0.0,0.0,0.5952483388074243,-0.10353388309209288,-0.4150962225864234,0.5280175913708397,-0.30098426270472334,-0.3786450407805972,0.0,0.0,0.0
29.05000000000174,0.0,0.0,-0.4992517551088567,0.0,0.0,0.0,0.0,0.0,0.0,0.6027010762612783,-0.07730430098020147,-0.42018879310151025,0.5369650632938903,-0.277350918921867,-0.3849877742689562,0.0,0.0,0.0
29.060000000001743,0.0,0.0,-0.48433578183313186,0.0,0.0,0.0,0.0,0.0,0.0,0.6099524019638451,-0.05108423110933957,-0.42516748294382767,0.5457266336310386,-0.2537053593487183,-0.3912028204002784,0.0,0.0,0.0
29.070000000001745,0.0,0.0,-0.46920826832068163,0.0,0.0,0.0,0.0,0.0,0.0,0.6169998222221058,-0.02489154509556135,-0.43003131319569654,0.5543024463789208,-0.2300699074260646,-0.397294103256844,0.0,0.0,0.0
29.080000000001746,0.0,0.0,-0.45387320872651715,0.0,0.0,0.0,0.0,0.0,0.0,0.6238409106159688,0.0012559322585841137,-0.43477933602235463,0.5626921013120342,-0.2064657217391972,-0.4032626392100529,0.0,0.0,0.0
29.090000000001748,0.0,0.0,-0.43833482303988286,0.0,0.0,0.0,0.0,0.0,0.0,0.6304733088157677,0.02734043508593542,-0.43941063483157716,0.5708943041778374,-0.18291374855523795,-0.409109401331701,0.0,0.0,0.0
29.10000000000175,0.0,0.0,-0.42258648294272966,0.0,0.0,0.0,0.0,0.0,0.0,0.6368947273774364,0.05334426852370289,-0.4439243244248794,0.5789060992770775,-0.15943399223914126,-0.4148325538012782,0.0,0.0,0.0
29.11000000000175,0.0,0.0,-0.40664068121012914,0.0,0.0,0.0,0.0,0.0,0.0,0.6431029465152045,0.0792498207213801,-0.44831955114027133,0.5867088779105494,-0.13598794704645722,-0.4203743373361759,0.0,0.0,0.0
29.120000000001752,0.0,0.0,-0.390517546001904,0.0,0.0,0.0,0.0,0.0,0.0,0.6490958168515473,0.10503957477959558,-0.45259549298654744,0.5943133018403236,-0.11260428507917765,-0.4257982758236954,0.0,0.0,0.0
29.130000000001754,0.0,0.0,-0.3742178623384837,0.0,0.0,0.0,0.0,0.0,0.0,0.6548712601440299,0.13069612061144387,-0.4567513597690336,0.6017372997855958,-0.08945408704194836,-0.43114711699801833,0.0,0.0,0.0
29.140000000001756,0.0,0.0,-0.35774319124057424,0.0,0.0,0.0,0.0,0.0,0.0,0.660427269988987,0.15620216671870102,-0.4607863932069072,0.6089684939600923,-0.06651911711331662,-0.43639162277082316,0.0,0.0,0.0
29.150000000001757,0.0,0.0,-0.3410961890585305,0.0,0.0,0.0,0.0,0.0,0.0,0.6657619125016176,0.18154055187449591,-0.46469986704199395,0.6159997244963267,-0.043791886849832276,-0.44152567248425434,0.0,0.0,0.0
29.16000000000176,0.0,0.0,-0.3242804023888026,0.0,0.0,0.0,0.0,0.0,0.0,0.6708733269724338,0.20669425670496366,-0.4684910871390886,0.622824111399562,-0.021272322999962047,-0.44654023689622685,0.0,0.0,0.0
29.17000000000176,0.0,0.0,-0.3073203820642557,0.0,0.0,0.0,0.0,0.0,0.0,0.6757597264996971,0.2316464151617037,-0.47215939157770714,0.6294362282537691,0.030618927254799207,-0.4514294546226912,0.0,0.0,0.0
29.180000000001762,0.0,0.0,-0.29021337439478534,0.0,0.0,0.0,0.0,0.0,0.0,0.6804193985977389,0.2563803258774273,-0.4757041507354074,0.6358296441186441,0.04983413100199249,-0.4561529999941568,0.0,0.0,0.0
29.190000000001763,0.0,0.0,-0.27294135357386895,0.0,0.0,0.0,0.0,0.0,0.0,0.6848507057809297,0.280879463397262,-0.4791247673625474,0.6420254946575625,0.06986945646053659,-0.4608004676826061,0.0,0.0,0.0
29.200000000001765,0.0,0.0,-0.2555129390028594,0.0,0.0,0.0,0.0,0.0,0.0,0.6890520861230529,0.3051274892778042,-0.4824206766486645,0.648010246326552,0.09088139433205099,-0.4654065348658337,0.0,0.0,0.0
29.210000000001767,0.0,0.0,-0.23793651180657321,0.0,0.0,0.0,0.0,0.0,0.0,0.6930220537919936,0.3291082630468427,-0.48559134628017975,0.653747106528925,0.11276853649852274,-0.469818594049899,0.0,0.0,0.0
29.220000000001768,0.0,0.0,-0.22022010173785245,0.0,0.0,0.0,0.0,0.0,0.0,0.6967591995594509,0.35280585301596146,-0.48863627648976227,0.6592455799050128,0.13539142825950862,-0.47407281664582857,0.0,0.0,0.0
29.23000000000177,0.0,0.0,-0.202371433892866,0.0,0.0,0.0,0.0,0.0,0.0,0.700262191285602,0.37620454693915173,-0.4915550000972575,0.6645065405653495,0.15862210898834622,-0.47817259059885947,0.0,0.0,0.0
29.24000000000177,0.0,0.0,-0.18440038785516508,0.0,0.0,0.0,0.0,0.0,0.0,0.7035297743784932,0.39928886250987095,-0.49434708254199755,0.6695310775746444,0.1823375814956163,-0.48212507106179164,0.0,0.0,0.0
29.250000000001773,0.0,0.0,-0.1663136110568285,0.0,0.0,0.0,0.0,0.0,0.0,0.7065607722280176,0.42204355768986845,-0.49701212190683286,0.674318897237164,0.20639895712821182,-0.48592855391732065,0.0,0.0,0.0
29.260000000001774,0.0,0.0,-0.1481156445607355,0.0,0.0,0.0,0.0,0.0,0.0,0.7093540866143546,0.44445364086256633,-0.49954974893364334,0.6788741350173877,0.2306721659410864,-0.4896020581284364,0.0,0.0,0.0
29.270000000001776,0.0,0.0,-0.12981355305503997,0.0,0.0,0.0,0.0,0.0,0.0,0.7119086980906806,0.4665043808042877,-0.5019596270305771,0.6831946317690376,0.25510935390221817,-0.4931566204391386,0.0,0.0,0.0
29.280000000001777,0.0,0.0,-0.11141435518036685,0.0,0.0,0.0,0.0,0.0,0.0,0.7142236663401071,0.4881813164667741,-0.5042414522707286,0.6872731754955694,0.2796226327539235,-0.4965701861371193,0.0,0.0,0.0
29.29000000000178,0.0,0.0,-0.0929250399477553,0.0,0.0,0.0,0.0,0.0,0.0,0.7162981305066145,0.5094702665642363,-0.5063949533825975,0.6911097358867252,0.3041258054661187,-0.4998482341839846,0.0,0.0,0.0
29.30000000000178,0.0,0.0,-0.07435259665936769,0.0,0.0,0.0,0.0,0.0,0.0,0.7181313094999644,0.5303573389586536,-0.5084198917322587,0.6947030071131838,0.3285416511506591,-0.5029910671209954,0.0,0.0,0.0
29.310000000001782,0.0,0.0,-0.05570403801143514,0.0,0.0,0.0,0.0,0.0,0.0,0.7197225022744451,0.5508289398370847,-0.5103160612970785,0.6980518275856411,0.35280055746198385,-0.505999353923185,0.0,0.0,0.0
29.320000000001784,0.0,0.0,-0.03698641700036372,0.0,0.0,0.0,0.0,0.0,0.0,0.7210710880813358,0.5708717826748377,-0.5120832886312883,0.7011550108997784,0.37684032031703907,-0.5088732956857905,0.0,0.0,0.0
29.330000000001785,0.0,0.0,-0.018206838263371352,0.0,0.0,0.0,0.0,0.0,0.0,0.7221765266950455,0.5904728969784823,-0.5137214328233126,0.7040114406460194,0.40060563308017005,-0.5116129000016375,0.0,0.0,0.0
29.340000000001787,0.0,0.0,0.0006275353721284438,0.0,0.0,0.0,0.0,0.0,0.0,0.7230383586128095,0.6096196368029463,-0.5152303854449021,0.7066200997698135,0.42404756223536866,-0.5142180364135843,0.0,0.0,0.0
29.35000000000179,0.0,0.0,0.01950950448486632,0.0,0.0,0.0,0.0,0.0,0.0,0.7236562052278956,0.6282996890371142,-0.516610070492058,0.7089800964991657,0.4471229878958743,-0.516688509754938,0.0,0.0,0.0
29.36000000000179,0.0,0.0,0.03843175740634863,0.0,0.0,0.0,0.0,0.0,0.0,0.7240297689762523,0.64650108145229,-0.517860444317827,0.711146007757913,0.46975399350195385,-0.519241700098323,0.0,0.0,0.0
29.37000000000179,0.0,0.0,0.0573868408058001,0.0,0.0,0.0,0.0,0.0,0.0,0.7241588334565323,0.6642121905082812,-0.5189814955571919,0.7129759009123631,0.4920116561953827,-0.5213267717542464,0.0,0.0,0.0
29.380000000001793,0.0,0.0,0.07636726537551196,0.0,0.0,0.0,0.0,0.0,0.0,0.7240432635234808,0.6814217489119878,-0.5199732450436785,0.714520219017174,0.5138308539038194,-0.5231153925189368,0.0,0.0,0.0
29.390000000001795,0.0,0.0,0.09536553215712855,0.0,0.0,0.0,0.0,0.0,0.0,0.7236830053546051,0.6981188529234623,-0.5208357457181259,0.7158907093700235,0.535108235001572,-0.5250375266358823,0.0,0.0,0.0
29.400000000001796,0.0,0.0,0.11437410079340533,0.0,0.0,0.0,0.0,0.0,0.0,0.7230780864901427,0.7142929694046205,-0.5215690825294987,0.7170038514105983,0.5558763925590269,-0.5267874478959781,0.0,0.0,0.0
29.410000000001798,0.0,0.0,0.13338539782529107,0.0,0.0,0.0,0.0,0.0,0.0,0.7222286158462841,0.7299339426059999,-0.5221733723278139,0.717872246512173,0.5761072934349296,-0.5284164247529345,0.0,0.0,0.0
29.4200000000018,0.0,0.0,0.15239182394612127,0.0,0.0,0.0,0.0,0.0,0.0,0.721134783701646,0.7450320006871911,-0.522648763749118,0.7184925388428977,0.5957862764723353,-0.5299137681540551,0.0,0.0,0.0
29.4300000000018,0.0,0.0,0.17138576145578635,0.0,0.0,0.0,0.0,0.0,0.0,0.7197968616569965,0.7595777619665518,-0.5229954370928258,0.7188646765217283,0.614898720147977,-0.5312801819741029,0.0,0.0,0.0
29.440000000001803,0.0,0.0,0.19035958199320346,0.0,0.0,0.0,0.0,0.0,0.0,0.7182152025682411,0.7735622408962255,-0.5232136041912778,0.7189883784145993,0.633432046934682,-0.5325146103592414,0.0,0.0,0.0
29.450000000001804,0.0,0.0,0.2093056542655715,0.0,0.0,0.0,0.0,0.0,0.0,0.7163902404526774,0.7869768537586088,-0.5233035082715365,0.7188637018487665,0.6513750889211974,-0.5336165559639509,0.0,0.0,0.0
29.460000000001806,0.0,0.0,0.22821687982926067,0.0,0.0,0.0,0.0,0.0,0.0,0.714322490368553,0.7998134240804637,-0.5232654238096868,0.7184908887247374,0.6687179557567452,-0.5345856354506625,0.0,0.0,0.0
29.470000000001807,0.0,0.0,0.247085593537845,0.0,0.0,0.0,0.0,0.0,0.0,0.7120125482679618,0.8120641877613497,-0.5230996563774801,0.71785791613806,0.6854713425780228,-0.5354086854550612,0.0,0.0,0.0
29.48000000000181,0.0,0.0,0.26590344969306473,0.0,0.0,0.0,0.0,0.0,0.0,0.7094610908231038,0.8237217979129225,-0.5228065424816144,0.7169730743730753,0.701629112960508,-0.5361307021989439,0.0,0.0,0.0
29.49000000000181,0.0,0.0,0.284662863983431,0.0,0.0,0.0,0.0,0.0,0.0,0.7066688752259855,0.834779329406153,-0.522386449395388,0.7158533419050492,0.7171382698594339,-0.5367136656408892,0.0,0.0,0.0
29.500000000001812,0.0,0.0,0.3033564108010632,0.0,0.0,0.0,0.0,0.0,0.0,0.7036367389615976,0.8452302831234644,-0.5218397749831856,0.7144992135214469,0.7319982650201685,-0.5371682552316758,0.0,0.0,0.0
29.510000000001813,0.0,0.0,0.3219766768057456,0.0,0.0,0.0,0.0,0.0,0.0,0.7003655995546572,0.8550685899131942,-0.5211669475175431,0.7129052907373873,0.7462117047211896,-0.5374908335694886,0.0,0.0,0.0
29.520000000001815,0.0,0.0,0.34051628232565234,0.0,0.0,0.0,0.0,0.0,0.0,0.6968564542899709,0.864288614243838,-0.5203684254890543,0.7110692811923992,0.7597789025150972,-0.5376813296756031,0.0,0.0,0.0
29.530000000001817,0.0,0.0,0.35896788859187717,0.0,0.0,0.0,0.0,0.0,0.0,0.6931103799065301,0.8728851575558363,-0.5194446974090609,0.708990148229279,0.7726990301048393,-0.537739634686494,0.0,0.0,0.0
29.540000000001818,0.0,0.0,0.3773242061303109,0.0,0.0,0.0,0.0,0.0,0.0,0.6891285322654124,0.8808534613088621,-0.5183962816053035,0.7066679112119618,0.7849704127597964,-0.5376661687591311,0.0,0.0,0.0
29.55000000000182,0.0,0.0,0.3955780020544389,0.0,0.0,0.0,0.0,0.0,0.0,0.6849121459915866,0.888189209722702,-0.5172237260105925,0.7041032847518923,0.7965908706812738,-0.5374616167273164,0.0,0.0,0.0
29.56000000000182,0.0,0.0,0.41372210673316645,0.0,0.0,0.0,0.0,0.0,0.0,0.6804625340897763,0.8948885322101703,-0.5159276079444255,0.7012974717599515,0.8075579818248312,-0.5371268671813885,0.0,0.0,0.0
29.570000000001823,0.0,0.0,0.4317494200022261,0.0,0.0,0.0,0.0,0.0,0.0,0.6757810875344341,0.900948005500549,-0.5145085338879032,0.6982520201237703,0.8178693152849252,-0.5366629410418458,0.0,0.0,0.0
29.580000000001824,0.0,0.0,0.44965214959465594,0.0,0.0,0.0,0.0,0.0,0.0,0.6708692748340197,0.9063646554524094,-0.5129671392517613,0.694968710232622,0.8275225744554268,-0.536070943850149,0.0,0.0,0.0
29.590000000001826,0.0,0.0,0.46742374521035157,0.0,0.0,0.0,0.0,0.0,0.0,0.6657286415696744,0.9111359585547748,-0.5113040881377681,0.6915178109045225,0.8364932417738394,-0.5355878438242845,0.0,0.0,0.0
29.600000000001828,0.0,0.0,0.48505853320979475,0.0,0.0,0.0,0.0,0.0,0.0,0.6603608099084504,0.915259843115845,-0.509520073093457,0.6877718202784767,0.8448218788280666,-0.5347359726578443,0.0,0.0,0.0
29.61000000000183,0.0,0.0,0.5025496111236528,0.0,0.0,0.0,0.0,0.0,0.0,0.6547674780912747,0.9187346901387548,-0.5076158148603807,0.6838025362143381,0.8524767785526349,-0.5338235614952598,0.0,0.0,0.0
29.62000000000183,0.0,0.0,0.5198901543742143,0.0,0.0,0.0,0.0,0.0,0.0,0.6489504198957392,0.9215593338839468,-0.5055920621158839,0.6795957744233461,0.859464331916994,-0.5327813590994683,0.0,0.0,0.0
29.630000000001832,0.0,0.0,0.5370734434487275,0.0,0.0,0.0,0.0,0.0,0.0,0.6429114840739945,0.9237330621180728,-0.5034495912085567,0.6751595891485196,0.865784014857406,-0.5316233896712074,0.0,0.0,0.0
29.640000000001834,0.0,0.0,0.5540928711715258,0.0,0.0,0.0,0.0,0.0,0.0,0.6366525937658034,0.9252556160494828,-0.5011892058873881,0.6704972680469782,0.8714366170333429,-0.5303486688958631,0.0,0.0,0.0
29.650000000001835,0.0,0.0,0.570941946902162,0.0,0.0,0.0,0.0,0.0,0.0,0.6301757458870458,0.926127189950591,-0.49881173702472315,0.6656122414686377,0.8764228593409376,-0.5289586767822648,0.0,0.0,0.0
29.660000000001837,0.0,0.0,0.5876142996207382,0.0,0.0,0.0,0.0,0.0,0.0,0.6234830104938007,0.9263484304676217,-0.49631804233320986,0.6605073522483774,0.8807436724663278,-0.5274542414102079,0.0,0.0,0.0
29.67000000000184,0.0,0.0,0.6041036796810471,0.0,0.0,0.0,0.0,0.0,0.0,0.6165765301222268,0.9259204356185122,-0.4937090060766558,0.6551851169210324,0.8844001864006488,-0.5258361178102944,0.0,0.0,0.0
29.68000000000184,0.0,0.0,0.6204039593907599,0.0,0.0,0.0,0.0,0.0,0.0,0.6094585191044861,0.924844753479798,-0.49098553877504814,0.6496477905129576,0.8873937610855764,-0.5241049052143978,0.0,0.0,0.0
29.69000000000184,0.0,0.0,0.6365091325057483,0.0,0.0,0.0,0.0,0.0,0.0,0.6021312628608562,0.923123380563748,-0.48814857690372326,0.6438974498639032,0.8897260045947882,-0.5222610834210539,0.0,0.0,0.0
29.700000000001843,0.0,0.0,0.6524133832319068,0.0,0.0,0.0,0.0,0.0,0.0,0.5945971171683393,0.9207587598870415,-0.48519908258686617,0.6379360587971525,0.8913987890793121,-0.5203050280869546,0.0,0.0,0.0
29.710000000001845,0.0,0.0,0.668110951315248,0.0,0.0,0.0,0.0,0.0,0.0,0.5868585074059416,0.9177537787325831,-0.482138043285365,0.6317847153297879,0.8924117933704298,-0.5183089242056577,0.0,0.0,0.0
29.720000000001846,0.0,0.0,0.6835961294882733,0.0,0.0,0.0,0.0,0.0,0.0,0.5789179277768564,0.9141117661062053,-0.47896647147911064,0.6253997030570975,0.892773249219773,-0.5161058697295545,0.0,0.0,0.0
29.730000000001848,0.0,0.0,0.6988613186559034,0.0,0.0,0.0,0.0,0.0,0.0,0.5707779405079041,0.9098364898903328,-0.4756854043440075,0.6188144927513269,0.8924825699611558,-0.5138094711264068,0.0,0.0,0.0
29.74000000000185,0.0,0.0,0.7139002554457523,0.0,0.0,0.0,0.0,0.0,0.0,0.5624411750263216,0.9049321536967321,-0.47229590342350636,0.6120321722020039,0.8915441909355835,-0.511397849355477,0.0,0.0,0.0
29.75000000000185,0.0,0.0,0.7287087485035848,0.0,0.0,0.0,0.0,0.0,0.0,0.5539103271143127,0.8994033934207313,-0.4687990542950409,0.6050649751547096,0.8899624140930671,-0.5088779508088844,0.0,0.0,0.0
29.760000000001853,0.0,0.0,0.7432811822483258,0.0,0.0,0.0,0.0,0.0,0.0,0.5451881580415261,0.8932552734996508,-0.46519596623128256,0.5979044472861003,0.8877422980896769,-0.5062521557666786,0.0,0.0,0.0
29.770000000001854,0.0,0.0,0.757611992148425,0.0,0.0,0.0,0.0,0.0,0.0,0.5362774936758266,0.8864932828780588,-0.4614877718564454,0.5905528131304904,0.8848894391884603,-0.5035161817680947,0.0,0.0,0.0
29.780000000001856,0.0,0.0,0.7716956943740909,0.0,0.0,0.0,0.0,0.0,0.0,0.5271812235725615,0.8791233306830682,-0.45767562679762297,0.5830140162692431,0.8814098076294292,-0.5006712005325248,0.0,0.0,0.0
29.790000000001857,0.0,0.0,0.7855268919130551,0.0,0.0,0.0,0.0,0.0,0.0,0.517902300042655,0.8711517416127138,-0.45376070933136514,0.5752918083138874,0.877309786381665,-0.49771756244574056,0.0,0.0,0.0
29.80000000000186,0.0,0.0,0.799100281712215,0.0,0.0,0.0,0.0,0.0,0.0,0.5084437371998827,0.8625852510409167,-0.4497442200255698,0.5673900172406819,0.8725961124913707,-0.49465585510069493,0.0,0.0,0.0
29.81000000000186,0.0,0.0,0.8124106637190626,0.0,0.0,0.0,0.0,0.0,0.0,0.49880860998747334,0.8534309998426233,-0.44562738137677027,0.5593124769355716,0.8672758326496569,-0.49148672002835575,0.0,0.0,0.0
29.820000000001862,0.0,0.0,0.8254529520221998,0.0,0.0,0.0,0.0,0.0,0.0,0.4890000531845784,0.8436965289427973,-0.4414114374429266,0.5510630086576174,0.8613562634998979,-0.4882108874329041,0.0,0.0,0.0
29.830000000001863,0.0,0.0,0.8382221882188999,0.0,0.0,0.0,0.0,0.0,0.0,0.479021260392714,0.8333897735934637,-0.437097653471909,0.5426453854129965,0.8548449584374581,-0.4848291676304483,0.0,0.0,0.0
29.840000000001865,0.0,0.0,0.8507135570315476,0.0,0.0,0.0,0.0,0.0,0.0,0.4688754830026194,0.82251905738266,-0.4326873155256833,0.5340632934354055,0.8477496818140208,-0.4813424459057564,0.0,0.0,0.0
29.850000000001867,0.0,0.0,0.8629224043289849,0.0,0.0,0.0,0.0,0.0,0.0,0.45856602914186606,0.8110930859799501,-0.42818173010032323,0.5253202907499245,0.840078391442642,-0.47775167289462994,0.0,0.0,0.0
29.860000000001868,0.0,0.0,0.8748442567132155,0.0,0.0,0.0,0.0,0.0,0.0,0.4480962626034706,0.7991209406228201,-0.4235822237420643,0.5164197658244053,0.8318392327906973,-0.4740578524973296,0.0,0.0,0.0
29.87000000000187,0.0,0.0,0.88647484140674,0.0,0.0,0.0,0.0,0.0,0.0,0.4374696017559887,0.7866120713486944,-0.4188901426593612,0.507364899302888,0.8230405425774903,-0.4702620280734397,0.0,0.0,0.0
29.88000000000187,0.0,0.0,0.8978101057485333,0.0,0.0,0.0,0.0,0.0,0.0,0.42668951843530856,0.7735762899774491,-0.41410685233118455,0.4981586320753264,0.8136908514746057,-0.4663652679822825,0.0,0.0,0.0
29.890000000001873,0.0,0.0,0.9088462352018869,0.0,0.0,0.0,0.0,0.0,0.0,0.41575953681854516,0.760023762849508,-0.40923373711157035,0.48880364261542597,0.8037988922891891,-0.46236865103607394,0.0,0.0,0.0
29.900000000001874,0.0,0.0,0.9195796686782404,0.0,0.0,0.0,0.0,0.0,0.0,0.4046832322805223,0.7459650033246917,-0.4042721998306506,0.4793023363583873,0.7933736136780367,-0.4582732531175702,0.0,0.0,0.0
29.910000000001876,0.0,0.0,0.9300071100438116,0.0,0.0,0.0,0.0,0.0,0.0,0.39346423023295163,0.7314108640470987,-0.3992236613921707,0.4696568491804741,0.7824241983469171,-0.4540801359750589,0.0,0.0,0.0
29.920000000001878,0.0,0.0,0.9401255348563362,0.0,0.0,0.0,0.0,0.0,0.0,0.3821062049469628,0.7163725289816991,-0.39408956036764237,0.4598690661238178,0.770960084640823,-0.449790339078659,0.0,0.0,0.0
29.93000000000188,0.0,0.0,0.9499321916663719,0.0,0.0,0.0,0.0,0.0,0.0,0.3706128783591427,0.7008615052282422,-0.3888713525873183,0.4499406554087169,0.7589909904012596,-0.44540487520021244,0.0,0.0,0.0
29.94000000000188,0.0,0.0,0.9594245975827047,0.0,0.0,0.0,0.0,0.0,0.0,0.3589880188616328,0.6848896146182601,-0.38357051072798215,0.4398731166021737,0.7465269379677186,-0.4409247300921733,0.0,0.0,0.0
29.950000000001882,0.0,0.0,0.9686005282054777,0.0,0.0,0.0,0.0,0.0,0.0,0.3472354400765649,0.6684689851011835,-0.3781885238977693,0.42966784068996117,0.7335782792301724,-0.4363508663138441,0.0,0.0,0.0
29.960000000001884,0.0,0.0,0.9774580024281415,0.0,0.0,0.0,0.0,0.0,0.0,0.33535899961526683,0.6516120419257256,-0.372726897218089,0.4193261788535362,0.7201557196966885,-0.43168423091935415,0.0,0.0,0.0
29.970000000001885,0.0,0.0,0.9859952629568327,0.0,0.0,0.0,0.0,0.0,0.0,0.3233625978227006,0.6343314986227889,-0.36718715140278274,0.4088495160869794,0.7062703406240549,-0.4269257664157846,0.0,0.0,0.0
29.980000000001887,0.0,0.0,0.9942107536578734,0.0,0.0,0.0,0.0,0.0,0.0,0.31125017650737696,0.6166403477961065,-0.36157082233462157,0.3982393454726978,0.6919336183704775,-0.4220764241543053,0.0,0.0,0.0
29.99000000000189,0.0,0.0,1.0021030949970156,0.0,0.0,0.0,0.0,0.0,0.0,0.2990257176574085,0.5985518517273954,-0.35587946063925885,0.3874973389936325,0.6771574402663568,-0.41713717915609794,0.0,0.0,0.0
30.00000000000189,0.0,0.0,1.0096710588715858,0.0,0.0,0.0,0.0,0.0,0.0,0.286693242142845,0.5800795328025369,-0.35011463125680387,0.376625411173127,0.6619541164606555,-0.41210904531231446,0.0,0.0,0.0
30.01000000000189,0.0,0.0,1.0169135440654844,0.0,0.0,0.0,0.0,0.0,0.0,0.5143115408058914,0.5986702398106302,-1.4380080180007384,0.3656257725379483,0.6463363873796768,-0.40699308993391003,0.0,0.0,0.0
30.020000000001893,0.0,0.0,1.0238295533977582,0.0,0.0,0.0,0.0,0.0,0.0,0.5007294104121234,0.5849457115839789,-1.4297500823884568,0.3545009708012739,0.6303174266248008,-0.40179044675198333,0.0,0.0,0.0
30.030000000001895,0.0,0.0,1.03042209040943,0.0,0.0,0.0,0.0,0.0,0.0,0.49135058953200406,0.5725635262188479,-1.4397720624675467,0.37749464897985424,0.6205443757419995,-0.5613739617926458,0.0,0.0,0.0
30.040000000001896,0.0,0.0,1.0366876122218258,0.0,0.0,0.0,0.0,0.0,0.0,0.48148527985161826,0.5597874361411412,-1.4485014471634234,0.3904252128984559,0.6080063464019584,-0.6799349567713295,0.0,0.0,0.0
30.050000000001898,0.0,0.0,1.0426218536969813,0.0,0.0,0.0,0.0,0.0,0.0,0.4711042829670391,0.5466403652802749,-1.4557207996616106,0.40060859996487913,0.5956189973078452,-0.7867591986821942,0.0,0.0,0.0
30.0600000000019,0.0,0.0,1.0482301978702004,0.0,0.0,0.0,0.0,0.0,0.0,0.4603368501136773,0.5331646092458833,-1.4617950613044703,0.40838059979687746,0.5833012403671743,-0.882040982075203,0.0,0.0,0.0
30.0700000000019,0.0,0.0,1.0535155681719939,0.0,0.0,0.0,0.0,0.0,0.0,0.44909504770315056,0.5193142868927738,-1.466192993984068,0.4138616497594246,0.570950971109936,-0.9656891980574195,0.0,0.0,0.0
30.080000000001903,0.0,0.0,1.0584785687982545,0.0,0.0,0.0,0.0,0.0,0.0,0.43742620026886847,0.5051061136966654,-1.4690114949742787,0.41743316492664095,0.5586011294288518,-1.0393752262137865,0.0,0.0,0.0
30.090000000001904,0.0,0.0,1.0631186732491753,0.0,0.0,0.0,0.0,0.0,0.0,0.42536019992875307,0.49055209507289876,-1.4703014804938577,0.41925215799376225,0.5461944049856423,-1.1038195863355589,0.0,0.0,0.0
30.100000000001906,0.0,0.0,1.0674347731155427,0.0,0.0,0.0,0.0,0.0,0.0,0.4129364802335851,0.4756709769926861,-1.470176779917627,0.4194821893369051,0.5336915747236682,-1.1598970805242972,0.0,0.0,0.0
30.110000000001907,0.0,0.0,1.0714255577272305,0.0,0.0,0.0,0.0,0.0,0.0,0.40019364384339706,0.4604831482089101,-1.4687608237602232,0.4182580231555649,0.5210535387048906,-1.208383225527898,0.0,0.0,0.0
30.12000000000191,0.0,0.0,1.0750896754348354,0.0,0.0,0.0,0.0,0.0,0.0,0.38716930980857844,0.4450104479427016,-1.4661819506336515,0.4157033295186587,0.5082488019451099,-1.2500168494922221,0.0,0.0,0.0
30.13000000000191,0.0,0.0,1.078425814672427,0.0,0.0,0.0,0.0,0.0,0.0,0.3738987463793566,0.42927538303604074,-1.4625646110244368,0.4119320591132721,0.49525283114815893,-1.2854858726289187,0.0,0.0,0.0
30.140000000001912,0.0,0.0,1.0813731954859385,0.0,0.0,0.0,0.0,0.0,0.0,0.36009949999947244,0.4132951165273264,-1.458050088003081,0.4070509995034634,0.4820481734836156,-1.3154299544433534,0.0,0.0,0.0
30.150000000001913,0.0,0.0,1.0839443922697247,0.0,0.0,0.0,0.0,0.0,0.0,0.345865814928334,0.3970919398774042,-1.4527218127574657,0.4012903585393611,0.4686303765664429,-1.3404700274412358,0.0,0.0,0.0
30.160000000001915,0.0,0.0,1.0862076440960187,0.0,0.0,0.0,0.0,0.0,0.0,0.3315943610134773,0.3806970525241242,-1.446655705106982,0.39477364736514764,0.45499367272580615,-1.3611335790704029,0.0,0.0,0.0
30.170000000001917,0.0,0.0,1.0881563707808304,0.0,0.0,0.0,0.0,0.0,0.0,0.31728622682554386,0.36413570023253294,-1.4399660247671142,0.38723212839751553,0.4411265431619075,-1.377906174338446,0.0,0.0,0.0
30.180000000001918,0.0,0.0,1.089786960371546,0.0,0.0,0.0,0.0,0.0,0.0,0.30294097208258153,0.347421398837509,-1.432729852974997,0.3788076098757667,0.42703084014017695,-1.3911930807254236,0.0,0.0,0.0
30.19000000000192,0.0,0.0,1.0910950995423052,0.0,0.0,0.0,0.0,0.0,0.0,0.2885630984622156,0.3305800789156996,-1.425019329342755,0.36962736409009184,0.4127202221086836,-1.4014103293675932,0.0,0.0,0.0
30.20000000000192,0.0,0.0,1.0920761650140223,0.0,0.0,0.0,0.0,0.0,0.0,0.27415779927061124,0.3136424497140229,-1.416898796166079,0.3597964465207317,0.39820606108051715,-1.408921007955676,0.0,0.0,0.0
30.210000000001923,0.0,0.0,1.0927286155876443,0.0,0.0,0.0,0.0,0.0,0.0,0.259731328898152,0.2966252919184291,-1.4084277364692468,0.34940540232337486,0.383493015106562,-1.4140497201132858,0.0,0.0,0.0
30.220000000001924,0.0,0.0,1.0930514104468174,0.0,0.0,0.0,0.0,0.0,0.0,0.2452902137724422,0.27954547416497144,-1.3996565843077435,0.3385320355189498,0.3686007324984404,-1.4170828389777537,0.0,0.0,0.0
30.230000000001926,0.0,0.0,1.0930439307006479,0.0,0.0,0.0,0.0,0.0,0.0,0.2308417241874059,0.26242035219845916,-1.390630230905355,0.32724414884916714,0.35354871626490797,-1.4182792552950934,0.0,0.0,0.0
30.240000000001928,0.0,0.0,1.0927059143118978,0.0,0.0,0.0,0.0,0.0,0.0,0.21639349418207798,0.24526751565612814,-1.3813880579895512,0.31560035278677173,0.33835583044821477,-1.4178677872372019,0.0,0.0,0.0
30.25000000000193,0.0,0.0,1.0920373935575853,0.0,0.0,0.0,0.0,0.0,0.0,0.2019532781825999,0.2281046603274326,-1.371964657546268,0.3036517514179499,0.32304062870946876,-1.4160513300175792,0.0,0.0,0.0
30.26000000000193,0.0,0.0,1.0910386417363283,0.0,0.0,0.0,0.0,0.0,0.0,0.18752870287112167,0.21094945576381718,-1.3623903274422036,0.291443177438634,0.3076214583907771,-1.4130093239564534,0.0,0.0,0.0
30.270000000001932,0.0,0.0,1.0897129604999336,0.0,0.0,0.0,0.0,0.0,0.0,0.1731272558993553,0.1938058118835646,-1.3526938144468739,0.27901424064231034,0.29211654364561,-1.408900341129783,0.0,0.0,0.0
30.280000000001934,0.0,0.0,1.088062886699652,0.0,0.0,0.0,0.0,0.0,0.0,0.15875545585462691,0.1766823054492852,-1.3428973671291717,0.26640008954215194,0.2765489647219059,-1.4038632149045196,0.0,0.0,0.0
30.290000000001935,0.0,0.0,1.086088967878278,0.0,0.0,0.0,0.0,0.0,0.0,0.1444193984889275,0.15959789085568943,-1.3330196466504556,0.2536326188332016,0.26094240899308574,-1.3980237873761974,0.0,0.0,0.0
30.300000000001937,0.0,0.0,1.0837937511459792,0.0,0.0,0.0,0.0,0.0,0.0,0.13012506294567028,0.142562754910194,-1.3230799387442596,0.2407402524617153,0.2453076795289469,-1.3914933427039629,0.0,0.0,0.0
30.31000000000194,0.0,0.0,1.0811801524714526,0.0,0.0,0.0,0.0,0.0,0.0,0.11587743381476323,0.1255855921996194,-1.3130933649369347,0.22774806470845999,0.22966254716274376,-1.3843652380972775,0.0,0.0,0.0
30.32000000000194,0.0,0.0,1.0782514058280448,0.0,0.0,0.0,0.0,0.0,0.0,0.10168097608726878,0.10867422680836536,-1.303073418274794,0.2146791254885891,0.2140245058046633,-1.3767250898956505,0.0,0.0,0.0
30.33000000000194,0.0,0.0,1.0750110187706619,0.0,0.0,0.0,0.0,0.0,0.0,0.08753956737912993,0.09183571036776406,-1.2930317143917238,0.2015541469667398,0.19841003621279577,-1.3686475400501288,0.0,0.0,0.0
30.340000000001943,0.0,0.0,1.07146271523273,0.0,0.0,0.0,0.0,0.0,0.0,0.07345656274194035,0.07507657929556943,-1.2829783202046379,0.1883918278371283,0.18283461829419329,-1.360198395722998,0.0,0.0,0.0
30.350000000001945,0.0,0.0,1.0676103650710433,0.0,0.0,0.0,0.0,0.0,0.0,0.059434842056577564,0.05840313456952417,-1.2729219189107104,0.17520900831805528,0.1673126210966125,-1.351435424677888,0.0,0.0,0.0
30.360000000001946,0.0,0.0,1.063457901795009,0.0,0.0,0.0,0.0,0.0,0.0,0.04547686996470768,0.04182176412680061,-1.2628699829509853,0.1620208362053285,0.15185724901249217,-1.3424093047846384,0.0,0.0,0.0
30.370000000001948,0.0,0.0,1.0590092317912527,0.0,0.0,0.0,0.0,0.0,0.0,0.03158475858076493,0.025339285180058013,-1.2528289204547556,0.14884090739943634,0.13648051120926724,-1.3331644045571573,0.0,0.0,0.0
30.38000000000195,0.0,0.0,1.0542681399908376,0.0,0.0,0.0,0.0,0.0,0.0,0.01776033260506127,0.008963288103830624,-1.2428042071822711,0.13568139498551476,0.12119322966034504,-1.3237394822746624,0.0,0.0,0.0
30.39000000000195,0.0,0.0,1.0492381981288132,0.0,0.0,0.0,0.0,0.0,0.0,0.004005194618255548,-0.007297541050188094,-1.2328005052590933,0.12255316820063106,0.10600508885236203,-1.3141682983727925,0.0,0.0,0.0
30.400000000001953,0.0,0.0,1.0439226823013912,0.0,0.0,0.0,0.0,0.0,0.0,-0.00967921111120007,-0.023433142313474598,-1.2228217718784034,0.10946590436524323,0.09092473040472021,-1.304480156415901,0.0,0.0,0.0
30.410000000001954,0.0,0.0,1.0383245063195523,0.0,0.0,0.0,0.0,0.0,0.0,-0.023291537975974608,-0.03943186882462735,-1.212871359969041,0.09642819563821962,0.07595989202960432,-1.2947003829787893,0.0,0.0,0.0
30.420000000001956,0.0,0.0,1.0324461763749377,0.0,0.0,0.0,0.0,0.0,0.0,-0.03683048101993425,-0.055280355732221675,-1.2029521121942057,0.08344765201616668,0.061117586587415645,-1.284850757228057,0.0,0.0,0.0
30.430000000001957,0.0,0.0,1.026289770874786,0.0,0.0,0.0,0.0,0.0,0.0,-0.05029472680735059,-0.07096348135416042,-1.193066448860304,0.07053100144052708,0.04640431307885009,-1.2749498997886732,0.0,0.0,0.0
30.44000000000196,0.0,0.0,1.0198569471671188,0.0,0.0,0.0,0.0,0.0,0.0,-0.06368291006828497,-0.08646442353266348,-1.18321644965487,0.05768418737586627,0.03182628796885246,-1.2650136291528942,0.0,0.0,0.0
30.45000000000196,0.0,0.0,1.013148974537226,0.0,0.0,0.0,0.0,0.0,0.0,-0.07699357762312209,-0.1017648063712806,-1.1734039286392215,0.04491246375724658,0.017389682701924414,-1.255055292143372,0.0,0.0,0.0
30.460000000001962,0.0,0.0,1.0062331321152724,0.0,0.0,0.0,0.0,0.0,0.0,-0.09022197980936308,-0.11710929734431996,-1.16368938291791,0.032220486816235294,-0.022933219050292743,-1.2450860729950988,0.0,0.0,0.0
30.470000000001964,0.0,0.0,0.9990941203581911,0.0,0.0,0.0,0.0,0.0,0.0,-0.10337723985033209,-0.13242545395822525,-1.153998606102486,0.019611456095028137,-0.034059167631121094,-1.2350860544259283,0.0,0.0,0.0
30.480000000001965,0.0,0.0,0.9916130272240123,0.0,0.0,0.0,0.0,0.0,0.0,-0.11671531093134191,-0.14737056773164303,-1.1443289563355967,-0.016843472833755476,-0.045592835645482714,-1.2251498924937982,0.0,0.0,0.0
30.490000000001967,0.0,0.0,0.9838050186873268,0.0,0.0,0.0,0.0,0.0,0.0,-0.1301790206793212,-0.161939456546504,-1.1347039050221315,-0.026368420398166087,-0.0576987566683724,-1.2152855746089808,0.0,0.0,0.0
30.500000000001968,0.0,0.0,0.9757223160849541,0.0,0.0,0.0,0.0,0.0,0.0,-0.14346488251972178,-0.17613239635891142,-1.125073859760187,-0.0362817631020893,-0.0702783332442285,-1.2054225484465806,0.0,0.0,0.0
30.51000000000197,0.0,0.0,0.9673677463543447,0.0,0.0,0.0,0.0,0.0,0.0,-0.15657330832480132,-0.18993391178062202,-1.1155008622632314,-0.04674606584542036,-0.0832331256800394,-1.1956223017307501,0.0,0.0,0.0
30.52000000000197,0.0,0.0,0.9587436580291593,0.0,0.0,0.0,0.0,0.0,0.0,-0.16951796127889263,-0.20334320703907638,-1.105974392391507,-0.05769142936402997,-0.09648599319351903,-1.1857863893176053,0.0,0.0,0.0
30.530000000001973,0.0,0.0,0.9498520939491056,0.0,0.0,0.0,0.0,0.0,0.0,-0.1823089033939902,-0.21635340453867746,-1.0964990509887889,-0.06904088848904746,-0.10994829496338923,-1.1759533975167007,0.0,0.0,0.0
30.540000000001974,0.0,0.0,0.9406949683087235,0.0,0.0,0.0,0.0,0.0,0.0,-0.19495548895775294,-0.22895654020893197,-1.0870758858523584,-0.08072774030625939,-0.12354302448348536,-1.1661296924527351,0.0,0.0,0.0
30.550000000001976,0.0,0.0,0.9312742058656415,0.0,0.0,0.0,0.0,0.0,0.0,-0.20746549441815332,-0.24114310921506954,-1.077706529132153,-0.09269156338843801,-0.13719887680328602,-1.1563259436968916,0.0,0.0,0.0
30.560000000001978,0.0,0.0,0.9215918549841701,0.0,0.0,0.0,0.0,0.0,0.0,-0.21984516867522919,-0.2529027341903074,-1.0683923572433849,-0.10487853722468243,-0.15085068710562288,-1.1465496233691144,0.0,0.0,0.0
30.57000000000198,0.0,0.0,0.9116501379200711,0.0,0.0,0.0,0.0,0.0,0.0,-0.23209933704933983,-0.2642243247004883,-1.0591355327632628,-0.11724079935003259,-0.16443859158433863,-1.1368070200845735,0.0,0.0,0.0
30.58000000000198,0.0,0.0,0.9014515085834267,0.0,0.0,0.0,0.0,0.0,0.0,-0.24423186415559117,-0.2750970121523313,-1.0499365382408379,-0.129736013874551,-0.17790778427419235,-1.1271019990903157,0.0,0.0,0.0
30.590000000001982,0.0,0.0,0.8909987545129564,0.0,0.0,0.0,0.0,0.0,0.0,-0.256244888869827,-0.2855099040477742,-1.0407960263883425,-0.14232638716430007,-0.19120742628858658,-1.1174402519970696,0.0,0.0,0.0
30.600000000001984,0.0,0.0,0.880295017349192,0.0,0.0,0.0,0.0,0.0,0.0,-0.26813869565592663,-0.29545194764494687,-1.0317160892746282,-0.15497883817099156,-0.20429090049107684,-1.107825927339603,0.0,0.0,0.0
30.610000000001985,0.0,0.0,0.8693437615878312,0.0,0.0,0.0,0.0,0.0,0.0,-0.27991252812841605,-0.3049127183900353,-1.0226978631003358,-0.16766476041335118,-0.21711585275506817,-1.0982601729940182,0.0,0.0,0.0
30.620000000001987,0.0,0.0,0.8581487631332195,0.0,0.0,0.0,0.0,0.0,0.0,-0.2915646133356635,-0.3138822465993951,-1.0137427172190525,-0.18035885972448581,-0.22964318186239985,-1.0887455231087606,0.0,0.0,0.0
30.63000000000199,0.0,0.0,0.846714095058203,0.0,0.0,0.0,0.0,0.0,0.0,-0.3030923557030494,-0.32235116262350605,-1.0048519989645155,-0.19303888443209866,-0.24183718369068102,-1.0792837813892222,0.0,0.0,0.0
30.64000000000199,0.0,0.0,0.8350441086345515,0.0,0.0,0.0,0.0,0.0,0.0,-0.31449247733389174,-0.33031073644888664,-0.9960270915599172,-0.2056851664381159,-0.2536652686921414,-1.0698766050881832,0.0,0.0,0.0
30.65000000000199,0.0,0.0,0.8231434114899142,0.0,0.0,0.0,0.0,0.0,0.0,-0.3257611585252844,-0.3377529154540686,-0.9872693947445979,-0.21828026150444724,-0.2650977983944794,-1.0605254738486036,0.0,0.0,0.0
30.660000000001993,0.0,0.0,0.8110168458430578,0.0,0.0,0.0,0.0,0.0,0.0,-0.3368941517229618,-0.34467034839382427,-0.9785802909060259,-0.2308086172673286,-0.27610790985791045,-1.051231781280935,0.0,0.0,0.0
30.670000000001995,0.0,0.0,0.7986694686335558,0.0,0.0,0.0,0.0,0.0,0.0,-0.34788684944313775,-0.351056385142138,-0.9699611458349404,-0.24325628765379875,-0.2866713473575327,-1.0419969198774577,0.0,0.0,0.0
30.680000000001996,0.0,0.0,0.7861065323726755,0.0,0.0,0.0,0.0,0.0,0.0,-0.35873432364785973,-0.3569050582518969,-0.9614133374665172,-0.25561070602294045,-0.2967663152253747,-1.032822287282301,0.0,0.0,0.0
30.690000000001998,0.0,0.0,0.7733334654301648,0.0,0.0,0.0,0.0,0.0,0.0,-0.36943136458844905,-0.36221106701739236,-0.9529382540271285,-0.2678605002809083,-0.3063733449602699,-1.0237092476815683,0.0,0.0,0.0
30.700000000002,0.0,0.0,0.760355851907988,0.0,0.0,0.0,0.0,0.0,0.0,-0.37997251947583965,-0.3669697580941773,-0.9445372942279409,-0.27999532237718977,-0.3154751541822095,-1.0146591479882883,0.0,0.0,0.0
30.710000000002,0.0,0.0,0.7471794081106644,0.0,0.0,0.0,0.0,0.0,0.0,-0.39034894316341817,-0.3711703955109873,-0.9362349955760054,-0.29200569397678106,-0.32405650882481635,-1.005673326957518,0.0,0.0,0.0
30.720000000002003,0.0,0.0,0.7338099822921921,0.0,0.0,0.0,0.0,0.0,0.0,-0.40056129603655166,-0.3748235893159726,-0.927983782920099,-0.3038863067811107,-0.33211155257269326,-0.9967201248357054,0.0,0.0,0.0
30.730000000002004,0.0,0.0,0.7202535161973224,0.0,0.0,0.0,0.0,0.0,0.0,-0.4105997879016261,-0.377917833230196,-0.9198161200451334,-0.31562100057400144,-0.33961108602950324,-0.9878807472552313,0.0,0.0,0.0
30.740000000002006,0.0,0.0,0.706516015117449,0.0,0.0,0.0,0.0,0.0,0.0,-0.42045920214326715,-0.3804526826684622,-0.9117269591137127,-0.3272075519848769,-0.34655746800195036,-0.9790993885089618,0.0,0.0,0.0
30.750000000002007,0.0,0.0,0.6926035518650308,0.0,0.0,0.0,0.0,0.0,0.0,-0.43013328376867643,-0.3824260150341465,-0.9037191163076475,-0.3386376151509976,-0.35293980105923645,-0.9703893834042544,0.0,0.0,0.0
30.76000000000201,0.0,0.0,0.67852224276862,0.0,0.0,0.0,0.0,0.0,0.0,-0.4396159818695653,-0.38383671027186494,-0.8957937497084214,-0.3499045521592204,-0.3587517467805033,-0.9617496364662963,0.0,0.0,0.0
30.77000000000201,0.0,0.0,0.6642782348711894,0.0,0.0,0.0,0.0,0.0,0.0,-0.4489012407892754,-0.38468406080836637,-0.8879523710431043,-0.36100168649049574,-0.36398759983600926,-0.9531821134009292,0.0,0.0,0.0
30.780000000002012,0.0,0.0,0.6498776917693051,0.0,0.0,0.0,0.0,0.0,0.0,-0.4579830896872086,-0.38496787874351046,-0.8801964177126633,-0.3719226002833275,-0.3686430041244147,-0.944688153563155,0.0,0.0,0.0
30.790000000002014,0.0,0.0,0.6353267812978945,0.0,0.0,0.0,0.0,0.0,0.0,-0.46685566826707436,-0.3846884560566548,-0.8725273398682154,-0.3826610199955135,-0.3727146850680815,-0.9362692497348866,0.0,0.0,0.0
30.800000000002015,0.0,0.0,0.6206316642505849,0.0,0.0,0.0,0.0,0.0,0.0,-0.4755132629353671,-0.38384655696665426,-0.8649465792368902,-0.39321080135464537,-0.3762004011023683,-0.9279268853512461,0.0,0.0,0.0
30.810000000002017,0.0,0.0,0.6057984842625306,0.0,0.0,0.0,0.0,0.0,0.0,-0.4839503378936809,-0.38244340437176083,-0.85745557088719,-0.4035659060249344,-0.3790988576160997,-0.9196625680900641,0.0,0.0,0.0
30.82000000000202,0.0,0.0,0.5908333587413995,0.0,0.0,0.0,0.0,0.0,0.0,-0.49216156426455204,-0.38048066852038653,-0.8500557396585218,-0.4137203908592141,-0.3814096376891248,-0.9114778210207373,0.0,0.0,0.0
30.83000000000202,0.0,0.0,0.5757423707897451,0.0,0.0,0.0,0.0,0.0,0.0,-0.5001418462582077,-0.3779604559043812,-0.8427484977144091,-0.42366840382786947,-0.38313313744260596,-0.9033741826404788,0.0,0.0,0.0
30.84000000000202,0.0,0.0,0.5605315620406759,0.0,0.0,0.0,0.0,0.0,0.0,-0.5078863443198451,-0.37488529866449927,-0.8355352419122868,-0.4334041866213756,-0.3842705083693499,-0.8953532042396964,0.0,0.0,0.0
30.850000000002023,0.0,0.0,0.5452069263277802,0.0,0.0,0.0,0.0,0.0,0.0,-0.5153904951059335,-0.3712581443350511,-0.8284173513228128,-0.4429220826550263,-0.3848236056461434,-0.8874164471229714,0.0,0.0,0.0
30.860000000002024,0.0,0.0,0.5297744041081531,0.0,0.0,0.0,0.0,0.0,0.0,-0.5226500282624392,-0.36708234588175426,-0.821396184879162,-0.45221654947056444,-0.3847949420915504,-0.8795654792539463,0.0,0.0,0.0
30.870000000002026,0.0,0.0,0.5142398775594527,0.0,0.0,0.0,0.0,0.0,0.0,-0.5296609800519277,-0.36236165198884285,-0.8144730792010024,-0.46128217449974546,-0.384187647257649,-0.871801871530059,0.0,0.0,0.0
30.880000000002028,0.0,0.0,0.49860916627584456,0.0,0.0,0.0,0.0,0.0,0.0,-0.5364197039494508,-0.3571001975773207,-0.8076493466137631,-0.47011369321438257,-0.38300543116772,-0.8641271937716484,0.0,0.0,0.0
30.89000000000203,0.0,0.0,0.4828880234935013,0.0,0.0,0.0,0.0,0.0,0.0,-0.5429228783862131,-0.35130249455318996,-0.8009262733788791,-0.4787060087539046,-0.38125255221233806,-0.8565430105416095,0.0,0.0,0.0
30.90000000000203,0.0,0.0,0.4670821327830135,0.0,0.0,0.0,0.0,0.0,0.0,-0.5491675118656364,-0.34497342279832877,-0.7943051181416134,-0.4870542122080689,-0.3789337887370875,-0.8490508769048403,0.0,0.0,0.0
30.910000000002032,0.0,0.0,0.4511971051533985,0.0,0.0,0.0,0.0,0.0,0.0,-0.5551509457075119,-0.33811822142601766,-0.7877871105968646,-0.4951536028316548,-0.37605441388408645,-0.8416523342320144,0.0,0.0,0.0
30.920000000002034,0.0,0.0,0.4352377503377299,0.0,0.0,0.0,0.0,0.0,0.0,-0.5608709575326355,-0.33073714147213007,-0.7813715610292411,-0.502999707575859,-0.37262017328577896,-0.8343489061422907,0.0,0.0,0.0
30.930000000002035,0.0,0.0,0.41920968943881615,0.0,0.0,0.0,0.0,0.0,0.0,-0.56632536728505,-0.32283585027514317,-0.775061733397449,-0.5105882571380603,-0.3686393112837309,-0.8271429526626938,0.0,0.0,0.0
30.940000000002037,0.0,0.0,0.4031191293150737,0.0,0.0,0.0,0.0,0.0,0.0,-0.5715124437378477,-0.31442663950712024,-0.7688604895919302,-0.5179154909113329,-0.36412006651773104,-0.8200335794952163,0.0,0.0,0.0
30.95000000000204,0.0,0.0,0.3869713737911265,0.0,0.0,0.0,0.0,0.0,0.0,-0.5764310443813359,-0.30551707845262177,-0.7627667907774422,-0.524977727869368,-0.3590635613203108,-0.8130211625329276,0.0,0.0,0.0
30.96000000000204,0.0,0.0,0.37077162479045195,0.0,0.0,0.0,0.0,0.0,0.0,-0.5810800359159083,-0.29611399319882814,-0.7567820678888355,-0.5317712800859209,-0.35347661963165,-0.8061108501913139,0.0,0.0,0.0
30.97000000000204,0.0,0.0,0.35452500275830884,0.0,0.0,0.0,0.0,0.0,0.0,-0.5854583685664643,-0.28622465216987747,-0.7509072456298416,-0.5382931527167505,-0.34736784395788584,-0.7993033135395853,0.0,0.0,0.0
30.980000000002043,0.0,0.0,0.3382365475053793,0.0,0.0,0.0,0.0,0.0,0.0,-0.5895649259663729,-0.27585656061575614,-0.7451433018087932,-0.5445407250671614,-0.3407459316274364,-0.792599990109974,0.0,0.0,0.0
30.990000000002045,0.0,0.0,0.32191121474461937,0.0,0.0,0.0,0.0,0.0,0.0,-0.5933985651115199,-0.2650174986250402,-0.7394911686882764,-0.5505118581711631,-0.33361995399662536,-0.7860021045084382,0.0,0.0,0.0
31.000000000002046,0.0,0.0,0.30555387301574427,0.0,0.0,0.0,0.0,0.0,0.0,-0.5969581527289392,-0.25371551532844094,-0.7339517534048756,-0.5562047822680959,-0.3259992895289012,-0.7795108503524842,0.0,0.0,0.0
31.010000000002048,0.0,0.0,0.2891693011130458,0.0,0.0,0.0,0.0,0.0,0.0,-0.6002426065704345,-0.2419589315482975,-0.7285259345461967,-0.5616180140857371,-0.3178936225228912,-0.7731273631513832,0.0,0.0,0.0
31.02000000000205,0.0,0.0,0.27276219378292144,0.0,0.0,0.0,0.0,0.0,0.0,-0.6032634333725647,-0.2298170387675187,-0.7230605473242706,-0.5667502868835576,-0.3093129323839598,-0.7668527333821734,0.0,0.0,0.0
31.03000000000205,0.0,0.0,0.25633710850752045,0.0,0.0,0.0,0.0,0.0,0.0,-0.6059924954150798,-0.21716074425024168,-0.7179080929074744,-0.5715853593780262,-0.3002008785330264,-0.760894600917265,0.0,0.0,0.0
31.040000000002053,0.0,0.0,0.2398985443791043,0.0,0.0,0.0,0.0,0.0,0.0,-0.6084457866689958,-0.20408968332188993,-0.7128345402321252,-0.5761602359168605,-0.2907373795153861,-0.754722012271076,0.0,0.0,0.0
31.050000000002054,0.0,0.0,0.22345094222322628,0.0,0.0,0.0,0.0,0.0,0.0,-0.610619848984767,-0.1905966346486938,-0.7078845097014697,-0.5804467375990758,-0.28080795368507844,-0.7487380874454842,0.0,0.0,0.0
31.060000000002056,0.0,0.0,0.20699862508363484,0.0,0.0,0.0,0.0,0.0,0.0,-0.6125152748216873,-0.17669488113028553,-0.7030500630895045,-0.5844489766997323,-0.270447212644287,-0.7428661190253647,0.0,0.0,0.0
31.070000000002057,0.0,0.0,0.1905458191649719,0.0,0.0,0.0,0.0,0.0,0.0,-0.614132157199588,-0.1623939766923077,-0.6983334414243694,-0.5881650620032159,-0.259662144982346,-0.7371198850689796,0.0,0.0,0.0
31.08000000000206,0.0,0.0,0.1740966516226158,0.0,0.0,0.0,0.0,0.0,0.0,-0.6154709694636095,-0.1477044542603112,-0.6937349207929222,-0.5915944528233844,-0.24846550161588613,-0.7314959310727995,0.0,0.0,0.0
31.09000000000206,0.0,0.0,0.1576551531940875,0.0,0.0,0.0,0.0,0.0,0.0,-0.6165324168784627,-0.1326369143459729,-0.6892551687411403,-0.5947365588707438,-0.23686932502102603,-0.7259943331775193,0.0,0.0,0.0
31.100000000002062,0.0,0.0,0.14122525978552686,0.0,0.0,0.0,0.0,0.0,0.0,-0.6173174738886344,-0.11720221448740009,-0.6848947884702214,-0.5975910041373443,-0.22488618178155115,-0.7206146490964045,0.0,0.0,0.0
31.110000000002064,0.0,0.0,0.12481081357366494,0.0,0.0,0.0,0.0,0.0,0.0,-0.6178273805298162,-0.10141145426989162,-0.6806543946811585,-0.6001575835916405,-0.2125289057252594,-0.715356677569968,0.0,0.0,0.0
31.120000000002065,0.0,0.0,0.10841556330744151,0.0,0.0,0.0,0.0,0.0,0.0,-0.6180636398688947,-0.08527599569019895,-0.6765345951213515,-0.6024362818680707,-0.19981062611850492,-0.710220310674103,0.0,0.0,0.0
31.130000000002067,0.0,0.0,0.09204316385732984,0.0,0.0,0.0,0.0,0.0,0.0,-0.6180280086199147,-0.06880747375495044,-0.672535991406483,-0.6044272836072979,-0.18674475275539928,-0.705205547975513,0.0,0.0,0.0
31.14000000000207,0.0,0.0,0.07569717506097942,0.0,0.0,0.0,0.0,0.0,0.0,-0.6177224831923287,-0.05201780623077923,-0.6686591762208092,-0.6061309869963247,-0.17334497677959373,-0.7003124794926286,0.0,0.0,0.0
31.15000000000207,0.0,0.0,0.059381059934497375,0.0,0.0,0.0,0.0,0.0,0.0,-0.6171492817563317,-0.03491920084371136,-0.6649047313012784,-0.6075480165048237,-0.15962527418983696,-0.6955412760704548,0.0,0.0,0.0
31.16000000000207,0.0,0.0,0.04309818233787846,0.0,0.0,0.0,0.0,0.0,0.0,-0.6163108232488702,-0.017524160265374178,-0.6612732253397571,-0.608679233994751,-0.14559991333355093,-0.6908921795269584,0.0,0.0,0.0
31.170000000002073,0.0,0.0,0.026851804199643947,0.0,0.0,0.0,0.0,0.0,0.0,-0.6152097041699787,0.0001545151830564251,-0.6577652119650483,-0.6095257471713924,-0.13128346515490194,-0.6863654938645437,0.0,0.0,0.0
31.180000000002075,0.0,0.0,0.010645082420021556,0.0,0.0,0.0,0.0,0.0,0.0,-0.6138486739895109,0.018103727101586475,-0.6543812277731254,-0.6100889147443725,-0.11669081563696869,-0.6819615771295496,0.0,0.0,0.0
31.190000000002076,0.0,0.0,-0.00551893441721063,0.0,0.0,0.0,0.0,0.0,0.0,-0.6122306099158312,0.03631008086813159,-0.6511217904688316,-0.6103703479198641,-0.10183717990276944,-0.6776808338506998,0.0,0.0,0.0
31.200000000002078,0.0,0.0,-0.021637309393122278,0.0,0.0,0.0,0.0,0.0,0.0,-0.6103584916890478,0.05475988977647628,-0.6479873973256072,-0.6103719080906284,-0.08673811758091982,-0.6735237078746783,0.0,0.0,0.0
31.21000000000208,0.0,0.0,-0.03770722053257668,0.0,0.0,0.0,0.0,0.0,0.0,-0.6082353770128595,0.0734391811357269,-0.6449785235082635,-0.6100957008011625,-0.0714095491545425,-0.669490675293985,0.0,0.0,0.0
31.22000000000208,0.0,0.0,-0.05372546270267016,0.0,0.0,0.0,0.0,0.0,0.0,-0.6058715149286029,0.09228002068938324,-0.6419666339361689,-0.6095440661731479,-0.05586777279177537,-0.6655822381040204,0.0,0.0,0.0
31.230000000002082,0.0,0.0,-0.06968941090945482,0.0,0.0,0.0,0.0,0.0,0.0,-0.6032533556029323,0.11139244467542841,-0.6392293398032844,-0.608709970940793,-0.04007817683333233,-0.661964817226354,0.0,0.0,0.0
31.240000000002084,0.0,0.0,-0.08559713795243781,0.0,0.0,0.0,0.0,0.0,0.0,-0.6003952544634852,0.13067849547235033,-0.6365941501397949,-0.6076204575183848,-0.02418541931711486,-0.6582323099113324,0.0,0.0,0.0
31.250000000002085,0.0,0.0,-0.10142060621766677,0.0,0.0,0.0,0.0,0.0,0.0,-0.5972980433069535,0.1502971448992252,-0.6340178211799594,-0.6062606002082026,0.014661060865641347,-0.654673563181414,0.0,0.0,0.0
31.260000000002087,0.0,0.0,-0.11715999296665298,0.0,0.0,0.0,0.0,0.0,0.0,-0.5939607375350515,0.17022282705187175,-0.6315914411932737,-0.6046368228695274,0.028272642612782804,-0.6512700712502802,0.0,0.0,0.0
31.27000000000209,0.0,0.0,-0.1328447961473919,0.0,0.0,0.0,0.0,0.0,0.0,-0.590389133940398,0.19023342504289475,-0.6293766100816947,-0.6027578398205865,0.042705840033033196,-0.6479376908408422,0.0,0.0,0.0
31.28000000000209,0.0,0.0,-0.14847141540582165,0.0,0.0,0.0,0.0,0.0,0.0,-0.586591193385371,0.21029044517615514,-0.6272686268975993,-0.6006225213393713,0.05806017517171923,-0.6446476127953528,0.0,0.0,0.0
31.29000000000209,0.0,0.0,-0.164035392369777,0.0,0.0,0.0,0.0,0.0,0.0,-0.5825664723336226,0.23041387156596116,-0.62528796395024,-0.5982269254649075,0.07429780229446604,-0.6415566740577475,0.0,0.0,0.0
31.300000000002093,0.0,0.0,-0.17953252602771214,0.0,0.0,0.0,0.0,0.0,0.0,-0.5783173772899995,0.25060777297518166,-0.6234340072783287,-0.5955795105311096,0.09132077573183409,-0.6386181953523778,0.0,0.0,0.0
31.310000000002095,0.0,0.0,-0.19495887677805665,0.0,0.0,0.0,0.0,0.0,0.0,-0.5738476520148,0.2708705940276719,-0.6217043670821638,-0.5926849397955757,0.10905151398981708,-0.6358249672126426,0.0,0.0,0.0
31.320000000002096,0.0,0.0,-0.2103107605234641,0.0,0.0,0.0,0.0,0.0,0.0,-0.569160645085109,0.2911988096603695,-0.6201001185047921,-0.5895463998247985,0.12742040118690598,-0.6331741913497291,0.0,0.0,0.0
31.330000000002098,0.0,0.0,-0.2255847465499629,0.0,0.0,0.0,0.0,0.0,0.0,-0.5642593899136655,0.3115857892762306,-0.6186217207511013,-0.5861675722759194,0.146361677407846,-0.6306594578537097,0.0,0.0,0.0
31.3400000000021,0.0,0.0,-0.240777657729615,0.0,0.0,0.0,0.0,0.0,0.0,-0.5591466368165054,0.3320226773349204,-0.6172696906854542,-0.5825523485574624,0.16581470010092686,-0.6282769602355242,0.0,0.0,0.0
31.3500000000021,0.0,0.0,-0.2558865668458226,0.0,0.0,0.0,0.0,0.0,0.0,-0.5538249176379766,0.3524987818966556,-0.6160444780838117,-0.5787047540388557,0.18572287145675775,-0.6260239860032368,0.0,0.0,0.0
31.360000000002103,0.0,0.0,-0.2709087903371008,0.0,0.0,0.0,0.0,0.0,0.0,-0.5482965894615159,0.3730019423784925,-0.6149464871711181,-0.5746288386703882,0.20603318500396178,-0.6238988107416266,0.0,0.0,0.0
31.370000000002104,0.0,0.0,-0.28584305215367517,0.0,0.0,0.0,0.0,0.0,0.0,-0.5425564921837374,0.39358504947935335,-0.6141230266123123,-0.5703286132890968,0.2266958115225899,-0.6219004216989225,0.0,0.0,0.0
31.380000000002106,0.0,0.0,-0.30068695407155693,0.0,0.0,0.0,0.0,0.0,0.0,-0.5366250564684534,0.414072249208592,-0.6132386869609399,-0.5658177948248206,0.24758981183563133,-0.6198420855522149,0.0,0.0,0.0
31.390000000002107,0.0,0.0,-0.3154369226639747,0.0,0.0,0.0,0.0,0.0,0.0,-0.5305022182984365,0.43447282312954405,-0.6123317308757379,-0.5610741020539792,0.26886481603003753,-0.6182050151110786,0.0,0.0,0.0
31.40000000000211,0.0,0.0,-0.33009089532075564,0.0,0.0,0.0,0.0,0.0,0.0,-0.5241719956473063,0.45492895321825566,-0.6117242579656166,-0.5561087294810462,0.2904292150451782,-0.6168621915465708,0.0,0.0,0.0
31.41000000000211,0.0,0.0,-0.34464716544330926,0.0,0.0,0.0,0.0,0.0,0.0,-0.5176459941241129,0.4753261342862105,-0.6112143428937862,-0.550949691060746,0.3120505546255575,-0.6153517057665777,0.0,0.0,0.0
31.420000000002112,0.0,0.0,-0.35910431935366327,0.0,0.0,0.0,0.0,0.0,0.0,-0.5109245336040039,0.4956642402423377,-0.6108363626873705,-0.5455839447164961,0.3338270568105041,-0.6140064769941944,0.0,0.0,0.0
31.430000000002114,0.0,0.0,-0.3734610509684244,0.0,0.0,0.0,0.0,0.0,0.0,-0.5040101808376254,0.5159233128663114,-0.61058412283941,-0.5400171640864035,0.3557011326803609,-0.6127724232623281,0.0,0.0,0.0
31.440000000002115,0.0,0.0,-0.38771619453620404,0.0,0.0,0.0,0.0,0.0,0.0,-0.49690518425232033,0.5360868606034357,-0.6104586980660252,-0.5342515292068204,0.3776441703285253,-0.6116613592785594,0.0,0.0,0.0
31.450000000002117,0.0,0.0,-0.4018686940823236,0.0,0.0,0.0,0.0,0.0,0.0,-0.48961191341349236,0.5561377310913609,-0.61045978814637,-0.5282898180987465,0.39962404571761573,-0.6106729604708505,0.0,0.0,0.0
31.46000000000212,0.0,0.0,-0.4159175895947182,0.0,0.0,0.0,0.0,0.0,0.0,-0.4821327718857547,0.5760589212761484,-0.6105872800220946,-0.5221347082731996,0.42161097086260424,-0.6098088650118674,0.0,0.0,0.0
31.47000000000212,0.0,0.0,-0.4298619996625942,0.0,0.0,0.0,0.0,0.0,0.0,-0.47447020255789846,0.595833488603764,-0.6108409717270562,-0.5157889158709397,0.4435763276374377,-0.6090701410083368,0.0,0.0,0.0
31.48000000000212,0.0,0.0,-0.44370110525109985,0.0,0.0,0.0,0.0,0.0,0.0,-0.46662667544388664,0.6154446158067799,-0.6112206274318814,-0.509255182737922,0.46549278740494926,-0.6084577498376998,0.0,0.0,0.0
31.490000000002123,0.0,0.0,-0.4574341331249485,0.0,0.0,0.0,0.0,0.0,0.0,-0.45860370638849585,0.6348744925571905,-0.6117234556393054,-0.5025362876091887,0.48733420061089017,-0.6079724716051764,0.0,0.0,0.0
31.500000000002125,0.0,0.0,-0.4710603455574329,0.0,0.0,0.0,0.0,0.0,0.0,-0.4504012818384214,0.6541080111090047,-0.6123514676786947,-0.49563534390019304,0.5090769946715887,-0.6076180595006657,0.0,0.0,0.0
31.510000000002126,0.0,0.0,-0.4845790341497815,0.0,0.0,0.0,0.0,0.0,0.0,-0.4420201959263827,0.6731300086191667,-0.613106343071322,-0.48855658400203356,0.5306951996757624,-0.6073910185500393,0.0,0.0,0.0
31.520000000002128,0.0,0.0,-0.49798950385669505,0.0,0.0,0.0,0.0,0.0,0.0,-0.4334625201724347,0.6919232531940853,-0.6139854031610441,-0.481303413011086,0.5521645496780533,-0.6072891693012509,0.0,0.0,0.0
31.53000000000213,0.0,0.0,-0.5112910527369612,0.0,0.0,0.0,0.0,0.0,0.0,-0.42473017684255565,0.7104720889304761,-0.6149886234506434,-0.47387784804337396,0.5734648945676853,-0.6073164823999538,0.0,0.0,0.0
31.54000000000213,0.0,0.0,-0.5244829593855864,0.0,0.0,0.0,0.0,0.0,0.0,-0.41582492570671215,0.7287609144792402,-0.6161155288905871,-0.4662821585447632,0.5945748430788563,-0.6074724333963938,0.0,0.0,0.0
31.550000000002132,0.0,0.0,-0.5375647517696146,0.0,0.0,0.0,0.0,0.0,0.0,-0.4067373574437431,0.7467744282895312,-0.6173651776985327,-0.4585187535643387,0.6154741408585025,-0.6077570850115763,0.0,0.0,0.0
31.560000000002134,0.0,0.0,-0.5505355402486026,0.0,0.0,0.0,0.0,0.0,0.0,-0.39747363018292053,0.7644978717206614,-0.6187379346986377,-0.450594535024991,0.6361432370727103,-0.608170495474999,0.0,0.0,0.0
31.570000000002135,0.0,0.0,-0.5633941334392764,0.0,0.0,0.0,0.0,0.0,0.0,-0.3880496024015561,0.7819163354221401,-0.6202337307625854,-0.4425122661018732,0.6565629644987403,-0.6087117214779744,0.0,0.0,0.0
31.580000000002137,0.0,0.0,-0.5761397032846186,0.0,0.0,0.0,0.0,0.0,0.0,-0.3784641211836053,0.7990149977371273,-0.62185126578859,-0.4342609018260104,0.6767155009355665,-0.6093803603942456,0.0,0.0,0.0
31.59000000000214,0.0,0.0,-0.5887716781462876,0.0,0.0,0.0,0.0,0.0,0.0,-0.36871596457907513,0.8157815029871629,-0.6235952809022485,-0.42584704307799726,0.6965838760932885,-0.6101772189446245,0.0,0.0,0.0
31.60000000000214,0.0,0.0,-0.6012896133723193,0.0,0.0,0.0,0.0,0.0,0.0,-0.3588049119623183,0.8321970651776316,-0.6254580592230035,-0.417276449403,0.7161481297870294,-0.6110953116896287,0.0,0.0,0.0
31.61000000000214,0.0,0.0,-0.6136924032991565,0.0,0.0,0.0,0.0,0.0,0.0,-0.34873077450560874,0.8482465310064531,-0.6274354800216471,-0.4085529673689643,0.7353985523443581,-0.6121453727068962,0.0,0.0,0.0
31.620000000002143,0.0,0.0,-0.6259784481192024,0.0,0.0,0.0,0.0,0.0,0.0,-0.33849302230648715,0.8639214285073571,-0.6295342067279197,-0.39968001733788205,0.7543207318886949,-0.6133301228365987,0.0,0.0,0.0
31.630000000002145,0.0,0.0,-0.6381462023105272,0.0,0.0,0.0,0.0,0.0,0.0,-0.3280918722551676,0.8792089984365474,-0.6317525968224247,-0.39066110651053054,0.7728920444782554,-0.6146372426426101,0.0,0.0,0.0
31.640000000002146,0.0,0.0,-0.6501941981997683,0.0,0.0,0.0,0.0,0.0,0.0,-0.31752791473125214,0.8940969774137093,-0.6340903616131972,-0.3814986047460813,0.7910982437556281,-0.6160681029134081,0.0,0.0,0.0
31.650000000002148,0.0,0.0,-0.6621209971003696,0.0,0.0,0.0,0.0,0.0,0.0,-0.30680216649398667,0.9085729242711862,-0.6365469296098578,-0.37219449898569956,0.8089250536612569,-0.6176219422468251,0.0,0.0,0.0
31.66000000000215,0.0,0.0,-0.6739251518587226,0.0,0.0,0.0,0.0,0.0,0.0,-0.2959160369702231,0.9226244763056322,-0.6391217507616282,-0.36275043967797815,0.8263592524916032,-0.619298475922794,0.0,0.0,0.0
31.67000000000215,0.0,0.0,-0.685604851638646,0.0,0.0,0.0,0.0,0.0,0.0,-0.28487815312516857,0.9361765275943399,-0.6416851363953515,-0.35316788964507545,0.8433881907366247,-0.6210973613245495,0.0,0.0,0.0
31.680000000002153,0.0,0.0,-0.6971582914044954,0.0,0.0,0.0,0.0,0.0,0.0,-0.2736773118827892,0.9493546140482985,-0.644514300673102,-0.34344114035401807,0.8600870587960955,-0.6231833481803273,0.0,0.0,0.0
31.690000000002154,0.0,0.0,-0.7085840500042313,0.0,0.0,0.0,0.0,0.0,0.0,-0.26232275214206535,0.96206136691755,-0.6474359125299478,-0.33358796929064616,0.876228650472101,-0.6251532853537833,0.0,0.0,0.0
31.700000000002156,0.0,0.0,-0.7198836789015589,0.0,0.0,0.0,0.0,0.0,0.0,-0.2507866323602357,0.9743898982575607,-0.6506755698306446,-0.3235994632601481,0.8919537865253788,-0.627289642505804,0.0,0.0,0.0
31.710000000002157,0.0,0.0,-0.7310559836379935,0.0,0.0,0.0,0.0,0.0,0.0,-0.23908335545287107,0.9861378470208573,-0.6538427517108449,-0.31349639596780104,0.9070945148727466,-0.6292919307809404,0.0,0.0,0.0
31.72000000000216,0.0,0.0,-0.7420964852664856,0.0,0.0,0.0,0.0,0.0,0.0,-0.22721784263013656,0.9974093852025514,-0.6571624348836314,-0.3032635082547787,0.9219475519985183,-0.6317324024227516,0.0,0.0,0.0
31.73000000000216,0.0,0.0,-0.7530032674879712,0.0,0.0,0.0,0.0,0.0,0.0,-0.21519188577979947,1.0081745162042162,-0.6605939700791457,-0.29290199090837643,0.9362963022810308,-0.6342394602148806,0.0,0.0,0.0
31.740000000002162,0.0,0.0,-0.7637743811745092,0.0,0.0,0.0,0.0,0.0,0.0,-0.203004765673992,1.0184264834172012,-0.664144068984833,-0.2824113836524052,0.9501657352234023,-0.6368783121749648,0.0,0.0,0.0
31.750000000002164,0.0,0.0,-0.774407727761567,0.0,0.0,0.0,0.0,0.0,0.0,-0.19065614722553653,1.0281547140290566,-0.6678106377286435,-0.2717943587969881,0.963539402230577,-0.6396363436401271,0.0,0.0,0.0
31.760000000002165,0.0,0.0,-0.7849015799137563,0.0,0.0,0.0,0.0,0.0,0.0,-0.17814537579971407,1.0373520314062192,-0.6716002139632926,-0.26105285293494496,0.976408707302719,-0.642515269830326,0.0,0.0,0.0
31.770000000002167,0.0,0.0,-0.7952546982928673,0.0,0.0,0.0,0.0,0.0,0.0,-0.16547263246725935,1.0460041130201403,-0.6755063663260581,-0.25018906789032935,0.9887597910978922,-0.6455053621683349,0.0,0.0,0.0
31.78000000000217,0.0,0.0,-0.8054654061094105,0.0,0.0,0.0,0.0,0.0,0.0,-0.1526382383035989,1.0540978398268188,-0.6795227492566362,-0.23920422005916636,1.0005903101957998,-0.6486164171385016,0.0,0.0,0.0
31.79000000000217,0.0,0.0,-0.8155314596450443,0.0,0.0,0.0,0.0,0.0,0.0,-0.13964206842628357,1.0616267905213315,-0.6836543142035763,-0.22809951366463643,1.0118955637493519,-0.6518551866539566,0.0,0.0,0.0
31.80000000000217,0.0,0.0,-0.825450513118692,0.0,0.0,0.0,0.0,0.0,0.0,-0.12648464028990153,1.0685816306298843,-0.687899175899298,-0.2168767931397767,1.0226609476628528,-0.6552114645353676,0.0,0.0,0.0
31.810000000002173,0.0,0.0,-0.8352201707051584,0.0,0.0,0.0,0.0,0.0,0.0,-0.11316694581399428,1.074953731617231,-0.6922565579428919,-0.20553737407470313,1.0328781735352914,-0.658686274679761,0.0,0.0,0.0
31.820000000002175,0.0,0.0,-0.8448379683865922,0.0,0.0,0.0,0.0,0.0,0.0,-0.09969066597773885,1.0807345376015132,-0.6967253959779944,-0.19408249807542552,1.0425384236772635,-0.6622787196837038,0.0,0.0,0.0
31.830000000002176,0.0,0.0,-0.8543007113114105,0.0,0.0,0.0,0.0,0.0,0.0,-0.0860606407800178,1.085893541761795,-0.7012525080344953,-0.18251327554055777,1.0516334955424351,-0.6659882739524158,0.0,0.0,0.0
31.840000000002178,0.0,0.0,-0.8636057868412621,0.0,0.0,0.0,0.0,0.0,0.0,-0.07227457317473263,1.0904732972188533,-0.7059485043395735,-0.1708281331740067,1.0601888028406454,-0.669881625090517,0.0,0.0,0.0
31.85000000000218,0.0,0.0,-0.8727511143135869,0.0,0.0,0.0,0.0,0.0,0.0,-0.05834122711824985,1.0944325329872298,-0.7107422910214658,-0.15903478611665287,1.0681127998805495,-0.6737936591333689,0.0,0.0,0.0
31.86000000000218,0.0,0.0,-0.8817337368574847,0.0,0.0,0.0,0.0,0.0,0.0,-0.04426572437862053,1.097769227499942,-0.7156449966605554,-0.1471292719654911,1.0754600937351362,-0.677840354691534,0.0,0.0,0.0
31.870000000002182,0.0,0.0,-0.8905504615548473,0.0,0.0,0.0,0.0,0.0,0.0,-0.03005526959205651,1.1004750604146865,-0.7206528590909742,-0.13511374758629796,1.0822127299452575,-0.6820000559116941,0.0,0.0,0.0
31.880000000002184,0.0,0.0,-0.8991978737982018,0.0,0.0,0.0,0.0,0.0,0.0,-0.01571816713652696,1.1025432853439119,-0.7257648480807759,-0.12298961894893079,1.0883655617601151,-0.6862757936701753,0.0,0.0,0.0
31.890000000002185,0.0,0.0,-0.9076723016227841,0.0,0.0,0.0,0.0,0.0,0.0,-0.0012639560038140152,1.103967290257307,-0.730979334399328,-0.11075888333033923,1.0939113938150202,-0.6906658998027727,0.0,0.0,0.0
31.900000000002187,0.0,0.0,-0.915969786077311,0.0,0.0,0.0,0.0,0.0,0.0,0.013296735693662187,1.1047409164454907,-0.7362947156006197,-0.09842402981962464,1.098843756225846,-0.6951695557082662,0.0,0.0,0.0
31.91000000000219,0.0,0.0,-0.9240860524568645,0.0,0.0,0.0,0.0,0.0,0.0,0.02795234052562423,1.1048584550039369,-0.7417092971517107,-0.08598821250864215,1.1031563651269285,-0.6997857305305537,0.0,0.0,0.0
31.92000000000219,0.0,0.0,-0.9320164846461685,0.0,0.0,0.0,0.0,0.0,0.0,0.04269054085812496,1.1043147146579284,-0.7472213313387757,-0.07345535755001316,1.1068432100772503,-0.7045133648482315,0.0,0.0,0.0
31.93000000000219,0.0,0.0,-0.9397561020674634,0.0,0.0,0.0,0.0,0.0,0.0,0.05749843940625199,1.1031050879524642,-0.7528290562774875,-0.06083025700314459,1.1098985225994722,-0.709351296667372,0.0,0.0,0.0
31.940000000002193,0.0,0.0,-0.9472995390054885,0.0,0.0,0.0,0.0,0.0,0.0,0.07236268143117786,1.1012255926551888,-0.7585306839381083,-0.048118617993190685,1.1123167649580747,-0.7142982063361334,0.0,0.0,0.0
31.950000000002195,0.0,0.0,-0.9546410279776059,0.0,0.0,0.0,0.0,0.0,0.0,0.08726956507780936,1.0986729037334495,-0.7643243671137361,-0.03532705544730924,1.1140926687266492,-0.7193526458964747,0.0,0.0,0.0
31.960000000002196,0.0,0.0,-0.9617743893710362,0.0,0.0,0.0,0.0,0.0,0.0,0.10220517252918138,1.0954444015678995,-0.7702082070788561,-0.02246305786041086,1.1152212878792511,-0.7245130898068729,0.0,0.0,0.0
31.970000000002198,0.0,0.0,-0.9687098259232919,0.0,0.0,0.0,0.0,0.0,0.0,0.11742627582620424,1.091537420299273,-0.7761605275896217,0.014402713352875289,1.1156980237980436,-0.7297779175909429,0.0,0.0,0.0
31.9800000000022,0.0,0.0,-0.9754386584922041,0.0,0.0,0.0,0.0,0.0,0.0,0.13286373665335416,1.086958607329315,-0.7822030136697451,0.024449950908337098,1.1155190583310095,-0.7351540895997172,0.0,0.0,0.0
31.9900000000022,0.0,0.0,-0.9819340758738864,0.0,0.0,0.0,0.0,0.0,0.0,0.14818463756595346,1.0817051564581943,-0.7883518377454597,0.035055050101678545,1.1146690720432997,-0.74061513986231,0.0,0.0,0.0
32.0000000000022,0.0,0.0,-0.9881888626838107,0.0,0.0,0.0,0.0,0.0,0.0,0.16339247866206175,1.0757679293110143,-0.794579004850331,0.04639425462436292,1.1131514363919286,-0.7461486155442174,0.0,0.0,0.0
32.0100000000022,0.0,0.0,-0.9941952776926283,0.0,0.0,0.0,0.0,0.0,0.0,0.17849274021218975,1.069151115493431,-0.8008868347583973,0.058384767337170865,1.1109792849509852,-0.7517944330139817,0.0,0.0,0.0
32.0200000000022,0.0,0.0,-0.9999453496467228,0.0,0.0,0.0,0.0,0.0,0.0,0.19348859372547167,1.0618575087336177,-0.8072722649163764,0.07094766903340198,1.1081436788714727,-0.7575405988732095,0.0,0.0,0.0
32.0300000000022,0.0,0.0,-1.0054309558043206,0.0,0.0,0.0,0.0,0.0,0.0,0.20838251944431896,1.053890233510983,-0.8137310788807595,0.08401137882826745,1.1046412070842582,-0.7633845955821408,0.0,0.0,0.0
32.040000000002195,0.0,0.0,-1.0106438479754185,0.0,0.0,0.0,0.0,0.0,0.0,0.2231768720045192,1.045254901700126,-0.8202640637081348,0.09751012664719644,1.100470260102409,-0.7693252046094466,0.0,0.0,0.0
32.05000000000219,0.0,0.0,-1.0155765927472595,0.0,0.0,0.0,0.0,0.0,0.0,0.2378711383153299,1.0359548606871027,-0.8268716635818559,0.11138263852310343,1.0956275653272807,-0.7753538959864712,0.0,0.0,0.0
32.06000000000219,0.0,0.0,-1.0202205360467034,0.0,0.0,0.0,0.0,0.0,0.0,0.25246192914810506,1.025994255412673,-0.8335482629390231,0.12557354987724495,1.0901135761940286,-0.7814649153464647,0.0,0.0,0.0
32.07000000000219,0.0,0.0,-1.0245659101581863,0.0,0.0,0.0,0.0,0.0,0.0,0.2669455291532312,1.0153816739973673,-0.8402917470417229,0.14003339494430508,1.083932363378396,-0.7876606983981779,0.0,0.0,0.0
32.08000000000219,0.0,0.0,-1.028603901295693,0.0,0.0,0.0,0.0,0.0,0.0,0.2813178866957471,1.004124212994165,-0.8471008867852279,0.15471607646440225,1.0770827835935501,-0.7939375610795909,0.0,0.0,0.0
32.090000000002185,0.0,0.0,-1.0323257383728095,0.0,0.0,0.0,0.0,0.0,0.0,0.29557467601880416,0.9922292257587246,-0.8539736681382657,0.16957888594121379,1.069567683338153,-0.8002911659935805,0.0,0.0,0.0
32.10000000000218,0.0,0.0,-1.0357227308566497,0.0,0.0,0.0,0.0,0.0,0.0,0.3097114996652164,0.9797046447882578,-0.8609082624317228,0.1845823664408274,1.0613913681668778,-0.8067187191599651,0.0,0.0,0.0
32.11000000000218,0.0,0.0,-1.038786321814841,0.0,0.0,0.0,0.0,0.0,0.0,0.32372396090279887,0.9665588739566124,-0.8679028469943134,0.1996900152734177,1.0525589059337248,-0.813217273198064,0.0,0.0,0.0
32.12000000000218,0.0,0.0,-1.0415081380050832,0.0,0.0,0.0,0.0,0.0,0.0,0.33760773839405056,0.9528007510637162,-0.8749556378039858,0.21486814093345522,1.0430762193346206,-0.819784038455863,0.0,0.0,0.0
32.13000000000218,0.0,0.0,-1.0438800358946232,0.0,0.0,0.0,0.0,0.0,0.0,0.35135864123531435,0.9384394993527119,-0.8820648798519821,0.23008571017301102,1.0329500398516454,-0.8264163239839482,0.0,0.0,0.0
32.140000000002175,0.0,0.0,-1.045894143305467,0.0,0.0,0.0,0.0,0.0,0.0,0.36497265098215637,0.9234846844450524,-0.8892288456675825,0.24531421019187996,1.0221878799749695,-0.8331115505919613,0.0,0.0,0.0
32.15000000000217,0.0,0.0,-1.0475428965071618,0.0,0.0,0.0,0.0,0.0,0.0,0.3784459515838874,0.9079461737986949,-0.8964458321648225,0.2605275167934295,1.0107979949101866,-0.8398672481783604,0.0,0.0,0.0
32.16000000000217,0.0,0.0,-1.0488190727284614,0.0,0.0,0.0,0.0,0.0,0.0,0.39177494923186007,0.8918340993316791,-0.9037141578461182,0.27570176741616603,0.9987893410953144,-0.8466810547030064,0.0,0.0,0.0
32.17000000000217,0.0,0.0,-1.049715818170066,0.0,0.0,0.0,0.0,0.0,0.0,0.40495628378329873,0.8751588229974343,-0.9110321600270627,0.29081523723444425,0.9861715317888043,-0.8535507134475923,0.0,0.0,0.0
32.18000000000217,0.0,0.0,-1.0502266716842938,0.0,0.0,0.0,0.0,0.0,0.0,0.4179868333142367,0.8579309051224873,-0.9183981921974702,0.30584821741063273,0.9729547912040232,-0.8604740693697508,0.0,0.0,0.0
32.190000000002165,0.0,0.0,-1.050345584344658,0.0,0.0,0.0,0.0,0.0,0.0,0.43086371316922345,0.840161075201638,-0.9258106215268989,0.3207828949963526,0.9591499082500824,-0.8674490645632404,0.0,0.0,0.0
32.20000000000216,0.0,0.0,-1.0500669351606349,0.0,0.0,0.0,0.0,0.0,0.0,0.44358427068778905,0.8218602047907813,-0.9332678265298804,0.3356032343602475,0.9447681908174357,-0.8744737330109262,0.0,0.0,0.0
32.21000000000216,0.0,0.0,-1.0493855432012344,0.0,0.0,0.0,0.0,0.0,0.0,0.4561460765954515,0.8030392821143963,-0.9407681948901577,0.3502948602909604,0.9298214213573404,-0.8815461947845205,0.0,0.0,0.0
32.22000000000216,0.0,0.0,-1.0482966763620118,0.0,0.0,0.0,0.0,0.0,0.0,0.46854691385828007,0.7837093880842694,-0.9483101214212124,0.3648449431155445,0.914321814321431,-0.8886646498433891,0.0,0.0,0.0
32.23000000000216,0.0,0.0,-1.046796045557117,0.0,0.0,0.0,0.0,0.0,0.0,0.4807847641278834,0.7638817152056094,-0.955891997416806,0.37924208629368533,0.8982819758126297,-0.8958273715727575,0.0,0.0,0.0
32.240000000002155,0.0,0.0,-1.04487974509556,0.0,0.0,0.0,0.0,0.0,0.0,0.492857791555946,0.7435677936433054,-0.9635121701394415,0.39347621720111736,0.8817148463471117,-0.9030327042536657,0.0,0.0,0.0
32.25000000000215,0.0,0.0,-1.0425442087441494,0.0,0.0,0.0,0.0,0.0,0.0,0.5047643305691223,0.7227797185772835,-0.9711689557730985,0.40753848124445935,0.8646335412807999,-0.9102790676869946,0.0,0.0,0.0
32.26000000000215,0.0,0.0,-1.0397862281476389,0.0,0.0,0.0,0.0,0.0,0.0,0.5165028733436328,0.7015301699038599,-0.9788606822743245,0.4214211350230395,0.847051178953326,-0.9175649044183768,0.0,0.0,0.0
32.27000000000215,0.0,0.0,-1.036602979932247,0.0,0.0,0.0,0.0,0.0,0.0,0.5280720515869527,0.679832384654975,-0.9865856906160797,0.4351174453644516,0.8289809592364175,-0.9248886216700021,0.0,0.0,0.0
32.28000000000215,0.0,0.0,-1.0329920524453824,0.0,0.0,0.0,0.0,0.0,0.0,0.5394706177102858,0.6577001212821947,-0.9943423380661748,0.44862160018604935,0.8104362762568059,-0.9322486125170342,0.0,0.0,0.0
32.290000000002145,0.0,0.0,-1.0289514710804333,0.0,0.0,0.0,0.0,0.0,0.0,0.5506974249806534,0.6351476163672256,-1.0021290000701202,0.4619286237805013,0.7914308097823903,-0.9396432713818271,0.0,0.0,0.0
32.30000000000214,0.0,0.0,-1.0244797211957672,0.0,0.0,0.0,0.0,0.0,0.0,0.5617514066102054,0.612189535387502,-1.009944071413813,0.47503429712062506,0.7719785977363993,-0.9470710094514141,0.0,0.0,0.0
32.31000000000214,0.0,0.0,-1.01957576771504,0.0,0.0,0.0,0.0,0.0,0.0,0.5726315536495883,0.5888409193450125,-1.0177859665160698,0.48793508307068745,0.7520940907723161,-0.9545302683386018,0.0,0.0,0.0
32.32000000000214,0.0,0.0,-1.0142390706482447,0.0,0.0,0.0,0.0,0.0,0.0,0.5833368915918173,0.5651171292997081,-1.0256531189318947,0.5006280564103575,0.7317921900247332,-0.9620195318953305,0.0,0.0,0.0
32.33000000000214,0.0,0.0,-1.0084695387819005,0.0,0.0,0.0,0.0,0.0,0.0,0.5938659072591701,0.5410339257251786,-1.0335451422406037,0.5131108384455312,0.7110882691520157,-0.969537335812916,0.0,0.0,0.0
32.340000000002135,0.0,0.0,-1.0022675638825327,0.0,0.0,0.0,0.0,0.0,0.0,0.6042164009097666,0.51660686371273,-1.0414586230274276,0.5253816676824723,0.6899979920402496,-0.9770806935618148,0.0,0.0,0.0
32.35000000000213,0.0,0.0,-0.995634157748204,0.0,0.0,0.0,0.0,0.0,0.0,0.6143875104632772,0.49185191081587676,-1.0493914782130207,0.5374399276674986,0.6685381104889401,-0.9846514816517462,0.0,0.0,0.0
32.36000000000213,0.0,0.0,-0.9885709092495851,0.0,0.0,0.0,0.0,0.0,0.0,0.6243793543309946,0.46678543940524286,-1.057343997524781,0.5492842389546458,0.6467254020885022,-0.9922487761215908,0.0,0.0,0.0
32.37000000000213,0.0,0.0,-0.9810798781871328,0.0,0.0,0.0,0.0,0.0,0.0,0.634191386900438,0.4414236075017779,-1.06531425576287,0.5609125747141588,0.624576697040238,-0.9998681580579244,0.0,0.0,0.0
32.38000000000213,0.0,0.0,-0.9731653561495142,0.0,0.0,0.0,0.0,0.0,0.0,0.6438437308485249,0.4157827070118214,-1.0732986052071054,0.5723240320058262,0.602109712489289,-1.0075093457791955,0.0,0.0,0.0
32.390000000002125,0.0,0.0,-0.9648299777341174,0.0,0.0,0.0,0.0,0.0,0.0,0.6533318986454999,0.38987916464608274,-1.0812981966282165,0.5835093845803585,0.5793424288344642,-1.0151722991875758,0.0,0.0,0.0
32.40000000000212,0.0,0.0,-0.9560751050933459,0.0,0.0,0.0,0.0,0.0,0.0,0.6626298312586794,0.3637290633525767,-1.0893133454447923,0.5944654990204346,0.5562929352852787,-1.0228531032374701,0.0,0.0,0.0
32.41000000000212,0.0,0.0,-0.946904645398557,0.0,0.0,0.0,0.0,0.0,0.0,0.6717358700187402,0.3373484472955295,-1.0973397837249814,0.6052181509952458,0.5329801192811838,-1.030549865085369,0.0,0.0,0.0
32.42000000000212,0.0,0.0,-0.9373229279590767,0.0,0.0,0.0,0.0,0.0,0.0,0.6806485573001714,0.3107536405212122,-1.1053765271688478,0.6157647855527284,0.5094231295556592,-1.0382665518144323,0.0,0.0,0.0
32.43000000000212,0.0,0.0,-0.9273346784572679,0.0,0.0,0.0,0.0,0.0,0.0,0.6893661290810956,0.2839608736426124,-1.1134219196693527,0.6261027978498428,0.4856408817436621,-1.0460010732692329,0.0,0.0,0.0
32.440000000002115,0.0,0.0,-0.916945001505178,0.0,0.0,0.0,0.0,0.0,0.0,0.6978866447071219,0.2569863444312505,-1.1214744460955068,0.6362301903448208,0.4616525967848415,-1.0537526185902455,0.0,0.0,0.0
32.45000000000211,0.0,0.0,-0.9061593623526335,0.0,0.0,0.0,0.0,0.0,0.0,0.7062080096185637,0.2298462051532348,-1.1295325597010923,0.6461452923344232,0.4374776680068708,-1.0615201309217832,0.0,0.0,0.0
32.46000000000211,0.0,0.0,-0.8949835012465089,0.0,0.0,0.0,0.0,0.0,0.0,0.7143272224046316,0.2025565885752926,-1.137595763730357,0.655846674869863,0.413135654471326,-1.0693026158911123,0.0,0.0,0.0
32.47000000000211,0.0,0.0,-0.8834234007376313,0.0,0.0,0.0,0.0,0.0,0.0,0.7222398453663947,0.1751335042066569,-1.145661655788885,0.665333315836502,0.3886462224641935,-1.0770976358708344,0.0,0.0,0.0
32.48000000000211,0.0,0.0,-0.8714853692021782,0.0,0.0,0.0,0.0,0.0,0.0,0.7299415664163289,0.14759296802164829,-1.1537280208558423,0.6746052635400165,0.3640292758911055,-1.084906013093607,0.0,0.0,0.0
32.490000000002105,0.0,0.0,-0.8591760203937463,0.0,0.0,0.0,0.0,0.0,0.0,0.7374283221820764,0.11995135353101138,-1.161794006448932,0.6836620751630421,0.3393047804397945,-1.0927277682037926,0.0,0.0,0.0
32.5000000000021,0.0,0.0,-0.8465022107851017,0.0,0.0,0.0,0.0,0.0,0.0,0.7446952700232515,0.0922253240803419,-1.1698581266115549,0.6925024463142738,0.3144926406553067,-1.1005606073809546,0.0,0.0,0.0
32.5100000000021,0.0,0.0,-0.8334710136715837,0.0,0.0,0.0,0.0,0.0,0.0,0.7517366554329632,0.06443113109856928,-1.1779189283203468,0.7011253127266748,0.2896127386765454,-1.108403539048808,0.0,0.0,0.0
32.5200000000021,0.0,0.0,-0.8200896820960578,0.0,0.0,0.0,0.0,0.0,0.0,0.758545672427754,0.036584590502083125,-1.1859747567796186,0.7095297431026061,0.2646853830648274,-1.1162555659015634,0.0,0.0,0.0
32.5300000000021,0.0,0.0,-0.8063656287342228,0.0,0.0,0.0,0.0,0.0,0.0,0.7651144058248445,0.00870148017927938,-1.1940241228993629,0.7177148753196121,0.23973134982993938,-1.1241160255122586,0.0,0.0,0.0
32.540000000002095,0.0,0.0,-0.7923064163203507,0.0,0.0,0.0,0.0,0.0,0.0,0.7714337544370832,-0.01920239962952075,-1.2020655066576817,0.7256797461584773,0.21477151783307766,-1.131983952902145,0.0,0.0,0.0
32.55000000000209,0.0,0.0,-0.7779197539913748,0.0,0.0,0.0,0.0,0.0,0.0,0.777493438598952,-0.04711121461121914,-1.210097395584709,0.7334231908611406,0.18982685674268118,-1.1398584500390145,0.0,0.0,0.0
32.56000000000209,0.0,0.0,-0.7632134996653583,0.0,0.0,0.0,0.0,0.0,0.0,0.783282079700991,-0.07500908803087769,-1.2181182714154288,0.7409436756046331,0.1649184653677851,-1.1477386047157834,0.0,0.0,0.0
32.57000000000209,0.0,0.0,-0.7481956679654681,0.0,0.0,0.0,0.0,0.0,0.0,0.7887873670336627,-0.10288009580883156,-1.2261266071878478,0.7482391136165127,0.14006761399600018,-1.155623501088916,0.0,0.0,0.0
32.58000000000209,0.0,0.0,-0.732883977947762,0.0,0.0,0.0,0.0,0.0,0.0,0.7941615214989362,-0.13070802618844102,-1.2341065344861741,0.7553066643652564,0.11529579051097276,-1.1635122040852048,0.0,0.0,0.0
32.590000000002085,0.0,0.0,-0.7172806347284243,0.0,0.0,0.0,0.0,0.0,0.0,0.7992967479335792,-0.15847740831342216,-1.242077748276736,0.762068514407924,0.09062472128583991,-1.1714093774822796,0.0,0.0,0.0
32.60000000000208,0.0,0.0,-0.7013811815617634,0.0,0.0,0.0,0.0,0.0,0.0,0.8039459336375672,-0.1861719721394588,-1.250051056601784,0.7685262835639779,0.06607701275713057,-1.17929599318239,0.0,0.0,0.0
32.61000000000208,0.0,0.0,-0.6851981641961529,0.0,0.0,0.0,0.0,0.0,0.0,0.8081503084861171,-0.21377434736009382,-1.2579989596829615,0.7749198292147113,0.04167471266984908,-1.1871656143163403,0.0,0.0,0.0
32.62000000000208,0.0,0.0,-0.6687435369455931,0.0,0.0,0.0,0.0,0.0,0.0,0.8119459752750996,-0.24126910543177227,-1.2659249989331005,0.7811499308234124,0.017439500733951965,-1.1950580536305466,0.0,0.0,0.0
32.63000000000208,0.0,0.0,-0.6520083044101439,0.0,0.0,0.0,0.0,0.0,0.0,0.8153569848613734,-0.26885106255774494,-1.2738080316999483,0.7871404231440404,-0.036846505484956694,-1.2029555698699685,0.0,0.0,0.0
32.640000000002075,0.0,0.0,-0.6350045009175419,0.0,0.0,0.0,0.0,0.0,0.0,0.8183992238114881,-0.29646052003581513,-1.2816670944563022,0.7928429149103047,-0.05817639879211879,-1.210863111775738,0.0,0.0,0.0
32.65000000000207,0.0,0.0,-0.6177656625599166,0.0,0.0,0.0,0.0,0.0,0.0,0.8210798050331477,-0.3238413223911558,-1.2895193260722944,0.7982250374890415,-0.08059326845753478,-1.2187506887278292,0.0,0.0,0.0
32.66000000000207,0.0,0.0,-0.6002997584622422,0.0,0.0,0.0,0.0,0.0,0.0,0.8234015901280716,-0.35100728305292517,-1.2973382579600534,0.803271009744048,-0.104160805335339,-1.2266006743504008,0.0,0.0,0.0
32.67000000000207,0.0,0.0,-0.5826145453943445,0.0,0.0,0.0,0.0,0.0,0.0,0.8253680077710852,-0.3779700873599069,-1.305127398422236,0.8079731104404563,-0.1287292101615969,-1.234455221358942,0.0,0.0,0.0
32.68000000000207,0.0,0.0,-0.5647179255600898,0.0,0.0,0.0,0.0,0.0,0.0,0.8269806792105744,-0.4047348048106496,-1.312884101223915,0.8123234209749264,-0.15415378680181022,-1.2422991295397372,0.0,0.0,0.0
32.690000000002065,0.0,0.0,-0.5466180238698918,0.0,0.0,0.0,0.0,0.0,0.0,0.8282409313244832,-0.4313018104941675,-1.3206072233292667,0.8163178256209086,-0.18030015515217399,-1.250129968040795,0.0,0.0,0.0
32.70000000000206,0.0,0.0,-0.5283232112714664,0.0,0.0,0.0,0.0,0.0,0.0,0.8291618026122378,-0.4576894530345328,-1.3284616708776031,0.8199535605778284,-0.20704292450968356,-1.2579431381560748,0.0,0.0,0.0
32.71000000000206,0.0,0.0,-0.5098421315162058,0.0,0.0,0.0,0.0,0.0,0.0,0.8297136951787681,-0.48383944210577723,-1.3360560415492273,0.8232112407365522,-0.23424268146680693,-1.265485732192199,0.0,0.0,0.0
32.72000000000206,0.0,0.0,-0.4911836487419909,0.0,0.0,0.0,0.0,0.0,0.0,0.8299213352661172,-0.5097788187668342,-1.343662828539482,0.8261380904547808,-0.26185174869506755,-1.2734177963448257,0.0,0.0,0.0
32.73000000000206,0.0,0.0,-0.47235685664942234,0.0,0.0,0.0,0.0,0.0,0.0,0.8297826816391799,-0.5354883690737087,-1.3512220811135873,0.8286936352434456,-0.2897242471164861,-1.2812067393217774,0.0,0.0,0.0
32.740000000002055,0.0,0.0,-0.45337108242501045,0.0,0.0,0.0,0.0,0.0,0.0,0.8293035880777162,-0.5609572449464975,-1.358745570214567,0.8308859646684711,-0.3177801181612346,-1.2889694629967123,0.0,0.0,0.0
32.75000000000205,0.0,0.0,-0.43423581522773474,0.0,0.0,0.0,0.0,0.0,0.0,0.8284897811381818,-0.5861710938819407,-1.3662298292197748,0.8327121629615556,-0.3459342000100474,-1.2966821197842842,0.0,0.0,0.0
32.76000000000205,0.0,0.0,-0.414960662094582,0.0,0.0,0.0,0.0,0.0,0.0,0.8273479789821135,-0.6111150483708849,-1.373674765293273,0.834171826106201,-0.3741121098053384,-1.3043506354490055,0.0,0.0,0.0
32.77000000000205,0.0,0.0,-0.39555531157231416,0.0,0.0,0.0,0.0,0.0,0.0,0.8258854440089696,-0.6357733152126279,-1.3810795315262043,0.8352649171964766,-0.4022461392393326,-1.3119742875810434,0.0,0.0,0.0
32.78000000000205,0.0,0.0,-0.3760294977933403,0.0,0.0,0.0,0.0,0.0,0.0,0.8241098855011826,-0.6601295068028157,-1.3884434352321198,0.8359923825385618,-0.4302756507103269,-1.3195538176485826,0.0,0.0,0.0
32.790000000002046,0.0,0.0,-0.356392966270759,0.0,0.0,0.0,0.0,0.0,0.0,0.8220292783387522,-0.684166769480957,-1.3957657328662911,0.8363560948741354,-0.4581463530298143,-1.3270896535967158,0.0,0.0,0.0
32.80000000000204,0.0,0.0,-0.3366554415779237,0.0,0.0,0.0,0.0,0.0,0.0,0.8196517039887667,-0.7078679344151246,-1.403045670546306,0.8363589013195837,-0.4858097976283813,-1.3345823132343106,0.0,0.0,0.0
32.81000000000204,0.0,0.0,-0.3168265971356682,0.0,0.0,0.0,0.0,0.0,0.0,0.8169852013438423,-0.7312156451804919,-1.4102824698097765,0.8360046052054659,-0.5132228023862514,-1.342032317633704,0.0,0.0,0.0
32.82000000000204,0.0,0.0,-0.2969160271916186,0.0,0.0,0.0,0.0,0.0,0.0,0.8140376367060301,-0.7541924764801702,-1.4174753254579158,0.8352979191328638,-0.540346891305132,-1.3494402064867177,0.0,0.0,0.0
32.83000000000204,0.0,0.0,-0.2769332210607812,0.0,0.0,0.0,0.0,0.0,0.0,0.8108165945280996,-0.7767810430498834,-1.424623400982191,0.8342443863510697,-0.5671477472554909,-1.356806524822309,0.0,0.0,0.0
32.840000000002036,0.0,0.0,-0.25688753971515016,0.0,0.0,0.0,0.0,0.0,0.0,0.8073292894968521,-0.7989641000215508,-1.4317258251174942,0.8328502786862217,-0.5935946934401746,-1.3641318110921583,0.0,0.0,0.0
32.850000000002034,0.0,0.0,-0.23678819495144593,0.0,0.0,0.0,0.0,0.0,0.0,0.8035824973676473,-0.8207246337508953,-1.4387816892458245,0.8311224780992811,-0.6196602117687863,-1.3714165811679087,0.0,0.0,0.0
32.86000000000203,0.0,0.0,-0.21664423138391914,0.0,0.0,0.0,0.0,0.0,0.0,0.7995825014578528,-0.8420459419214754,-1.445790045964563,0.8290683500199817,-0.645319505201406,-1.3786613106924215,0.0,0.0,0.0
32.87000000000203,0.0,0.0,-0.19648888845133958,0.0,0.0,0.0,0.0,0.0,0.0,0.7953349609688939,-0.8627448679468013,-1.4527630955450432,0.8266956157977821,-0.670550108463879,-1.3858664167653527,0.0,0.0,0.0
32.88000000000203,0.0,0.0,-0.17632402030797126,0.0,0.0,0.0,0.0,0.0,0.0,0.7908447291032965,-0.8828459051071937,-1.4596823183478547,0.8240131531762008,-0.6954096077351598,-1.3930505593930993,0.0,0.0,0.0
32.890000000002026,0.0,0.0,-0.15612763973023908,0.0,0.0,0.0,0.0,0.0,0.0,0.7861167642452942,-0.902541904208809,-1.4665329157197493,0.821028865786352,-0.7198966762939827,-1.4002121456361183,0.0,0.0,0.0
32.900000000002024,0.0,0.0,-0.13590958861790198,0.0,0.0,0.0,0.0,0.0,0.0,0.7811555718886639,-0.921812669260909,-1.4733339122763542,0.8177496214554087,-0.743768633749921,-1.4073443614866374,0.0,0.0,0.0
32.91000000000202,0.0,0.0,-0.11567980293610766,0.0,0.0,0.0,0.0,0.0,0.0,0.7759644822656401,-0.940631063869005,-1.4800807875666688,0.814182768883647,-0.7670417663767568,-1.4144121989065057,0.0,0.0,0.0
32.92000000000202,0.0,0.0,-0.09544791650808337,0.0,0.0,0.0,0.0,0.0,0.0,0.7705464715325964,-0.9589723621970241,-1.4867738260120342,0.8103366178608147,-0.7897377938799474,-1.4214274310845867,0.0,0.0,0.0
32.93000000000202,0.0,0.0,-0.07522320765442936,0.0,0.0,0.0,0.0,0.0,0.0,0.7649039852094348,-0.9768130408899833,-1.493412073643007,0.806218843548207,-0.811870178385248,-1.428391434980741,0.0,0.0,0.0
32.940000000002016,0.0,0.0,-0.05501456662243999,0.0,0.0,0.0,0.0,0.0,0.0,0.7590390568483731,-0.9941312882626789,-1.499994750900051,0.8018367934686085,-0.83344728088053,-1.4353072783252017,0.0,0.0,0.0
32.950000000002014,0.0,0.0,-0.0348304814285883,0.0,0.0,0.0,0.0,0.0,0.0,0.7529534138769123,-1.0109069856545858,-1.5065209298514406,0.7971973473537836,-0.854472512289656,-1.4421769271800802,0.0,0.0,0.0
32.96000000000201,0.0,0.0,-0.014679037284213103,0.0,0.0,0.0,0.0,0.0,0.0,0.7466485946935397,-1.027121721241155,-1.5129896034628607,0.7923068628416825,-0.8749452667952994,-1.449001938156393,0.0,0.0,0.0
32.97000000000201,0.0,0.0,0.0054319677097795435,0.0,0.0,0.0,0.0,0.0,0.0,0.7401269077698759,-1.042810903943609,-1.5195874685792656,0.787171130865222,-0.8948616692659461,-1.4557833690378814,0.0,0.0,0.0
32.98000000000201,0.0,0.0,0.025495162456293272,0.0,0.0,0.0,0.0,0.0,0.0,0.7333843784755237,-1.0578578355439543,-1.5259524466362235,0.781792442772689,-0.9141421577534841,-1.462232052053295,0.0,0.0,0.0
32.990000000002006,0.0,0.0,0.045503647956404214,0.0,0.0,0.0,0.0,0.0,0.0,0.7264271520528893,-1.0723109564173083,-1.5323032654104365,0.7761843146735112,-0.9329414647325096,-1.4689973307485304,0.0,0.0,0.0
33.000000000002004,0.0,0.0,0.06545080413034605,0.0,0.0,0.0,0.0,0.0,0.0,0.719256186345042,-1.0861441505075193,-1.538590070069739,0.7703435270903756,-0.9511393655521848,-1.475637070570123,0.0,0.0,0.0
33.010000000002,0.0,0.0,0.08533030610842418,0.0,0.0,0.0,0.0,0.0,0.0,0.7118732037278364,-1.0993496777684273,-1.5448232579002195,0.7642749501125626,-0.9687506059501804,-1.4822508453077932,0.0,0.0,0.0
33.020000000002,0.0,0.0,0.10513611675078463,0.0,0.0,0.0,0.0,0.0,0.0,0.7042799441223807,-1.1119170111363985,-1.5509994748657694,0.7579819048626714,-0.985758703273114,-1.4888162040092887,0.0,0.0,0.0
33.030000000002,0.0,0.0,0.1248624602715432,0.0,0.0,0.0,0.0,0.0,0.0,0.696478306420889,-1.1238376045179033,-1.557118420678897,0.7514676145583769,-1.0021542699524044,-1.495338131665993,0.0,0.0,0.0
33.040000000001996,0.0,0.0,0.14450379994196802,0.0,0.0,0.0,0.0,0.0,0.0,0.6884703164144464,-1.1351036830232477,-1.5631790355134632,0.7447350291975338,-1.0179264607459078,-1.5018151300547113,0.0,0.0,0.0
33.050000000001994,0.0,0.0,0.16405481649176867,0.0,0.0,0.0,0.0,0.0,0.0,0.6802581143899966,-1.1457084203797945,-1.5691803676751181,0.7377869385001501,-1.0330652160257217,-1.5082469700453611,0.0,0.0,0.0
33.06000000000199,0.0,0.0,0.18351038803204942,0.0,0.0,0.0,0.0,0.0,0.0,0.6718439348675318,-1.155645805976849,-1.5751213784598832,0.7306260274002927,-1.0475609388901874,-1.514632966445565,0.0,0.0,0.0
33.07000000000199,0.0,0.0,0.2028655714992522,0.0,0.0,0.0,0.0,0.0,0.0,0.6632300849702459,-1.164910592266954,-1.581000988648658,0.7232549280781069,-1.0614047108520974,-1.5209724002597977,0.0,0.0,0.0
33.08000000000199,0.0,0.0,0.22211558569130185,0.0,0.0,0.0,0.0,0.0,0.0,0.6544189229093393,-1.1734982312663678,-1.586818068192625,0.7156762603756087,-1.0745883374904501,-1.5272644468229353,0.0,0.0,0.0
33.090000000001986,0.0,0.0,0.24125579591160695,0.0,0.0,0.0,0.0,0.0,0.0,0.6454128371476661,-1.1814048210988517,-1.592571438771778,0.7078926614847951,-1.0871043977063142,-1.5335082147158396,0.0,0.0,0.0
33.100000000001984,0.0,0.0,0.26028170020715774,0.0,0.0,0.0,0.0,0.0,0.0,0.6362142269558042,-1.1886270575417326,-1.5982598747319998,0.6999068064296655,-1.098946262920534,-1.5397027547846245,0.0,0.0,0.0
33.11000000000198,0.0,0.0,0.27918891716180805,0.0,0.0,0.0,0.0,0.0,0.0,0.6268254851496753,-1.1951621907961831,-1.6038821048314478,0.6917214206331174,-1.110108099808678,-1.5458470699857239,0.0,0.0,0.0
33.12000000000198,0.0,0.0,0.29797317518933897,0.0,0.0,0.0,0.0,0.0,0.0,0.6172489836017542,-1.201007986835065,-1.6094368143477455,0.683339285675868,-1.1205848594630394,-1.5519401217771387,0.0,0.0,0.0
33.13000000000198,0.0,0.0,0.31663030325762576,0.0,0.0,0.0,0.0,0.0,0.0,0.6074870618739523,-1.2061626929237668,-1.6149226477173277,0.6747632394048022,-1.1303722568128316,-1.55798083457352,0.0,0.0,0.0
33.140000000001976,0.0,0.0,0.3351562229658615,0.0,0.0,0.0,0.0,0.0,0.0,0.5975420191278704,-1.2106250068960769,-1.620338211710813,0.6659961716143025,-1.139466743104052,-1.5639680984520719,0.0,0.0,0.0
33.150000000001974,0.0,0.0,0.3535468808283784,0.0,0.0,0.0,0.0,0.0,0.0,0.5874255767197625,-1.2143940382026175,-1.625682320925444,0.6570410164966999,-1.1478654737749776,-1.5699007705631374,0.0,0.0,0.0
33.16000000000197,0.0,0.0,0.3717983460388658,0.0,0.0,0.0,0.0,0.0,0.0,0.5771394028232549,-1.2174692166747842,-1.6309533007669292,0.6478966660932919,-1.1555662785971756,-1.575777552068734,0.0,0.0,0.0
33.17000000000197,0.0,0.0,0.38990684147551674,0.0,0.0,0.0,0.0,0.0,0.0,0.5666755876437866,-1.2198504618998811,-1.63614941445115,0.6385644687233872,-1.162567752170491,-1.58159755025755,0.0,0.0,0.0
33.18000000000197,0.0,0.0,0.4078686050159403,0.0,0.0,0.0,0.0,0.0,0.0,0.5560361397955819,-1.221538119975261,-1.6412694291980767,0.6290584263495761,-1.1688688866160584,-1.5873597542813154,0.0,0.0,0.0
33.190000000001966,0.0,0.0,0.4256799442963762,0.0,0.0,0.0,0.0,0.0,0.0,0.5452229055072205,-1.2225327400130181,-1.646311771289055,0.6193805451148674,-1.174469127520878,-1.5930623353598665,0.0,0.0,0.0
33.200000000001964,0.0,0.0,0.4433372357033584,0.0,0.0,0.0,0.0,0.0,0.0,0.534237500974264,-1.2228351984612238,-1.6512749308996197,0.6095330361808411,-1.1793686815401676,-1.59870410522488,0.0,0.0,0.0
33.21000000000196,0.0,0.0,0.46083692323882014,0.0,0.0,0.0,0.0,0.0,0.0,0.5230813389499505,-1.2224466512078336,-1.6561573799710354,0.5995183228597966,-1.1835682089932582,-1.6042836944566932,0.0,0.0,0.0
33.22000000000196,0.0,0.0,0.47817530403830166,0.0,0.0,0.0,0.0,0.0,0.0,0.5117556937601052,-1.2213626797362651,-1.6609581407097649,0.5893389513086834,-1.1870688490248704,-1.609799734454998,0.0,0.0,0.0
33.23000000000196,0.0,0.0,0.49534910065745386,0.0,0.0,0.0,0.0,0.0,0.0,0.5002616335571088,-1.2195867737182335,-1.6656744881919006,0.5789974645041649,-1.1898755468561628,-1.6152519747328153,0.0,0.0,0.0
33.240000000001956,0.0,0.0,0.5123552197699155,0.0,0.0,0.0,0.0,0.0,0.0,0.48860002148384973,-1.2171285725173657,-1.6703045569853483,0.5684964770577416,-1.1919905341095833,-1.620639028254852,0.0,0.0,0.0
33.250000000001954,0.0,0.0,0.5291903056283777,0.0,0.0,0.0,0.0,0.0,0.0,0.4767716919520746,-1.213989854834284,-1.6748482283408135,0.5578386840691933,-1.193406551245935,-1.625958412806358,0.0,0.0,0.0
33.26000000000195,0.0,0.0,0.5458510938601614,0.0,0.0,0.0,0.0,0.0,0.0,0.4647775753691339,-1.2101717856180496,-1.6793019264280087,0.5470266186139581,-1.1941280902672373,-1.6312064812511686,0.0,0.0,0.0
33.27000000000195,0.0,0.0,0.5623344085394212,0.0,0.0,0.0,0.0,0.0,0.0,0.45261831710953904,-1.205678561656438,-1.6836679633036504,0.536062532180671,-1.1941611684068707,-1.636385612121402,0.0,0.0,0.0
33.28000000000195,0.0,0.0,0.5786371502683724,0.0,0.0,0.0,0.0,0.0,0.0,0.44029484500726224,-1.2005129515738355,-1.68794220784245,0.5249489456502826,-1.1935076076362439,-1.6414876034887156,0.0,0.0,0.0
33.290000000001946,0.0,0.0,0.5947562842416746,0.0,0.0,0.0,0.0,0.0,0.0,0.4278079725542264,-1.1946798263617628,-1.692123690351549,0.5136878866710304,-1.1921730095219707,-1.6465163058621466,0.0,0.0,0.0
33.300000000001944,0.0,0.0,0.6106888270447143,0.0,0.0,0.0,0.0,0.0,0.0,0.4151585985357379,-1.1881847138452182,-1.6962107535050566,0.5022815210133246,-1.1901605552865608,-1.6514688652063303,0.0,0.0,0.0
33.31000000000194,0.0,0.0,0.6264318348653928,0.0,0.0,0.0,0.0,0.0,0.0,0.40234768854295666,-1.1810340927565885,-1.7002019438310263,0.4907318902391654,-1.187473952358948,-1.6563437313870542,0.0,0.0,0.0
33.32000000000194,0.0,0.0,0.6419823927691346,0.0,0.0,0.0,0.0,0.0,0.0,0.3893763028955384,-1.1732352798865011,-1.704095819102358,0.4790409860735302,-1.1841169954076738,-1.6611388712225315,0.0,0.0,0.0
33.33000000000194,0.0,0.0,0.6573376053536957,0.0,0.0,0.0,0.0,0.0,0.0,0.37624560871535484,-1.1647963982836442,-1.7078910039428021,0.46721075116666244,-1.1800938593493222,-1.665852219238916,0.0,0.0,0.0
33.340000000001936,0.0,0.0,0.6724945890160239,0.0,0.0,0.0,0.0,0.0,0.0,0.3629568910263107,-1.1557263159391988,-1.711586186803721,0.4552431007494567,-1.1754091912680595,-1.6704816134351783,0.0,0.0,0.0
33.350000000001934,0.0,0.0,0.6874504659814049,0.0,0.0,0.0,0.0,0.0,0.0,0.34951155958848423,-1.146034583227391,-1.715180128691483,0.443139941424631,-1.1700682181779916,-1.675024849286787,0.0,0.0,0.0
33.36000000000193,0.0,0.0,0.7022023601496298,0.0,0.0,0.0,0.0,0.0,0.0,0.33591115264304783,-1.1357313657172345,-1.7186716673098976,0.4309031914846609,-1.1640768217771695,-1.6794797054498112,0.0,0.0,0.0
33.37000000000193,0.0,0.0,0.7167473947214038,0.0,0.0,0.0,0.0,0.0,0.0,0.3221573377821094,-1.1248273763327408,-1.7220597203451404,0.41853480066844256,-1.157441592624564,-1.6838439740524367,0.0,0.0,0.0
33.38000000000193,0.0,0.0,0.7310826914889577,0.0,0.0,0.0,0.0,0.0,0.0,0.30825191043558586,-1.1133338089005167,-1.7253432871064547,0.4060367689956288,-1.150169862367683,-1.6881154871305022,0.0,0.0,0.0
33.390000000001926,0.0,0.0,0.7452055992342584,0.0,0.0,0.0,0.0,0.0,0.0,0.2941902190627438,-1.1012622630540063,-1.7285210281900905,0.393411164114846,-1.1422697163512847,-1.6922921403761741,0.0,0.0,0.0
33.400000000001924,0.0,0.0,0.7591130521361448,0.0,0.0,0.0,0.0,0.0,0.0,0.279986771298143,-1.0885682755328956,-1.7314273470429478,0.38066266484431294,-1.1337499950110401,-1.6963721339074138,0.0,0.0,0.0
33.41000000000192,0.0,0.0,0.7728018804958494,0.0,0.0,0.0,0.0,0.0,0.0,0.265627222411811,-1.0754026289046674,-1.7344389603319526,0.3677817956100849,-1.1247068001521392,-1.7006131859148694,0.0,0.0,0.0
33.42000000000192,0.0,0.0,0.7862694101867251,0.0,0.0,0.0,0.0,0.0,0.0,0.2511305497496239,-1.0616766429858178,-1.7372966017585834,0.35479499539049075,-1.1149186423703408,-1.704332894745983,0.0,0.0,0.0
33.43000000000192,0.0,0.0,0.7995128098735412,0.0,0.0,0.0,0.0,0.0,0.0,0.2364945045793142,-1.04742479299617,-1.7400572502870948,0.3416816926290075,-1.1045839016781243,-1.7080652177929745,0.0,0.0,0.0
33.440000000001916,0.0,0.0,0.81252926054954,0.0,0.0,0.0,0.0,0.0,0.0,0.22172185322631766,-1.0326553526320317,-1.7427067106333802,0.3284514185849017,-1.0936713650214396,-1.7116853714865243,0.0,0.0,0.0
33.450000000001914,0.0,0.0,0.8253159606774212,0.0,0.0,0.0,0.0,0.0,0.0,0.20681438218736836,-1.0173828687478328,-1.745247361835921,0.3151066217291567,-1.0822006954409944,-1.7152173528848478,0.0,0.0,0.0
33.46000000000191,0.0,0.0,0.8378701320451488,0.0,0.0,0.0,0.0,0.0,0.0,0.19177431136042833,-1.0016206134155188,-1.7476778957569745,0.3016511972035596,-1.070180916482457,-1.718651388992617,0.0,0.0,0.0
33.47000000000191,0.0,0.0,0.8501899160621544,0.0,0.0,0.0,0.0,0.0,0.0,0.1766037521827568,-0.9853691192277982,-1.750002804432375,0.28808856420614,-1.057624457108458,-1.721986026709933,0.0,0.0,0.0
33.48000000000191,0.0,0.0,0.8622727512871162,0.0,0.0,0.0,0.0,0.0,0.0,0.16130557646251864,-0.9686401473050865,-1.7522165277284085,0.274422253894991,-1.0445501134450925,-1.7252158158737207,0.0,0.0,0.0
33.490000000001906,0.0,0.0,0.8741150973234043,0.0,0.0,0.0,0.0,0.0,0.0,0.1458825945765192,-0.9514612000224973,-1.7543146061749653,0.2606553097644177,-1.030976563817487,-1.728345653668178,0.0,0.0,0.0
33.500000000001904,0.0,0.0,0.8857142856696565,0.0,0.0,0.0,0.0,0.0,0.0,0.1303372241741223,-0.9338483856755406,-1.756301929196113,0.24679116734928527,-1.016899448120675,-1.7313765930678828,0.0,0.0,0.0
33.5100000000019,0.0,0.0,0.8970677050468265,0.0,0.0,0.0,0.0,0.0,0.0,0.11467257251690155,-0.9158153254750063,-1.7581772250589156,0.23283386876130088,-1.0023306471508355,-1.7342964244177437,0.0,0.0,0.0
33.5200000000019,0.0,0.0,0.908172779987243,0.0,0.0,0.0,0.0,0.0,0.0,0.09889182737676117,-0.8973763035682558,-1.7599406118663525,0.21878685891095934,-0.987286731595586,-1.7371062284758871,0.0,0.0,0.0
33.5300000000019,0.0,0.0,0.9190269487224128,0.0,0.0,0.0,0.0,0.0,0.0,0.08299871079753918,-0.8785463529639088,-1.7615941237640202,0.2046538285033553,-0.9717832996852485,-1.739804465050831,0.0,0.0,0.0
33.540000000001896,0.0,0.0,0.929627672617435,0.0,0.0,0.0,0.0,0.0,0.0,0.0669978782117453,-0.8593385242930562,-1.7631340591490385,0.19043857417931667,-0.9558350836691152,-1.7423870021160712,0.0,0.0,0.0
33.550000000001894,0.0,0.0,0.9399724933708605,0.0,0.0,0.0,0.0,0.0,0.0,0.0508930112434367,-0.8397671617163072,-1.76455945020772,0.17614431287371562,-0.9394601482227317,-1.7448601057453126,0.0,0.0,0.0
33.56000000000189,0.0,0.0,0.9500595720181148,0.0,0.0,0.0,0.0,0.0,0.0,0.03467839116186733,-0.8198484651776079,-1.7658733344443394,0.16177531469956968,-0.9226743764460151,-1.7472236645323411,0.0,0.0,0.0
33.57000000000189,0.0,0.0,0.959886801525628,0.0,0.0,0.0,0.0,0.0,0.0,0.018354781831767975,-0.7995972461501522,-1.7670753827926857,0.14733969542083675,-0.9054911731115189,-1.749470227280132,0.0,0.0,0.0
33.58000000000189,0.0,0.0,0.9694515995523938,0.0,0.0,0.0,0.0,0.0,0.0,0.0019313383675205742,-0.7790284884041139,-1.7681664584055183,0.13284442195457105,-0.8879267694566423,-1.7516008101942127,0.0,0.0,0.0
33.590000000001886,0.0,0.0,0.9787518234145259,0.0,0.0,0.0,0.0,0.0,0.0,-0.014588690815941385,-0.7581568648759762,-1.769145903717528,0.11828848293453575,-0.8699972384013456,-1.753614466649034,0.0,0.0,0.0
33.600000000001884,0.0,0.0,0.9877853874284044,0.0,0.0,0.0,0.0,0.0,0.0,-0.03120198080683112,-0.7369974536891215,-1.7700139352614617,0.10367648250160164,-0.8517192436393353,-1.7555127896789307,0.0,0.0,0.0
33.61000000000188,0.0,0.0,0.9965502672822109,0.0,0.0,0.0,0.0,0.0,0.0,-0.04790508158253237,-0.7155653570064144,-1.7707706109433967,0.08901323524279167,-0.8331088959723851,-1.7572955846949638,0.0,0.0,0.0
33.62000000000188,0.0,0.0,1.0050445034600473,0.0,0.0,0.0,0.0,0.0,0.0,-0.06469449914369196,-0.6938757932680528,-1.7714160587998524,0.07430369599046317,-0.8141824330346463,-1.7589630361704218,0.0,0.0,0.0
33.63000000000188,0.0,0.0,1.0132662037161397,0.0,0.0,0.0,0.0,0.0,0.0,-0.08156672706077983,-0.6719440834362991,-1.771950423032951,0.05955303205638783,-0.7949560656263742,-1.760515228092459,0.0,0.0,0.0
33.640000000001876,0.0,0.0,1.0212134717527823,0.0,0.0,0.0,0.0,0.0,0.0,-0.09851758637488461,-0.6497868941400511,-1.7723778760650966,0.04476663942514918,-0.7754460100748855,-1.761952257412702,0.0,0.0,0.0
33.650000000001874,0.0,0.0,1.028884359068789,0.0,0.0,0.0,0.0,0.0,0.0,-0.11554057415768115,-0.6274184533846201,-1.772695982704201,0.029950194870602364,-0.7556667278274183,-1.7632680071547575,0.0,0.0,0.0
33.66000000000187,0.0,0.0,1.0362769515187997,0.0,0.0,0.0,0.0,0.0,0.0,-0.13262910328936628,-0.6048531784342379,-1.772902318139709,0.015108233296630497,-0.7356365456716497,-1.764469114583786,0.0,0.0,0.0
33.67000000000187,0.0,0.0,1.0434098348282599,0.0,0.0,0.0,0.0,0.0,0.0,-0.1500185559020626,-0.5821079381980412,-1.7729725793725328,-0.025261423295760397,-0.7153731516178041,-1.7655603845146155,0.0,0.0,0.0
33.68000000000187,0.0,0.0,1.050280037596046,0.0,0.0,0.0,0.0,0.0,0.0,-0.1676737152009533,-0.5592077384135594,-1.7729382408742302,-0.037325775632864655,-0.6948909105938404,-1.766550498929987,0.0,0.0,0.0
33.69000000000187,0.0,0.0,1.056863373128057,0.0,0.0,0.0,0.0,0.0,0.0,-0.18531890126811112,-0.5361640729362627,-1.7728241645790948,-0.05001603278967031,-0.6741934134228836,-1.767399850796036,0.0,0.0,0.0
33.700000000001864,0.0,0.0,1.0631585399457988,0.0,0.0,0.0,0.0,0.0,0.0,-0.20295243032182797,-0.5129810112727426,-1.7725970717312687,-0.0634754358599568,-0.6533052820346491,-1.7680926812284787,0.0,0.0,0.0
33.71000000000186,0.0,0.0,1.0691640793823687,0.0,0.0,0.0,0.0,0.0,0.0,-0.22057602983203983,-0.48967792957950795,-1.772264498472842,-0.07763307183738527,-0.6322596987982532,-1.7686967830536018,0.0,0.0,0.0
33.72000000000186,0.0,0.0,1.0748784054403728,0.0,0.0,0.0,0.0,0.0,0.0,-0.23818775911134837,-0.4662709336317654,-1.7718250719386242,-0.09241799463692556,-0.6110657672910531,-1.769194790969387,0.0,0.0,0.0
33.73000000000186,0.0,0.0,1.080299787575187,0.0,0.0,0.0,0.0,0.0,0.0,-0.2557835466562526,-0.44277672708033133,-1.7712795170610391,-0.10776610452657742,-0.5897385993020203,-1.7695887672203312,0.0,0.0,0.0
33.74000000000186,0.0,0.0,1.0854263316665713,0.0,0.0,0.0,0.0,0.0,0.0,-0.2733569911788354,-0.4192117710694072,-1.7706281060929503,-0.12361793414713082,-0.5682928084973004,-1.7698770114960651,0.0,0.0,0.0
33.750000000001855,0.0,0.0,1.0902557099168864,0.0,0.0,0.0,0.0,0.0,0.0,-0.2908971197301875,-0.39559253001663564,-1.7698715638393805,-0.13991846260777066,-0.5467437526227316,-1.7700592903230121,0.0,0.0,0.0
33.76000000000185,0.0,0.0,1.0947856281319885,0.0,0.0,0.0,0.0,0.0,0.0,-0.3083932547211319,-0.37193532784026484,-1.7690099662249574,-0.15661738413359746,-0.5251070595622869,-1.7701353529075692,0.0,0.0,0.0
33.77000000000185,0.0,0.0,1.0990138366795412,0.0,0.0,0.0,0.0,0.0,0.0,-0.325835194925447,-0.3482566227979582,-1.7680434671479344,-0.1736675782070405,-0.5033987352222462,-1.7701059391803995,0.0,0.0,0.0
33.78000000000185,0.0,0.0,1.1029376323948807,0.0,0.0,0.0,0.0,0.0,0.0,-0.3432086257151601,-0.32457298814281454,-1.766972868531227,-0.19102247110594028,-0.4816347342177547,-1.769971782738308,0.0,0.0,0.0
33.79000000000185,0.0,0.0,1.1065541695794217,0.0,0.0,0.0,0.0,0.0,0.0,-0.3605118929904376,-0.30093260578445236,-1.7658962229221804,-0.20864034873481674,-0.45983098559894076,-1.769732886325555,0.0,0.0,0.0
33.800000000001845,0.0,0.0,1.109858261381562,0.0,0.0,0.0,0.0,0.0,0.0,-0.37769962807495805,-0.27729961514744517,-1.7646084455332565,-0.22646710622238164,-0.43796579890173787,-1.7692346957423823,0.0,0.0,0.0
33.81000000000184,0.0,0.0,1.1128472749425222,0.0,0.0,0.0,0.0,0.0,0.0,-0.3947738463777759,-0.2537306002883071,-1.7632433666168545,-0.2444991047858679,-0.41613892891022314,-1.7688514404900433,0.0,0.0,0.0
33.82000000000184,0.0,0.0,1.1155208357603865,0.0,0.0,0.0,0.0,0.0,0.0,-0.4117140255778782,-0.23021524482957556,-1.761775604263487,-0.2626759629924665,-0.3943010540432733,-1.7683103180850541,0.0,0.0,0.0
33.83000000000184,0.0,0.0,1.1178759035531194,0.0,0.0,0.0,0.0,0.0,0.0,-0.428505472681703,-0.20677169851771904,-1.760206633153381,-0.2809683194135936,-0.37249905095228375,-1.767672376249513,0.0,0.0,0.0
33.84000000000184,0.0,0.0,1.1199091780628405,0.0,0.0,0.0,0.0,0.0,0.0,-0.44510946914550886,-0.1833648800801999,-1.7583547845219867,-0.299341237964466,-0.3507447218779184,-1.7669354754326994,0.0,0.0,0.0
33.850000000001835,0.0,0.0,1.121618344946615,0.0,0.0,0.0,0.0,0.0,0.0,-0.4615715741052402,-0.160129263060373,-1.7565920169518507,-0.3177907186716363,-0.32911383175249853,-1.7663880505103262,0.0,0.0,0.0
33.86000000000183,0.0,0.0,1.1230016929287805,0.0,0.0,0.0,0.0,0.0,0.0,-0.4778438678755399,-0.1370012597625987,-1.754680243196068,-0.33621175245375473,-0.307469349920933,-1.7653460757963633,0.0,0.0,0.0
33.87000000000183,0.0,0.0,1.1240570912241443,0.0,0.0,0.0,0.0,0.0,0.0,-0.4939289960753088,-0.11401892900976218,-1.7526781618322225,-0.35462480934098817,-0.2859368646550223,-1.7643066382774781,0.0,0.0,0.0
33.88000000000183,0.0,0.0,1.1247829214139944,0.0,0.0,0.0,0.0,0.0,0.0,-0.5098204420771006,-0.0911964706199857,-1.7505728220356649,-0.3729857618907063,-0.2645029632707639,-1.7631463780919532,0.0,0.0,0.0
33.89000000000183,0.0,0.0,1.1251780370959135,0.0,0.0,0.0,0.0,0.0,0.0,-0.5255162967826157,-0.06855254315421888,-1.7483678509584442,-0.3912679192376611,-0.24318716145282168,-1.7618922906559686,0.0,0.0,0.0
33.900000000001825,0.0,0.0,1.1252417463649245,0.0,0.0,0.0,0.0,0.0,0.0,-0.5410157928267687,-0.04610386931978905,-1.7460630964383808,-0.40944284970415845,-0.22200264221980254,-1.7605369612370854,0.0,0.0,0.0
33.91000000000182,0.0,0.0,1.1249737666240038,0.0,0.0,0.0,0.0,0.0,0.0,-0.5563198124550617,-0.023866856330849284,-1.743659326033014,-0.4274852591678976,-0.20096470415521028,-1.7590811271521567,0.0,0.0,0.0
33.92000000000182,0.0,0.0,1.1243741810841954,0.0,0.0,0.0,0.0,0.0,0.0,-0.5714304317305539,-0.0018573349794794858,-1.7411571448098728,-0.4453721295982974,-0.180088468899876,-1.7575238091586072,0.0,0.0,0.0
33.93000000000182,0.0,0.0,1.123443392838129,0.0,0.0,0.0,0.0,0.0,0.0,-0.586350678459876,0.019909302204053514,-1.738557245608252,-0.46308314328260486,-0.15938913309862035,-1.755864566187759,0.0,0.0,0.0
33.94000000000182,0.0,0.0,1.1221820797897006,0.0,0.0,0.0,0.0,0.0,0.0,-0.6010842504506371,0.0414180765860972,-1.7358603505191361,-0.4806007201804881,-0.13888172780348934,-1.7541029714927237,0.0,0.0,0.0
33.950000000001815,0.0,0.0,1.1205911515360498,0.0,0.0,0.0,0.0,0.0,0.0,-0.6156352675815013,0.06265438782084898,-1.7330672226964554,-0.4979100548652042,-0.1185810450723819,-1.7522387389206884,0.0,0.0,0.0
33.96000000000181,0.0,0.0,1.118671709349196,0.0,0.0,0.0,0.0,0.0,0.0,-0.6300080493874594,0.08360399067678159,-1.7301786613373933,-0.5149990637755509,-0.0985015645374523,-1.7502717018180136,0.0,0.0,0.0
33.97000000000181,0.0,0.0,1.1164248157065466,0.0,0.0,0.0,0.0,0.0,0.0,-0.6441956513440963,0.10427179093627092,-1.7271243815189194,-0.5318582721286784,-0.07865740546214431,-1.7482018247898696,0.0,0.0,0.0
33.98000000000181,0.0,0.0,1.113851901399007,0.0,0.0,0.0,0.0,0.0,0.0,-0.6582287245683431,0.12459954118318617,-1.7240589524957377,-0.5484954423988102,-0.05908090168919,-1.7461415854939517,0.0,0.0,0.0
33.99000000000181,0.0,0.0,1.110954864454554,0.0,0.0,0.0,0.0,0.0,0.0,-0.6720934141465733,0.14460543108392354,-1.720887862407181,-0.5648683231090316,-0.03973860410500604,-1.743810804376872,0.0,0.0,0.0
34.000000000001805,0.0,0.0,1.1077357131487018,0.0,0.0,0.0,0.0,0.0,0.0,-0.6857964017077027,0.16427362882268381,-1.7176312103620037,-0.5810015923313377,-0.020677800234735505,-1.7414120934361772,0.0,0.0,0.0
34.0100000000018,0.0,0.0,1.104258006864004,0.0,0.0,0.0,0.0,0.0,0.0,-0.6995326506866362,0.18377944903603582,-1.7143319965797938,-0.5968890515351822,0.026982931750128752,-1.7389067191431722,0.0,0.0,0.0
34.0200000000018,0.0,0.0,1.1005003279215895,0.0,0.0,0.0,0.0,0.0,0.0,-0.7131864070150655,0.2030802033126995,-1.7109362487944946,-0.6124464290250091,0.04235936090201043,-1.7362532626608753,0.0,0.0,0.0
34.0300000000018,0.0,0.0,1.0963860297646943,0.0,0.0,0.0,0.0,0.0,0.0,-0.726492157068525,0.22194494368980378,-1.707407868195441,-0.6276977906634765,0.05830601165867287,-1.7335522211201222,0.0,0.0,0.0
34.0400000000018,0.0,0.0,1.0919300223385116,0.0,0.0,0.0,0.0,0.0,0.0,-0.7395217467084461,0.2403733433942632,-1.7038029292697967,-0.6429123987448441,0.07488243129995494,-1.730842371420763,0.0,0.0,0.0
34.050000000001795,0.0,0.0,1.0871452129193404,0.0,0.0,0.0,0.0,0.0,0.0,-0.7523232718447721,0.2583809838606541,-1.700109849291333,-0.6579794216671242,0.09197632823230106,-1.7280087714731118,0.0,0.0,0.0
34.06000000000179,0.0,0.0,1.0820417523626342,0.0,0.0,0.0,0.0,0.0,0.0,-0.7649328522369938,0.2759746472325344,-1.6963330507506373,-0.6728379968304304,0.10946420187354763,-1.7250784812009514,0.0,0.0,0.0
34.07000000000179,0.0,0.0,1.0766276851240306,0.0,0.0,0.0,0.0,0.0,0.0,-0.7773748788263783,0.29315876690579934,-1.6924730601404245,-0.6874507192823291,0.12723848443543648,-1.722046193295007,0.0,0.0,0.0
34.08000000000179,0.0,0.0,1.0709094441668705,0.0,0.0,0.0,0.0,0.0,0.0,-0.7896657828622784,0.30993475369335455,-1.688531175913444,-0.701800531907364,0.1452002459571885,-1.7189151976177175,0.0,0.0,0.0
34.09000000000179,0.0,0.0,1.0648922303558672,0.0,0.0,0.0,0.0,0.0,0.0,-0.8018159612566969,0.32630183967736937,-1.684508400837273,-0.7158827594456534,0.1632600429940974,-1.7156873081539636,0.0,0.0,0.0
34.100000000001785,0.0,0.0,1.058580297594492,0.0,0.0,0.0,0.0,0.0,0.0,-0.8138313610835639,0.34225745380350325,-1.6804057131152044,-0.7297007711078259,0.18133695400460523,-1.7123648840851824,0.0,0.0,0.0
34.11000000000178,0.0,0.0,1.0519771682535768,0.0,0.0,0.0,0.0,0.0,0.0,-0.8257145932125285,0.3577975990147677,-1.6762240161062796,-0.743262636145059,0.19935809980969973,-1.7089501550669135,0.0,0.0,0.0
34.12000000000178,0.0,0.0,1.0450857966211238,0.0,0.0,0.0,0.0,0.0,0.0,-0.8374657707796853,0.3729171330715739,-1.6719641587258935,-0.7565788780928316,0.21725808386730183,-1.7054452705190521,0.0,0.0,0.0
34.13000000000178,0.0,0.0,1.0379086939032902,0.0,0.0,0.0,0.0,0.0,0.0,-0.8490831422946772,0.3876099890915432,-1.6676269368910783,-0.7696609215313942,0.23497847230099875,-1.7018522329194972,0.0,0.0,0.0
34.14000000000178,0.0,0.0,1.0304480247464427,0.0,0.0,0.0,0.0,0.0,0.0,-0.8605635827213789,0.40186934134867247,-1.663213099213412,-0.7825200543020296,0.2524672773781095,-1.6981728876485398,0.0,0.0,0.0
34.150000000001775,0.0,0.0,1.0227056826659435,0.0,0.0,0.0,0.0,0.0,0.0,-0.8719029816147241,0.41568772887280936,-1.6587233530556735,-0.7951667524923629,0.2696784491529275,-1.6944089137693623,0.0,0.0,0.0
34.16000000000177,0.0,0.0,1.0146833498389796,0.0,0.0,0.0,0.0,0.0,0.0,-0.8830965549774987,0.4290571471654636,-1.6541583728922804,-0.8076102661164939,0.28657137316634596,-1.6905618206161765,0.0,0.0,0.0
34.17000000000177,0.0,0.0,1.0063825452811346,0.0,0.0,0.0,0.0,0.0,0.0,-0.8941390977568826,0.44196911790363824,-1.6495188109980896,-0.8198583914315039,0.3031103756778062,-1.6866329453656028,0.0,0.0,0.0
34.18000000000177,0.0,0.0,0.9978046643508398,0.0,0.0,0.0,0.0,0.0,0.0,-0.9050251875472806,0.454414745338251,-1.6448053104272269,-0.8319173774382194,0.31926423839093754,-1.6826234519302339,0.0,0.0,0.0
34.19000000000177,0.0,0.0,0.9889508046391805,0.0,0.0,0.0,0.0,0.0,0.0,-0.9157481726009213,0.46638436819370765,-1.6400205777351737,-0.843791928735333,0.3350057254325865,-1.6785343319684443,0.0,0.0,0.0
34.200000000001765,0.0,0.0,0.9798218793539996,0.0,0.0,0.0,0.0,0.0,0.0,-0.9262994126754807,0.4778693251651642,-1.6351629690518275,-0.855485500752947,0.3503116003447916,-1.674363478702115,0.0,0.0,0.0
34.21000000000176,0.0,0.0,0.970419183145085,0.0,0.0,0.0,0.0,0.0,0.0,-0.9366730080968697,0.48886084602379754,-1.6302317691977277,-0.8670024363210166,0.3651602241606696,-1.6701166539770995,0.0,0.0,0.0
34.22000000000176,0.0,0.0,0.9607443857287216,0.0,0.0,0.0,0.0,0.0,0.0,-0.9468661039307884,0.4993496007613176,-1.625229956660559,-0.878343334871621,0.3795329998540073,-1.6657962519429201,0.0,0.0,0.0
34.23000000000176,0.0,0.0,0.9507992247156928,0.0,0.0,0.0,0.0,0.0,0.0,-0.9568754432441722,0.5093272357306877,-1.6201579389778846,-0.8895047118521551,0.3934145914523445,-1.6613980161511164,0.0,0.0,0.0
34.24000000000176,0.0,0.0,0.9405854595126475,0.0,0.0,0.0,0.0,0.0,0.0,-0.9666977828372025,0.5187855217985136,-1.615016806833449,-0.900483877589268,0.40679060931518723,-1.6569232057804708,0.0,0.0,0.0
34.250000000001755,0.0,0.0,0.9301048607563572,0.0,0.0,0.0,0.0,0.0,0.0,-0.9763297776455437,0.527716445534617,-1.6098075540729133,-0.9112780646651317,0.4196485619063301,-1.6523718681408295,0.0,0.0,0.0
34.26000000000175,0.0,0.0,0.9193592013000317,0.0,0.0,0.0,0.0,0.0,0.0,-0.9857680385439689,0.5361120951762315,-1.6045312665509854,-0.9218846257675699,0.4319774556516384,-1.6477444258674971,0.0,0.0,0.0
34.27000000000175,0.0,0.0,0.9083502499034329,0.0,0.0,0.0,0.0,0.0,0.0,-0.995009125537009,0.5439646271261589,-1.5991890816000534,-0.9323009234618566,0.4437677058427187,-1.6430412760196969,0.0,0.0,0.0
34.28000000000175,0.0,0.0,0.897079768567521,0.0,0.0,0.0,0.0,0.0,0.0,-1.0040495387553685,0.5512662483047541,-1.5937822000606823,-0.9425243276871653,0.45501095617672244,-1.6382628751764867,0.0,0.0,0.0
34.29000000000175,0.0,0.0,0.8855495138119341,0.0,0.0,0.0,0.0,0.0,0.0,-1.0128856987304182,0.5580092275603961,-1.5883118837879004,-0.9525522084511983,0.46569990900366054,-1.6334097236399792,0.0,0.0,0.0
34.300000000001745,0.0,0.0,0.8737612416953356,0.0,0.0,0.0,0.0,0.0,0.0,-1.0215139232463546,0.5641859286436381,-1.5827794543429003,-0.9623819393792619,0.47582815182671323,-1.628482383302555,0.0,0.0,0.0
34.31000000000174,0.0,0.0,0.8617167160485478,0.0,0.0,0.0,0.0,0.0,0.0,-1.029930403285309,0.5697888605436954,-1.5771862892458732,-0.9720109006872077,0.4853899931534916,-1.6234814933408552,0.0,0.0,0.0
34.32000000000174,0.0,0.0,0.8494177192214541,0.0,0.0,0.0,0.0,0.0,0.0,-1.0381311807942768,0.5748107396238069,-1.5715338169224158,-0.9814364794404287,0.49438031334291965,-1.61840778853704,0.0,0.0,0.0
34.33000000000174,0.0,0.0,0.8368660646067482,0.0,0.0,0.0,0.0,0.0,0.0,-1.046112130146179,0.5792445584807204,-1.5658235104622307,-0.9906560649367401,0.5027944360333509,-1.6132621160189184,0.0,0.0,0.0
34.34000000000174,0.0,0.0,0.8240636102583963,0.0,0.0,0.0,0.0,0.0,0.0,-1.0538689446990506,0.5830836570452935,-1.5600568805927182,-0.9996670386972567,0.5106280234955063,-1.6080454490750047,0.0,0.0,0.0
34.350000000001735,0.0,0.0,0.811012273033403,0.0,0.0,0.0,0.0,0.0,0.0,-1.0613971294285527,0.5863217923161099,-1.5542354681946682,-1.008466759321604,0.5178769974326094,-1.6027588967934683,0.0,0.0,0.0
34.36000000000173,0.0,0.0,0.7977140428244399,0.0,0.0,0.0,0.0,0.0,0.0,-1.0686920002862603,0.5889532040707262,-1.5483608366660255,-1.0170525430542017,0.5245374850182892,-1.5974037089720459,0.0,0.0,0.0
34.37000000000173,0.0,0.0,0.7841709966918613,0.0,0.0,0.0,0.0,0.0,0.0,-1.075748690700693,0.5909726753789335,-1.5424345644825477,-1.0254216412361616,0.5306057885688985,-1.591981276189755,0.0,0.0,0.0
34.38000000000173,0.0,0.0,0.7703853126957375,0.0,0.0,0.0,0.0,0.0,0.0,-1.0825621653589765,0.5923755869021359,-1.5364582380166716,-1.033571215971871,0.5360783759913277,-1.5864931252526357,0.0,0.0,0.0
34.39000000000173,0.0,0.0,0.7563595942212015,0.0,0.0,0.0,0.0,0.0,0.0,-1.0891289460198728,0.5931583461736731,-1.5304420234616698,-1.0414983154357236,0.5409518886668393,-1.5809409106862728,0.0,0.0,0.0
34.400000000001725,0.0,0.0,0.7420968126240812,0.0,0.0,0.0,0.0,0.0,0.0,-1.0954408264608078,0.5933231864917463,-1.5243757564608411,-1.0491972646641068,0.5452242482650892,-1.575313367318778,0.0,0.0,0.0
34.41000000000172,0.0,0.0,0.7275996020281759,0.0,0.0,0.0,0.0,0.0,0.0,-1.101491255972605,0.592868873595449,-1.5182552481970912,-1.0566696915043345,0.548887467023318,-1.5696354006272113,0.0,0.0,0.0
34.42000000000172,0.0,0.0,0.7128703126592009,0.0,0.0,0.0,0.0,0.0,0.0,-1.107277593162811,0.5917893998735773,-1.5120929868045077,-1.0639133835477295,0.5519384552141887,-1.5639152438329382,0.0,0.0,0.0
34.43000000000172,0.0,0.0,0.6979114765822103,0.0,0.0,0.0,0.0,0.0,0.0,-1.1127940158114447,0.5900821036217097,-1.5058880918489876,-1.0709197704317468,0.5543805466812082,-1.558132553855629,0.0,0.0,0.0
34.44000000000172,0.0,0.0,0.6827258828693863,0.0,0.0,0.0,0.0,0.0,0.0,-1.1180353666645462,0.5877450973674296,-1.499642667509976,-1.077685985173834,0.556212888931924,-1.5522944825895384,0.0,0.0,0.0
34.450000000001715,0.0,0.0,0.66731656617805,0.0,0.0,0.0,0.0,0.0,0.0,-1.1229963761875115,0.5847778033115003,-1.4933580821198025,-1.0842078019454717,0.5574349243194718,-1.5464021347519092,0.0,0.0,0.0
34.46000000000171,0.0,0.0,0.6516867983179255,0.0,0.0,0.0,0.0,0.0,0.0,-1.1276719268559812,0.5811807152959783,-1.4870358346629875,-1.090481168178304,0.5580457267754979,-1.540458106349907,0.0,0.0,0.0
34.47000000000171,0.0,0.0,0.6358400822139076,0.0,0.0,0.0,0.0,0.0,0.0,-1.1320570674258608,0.5769553617663317,-1.4806773507774706,-1.096501811812328,0.558044508259098,-1.5344646678554623,0.0,0.0,0.0
34.48000000000171,0.0,0.0,0.6197801473913304,0.0,0.0,0.0,0.0,0.0,0.0,-1.1361470799745295,0.5721042416857847,-1.4742840296644733,-1.102265326783667,0.5574307706907333,-1.528424144717044,0.0,0.0,0.0
34.49000000000171,0.0,0.0,0.6035109460474137,0.0,0.0,0.0,0.0,0.0,0.0,-1.139937527572502,0.5666307803197694,-1.4678572334399562,-1.1077671660567545,0.5562044715235093,-1.522338795728757,0.0,0.0,0.0
34.500000000001705,0.0,0.0,0.587036649069897,0.0,0.0,0.0,0.0,0.0,0.0,-1.1434242985232574,0.5605392901761965,-1.4613982907703318,-1.1130026725289512,0.5543661346249441,-1.5162108165161992,0.0,0.0,0.0
34.5100000000017,0.0,0.0,0.570361641519916,0.0,0.0,0.0,0.0,0.0,0.0,-1.1466036425903678,0.5538349374497742,-1.4549084979114213,-1.117967113746149,0.5519169342803527,-1.5100423203756244,0.0,0.0,0.0
34.5200000000017,0.0,0.0,0.5534905172471252,0.0,0.0,0.0,0.0,0.0,0.0,-1.1494721996877832,0.546523711566322,-1.4483891209554276,-1.122655725333908,0.5488587551832357,-1.5038353297779754,0.0,0.0,0.0
34.5300000000017,0.0,0.0,0.5364280724275932,0.0,0.0,0.0,0.0,0.0,0.0,-1.1520270206133416,0.5386123965710254,-1.4418413982678118,-1.1270637591097405,0.5451942347705552,-1.497591769931968,0.0,0.0,0.0
34.5400000000017,0.0,0.0,0.519179297920807,0.0,0.0,0.0,0.0,0.0,0.0,-1.1542655799196324,0.5301085432488337,-1.435266543222145,-1.131186534123125,0.5409267917713266,-1.4913134657378861,0.0,0.0,0.0
34.550000000001695,0.0,0.0,0.5017493704310253,0.0,0.0,0.0,0.0,0.0,0.0,-1.1561857811869425,0.5210204411679693,-1.4286657470853892,-1.1350194885227214,0.5360606441017545,-1.4850021412576537,0.0,0.0,0.0
34.56000000000169,0.0,0.0,0.484143642532183,0.0,0.0,0.0,0.0,0.0,0.0,-1.157785955180525,0.5113570900583402,-1.4220401819742303,-1.1385582304508273,0.5306008183965099,-1.4786594214072075,0.0,0.0,0.0
34.57000000000169,0.0,0.0,0.46636763167511597,0.0,0.0,0.0,0.0,0.0,0.0,-1.1590648515351765,0.5011281701439634,-1.4153910037993889,-1.1417985863533042,0.5245531528721896,-1.4722868354853387,0.0,0.0,0.0
34.58000000000169,0.0,0.0,0.4484270083416891,0.0,0.0,0.0,0.0,0.0,0.0,-1.160021624731379,0.49034401123372806,-1.4087193551283144,-1.1447366453454115,0.5179242947473572,-1.4658858222062645,0.0,0.0,0.0
34.59000000000169,0.0,0.0,0.430327583542494,0.0,0.0,0.0,0.0,0.0,0.0,-1.1606558152034885,0.4790155605391688,-1.402026367907347,-1.1473687985393815,0.5107216930896563,-1.459457735918132,0.0,0.0,0.0
34.600000000001685,0.0,0.0,0.4120752958751082,0.0,0.0,0.0,0.0,0.0,0.0,-1.1609673264558364,0.46715434933014954,-1.395313165995591,-1.1496917725169125,0.5029535877001537,-1.4530038537133068,0.0,0.0,0.0
34.61000000000168,0.0,0.0,0.39367619836795636,0.0,0.0,0.0,0.0,0.0,0.0,-1.1609563990608516,0.4547724586544324,-1.388580867473134,-1.1517026564048136,0.49462899446456116,-1.4465253831599367,0.0,0.0,0.0
34.62000000000168,0.0,0.0,0.37513644533280743,0.0,0.0,0.0,0.0,0.0,0.0,-1.1606235823808118,0.4418824844344784,-1.3818305866960894,-1.1533989222742749,0.4857576874862264,-1.4400234704104165,0.0,0.0,0.0
34.63000000000168,0.0,0.0,0.35646227943822617,0.0,0.0,0.0,0.0,0.0,0.0,-1.1599697047975432,0.428497502311457,-1.3750634360792233,-1.1547784388242202,0.47635017825425796,-1.4334992084696956,0.0,0.0,0.0
34.64000000000168,0.0,0.0,0.3376600191979237,0.0,0.0,0.0,0.0,0.0,0.0,-1.1589958431591079,0.4146310326340412,-1.368280527595108,-1.1558394785199966,0.4664176920803346,-1.4269536454348541,0.0,0.0,0.0
34.650000000001675,0.0,0.0,0.3187360470443233,0.0,0.0,0.0,0.0,0.0,0.0,-1.1577032920649732,0.4002970059900368,-1.3614829739848437,-1.1565807185354644,0.45597214204703485,-1.4203877925456816,0.0,0.0,0.0
34.66000000000167,0.0,0.0,0.2996967981306608,0.0,0.0,0.0,0.0,0.0,0.0,-1.1560935335173563,0.38550972965566865,-1.354671889681089,-1.157001235987061,0.44502610073891946,-1.4138026319137469,0.0,0.0,0.0
34.67000000000167,0.0,0.0,0.28054874997560847,0.0,0.0,0.0,0.0,0.0,0.0,-1.1541682073710677,0.37028385529660945,-1.3478483914485497,-1.1571004980523214,0.43359277006395075,-1.4071991238239623,0.0,0.0,0.0
34.68000000000167,0.0,0.0,0.2612984656042258,0.0,0.0,0.0,0.0,0.0,0.0,-1.1519298311213768,0.35463444662121035,-1.3410122996226903,-1.156878347633931,0.4216859495102909,-1.4005782135274405,0.0,0.0,0.0
34.69000000000167,0.0,0.0,0.241952537773521,0.0,0.0,0.0,0.0,0.0,0.0,-1.1493822231329625,0.33857653625963535,-1.3341663236462673,-1.1563348814901664,0.40931988033701744,-1.3939425533723029,0.0,0.0,0.0
34.700000000001666,0.0,0.0,0.2225174663122699,0.0,0.0,0.0,0.0,0.0,0.0,-1.146527003158439,0.32212555438327395,-1.327312675202989,-1.1554688419402293,0.39650973962126457,-1.3872898211733424,0.0,0.0,0.0
34.71000000000166,0.0,0.0,0.202999292100382,0.0,0.0,0.0,0.0,0.0,0.0,-1.1433536110807303,0.30529746906164323,-1.320453701978693,-1.1542816413896857,0.3832709765469554,-1.3806198511274492,0.0,0.0,0.0
34.72000000000166,0.0,0.0,0.18340481073446177,0.0,0.0,0.0,0.0,0.0,0.0,-1.1398663080075293,0.2881084964493763,-1.3135868607736398,-1.1527822468992557,0.36961913661674195,-1.3739355780542248,0.0,0.0,0.0
34.73000000000166,0.0,0.0,0.16374114954929156,0.0,0.0,0.0,0.0,0.0,0.0,-1.1360814528516565,0.27057460842792747,-1.306710862652224,-1.1509740258849708,0.35557020477184365,-1.3672419188952039,0.0,0.0,0.0
34.74000000000166,0.0,0.0,0.1440147509069353,0.0,0.0,0.0,0.0,0.0,0.0,-1.1320005560202917,0.2527117594027708,-1.2998310935740185,-1.1488413955626169,0.3411411363277613,-1.360540804884833,0.0,0.0,0.0
34.750000000001656,0.0,0.0,0.1242320487486137,0.0,0.0,0.0,0.0,0.0,0.0,-1.1276226943213716,0.23453655129301065,-1.2929481774479763,-1.146388244452271,0.32634941887786156,-1.3538256573726701,0.0,0.0,0.0
34.760000000001654,0.0,0.0,0.10439952795710104,0.0,0.0,0.0,0.0,0.0,0.0,-1.1229479939128861,0.21606562961488618,-1.2860632856990164,-1.1436214083080865,0.31121219952788787,-1.3470995026343662,0.0,0.0,0.0
34.77000000000165,0.0,0.0,0.0845237046420715,0.0,0.0,0.0,0.0,0.0,0.0,-1.117977271535704,0.1973157429508947,-1.279177456212527,-1.1405454795920433,0.29574708162841123,-1.340363894274534,0.0,0.0,0.0
34.78000000000165,0.0,0.0,0.06461111051733544,0.0,0.0,0.0,0.0,0.0,0.0,-1.1127119005756703,0.17830372737833655,-1.2722917570476417,-1.1371638126765988,0.279971981154898,-1.3336203687983061,0.0,0.0,0.0
34.79000000000165,0.0,0.0,0.044668281298839055,0.0,0.0,0.0,0.0,0.0,0.0,-1.1071536661626615,0.1590465067783705,-1.26540724911327,-1.1334789597441077,0.2639050991696786,-1.3268702068387215,0.0,0.0,0.0
34.800000000001646,0.0,0.0,0.024701812569136346,0.0,0.0,0.0,0.0,0.0,0.0,-1.1012666094119674,0.1395729713393159,-1.2583741883270658,-1.129493045658229,0.24756487906356736,-1.320114568733844,0.0,0.0,0.0
34.810000000001644,0.0,0.0,0.00471814750556992,0.0,0.0,0.0,0.0,0.0,0.0,-1.0951468274596117,0.11987255089135107,-1.251546833922915,-1.1252656249617923,0.23095745937613718,-1.3135819369703017,0.0,0.0,0.0
34.82000000000164,0.0,0.0,-0.01527630179979946,0.0,0.0,0.0,0.0,0.0,0.0,-1.0887295028849702,0.09998130644557712,-1.244676722405959,-1.1206426090523627,0.21413413353575977,-1.3066683883066799,0.0,0.0,0.0
34.83000000000164,0.0,0.0,-0.035274946695671,0.0,0.0,0.0,0.0,0.0,0.0,-1.0820199176980054,0.07991245674769498,-1.237823871639483,-1.1157530304663155,0.19708890004865826,-1.2998614485641087,0.0,0.0,0.0
34.84000000000164,0.0,0.0,-0.05527113382981854,0.0,0.0,0.0,0.0,0.0,0.0,-1.0750138369555509,0.05968436209550987,-1.2309759941962153,-1.1105750388951376,0.17984631891159547,-1.2930470508858396,0.0,0.0,0.0
34.850000000001636,0.0,0.0,-0.07525837180017887,0.0,0.0,0.0,0.0,0.0,0.0,-1.0677238583288364,0.039314369152287476,-1.2241316667794702,-1.1051220746328978,0.16242445312887602,-1.2862486184586417,0.0,0.0,0.0
34.860000000001634,0.0,0.0,-0.09523013678898075,0.0,0.0,0.0,0.0,0.0,0.0,-1.060151743767823,0.018819704040322294,-1.217294964227973,-1.0993807353239429,0.14484289605385028,-1.2794662013183835,0.0,0.0,0.0
34.87000000000163,0.0,0.0,-0.11517989573785112,0.0,0.0,0.0,0.0,0.0,0.0,-1.0522981441883519,-0.0017821149523044033,-1.210466143572161,-1.093352647361055,0.12712149166544684,-1.2726928610163493,0.0,0.0,0.0
34.88000000000163,0.0,0.0,-0.13510111316965664,0.0,0.0,0.0,0.0,0.0,0.0,-1.0441641146589846,-0.022473616437384325,-1.2036462711760023,-1.0870411984661632,0.10927986522224815,-1.2659294670814916,0.0,0.0,0.0
34.89000000000163,0.0,0.0,-0.15498725384254664,0.0,0.0,0.0,0.0,0.0,0.0,-1.0357508732792988,-0.04323731067132952,-1.1968362598387623,-1.0804489364556074,0.09133782190141485,-1.2591755121499288,0.0,0.0,0.0
34.900000000001626,0.0,0.0,-0.17483178624004533,0.0,0.0,0.0,0.0,0.0,0.0,-1.0270598860361413,-0.06405569995285987,-1.190037075217891,-1.0735781612149575,0.07331525165037509,-1.252430965998638,0.0,0.0,0.0
34.910000000001624,0.0,0.0,-0.19462742754159104,0.0,0.0,0.0,0.0,0.0,0.0,-1.0180936013525446,-0.08490605684068775,-1.1832526529629748,-1.0664309001791064,0.055232132133934825,-1.2456958408996153,0.0,0.0,0.0
34.92000000000162,0.0,0.0,-0.2143662578536222,0.0,0.0,0.0,0.0,0.0,0.0,-1.008852946201606,-0.10576053520819156,-1.1764800842817478,-1.0590079582238814,0.03710702012746418,-1.238966105728909,0.0,0.0,0.0
34.93000000000162,0.0,0.0,-0.23404134374533925,0.0,0.0,0.0,0.0,0.0,0.0,-0.9993400089238946,-0.1265980783896234,-1.1697186553720011,-1.0513130277697316,0.01895606611147956,-1.232249404311429,0.0,0.0,0.0
34.94000000000162,0.0,0.0,-0.25367192855904674,0.0,0.0,0.0,0.0,0.0,0.0,-0.9895580954953322,-0.1475850159967897,-1.162964443735555,-1.043348054848358,-0.024688797866221746,-1.2255476534568586,0.0,0.0,0.0
34.950000000001616,0.0,0.0,-0.2732448618710418,0.0,0.0,0.0,0.0,0.0,0.0,-0.9795129392899771,-0.16865793363505294,-1.1562293912938595,-1.035113175891815,-0.04020483342825029,-1.2188591024714792,0.0,0.0,0.0
34.960000000001614,0.0,0.0,-0.292724316164686,0.0,0.0,0.0,0.0,0.0,0.0,-0.9692074798518786,-0.18958768317848326,-1.1495192770899694,-1.0266069164385596,-0.05653241146791879,-1.2121725615911447,0.0,0.0,0.0
34.97000000000161,0.0,0.0,-0.31210840251920896,0.0,0.0,0.0,0.0,0.0,0.0,-0.9586434823024179,-0.2103869189143399,-1.1428241054422117,-1.0178331721356348,-0.07374612565479607,-1.20548748433877,0.0,0.0,0.0
34.98000000000161,0.0,0.0,-0.3313946464980281,0.0,0.0,0.0,0.0,0.0,0.0,-0.947826930855368,-0.23106454919259523,-1.1361473179254626,-1.0087977672974306,-0.09173321047308922,-1.1988225521936344,0.0,0.0,0.0
34.99000000000161,0.0,0.0,-0.35057982885579675,0.0,0.0,0.0,0.0,0.0,0.0,-0.9367633820175136,-0.25162381723673777,-1.1294896422695702,-0.999500313760471,-0.11038899675967802,-1.1921713527576916,0.0,0.0,0.0
35.000000000001606,0.0,0.0,-0.3696601432376612,0.0,0.0,0.0,0.0,0.0,0.0,-0.925458848911854,-0.2720634043370773,-1.1228524173444698,-0.9899425921030172,-0.12961805467011844,-1.185533557158969,0.0,0.0,0.0
