time,ref_x,ref_y,ref_z,ref_vx,ref_vy,ref_vz,ref_phi,ref_theta,ref_psi
0.01,9.0,3.0,8.0,0.0,3.141592653589793,0.0,-0.45379037503405384,0.2643909240830706,0.0
0.02,8.999901304280685,3.0314150997083815,8.0,-0.01973907892364704,3.1413446066405433,0.0,-0.389172890849224,0.1251588024802076,0.00986953946182352
0.03,8.999605221019081,3.062825238608344,8.0,-0.03947737858225689,3.140600504962283,0.0,-0.355635289695591,0.08826386711116548,0.019738689291128445
0.04,8.999111761904045,3.0942254566748364,8.0,-0.059214119741556416,3.1393604660572936,0.0,-0.3661311025517349,0.08650986461433133,0.029607059870778208
0.05,8.9984209464165,3.1256107954494237,8.0,-0.07894852322879936,3.1376246857420926,0.0,-0.3251032021480691,0.05002458341364421,0.03947426161439968
0.060000000000000005,8.997532801828658,3.1569762988232832,8.0,-0.09867980996352674,3.1353934381165134,0.0,-0.32258833264472964,0.043416629484166754,0.04933990498176337
0.07,8.996447363202947,3.188317013819832,8.0,-0.11840720098832369,3.132667075520422,0.0,-0.31928319153880325,0.03801647538487431,0.059203600494161845
0.08,8.995164673390622,3.219627991376858,8.0,-0.13812991749957118,3.129446028478077,0.0,-0.31567245024330975,0.03390053970361817,0.06906495874978559
0.09,8.993684783030087,3.250904287128037,8.0,-0.15784718087819213,3.125730805630146,0.0,-0.3134737298338205,0.03203939657480483,0.07892359043909607
0.09999999999999999,8.992007750544875,3.2821409621837043,8.0,-0.17755821272038966,3.121521993653385,0.0,-0.31080597828883433,0.030915040806108178,0.08877910636019483
0.10999999999999999,8.990133642141359,3.3133330839107606,8.0,-0.19726223486837732,3.1168202571679955,0.0,-0.3085568542054979,0.0272406537873529,0.09863111743418866
0.11999999999999998,8.988062531806126,3.344475726711595,8.0,-0.21695846944109945,3.111626338632672,0.0,-0.3073404957176301,0.024721038413973027,0.10847923472054972
0.12999999999999998,8.985794501303069,3.375563972801893,8.0,-0.23664613886494046,3.105941058227362,0.0,-0.30602931829204066,0.02270544803919728,0.11832306943247023
0.13999999999999999,8.98332964017015,3.406592912987209,8.0,-0.25632446590442215,3.0997653137237466,0.0,-0.301160807192488,0.019043271982252218,0.12816223295221107
0.15,8.980668045715863,3.43755764743819,8.0,-0.2759926736928877,3.093100080343475,0.0,-0.298672369134427,0.01771574821791605,0.13799633684644386
0.16,8.9778098230154,3.4684532864643116,8.0,-0.2956499857631711,3.085946410604164,0.0,-0.2958740214658929,0.01580485221751922,0.14782499288158554
0.17,8.974755084906501,3.4992749512860177,8.0,-0.31529562607825035,3.078305434153192,0.0,-0.375495368963261,0.026889744848007404,0.15764781303912517
0.18000000000000002,8.971503951984994,3.5300177748051365,8.0,-0.3349288190618846,3.070178357589319,0.0,-0.982923549221244,0.12876129251567417,0.1674644095309423
0.19000000000000003,8.968056552600043,3.560676902373453,8.0,-0.3545487896292323,3.0615664642721456,0.0,-1.0471975511965976,0.19462823599896922,0.17727439481461615
0.20000000000000004,8.964413022849069,3.5912474925593116,8.0,-0.3741547632174502,3.05247111411946,0.0,-1.0471975511965976,0.24483437056829946,0.1870773816087251
0.21000000000000005,8.96057350657239,3.6217247179121372,8.0,-0.3937459658162719,3.042893743392486,0.0,-1.0471975511965976,0.2928524359204106,0.19687298290813596
0.22000000000000006,8.956538155347534,3.6521037657247426,8.0,-0.4133216239985642,3.0328358644690883,0.0,-1.0471975511965976,0.341926076211518,0.2066608119992821
0.23000000000000007,8.952307128483255,3.682379838793313,8.0,-0.4328809649508611,3.0222990656049418,0.0,-1.0471975511965976,0.3958763586784873,0.21644048247543055
0.24000000000000007,8.947880593013256,3.7125481561749405,8.0,-0.45242321650387257,3.0112850106827334,0.0,-1.0471975511965976,0.4417957596803034,0.22621160825193629
0.25000000000000006,8.94325872368957,3.742603953942587,8.0,-0.47194760716296913,2.9997954389494157,0.0,-1.0471975511965976,0.4839291353281426,0.23597380358148456
0.26000000000000006,8.93844170297569,3.7725424859373686,8.0,-0.4914533661386386,2.9878321647415556,0.0,-1.0471975511965976,0.5207794838972675,0.2457266830693193
0.2700000000000001,8.93342972103934,3.8023590245180237,8.0,-0.5109397233769158,2.975397077198834,0.0,-0.9819712239836922,0.4934611309423974,0.2554698616884579
0.2800000000000001,8.92822297574499,3.8320488613074666,8.0,-0.5304059095897832,2.9624921399657254,0.0,-0.9194808180244147,0.4719249463638197,0.2652029547948916
0.2900000000000001,8.922821672646027,3.8616073079362927,8.0,-0.5498511562855403,2.9491193908814175,0.0,-0.8596247689025819,0.4556098123732658,0.27492557814277013
0.3000000000000001,8.91722602497665,3.891029696783127,8.0,-0.5692746957991431,2.935280941658013,0.0,-0.8050071765963607,0.44419151901669796,0.28463734789957157
0.3100000000000001,8.911436253643444,3.920311381711695,8.0,-0.5886757613225104,2.9209789775470645,0.0,-0.754403969634597,0.436192425730477,0.2943378806612552
0.3200000000000001,8.90545258721667,3.949447738804503,8.0,-0.6080535869347949,2.906215756994499,0.0,-0.7076622040261993,0.4306947107893868,0.30402679346739747
0.3300000000000001,8.899275261921234,3.978434167093006,8.0,-0.6274074076326218,2.890993611283982,0.0,-0.6640238995551851,0.426753652960857,0.3137037038163109
0.34000000000000014,8.892904521627361,4.0072660892841565,8.0,-0.6467364593602889,2.875314944168782,0.0,-0.6233152455781164,0.42431771564898885,0.32336822968014445
0.35000000000000014,8.886340617840968,4.03593895248321,8.0,-0.6660399790399305,2.85918223149219,0.0,-0.5852570465443999,0.4231811116899991,0.33301998951996525
0.36000000000000015,8.879583809693738,4.064448228912681,8.0,-0.6853172046016429,2.8425980207965535,0.0,-0.5495057647636619,0.4231460299996013,0.34265860230082146
0.37000000000000016,8.872634363932885,4.092789416627332,8.0,-0.7045673750135686,2.825564930920991,0.0,-0.515730701059604,0.42401517631658725,0.3522836875067843
0.38000000000000017,8.865492554910633,4.12095804022508,8.0,-0.7237897303119413,2.8080856515878487,0.0,-0.48364673065094493,0.4255979194066879,0.36189486515597064
0.3900000000000002,8.85815866457337,4.148949651553719,8.0,-0.7429835116310878,2.790162942977959,0.0,-0.45306485093312826,0.4277974587137674,0.3714917558155439
0.4000000000000002,8.850632982450529,4.1767598304133315,8.0,-0.7621479612333866,2.771799635294778,0.0,-0.4239950500217914,0.4306750128926477,0.3810739806166933
0.4100000000000002,8.842915805643155,4.2043841852542885,8.0,-0.7812823225391824,2.7529986283174632,0.0,-0.3968502367637585,0.43456633576848097,0.3906411612695912
0.4200000000000002,8.835007438812175,4.231818353870729,8.0,-0.8003858401566538,2.7337628909429648,0.0,-0.3734985831905899,0.44042362073122354,0.4001929200783269
0.4300000000000002,8.82690819416637,4.259058004089402,8.0,-0.819457759911636,2.714095460717201,0.0,-0.35087061440245637,0.4462219397481845,0.409728879955818
0.4400000000000002,8.818618391450048,4.286098834453766,8.0,-0.8384973288773933,2.693999443355398,0.0,-0.32899056838023233,0.4520882014291635,0.4192486644386966
0.45000000000000023,8.81013835793043,4.312936574903239,8.0,-0.8575037954043438,2.673478012251657,0.0,-0.30915734511933934,0.45805528774469384,0.4287518977021719
0.46000000000000024,8.801468428384716,4.339566987447491,8.0,-0.8764764091497337,2.6525344079778406,0.0,-0.28815732503699887,0.46199030725646323,0.43823820457486684
0.47000000000000025,8.79260894508688,4.365985866835673,8.0,-0.895414421107258,2.6311719377718505,0.0,-0.2661718764136889,0.4633101842278372,0.447707210553629
0.48000000000000026,8.783560257794152,4.39218904122047,8.0,-0.9143170836366322,2.6093939750153736,0.0,-0.24592267846428145,0.46286294297079905,0.4571585418183161
0.49000000000000027,8.774322723733214,4.418172372816891,8.0,-0.9331836504931061,2.5872039587011866,0.0,-0.22765504634980224,0.45871562867775895,0.46659182524655307
0.5000000000000002,8.764896707586093,4.443931758555669,8.0,-0.9520133768569248,2.564605392890101,0.0,-0.21278027229165353,0.44993476264027543,0.4760066884284624
0.5100000000000002,8.755282581475768,4.469463130731183,8.0,-0.9708055193627332,2.5416018461576297,0.0,-0.20343547296737294,0.4306255635071541,0.4854027596813666
0.5200000000000002,8.745480724951474,4.494762457643797,8.0,-0.9895593361289224,2.518196951030467,0.0,-0.20098874676388503,0.4022649823255249,0.4947796680644612
0.5300000000000002,8.735491524973721,4.519825744236513,8.0,-1.0082740867869184,2.494394403412871,0.0,-0.20737465726583057,0.36293435065407176,0.5041370433934592
0.5400000000000003,8.725315375899024,4.544649032725836,8.0,-1.0269490325104098,2.4701979620030383,0.0,-0.21809661552351886,0.32238028583148237,0.5134745162552049
0.5500000000000003,8.714952679464322,4.569228403226751,8.0,-1.0455834360445158,2.445611447699563,0.0,-0.22788283094936898,0.2871845053050187,0.5227917180222579
0.5600000000000003,8.704403844771127,4.593559974371724,8.0,-1.0641765617348926,2.4206387429980682,0.0,-0.23326650656172954,0.25798886354219486,0.5320882808674463
0.5700000000000003,8.69366928826937,4.61763990392361,8.0,-1.0827276755567743,2.3952837913781195,0.0,-0.2313063787351215,0.24341678507765568,0.5413638377783871
0.5800000000000003,8.682749433740963,4.641464389382391,8.0,-1.1012360451439516,2.3695505966805017,0.0,-0.22552440879590122,0.2336987190662822,0.5506180225719758
0.5900000000000003,8.67164471228306,4.665029668585629,8.0,-1.1197009398176847,2.343443222474966,0.0,-0.21686596486563472,0.23072870387751135,0.5598504699088424
0.6000000000000003,8.660355562291056,4.6883320203025605,8.0,-1.1381216306155488,2.316965791418546,0.0,-0.2072005517917595,0.22807349920701792,0.5690608153077744
0.6100000000000003,8.648882429441256,4.711367764821722,8.0,-1.1564973903202131,2.2901224846045416,0.0,-0.2016234574283247,0.2197776855431306,0.5782486951601066
0.6200000000000003,8.637225766673307,4.734133264532012,8.0,-1.174827493488148,2.2629175409022757,0.0,-0.1964306181588801,0.21193779823190753,0.587413746744074
0.6300000000000003,8.62538603417229,4.756624924497123,8.0,-1.1931112164782667,2.235355256287729,0.0,-0.19085923539351685,0.2030570204496412,0.5965556082391333
0.6400000000000003,8.613363699350575,4.778839193023213,8.0,-1.2113478374804922,2.207439983165155,0.0,-0.18644353784219794,0.1962203925709008,0.6056739187402461
0.6500000000000004,8.601159236829352,4.800772562219768,8.0,-1.2295366365442544,2.179176129679782,0.0,-0.18085613266702308,0.18648192965605678,0.6147683182721272
0.6600000000000004,8.588773128419906,4.822421568553529,8.0,-1.2476768956069093,2.1505681590217223,0.0,-0.17756900412969082,0.18086592390409742,0.6238384478034547
0.6700000000000004,8.576205863104587,4.843782793395435,8.0,-1.2657678985220908,2.1216205887211754,0.0,-0.17230127127661735,0.1705694040252456,0.6328839492610454
0.6800000000000004,8.563457937017514,4.864852863560455,8.0,-1.2838089310879803,2.0923379899350643,0.0,-0.16933251453564546,0.16469951961568877,0.6419044655439902
0.6900000000000004,8.550529853424978,4.88562845184026,8.0,-1.3017992810755037,2.0627249867251902,0.0,-0.1656857492210847,0.15580856860404638,0.6508996405377518
0.7000000000000004,8.537422122705586,4.90610627752862,8.0,-1.3197382382564478,2.0327862553280456,0.0,-0.16219900242900176,0.14813189074943348,0.6598691191282239
0.7100000000000004,8.524135262330098,4.926283106939473,8.0,-1.337625094431499,2.002526523416379,0.0,-0.15941490890398793,0.1412269800434514,0.6688125472157495
0.7200000000000004,8.510669796841015,4.946155753917559,8.0,-1.3554591434582026,1.9719505693526416,0.0,-0.15839430563019266,0.13311899702622473,0.6777295717291013
0.7300000000000004,8.497026257831855,4.965721080341547,8.0,-1.373239681278841,1.9410632214344263,0.0,-0.19169375283567733,0.15922939285424795,0.6866198406394205
0.7400000000000004,8.483205183926179,4.984975996619589,8.0,-1.3909660059482254,1.9098693571320278,0.0,-0.23249652018980216,0.1784957523207109,0.6954830029741127
0.7500000000000004,8.46920712075632,5.003917462177191,8.0,-1.40863741766141,1.8783739023182313,0.0,-0.31511853087095604,0.2472738001865893,0.704318708830705
0.7600000000000005,8.45503262094184,5.022542485937368,8.0,-1.426253218781319,1.8465818304904567,0.0,-0.4473621756964377,0.3324489235945479,0.7131266093906595
0.7700000000000005,8.440682244067723,5.04084812679296,8.0,-1.443812713866287,1.8144981619853924,0.0,-0.88527855524726,1.025294270538295,0.7219063569331435
0.7800000000000005,8.426156556662276,5.058831494071068,8.0,-1.4613152096975155,1.78212796318622,0.0,-1.0471975511965976,1.0471975511965976,0.7306576048487577
0.7900000000000005,8.411456132174767,5.076489747989531,8.0,-1.4787600153064369,1.7494763457225786,0.0,1.0471975511965976,-1.0471975511965976,0.7393800076532184
0.8000000000000005,8.396581550952781,5.093820100105354,8.0,-1.496146442001997,1.716548465663374,0.0,0.32523409930511543,-0.9627573215462283,0.7480732210009985
0.8100000000000005,8.381533400219318,5.110819813755038,8.0,-1.5134738033978403,1.6833495227025799,0.0,0.22544587885920073,-0.5390641757737455,0.7567369016989202
0.8200000000000005,8.366312274049601,5.12748620448673,8.0,-1.5307414154394072,1.6498847593381443,0.0,0.16185204284911037,-0.36544352861740953,0.7653707077197036
0.8300000000000005,8.35091877334763,5.143816640484131,8.0,-1.5479485964309416,1.6161594600441387,0.0,0.1300120864041888,-0.27868861181943555,0.7739742982154708
0.8400000000000005,8.33535350582245,5.159808542982088,8.0,-1.5650946670624015,1.5821789504362775,0.0,0.12782444136629725,-0.24683025195963526,0.7825473335312008
0.8500000000000005,8.319617085964175,5.175459386673815,8.0,-1.582178950436277,1.5479485964309416,0.0,0.07535305404945475,-0.16455475765947164,0.7910894752181385
0.8600000000000005,8.303710135019719,5.190766700109659,8.0,-1.5992007720943142,1.5134738033978397,0.0,-0.000518719905457133,-0.2412224364611069,0.7996003860471571
0.8700000000000006,8.287633280968262,5.205728066087383,8.0,-1.6161594600441387,1.4787600153064369,0.0,0.003916524089428448,-0.2084379884131651,0.8080797300220693
0.8800000000000006,8.271387158496475,5.220341122033862,8.0,-1.6330543447857893,1.4438127138662875,0.0,0.015747477257010433,-0.19765453048931983,0.8165271723928946
0.8900000000000006,8.254972408973458,5.23460356037816,8.0,-1.6498847593381447,1.40863741766141,0.0,0.01839052612062836,-0.17111310330265372,0.8249423796690724
0.9000000000000006,8.238389680425417,5.248513128915928,8.0,-1.6666500392652563,1.3732396812788408,0.0,-0.39805459811169697,0.32950069503748514,0.8333250196326282
0.9100000000000006,8.221639627510076,5.262067631165049,8.0,-1.68334952270258,1.337625094431499,0.0,-0.38547359322802055,0.3524368070407721,0.84167476135129
0.9200000000000006,8.204722911490846,5.275264926712489,8.0,-1.6999825503831032,1.3017992810755041,0.0,-0.16240042335046945,-1.0471975511965976,0.8499912751915516
0.9300000000000006,8.187640200210708,5.288102931552293,8.0,-1.716548465663374,1.265767898522091,0.0,-0.24583131721708668,-1.0471975511965976,0.858274232831687
0.9400000000000006,8.170392168065856,5.300579618414676,8.0,-1.733046614549422,1.229536636544254,0.0,-0.4167593033619135,-1.0471975511965976,0.866523307274711
0.9500000000000006,8.152979495979064,5.312693017086145,8.0,-1.7494763457225784,1.1931112164782667,0.0,-1.0471975511965976,-1.0471975511965976,0.8747381728612892
0.9600000000000006,8.13540287137281,5.324441214720628,8.0,-1.7658370105651893,1.1564973903202134,0.0,1.0471975511965976,1.0471975511965976,0.8829185052825946
0.9700000000000006,8.117662988142136,5.33582235614153,8.0,-1.7821279631862204,1.119700939817685,0.0,0.6535560771338321,1.0471975511965976,0.8910639815931102
0.9800000000000006,8.099760546627262,5.346834644134685,8.0,-1.7983485604467566,1.082727675556774,0.0,0.373210975934534,1.0471975511965976,0.8991742802233783
0.9900000000000007,8.08169625358592,5.357476339732161,8.0,-1.814498161985392,1.045583436044516,0.0,0.25693310081460524,1.0471975511965976,0.907249080992696
1.0000000000000007,8.06347082216547,5.3677457624868605,8.0,-1.830576130243511,1.0082740867869189,0.0,0.09457181951681459,1.0471975511965976,0.9152880651217555
1.0100000000000007,8.045084971874736,5.377641290737884,8.0,-1.8465818304904567,0.9708055193627333,0.0,0.09216365183713925,1.0471975511965976,0.9232909152452283
1.0200000000000007,8.026539428555608,5.387161361866607,8.0,-1.862514630848589,0.9331836504931059,0.0,0.08836512581723473,1.0471975511965976,0.9312573154242945
1.0300000000000007,8.007834924354384,5.39630447254344,8.0,-1.8783739023182309,0.8954144211072581,0.0,0.08554172503221175,1.0471975511965976,0.9391869511591154
1.0400000000000007,7.988972197692855,5.405069178965214,8.0,-1.8941590188025008,0.8575037954043444,0.0,0.08257143333828995,1.0471975511965976,0.9470795094012504
1.0500000000000007,7.969951993239177,5.413454097083185,8.0,-1.9098693571320282,0.8194577599116362,0.0,0.079116094222889,1.0471975511965976,0.9549346785660141
1.0600000000000007,7.950775061878452,5.421457902821578,8.0,-1.9255042970895562,0.7812823225391823,0.0,0.07516010398572065,0.9978087187473887,0.9627521485447781
1.0700000000000007,7.931442160683094,5.429079332286685,8.0,-1.9410632214344266,0.7429835116310873,0.0,0.0707336743829502,0.9509454131692032,0.9705316107172133
1.0800000000000007,7.911954052882941,5.436317181966443,8.0,-1.9565455159269467,0.7045673750135691,0.0,0.06582230920210197,0.9164272769050186,0.9782727579634733
1.0900000000000007,7.892311507835117,5.443170308920484,8.0,-1.9719505693526411,0.666039979039931,0.0,0.060257731145460465,0.893307335094066,0.9859752846763206
1.1000000000000008,7.872515300993669,5.449637630960617,8.0,-1.9872777735463776,0.6274074076326217,0.0,0.0508178220075702,0.8781191983618585,0.9936388867731888
1.1100000000000008,7.852566213878946,5.455718126821722,8.0,-2.002526523416379,0.5886757613225108,0.0,0.040725687604694416,0.8751139727358922,1.0012632617081896
1.1200000000000008,7.832465034046749,5.461410836323013,8.0,-2.017696216968111,0.5498511562855403,0.0,0.03015007970979293,0.8850083145118617,1.0088481084840555
1.1300000000000008,7.81221255505724,5.46671486051967,8.0,-2.0327862553280456,0.5109397233769163,0.0,0.018999908494191666,0.9082647644372204,1.0163931276640228
1.1400000000000008,7.79180957644361,5.471629361844785,8.0,-2.047796042767308,0.47194760716296913,0.0,0.005740472192988142,0.9499558629573566,1.023898021383654
1.1500000000000008,7.771256903680519,5.476153564241628,8.0,-2.0627249867251907,0.43288096495086076,0.0,-0.008033956971947098,1.0083635849916934,1.0313624933625953
1.1600000000000008,7.750555348152298,5.480286753286195,8.0,-2.077572497832547,0.3937459658162719,0.0,-0.022174515732053406,1.0471975511965976,1.0387862489162736
1.1700000000000008,7.729705727120911,5.484028276300021,8.0,-2.092337989935064,0.35454878962923275,0.0,-0.036576378025827784,1.0471975511965976,1.046168994967532
1.1800000000000008,7.708708863693696,5.487377542453251,8.0,-2.1070208801163943,0.3152956260782504,0.0,-0.05145869843351436,1.0471975511965976,1.0535104400581972
1.1900000000000008,7.687565586790869,5.490334022857931,8.0,-2.1216205887211754,0.27599267369288816,0.0,-0.07097211622142152,1.0471975511965976,1.0608102943605877
1.2000000000000008,7.6662767311128,5.492897250651534,8.0,-2.1361365393779104,0.23664613886494054,0.0,-0.3038754179094382,1.0471975511965976,1.0680682696889552
1.2100000000000009,7.644843137107058,5.4950668210706795,8.0,-2.1505681590217223,0.1972622348683771,0.0,0.09315311380509458,-1.0471975511965976,1.0752840795108611
1.2200000000000009,7.623265650935234,5.4968423915150435,8.0,-2.1649148779169782,0.15784718087819224,0.0,0.08457794019884317,-1.0471975511965976,1.0824574389584891
1.2300000000000009,7.601545124439534,5.498223681601473,8.0,-2.179176129679782,0.11840720098832347,0.0,0.10079006892183065,-1.0471975511965976,1.089588064839891
1.2400000000000009,7.579682415109156,5.49921047320825,8.0,-2.1933513513003335,0.07894852322879953,0.0,0.11838960476255972,-1.0471975511965976,1.0966756756501668
1.2500000000000009,7.557678386046427,5.499802610509541,8.0,-2.2074399831651546,0.03947737858225672,0.0,0.1370489522940679,-1.0471975511965976,1.1037199915825773
1.260000000000001,7.535533905932738,5.5,8.0,-2.221441469079183,1.9236706937217898e-16,0.0,0.15647506128341315,-1.0471975511965976,1.1107207345395915
1.270000000000001,7.5132498489942465,5.499802610509541,8.0,-2.235355256287729,-0.039477378582256334,-0.0,0.17630274088476414,-1.0471975511965976,1.1176776281438645
1.280000000000001,7.490827094967363,5.49921047320825,8.0,-2.2491807954982983,-0.07894852322879913,-0.0,0.1961721247699856,-1.0471975511965976,1.1245903977491492
1.290000000000001,7.468266529064024,5.498223681601473,8.0,-2.2629175409022757,-0.1184072009883238,-0.0,0.21591625593040295,-1.0471975511965976,1.1314587704511379
1.300000000000001,7.445569041936742,5.4968423915150435,8.0,-2.276564950196474,-0.15784718087819255,-0.0,0.24022938295622542,-1.0471975511965976,1.138282475098237
1.310000000000001,7.422735529643443,5.4950668210706795,8.0,-2.2901224846045416,-0.1972622348683774,-0.0,0.239320714215664,-1.0471975511965976,1.1450612423022708
1.320000000000001,7.399766893612096,5.492897250651534,8.0,-2.303589608898235,-0.23664613886494015,-0.0,0.23201928406074845,-1.0471975511965976,1.1517948044491175
1.330000000000001,7.376664040605122,5.490334022857931,8.0,-2.316965791418546,-0.27599267369288777,-0.0,0.21765730539437247,-1.0471975511965976,1.158482895709273
1.340000000000001,7.3534278826836,5.487377542453251,8.0,-2.3302505040966928,-0.3152956260782507,-0.0,0.19972039585102117,-1.0471975511965976,1.1651252520483464
1.350000000000001,7.330059337171258,5.484028276300021,8.0,-2.343443222474966,-0.35454878962923164,-0.0,0.1787603728352002,-1.0471975511965976,1.171721611237483
1.360000000000001,7.30655932661826,5.480286753286195,8.0,-2.356543425727433,-0.3937459658162716,-0.0,0.1552557799388257,-1.0471975511965976,1.1782717128637166
1.370000000000001,7.2829287787647825,5.476153564241628,8.0,-2.3695505966805017,-0.432880964950861,-0.0,0.129646943167664,-1.0471975511965976,1.1847752983402509
1.380000000000001,7.259168626504394,5.471629361844785,8.0,-2.3824642218333336,-0.4719476071629694,-0.0,0.10232849245250643,-1.0471975511965976,1.1912321109166668
1.390000000000001,7.235279807847221,5.46671486051967,8.0,-2.3952837913781195,-0.5109397233769165,-0.0,0.07365092605146555,-1.0471975511965976,1.1976418956890598
1.400000000000001,7.211263265882922,5.461410836323013,8.0,-2.408008799220205,-0.5498511562855399,-0.0,0.04369506069424232,-1.0471975511965976,1.2040043996101024
1.410000000000001,7.187119948743449,5.455718126821722,8.0,-2.4206387429980682,-0.5886757613225103,-0.0,0.013497334055629709,-1.0471975511965976,1.2103193714990341
1.420000000000001,7.162850809565622,5.449637630960617,8.0,-2.4331731241031553,-0.6274074076326221,-0.0,-0.017180713568285547,-1.0471975511965976,1.2165865620515777
1.430000000000001,7.138456806453503,5.443170308920484,8.0,-2.4456114476995627,-0.6660399790399297,-0.0,-0.0481483279994429,-1.0471975511965976,1.2228057238497814
1.440000000000001,7.113938902440562,5.436317181966443,8.0,-2.4579532227435728,-0.7045673750135681,-0.0,-0.07921805190880753,-1.0471975511965976,1.2289766113717864
1.450000000000001,7.089298065451672,5.429079332286685,8.0,-2.4701979620030388,-0.7429835116310877,-0.0,-0.11021601538100528,-1.0471975511965976,1.2350989810015194
1.460000000000001,7.0645352682648825,5.421457902821578,8.0,-2.482345182076621,-0.7812823225391826,-0.0,-0.1409769276604789,-1.0471975511965976,1.2411725910383105
1.470000000000001,7.039651488473027,5.413454097083185,8.0,-2.494394403412871,-0.8194577599116366,-0.0,-0.17134197999917025,-1.0471975511965976,1.2471972017064354
1.480000000000001,7.014647708445124,5.405069178965215,8.0,-2.506345150329161,-0.8575037954043433,-0.0,-0.2011638174160767,-1.0471975511965976,1.2531725751645806
1.490000000000001,6.9895249152875945,5.39630447254344,8.0,-2.5181969510304665,-0.8954144211072578,-0.0,-0.2303260468834703,-1.0471975511965976,1.2590984755152332
1.500000000000001,6.964284100805296,5.387161361866607,8.0,-2.52994933762799,-0.9331836504931063,-0.0,-0.25879283187160845,-1.0471975511965976,1.264974668813995
1.5100000000000011,6.938926261462366,5.377641290737884,8.0,-2.5416018461576297,-0.970805519362733,-0.0,-0.28669403875512517,-1.0471975511965976,1.2708009230788149
1.5200000000000011,6.913452398342881,5.3677457624868605,8.0,-2.5531540165983033,-1.0082740867869178,-0.0,-0.3144297723483578,-1.0471975511965976,1.2765770082991517
1.5300000000000011,6.887863517111338,5.357476339732161,8.0,-2.564605392890101,-1.0455834360445158,-0.0,-0.3427063104042978,-1.0471975511965976,1.2823026964450506
1.5400000000000011,6.862160627972955,5.346834644134685,8.0,-2.575955522952296,-1.0827276755567743,-0.0,-0.3724104851194307,-1.0471975511965976,1.287977761476148
1.5500000000000012,6.836344745633782,5.33582235614153,8.0,-2.5872039587011866,-1.1197009398176851,-0.0,-0.40240985687740916,-1.0471975511965976,1.2936019793505933
1.5600000000000012,6.810416889260654,5.324441214720629,8.0,-2.5983502560677905,-1.1564973903202125,-0.0,-0.4295392908685396,-1.0471975511965976,1.2991751280338952
1.5700000000000012,6.7843780824409405,5.312693017086145,8.0,-2.609393975015373,-1.1931112164782662,-0.0,-0.456083419908066,-1.0471975511965976,1.3046969875076866
1.5800000000000012,6.758229353142151,5.300579618414676,8.0,-2.6203346795568203,-1.2295366365442544,-0.0,-0.47902222072952766,-1.0471975511965976,1.3101673397784102
1.5900000000000012,6.731971733671346,5.288102931552294,8.0,-2.63117193777185,-1.2657678985220906,-0.0,-0.5033910971003689,-1.0471975511965976,1.315585968885925
1.6000000000000012,6.705606260634379,5.275264926712489,8.0,-2.641905321824065,-1.3017992810755037,-0.0,-0.5300985028419953,-1.0471975511965976,1.3209526609120326
1.6100000000000012,6.679133974894983,5.262067631165049,8.0,-2.6525344079778406,-1.337625094431499,-0.0,-0.5551723942008963,-1.0471975511965976,1.3262672039889203
1.6200000000000012,6.65255592153367,5.248513128915928,8.0,-2.6630587766150557,-1.3732396812788417,-0.0,-0.5828807551262829,-1.0471975511965976,1.3315293883075279
1.6300000000000012,6.625873149806478,5.23460356037816,8.0,-2.6734780122516573,-1.408637417661411,-0.0,-0.6098755612566266,-1.0471975511965976,1.3367390061258286
1.6400000000000012,6.5990867131035476,5.220341122033862,8.0,-2.683791703554062,-1.443812713866287,-0.0,-0.6289631850713419,-1.0471975511965976,1.341895851777031
1.6500000000000012,6.572197668907532,5.205728066087383,8.0,-2.6939994433553984,-1.4787600153064373,-0.0,-0.6307030735523365,-1.0471975511965976,1.3469997216776992
1.6600000000000013,6.545207078751856,5.190766700109659,8.0,-2.7041008286715766,-1.5134738033978405,-0.0,-0.6313209317096865,-1.0471975511965976,1.3520504143357883
1.6700000000000013,6.518116008178804,5.175459386673815,8.0,-2.714095460717201,-1.5479485964309412,-0.0,-0.6459938573850789,-1.0471975511965976,1.3570477303586006
1.6800000000000013,6.490925526697454,5.159808542982089,8.0,-2.7239829449213127,-1.582178950436277,-0.0,-0.6636479268582969,-1.0471975511965976,1.3619914724606563
1.6900000000000013,6.463636707741458,5.143816640484131,8.0,-2.7337628909429648,-1.6161594600441391,-0.0,-0.6781499153321553,-1.0471975511965976,1.3668814454714824
1.7000000000000013,6.436250628626661,5.127486204486729,8.0,-2.743434912686634,-1.649884759338145,-0.0,-0.6882756301978443,-1.0471975511965976,1.371717456343317
1.7100000000000013,6.408768370508575,5.110819813755038,8.0,-2.7529986283174637,-1.6833495227025808,-0.0,-0.6944958794073868,-1.0471975511965976,1.3764993141587318
1.7200000000000013,6.381191018339695,5.093820100105354,8.0,-2.762453660276335,-1.7165484656633736,-0.0,-0.6978541925941248,-1.0471975511965976,1.3812268301381676
1.7300000000000013,6.353519660826663,5.076489747989532,8.0,-2.771799635294778,-1.7494763457225786,-0.0,-0.699262573927314,-1.0471975511965976,1.385899817647389
1.7400000000000013,6.325755390387291,5.058831494071068,8.0,-2.7810361844097002,-1.7821279631862208,-0.0,-0.6994592502080481,-1.0471975511965976,1.3905180922048501
1.7500000000000013,6.29789930310744,5.040848126792961,8.0,-2.790162942977959,-1.8144981619853917,-0.0,-0.6989703417696053,-1.0471975511965976,1.3950814714889794
1.7600000000000013,6.269952498697734,5.022542485937368,8.0,-2.7991795506907526,-1.8465818304904564,-0.0,-0.6982162482969805,-1.0471975511965976,1.3995897753453763
1.7700000000000014,6.241916080450161,5.003917462177191,8.0,-2.8080856515878487,-1.8783739023182313,-0.0,-0.6989301596541095,-1.0471975511965976,1.4040428257939244
1.7800000000000014,6.2137911551945075,4.984975996619588,8.0,-2.8168808940716326,-1.9098693571320287,-0.0,-0.6992848411029813,-1.0471975511965976,1.4084404470358163
1.7900000000000014,6.185578833254664,4.965721080341547,8.0,-2.825564930920991,-1.941063221434427,-0.0,-0.6991610709144481,-1.0471975511965976,1.4127824654604955
1.8000000000000014,6.157280228404796,4.946155753917559,8.0,-2.834137419305019,-1.971950569352641,-0.0,-0.6986696697068926,-1.0471975511965976,1.4170687096525094
1.8100000000000014,6.1288964578253635,4.926283106939473,8.0,-2.8425980207965535,-2.002526523416379,-0.0,-0.6978404727368671,-1.0471975511965976,1.4212990103982768
1.8200000000000014,6.100428642059031,4.90610627752862,8.0,-2.850946401385534,-2.032786255328046,-0.0,-0.6966741100787982,-1.0471975511965976,1.425473200692767
1.8300000000000014,6.071877904966421,4.88562845184026,8.0,-2.85918223149219,-2.06272498672519,-0.0,-0.6951672396485317,-1.0471975511965976,1.429591115746095
1.8400000000000014,6.043245373681746,4.864852863560456,8.0,-2.867305185980051,-2.092337989935064,-0.0,-0.6933106904172981,-1.0471975511965976,1.4336525929900255
1.8500000000000014,6.014532178568313,4.843782793395435,8.0,-2.875314944168782,-2.1216205887211754,-0.0,-0.6910883127216265,-1.0471975511965976,1.437657472084391
1.8600000000000014,5.9857394531739025,4.822421568553528,8.0,-2.8832111898468455,-2.1505681590217223,-0.0,-0.6884794412953509,-1.0471975511965976,1.4416055949234228
1.8700000000000014,5.956868334186011,4.800772562219767,8.0,-2.890993611283982,-2.1791761296797825,-0.0,-0.6854612355145725,-1.0471975511965976,1.445496805641991
1.8800000000000014,5.9279199613869835,4.778839193023214,8.0,-2.8986619012435186,-2.207439983165154,-0.0,-0.6820103556265825,-1.0471975511965976,1.4493309506217593
1.8900000000000015,5.898895477609006,4.756624924497123,8.0,-2.906215756994499,-2.235355256287729,-0.0,-0.678104065941927,-1.0471975511965976,1.4531078784972495
1.9000000000000015,5.869796028689002,4.734133264532012,8.0,-2.9136548803236315,-2.2629175409022757,-0.0,-0.6737213845946007,-1.0471975511965976,1.4568274401618158
1.9100000000000015,5.84062276342339,4.711367764821722,8.0,-2.9209789775470645,-2.2901224846045407,-0.0,-0.668842823845777,-1.0471975511965976,1.4604894887735322
1.9200000000000015,5.811376833522729,4.688332020302561,8.0,-2.9281877595219816,-2.316965791418546,-0.0,-0.6634510689767238,-1.0471975511965976,1.4640938797609908
1.9300000000000015,5.782059393566254,4.665029668585629,8.0,-2.935280941658013,-2.343443222474966,-0.0,-0.6575313084963884,-1.0471975511965976,1.4676404708290065
1.9400000000000015,5.752671600956295,4.641464389382391,8.0,-2.942258243928474,-2.3695505966805017,-0.0,-0.6510699665267093,-1.0471975511965976,1.471129121964237
1.9500000000000015,5.723214615872585,4.61763990392361,8.0,-2.9491193908814175,-2.39528379137812,-0.0,-0.6440545640468244,-1.0471975511965976,1.4745596954407088
1.9600000000000015,5.693689601226458,4.593559974371725,8.0,-2.95586411165051,-2.420638742998068,-0.0,-0.6364733228982866,-1.0239077741576,1.477932055825255
1.9700000000000015,5.664097722614933,4.569228403226751,8.0,-2.962492139965725,-2.4456114476995627,-0.0,-0.6308869789239053,-0.95932125826999,1.4812460699828625
1.9800000000000015,5.634440148274712,4.544649032725836,8.0,-2.969003214163853,-2.4701979620030388,-0.0,-0.6295511188261542,-0.9123688088618856,1.4845016070819266
1.9900000000000015,5.604718049036048,4.519825744236514,8.0,-2.9753970771988336,-2.49439440341287,-0.0,-0.6306173245186197,-0.872568246503217,1.4876985385994168
2.0000000000000013,5.574932598276524,4.494762457643798,8.0,-2.9816734766519026,-2.518196951030466,-0.0,-0.633376354829513,-0.8365650124446049,1.4908367383259513
2.010000000000001,5.545084971874737,4.469463130731183,8.0,-2.9878321647415556,-2.5416018461576297,-0.0,-0.6373096757623253,-0.8024243370900949,1.4939160823707778
2.020000000000001,5.51517634816387,4.443931758555669,8.0,-2.993872898333333,-2.564605392890101,-0.0,-0.6419154185806777,-0.7687729543643776,1.4969364491666666
2.0300000000000007,5.485207907885174,4.4181723728168905,8.0,-2.9997954389494157,-2.5872039587011866,-0.0,-0.6467206803075212,-0.7346352889286463,1.4998977194747078
2.0400000000000005,5.45518083414136,4.392189041220471,8.0,-3.0055995527780413,-2.609393975015373,-0.0,-0.6513125115535707,-0.6993869037006188,1.5027997763890206
2.0500000000000003,5.425096312349881,4.365985866835673,8.0,-3.0112850106827334,-2.63117193777185,-0.0,-0.6553472333600578,-0.6626948466266672,1.5056425053413667
2.06,5.394955530196148,4.339566987447492,8.0,-3.01685158821135,-2.65253440797784,-0.0,-0.65855302089986,-0.6244543944997435,1.508425794105675
2.07,5.364759677586627,4.31293657490324,8.0,-3.0222990656049413,-2.6734780122516564,-0.0,-0.660730466710897,-0.5847293060185604,1.5111495328024707
2.0799999999999996,5.334509946601878,4.2860988344537665,8.0,-3.027627227806428,-2.6939994433553975,-0.0,-0.6617354721048021,-0.5436827878917165,1.513813613903214
2.0899999999999994,5.304207531449485,4.259058004089402,8.0,-3.0328358644690883,-2.714095460717201,-0.0,-0.6614244126253102,-0.501484212739146,1.5164179322345441
2.099999999999999,5.27385362841691,4.231818353870729,8.0,-3.037924769964866,-2.7337628909429648,-0.0,-0.6596833006251865,-0.4583323319756972,1.518962384982433
2.109999999999999,5.243449435824274,4.204384185254288,8.0,-3.042893743392486,-2.7529986283174632,-0.0,-0.6564988426449692,-0.4144611312198107,1.521446871696243
2.1199999999999988,5.212996153977037,4.1767598304133315,8.0,-3.047742588585386,-2.7717996352947782,-0.0,-0.6518733182648687,-0.3698976024389877,1.523871294292693
2.1299999999999986,5.182494985118622,4.148949651553719,8.0,-3.05247111411946,-2.7901629429779593,-0.0,-0.6457908125557128,-0.32405962390341647,1.52623555705973
2.1399999999999983,5.151947133382953,4.120958040225081,8.0,-3.0570791333206153,-2.8080856515878487,-0.0,-0.63819303553982,-0.2747043909921976,1.5285395666603077
2.149999999999998,5.1213538047469065,4.092789416627333,8.0,-3.0615664642721456,-2.8255649309209905,-0.0,-0.6270597196379579,-0.2150867226335825,1.5307832321360728
2.159999999999998,5.090716206982713,4.064448228912682,8.0,-3.0659329298219076,-2.8425980207965527,-0.0,-0.6155815140543432,-0.13245030504375202,1.5329664649109538
2.1699999999999977,5.060035549610274,4.03593895248321,8.0,-3.070178357589319,-2.85918223149219,-0.0,-0.6044500431189765,-0.011925110322012005,1.5350891787946594
2.1799999999999975,5.029313043849407,4.0072660892841565,8.0,-3.074302579972159,-2.875314944168782,-0.0,-0.5928501632776364,0.12116314515821773,1.5371512899860795
2.1899999999999973,4.9985499025720355,3.978434167093006,8.0,-3.078305434153192,-2.890993611283982,-0.0,-0.5805859702307816,0.2542654170385486,1.539152717076596
2.199999999999997,4.9677473402543,3.9494477388045026,8.0,-3.0821867621065873,-2.906215756994499,-0.0,-0.5673144583773986,0.3621923479058857,1.5410933810532936
2.209999999999997,4.936906572928624,3.9203113817116955,8.0,-3.0859464106041634,-2.9209789775470645,-0.0,-0.5529327114489417,0.44338752297679046,1.5429732053020817
2.2199999999999966,4.906028818135686,3.891029696783127,8.0,-3.089584231221436,-2.935280941658013,-0.0,-0.53720216131649,0.5087716025356159,1.544792115610718
2.2299999999999964,4.87511529487638,3.8616073079362927,8.0,-3.093100080343475,-2.9491193908814175,-0.0,-0.5203132590025116,0.5654595147859217,1.5465500401717376
2.239999999999996,4.84416722356367,3.8320488613074675,8.0,-3.096493819170578,-2.962492139965725,-0.0,-0.5021451162837582,0.6162266065161144,1.548246909585289
2.249999999999996,4.8131858259744185,3.802359024518024,8.0,-3.0997653137237466,-2.9753970771988336,-0.0,-0.4826095746468612,0.6615816891756787,1.5498826568618733
2.259999999999996,4.782172325201154,3.7725424859373686,8.0,-3.1029144348499784,-2.9878321647415556,-0.0,-0.4617106092361772,0.7011501358432621,1.5514572174249892
2.2699999999999956,4.751127945603786,3.742603953942587,8.0,-3.105941058227362,-2.9997954389494157,-0.0,-0.43951168817516495,0.7342349444659682,1.552970529113681
2.2799999999999954,4.72005391276126,3.71254815617494,8.0,-3.10884506436999,-3.011285010682734,-0.0,-0.41611285800725345,0.7600801374165166,1.554422532184995
2.289999999999995,4.68895145342319,3.6823798387933127,8.0,-3.111626338632672,-3.0222990656049418,-0.0,-0.39161411849274375,0.7780223801333243,1.555813169316336
2.299999999999995,4.6578217954614125,3.6521037657247426,8.0,-3.1142847712154627,-3.0328358644690883,-0.0,-0.36606575677013553,0.7876201274702151,1.5571423856077313
2.3099999999999947,4.626666167821521,3.6217247179121372,8.0,-3.1168202571679955,-3.042893743392486,-0.0,-0.3394313671827707,0.7888566420968595,1.5584101285839977
2.3199999999999945,4.595485800474348,3.5912474925593116,8.0,-3.119232696393626,-3.05247111411946,-0.0,-0.3115556681356648,0.7825203797782254,1.559616348196813
2.3299999999999943,4.564281924367409,3.5606769023734537,8.0,-3.121521993653385,-3.0615664642721456,-0.0,-0.2819629616100719,0.7700739539381549,1.5607609968266924
2.339999999999994,4.5330557713763,3.530017774805137,8.0,-3.1236880585697366,-3.070178357589319,-0.0,-0.2496485199833743,0.7531689849631822,1.5618440292848683
2.349999999999994,4.501808574256074,3.4992749512860177,8.0,-3.125730805630146,-3.078305434153192,-0.0,-0.21302361145596183,0.7332945031275796,1.562865402815073
2.3599999999999937,4.470541566592571,3.4684532864643116,8.0,-3.1276501541904578,-3.085946410604164,-0.0,-0.17027029959822862,0.7117348278680684,1.5638250770952289
2.3699999999999934,4.439255982753717,3.437557647438191,8.0,-3.129446028478077,-3.093100080343475,-0.0,-0.12040788562047898,0.6898185133153721,1.5647230142390385
2.3799999999999932,4.407953057840788,3.4065929129872092,8.0,-3.1311183575949615,-3.0997653137237466,-0.0,-0.06489609731771728,0.6690298775220074,1.5655591787974807
2.389999999999993,4.376634027639664,3.375563972801893,8.0,-3.132667075520422,-3.1059410582273617,-0.0,-0.00980728169542585,0.6504387167355954,1.566333537760211
2.399999999999993,4.345300128572029,3.344475726711595,8.0,-3.134092121113726,-3.111626338632672,-0.0,0.04112353236312545,0.6339803518593781,1.567046060556863
2.4099999999999926,4.3139525976465665,3.31333308391076,8.0,-3.1353934381165134,-3.1168202571679955,-0.0,0.08830269350818512,0.6192328983358498,1.5676967190582567
2.4199999999999924,4.282592672410123,3.2821409621837048,8.0,-3.1365709751550175,-3.121521993653385,-0.0,0.1298091101767079,0.6055915291492706,1.5682854875775087
2.429999999999992,4.251221590898848,3.2509042871280376,8.0,-3.1376246857420926,-3.125730805630146,-0.0,0.16357683503514173,0.5922131182156976,1.5688123428710463
2.439999999999992,4.219840591589325,3.219627991376858,8.0,-3.138554528279048,-3.129446028478077,-0.0,0.18956932073104912,0.5784736693036637,1.569277264139524
2.4499999999999917,4.188450913349673,3.1883170138198316,8.0,-3.1393604660572936,-3.132667075520422,-0.0,0.20871713380619383,0.5640550520545011,1.5696802330286468
2.4599999999999915,4.157053795390642,3.156976298823284,8.0,-3.1400424672597853,-3.1353934381165134,-0.0,0.22214960751891188,0.5488026547986923,1.5700212336298927
2.4699999999999913,4.125650477216688,3.125610795449424,8.0,-3.140600504962283,-3.1376246857420926,-0.0,0.23084670099444807,0.532588683889157,1.5703002524811416
2.479999999999991,4.0942421985770405,3.0942254566748364,8.0,-3.141034557134415,-3.1393604660572936,-0.0,0.23557721944570625,0.5152306307735092,1.5705172785672075
2.489999999999991,4.062830199416762,3.0628252386083434,8.0,-3.1413446066405433,-3.140600504962283,-0.0,0.23696111701310724,0.496474564838888,1.5706723033202716
2.4999999999999907,4.031415719827795,3.031415099708381,8.0,-3.141530641240445,-3.1413446066405433,-0.0,0.23553388472848816,0.47597916052448,1.5707653206202226
2.5099999999999905,4.0,3.0000000000000004,8.0,-3.141592653589793,-3.141592653589793,-0.0,0.23318294151364674,0.45346549634782346,1.5707963267948966
2.5199999999999902,3.9685842801722053,2.9685849002916185,8.0,-3.141530641240445,-3.1413446066405433,-0.0,0.2289961265739234,0.4282664766577805,1.5707653206202226
2.52999999999999,3.937169800583238,2.937174761391657,8.0,-3.1413446066405433,-3.140600504962283,-0.0,0.2225384010939407,0.39988624292476355,1.5706723033202716
2.53999999999999,3.9057578014229595,2.9057745433251645,8.0,-3.141034557134415,-3.1393604660572936,-0.0,0.2138492618317429,0.36821890964942194,1.5705172785672075
2.5499999999999896,3.874349522783313,2.8743892045505763,8.0,-3.140600504962283,-3.1376246857420926,-0.0,0.20291612315850402,0.333726535998464,1.5703002524811416
2.5599999999999894,3.8429462046093583,2.8430237011767168,8.0,-3.1400424672597853,-3.1353934381165134,-0.0,0.18968516137093638,0.29758010296699505,1.5700212336298927
2.569999999999989,3.811549086650327,2.811682986180168,8.0,-3.1393604660572936,-3.132667075520422,-0.0,0.17408911487253165,0.26156850213540167,1.5696802330286468
2.579999999999989,3.7801594084106753,2.7803720086231416,8.0,-3.138554528279048,-3.129446028478077,-0.0,0.1560966961289379,0.22773613020274183,1.569277264139524
2.5899999999999888,3.748778409101152,2.749095712871962,8.0,-3.1376246857420926,-3.125730805630146,-0.0,0.1357683775994036,0.1978784162631445,1.5688123428710463
2.5999999999999885,3.7174073275898776,2.7178590378162957,8.0,-3.1365709751550175,-3.121521993653385,-0.0,0.11329755874217814,0.17301810839603743,1.5682854875775087
2.6099999999999883,3.686047402353433,2.6866669160892394,8.0,-3.1353934381165134,-3.1168202571679955,-0.0,0.08906926989223982,0.15124198901286273,1.5676967190582567
2.619999999999988,3.6546998714279715,2.6555242732884055,8.0,-3.134092121113726,-3.1116263386326724,-0.0,0.06367529091091495,0.1325817299454379,1.567046060556863
2.629999999999988,3.623365972360337,2.624436027198108,8.0,-3.132667075520422,-3.105941058227362,-0.0,0.03787972987075424,0.11776140437154997,1.566333537760211
2.6399999999999877,3.5920469421592127,2.593407087012791,8.0,-3.1311183575949615,-3.0997653137237466,-0.0,0.0125348213181464,0.1070985239693429,1.5655591787974807
2.6499999999999875,3.560744017246284,2.56244235256181,8.0,-3.129446028478077,-3.093100080343475,-0.0,-0.011529098499889834,0.10060931675494217,1.5647230142390385
2.6599999999999873,3.529458433407428,2.531546713535688,8.0,-3.1276501541904578,-3.0859464106041634,-0.0,-0.03381160296082203,0.09806581131909896,1.5638250770952289
2.669999999999987,3.498191425743925,2.500725048713982,8.0,-3.125730805630146,-3.078305434153192,-0.0,-0.0548025578699588,0.0990777843790744,1.562865402815073
2.679999999999987,3.4669442286236993,2.4699822251948627,8.0,-3.1236880585697366,-3.0701783575893185,-0.0,-0.07403206885925155,0.10298097989578064,1.5618440292848683
2.6899999999999866,3.4357180756325927,2.439323097626548,8.0,-3.121521993653385,-3.061566464272146,-0.0,-0.09101281317760186,0.10727679913707398,1.5607609968266924
2.6999999999999864,3.4045141995256523,2.4087525074406893,8.0,-3.119232696393626,-3.05247111411946,-0.0,-0.10546103125236031,0.11405060135338023,1.559616348196813
2.709999999999986,3.373333832178479,2.3782752820878637,8.0,-3.1168202571679955,-3.0428937433924865,-0.0,-0.11722886565935219,0.12293758939525105,1.5584101285839977
2.719999999999986,3.3421782045385875,2.347896234275258,8.0,-3.1142847712154627,-3.0328358644690883,-0.0,-0.1263069232197033,0.1335151020408844,1.5571423856077313
2.7299999999999858,3.31104854657681,2.317620161206687,8.0,-3.111626338632672,-3.0222990656049418,-0.0,-0.1328543589187018,0.14531785144823275,1.555813169316336
2.7399999999999856,3.2799460872387387,2.2874518438250595,8.0,-3.10884506436999,-3.0112850106827334,-0.0,-0.13736059856182897,0.15785740204959836,1.554422532184995
2.7499999999999853,3.248872054396214,2.257396046057412,8.0,-3.1059410582273617,-2.9997954389494157,-0.0,-0.1414081822566168,0.17065456272898474,1.5529705291136808
2.759999999999985,3.217827674798845,2.227457514062631,8.0,-3.102914434849978,-2.9878321647415556,-0.0,-0.14329285796781807,0.1832149006225386,1.551457217424989
2.769999999999985,3.186814174025581,2.1976409754819755,8.0,-3.0997653137237466,-2.9753970771988336,-0.0,-0.1432118333675946,0.1951154813451481,1.5498826568618733
2.7799999999999847,3.1558327764363314,2.1679511386925343,8.0,-3.096493819170578,-2.962492139965726,-0.0,-0.14138224578050998,0.206020342432616,1.548246909585289
2.7899999999999845,3.1248847051236206,2.138392692063708,8.0,-3.093100080343475,-2.9491193908814175,-0.0,-0.1380446005983245,0.21569416553610923,1.5465500401717376
2.7999999999999843,3.0939711818643136,2.1089703032168736,8.0,-3.089584231221436,-2.935280941658013,-0.0,-0.13345453432672996,0.22400538694418065,1.544792115610718
2.809999999999984,3.0630934270713768,2.079688618288305,8.0,-3.085946410604164,-2.920978977547065,-0.0,-0.12788117057956375,0.2309216798493777,1.542973205302082
2.819999999999984,3.0322526597456987,2.050552261195497,8.0,-3.0821867621065873,-2.906215756994499,-0.0,-0.1216053687034874,0.23658358023750092,1.5410933810532936
2.8299999999999836,3.0014500974279645,2.0215658329069934,8.0,-3.078305434153192,-2.890993611283982,-0.0,-0.11490785758384388,0.24109533035099384,1.539152717076596
2.8399999999999834,2.9706869561505926,1.9927339107158426,8.0,-3.074302579972159,-2.8753149441687818,-0.0,-0.10806379300832265,0.24449212282539068,1.5371512899860795
2.849999999999983,2.939964450389728,1.964061047516791,8.0,-3.070178357589319,-2.859182231492191,-0.0,-0.10133601146262011,0.2468686213204225,1.5350891787946594
2.859999999999983,2.9092837930172886,1.9355517710873194,8.0,-3.065932929821908,-2.8425980207965535,-0.0,-0.09496122610741706,0.24836773951183574,1.532966464910954
2.869999999999983,2.878646195253095,1.9072105833726685,8.0,-3.061566464272146,-2.8255649309209914,-0.0,-0.08914280696499377,0.24919288998721914,1.530783232136073
2.8799999999999826,2.8480528666170475,1.87904195977492,8.0,-3.0570791333206158,-2.8080856515878487,-0.0,-0.08405191133114863,0.24977521974363695,1.5285395666603079
2.8899999999999824,2.8175050148813767,1.8510503484462806,8.0,-3.05247111411946,-2.790162942977959,-0.0,-0.07984741805706938,0.25143718765839274,1.52623555705973
2.899999999999982,2.787003846022963,1.8232401695866685,8.0,-3.047742588585386,-2.771799635294778,-0.0,-0.07652743085640168,0.2523751356640372,1.523871294292693
2.909999999999982,2.7565505641757255,1.7956158147457115,8.0,-3.042893743392486,-2.7529986283174632,-0.0,-0.07410207731492784,0.25246508635273224,1.521446871696243
2.9199999999999817,2.7261463715830887,1.7681816461292705,8.0,-3.037924769964866,-2.7337628909429643,-0.0,-0.07253493309703955,0.2511141977051191,1.518962384982433
2.9299999999999815,2.6957924685505144,1.7409419959105972,8.0,-3.0328358644690883,-2.7140954607172008,-0.0,-0.0718796620905049,0.2506068667988242,1.5164179322345441
2.9399999999999813,2.6654900533981234,1.7139011655462348,8.0,-3.027627227806428,-2.693999443355399,-0.0,-0.07204290644219488,0.24975621798092357,1.513813613903214
2.949999999999981,2.6352403224133747,1.6870634250967615,8.0,-3.0222990656049418,-2.6734780122516577,-0.0,-0.07285169298222227,0.24800894437271298,1.5111495328024709
2.959999999999981,2.605044469803854,1.6604330125525089,8.0,-3.0168515882113502,-2.652534407977841,-0.0,-0.07436040998202893,0.24655449275203675,1.5084257941056751
2.9699999999999807,2.57490368765012,1.6340141331643274,8.0,-3.011285010682734,-2.6311719377718505,-0.0,-0.0761835496418833,0.2457083617059167,1.505642505341367
2.9799999999999804,2.544819165858641,1.6078109587795302,8.0,-3.0055995527780413,-2.6093939750153736,-0.0,-0.07726377343487029,0.24426597797310604,1.5027997763890206
2.9899999999999802,2.514792092114825,1.5818276271831087,8.0,-2.9997954389494157,-2.5872039587011866,-0.0,-0.08020824085904574,0.2430882137792574,1.4998977194747078
2.99999999999998,2.4848236518361295,1.5560682414443305,8.0,-2.993872898333333,-2.564605392890101,-0.0,-0.08309391120151786,0.24285685622102066,1.4969364491666666
3.00999999999998,2.454915028125263,1.5305368692688175,8.0,-2.987832164741556,-2.5416018461576297,-0.0,-0.08593566807485432,0.24217101896450252,1.493916082370778
3.0199999999999796,2.425067401723477,1.5052375423562037,8.0,-2.981673476651903,-2.5181969510304674,0.0,-0.08908594552686792,0.24157918304454878,1.4908367383259515
3.0299999999999794,2.3952819509639536,1.4801742557634874,8.0,-2.975397077198834,-2.4943944034128713,0.0,-0.09329976482510226,0.24091401237893384,1.487698538599417
3.039999999999979,2.3655598517252883,1.4553509672741647,8.0,-2.9690032141638536,-2.4701979620030388,0.0,-0.09697253428953612,0.2412487086710129,1.4845016070819268
3.049999999999979,2.3359022773850673,1.430771596773249,8.0,-2.9624921399657254,-2.445611447699563,0.0,-0.10148722133327283,0.24147798717972074,1.4812460699828627
3.0599999999999787,2.306310398773543,1.4064400256282759,8.0,-2.95586411165051,-2.4206387429980682,0.0,-0.10575738565453485,0.24173063067255612,1.477932055825255
3.0699999999999785,2.2767853841274146,1.382360096076389,8.0,-2.9491193908814175,-2.3952837913781195,0.0,-0.10924213903868021,0.24292062495745442,1.4745596954407088
3.0799999999999783,2.2473283990437047,1.3585356106176087,8.0,-2.9422582439284737,-2.3695505966805017,0.0,-0.11355524060215502,0.2438500111247054,1.4711291219642368
3.089999999999978,2.217940606433746,1.3349703314143706,8.0,-2.935280941658013,-2.3434432224749657,0.0,-0.11744493686541373,0.2446040509947097,1.4676404708290065
3.099999999999978,2.1886231664772717,1.311667979697439,8.0,-2.9281877595219816,-2.316965791418546,0.0,-0.12043533490325575,0.2463670474776543,1.4640938797609908
3.1099999999999777,2.1593772365766113,1.288632235178279,8.0,-2.920978977547065,-2.2901224846045425,0.0,-0.1241241472318558,0.24771924828999203,1.4604894887735325
3.1199999999999775,2.1302039713109986,1.2658667354679882,8.0,-2.9136548803236315,-2.262917540902276,0.0,-0.1273103850064206,0.24874559600316662,1.4568274401618158
3.1299999999999772,2.1011045223909948,1.2433750755028772,8.0,-2.906215756994499,-2.2353552562877295,0.0,-0.1304903840278471,0.25065475102286605,1.4531078784972495
3.139999999999977,2.0720800386130174,1.221160806976787,8.0,-2.898661901243519,-2.207439983165155,0.0,-0.13315003754035468,0.2521384876767812,1.4493309506217595
3.149999999999977,2.0431316658139878,1.1992274377802326,8.0,-2.890993611283982,-2.179176129679782,0.0,-0.13548176169885576,0.2535145921485677,1.445496805641991
3.1599999999999766,2.0142605468260966,1.177578431446471,8.0,-2.8832111898468455,-2.1505681590217223,0.0,-0.13750066291640947,0.2550451142190543,1.4416055949234228
3.1699999999999764,1.985467821431687,1.1562172066045657,8.0,-2.8753149441687826,-2.1216205887211763,0.0,-0.13927957260315435,0.25638270428100707,1.4376574720843913
3.179999999999976,1.9567546263182551,1.1351471364395447,8.0,-2.8673051859800514,-2.0923379899350643,0.0,-0.14078432024872659,0.25759513195746947,1.4336525929900257
3.189999999999976,1.9281220950335793,1.1143715481597405,8.0,-2.85918223149219,-2.0627249867251902,0.0,-0.1420616165557901,0.2587335525076616,1.429591115746095
3.1999999999999758,1.8995713579409683,1.0938937224713803,8.0,-2.8509464013855337,-2.0327862553280456,0.0,-0.14313160021205715,0.2597373437428949,1.4254732006927668
3.2099999999999755,1.8711035421746365,1.0737168930605265,8.0,-2.842598020796553,-2.0025265234163787,0.0,-0.14401752171144283,0.26060424027839024,1.4212990103982766
3.2199999999999753,1.8427197715952044,1.053844246082441,8.0,-2.834137419305019,-1.9719505693526405,0.0,-0.14474978492732804,0.2613494849076069,1.4170687096525094
3.229999999999975,1.8144211667453343,1.034278919658452,8.0,-2.825564930920991,-1.9410632214344252,0.0,-0.14535610541288488,0.26196933619566587,1.4127824654604955
3.239999999999975,1.7862088448054911,1.015024003380411,8.0,-2.816880894071632,-1.9098693571320269,0.0,-0.14586555917150743,0.2624682241358688,1.408440447035816
3.2499999999999747,1.7580839195498372,0.9960825378228075,8.0,-2.8080856515878483,-1.8783739023182295,0.0,-0.14630764034439858,0.26285692706009844,1.4040428257939241
3.2599999999999745,1.7300475013022663,0.9774575140626318,8.0,-2.799179550690753,-1.846581830490457,0.0,-0.14670909820234115,0.2631446806605625,1.3995897753453765
3.2699999999999743,1.7021006968925612,0.9591518732070403,8.0,-2.790162942977959,-1.8144981619853924,0.0,-0.1470955738183494,0.26334117839062404,1.3950814714889794
3.279999999999974,1.6742446096127082,0.9411685059289314,8.0,-2.7810361844097002,-1.78212796318622,0.0,-0.1474903581475503,0.26345678351652935,1.3905180922048501
3.289999999999974,1.646480339173337,0.9235102520104683,8.0,-2.771799635294778,-1.749476345722578,0.0,-0.14791368427318966,0.263501433651436,1.385899817647389
3.2999999999999736,1.6188089816603037,0.9061798998946453,8.0,-2.762453660276335,-1.7165484656633734,0.0,-0.14838319693209348,0.26348451636143033,1.3812268301381676
3.3099999999999734,1.591231629491423,0.8891801862449618,8.0,-2.752998628317463,-1.6833495227025792,0.0,-0.14891428109963614,0.2634146891786015,1.3764993141587314
3.319999999999973,1.563749371373337,0.87251379551327,8.0,-2.7434349126866335,-1.6498847593381434,0.0,-0.14951971848994108,0.2632999132784974,1.3717174563433168
3.329999999999973,1.5363632922585428,0.8561833595158697,8.0,-2.7337628909429648,-1.6161594600441398,0.0,-0.15021032576911011,0.2631472788425757,1.3668814454714824
3.3399999999999728,1.5090744733025465,0.8401914570179123,8.0,-2.723982944921313,-1.582178950436278,0.0,-0.15099515098197125,0.2629630076204811,1.3619914724606565
3.3499999999999726,1.4818839918211961,0.8245406133261861,8.0,-2.7140954607172016,-1.5479485964309418,0.0,-0.15188132578271332,0.2627523860310265,1.3570477303586008
3.3599999999999723,1.4547929212481434,0.8092332998903409,8.0,-2.7041008286715766,-1.51347380339784,0.0,-0.15287479928718783,0.26251959435465844,1.3520504143357883
3.369999999999972,1.4278023310924675,0.7942719339126167,8.0,-2.693999443355398,-1.4787600153064369,0.0,-0.15397995634676467,0.2622679192781033,1.346999721677699
3.379999999999972,1.4009132868964524,0.7796588779661384,8.0,-2.683791703554062,-1.4438127138662866,0.0,-0.15519959727484775,0.2619995834356454,1.341895851777031
3.3899999999999717,1.3741268501935209,0.7653964396218402,8.0,-2.6734780122516564,-1.4086374176614092,0.0,-0.15653368620770755,0.2617158242497503,1.3367390061258282
3.3999999999999715,1.3474440784663289,0.7514868710840719,8.0,-2.6630587766150553,-1.3732396812788399,0.0,-0.15797974453794714,0.2614170370461091,1.3315293883075277
3.4099999999999713,1.3208660251050155,0.7379323688349504,8.0,-2.65253440797784,-1.3376250944314974,0.0,-0.1595332021295737,0.26110270754275805,1.32626720398892
3.419999999999971,1.294393739365621,0.7247350732875111,8.0,-2.6419053218240656,-1.3017992810755046,0.0,-0.16118756671179912,0.260771524326506,1.3209526609120328
3.429999999999971,1.2680282663286548,0.7118970684477062,8.0,-2.6311719377718505,-1.2657678985220913,0.0,-0.16293514761610764,0.26042143011475866,1.3155859688859253
3.4399999999999706,1.2417706468578489,0.6994203815853242,8.0,-2.6203346795568203,-1.2295366365442544,0.0,-0.16476678031477493,0.26004985293664773,1.3101673397784102
3.4499999999999704,1.2156219175590595,0.6873069829138547,8.0,-2.6093939750153736,-1.1931112164782665,0.0,-0.16667278891707032,0.25965368285430707,1.3046969875076868
3.45999999999997,1.1895831107393464,0.6755587852793714,8.0,-2.5983502560677905,-1.1564973903202125,0.0,-0.168642066057034,0.2592298040336056,1.2991751280338952
3.46999999999997,1.1636552543662169,0.6641776438584697,8.0,-2.5872039587011866,-1.1197009398176838,0.0,-0.17066348619042457,0.2587747637642282,1.2936019793505933
3.47999999999997,1.1378393720270452,0.6531653558653145,8.0,-2.5759555229522952,-1.082727675556773,0.0,-0.17272412224969041,0.258285539497282,1.2879777614761476
3.4899999999999696,1.1121364828886628,0.6425236602678392,8.0,-2.5646053928901016,-1.045583436044517,0.0,-0.17481311611049824,0.2577588466861787,1.2823026964450508
3.4999999999999694,1.0865476016571205,0.6322542375131395,8.0,-2.5531540165983038,-1.0082740867869193,0.0,-0.17691421470291063,0.25719287256679496,1.2765770082991519
3.509999999999969,1.061073738537635,0.6223587092621163,8.0,-2.5416018461576297,-0.9708055193627337,0.0,-0.1790212848302052,0.2565837597121599,1.2708009230788149
3.519999999999969,1.0357158991947037,0.6128386381333928,8.0,-2.52994933762799,-0.9331836504931063,0.0,-0.18110903269133552,0.2559330898404386,1.264974668813995
3.5299999999999687,1.0104750847124055,0.6036955274565603,8.0,-2.5181969510304665,-0.895414421107258,0.0,-0.18318882231543213,0.25523305562737975,1.2590984755152332
3.5399999999999685,0.985352291554876,0.5949308210347852,8.0,-2.506345150329161,-0.8575037954043435,0.0,-0.18520308398939306,0.2544956546403799,1.2531725751645806
3.5499999999999683,0.9603485115269725,0.5865459029168152,8.0,-2.4943944034128704,-0.8194577599116352,0.0,-0.18722446446529192,0.2536965640577566,1.2471972017064352
3.559999999999968,0.935464731735117,0.5785420971784219,8.0,-2.482345182076621,-0.7812823225391813,0.0,-0.18905842786683022,0.252889192423078,1.2411725910383105
3.569999999999968,0.9107019345483272,0.570920667713315,8.0,-2.4701979620030383,-0.7429835116310864,0.0,-0.19102781593239468,0.25197519850801603,1.2350989810015192
3.5799999999999677,0.8860610975594385,0.5636828180335574,8.0,-2.4579532227435728,-0.7045673750135696,0.0,-0.19228768748205444,0.2512096991834825,1.2289766113717864
3.5899999999999674,0.8615431935464981,0.5568296910795167,8.0,-2.445611447699563,-0.6660399790399313,0.0,-0.19418134484500313,0.25017822029973424,1.2228057238497816
3.5999999999999672,0.8371491904343777,0.5503623690393828,8.0,-2.4331731241031553,-0.6274074076326221,0.0,-0.19604563709230266,0.2490777038577857,1.2165865620515777
3.609999999999967,0.8128800512565513,0.5442818731782784,8.0,-2.4206387429980682,-0.5886757613225104,0.0,-0.19746247456950686,0.24804409458325413,1.2103193714990341
3.619999999999967,0.7887367341170779,0.5385891636769866,8.0,-2.408008799220205,-0.54985115628554,0.0,-0.19907419928265307,0.24686937262864994,1.2040043996101024
3.6299999999999666,0.7647201921527778,0.5332851394803297,8.0,-2.395283791378119,-0.5109397233769153,0.0,-0.1998259101020253,0.24591171270740592,1.1976418956890595
3.6399999999999664,0.7408313734956056,0.5283706381552147,8.0,-2.382464221833333,-0.4719476071629681,0.0,-0.20128026244001312,0.24463923854078964,1.1912321109166666
3.649999999999966,0.7170712212352184,0.5238464357583719,8.0,-2.369550596680502,-0.4328809649508625,0.0,-0.20268817525107122,0.2433062671643007,1.184775298340251
3.659999999999966,0.6934406733817413,0.5197132467138057,8.0,-2.3565434257274336,-0.39374596581627297,0.0,-0.20363794274363306,0.24206216557237778,1.1782717128637168
3.6699999999999657,0.6699406628287421,0.515971723699979,8.0,-2.343443222474966,-0.3545487896292331,0.0,-0.2047727090904318,0.2406792071141801,1.171721611237483
3.6799999999999655,0.6465721173164001,0.5126224575467497,8.0,-2.330250504096693,-0.3152956260782508,0.0,-0.20503207889672773,0.23956134702917795,1.1651252520483466
3.6899999999999653,0.6233359593948782,0.5096659771420686,8.0,-2.316965791418546,-0.2759926736928878,0.0,-0.20606732471239955,0.2380862441793906,1.158482895709273
3.699999999999965,0.6002331063879041,0.5071027493484652,8.0,-2.3035896088982346,-0.23664613886494024,0.0,-0.20707238133405437,0.23656127501276203,1.1517948044491173
3.709999999999965,0.5772644703565564,0.504933178929321,8.0,-2.290122484604541,-0.1972622348683768,0.0,-0.20723952468681134,0.23531340859538707,1.1450612423022706
3.7199999999999647,0.5544309580632572,0.5031576084849565,8.0,-2.2765649501964735,-0.15784718087819125,0.0,-0.20810361257163962,0.23373037491697918,1.1382824750982368
3.7299999999999645,0.5317334709359747,0.5017763183985267,8.0,-2.2629175409022753,-0.11840720098832247,0.0,-0.2089306576317232,0.232109270737349,1.1314587704511376
3.7399999999999642,0.5091729050326377,0.5007895267917499,8.0,-2.2491807954982987,-0.0789485232288006,0.0,-0.2089541799679292,0.23077996654715094,1.1245903977491494
3.749999999999964,0.48675015100575436,0.5001973894904599,8.0,-2.2353552562877295,-0.039477378582257805,0.0,-0.20970830012930033,0.22909029055284802,1.1176776281438647
3.759999999999964,0.4644660940672627,0.5,8.0,-2.221441469079183,-5.771012081165369e-16,0.0,-0.21048342527550434,0.22734351272391967,1.1107207345395915
3.7699999999999636,0.44232161395357306,0.5001973894904599,8.0,-2.2074399831651546,0.03947737858225665,0.0,-0.21032673230938345,0.22597327045115856,1.1037199915825773
3.7799999999999634,0.42031758489084403,0.5007895267917499,8.0,-2.1933513513003335,0.07894852322879944,0.0,-0.21112661738652483,0.2241232755241092,1.0966756756501668
3.789999999999963,0.3984548755604651,0.5017763183985271,8.0,-2.179176129679782,0.11840720098832411,0.0,-0.21185923309717222,0.2222597499886628,1.089588064839891
3.799999999999963,0.3767343490647663,0.5031576084849565,8.0,-2.164914877916978,0.15784718087819288,0.0,-0.21169274193117496,0.22078383091643822,1.082457438958489
3.8099999999999627,0.35515686289294335,0.504933178929321,8.0,-2.1505681590217227,0.19726223486837563,0.0,-0.21250051266120754,0.21879279864818865,1.0752840795108614
3.8199999999999625,0.33372326888720094,0.5071027493484652,8.0,-2.136136539377911,0.2366461388649391,0.0,-0.2131758498251,0.21682140686206036,1.0680682696889554
3.8299999999999623,0.312434413209131,0.5096659771420686,8.0,-2.1216205887211763,0.2759926736928867,0.0,-0.21307257945057828,0.2152000187235652,1.0608102943605882
3.839999999999962,0.2912911363063042,0.5126224575467497,8.0,-2.1070208801163948,0.3152956260782497,0.0,-0.2138688600921496,0.21306991284782595,1.0535104400581974
3.849999999999962,0.27029427287908936,0.515971723699979,8.0,-2.0923379899350643,0.354548789629232,0.0,-0.21441613426753095,0.21102110364615306,1.0461689949675321
3.8599999999999617,0.24944465184770248,0.5197132467138053,8.0,-2.077572497832547,0.39374596581627186,0.0,-0.21441445259853012,0.20921806975262908,1.0387862489162736
3.8699999999999615,0.22874309631948053,0.5238464357583719,8.0,-2.0627249867251902,0.43288096495086137,0.0,-0.21526270856358606,0.20689888815790147,1.0313624933625951
3.8799999999999613,0.20819042355639006,0.5283706381552151,8.0,-2.047796042767308,0.47194760716296974,0.0,-0.21529607135969228,0.20498140760542277,1.023898021383654
3.889999999999961,0.18778744494276012,0.5332851394803297,8.0,-2.0327862553280456,0.510939723376917,0.0,-0.21617306361910404,0.20252711880037907,1.0163931276640228
3.899999999999961,0.16753496595325146,0.5385891636769866,8.0,-2.0176962169681114,0.5498511562855389,0.0,-0.21619743245108025,0.20050952761843746,1.0088481084840557
3.9099999999999606,0.1474337861210544,0.5442818731782784,8.0,-2.0025265234163796,0.5886757613225093,0.0,-0.21706394275962157,0.19793206143847394,1.0012632617081898
3.9199999999999604,0.12748469900633141,0.5503623690393824,8.0,-1.987277773546378,0.6274074076326209,0.0,-0.21706229216525638,0.1958142388109262,0.993638886773189
3.92999999999996,0.10768849216488352,0.5568296910795163,8.0,-1.9719505693526416,0.6660399790399301,0.0,-0.2178839825837694,0.19312491104784452,0.9859752846763208
3.93999999999996,0.0880459471170596,0.5636828180335574,8.0,-1.9565455159269471,0.7045673750135685,0.0,-0.2178449749474812,0.19090587533159195,0.9782727579634736
3.9499999999999598,0.06855783931690551,0.570920667713315,8.0,-1.9410632214344263,0.742983511631088,0.0,-0.21858332658985447,0.18812189539365873,0.9705316107172132
3.9599999999999596,0.049224938121548156,0.5785420971784223,8.0,-1.9255042970895557,0.7812823225391828,0.0,-0.21850061218401196,0.1857989066515924,0.9627521485447779
3.9699999999999593,0.030048006760824197,0.5865459029168147,8.0,-1.9098693571320289,0.8194577599116342,0.0,-0.2191045895599409,0.18294949035814342,0.9549346785660144
3.979999999999959,0.011027802307145507,0.5949308210347848,8.0,-1.8941590188025015,0.8575037954043423,0.0,-0.2189853812566017,0.18051222824844387,0.9470795094012507
3.989999999999959,-0.007834924354382267,0.6036955274565603,8.0,-1.8783739023182315,0.8954144211072568,0.0,-0.2190448664909835,0.17788102128285602,0.9391869511591158
3.9999999999999587,-0.026539428555609312,0.6128386381333923,8.0,-1.8625146308485891,0.9331836504931053,0.0,-0.21949951791172487,0.17489977796693776,0.9312573154242946
4.009999999999959,-0.04508497187473637,0.6223587092621159,8.0,-1.846581830490457,0.9708055193627326,0.0,-0.21950732992973163,0.17215307160791812,0.9232909152452285
4.019999999999959,-0.06347082216546962,0.632254237513139,8.0,-1.8305761302435115,1.0082740867869182,0.0,-0.219119784159899,0.1696135181404269,0.9152880651217558
4.0299999999999585,-0.08169625358591937,0.6425236602678388,8.0,-1.8144981619853924,1.045583436044516,0.0,-0.2195979429625558,0.16635817353020474,0.9072490809926962
4.039999999999958,-0.09976054662726153,0.653165355865315,8.0,-1.7983485604467562,1.0827276755567745,0.0,-0.21917472121635775,0.16370008684908377,0.8991742802233781
4.049999999999958,-0.11766298814213716,0.6641776438584701,8.0,-1.78212796318622,1.1197009398176854,0.0,-0.21869242788997556,0.1610158559339368,0.89106398159311
4.059999999999958,-0.1354028713728077,0.675558785279371,8.0,-1.76583701056519,1.1564973903202114,0.0,-0.2190575179726992,0.15759924650206886,0.882918505282595
4.069999999999958,-0.15297949597906246,0.6873069829138543,8.0,-1.749476345722579,1.1931112164782653,0.0,-0.21839072313209607,0.15492263093243652,0.8747381728612895
4.079999999999957,-0.170392168065856,0.6994203815853237,8.0,-1.7330466145494223,1.2295366365442533,0.0,-0.2178418689060466,0.15207736052127194,0.8665233072747112
4.089999999999957,-0.18764020021070849,0.7118970684477057,8.0,-1.7165484656633745,1.2657678985220904,0.0,-0.21784500119641825,0.148708503057538,0.8582742328316872
4.099999999999957,-0.20472291149084487,0.7247350732875106,8.0,-1.6999825503831034,1.3017992810755035,0.0,-0.21708722712478118,0.14590325835612244,0.8499912751915517
4.109999999999957,-0.22163962751007382,0.7379323688349504,8.0,-1.6833495227025812,1.3376250944314962,0.0,-0.2162298700486957,0.1431047446989027,0.8416747613512906
4.119999999999957,-0.2383896804254162,0.7514868710840727,8.0,-1.6666500392652563,1.3732396812788414,0.0,-0.2161608374392671,0.13955706693993808,0.8333250196326282
4.129999999999956,-0.2549724089734582,0.7653964396218398,8.0,-1.6498847593381458,1.408637417661408,0.0,-0.21512635054574653,0.13679608597064435,0.8249423796690729
4.139999999999956,-0.2713871584964762,0.7796588779661393,8.0,-1.6330543447857888,1.4438127138662882,0.0,-0.21410145731370778,0.1339471236261232,0.8165271723928944
4.149999999999956,-0.2876332809682607,0.7942719339126163,8.0,-1.6161594600441396,1.4787600153064357,0.0,-0.21379040132940627,0.1303871114538601,0.8080797300220698
4.159999999999956,-0.30371013501971866,0.8092332998903418,8.0,-1.5992007720943135,1.5134738033978414,0.0,-0.21258431893283897,0.12760127834371335,0.7996003860471568
4.1699999999999555,-0.31961708596417626,0.8245406133261857,8.0,-1.5821789504362775,1.547948596430941,0.0,-0.21135086200146502,0.12475202428567131,0.7910894752181388
4.179999999999955,-0.33535350582245016,0.8401914570179114,8.0,-1.5650946670624017,1.5821789504362769,0.0,-0.21083500046328016,0.12116220005314482,0.7825473335312009
4.189999999999955,-0.35091877334762867,0.8561833595158692,8.0,-1.5479485964309416,1.6161594600441387,0.0,-0.209446286729792,0.11837145709701322,0.7739742982154708
4.199999999999955,-0.36631227404959965,0.8725137955132691,8.0,-1.5307414154394081,1.6498847593381423,0.0,-0.2080165007320625,0.11552290806936635,0.7653707077197041
4.209999999999955,-0.38153340021931825,0.8891801862449626,8.0,-1.5134738033978399,1.6833495227025805,0.0,-0.20727850187937993,0.11193436820404287,0.7567369016989199
4.2199999999999545,-0.3965815509527806,0.9061798998946449,8.0,-1.496146442001998,1.7165484656633723,0.0,-0.20572087693177618,0.10913046159537097,0.748073221000999
4.229999999999954,-0.4114561321747665,0.9235102520104688,8.0,-1.4787600153064366,1.7494763457225795,0.0,-0.20410371054012888,0.10628277978989864,0.7393800076532183
4.239999999999954,-0.42615655666227603,0.941168505928931,8.0,-1.461315209697516,1.7821279631862192,0.0,-0.20309875154231577,0.10275693003445857,0.730657604848758
4.249999999999954,-0.44068224406772316,0.9591518732070412,8.0,-1.4438127138662864,1.8144981619853937,0.0,-0.20139380396084092,0.09991416633086816,0.7219063569331432
4.259999999999954,-0.4550326209418394,0.9774575140626309,8.0,-1.4262532187813193,1.846581830490456,0.0,-0.19961390210866672,0.09705293855719363,0.7131266093906596
4.269999999999953,-0.46920712075631865,0.9960825378228084,8.0,-1.4086374176614103,1.8783739023182309,0.0,-0.19797224363829252,0.09402770633851316,0.7043187088307051
4.279999999999953,-0.48320518392617906,1.0150240033804114,8.0,-1.3909660059482254,1.9098693571320282,0.0,-0.1962574938943352,0.09099179402297596,0.6954830029741127
4.289999999999953,-0.4970262578318545,1.0342789196584516,8.0,-1.3732396812788423,1.9410632214344246,0.0,-0.19449655987620432,0.08796518830737889,0.6866198406394212
4.299999999999953,-0.5106697968410145,1.053844246082442,8.0,-1.3554591434582026,1.971950569352642,0.0,-0.1931182876279612,0.08435266613839512,0.6777295717291013
4.3099999999999525,-0.5241352623300966,1.073716893060526,8.0,-1.3376250944314996,2.002526523416378,0.0,-0.1910978873591761,0.08151147184322996,0.6688125472157498
4.319999999999952,-0.5374221227055846,1.0938937224713812,8.0,-1.319738238256447,2.032786255328047,0.0,-0.18893316113691352,0.07861282412179522,0.6598691191282235
4.329999999999952,-0.5505298534249778,1.11437154815974,8.0,-1.3017992810755044,2.0627249867251893,0.0,-0.1874210546445498,0.07609695684213424,0.6508996405377522
4.339999999999952,-0.5634579370175139,1.1351471364395442,8.0,-1.2838089310879808,2.0923379899350634,0.0,-0.18554365367705802,0.07235439161447266,0.6419044655439904
4.349999999999952,-0.5762058631045877,1.1562172066045648,8.0,-1.265767898522091,2.1216205887211754,0.0,-0.1829802661103149,0.06933169934263807,0.6328839492610455
4.3599999999999515,-0.5887731284199056,1.177578431446471,8.0,-1.2476768956069093,2.1505681590217223,0.0,-0.1805326213898664,0.06643167298726894,0.6238384478034547
4.369999999999951,-0.6011592368293517,1.199227437780233,8.0,-1.2295366365442542,2.1791761296797825,0.0,-0.17872870095591206,0.06393208215490373,0.6147683182721271
4.379999999999951,-0.6133636993505736,1.2211608069767856,8.0,-1.2113478374804936,2.2074399831651528,0.0,-0.17655017850682325,0.06008100451675218,0.6056739187402468
4.389999999999951,-0.6253860341722906,1.2433750755028776,8.0,-1.1931112164782662,2.23535525628773,0.0,-0.17367382117761235,0.057130259816222106,0.5965556082391331
4.399999999999951,-0.6372257666733061,1.2658667354679864,8.0,-1.1748274934881486,2.262917540902275,0.0,-0.1715237750231944,0.05472133570079074,0.5874137467440743
4.40999999999995,-0.6488824294412563,1.2886322351782775,8.0,-1.1564973903202136,2.2901224846045407,0.0,-0.16860339363271953,0.05169628161734793,0.5782486951601068
4.41999999999995,-0.6603555622910546,1.3116679796974386,8.0,-1.1381216306155495,2.3169657914185455,0.0,-0.1657046381547109,0.04846533455608225,0.5690608153077747
4.42999999999995,-0.6716447122830598,1.3349703314143706,8.0,-1.1197009398176851,2.3434432224749657,0.0,-0.16358509727828036,0.046107261592186345,0.5598504699088426
4.43999999999995,-0.6827494337409616,1.3585356106176087,8.0,-1.1012360451439516,2.3695505966805017,0.0,-0.16089938416678243,0.04221170989349336,0.5506180225719758
4.4499999999999496,-0.69366928826937,1.382360096076389,8.0,-1.0827276755567743,2.3952837913781195,0.0,-0.1576170240921859,0.0393838710799424,0.5413638377783871
4.459999999999949,-0.7044038447711269,1.4064400256282759,8.0,-1.0641765617348924,2.4206387429980687,0.0,-0.15524266923187383,0.0371758777706588,0.5320882808674462
4.469999999999949,-0.7149526794643224,1.4307715967732475,8.0,-1.0455834360445169,2.4456114476995614,0.0,-0.15166744768581428,0.03422289802271599,0.5227917180222584
4.479999999999949,-0.725315375899025,1.4553509672741647,8.0,-1.0269490325104091,2.470197962003039,0.0,-0.14847084048738224,0.03131731457646505,0.5134745162552046
4.489999999999949,-0.7354915249737211,1.4801742557634858,8.0,-1.008274086786919,2.49439440341287,0.0,-0.14617756343960414,0.028982212625243968,0.5041370433934595
4.4999999999999485,-0.7454807249514728,1.505237542356202,8.0,-0.989559336128923,2.518196951030466,0.0,-0.14392055025820244,0.025781790620318688,0.4947796680644615
4.509999999999948,-0.7552825814757673,1.5305368692688166,8.0,-0.9708055193627335,2.5416018461576297,0.0,-0.14013417069894632,0.023074821542313,0.48540275968136676
4.519999999999948,-0.764896707586094,1.5560682414443305,8.0,-0.9520133768569251,2.564605392890101,0.0,-0.1362356979534482,0.020403662202068698,0.47600668842846255
4.529999999999948,-0.7743227237332144,1.5818276271831087,8.0,-0.9331836504931061,2.5872039587011866,0.0,-0.13360833198556993,0.018257061526712696,0.46659182524655307
4.539999999999948,-0.7835602577941527,1.6078109587795302,8.0,-0.914317083636632,2.6093939750153736,0.0,-0.12974543186661597,0.015668946824340117,0.457158541818316
4.549999999999947,-0.7926089450868794,1.6340141331643276,8.0,-0.8954144211072578,2.631171937771851,0.0,-0.12754363480295525,0.012598151581385808,0.4477072105536289
4.559999999999947,-0.8014684283847151,1.6604330125525073,8.0,-0.8764764091497346,2.6525344079778397,0.0,-0.12434570839794817,0.010671438905516417,0.4382382045748673
4.569999999999947,-0.8101383579304295,1.6870634250967615,8.0,-0.8575037954043433,2.6734780122516577,0.0,-0.12019533049547747,0.008290507260422951,0.42875189770217165
4.579999999999947,-0.8186183914500482,1.713901165546233,8.0,-0.8384973288773938,2.6939994433553975,0.0,-0.11597916151982521,0.005900810756537868,0.4192486644386969
4.589999999999947,-0.8269081941663696,1.7409419959105974,8.0,-0.8194577599116364,2.7140954607172008,0.0,-0.11357408754502901,0.0033257197939210977,0.4097288799558182
4.599999999999946,-0.8350074388121751,1.7681816461292708,8.0,-0.8003858401566541,2.7337628909429643,0.0,-0.10944314404910241,0.0011661741903645736,0.4001929200783271
4.609999999999946,-0.8429158056431554,1.7956158147457117,8.0,-0.7812823225391825,2.7529986283174632,0.0,-0.10647477678671137,-0.0004352371532495555,0.39064116126959125
4.619999999999946,-0.850632982450529,1.8232401695866687,8.0,-0.7621479612333866,2.771799635294778,0.0,-0.10225039135885503,-0.002510301033629544,0.3810739806166933
4.629999999999946,-0.8581586645733701,1.8510503484462808,8.0,-0.7429835116310876,2.790162942977959,0.0,-0.09830716496074818,-0.004573453384959259,0.3714917558155438
4.6399999999999455,-0.8654925549106327,1.87904195977492,8.0,-0.7237897303119409,2.8080856515878487,0.0,-0.09582942820639673,-0.007185353180602398,0.36189486515597047
4.649999999999945,-0.8726343639328853,1.9072105833726665,8.0,-0.7045673750135694,2.8255649309209905,0.0,-0.09264777209396895,-0.008456774566420732,0.3522836875067847
4.659999999999945,-0.8795838096937363,1.9355517710873176,8.0,-0.6853172046016436,2.8425980207965527,0.0,-0.08826661053350784,-0.010192477491472278,0.3426586023008218
4.669999999999945,-0.8863406178409674,1.964061047516789,8.0,-0.6660399790399311,2.8591822314921895,0.0,-0.08517545306784353,-0.0115934440314866,0.33301998951996553
4.679999999999945,-0.8929045216273606,1.9927339107158428,8.0,-0.6467364593602891,2.875314944168782,0.0,-0.08072898260117384,-0.01328736068446864,0.32336822968014456
4.689999999999944,-0.8992752619212343,2.021565832906994,8.0,-0.6274074076326219,2.890993611283982,0.0,-0.07749633387305735,-0.014678150990260787,0.31370370381631096
4.699999999999944,-0.9054525872166703,2.050552261195497,8.0,-0.6080535869347949,2.906215756994499,0.0,-0.07472149608941844,-0.01702154018513703,0.30402679346739747
4.709999999999944,-0.9114362536434433,2.0796886182883054,8.0,-0.5886757613225103,2.920978977547065,0.0,-0.07008218560686659,-0.018350509098692867,0.29433788066125516
4.719999999999944,-0.9172260249766486,2.108970303216874,8.0,-0.5692746957991429,2.935280941658013,0.0,-0.06584165437133892,-0.01955901271878479,0.28463734789957146
4.729999999999944,-0.9228216726460268,2.138392692063706,8.0,-0.5498511562855412,2.9491193908814166,0.0,-0.06275229263188516,-0.02056713057087963,0.2749255781427706
4.739999999999943,-0.9282229757449905,2.1679511386925325,8.0,-0.530405909589784,2.9624921399657245,0.0,-0.05944552048320747,-0.02146873834191786,0.265202954794892
4.749999999999943,-0.9334297210393405,2.1976409754819755,8.0,-0.5109397233769165,2.9753970771988336,0.0,-0.054865196208748614,-0.022781829335491777,0.25546986168845826
4.759999999999943,-0.9384417029756884,2.227457514062631,8.0,-0.491453366138639,2.9878321647415556,0.0,-0.05199257211286917,-0.024712788602046284,0.2457266830693195
4.769999999999943,-0.9432587236895698,2.2573960460574125,8.0,-0.4719476071629693,2.9997954389494157,0.0,-0.04749579353948441,-0.025550214798040198,0.23597380358148465
4.7799999999999425,-0.947880593013255,2.2874518438250595,8.0,-0.45242321650387257,3.0112850106827334,0.0,-0.04419040094424304,-0.02606653784127464,0.22621160825193629
4.789999999999942,-0.9523071284832563,2.317620161206687,8.0,-0.4328809649508609,3.0222990656049418,0.0,-0.04063889841790172,-0.02673082038284637,0.21644048247543046
4.799999999999942,-0.9565381553475332,2.3478962342752583,8.0,-0.41332162399856387,3.0328358644690883,0.0,-0.03628314413313237,-0.027651245452067548,0.20666081199928193
4.809999999999942,-0.9605735065723895,2.3782752820878637,8.0,-0.3937459658162714,3.0428937433924865,0.0,-0.0327804540638238,-0.028245416197209508,0.1968729829081357
4.819999999999942,-0.9644130228490679,2.408752507440687,8.0,-0.374154763217451,3.0524711141194594,0.0,-0.02941092868803,-0.029098835433258054,0.1870773816087255
4.8299999999999415,-0.968056552600042,2.439323097626546,8.0,-0.3545487896292329,3.061566464272145,0.0,-0.024767859939820544,-0.029666384408536813,0.17727439481461646
4.839999999999941,-0.9715039519849942,2.4699822251948627,8.0,-0.33492881906188504,3.0701783575893185,0.0,-0.0214110598315961,-0.03012656477690107,0.16746440953094252
4.849999999999941,-0.9747550849065005,2.5007250487139823,8.0,-0.3152956260782506,3.078305434153192,0.0,-0.017889376541497835,-0.03053665226251829,0.1576478130391253
4.859999999999941,-0.9778098230154004,2.5315467135356884,8.0,-0.2956499857631712,3.085946410604164,0.0,-0.013345276446837475,-0.030975056712122397,0.1478249928815856
4.869999999999941,-0.9806680457158627,2.56244235256181,8.0,-0.27599267369288766,3.093100080343475,0.0,-0.010054339916902851,-0.03203614581184893,0.13799633684644383
4.87999999999994,-0.9833296401701492,2.593407087012791,8.0,-0.2563244659044219,3.099765313723747,0.0,-0.006532063729593764,-0.031950174674805716,0.12816223295221096
4.88999999999994,-0.9857945013030696,2.624436027198108,8.0,-0.23664613886494007,3.105941058227362,0.0,-0.0019259788463169567,-0.03193259664882623,0.11832306943247003
4.89999999999994,-0.9880625318061265,2.655524273288406,8.0,-0.2169584694410989,3.1116263386326724,0.0,0.0014737135908862472,-0.031838449467639376,0.10847923472054945
4.90999999999994,-0.990133642141358,2.6866669160892385,8.0,-0.197262234868378,3.116820257167995,0.0,0.004920182163011013,-0.031878505456032664,0.098631117434189
4.9199999999999395,-0.9920077505448752,2.717859037816295,8.0,-0.17755821272039013,3.121521993653385,0.0,0.009459541327373023,-0.03171882128028746,0.08877910636019506
4.929999999999939,-0.993684783030087,2.7490957128719624,8.0,-0.15784718087819244,3.125730805630146,0.0,0.012760037233571166,-0.03237583409750682,0.07892359043909622
4.939999999999939,-0.9951646733906232,2.780372008623142,8.0,-0.13812991749957135,3.129446028478077,0.0,0.01620478682155366,-0.03180281838915059,0.06906495874978567
4.949999999999939,-0.9964473632029458,2.811682986180168,8.0,-0.11840720098832366,3.132667075520422,0.0,0.02068993455470808,-0.03123566081332445,0.05920360049416183
4.959999999999939,-0.9975328018286582,2.8430237011767168,8.0,-0.09867980996352657,3.1353934381165134,0.0,0.024042568503432362,-0.030761225331992135,0.049339904981763286
4.9699999999999385,-0.9984209464165001,2.874389204550577,8.0,-0.07894852322879901,3.1376246857420926,0.0,0.027410193783203862,-0.030189677158455178,0.03947426161439951
4.979999999999938,-0.9991117619040448,2.9057745433251623,8.0,-0.05921411974155731,3.1393604660572936,0.0,0.031726318653577494,-0.03036751910698664,0.029607059870778656
4.989999999999938,-0.9996052210190802,2.9371747613916575,8.0,-0.039477378582256216,3.140600504962283,0.0,0.03506945832210282,-0.02946085307372244,0.019738689291128108
4.999999999999938,-0.9999013042806855,2.9685849002916176,8.0,-0.019739078923647593,3.1413446066405433,0.0,0.0383949181355139,-0.028478006238161605,0.009869539461823796
5.009999999999938,-1.0,2.9999999999999996,8.0,-3.8473413874435795e-16,3.141592653589793,0.0,0.04204701717083521,-0.027707798128707117,1.9236706937217898e-16
5.019999999999937,-0.9999013042806855,3.031415099708381,8.0,0.019739078923646822,3.1413446066405433,0.0,0.04548239177656867,-0.026754189135520946,-0.009869539461823411
5.029999999999937,-0.9996052210190802,3.0628252386083434,8.0,0.03947737858225684,3.140600504962283,0.0,0.04977104834257598,-0.026520483957358232,-0.01973868929112842
5.039999999999937,-0.9991117619040448,3.0942254566748364,8.0,0.059214119741556534,3.1393604660572936,0.0,0.05305176767308332,-0.025257088491035196,-0.029607059870778267
5.049999999999937,-0.9984209464165001,3.125610795449422,8.0,0.07894852322879825,3.1376246857420926,0.0,0.056255186571220125,-0.023899778573533953,-0.039474261614399125
5.0599999999999365,-0.9975328018286582,3.156976298823284,8.0,0.0986798099635272,3.1353934381165134,0.0,0.05978323420002378,-0.02347167371031998,-0.0493399049817636
5.069999999999936,-0.9964473632029458,3.1883170138198307,8.0,0.1184072009883229,3.132667075520422,0.0,0.06311185894389798,-0.021923313645245697,-0.05920360049416145
5.079999999999936,-0.9951646733906232,3.2196279913768593,8.0,0.13812991749957196,3.129446028478077,0.0,0.06726593533091557,-0.020289147451897797,-0.06906495874978598
5.089999999999936,-0.993684783030087,3.2509042871280367,8.0,0.1578471808781917,3.125730805630146,0.0,0.07046298012368964,-0.01965583621431994,-0.07892359043909584
5.099999999999936,-0.9920077505448752,3.282140962183704,8.0,0.17755821272038938,3.121521993653385,0.0,0.07352729468496544,-0.01790583490948008,-0.08877910636019469
5.1099999999999355,-0.990133642141358,3.31333308391076,8.0,0.19726223486837724,3.1168202571679955,0.0,0.0767557434783434,-0.016123839740628938,-0.09863111743418862
5.119999999999935,-0.9880625318061265,3.3444757267115954,8.0,0.2169584694410995,3.111626338632672,0.0,0.08018108566836521,-0.015299367720043889,-0.10847923472054975
5.129999999999935,-0.9857945013030696,3.375563972801893,8.0,0.23664613886494068,3.1059410582273617,0.0,0.08332710820926229,-0.01333020236583373,-0.11832306943247034
5.139999999999935,-0.9833296401701492,3.4065929129872075,8.0,0.25632446590442115,3.099765313723747,0.0,0.08728030978604087,-0.011265334158238539,-0.12816223295221058
5.149999999999935,-0.9806680457158627,3.437557647438191,8.0,0.27599267369288827,3.093100080343475,0.0,0.09034562635979804,-0.010294649191547723,-0.13799633684644413
5.159999999999934,-0.9778098230154004,3.4684532864643103,8.0,0.29564998576317036,3.085946410604164,0.0,0.09320556895293061,-0.008159625944806874,-0.14782499288158518
5.169999999999934,-0.9747550849065005,3.499274951286019,8.0,0.31529562607825123,3.0783054341531915,0.0,0.09617509696952488,-0.006040974637725271,-0.15764781303912562
5.179999999999934,-0.9715039519849942,3.530017774805136,8.0,0.33492881906188426,3.070178357589319,0.0,0.09951523327290775,-0.004851195927664932,-0.16746440953094213
5.189999999999934,-0.968056552600042,3.560676902373453,8.0,0.35454878962923214,3.0615664642721456,0.0,0.10236476093227198,-0.002539085758027347,-0.17727439481461607
5.199999999999934,-0.9644130228490688,3.5912474925593116,8.0,0.3741547632174502,3.05247111411946,0.0,0.10602512389385779,-0.00012404868500388565,-0.1870773816087251
5.209999999999933,-0.9605735065723895,3.6217247179121372,8.0,0.393745965816272,3.042893743392486,0.0,0.10893464977034042,0.001181933465642855,-0.196872982908136
5.219999999999933,-0.9565381553475332,3.6521037657247426,8.0,0.4133216239985646,3.0328358644690883,0.0,0.11156511832429516,0.003627983836479521,-0.2066608119992823
5.229999999999933,-0.9523071284832563,3.6823798387933118,8.0,0.43288096495086015,3.022299065604942,0.0,0.11427117004650049,0.006021710569566382,-0.21644048247543007
5.239999999999933,-0.947880593013255,3.7125481561749414,8.0,0.4524232165038732,3.0112850106827334,0.0,0.11739933400280603,0.007552484835529622,-0.2262116082519366
5.2499999999999325,-0.9432587236895706,3.7426039539425866,8.0,0.4719476071629685,2.999795438949416,0.0,0.11998797957661826,0.01015258638156537,-0.23597380358148426
5.259999999999932,-0.9384417029756884,3.77254248593737,8.0,0.4914533661386396,2.9878321647415556,0.0,0.12304032732506531,0.012788804828231387,-0.2457266830693198
5.269999999999932,-0.9334297210393405,3.802359024518023,8.0,0.5109397233769157,2.975397077198834,0.0,0.12577229113985286,0.014415081092116564,-0.25546986168845787
5.279999999999932,-0.9282229757449905,3.8320488613074666,8.0,0.5304059095897832,2.9624921399657254,0.0,0.1282660499652963,0.017155177903712147,-0.2652029547948916
5.289999999999932,-0.9228216726460268,3.8616073079362927,8.0,0.5498511562855405,2.9491193908814175,0.0,0.1309353021834439,0.019845141159893522,-0.27492557814277024
5.299999999999931,-0.9172260249766486,3.891029696783125,8.0,0.5692746957991421,2.935280941658014,0.0,0.1336040517170294,0.02163850638959511,-0.28463734789957107
5.309999999999931,-0.9114362536434433,3.9203113817116955,8.0,0.5886757613225109,2.9209789775470645,0.0,0.13637855974155824,0.02462556452232403,-0.29433788066125544
5.319999999999931,-0.9054525872166703,3.9494477388045013,8.0,0.6080535869347942,2.9062157569944995,0.0,0.13864916867827506,0.027341215133476485,-0.3040267934673971
5.329999999999931,-0.8992752619212343,3.978434167093007,8.0,0.6274074076326226,2.8909936112839816,0.0,0.14121573282727282,0.029294288715003728,-0.3137037038163113
5.339999999999931,-0.8929045216273606,4.0072660892841565,8.0,0.6467364593602885,2.8753149441687826,0.0,0.14357946457402204,0.03231492171667413,-0.3233682296801442
5.34999999999993,-0.8863406178409665,4.035938952483212,8.0,0.6660399790399317,2.859182231492189,0.0,0.14577760950021765,0.03513321161726463,-0.33301998951996586
5.35999999999993,-0.8795838096937372,4.064448228912681,8.0,0.6853172046016428,2.8425980207965535,0.0,0.14843339650485668,0.037312158327548875,-0.3426586023008214
5.36999999999993,-0.8726343639328862,4.09278941662733,8.0,0.7045673750135673,2.8255649309209923,0.0,0.1504549383782585,0.040367542838539425,-0.3522836875067836
5.37999999999993,-0.8654925549106327,4.120958040225081,8.0,0.7237897303119415,2.8080856515878487,0.0,0.15268465334845574,0.04330278064866329,-0.36189486515597075
5.3899999999999295,-0.8581586645733701,4.148949651553718,8.0,0.7429835116310868,2.7901629429779597,0.0,0.15498647780956065,0.04555958890673471,-0.3714917558155434
5.399999999999929,-0.850632982450529,4.176759830413332,8.0,0.7621479612333872,2.7717996352947774,0.0,0.1570073930868976,0.048767041717661164,-0.3810739806166936
5.409999999999929,-0.8429158056431563,4.204384185254288,8.0,0.7812823225391817,2.752998628317464,0.0,0.15916182427179115,0.051290374362408256,-0.39064116126959086
5.419999999999929,-0.8350074388121751,4.231818353870731,8.0,0.8003858401566547,2.733762890942964,0.0,0.16111194475006319,0.0544128575699823,-0.40019292007832735
5.429999999999929,-0.8269081941663696,4.259058004089402,8.0,0.8194577599116357,2.714095460717202,0.0,0.16289891179188473,0.05765458618429756,-0.40972887995581786
5.4399999999999284,-0.8186183914500482,4.286098834453767,8.0,0.8384973288773945,2.693999443355397,0.0,0.16508196321407662,0.06002238288127323,-0.41924866443869724
5.449999999999928,-0.8101383579304295,4.312936574903239,8.0,0.8575037954043438,2.673478012251657,0.0,0.16681656970051767,0.06319256793009739,-0.4287518977021719
5.459999999999928,-0.801468428384716,4.3395669874474905,8.0,0.8764764091497325,2.652534407977842,0.0,0.1684582950162703,0.06656099977460028,-0.43823820457486623
5.469999999999928,-0.7926089450868794,4.365985866835673,8.0,0.8954144211072583,2.63117193777185,0.0,0.17048727428548774,0.06891900606682293,-0.44770721055362916
5.479999999999928,-0.7835602577941527,4.392189041220469,8.0,0.9143170836366313,2.6093939750153745,0.0,0.17206794840355596,0.07218786034482948,-0.45715854181831567
5.489999999999927,-0.7743227237332144,4.418172372816892,8.0,0.9331836504931067,2.587203958701186,0.0,0.17358701327424741,0.0754308561297336,-0.46659182524655335
5.499999999999927,-0.764896707586094,4.443931758555668,8.0,0.9520133768569242,2.564605392890102,0.0,0.1754683161982647,0.07790250004081499,-0.4760066884284621
5.509999999999927,-0.7552825814757673,4.469463130731183,8.0,0.9708055193627342,2.541601846157629,0.0,0.17685472195251026,0.08120815735883903,-0.4854027596813671
5.519999999999927,-0.7454807249514728,4.494762457643796,8.0,0.9895593361289223,2.518196951030467,0.0,0.17852258437622973,0.08393566468070694,-0.49477966806446116
5.5299999999999265,-0.7354915249737211,4.519825744236515,8.0,1.0082740867869195,2.494394403412869,0.0,0.1801411200203349,0.08663459305982373,-0.5041370433934598
5.539999999999926,-0.7253153758990241,4.544649032725836,8.0,1.0269490325104098,2.4701979620030388,0.0,0.1812680891271144,0.0901632784026387,-0.5134745162552049
5.549999999999926,-0.7149526794643233,4.56922840322675,8.0,1.0455834360445149,2.4456114476995645,0.0,0.1824356893541574,0.09349802450113401,-0.5227917180222574
5.559999999999926,-0.7044038447711269,4.5935599743717255,8.0,1.064176561734893,2.4206387429980674,0.0,0.18402615131730965,0.09601121846848563,-0.5320882808674465
5.569999999999926,-0.6936692882693709,4.61763990392361,8.0,1.0827276755567736,2.395283791378121,0.0,0.1851065059163132,0.09929774109083414,-0.5413638377783868
5.5799999999999255,-0.6827494337409616,4.641464389382392,8.0,1.1012360451439522,2.369550596680501,0.0,0.1864794040146739,0.10204056495166342,-0.5506180225719761
5.589999999999925,-0.6716447122830607,4.665029668585628,8.0,1.1197009398176845,2.3434432224749666,0.0,0.187824413763492,0.10473516499237287,-0.5598504699088422
5.599999999999925,-0.6603555622910537,4.688332020302562,8.0,1.1381216306155502,2.3169657914185446,0.0,0.1886256320977612,0.10821976736966847,-0.5690608153077751
5.609999999999925,-0.6488824294412572,4.711367764821722,8.0,1.156497390320213,2.2901224846045416,0.0,0.18952338184649187,0.11146174240724413,-0.5782486951601065
5.619999999999925,-0.637225766673307,4.73413326453201,8.0,1.1748274934881464,2.2629175409022775,0.0,0.19083846564073356,0.1139677169833249,-0.5874137467440732
5.629999999999924,-0.6253860341722906,4.756624924497123,8.0,1.193111216478267,2.235355256287729,0.0,0.19161388219831132,0.11720153127828566,-0.5965556082391335
5.639999999999924,-0.6133636993505753,4.778839193023212,8.0,1.2113478374804916,2.207439983165156,0.0,0.19277656544118588,0.1198156327536658,-0.6056739187402458
5.649999999999924,-0.6011592368293517,4.800772562219768,8.0,1.2295366365442548,2.1791761296797816,0.0,0.19346153272663602,0.12301742561166133,-0.6147683182721274
5.659999999999924,-0.5887731284199065,4.822421568553528,8.0,1.2476768956069086,2.150568159021723,0.0,0.1945175510395467,0.12563771456380854,-0.6238384478034543
5.6699999999999235,-0.5762058631045868,4.843782793395436,8.0,1.2657678985220917,2.1216205887211745,0.0,0.19518396414445705,0.12870842146983466,-0.6328839492610459
5.679999999999923,-0.5634579370175139,4.864852863560455,8.0,1.28380893108798,2.0923379899350647,0.0,0.1957444099149216,0.13184546249658993,-0.64190446554399
5.689999999999923,-0.5505298534249796,4.885628451840258,8.0,1.3017992810755021,2.0627249867251924,0.0,0.19678626749998795,0.1342733214769409,-0.6508996405377511
5.699999999999923,-0.5374221227055846,4.90610627752862,8.0,1.3197382382564475,2.032786255328046,0.0,0.19773067884850193,0.13675291462044872,-0.6598691191282238
5.709999999999923,-0.5241352623300983,4.926283106939472,8.0,1.3376250944314976,2.002526523416381,0.0,0.19801072670468223,0.14003899216602825,-0.6688125472157488
5.7199999999999225,-0.5106697968410145,4.946155753917559,8.0,1.3554591434582033,1.971950569352641,0.0,0.198900133121692,0.1425021187374796,-0.6777295717291016
5.729999999999922,-0.4970262578318563,4.965721080341546,8.0,1.3732396812788403,1.941063221434428,0.0,0.19920221776950547,0.1455861193918287,-0.6866198406394202
5.739999999999922,-0.48320518392617906,4.984975996619589,8.0,1.390966005948226,1.909869357132027,0.0,0.20003422363735315,0.14798751465678914,-0.695483002974113
5.749999999999922,-0.46920712075631954,5.00391746217719,8.0,1.4086374176614094,1.878373902318232,0.0,0.20031070627214848,0.15096807348448305,-0.7043187088307047
5.759999999999922,-0.4550326209418385,5.02254248593737,8.0,1.42625321878132,1.8465818304904553,0.0,0.20106560711967333,0.15334251543338723,-0.71312660939066
5.769999999999921,-0.44068224406772316,5.04084812679296,8.0,1.443812713866287,1.8144981619853926,0.0,0.20133364279788715,0.15620243247846916,-0.7219063569331435
5.779999999999921,-0.4261565566622778,5.058831494071067,8.0,1.4613152096975142,1.7821279631862228,0.0,0.20197204145238787,0.1585926382318573,-0.7306576048487571
5.789999999999921,-0.4114561321747665,5.076489747989532,8.0,1.478760015306437,1.7494763457225784,0.0,0.2025915525843582,0.16095041484385206,-0.7393800076532185
5.799999999999921,-0.39658155095278236,5.093820100105353,8.0,1.496146442001996,1.7165484656633758,0.0,0.20261112459690447,0.16388893658099726,-0.748073221000998
5.809999999999921,-0.38153340021931825,5.110819813755038,8.0,1.5134738033978403,1.6833495227025794,0.0,0.20319320760918516,0.16619253848029217,-0.7567369016989202
5.81999999999992,-0.3663122740496014,5.127486204486729,8.0,1.5307414154394063,1.649884759338146,0.0,0.20377596873632706,0.16841143640678158,-0.7653707077197032
5.82999999999992,-0.3509187733476278,5.143816640484131,8.0,1.5479485964309423,1.6161594600441378,0.0,0.20365123964592488,0.17129814429733375,-0.7739742982154711
5.83999999999992,-0.33535350582245105,5.159808542982088,8.0,1.565094667062401,1.5821789504362782,0.0,0.20421641679308147,0.17345034808364138,-0.7825473335312005
5.84999999999992,-0.3196170859641754,5.175459386673815,8.0,1.5821789504362782,1.5479485964309398,0.0,0.20418808116726786,0.17609152922496654,-0.7910894752181391
5.8599999999999195,-0.30371013501971866,5.190766700109659,8.0,1.5992007720943138,1.5134738033978403,0.0,0.20468366527815465,0.17817480498299518,-0.7996003860471569
5.869999999999919,-0.28763328096826246,5.2057280660873815,8.0,1.6161594600441378,1.4787600153064395,0.0,0.2050848951357055,0.1802904506412546,-0.8080797300220689
5.879999999999919,-0.2713871584964753,5.220341122033862,8.0,1.6330543447857897,1.443812713866287,0.0,0.20487990363057274,0.18290276981827078,-0.8165271723928949
5.889999999999919,-0.25497240897345996,5.234603560378158,8.0,1.6498847593381436,1.4086374176614118,0.0,0.20532562586238548,0.18487051383569483,-0.8249423796690718
5.899999999999919,-0.2383896804254153,5.248513128915928,8.0,1.6666500392652568,1.37323968127884,0.0,0.20523975354184107,0.1872263630104605,-0.8333250196326284
5.909999999999918,-0.2216396275100756,5.262067631165048,8.0,1.6833495227025794,1.3376250944315,0.0,0.20536977458069833,0.18932974549784803,-0.8416747613512897
5.919999999999918,-0.20472291149084487,5.27526492671249,8.0,1.6999825503831039,1.3017992810755021,0.0,0.20581688422489763,0.19109808437704048,-0.8499912751915519
5.929999999999918,-0.18764020021070849,5.288102931552293,8.0,1.7165484656633736,1.2657678985220917,0.0,0.2055013233179013,0.1934357115865324,-0.8582742328316868
5.939999999999918,-0.17039216806585777,5.300579618414675,8.0,1.7330466145494205,1.2295366365442573,0.0,0.2057965094652311,0.1952225604870481,-0.8665233072747103
5.949999999999918,-0.15297949597906335,5.312693017086145,8.0,1.7494763457225784,1.193111216478267,0.0,0.2061020680309663,0.19687281511376895,-0.8747381728612892
5.959999999999917,-0.13540287137281037,5.324441214720627,8.0,1.7658370105651882,1.1564973903202156,0.0,0.20576381470504473,0.19931750186542513,-0.8829185052825941
5.969999999999917,-0.11766298814213627,5.335822356141531,8.0,1.7821279631862204,1.1197009398176843,0.0,0.20583532226681445,0.20070297701802825,-0.8910639815931102
5.979999999999917,-0.09976054662726241,5.346834644134685,8.0,1.7983485604467557,1.082727675556776,0.0,0.20540260458659154,0.20275305789354509,-0.8991742802233779
5.989999999999917,-0.08169625358591937,5.357476339732162,8.0,1.8144981619853926,1.0455834360445149,0.0,0.20575788969255318,0.2044746015644803,-0.9072490809926963
5.9999999999999165,-0.06347082216547051,5.3677457624868605,8.0,1.8305761302435108,1.0082740867869195,0.0,0.20632907583051463,0.20640312236538402,-0.9152880651217554
6.009999999999916,-0.045084971874737256,5.377641290737884,8.0,1.8465818304904564,0.9708055193627342,0.0,0.2054756597471966,0.20824079722415237,-0.9232909152452282
6.019999999999916,-0.0265394285556102,5.387161361866607,8.0,1.8625146308485885,0.9331836504931067,0.0,0.20506476144186014,0.21011511823328188,-0.9312573154242942
6.029999999999916,-0.007834924354384043,5.396304472543439,8.0,1.8783739023182298,0.895414421107261,0.0,0.2048282966233157,0.2106657653458701,-0.9391869511591149
6.039999999999916,0.011027802307145063,5.405069178965215,8.0,1.8941590188025008,0.8575037954043438,0.0,0.20468603117878312,0.21184191491088192,-0.9470795094012504
6.0499999999999154,0.030048006760821977,5.413454097083184,8.0,1.909869357132027,0.8194577599116383,0.0,0.20408759982690716,0.21369278386448418,-0.9549346785660136
6.059999999999915,0.0492249381215486,5.421457902821578,8.0,1.9255042970895564,0.7812823225391817,0.0,0.20399136128959525,0.21450569053516097,-0.9627521485447782
6.069999999999915,0.06855783931690507,5.429079332286684,8.0,1.9410632214344257,0.7429835116310894,0.0,0.20304940596750526,0.21595468042076332,-0.9705316107172128
6.079999999999915,0.08804594711706004,5.436317181966443,8.0,1.9565455159269476,0.7045673750135673,0.0,0.20319924902276154,0.2170805991160971,-0.9782727579634738
6.089999999999915,0.10768849216488219,5.443170308920483,8.0,1.971950569352641,0.6660399790399316,0.0,0.20300394164968205,0.21789211513534573,-0.9859752846763205
6.099999999999914,0.12748469900633008,5.449637630960617,8.0,1.9872777735463776,0.6274074076326226,0.0,0.20183666811082965,0.21918666652610466,-0.9936388867731888
6.109999999999914,0.14743378612105396,5.455718126821722,8.0,2.002526523416379,0.5886757613225108,0.0,0.20113643375388765,0.22063730501076909,-1.0012632617081896
6.119999999999914,0.16753496595324924,5.461410836323013,8.0,2.01769621696811,0.549851156285543,0.0,0.20115828455295978,0.22133865163768182,-1.008848108484055
6.129999999999914,0.18778744494276056,5.46671486051967,8.0,2.032786255328046,0.5109397233769157,0.0,0.20064902738781434,0.22168936655689264,-1.016393127664023
6.1399999999999135,0.20819042355638961,5.471629361844785,8.0,2.047796042767307,0.47194760716297124,0.0,0.19972535764487734,0.2231543112268957,-1.0238980213836535
6.149999999999913,0.22874309631948098,5.476153564241628,8.0,2.0627249867251907,0.43288096495086015,0.0,0.19946992540509575,0.22364972402412753,-1.0313624933625953
6.159999999999913,0.2494446518477016,5.480286753286194,8.0,2.0775724978325467,0.3937459658162734,0.0,0.19935559779810447,0.2249358597486052,-1.0387862489162734
6.169999999999913,0.2702942728790898,5.484028276300021,8.0,2.0923379899350647,0.35454878962923075,0.0,0.19825936705742384,0.22613947012682234,-1.0461689949675324
6.179999999999913,0.2912911363063033,5.487377542453251,8.0,2.1070208801163943,0.3152956260782512,0.0,0.1977660983844299,0.22627206344011824,-1.0535104400581972
6.1899999999999125,0.31243441320913057,5.490334022857931,8.0,2.1216205887211754,0.2759926736928882,0.0,0.1968959168090929,0.22607175378128488,-1.0608102943605877
6.199999999999912,0.3337232688871996,5.492897250651534,8.0,2.1361365393779104,0.23664613886494063,0.0,0.195734374049875,0.22713464668971078,-1.0680682696889552
6.209999999999912,0.3551568628929407,5.4950668210706795,8.0,2.1505681590217214,0.19726223486837993,0.0,0.19523272024491947,0.2272178898608131,-1.0752840795108607
6.219999999999912,0.3767343490647672,5.4968423915150435,8.0,2.1649148779169782,0.15784718087819163,0.0,0.19492338483791607,0.22792403288113228,-1.0824574389584891
6.229999999999912,0.39845487556046466,5.498223681601473,8.0,2.1791761296797816,0.11840720098832565,0.0,0.19366113336945323,0.22874074550537676,-1.0895880648398908
6.239999999999911,0.4203175848908445,5.49921047320825,8.0,2.193351351300334,0.0789485232287982,0.0,0.19299562813237214,0.22855971339820896,-1.096675675650167
6.249999999999911,0.4423216139535726,5.499802610509541,8.0,2.207439983165154,0.03947737858225819,0.0,0.1921591983501703,0.22795193178448941,-1.103719991582577
6.259999999999911,0.46446609406726136,5.5,8.0,2.221441469079183,9.61835346860895e-16,0.0,0.19086548507516157,0.22859706048954573,-1.1107207345395915
6.269999999999911,0.4867501510057535,5.499802610509541,8.0,2.235355256287729,-0.039477378582256265,-0.0,0.19020889301645946,0.2283497699633677,-1.1176776281438645
6.2799999999999105,0.5091729050326363,5.49921047320825,8.0,2.2491807954982983,-0.07894852322879907,-0.0,0.18962714333252725,0.22799967582805622,-1.1245903977491492
6.28999999999991,0.5317334709359756,5.498223681601473,8.0,2.2629175409022757,-0.1184072009883237,-0.0,0.1882839617313907,0.22839448217628597,-1.1314587704511379
6.29999999999991,0.5544309580632563,5.4968423915150435,8.0,2.2765649501964726,-0.15784718087818972,-0.0,0.1871913618814762,0.22816404311930738,-1.1382824750982363
6.30999999999991,0.5772644703565568,5.4950668210706795,8.0,2.2901224846045416,-0.19726223486837802,-0.0,0.1869260073379916,0.2279188704151294,-1.1450612423022708
6.31999999999991,0.6002331063879027,5.492897250651534,8.0,2.303589608898234,-0.2366461388649387,-0.0,0.18545190256312752,0.22778101553922045,-1.151794804449117
6.3299999999999095,0.6233359593948773,5.490334022857931,8.0,2.3169657914185455,-0.2759926736928863,-0.0,0.1851062380722561,0.2271018052425343,-1.1584828957092728
6.339999999999909,0.6465721173163992,5.487377542453251,8.0,2.3302505040966928,-0.31529562607824924,-0.0,0.1837312166759747,0.22684301981605415,-1.1651252520483464
6.349999999999909,0.6699406628287417,5.484028276300021,8.0,2.343443222474966,-0.35454878962923153,-0.0,0.18335243880326124,0.22614629484164123,-1.171721611237483
6.359999999999909,0.6934406733817404,5.480286753286195,8.0,2.356543425727433,-0.3937459658162715,-0.0,0.18202985474752964,0.22575793980349973,-1.1782717128637166
6.369999999999909,0.7170712212352179,5.476153564241628,8.0,2.3695505966805017,-0.432880964950861,-0.0,0.1816609260778213,0.2249608888380992,-1.1847752983402509
6.379999999999908,0.7408313734956082,5.471629361844784,8.0,2.3824642218333345,-0.4719476071629721,-0.0,0.18034235990690417,0.2244568393010447,-1.1912321109166673
6.389999999999908,0.7647201921527786,5.46671486051967,8.0,2.3952837913781195,-0.5109397233769165,-0.0,0.1799799922239767,0.2235441603521102,-1.1976418956890598
6.399999999999908,0.7887367341170801,5.461410836323013,8.0,2.408008799220206,-0.5498511562855439,-0.0,0.1786746749273511,0.2229014439150517,-1.204004399610103
6.409999999999908,0.8128800512565526,5.455718126821722,8.0,2.4206387429980687,-0.5886757613225116,-0.0,0.17830214190499985,0.22186670906104636,-1.2103193714990343
6.419999999999908,0.8371491904343769,5.449637630960618,8.0,2.4331731241031553,-0.6274074076326206,-0.0,0.17700173348331982,0.2210756258800983,-1.2165865620515777
6.429999999999907,0.861543193546499,5.443170308920483,8.0,2.445611447699563,-0.6660399790399325,-0.0,0.17662509683535318,0.21990492187260832,-1.2228057238497816
6.439999999999907,0.8860610975594372,5.436317181966443,8.0,2.4579532227435728,-0.704567375013568,-0.0,0.17532202637624222,0.21896015237786898,-1.2289766113717864
6.449999999999907,0.9107019345483298,5.429079332286684,8.0,2.470197962003039,-0.7429835116310903,-0.0,0.17494143101356038,0.21764576215323786,-1.2350989810015196
6.459999999999907,0.9354647317351175,5.421457902821578,8.0,2.482345182076621,-0.7812823225391825,-0.0,0.17363651145322523,0.21654289943781677,-1.2411725910383105
6.4699999999999065,0.9603485115269752,5.413454097083184,8.0,2.4943944034128713,-0.8194577599116392,-0.0,0.17325297968955924,0.2150828697276634,-1.2471972017064357
6.479999999999906,0.9853522915548769,5.405069178965214,8.0,2.506345150329161,-0.8575037954043447,-0.0,0.17194650556105856,0.21382249691037114,-1.2531725751645806
6.489999999999906,1.0104750847124082,5.396304472543439,8.0,2.518196951030468,-0.8954144211072618,-0.0,0.17156382736799836,0.21221868378883738,-1.259098475515234
6.499999999999906,1.035715899194705,5.387161361866607,8.0,2.52994933762799,-0.9331836504931075,-0.0,0.17025774974419575,0.21080604322588686,-1.264974668813995
6.509999999999906,1.0610737385376336,5.377641290737884,8.0,2.5416018461576297,-0.9708055193627323,-0.0,0.16987963383755506,0.20906469260200017,-1.2708009230788149
6.519999999999905,1.086547601657121,5.3677457624868605,8.0,2.5531540165983038,-1.0082740867869204,-0.0,0.1685769032645311,0.20750837591501137,-1.2765770082991519
6.529999999999905,1.112136482888662,5.357476339732161,8.0,2.564605392890101,-1.0455834360445158,-0.0,0.16820730813608253,0.20563903720817714,-1.2823026964450506
6.539999999999905,1.137839372027047,5.346834644134685,8.0,2.5759555229522966,-1.082727675556777,-0.0,0.16691106291308608,0.20395014738823364,-1.2879777614761483
6.549999999999905,1.1636552543662182,5.33582235614153,8.0,2.5872039587011866,-1.1197009398176851,-0.0,0.16655354618270243,0.20196417127216476,-1.2936019793505933
6.559999999999905,1.189583110739349,5.324441214720627,8.0,2.598350256067792,-1.1564973903202163,-0.0,0.1652657386315049,0.20015219650720587,-1.299175128033896
6.569999999999904,1.2156219175590608,5.312693017086145,8.0,2.6093939750153736,-1.1931112164782676,-0.0,0.16492168758205974,0.19805516907086915,-1.3046969875076868
6.579999999999904,1.241770646857848,5.300579618414677,8.0,2.62033467955682,-1.229536636544253,-0.0,0.1636454099858381,0.1961274772491252,-1.31016733977841
6.589999999999904,1.2680282663286553,5.288102931552293,8.0,2.631171937771851,-1.2657678985220924,-0.0,0.16331774719705755,0.19393126854115253,-1.3155859688859255
6.599999999999904,1.2943937393656206,5.27526492671249,8.0,2.641905321824065,-1.301799281075503,-0.0,0.1620563820165128,0.19190124318290583,-1.3209526609120326
6.6099999999999035,1.3208660251050182,5.262067631165048,8.0,2.6525344079778415,-1.337625094431501,-0.0,0.16174972692290118,0.18961796150585425,-1.3262672039889207
6.619999999999903,1.3474440784663297,5.248513128915928,8.0,2.6630587766150557,-1.373239681278841,-0.0,0.16050675662497485,0.1874977449023969,-1.3315293883075279
6.629999999999903,1.3741268501935235,5.234603560378158,8.0,2.6734780122516577,-1.4086374176614127,-0.0,0.16022408208953368,0.18513888263076045,-1.3367390061258289
6.639999999999903,1.400913286896453,5.220341122033862,8.0,2.683791703554062,-1.443812713866288,-0.0,0.15900419928393777,0.18293860166232126,-1.341895851777031
6.649999999999903,1.4278023310924661,5.205728066087384,8.0,2.6939994433553975,-1.4787600153064353,-0.0,0.15874870847839284,0.1805136213078716,-1.3469997216776988
6.659999999999902,1.4547929212481447,5.190766700109658,8.0,2.704100828671577,-1.5134738033978412,-0.0,0.15755518774290916,0.17824215708041005,-1.3520504143357885
6.669999999999902,1.4818839918211948,5.175459386673815,8.0,2.7140954607172008,-1.5479485964309405,-0.0,0.15733119955707944,0.17575804291702843,-1.3570477303586004
6.679999999999902,1.5090744733025474,5.159808542982088,8.0,2.7239829449213135,-1.5821789504362789,-0.0,0.1561675197473118,0.17342188113050688,-1.3619914724606568
6.689999999999902,1.536363292258542,5.143816640484131,8.0,2.7337628909429643,-1.6161594600441385,-0.0,0.15597785819777182,0.1708841726067529,-1.3668814454714822
6.699999999999902,1.5637493713733401,5.127486204486729,8.0,2.7434349126866344,-1.6498847593381467,-0.0,0.15484864149953187,0.16848727641046768,-1.3717174563433172
6.709999999999901,1.5912316294914235,5.110819813755038,8.0,2.7529986283174632,-1.68334952270258,-0.0,0.15469630838345474,0.16589919737119768,-1.3764993141587316
6.719999999999901,1.6188089816603064,5.0938201001053525,8.0,2.762453660276336,-1.7165484656633765,-0.0,0.15360462984625012,0.16344442129051576,-1.381226830138168
6.729999999999901,1.6464803391733378,5.076489747989531,8.0,2.7717996352947782,-1.749476345722579,-0.0,0.15349362264053232,0.16080709011789193,-1.3858998176473891
6.739999999999901,1.6742446096127068,5.058831494071069,8.0,2.7810361844097002,-1.782127963186219,-0.0,0.15244280886109163,0.15829543336870536,-1.3905180922048501
6.7499999999999005,1.7021006968925616,5.040848126792959,8.0,2.790162942977959,-1.8144981619853935,-0.0,0.15237489329496223,0.15560988759125116,-1.3950814714889794
6.7599999999999,1.7300475013022654,5.022542485937369,8.0,2.7991795506907526,-1.846581830490456,-0.0,0.151368903140092,0.15304120020902162,-1.3995897753453763
6.7699999999999,1.7580839195498403,5.00391746217719,8.0,2.8080856515878487,-1.8783739023182326,-0.0,0.15134747959564712,0.1503062614015087,-1.4040428257939244
6.7799999999999,1.786208844805492,4.984975996619589,8.0,2.8168808940716326,-1.9098693571320278,-0.0,0.15038887694902472,0.14768015148820804,-1.4084404470358163
6.7899999999999,1.8144211667453374,4.965721080341546,8.0,2.8255649309209914,-1.9410632214344283,-0.0,0.1504169340302285,0.14489460684941693,-1.4127824654604957
6.7999999999998995,1.8427197715952053,4.946155753917559,8.0,2.834137419305019,-1.9719505693526416,-0.0,0.14950951418979733,0.14220958485671384,-1.4170687096525094
6.809999999999899,1.8711035421746391,4.926283106939471,8.0,2.842598020796554,-2.002526523416382,-0.0,0.14958885682819334,0.13937250044772376,-1.421299010398277
6.819999999999899,1.8995713579409692,4.906106277528619,8.0,2.850946401385534,-2.0327862553280465,-0.0,0.14873570336511768,0.13662784794324087,-1.425473200692767
6.829999999999899,1.928122095033578,4.88562845184026,8.0,2.8591822314921895,-2.062724986725189,-0.0,0.14886892542733104,0.13373781902455298,-1.4295911157460948
6.839999999999899,1.956754626318256,4.864852863560454,8.0,2.8673051859800514,-2.092337989935065,-0.0,0.1480720511378084,0.13093372989522178,-1.4336525929900257
6.849999999999898,1.985467821431686,4.843782793395436,8.0,2.875314944168782,-2.121620588721175,-0.0,0.14826094184161773,0.12799028991124986,-1.437657472084391
6.859999999999898,2.0142605468260983,4.822421568553527,8.0,2.883211189846846,-2.1505681590217236,-0.0,0.1475229969770848,0.12512714137605785,-1.441605594923423
6.869999999999898,2.0431316658139878,4.800772562219768,8.0,2.890993611283982,-2.179176129679782,-0.0,0.14776803765028226,0.12213072849090126,-1.445496805641991
6.879999999999898,2.0720800386130196,4.778839193023211,8.0,2.8986619012435195,-2.2074399831651568,-0.0,0.1470914523722782,0.1192103314453792,-1.4493309506217598
6.8899999999998975,2.1011045223909948,4.756624924497123,8.0,2.906215756994499,-2.2353552562877295,-0.0,0.14739355434587742,0.11616043267974632,-1.4531078784972495
6.899999999999897,2.1302039713109964,4.734133264532014,8.0,2.9136548803236306,-2.2629175409022744,-0.0,0.14677976866322637,0.11318779277314818,-1.4568274401618153
6.909999999999897,2.159377236576611,4.711367764821721,8.0,2.920978977547065,-2.290122484604542,-0.0,0.14713931261902047,0.11008217447373214,-1.4604894887735325
6.919999999999897,2.188623166477271,4.688332020302562,8.0,2.928187759521981,-2.316965791418545,-0.0,0.1465911926444506,0.10706754285591087,-1.4640938797609906
6.929999999999897,2.217940606433748,4.665029668585628,8.0,2.935280941658013,-2.3434432224749675,-0.0,0.14700631402154302,0.10389728008518744,-1.4676404708290065
6.9399999999998965,2.2473283990437047,4.641464389382392,8.0,2.9422582439284737,-2.3695505966805013,-0.0,0.14652945970352768,0.1008792807300258,-1.4711291219642368
6.949999999999896,2.2767853841274164,4.617639903923609,8.0,2.9491193908814175,-2.395283791378121,-0.0,0.14699569997992615,0.09760548695535498,-1.4745596954407088
6.959999999999896,2.306310398773543,4.593559974371725,8.0,2.95586411165051,-2.4206387429980682,-0.0,0.14664123898733455,0.09516483533037488,-1.477932055825255
6.969999999999896,2.335902277385065,4.569228403226752,8.0,2.9624921399657245,-2.4456114476995614,-0.0,0.14714417859580742,0.09167445403561532,-1.4812460699828622
6.979999999999896,2.3655598517252883,4.544649032725836,8.0,2.9690032141638536,-2.4701979620030388,-0.0,0.14677412684552846,0.08817038871131253,-1.4845016070819268
6.989999999999895,2.395281950963951,4.519825744236515,8.0,2.9753970771988336,-2.4943944034128696,-0.0,0.14733995469870048,0.08485719677775544,-1.4876985385994168
6.999999999999895,2.425067401723477,4.494762457643796,8.0,2.981673476651903,-2.5181969510304674,-0.0,0.14709318035735264,0.0816488778170021,-1.4908367383259515
7.009999999999895,2.4549150281252623,4.469463130731183,8.0,2.9878321647415556,-2.5416018461576293,-0.0,0.1476820903431421,0.07820049981482341,-1.4939160823707778
7.019999999999895,2.4848236518361317,4.443931758555667,8.0,2.993872898333333,-2.5646053928901025,0.0,0.1476063842043971,0.07566887858821546,-1.4969364491666666
7.0299999999998946,2.514792092114825,4.418172372816891,8.0,2.9997954389494157,-2.5872039587011866,0.0,0.1480827474254463,0.07198358685674086,-1.4998977194747078
7.039999999999894,2.5448191658586428,4.392189041220468,8.0,3.0055995527780417,-2.609393975015375,0.0,0.14878321523799098,0.06829071428062237,-1.5027997763890208
7.049999999999894,2.5749036876501195,4.365985866835673,8.0,3.011285010682734,-2.6311719377718505,0.0,0.1484970945225903,0.0657057607697217,-1.505642505341367
7.059999999999894,2.605044469803852,4.339566987447493,8.0,3.01685158821135,-2.6525344079778397,0.0,0.14855095488264372,0.06195191983866531,-1.508425794105675
7.069999999999894,2.6352403224133747,4.3129365749032385,8.0,3.0222990656049418,-2.6734780122516573,0.0,0.14948092949568514,0.058213128013879976,-1.5111495328024709
7.0799999999998935,2.665490053398121,4.286098834453767,8.0,3.0276272278064273,-2.6939994433553975,0.0,0.1494301773526419,0.05558060224903239,-1.5138136139032137
7.089999999999893,2.6957924685505166,4.2590580040894,8.0,3.0328358644690887,-2.7140954607172025,0.0,0.150401493604189,0.05174929380716119,-1.5164179322345444
7.099999999999893,2.7261463715830883,4.23181835387073,8.0,3.037924769964866,-2.7337628909429643,0.0,0.15033703725191616,0.04808242407140861,-1.518962384982433
7.109999999999893,2.7565505641757277,4.204384185254287,8.0,3.0428937433924865,-2.752998628317464,0.0,0.1514180027682277,0.04534705273532336,-1.5214468716962433
7.119999999999893,2.7870038460229627,4.1767598304133315,8.0,3.047742588585386,-2.771799635294778,0.0,0.15142978366360202,0.04156109303147949,-1.523871294292693
7.129999999999892,2.817505014881379,4.148949651553718,8.0,3.0524711141194603,-2.79016294297796,0.0,0.15252864070843333,0.03792483893922282,-1.5262355570597301
7.139999999999892,2.8480528666170475,4.12095804022508,8.0,3.0570791333206158,-2.8080856515878487,0.0,0.1526598615123682,0.03515818654125664,-1.5285395666603079
7.149999999999892,2.8786461952530926,4.092789416627333,8.0,3.0615664642721456,-2.82556493092099,0.0,0.15380772908353474,0.03133127679289289,-1.5307832321360728
7.159999999999892,2.909283793017288,4.064448228912681,8.0,3.065932929821908,-2.8425980207965535,0.0,0.15401907551935323,0.028371005251990756,-1.532966464910954
7.169999999999892,2.9399644503897258,4.035938952483211,8.0,3.0701783575893185,-2.8591822314921895,0.0,0.155212646495455,0.0246384126344245,-1.5350891787946592
7.179999999999891,2.970686956150595,4.007266089284156,8.0,3.0743025799721595,-2.875314944168783,0.0,0.15549491904549,0.02086409791335513,-1.5371512899860797
7.189999999999891,3.0014500974279645,3.9784341670930066,8.0,3.078305434153192,-2.890993611283982,0.0,0.1567518845066106,0.01805500813066903,-1.539152717076596
7.199999999999891,3.0322526597457005,3.949447738804501,8.0,3.0821867621065877,-2.9062157569945,0.0,0.15714612667685932,0.015122865514379257,-1.5410933810532939
7.209999999999891,3.0630934270713768,3.920311381711695,8.0,3.085946410604164,-2.920978977547065,0.0,0.15840273592945067,0.010991590214950796,-1.542973205302082
7.2199999999998905,3.093971181864311,3.8910296967831286,8.0,3.0895842312214357,-2.935280941658012,0.0,0.15887514123838614,0.008033480228952464,-1.5447921156107178
7.22999999999989,3.12488470512362,3.861607307936292,8.0,3.093100080343475,-2.9491193908814175,0.0,0.1601825485636166,0.004800221042028704,-1.5465500401717376
7.23999999999989,3.155832776436329,3.832048861307468,8.0,3.0964938191705778,-2.9624921399657245,0.0,0.16072766598322652,0.000826207276278967,-1.5482469095852889
7.24999999999989,3.1868141740255833,3.8023590245180228,8.0,3.099765313723747,-2.9753970771988345,0.0,0.16205737301967785,-0.002234016561346913,-1.5498826568618735
7.25999999999989,3.217827674798845,3.7725424859373695,8.0,3.102914434849978,-2.9878321647415556,0.0,0.16260535514044824,-0.0052790723754372725,-1.551457217424989
7.269999999999889,3.2488720543962164,3.7426039539425857,8.0,3.105941058227362,-2.9997954389494166,0.0,0.1640229151239362,-0.00943824062178173,-1.552970529113681
7.279999999999889,3.2799460872387387,3.7125481561749405,8.0,3.10884506436999,-3.0112850106827334,0.0,0.16453555374973558,-0.012430609804479664,-1.554422532184995
7.289999999999889,3.3110485465768074,3.6823798387933153,8.0,3.111626338632672,-3.022299065604941,0.0,0.16606089663208584,-0.015480354175036544,-1.555813169316336
7.299999999999889,3.3421782045385875,3.652103765724742,8.0,3.1142847712154627,-3.0328358644690883,0.0,0.16667578558250556,-0.019587943695510524,-1.5571423856077313
7.309999999999889,3.373333832178477,3.6217247179121386,8.0,3.116820257167995,-3.042893743392486,0.0,0.16820109546668524,-0.02259931140975483,-1.5584101285839975
7.319999999999888,3.404514199525652,3.5912474925593107,8.0,3.119232696393626,-3.05247111411946,0.0,0.16900179212557004,-0.025607753422801003,-1.559616348196813
7.329999999999888,3.4357180756325905,3.560676902373454,8.0,3.121521993653385,-3.061566464272145,0.0,0.17050230435261673,-0.02893378542513373,-1.5607609968266924
7.339999999999888,3.4669442286237016,3.5300177748051356,8.0,3.1236880585697366,-3.0701783575893193,0.0,0.17086204076294317,-0.032122624847576824,-1.5618440292848683
7.349999999999888,3.498191425743925,3.499274951286018,8.0,3.125730805630146,-3.078305434153192,0.0,0.1726691761798183,-0.03557545776270342,-1.562865402815073
7.3599999999998875,3.52945843340743,3.46845328646431,8.0,3.1276501541904578,-3.085946410604164,0.0,0.1740328976949939,-0.03880462841010154,-1.5638250770952289
7.369999999999887,3.560744017246284,3.43755764743819,8.0,3.129446028478077,-3.093100080343475,0.0,0.17545487461975742,-0.04210476050740702,-1.5647230142390385
7.379999999999887,3.59204694215921,3.406592912987211,8.0,3.1311183575949615,-3.099765313723746,0.0,0.17592081223174935,-0.04538038165994969,-1.5655591787974807
7.389999999999887,3.623365972360337,3.3755639728018925,8.0,3.132667075520422,-3.105941058227362,0.0,0.1775051293182955,-0.04883661243080253,-1.566333537760211
7.399999999999887,3.6546998714279697,3.3444757267115968,8.0,3.134092121113726,-3.111626338632672,0.0,0.1789689122116764,-0.051934326765521656,-1.567046060556863
7.4099999999998865,3.686047402353434,3.3133330839107598,8.0,3.1353934381165134,-3.1168202571679955,0.0,0.17945642546713478,-0.055193846557943044,-1.5676967190582567
7.419999999999886,3.7174073275898762,3.282140962183705,8.0,3.1365709751550175,-3.121521993653385,0.0,0.181123620834988,-0.05869531390340705,-1.5682854875775087
7.429999999999886,3.7487784091011536,3.250904287128036,8.0,3.1376246857420926,-3.125730805630146,0.0,0.1826142601112227,-0.061696161314340844,-1.5688123428710463
7.439999999999886,3.780159408410675,3.2196279913768584,8.0,3.138554528279048,-3.129446028478077,0.0,0.18312817441114393,-0.06491493140146748,-1.569277264139524
7.449999999999886,3.811549086650329,3.18831701381983,8.0,3.139360466057294,-3.1326670755204225,0.0,0.18484445444985848,-0.06817581339440953,-1.569680233028647
7.459999999999885,3.8429462046093583,3.1569762988232837,8.0,3.1400424672597853,-3.1353934381165134,0.0,0.186360447906183,-0.07123283162893043,-1.5700212336298927
7.469999999999885,3.8743495227833105,3.125610795449426,8.0,3.140600504962283,-3.1376246857420926,0.0,0.1868980919875734,-0.07440961036220485,-1.5703002524811416
7.479999999999885,3.9057578014229595,3.094225456674836,8.0,3.141034557134415,-3.1393604660572936,0.0,0.18866215519402713,-0.07756837572838324,-1.5705172785672075
7.489999999999885,3.9371698005832356,3.062825238608345,8.0,3.1413446066405433,-3.140600504962283,0.0,0.1902038500445706,-0.08059358167851574,-1.5706723033202716
7.4999999999998845,3.968584280172206,3.0314150997083806,8.0,3.141530641240445,-3.1413446066405433,0.0,0.19075414743324673,-0.08370765941496877,-1.5707653206202226
7.509999999999884,3.999999999999999,3.000000000000001,8.0,3.141592653589793,-3.141592653589793,0.0,0.19256983279019563,-0.08676734822179594,-1.5707963267948966
7.519999999999884,4.0314157198277965,2.9685849002916167,8.0,3.141530641240445,-3.1413446066405433,0.0,0.19413498861412037,-0.0897099143109675,-1.5707653206202226
7.529999999999884,4.062830199416762,2.9371747613916566,8.0,3.1413446066405433,-3.140600504962283,0.0,0.1945044561258596,-0.09267004368903364,-1.5706723033202716
7.539999999999884,4.094242198577039,2.905774543325166,8.0,3.141034557134415,-3.139360466057294,0.0,0.19654153018977877,-0.09574365634668147,-1.5705172785672075
7.5499999999998835,4.125650477216688,2.874389204550576,8.0,3.140600504962283,-3.1376246857420926,0.0,0.19810721931922323,-0.09856417640162665,-1.5703002524811416
7.559999999999883,4.15705379539064,2.8430237011767185,8.0,3.1400424672597853,-3.1353934381165134,0.0,0.1985311278185967,-0.10143810093779097,-1.5700212336298927
7.569999999999883,4.188450913349673,2.8116829861801675,8.0,3.1393604660572936,-3.132667075520422,0.0,0.19982261997076475,-0.10447124165434485,-1.5696802330286468
7.579999999999883,4.219840591589323,2.7803720086231434,8.0,3.138554528279048,-3.129446028478077,0.0,0.20152889453157105,-0.10716533305248249,-1.569277264139524
7.589999999999883,4.251221590898849,2.7490957128719615,8.0,3.1376246857420926,-3.1257308056301456,0.0,0.20349307074985074,-0.10999726409911027,-1.5688123428710463
7.599999999999882,4.2825926724101215,2.7178590378162966,8.0,3.1365709751550175,-3.121521993653385,0.0,0.20424221626593056,-0.11294621530218607,-1.5682854875775087
7.609999999999882,4.313952597646564,2.686666916089242,8.0,3.1353934381165134,-3.116820257167996,0.0,0.20595621450252735,-0.11550506926807648,-1.5676967190582567
7.619999999999882,4.3453001285720285,2.655524273288405,8.0,3.134092121113726,-3.111626338632672,0.0,0.20787342977441048,-0.11824671203396846,-1.567046060556863
7.629999999999882,4.376634027639661,2.6244360271981093,8.0,3.132667075520422,-3.1059410582273626,0.0,0.2086003480276875,-0.12111447316734224,-1.566333537760211
7.6399999999998816,4.407953057840788,2.5934070870127908,8.0,3.1311183575949615,-3.0997653137237466,0.0,0.2102801354731451,-0.12353719028984948,-1.5655591787974807
7.649999999999881,4.439255982753714,2.5624423525618116,8.0,3.129446028478077,-3.093100080343475,0.0,0.2121602996224154,-0.1261747461397758,-1.5647230142390385
7.659999999999881,4.470541566592573,2.5315467135356875,8.0,3.1276501541904578,-3.0859464106041634,0.0,0.21288299013862136,-0.12895331641658042,-1.5638250770952289
7.669999999999881,4.501808574256073,2.5007250487139836,8.0,3.125730805630146,-3.0783054341531924,0.0,0.2145259531078928,-0.13123384548667258,-1.562865402815073
7.679999999999881,4.533055771376301,2.4699822251948618,8.0,3.123688058569736,-3.0701783575893185,0.0,0.21638948724807905,-0.13375542020805137,-1.561844029284868
7.6899999999998805,4.564281924367408,2.4393230976265476,8.0,3.121521993653385,-3.061566464272146,0.0,0.2170951359590557,-0.13643270589375006,-1.5607609968266924
7.69999999999988,4.595485800474346,2.4087525074406906,8.0,3.119232696393626,-3.0524711141194603,0.0,0.21869473814940601,-0.13856481511872118,-1.559616348196813
7.70999999999988,4.626666167821521,2.378275282087863,8.0,3.1168202571679955,-3.042893743392486,0.0,0.22053668804049223,-0.1409572964901788,-1.5584101285839977
7.71999999999988,4.657821795461411,2.3478962342752596,8.0,3.1142847712154627,-3.0328358644690887,0.0,0.22121311191953896,-0.14351809259597897,-1.5571423856077313
7.72999999999988,4.688951453423191,2.3176201612066865,8.0,3.111626338632672,-3.0222990656049413,0.0,0.2227643546613094,-0.14549800368429056,-1.555813169316336
7.739999999999879,4.7200539127612595,2.2874518438250613,8.0,3.1088450643699903,-3.0112850106827342,0.0,0.2245749307948877,-0.14775211191499932,-1.5544225321849952
7.749999999999879,4.751127945603786,2.2573960460574116,8.0,3.1059410582273617,-2.9997954389494152,0.0,0.2252107007646529,-0.15018348904605675,-1.5529705291136808
7.759999999999879,4.782172325201153,2.2274575140626323,8.0,3.1029144348499784,-2.987832164741556,0.0,0.22671289500334357,-0.15201597266290998,-1.5514572174249892
7.769999999999879,4.813185825974419,2.197640975481975,8.0,3.0997653137237466,-2.9753970771988336,0.0,0.2284833738819106,-0.15413317625660872,-1.5498826568618733
7.779999999999879,4.8441672235636695,2.167951138692534,8.0,3.096493819170578,-2.9624921399657254,0.0,0.2290662511905267,-0.15643155167504588,-1.548246909585289
7.789999999999878,4.8751152948763785,2.1383926920637095,8.0,3.093100080343475,-2.9491193908814184,0.0,0.23052482911226072,-0.15813831974027656,-1.5465500401717376
7.799999999999878,4.906028818135686,2.108970303216873,8.0,3.089584231221436,-2.935280941658013,0.0,0.23224780418061514,-0.16013467837221318,-1.544792115610718
7.809999999999878,4.9369065729286215,2.0796886182883068,8.0,3.085946410604164,-2.9209789775470654,0.0,0.23275587722134217,-0.16230136579185356,-1.542973205302082
7.819999999999878,4.967747340254302,2.050552261195497,8.0,3.0821867621065873,-2.9062157569944986,0.0,0.23418928654940266,-0.16392677503659445,-1.5410933810532936
7.8299999999998775,4.998549902572034,2.021565832906995,8.0,3.0783054341531924,-2.8909936112839825,0.0,0.23585651341544425,-0.16582959316290885,-1.5391527170765962
7.839999999999877,5.029313043849408,1.9927339107158424,8.0,3.074302579972159,-2.8753149441687818,0.0,0.2360146150292736,-0.16768229308447796,-1.5371512899860795
7.849999999999877,5.060035549610273,1.9640610475167903,8.0,3.070178357589319,-2.8591822314921904,0.0,0.23766964956076236,-0.16945851215628463,-1.5350891787946594
7.859999999999877,5.0907162069827105,1.935551771087321,8.0,3.0659329298219085,-2.842598020796555,0.0,0.23926764082686383,-0.17130837054068931,-1.5329664649109542
7.869999999999877,5.121353804746906,1.907210583372668,8.0,3.0615664642721456,-2.825564930920991,0.0,0.23958122522218447,-0.17308154632292438,-1.5307832321360728
7.879999999999876,5.151947133382951,1.8790419597749213,8.0,3.0570791333206158,-2.80808565158785,0.0,0.24112132683742796,-0.17486756873498277,-1.5285395666603079
7.889999999999876,5.182494985118623,1.8510503484462801,8.0,3.05247111411946,-2.790162942977959,0.0,0.24257170846350473,-0.1766771006389913,-1.52623555705973
7.899999999999876,5.212996153977036,1.82324016958667,8.0,3.047742588585386,-2.771799635294779,0.0,0.24364551338811777,-0.17846025264136411,-1.523871294292693
7.909999999999876,5.2434494358242745,1.795615814745711,8.0,3.042893743392486,-2.752998628317463,0.0,0.24489811478101078,-0.18020751587940353,-1.521446871696243
7.919999999999876,5.2738536284169095,1.768181646129272,8.0,3.0379247699648664,-2.7337628909429657,0.0,0.24497944422327372,-0.1818756660547076,-1.5189623849824332
7.929999999999875,5.304207531449482,1.7409419959106005,8.0,3.0328358644690887,-2.7140954607172034,0.0,0.24630062895811544,-0.18365649721673838,-1.5164179322345444
7.939999999999875,5.3345099466018775,1.7139011655462344,8.0,3.027627227806428,-2.693999443355399,0.0,0.2475339473733723,-0.1854063297715835,-1.513813613903214
7.949999999999875,5.3647596775866235,1.6870634250967629,8.0,3.022299065604942,-2.6734780122516586,0.0,0.24846361374686268,-0.18714998664209279,-1.511149532802471
7.959999999999875,5.394955530196146,1.6604330125525086,8.0,3.0168515882113502,-2.6525344079778406,0.0,0.2494574533619055,-0.18889883957554096,-1.5084257941056751
7.9699999999998745,5.425096312349878,1.6340141331643292,8.0,3.011285010682734,-2.631171937771852,0.0,0.2501598455427803,-0.19060904119694733,-1.505642505341367
7.979999999999874,5.45518083414136,1.6078109587795295,8.0,3.0055995527780413,-2.609393975015373,0.0,0.2510621607223301,-0.1923587301638505,-1.5027997763890206
7.989999999999874,5.485207907885173,1.58182762718311,8.0,2.999795438949416,-2.587203958701188,0.0,0.25183701041149525,-0.19409522731753473,-1.499897719474708
7.999999999999874,5.515176348163871,1.55606824144433,8.0,2.993872898333333,-2.5646053928901007,0.0,0.25249919861127557,-0.19581781117454525,-1.4969364491666666
8.009999999999874,5.545084971874736,1.530536869268818,8.0,2.987832164741556,-2.5416018461576306,0.0,0.2533180943174428,-0.19757119548681343,-1.493916082370778
8.019999999999873,5.574932598276521,1.5052375423562052,8.0,2.9816734766519035,-2.518196951030469,0.0,0.2532432937646829,-0.1992134385937557,-1.4908367383259518
8.029999999999873,5.604718049036047,1.4801742557634867,8.0,2.975397077198834,-2.494394403412871,0.0,0.25417546247225364,-0.20098581880373187,-1.487698538599417
8.039999999999873,5.6344401482747095,1.4553509672741662,8.0,2.969003214163854,-2.4701979620030405,0.0,0.2550840605041979,-0.2027668084391542,-1.484501607081927
8.049999999999873,5.664097722614933,1.4307715967732488,8.0,2.962492139965725,-2.445611447699563,0.0,0.25577109766855904,-0.20451569251043633,-1.4812460699828625
8.059999999999873,5.693689601226455,1.406440025628277,8.0,2.9558641116505107,-2.4206387429980696,0.0,0.2562713527858728,-0.20623927783168144,-1.4779320558252553
8.069999999999872,5.723214615872585,1.3823600960763889,8.0,2.9491193908814175,-2.395283791378119,0.0,0.2569189810148754,-0.20798825146777164,-1.4745596954407088
8.079999999999872,5.752671600956294,1.3585356106176099,8.0,2.942258243928474,-2.369550596680503,0.0,0.25673972627485264,-0.20961138581343355,-1.471129121964237
8.089999999999872,5.7820593935662545,1.3349703314143704,8.0,2.9352809416580126,-2.343443222474965,0.0,0.2574597375136211,-0.21137090768513178,-1.4676404708290063
8.099999999999872,5.811376833522727,1.3116679796974395,8.0,2.9281877595219816,-2.316965791418547,0.0,0.25818064862921436,-0.2131370918440341,-1.4640938797609908
8.109999999999872,5.840622763423387,1.2886322351782804,8.0,2.920978977547065,-2.290122484604544,0.0,0.2586458260817616,-0.2148574280213788,-1.4604894887735325
8.119999999999871,5.869796028689002,1.2658667354679878,8.0,2.9136548803236315,-2.2629175409022757,0.0,0.25899075067803085,-0.21655638184571183,-1.4568274401618158
8.129999999999871,5.8988954776090035,1.2433750755028787,8.0,2.9062157569944995,-2.2353552562877312,0.0,0.25939237671002224,-0.2182661811131274,-1.4531078784972498
8.139999999999871,5.9279199613869835,1.2211608069767863,8.0,2.8986619012435186,-2.207439983165154,0.0,0.25904756569541504,-0.21984106757508812,-1.4493309506217593
8.14999999999987,5.9568683341860105,1.1992274377802339,8.0,2.8909936112839825,-2.179176129679784,0.0,0.25954572083831523,-0.22156529901656283,-1.4454968056419912
8.15999999999987,5.9857394531739,1.1775784314464737,8.0,2.883211189846847,-2.1505681590217254,0.0,0.26003914144952406,-0.22329445363267317,-1.4416055949234234
8.16999999999987,6.014532178568312,1.156217206604566,8.0,2.8753149441687826,-2.1216205887211768,0.0,0.2602651328632873,-0.22496884461202116,-1.4376574720843913
8.17999999999987,6.043245373681746,1.1351471364395436,8.0,2.867305185980051,-2.092337989935063,0.0,0.2603606092745419,-0.22661732594507944,-1.4336525929900255
8.18999999999987,6.071877904966421,1.114371548159741,8.0,2.8591822314921904,-2.0627249867251907,0.0,0.26057049503002166,-0.22829100890176363,-1.4295911157460952
8.19999999999987,6.100428642059029,1.0938937224713818,8.0,2.8509464013855346,-2.0327862553280482,0.0,0.2599274790419565,-0.22978881146332455,-1.4254732006927673
8.20999999999987,6.128896457825359,1.0737168930605299,8.0,2.8425980207965544,-2.0025265234163836,0.0,0.26023062456670765,-0.23148297033110055,-1.4212990103982772
8.21999999999987,6.157280228404797,1.05384424608244,8.0,2.8341374193050184,-1.9719505693526391,0.0,0.2605035334839532,-0.23318021971003483,-1.4170687096525092
8.229999999999869,6.185578833254665,1.0342789196584525,8.0,2.825564930920991,-1.941063221434426,0.0,0.26036023115090745,-0.2347843018574938,-1.4127824654604955
8.239999999999869,6.213791155194507,1.0150240033804128,8.0,2.816880894071633,-1.90986935713203,0.0,0.2604299715281124,-0.23643867986036518,-1.4084404470358165
8.249999999999869,6.241916080450158,0.9960825378228106,8.0,2.8080856515878496,-1.8783739023182346,0.0,0.25960964319352203,-0.2378955288386891,-1.4040428257939248
8.259999999999868,6.269952498697734,0.9774575140626318,8.0,2.799179550690753,-1.8465818304904578,0.0,0.25971475196882526,-0.23956650475385172,-1.3995897753453765
8.269999999999868,6.297899303107441,0.9591518732070394,8.0,2.7901629429779584,-1.8144981619853906,0.0,0.25980155739883043,-0.24124493630044788,-1.3950814714889792
8.279999999999868,6.325755390387291,0.9411685059289319,8.0,2.7810361844097002,-1.7821279631862208,0.0,0.2588920705606835,-0.24268090324749042,-1.3905180922048501
8.289999999999868,6.35351966082666,0.9235102520104697,8.0,2.7717996352947787,-1.749476345722581,0.0,0.2589227291115246,-0.24435346755523124,-1.3858998176473893
8.299999999999867,6.381191018339692,0.906179899894648,8.0,2.7624536602763365,-1.7165484656633785,0.0,0.25888619545787567,-0.2460247111391144,-1.3812268301381683
8.309999999999867,6.408768370508579,0.8891801862449609,8.0,2.7529986283174623,-1.6833495227025774,0.0,0.2579394465360409,-0.24745585881796175,-1.3764993141587312
8.319999999999867,6.436250628626662,0.87251379551327,8.0,2.743434912686634,-1.649884759338144,0.0,0.25781058612659635,-0.2491096482442386,-1.371717456343317
8.329999999999867,6.463636707741457,0.8561833595158701,8.0,2.733762890942965,-1.6161594600441402,0.0,0.25764921078554665,-0.2507718172421613,-1.3668814454714826
8.339999999999867,6.490925526697451,0.8401914570179136,8.0,2.723982944921314,-1.582178950436281,0.0,0.25655890281156096,-0.252170514278734,-1.361991472460657
8.349999999999866,6.518116008178803,0.8245406133261861,8.0,2.7140954607172016,-1.5479485964309425,0.0,0.2563240294667654,-0.25381938023040507,-1.3570477303586008
8.359999999999866,6.545207078751858,0.80923329989034,8.0,2.704100828671576,-1.5134738033978383,0.0,0.2560537857225344,-0.25547662513119956,-1.352050414335788
8.369999999999866,6.572197668907532,0.7942719339126172,8.0,2.6939994433553984,-1.4787600153064375,0.0,0.2548139126963714,-0.2568386248817463,-1.3469997216776992
8.379999999999866,6.599086713103546,0.7796588779661398,8.0,2.683791703554063,-1.4438127138662897,0.0,0.25449026105875566,-0.25848935683622143,-1.3418958517770314
8.389999999999866,6.625873149806475,0.7653964396218425,8.0,2.673478012251658,-1.408637417661415,0.0,0.25409940470854836,-0.2601383446718347,-1.336739006125829
8.399999999999865,6.652555921533672,0.7514868710840714,8.0,2.663058776615055,-1.373239681278838,0.0,0.2527475287428659,-0.2614719301830116,-1.3315293883075274
8.409999999999865,6.679133974894984,0.7379323688349508,8.0,2.65253440797784,-1.337625094431498,0.0,0.25230868294208664,-0.26312065064356366,-1.32626720398892
8.419999999999865,6.7056062606343785,0.7247350732875115,8.0,2.6419053218240656,-1.3017992810755052,0.0,0.25180276874548296,-0.2647609897033194,-1.3209526609120328
8.429999999999865,6.731971733671343,0.7118970684477075,8.0,2.631171937771852,-1.2657678985220944,0.0,0.25033006426535354,-0.2660616634812078,-1.315585968885926
8.439999999999864,6.75822935314215,0.6994203815853242,8.0,2.6203346795568208,-1.229536636544255,0.0,0.2497794045595737,-0.2677187422477012,-1.3101673397784104
8.449999999999864,6.784378082440941,0.6873069829138538,8.0,2.6093939750153727,-1.1931112164782647,0.0,0.24916372250744176,-0.26933826303313,-1.3046969875076864
8.459999999999864,6.810416889260653,0.6755587852793719,8.0,2.5983502560677905,-1.1564973903202131,0.0,0.24755389426023874,-0.2706088947160073,-1.2991751280338952
8.469999999999864,6.836344745633781,0.664177643858471,8.0,2.5872039587011875,-1.1197009398176871,0.0,0.24709083869598295,-0.2725024628627105,-1.2936019793505937
8.479999999999864,6.862160627972951,0.6531653558653163,8.0,2.5759555229522975,-1.082727675556779,0.0,0.24623701759701272,-0.2738646303200561,-1.2879777614761487
8.489999999999863,6.88786351711134,0.6425236602678379,8.0,2.5646053928901003,-1.0455834360445124,0.0,0.24440621434252832,-0.2750880461668235,-1.2823026964450501
8.499999999999863,6.913452398342882,0.632254237513139,8.0,2.553154016598303,-1.0082740867869173,0.0,0.24299477601081507,-0.27680416827825405,-1.2765770082991514
8.509999999999863,6.938926261462365,0.6223587092621163,8.0,2.54160184615763,-0.9708055193627345,0.0,0.24214389189757532,-0.2780354687381836,-1.270800923078815
8.519999999999863,6.964284100805294,0.6128386381333932,8.0,2.5299493376279907,-0.9331836504931096,0.0,0.24155012352529315,-0.2797611714802018,-1.2649746688139953
8.529999999999863,6.9895249152875945,0.6036955274565603,8.0,2.518196951030467,-0.8954144211072587,0.0,0.2399026801442319,-0.28146404554839005,-1.2590984755152335
8.539999999999862,7.014647708445125,0.5949308210347848,8.0,2.5063451503291603,-0.8575037954043415,0.0,0.23888204511723019,-0.2826260269662599,-1.2531725751645801
8.549999999999862,7.039651488473027,0.5865459029168152,8.0,2.494394403412871,-0.819457759911636,0.0,0.23787063008096013,-0.28421706946812814,-1.2471972017064354
8.559999999999862,7.064535268264881,0.5785420971784228,8.0,2.482345182076622,-0.7812823225391847,0.0,0.2361358252110632,-0.28590736436125613,-1.241172591038311
8.569999999999862,7.089298065451668,0.5709206677133163,8.0,2.47019796200304,-0.7429835116310926,0.0,0.23500682460389302,-0.2870552788309432,-1.23509898100152
8.579999999999862,7.1139389024405615,0.5636828180335574,8.0,2.457953222743573,-0.7045673750135703,0.0,0.23311636153814297,-0.2883030521375499,-1.2289766113717866
8.589999999999861,7.138456806453504,0.5568296910795159,8.0,2.4456114476995623,-0.6660399790399293,0.0,0.231363626676829,-0.29000214784204326,-1.2228057238497811
8.599999999999861,7.162850809565621,0.5503623690393833,8.0,2.433173124103156,-0.6274074076326229,0.0,0.23028031437926266,-0.29121491636480024,-1.216586562051578
8.60999999999986,7.1871199487434465,0.5442818731782788,8.0,2.420638742998069,-0.588675761322514,0.0,0.22944365367753505,-0.29297968068345187,-1.2103193714990346
8.61999999999986,7.211263265882922,0.5385891636769866,8.0,2.408008799220205,-0.5498511562855407,0.0,0.22752826973151316,-0.2946275172763165,-1.2040043996101024
8.62999999999986,7.235279807847223,0.5332851394803293,8.0,2.3952837913781186,-0.5109397233769133,0.0,0.22621359187911166,-0.2957698604698423,-1.1976418956890593
8.63999999999986,7.259168626504394,0.5283706381552147,8.0,2.382464221833333,-0.47194760716296885,0.0,0.22405241048584168,-0.2969518859908913,-1.1912321109166666
8.64999999999986,7.282928778764781,0.5238464357583723,8.0,2.369550596680502,-0.43288096495086326,0.0,0.22214950914230355,-0.29860899243471845,-1.184775298340251
8.65999999999986,7.306559326618256,0.5197132467138057,8.0,2.356543425727435,-0.3937459658162766,0.0,0.22089122809258427,-0.29983702000842016,-1.1782717128637175
8.66999999999986,7.3300593371712575,0.515971723699979,8.0,2.3434432224749666,-0.35454878962923386,0.0,0.2198094230079071,-0.3016066693797486,-1.1717216112374833
8.67999999999986,7.353427882683601,0.5126224575467497,8.0,2.3302505040966923,-0.3152956260782488,0.0,0.2177013597375574,-0.3031728663441106,-1.1651252520483462
8.68999999999986,7.376664040605122,0.5096659771420691,8.0,2.3169657914185464,-0.2759926736928886,0.0,0.2161524223828184,-0.30432032538072123,-1.1584828957092732
8.699999999999859,7.399766893612094,0.5071027493484657,8.0,2.303589608898236,-0.23664613886494382,0.0,0.21373217719106768,-0.3054406975301846,-1.151794804449118
8.709999999999859,7.422735529643443,0.504933178929321,8.0,2.2901224846045416,-0.19726223486837755,0.0,0.21161921906449527,-0.30698796402242917,-1.1450612423022708
8.719999999999859,7.445569041936745,0.503157608484956,8.0,2.2765649501964726,-0.15784718087818922,0.0,0.21013636688542225,-0.3082873676353059,-1.1382824750982363
8.729999999999858,7.468266529064025,0.5017763183985271,8.0,2.2629175409022757,-0.11840720098832323,0.0,0.2087167246571704,-0.3099885114671307,-1.1314587704511379
8.739999999999858,7.490827094967361,0.5007895267917499,8.0,2.2491807954982987,-0.07894852322880136,0.0,0.20640424335407145,-0.3114143396339634,-1.1245903977491494
8.749999999999858,7.513249848994243,0.5001973894904599,8.0,2.235355256287731,-0.03947737858226136,0.0,0.20456119457637656,-0.31271665016736583,-1.1176776281438654
8.759999999999858,7.535533905932737,0.5,8.0,2.2214414690791835,-1.346569485605253e-15,0.0,0.20193342701130831,-0.31366535877390467,-1.1107207345395917
8.769999999999857,7.557678386046428,0.5001973894904599,8.0,2.207439983165154,0.03947737858225867,0.0,0.19959739112192545,-0.3150414382995573,-1.103719991582577
8.779999999999857,7.579682415109156,0.5007895267917499,8.0,2.1933513513003335,0.07894852322879867,0.0,0.19745427895427142,-0.3173932920299776,-1.0966756756501668
8.789999999999857,7.601545124439533,0.5017763183985267,8.0,2.1791761296797834,0.11840720098832055,0.0,0.19506880693846826,-0.3182016730277089,-1.0895880648398917
8.799999999999857,7.623265650935234,0.5031576084849565,8.0,2.1649148779169782,0.1578471808781921,0.0,0.1927168583024192,-0.31937702487845754,-1.0824574389584891
8.809999999999857,7.644843137107056,0.504933178929321,8.0,2.150568159021723,0.19726223486837488,0.0,0.19129153980035854,-0.32092343924627403,-1.0752840795108616
8.819999999999856,7.6662767311128,0.5071027493484652,8.0,2.1361365393779104,0.23664613886494112,0.0,0.18884668904659918,-0.32279595394959604,-1.0680682696889552
8.829999999999856,7.6875655867908685,0.5096659771420686,8.0,2.1216205887211763,0.27599267369288594,0.0,0.18639170138288713,-0.32384765989867137,-1.0608102943605882
8.839999999999856,7.708708863693694,0.5126224575467493,8.0,2.107020880116396,0.31529562607824607,0.0,0.18362652448791913,-0.32432111413281284,-1.053510440058198
8.849999999999856,7.72970572712091,0.515971723699979,8.0,2.0923379899350647,0.3545487896292312,0.0,0.1812463571559398,-0.3262876017677803,-1.0461689949675324
8.859999999999856,7.750555348152299,0.5197132467138057,8.0,2.0775724978325467,0.39374596581627386,0.0,0.178827103873932,-0.3272312204554031,-1.0387862489162734
8.869999999999855,7.771256903680519,0.5238464357583719,8.0,2.0627249867251907,0.4328809649508606,0.0,0.17619633917551455,-0.3276929060301837,-1.0313624933625953
8.879999999999855,7.791809576443608,0.5283706381552147,8.0,2.047796042767309,0.4719476071629662,0.0,0.17378924100344237,-0.3296664344329951,-1.0238980213836546
8.889999999999855,7.81221255505724,0.5332851394803297,8.0,2.032786255328046,0.5109397233769161,0.0,0.17139394063918362,-0.3305485234601423,-1.016393127664023
8.899999999999855,7.8324650340467485,0.5385891636769862,8.0,2.0176962169681114,0.5498511562855382,0.0,0.1687788319393411,-0.33102729602471714,-1.0088481084840557
8.909999999999854,7.852566213878947,0.5442818731782784,8.0,2.002526523416379,0.5886757613225113,0.0,0.16633515225623394,-0.3329636405453127,-1.0012632617081896
8.919999999999854,7.872515300993668,0.5503623690393824,8.0,1.9872777735463782,0.6274074076326203,0.0,0.16393315932449337,-0.3338054097840878,-0.9936388867731891
8.929999999999854,7.892311507835116,0.5568296910795159,8.0,1.971950569352643,0.6660399790399266,0.0,0.16120637968172583,-0.3343564231689646,-0.9859752846763215
8.939999999999854,7.91195405288294,0.5636828180335569,8.0,1.9565455159269471,0.7045673750135677,0.0,0.15876342072469524,-0.33620142377172396,-0.9782727579634736
8.949999999999854,7.931442160683096,0.5709206677133158,8.0,1.9410632214344257,0.74298351163109,0.0,0.15636091336676433,-0.3370008412326678,-0.9705316107172128
8.959999999999853,7.950775061878451,0.5785420971784219,8.0,1.9255042970895562,0.7812823225391822,0.0,0.15306512199043953,-0.3382939100304883,-0.9627521485447781
8.969999999999853,7.969951993239175,0.5865459029168147,8.0,1.9098693571320293,0.8194577599116334,0.0,0.15071030881742606,-0.33991111083861,-0.9549346785660147
8.979999999999853,7.9889721976928545,0.5949308210347857,8.0,1.8941590188025008,0.8575037954043444,0.0,0.14841323287329347,-0.34051731891255005,-0.9470795094012504
8.989999999999853,8.007834924354382,0.6036955274565599,8.0,1.878373902318232,0.8954144211072561,0.0,0.14581327991494117,-0.34071819653801805,-0.939186951159116
8.999999999999853,8.02653942855561,0.6128386381333928,8.0,1.8625146308485885,0.9331836504931071,0.0,0.14339735862568737,-0.34238149438696996,-0.9312573154242942
9.009999999999852,8.045084971874736,0.6223587092621155,8.0,1.8465818304904573,0.970805519362732,0.0,0.14101653009532028,-0.3430948068674488,-0.9232909152452287
9.019999999999852,8.063470822165467,0.6322542375131381,8.0,1.8305761302435128,1.0082740867869147,0.0,0.1376771046219538,-0.3442270793955919,-0.9152880651217564
9.029999999999852,8.08169625358592,0.6425236602678388,8.0,1.8144981619853926,1.0455834360445153,0.0,0.13533289682201027,-0.34570455648185666,-0.9072490809926963
9.039999999999852,8.099760546627262,0.6531653558653154,8.0,1.7983485604467555,1.0827276755567765,0.0,0.13310508342273839,-0.3461697262430755,-0.8991742802233778
9.049999999999851,8.117662988142136,0.6641776438584701,8.0,1.7821279631862204,1.1197009398176847,0.0,0.12984396786598357,-0.3471148824514948,-0.8910639815931102
9.059999999999851,8.135402871372808,0.675558785279371,8.0,1.7658370105651904,1.1564973903202107,0.0,0.12755683547816254,-0.34846254131157445,-0.8829185052825952
9.069999999999851,8.152979495979064,0.6873069829138552,8.0,1.7494763457225784,1.1931112164782671,0.0,0.1253963079777414,-0.3488126937232034,-0.8747381728612892
9.07999999999985,8.170392168065856,0.6994203815853233,8.0,1.7330466145494228,1.2295366365442526,0.0,0.12216668853740027,-0.3496392234452433,-0.8665233072747114
9.08999999999985,8.187640200210708,0.7118970684477066,8.0,1.7165484656633734,1.265767898522092,0.0,0.11990991634470484,-0.350888121173934,-0.8582742328316867
9.09999999999985,8.204722911490844,0.7247350732875102,8.0,1.6999825503831039,1.3017992810755028,0.0,0.11776095938293922,-0.35118283293384556,-0.8499912751915519
9.10999999999985,8.221639627510074,0.73793236883495,8.0,1.6833495227025816,1.3376250944314956,0.0,0.1145772826253943,-0.3518797359550536,-0.8416747613512908
9.11999999999985,8.238389680425417,0.7514868710840723,8.0,1.6666500392652568,1.3732396812788408,0.0,0.1123404854379061,-0.3530394280098129,-0.8333250196326284
9.12999999999985,8.25497240897346,0.7653964396218416,8.0,1.6498847593381436,1.4086374176614125,0.0,0.1095321569899668,-0.3540121305584737,-0.8249423796690718
9.13999999999985,8.271387158496475,0.7796588779661389,8.0,1.6330543447857893,1.4438127138662875,0.0,0.10653802840699894,-0.3544131791217674,-0.8165271723928946
9.14999999999985,8.287633280968262,0.7942719339126159,8.0,1.6161594600441398,1.478760015306435,0.0,0.10444008879605866,-0.3553746814365979,-0.8080797300220699
9.15999999999985,8.303710135019719,0.8092332998903413,8.0,1.5992007720943138,1.5134738033978408,0.0,0.10249076140568726,-0.3552754392249895,-0.7996003860471569
9.169999999999849,8.319617085964175,0.8245406133261852,8.0,1.582178950436278,1.5479485964309403,0.0,0.09947740987696817,-0.3556608575589224,-0.791089475218139
9.179999999999849,8.33535350582245,0.8401914570179123,8.0,1.5650946670624009,1.5821789504362787,0.0,0.09737184241105647,-0.3569160843887845,-0.7825473335312004
9.189999999999849,8.350918773347628,0.8561833595158688,8.0,1.547948596430942,1.616159460044138,0.0,0.09446364905966624,-0.35731866825491954,-0.773974298215471
9.199999999999848,8.3663122740496,0.8725137955132691,8.0,1.5307414154394086,1.6498847593381418,0.0,0.09161598901260547,-0.3574737531871443,-0.7653707077197043
9.209999999999848,8.381533400219318,0.8891801862449622,8.0,1.5134738033978403,1.6833495227025799,0.0,0.08889321022729649,-0.35763776753951765,-0.7567369016989202
9.219999999999848,8.39658155095278,0.9061798998946444,8.0,1.4961464420019985,1.7165484656633716,0.0,0.08631161311085082,-0.35790629827279924,-0.7480732210009993
9.229999999999848,8.411456132174767,0.9235102520104688,8.0,1.4787600153064369,1.7494763457225786,0.0,0.08384493237174136,-0.35816639599982103,-0.7393800076532184
9.239999999999847,8.426156556662274,0.9411685059289305,8.0,1.4613152096975164,1.7821279631862186,0.0,0.0814768485677035,-0.3584479463054419,-0.7306576048487582
9.249999999999847,8.440682244067723,0.9591518732070408,8.0,1.4438127138662868,1.814498161985393,0.0,0.07903074161270844,-0.35865231663942504,-0.7219063569331434
9.259999999999847,8.45503262094184,0.9774575140626309,8.0,1.4262532187813197,1.8465818304904558,0.0,0.07674582817299151,-0.3589158115489859,-0.7131266093906599
9.269999999999847,8.46920712075632,0.9960825378228093,8.0,1.4086374176614094,1.8783739023182322,0.0,0.07438822771901421,-0.35903240775889966,-0.7043187088307047
9.279999999999847,8.483205183926179,1.0150240033804112,8.0,1.3909660059482258,1.9098693571320275,0.0,0.07204831563688875,-0.3592001896522147,-0.6954830029741129
9.289999999999846,8.497026257831855,1.0342789196584512,8.0,1.3732396812788425,1.941063221434424,0.0,0.06983794704015671,-0.35939795504599825,-0.6866198406394213
9.299999999999846,8.510669796841015,1.0538442460824413,8.0,1.3554591434582028,1.9719505693526411,0.0,0.06751507576021057,-0.35942577287401595,-0.6777295717291014
9.309999999999846,8.524135262330097,1.0737168930605254,8.0,1.3376250944314998,2.0025265234163774,0.0,0.06522023922923971,-0.35950208213309476,-0.6688125472157499
9.319999999999846,8.537422122705586,1.0938937224713805,8.0,1.3197382382564473,2.032786255328046,0.0,0.06302291928191577,-0.35959361387463745,-0.6598691191282237
9.329999999999846,8.550529853424978,1.1143715481597396,8.0,1.3017992810755046,2.062724986725189,0.0,0.060729084463441926,-0.35955110119707323,-0.6508996405377523
9.339999999999845,8.563457937017514,1.1351471364395453,8.0,1.2838089310879799,2.0923379899350647,0.0,0.0584662300871234,-0.3595333893942706,-0.6419044655439899
9.349999999999845,8.576205863104587,1.1562172066045646,8.0,1.2657678985220915,2.121620588721175,0.0,0.05626252294971575,-0.3595085736901184,-0.6328839492610457
9.359999999999845,8.588773128419906,1.1775784314464723,8.0,1.2476768956069084,2.1505681590217236,0.0,0.05399403013663554,-0.35939245026067623,-0.6238384478034542
9.369999999999845,8.601159236829352,1.1992274377802323,8.0,1.2295366365442546,2.1791761296797816,0.0,0.05175913995133002,-0.35928091827435127,-0.6147683182721273
9.379999999999844,8.613363699350574,1.221160806976785,8.0,1.2113478374804938,2.2074399831651523,0.0,0.049550639726788616,-0.35913774698271567,-0.6056739187402469
9.389999999999844,8.62538603417229,1.243375075502877,8.0,1.1931112164782667,2.235355256287729,0.0,0.04730846926755725,-0.3589359111145544,-0.5965556082391333
9.399999999999844,8.637225766673307,1.2658667354679862,8.0,1.1748274934881489,2.262917540902274,0.0,0.04510023645007711,-0.35872342152308717,-0.5874137467440744
9.409999999999844,8.648882429441258,1.2886322351782789,8.0,1.1564973903202127,2.290122484604542,0.0,0.042901128122689446,-0.35846429935005775,-0.5782486951601064
9.419999999999844,8.660355562291054,1.311667979697438,8.0,1.1381216306155497,2.316965791418545,0.0,0.04069180415736475,-0.35816418685264656,-0.5690608153077749
9.429999999999843,8.671644712283062,1.334970331414372,8.0,1.119700939817684,2.343443222474967,0.0,0.03851576660676206,-0.35784321919607104,-0.559850469908842
9.439999999999843,8.682749433740963,1.3585356106176083,8.0,1.1012360451439522,2.369550596680501,0.0,0.036344751509651226,-0.35747172512378733,-0.5506180225719761
9.449999999999843,8.69366928826937,1.382360096076387,8.0,1.0827276755567758,2.3952837913781173,0.0,0.03418006723657893,-0.3570675735063498,-0.5413638377783879
9.459999999999843,8.704403844771127,1.4064400256282756,8.0,1.0641765617348928,2.420638742998068,0.0,0.0320480043225985,-0.3566368368788263,-0.5320882808674464
9.469999999999843,8.714952679464322,1.4307715967732473,8.0,1.0455834360445173,2.4456114476995614,0.0,0.0299236703155299,-0.35615896855629037,-0.5227917180222587
9.479999999999842,8.725315375899024,1.4553509672741645,8.0,1.0269490325104096,2.4701979620030388,0.0,0.027817442628671675,-0.3556535123383508,-0.5134745162552048
9.489999999999842,8.735491524973721,1.4801742557634852,8.0,1.0082740867869195,2.4943944034128696,0.0,0.02574318993981598,-0.3551193978359701,-0.5041370433934598
9.499999999999842,8.745480724951474,1.5052375423562034,8.0,0.9895593361289221,2.5181969510304674,0.0,0.023681553720135022,-0.35454557916834306,-0.49477966806446105
9.509999999999842,8.755282581475768,1.5305368692688164,8.0,0.9708055193627341,2.541601846157629,0.0,0.02164631308047491,-0.3539487232529496,-0.48540275968136704
9.519999999999841,8.764896707586093,1.556068241444332,8.0,0.952013376856924,2.5646053928901025,0.0,0.019642057561459914,-0.3533240499110936,-0.476006688428462
9.529999999999841,8.774322723733214,1.5818276271831082,8.0,0.9331836504931065,2.587203958701186,0.0,0.017655190343666242,-0.3526690439475342,-0.46659182524655324
9.539999999999841,8.783560257794152,1.607810958779528,8.0,0.9143170836366338,2.609393975015372,0.0,0.01570040672711094,-0.3519954640375477,-0.4571585418183169
9.54999999999984,8.79260894508688,1.6340141331643272,8.0,0.8954144211072581,2.63117193777185,0.0,0.013774796167696331,-0.35129697862398973,-0.44770721055362905
9.55999999999984,8.801468428384716,1.6604330125525066,8.0,0.8764764091497349,2.6525344079778392,0.0,0.011871033548001031,-0.3505780305302559,-0.43823820457486745
9.56999999999984,8.81013835793043,1.687063425096761,8.0,0.8575037954043436,2.6734780122516573,0.0,0.010003791064266212,-0.34984422527504144,-0.4287518977021718
9.57999999999984,8.818618391450048,1.7139011655462326,8.0,0.8384973288773941,2.6939994433553975,0.0,0.008163045716241494,-0.34909013627133695,-0.41924866443869707
9.58999999999984,8.82690819416637,1.7409419959105987,8.0,0.8194577599116355,2.714095460717202,0.0,0.006348403211131349,-0.34832419041885504,-0.40972887995581775
9.59999999999984,8.835007438812175,1.7681816461292703,8.0,0.8003858401566545,2.733762890942964,0.0,0.00457243016916198,-0.3475453017266066,-0.40019292007832724
9.60999999999984,8.842915805643155,1.795615814745713,8.0,0.7812823225391814,2.752998628317464,0.0,0.002818235268054168,-0.3467539042336083,-0.3906411612695907
9.61999999999984,8.850632982450529,1.8232401695866682,8.0,0.7621479612333869,2.7717996352947774,0.0,0.0010961557356022656,-0.34595444522635366,-0.38107398061669345
9.62999999999984,8.85815866457337,1.8510503484462784,8.0,0.7429835116310892,2.790162942977957,0.0,-0.0005885641801669398,-0.34514273673952905,-0.3714917558155446
9.639999999999839,8.865492554910633,1.8790419597749195,8.0,0.7237897303119413,2.8080856515878487,0.0,-0.00225767244314047,-0.34433266439847143,-0.36189486515597064
9.649999999999839,8.872634363932885,1.907210583372666,8.0,0.7045673750135698,2.82556493092099,0.0,-0.003882549925646682,-0.34350535245428704,-0.3522836875067849
9.659999999999838,8.879583809693738,1.935551771087319,8.0,0.6853172046016425,2.8425980207965535,0.0,-0.005482159299166856,-0.34267823337510334,-0.34265860230082124
9.669999999999838,8.886340617840967,1.9640610475167883,8.0,0.6660399790399314,2.859182231492189,0.0,-0.00706569861147207,-0.3418558846050984,-0.3330199895199657
9.679999999999838,8.892904521627361,1.9927339107158444,8.0,0.6467364593602882,2.875314944168783,0.0,-0.008576337936657871,-0.3407537717157125,-0.3233682296801441
9.689999999999838,8.899275261921234,2.021565832906993,8.0,0.6274074076326224,2.8909936112839816,0.0,-0.010141038592733801,-0.3401733415081068,-0.3137037038163112
9.699999999999838,8.905452587216672,2.0505522611954987,8.0,0.6080535869347939,2.9062157569944995,0.0,-0.011597033943512056,-0.33941556198233974,-0.30402679346739697
9.709999999999837,8.911436253643444,2.079688618288305,8.0,0.5886757613225106,2.9209789775470645,0.0,-0.012674911203947594,-0.3391777536855615,-0.2943378806612553
9.719999999999837,8.917226024976648,2.1089703032168714,8.0,0.5692746957991447,2.9352809416580117,0.0,-0.014263199057150983,-0.3385802315254205,-0.28463734789957235
9.729999999999837,8.922821672646027,2.1383926920637077,8.0,0.5498511562855403,2.9491193908814175,0.0,-0.01576539057418098,-0.33734422060033237,-0.27492557814277013
9.739999999999837,8.92822297574499,2.1679511386925316,8.0,0.5304059095897843,2.9624921399657245,0.0,-0.0167868462063501,-0.33695003203429574,-0.26520295479489214
9.749999999999837,8.93342972103934,2.197640975481977,8.0,0.5109397233769154,2.975397077198834,0.0,-0.01831997233279625,-0.3362604908319133,-0.2554698616884577
9.759999999999836,8.938441702975688,2.22745751406263,8.0,0.4914533661386393,2.9878321647415556,0.0,-0.01975928876303848,-0.33487639539833686,-0.24572668306931966
9.769999999999836,8.94325872368957,2.257396046057414,8.0,0.47194760716296824,2.999795438949416,0.0,-0.020749241619714566,-0.3343038527864893,-0.23597380358148412
9.779999999999836,8.947880593013256,2.287451843825059,8.0,0.452423216503873,3.0112850106827334,0.0,-0.022188413960644086,-0.3335650911598631,-0.2262116082519365
9.789999999999836,8.952307128483255,2.3176201612066887,8.0,0.43288096495085987,3.022299065604942,0.0,-0.023523948990195852,-0.3321471306625358,-0.21644048247542994
9.799999999999836,8.956538155347534,2.3478962342752574,8.0,0.4133216239985643,3.0328358644690883,0.0,-0.0244311221577991,-0.33160891555420186,-0.20666081199928216
9.809999999999835,8.960573506572388,2.378275282087861,8.0,0.39374596581627314,3.042893743392486,0.0,-0.02576606307946773,-0.330837779057528,-0.19687298290813657
9.819999999999835,8.964413022849069,2.408752507440689,8.0,0.37415476321745,3.05247111411946,0.0,-0.026985780067067745,-0.32940389194157704,-0.187077381608725
9.829999999999835,8.968056552600043,2.4393230976265454,8.0,0.3545487896292333,3.061566464272145,0.0,-0.027805038160488193,-0.3289112071809155,-0.17727439481461665
9.839999999999835,8.971503951984994,2.4699822251948644,8.0,0.33492881906188404,3.0701783575893193,0.0,-0.029021679069623912,-0.3281350050508635,-0.16746440953094202
9.849999999999834,8.974755084906501,2.5007250487139814,8.0,0.31529562607825096,3.0783054341531915,0.0,-0.030111887440432576,-0.3267104254769341,-0.15764781303912548
9.859999999999834,8.9778098230154,2.5315467135356853,8.0,0.2956499857631729,3.085946410604163,0.0,-0.030833966404945973,-0.3262883859880677,-0.14782499288158646
9.869999999999834,8.980668045715863,2.5624423525618094,8.0,0.27599267369288805,3.093100080343475,0.0,-0.03191777383720869,-0.3255201703896731,-0.13799633684644402
9.879999999999834,8.98332964017015,2.593407087012793,8.0,0.25632446590442093,3.099765313723747,0.0,-0.032865433588310275,-0.3241216001327464,-0.12816223295221046
9.889999999999834,8.985794501303069,2.6244360271981075,8.0,0.23664613886494046,3.105941058227362,0.0,-0.03348228781615279,-0.3237830363917729,-0.11832306943247023
9.899999999999833,8.988062531806126,2.655524273288403,8.0,0.21695846944110067,3.111626338632672,0.0,-0.0344176456703331,-0.32302790019153893,-0.10847923472055034
9.909999999999833,8.990133642141359,2.68666691608924,8.0,0.197262234868377,3.1168202571679955,0.0,-0.03520953856290977,-0.3216688007905533,-0.0986311174341885
9.919999999999833,8.992007750544875,2.7178590378162943,8.0,0.17755821272039052,3.121521993653385,0.0,-0.035712597359715915,-0.3214238921633518,-0.08877910636019526
9.929999999999833,8.993684783030087,2.7490957128719637,8.0,0.15784718087819144,3.125730805630146,0.0,-0.03648421239475022,-0.32068012424457765,-0.07892359043909572
9.939999999999833,8.995164673390622,2.780372008623141,8.0,0.13812991749957174,3.129446028478077,0.0,-0.03710951608948854,-0.3193730671569373,-0.06906495874978587
9.949999999999832,8.996447363202947,2.8116829861801653,8.0,0.11840720098832545,3.1326670755204216,0.0,-0.03749387550576516,-0.31922732279372407,-0.05920360049416273
9.959999999999832,8.997532801828658,2.8430237011767163,8.0,0.09867980996352696,3.1353934381165134,0.0,-0.038092968427660995,-0.31848679554198617,-0.04933990498176348
9.969999999999832,8.9984209464165,2.874389204550578,8.0,0.07894852322879801,3.1376246857420926,0.0,-0.03855263086360307,-0.31725442266270387,-0.03947426161439901
9.979999999999832,8.999111761904045,2.905774543325164,8.0,0.05921411974155629,3.1393604660572936,0.0,-0.038824873321048316,-0.3172038998588929,-0.029607059870778146
9.989999999999831,8.999605221019081,2.9371747613916543,8.0,0.039477378582258,3.140600504962283,0.0,-0.03925328084678253,-0.3164188092610923,-0.019738689291129
9.999999999999831,8.999901304280685,2.9685849002916194,8.0,0.019739078923646583,3.1413446066405433,0.0,-0.03957585069843972,-0.3153620198361805,-0.009869539461823292
10.009999999999831,9.0,2.9999999999999987,8.0,7.694682774887159e-16,3.141592653589793,0.0,-0.03975350463742639,-0.31535906589062623,-3.8473413874435795e-16
10.01999999999983,8.999901304280685,3.031415099708383,8.0,-0.019739078923647835,3.1413446066405433,0.0,-0.03999557609380079,-0.3142101113849071,0.009869539461823918
10.02999999999983,8.999605221019081,3.062825238608343,8.0,-0.03947737858225646,3.140600504962283,0.0,-0.040257281998300684,-0.31364389561334544,0.01973868929112823
10.03999999999983,8.999111761904045,3.0942254566748337,8.0,-0.05921411974155476,3.139360466057294,0.0,-0.040373224461481956,-0.31365525462682414,0.02960705987077738
10.04999999999983,8.9984209464165,3.1256107954494237,8.0,-0.07894852322879925,3.1376246857420926,0.0,-0.04051509912918544,-0.31264509292995596,0.039474261614399625
10.05999999999983,8.997532801828658,3.156976298823286,8.0,-0.09867980996352821,3.1353934381165134,0.0,-0.040707380165332145,-0.31217752207223803,0.049339904981764104
10.06999999999983,8.996447363202947,3.188317013819832,8.0,-0.11840720098832391,3.132667075520422,0.0,-0.040809824694359544,-0.31223922047387415,0.059203600494161956
10.07999999999983,8.995164673390622,3.219627991376856,8.0,-0.1381299174995702,3.129446028478077,0.0,-0.04090210101879376,-0.3113162576871432,0.0690649587497851
10.08999999999983,8.993684783030087,3.2509042871280336,8.0,-0.1578471808781899,3.1257308056301465,0.0,-0.04105085987531867,-0.3108694137086137,0.07892359043909496
10.09999999999983,8.992007750544875,3.282140962183703,8.0,-0.177558212720389,3.1215219936533853,0.0,-0.04117428282509164,-0.3109724853374102,0.0887791063601945
10.109999999999829,8.990133642141359,3.313333083910762,8.0,-0.19726223486837824,3.116820257167995,0.0,-0.04125309440669683,-0.3101300330584275,0.09863111743418912
10.119999999999829,8.988062531806126,3.3444757267115945,8.0,-0.21695846944109914,3.1116263386326724,0.0,-0.04138672008536955,-0.30970614609370833,0.10847923472054957
10.129999999999828,8.985794501303069,3.3755639728018902,8.0,-0.23664613886493888,3.1059410582273626,0.0,-0.041555231490065896,-0.3098399482962298,0.11832306943246944
10.139999999999828,8.98332964017015,3.4065929129872092,8.0,-0.25632446590442215,3.0997653137237466,0.0,-0.041652283572896236,-0.3091411268466853,0.12816223295221107
10.149999999999828,8.980668045715863,3.437557647438193,8.0,-0.27599267369288927,3.0931000803434747,0.0,-0.04178312775124151,-0.3087244565599287,0.13799633684644463
10.159999999999828,8.9778098230154,3.468453286464312,8.0,-0.2956499857631714,3.0859464106041634,0.0,-0.04200253841606936,-0.3088711052615049,0.1478249928815857
10.169999999999828,8.974755084906501,3.499274951286016,8.0,-0.31529562607824946,3.0783054341531924,0.0,-0.04224701567999693,-0.30910774018158,0.15764781303912473
10.179999999999827,8.971503951984994,3.5300177748051333,8.0,-0.3349288190618825,3.0701783575893193,0.0,-0.04237350810928489,-0.3086295947292613,0.16746440953094124
10.189999999999827,8.968056552600043,3.5606769023734524,8.0,-0.35454878962923175,3.061566464272146,0.0,-0.04261496392450936,-0.30856399190225586,0.17727439481461588
10.199999999999827,8.964413022849069,3.5912474925593134,8.0,-0.3741547632174512,3.052471114119459,0.0,-0.04268468259015669,-0.30760785982569655,0.1870773816087256
10.209999999999827,8.96057350657239,3.621724717912137,8.0,-0.3937459658162717,3.0428937433924865,0.0,-0.04281340233554496,-0.30720942731135703,0.19687298290813585
10.219999999999827,8.956538155347534,3.65210376572474,8.0,-0.41332162399856276,3.0328358644690887,0.0,-0.04313497416692624,-0.30737338735388975,0.20666081199928138
10.229999999999826,8.952307128483255,3.682379838793313,8.0,-0.4328809649508612,3.0222990656049413,0.0,-0.0434973626398729,-0.3078586875223674,0.2164404824754306
10.239999999999826,8.947880593013256,3.712548156174943,8.0,-0.45242321650387424,3.011285010682733,0.0,-0.04360987033908396,-0.30737602026430616,0.22621160825193712
10.249999999999826,8.94325872368957,3.742603953942588,8.0,-0.4719476071629696,2.9997954389494152,0.0,-0.04394233438324644,-0.30738602745714544,0.2359738035814848
10.259999999999826,8.93844170297569,3.7725424859373673,8.0,-0.4914533661386378,2.9878321647415564,0.0,-0.0440308924603806,-0.30658523702031937,0.2457266830693189
10.269999999999825,8.93342972103934,3.8023590245180205,8.0,-0.510939723376914,2.975397077198835,0.0,-0.04415083921243071,-0.30624239965485933,0.255469861688457
10.279999999999825,8.92822297574499,3.8320488613074657,8.0,-0.5304059095897828,2.9624921399657254,0.0,-0.044578438840992315,-0.30658831273377274,0.2652029547948914
10.289999999999825,8.922821672646027,3.8616073079362945,8.0,-0.5498511562855414,2.9491193908814166,0.0,-0.045044477787991435,-0.3072870775804226,0.2749255781427707
10.299999999999825,8.91722602497665,3.891029696783127,8.0,-0.5692746957991431,2.935280941658013,0.0,-0.04508030308051502,-0.30648208511065506,0.28463734789957157
10.309999999999825,8.911436253643444,3.920311381711693,8.0,-0.5886757613225091,2.9209789775470654,0.0,-0.04555401190855018,-0.30712573984854086,0.29433788066125455
10.319999999999824,8.90545258721667,3.949447738804503,8.0,-0.6080535869347952,2.906215756994499,0.0,-0.04568054560094545,-0.306649217767105,0.3040267934673976
10.329999999999824,8.899275261921233,3.978434167093009,8.0,-0.6274074076326236,2.8909936112839807,0.0,-0.04610448745326875,-0.30722656943124543,0.3137037038163118
10.339999999999824,8.892904521627361,4.007266089284157,8.0,-0.6467364593602895,2.8753149441687818,0.0,-0.04659761122891723,-0.3079599108502962,0.3233682296801447
10.349999999999824,8.886340617840968,4.035938952483209,8.0,-0.66603997903993,2.859182231492191,0.0,-0.04667803814415785,-0.307441530450523,0.333019989519965
10.359999999999824,8.879583809693738,4.064448228912679,8.0,-0.685317204601641,2.842598020796555,0.0,-0.04715749848783035,-0.30818047217246425,0.3426586023008205
10.369999999999823,8.872634363932885,4.0927894166273315,8.0,-0.7045673750135683,2.8255649309209914,0.0,-0.04760036595535657,-0.30878055116278297,0.3522836875067841
10.379999999999823,8.865492554910633,4.120958040225082,8.0,-0.7237897303119425,2.8080856515878474,0.0,-0.04772048688994556,-0.30848814985073053,0.36189486515597125
10.389999999999823,8.85815866457337,4.148949651553719,8.0,-0.7429835116310878,2.790162942977959,0.0,-0.048223462569304286,-0.3092878684916993,0.3714917558155439
10.399999999999823,8.85063298245053,4.17675983041333,8.0,-0.7621479612333855,2.771799635294779,0.0,-0.048711871641537986,-0.31002777147052163,0.38107398061669273
10.409999999999823,8.842915805643155,4.2043841852542885,8.0,-0.7812823225391826,2.752998628317463,0.0,-0.04884118944897728,-0.30984001286171425,0.3906411612695913
10.419999999999822,8.835007438812173,4.2318183538707315,8.0,-0.8003858401566557,2.7337628909429625,0.0,-0.04939118289337401,-0.3107465069700976,0.40019292007832785
10.429999999999822,8.82690819416637,4.259058004089403,8.0,-0.8194577599116366,2.7140954607172008,0.0,-0.0499210979693306,-0.3115845798195806,0.4097288799558183
10.439999999999822,8.818618391450048,4.286098834453766,8.0,-0.8384973288773928,2.693999443355399,0.0,-0.050087673023658824,-0.3115428120953788,0.4192486644386964
10.449999999999822,8.81013835793043,4.312936574903237,8.0,-0.8575037954043421,2.673478012251659,0.0,-0.050675876058066095,-0.3125084902683765,0.42875189770217104
10.459999999999821,8.801468428384716,4.339566987447491,8.0,-0.8764764091497333,2.652534407977841,0.0,-0.05126392017226311,-0.31345323656612073,0.4382382045748667
10.469999999999821,8.79260894508688,4.365985866835675,8.0,-0.8954144211072593,2.6311719377718488,0.0,-0.05147251108576456,-0.313535313228447,0.44770721055362966
10.479999999999821,8.783560257794152,4.392189041220471,8.0,-0.9143170836366323,2.609393975015373,0.0,-0.05210433319396234,-0.3145500015805006,0.45715854181831617
10.48999999999982,8.774322723733215,4.41817237281689,8.0,-0.9331836504931051,2.5872039587011884,0.0,-0.05274935759647973,-0.315568358992446,0.46659182524655257
10.49999999999982,8.764896707586097,4.4439317585556655,8.0,-0.9520133768569227,2.5646053928901043,0.0,-0.05327369035451649,-0.31630503497125956,0.47600668842846133
10.50999999999982,8.755282581475768,4.469463130731185,8.0,-0.9708055193627351,2.5416018461576275,0.0,-0.05388362565850719,-0.3172011199175265,0.48540275968136753
10.51999999999982,8.745480724951474,4.494762457643798,8.0,-0.9895593361289231,2.518196951030466,0.0,-0.05413918378077794,-0.31738364282428094,0.49477966806446155
10.52999999999982,8.735491524973721,4.519825744236513,8.0,-1.008274086786918,2.4943944034128713,0.0,-0.05484034996431522,-0.318434874612705,0.504137043393459
10.53999999999982,8.725315375899026,4.544649032725834,8.0,-1.026949032510408,2.4701979620030405,0.0,-0.05557975943752766,-0.31952601428394367,0.513474516255204
10.54999999999982,8.714952679464322,4.569228403226751,8.0,-1.0455834360445158,2.445611447699563,0.0,-0.05625003222790132,-0.3204495525440325,0.5227917180222579
10.55999999999982,8.704403844771127,4.5935599743717255,8.0,-1.064176561734894,2.4206387429980665,0.0,-0.056889534077566424,-0.32129013605119944,0.532088280867447
10.569999999999819,8.69366928826937,4.617639903923611,8.0,-1.0827276755567745,2.395283791378119,0.0,-0.05758972100772824,-0.32220978921723886,0.5413638377783873
10.579999999999819,8.682749433740963,4.64146438938239,8.0,-1.1012360451439507,2.369550596680503,0.0,-0.058228211808533464,-0.3230120710160314,0.5506180225719753
10.589999999999819,8.671644712283062,4.6650296685856265,8.0,-1.1197009398176827,2.3434432224749693,0.0,-0.058983829250560595,-0.32397030638437596,0.5598504699088414
10.599999999999818,8.660355562291054,4.688332020302563,8.0,-1.138121630615551,2.3169657914185433,0.0,-0.05964866808633983,-0.32478572717364057,0.5690608153077755
10.609999999999818,8.648882429441256,4.7113677648217225,8.0,-1.1564973903202138,2.2901224846045403,0.0,-0.0604641287911101,-0.325732481441819,0.5782486951601069
10.619999999999818,8.637225766673307,4.734133264532012,8.0,-1.1748274934881475,2.262917540902276,0.0,-0.06075449233750502,-0.3269047608789646,0.5874137467440738
10.629999999999818,8.62538603417229,4.756624924497121,8.0,-1.1931112164782651,2.2353552562877312,0.0,-0.06179416165383394,-0.32767680976021907,0.5965556082391326
10.639999999999818,8.613363699350575,4.778839193023213,8.0,-1.2113478374804925,2.2074399831651546,0.0,-0.06287369178362534,-0.328367358077596,0.6056739187402462
10.649999999999817,8.60115923682935,4.800772562219769,8.0,-1.2295366365442557,2.17917612967978,0.0,-0.06325278402038977,-0.32961815800116,0.6147683182721279
10.659999999999817,8.588773128419906,4.822421568553529,8.0,-1.2476768956069095,2.150568159021722,0.0,-0.06448523233988605,-0.33027248582093416,0.6238384478034548
10.669999999999817,8.576205863104589,4.843782793395434,8.0,-1.2657678985220902,2.1216205887211768,0.0,-0.0656896453915069,-0.33092250389603434,0.6328839492610451
10.679999999999817,8.563457937017516,4.864852863560453,8.0,-1.2838089310879786,2.0923379899350674,0.0,-0.06619760476864117,-0.3321696760708886,0.6419044655439893
10.689999999999817,8.550529853424976,4.885628451840262,8.0,-1.3017992810755057,2.062724986725187,0.0,-0.06754467676083696,-0.3327689099313508,0.6508996405377528
10.699999999999816,8.537422122705584,4.906106277528621,8.0,-1.3197382382564484,2.0327862553280442,0.0,-0.06828483493912116,-0.33387112776324984,0.6598691191282242
10.709999999999816,8.524135262330098,4.926283106939473,8.0,-1.3376250944314985,2.0025265234163796,0.0,-0.06967067060424478,-0.33446416815714824,0.6688125472157492
10.719999999999816,8.510669796841015,4.946155753917557,8.0,-1.3554591434582015,1.9719505693526436,0.0,-0.07055807239779076,-0.3355011968082527,0.6777295717291008
10.729999999999816,8.497026257831857,4.965721080341544,8.0,-1.3732396812788386,1.9410632214344308,0.0,-0.07149339381165025,-0.33652139781483115,0.6866198406394193
10.739999999999815,8.483205183926177,4.98497599661959,8.0,-1.3909660059482267,1.9098693571320258,0.0,-0.07317969110230192,-0.33691304155904633,0.6954830029741134
10.749999999999815,8.46920712075632,5.003917462177192,8.0,-1.4086374176614105,1.8783739023182304,0.0,-0.07414546592796788,-0.3379390910067511,0.7043187088307052
10.759999999999815,8.45503262094184,5.022542485937368,8.0,-1.4262532187813182,1.8465818304904582,0.0,-0.07522223676586909,-0.33892488529330983,0.7131266093906591
10.769999999999815,8.440682244067723,5.040848126792958,8.0,-1.4438127138662855,1.8144981619853955,0.0,-0.07701425906538736,-0.3392655490976673,0.7219063569331428
10.779999999999815,8.426156556662274,5.058831494071071,8.0,-1.4613152096975175,1.7821279631862166,0.0,-0.0780888718976548,-0.3402682610869914,0.7306576048487587
10.789999999999814,8.411456132174767,5.076489747989532,8.0,-1.478760015306438,1.7494763457225766,0.0,-0.07925080278184754,-0.3412491473204672,0.739380007653219
10.799999999999814,8.396581550952781,5.093820100105354,8.0,-1.496146442001997,1.716548465663374,0.0,-0.08063220688251749,-0.3420277030558182,0.7480732210009985
10.809999999999814,8.381533400219318,5.110819813755036,8.0,-1.5134738033978388,1.6833495227025823,0.0,-0.08194844512060169,-0.3428664686285727,0.7567369016989194
10.819999999999814,8.366312274049603,5.127486204486727,8.0,-1.5307414154394048,1.6498847593381492,0.0,-0.08346319127405855,-0.3435368834166739,0.7653707077197024
10.829999999999814,8.350918773347626,5.143816640484133,8.0,-1.5479485964309432,1.616159460044136,0.0,-0.08483889080329406,-0.3443682763599676,0.7739742982154716
10.839999999999813,8.33535350582245,5.159808542982089,8.0,-1.565094667062402,1.5821789504362764,0.0,-0.08632382043584083,-0.34511006737639754,0.782547333531201
10.849999999999813,8.319617085964177,5.175459386673814,8.0,-1.5821789504362769,1.5479485964309427,0.0,-0.08782776047821757,-0.34584410961177675,0.7910894752181384
10.859999999999813,8.30371013501972,5.190766700109657,8.0,-1.5992007720943124,1.5134738033978437,0.0,-0.08934218089102149,-0.3465826903593795,0.7996003860471562
10.869999999999813,8.28763328096826,5.205728066087385,8.0,-1.616159460044141,1.4787600153064329,0.0,-0.0909077078239571,-0.3472836608584834,0.8080797300220705
10.879999999999812,8.271387158496475,5.220341122033862,8.0,-1.6330543447857904,1.4438127138662853,0.0,-0.09247472606467261,-0.3479976444928624,0.8165271723928952
10.889999999999812,8.254972408973458,5.23460356037816,8.0,-1.6498847593381447,1.4086374176614103,0.0,-0.09407932389154992,-0.3486851321087197,0.8249423796690724
10.899999999999812,8.238389680425417,5.248513128915927,8.0,-1.6666500392652555,1.3732396812788434,0.0,-0.09569893526072486,-0.34937011302454873,0.8333250196326277
10.909999999999812,8.221639627510077,5.262067631165047,8.0,-1.683349522702578,1.3376250944315033,0.0,-0.09734439174092605,-0.3500400415192021,0.841674761351289
10.919999999999812,8.204722911490844,5.275264926712491,8.0,-1.699982550383105,1.3017992810755004,0.0,-0.09901076344076526,-0.3507000821427485,0.8499912751915525
10.929999999999811,8.187640200210708,5.288102931552294,8.0,-1.7165484656633745,1.2657678985220897,0.0,-0.10070010113870059,-0.35134758652123077,0.8582742328316872
10.939999999999811,8.170392168065856,5.300579618414675,8.0,-1.7330466145494214,1.2295366365442555,0.0,-0.10241213970593946,-0.35198279688029127,0.8665233072747107
10.949999999999811,8.152979495979064,5.3126930170861435,8.0,-1.749476345722577,1.19311121647827,0.0,-0.10414768466191754,-0.3526047980606624,0.8747381728612885
10.95999999999981,8.135402871372808,5.32444121472063,8.0,-1.7658370105651913,1.1564973903202083,0.0,-0.10590749595962529,-0.35321296864970453,0.8829185052825956
10.96999999999981,8.117662988142136,5.335822356141531,8.0,-1.7821279631862215,1.1197009398176823,0.0,-0.10769261495198246,-0.35380651886325437,0.8910639815931107
10.97999999999981,8.099760546627262,5.346834644134685,8.0,-1.7983485604467566,1.082727675556774,0.0,-0.10950428142994643,-0.3543846563460194,0.8991742802233783
10.98999999999981,8.081696253585921,5.357476339732161,8.0,-1.8144981619853913,1.0455834360445182,0.0,-0.11134384026821748,-0.3549465039178039,0.9072490809926956
10.99999999999981,8.063470822165472,5.36774576248686,8.0,-1.8305761302435093,1.0082740867869229,0.0,-0.11321259428857983,-0.3554911112435269,0.9152880651217546
11.00999999999981,8.045084971874736,5.377641290737885,8.0,-1.8465818304904582,0.9708055193627295,0.0,-0.1151117368846791,-0.3560174708547169,0.9232909152452291
11.01999999999981,8.026539428555608,5.387161361866608,8.0,-1.8625146308485896,0.9331836504931047,0.0,-0.11704229057775173,-0.35652455695818547,0.9312573154242948
11.02999999999981,8.007834924354384,5.39630447254344,8.0,-1.8783739023182304,0.895414421107259,0.0,-0.11900503369552576,-0.35701133179082795,0.9391869511591152
11.039999999999809,7.988972197692856,5.405069178965213,8.0,-1.8941590188024995,0.8575037954043472,0.0,-0.1210004312796565,-0.357476766714492,0.9470795094012497
11.049999999999809,7.9699519932391745,5.413454097083186,8.0,-1.9098693571320302,0.819457759911631,0.0,-0.12302857522393149,-0.3579198632253371,0.9549346785660151
11.059999999999809,7.950775061878451,5.421457902821578,8.0,-1.925504297089557,0.7812823225391797,0.0,-0.12508914355847223,-0.3583396666853387,0.9627521485447785
11.069999999999808,7.931442160683094,5.429079332286685,8.0,-1.9410632214344266,0.7429835116310876,0.0,-0.1271813703400155,-0.3587352876610463,0.9705316107172133
11.079999999999808,7.911954052882942,5.436317181966443,8.0,-1.956545515926946,0.7045673750135707,0.0,-0.12930404005889637,-0.35910591439916034,0.978272757963473
11.089999999999808,7.892311507835119,5.443170308920482,8.0,-1.9719505693526396,0.6660399790399351,0.0,-0.13145549672068615,-0.35945082641647197,0.9859752846763198
11.099999999999808,7.872515300993667,5.449637630960618,8.0,-1.9872777735463794,0.6274074076326178,0.0,-0.1336336725994251,-0.35976940111619815,0.9936388867731897
11.109999999999808,7.852566213878945,5.455718126821722,8.0,-2.00252652341638,0.5886757613225089,0.0,-0.13583612847711932,-0.36006111734030805,1.00126326170819
11.119999999999807,7.83246503404675,5.461410836323013,8.0,-2.0176962169681105,0.5498511562855412,0.0,-0.13806010247552272,-0.36032554419686497,1.0088481084840553
11.129999999999807,7.812212555057242,5.466714860519669,8.0,-2.0327862553280442,0.5109397233769192,0.0,-0.1403025627310443,-0.36056234386962605,1.0163931276640221
11.139999999999807,7.791809576443612,5.471629361844784,8.0,-2.0477960427673056,0.4719476071629748,0.0,-0.14256027756362338,-0.3607712550531586,1.0238980213836528
11.149999999999807,7.771256903680518,5.476153564241628,8.0,-2.0627249867251916,0.43288096495085815,0.0,-0.14482987963656357,-0.36095208203354023,1.0313624933625958
11.159999999999807,7.7505553481522975,5.480286753286195,8.0,-2.0775724978325476,0.3937459658162714,0.0,-0.14710793457433935,-0.36110468115511773,1.0387862489162738
11.169999999999806,7.729705727120912,5.4840282763000205,8.0,-2.0923379899350634,0.35454878962923425,0.0,-0.1493910013142425,-0.3612289402268791,1.0461689949675317
11.179999999999806,7.7087088636936985,5.487377542453251,8.0,-2.1070208801163925,0.31529562607825473,0.0,-0.1516756969767528,-0.36132477097287746,1.0535104400581963
11.189999999999806,7.687565586790868,5.490334022857931,8.0,-2.121620588721177,0.27599267369288344,0.0,-0.1539587457560499,-0.36139209352930907,1.0608102943605886
11.199999999999806,7.666276731112799,5.492897250651534,8.0,-2.1361365393779113,0.23664613886493863,0.0,-0.15623702514318366,-0.36143079306956327,1.0680682696889556
11.209999999999805,7.644843137107058,5.4950668210706795,8.0,-2.1505681590217223,0.19726223486837793,0.0,-0.15850764727561423,-0.36144085062011927,1.0752840795108611
11.219999999999805,7.623265650935235,5.4968423915150435,8.0,-2.1649148779169773,0.1578471808781952,0.0,-0.16076779650534537,-0.36142178212607984,1.0824574389584887
11.229999999999805,7.601545124439538,5.498223681601473,8.0,-2.17917612967978,0.1184072009883292,0.0,-0.16301568554005447,-0.3613750546909884,1.08958806483989
11.239999999999805,7.579682415109154,5.49921047320825,8.0,-2.193351351300335,0.07894852322879618,0.0,-0.16524523095396182,-0.3612907664018708,1.0966756756501674
11.249999999999805,7.557678386046426,5.499802610509541,8.0,-2.207439983165155,0.03947737858225617,0.0,-0.16755024544430683,-0.36139216236233174,1.1037199915825775
11.259999999999804,7.535533905932739,5.5,8.0,-2.2214414690791826,1.7313036243496109e-15,0.0,-0.16963032664083477,-0.36091946946862974,1.1107207345395913
11.269999999999804,7.513249848994248,5.499802610509541,8.0,-2.2353552562877277,-0.039477378582252705,0.0,-0.17193281378198677,-0.36116421364245455,1.1176776281438638
11.279999999999804,7.490827094967361,5.49921047320825,8.0,-2.2491807954983,-0.07894852322880387,0.0,-0.1738869197970689,-0.36056028708992066,1.12459039774915
11.289999999999804,7.4682665290640236,5.498223681601473,8.0,-2.2629175409022766,-0.11840720098832573,0.0,-0.17606008630668757,-0.36018435457915327,1.1314587704511383
11.299999999999804,7.445569041936743,5.4968423915150435,8.0,-2.2765649501964735,-0.15784718087819175,0.0,-0.17738853041266722,-0.359990358108718,1.1382824750982368
11.309999999999803,7.422735529643445,5.4950668210706795,8.0,-2.2901224846045407,-0.1972622348683745,0.0,-0.17949450098975692,-0.35919807516464963,1.1450612423022704
11.319999999999803,7.3997668936120995,5.492897250651535,8.0,-2.303589608898233,-0.23664613886493518,0.0,-0.18187899523185616,-0.3590361417833507,1.1517948044491164
11.329999999999803,7.37666404060512,5.490334022857931,8.0,-2.3169657914185473,-0.2759926736928911,0.0,-0.18357476581124932,-0.3590255061597925,1.1584828957092737
11.339999999999803,7.353427882683599,5.487377542453251,8.0,-2.330250504096693,-0.3152956260782513,0.0,-0.1856579660182029,-0.35815054256496265,1.1651252520483466
11.349999999999802,7.330059337171258,5.484028276300021,8.0,-2.3434432224749657,-0.3545487896292308,0.0,-0.18802663370338207,-0.3579336501302367,1.1717216112374829
11.359999999999802,7.306559326618261,5.480286753286195,8.0,-2.3565434257274323,-0.3937459658162679,0.0,-0.1895330417843439,-0.35774490630650463,1.1782717128637161
11.369999999999802,7.282928778764786,5.476153564241629,8.0,-2.3695505966804995,-0.43288096495085465,0.0,-0.19164699710078575,-0.35688433248374385,1.1847752983402497
11.379999999999802,7.259168626504392,5.471629361844785,8.0,-2.3824642218333345,-0.4719476071629713,0.0,-0.19396131907784098,-0.35647371885241186,1.1912321109166673
11.389999999999802,7.235279807847222,5.46671486051967,8.0,-2.3952837913781195,-0.5109397233769157,0.0,-0.19612531745253636,-0.3565333294012842,1.1976418956890598
11.399999999999801,7.211263265882923,5.461410836323013,8.0,-2.4080087992202035,-0.5498511562855378,0.0,-0.19838021933423117,-0.35600719521222796,1.2040043996101017
11.409999999999801,7.187119948743451,5.455718126821722,8.0,-2.4206387429980665,-0.5886757613225054,0.0,-0.20022918895271766,-0.35483097417318504,1.2103193714990332
11.419999999999801,7.1628508095656205,5.449637630960616,8.0,-2.4331731241031567,-0.6274074076326254,0.0,-0.20135917666590997,-0.35434189723803095,1.2165865620515783
11.4299999999998,7.138456806453502,5.443170308920483,8.0,-2.445611447699563,-0.6660399790399317,0.0,-0.20352144982349307,-0.3537267160388228,1.2228057238497816
11.4399999999998,7.113938902440563,5.436317181966443,8.0,-2.4579532227435723,-0.7045673750135674,0.0,-0.20535465895068922,-0.35236500967642176,1.2289766113717862
11.4499999999998,7.089298065451675,5.429079332286685,8.0,-2.470197962003037,-0.7429835116310841,0.0,-0.20677338621915572,-0.3519085521015393,1.2350989810015185
11.4599999999998,7.064535268264886,5.4214579028215795,8.0,-2.482345182076619,-0.7812823225391764,0.0,-0.20884341032311785,-0.351146396434416,1.2411725910383096
11.4699999999998,7.039651488473025,5.413454097083184,8.0,-2.4943944034128713,-0.8194577599116385,0.0,-0.21062561746949982,-0.3496421835724559,1.2471972017064357
11.4799999999998,7.014647708445123,5.405069178965215,8.0,-2.506345150329161,-0.8575037954043438,0.0,-0.21214943533244518,-0.3491213421586398,1.2531725751645806
11.4899999999998,6.989524915287596,5.39630447254344,8.0,-2.518196951030466,-0.8954144211072557,0.0,-0.2141284260630907,-0.34820119026465335,1.259098475515233
11.4999999999998,6.964284100805299,5.3871613618666085,8.0,-2.529949337627988,-0.9331836504931015,0.0,-0.21583082221206223,-0.3465413666663495,1.264974668813994
11.509999999999799,6.938926261462363,5.377641290737883,8.0,-2.541601846157631,-0.9708055193627368,0.0,-0.21699774759240392,-0.3457593007026735,1.2708009230788155
11.519999999999799,6.91345239834288,5.3677457624868605,8.0,-2.5531540165983038,-1.0082740867869195,0.0,-0.21900645885324002,-0.34473048152514935,1.2765770082991519
11.529999999999799,6.887863517111339,5.357476339732162,8.0,-2.564605392890101,-1.0455834360445149,0.0,-0.22068216548752784,-0.3429454960286258,1.2823026964450506
11.539999999999798,6.862160627972957,5.346834644134686,8.0,-2.5759555229522952,-1.082727675556771,0.0,-0.2218428361467808,-0.3420387682804388,1.2879777614761476
11.549999999999798,6.836344745633786,5.335822356141532,8.0,-2.5872039587011852,-1.1197009398176792,0.0,-0.22379346099214292,-0.3408610340676277,1.2936019793505926
11.559999999999798,6.810416889260651,5.324441214720627,8.0,-2.5983502560677914,-1.1564973903202156,0.0,-0.22542739977442525,-0.3389596761229019,1.2991751280338957
11.569999999999798,6.78437808244094,5.312693017086145,8.0,-2.6093939750153736,-1.193111216478267,0.0,-0.22645879938318264,-0.33785609434164365,1.3046969875076868
11.579999999999798,6.758229353142152,5.300579618414677,8.0,-2.62033467955682,-1.2295366365442524,0.0,-0.22836731316443953,-0.3365359259832352,1.31016733977841
11.589999999999797,6.731971733671348,5.288102931552295,8.0,-2.631171937771849,-1.2657678985220866,0.0,-0.23023043590892123,-0.33495888627146714,1.3155859688859246
11.599999999999797,6.705606260634377,5.275264926712488,8.0,-2.6419053218240665,-1.3017992810755075,0.0,-0.23095041638548314,-0.33325331730731317,1.3209526609120332
11.609999999999797,6.679133974894983,5.262067631165048,8.0,-2.652534407977841,-1.3376250944315002,0.0,-0.23274146949303953,-0.3317397240824069,1.3262672039889205
11.619999999999797,6.65255592153367,5.248513128915928,8.0,-2.6630587766150553,-1.3732396812788403,0.0,-0.23447495293847317,-0.33010063411358864,1.3315293883075277
11.629999999999797,6.6258731498064805,5.234603560378161,8.0,-2.673478012251656,-1.408637417661407,0.0,-0.2350473250452315,-0.3281105082016663,1.336739006125828
11.639999999999796,6.599086713103551,5.220341122033863,8.0,-2.6837917035540606,-1.4438127138662822,0.0,-0.23674771312021894,-0.326430599120044,1.3418958517770303
11.649999999999796,6.57219766890753,5.2057280660873815,8.0,-2.693999443355399,-1.4787600153064395,0.0,-0.2383407812413342,-0.3246661768172407,1.3469997216776994
11.659999999999796,6.545207078751856,5.190766700109659,8.0,-2.7041008286715766,-1.5134738033978403,0.0,-0.23892439200964724,-0.3225692054952396,1.3520504143357883
11.669999999999796,6.518116008178806,5.175459386673815,8.0,-2.7140954607172008,-1.5479485964309398,0.0,-0.24047454640910085,-0.32074627037307124,1.3570477303586004
11.679999999999795,6.490925526697457,5.15980854298209,8.0,-2.7239829449213118,-1.5821789504362733,0.0,-0.24193421338979917,-0.3188731712236977,1.3619914724606559
11.689999999999795,6.463636707741455,5.143816640484129,8.0,-2.7337628909429657,-1.6161594600441427,0.0,-0.24244215070503553,-0.31669462137506166,1.3668814454714828
11.699999999999795,6.43625062862666,5.127486204486729,8.0,-2.743434912686634,-1.649884759338146,0.0,-0.24387424646136743,-0.31477319953518684,1.371717456343317
11.709999999999795,6.408768370508577,5.110819813755038,8.0,-2.7529986283174632,-1.6833495227025794,0.0,-0.24521255076092502,-0.3128114859579384,1.3764993141587316
11.719999999999795,6.381191018339698,5.093820100105356,8.0,-2.7624536602763343,-1.7165484656633712,0.0,-0.24561290582672118,-0.3105648333978821,1.3812268301381672
11.729999999999794,6.353519660826667,5.076489747989534,8.0,-2.7717996352947765,-1.7494763457225737,0.0,-0.2469544662029972,-0.30857052656658646,1.3858998176473882
11.739999999999794,6.32575539038729,5.058831494071067,8.0,-2.781036184409701,-1.7821279631862228,0.0,-0.24816262290294092,-0.3065325188826931,1.3905180922048506
11.749999999999794,6.297899303107439,5.04084812679296,8.0,-2.790162942977959,-1.8144981619853926,0.0,-0.24847836200901607,-0.3042417990272445,1.3950814714889794
11.759999999999794,6.2699524986977355,5.02254248593737,8.0,-2.7991795506907526,-1.8465818304904553,0.0,-0.24972184190242755,-0.30218760120778554,1.3995897753453763
11.769999999999794,6.241916080450164,5.003917462177194,8.0,-2.8080856515878474,-1.8783739023182278,0.0,-0.25076589959228146,-0.30007698969212127,1.4040428257939237
11.779999999999793,6.213791155194512,4.984975996619592,8.0,-2.8168808940716312,-1.9098693571320229,0.0,-0.25103760719916857,-0.29776065898100074,1.4084404470358156
11.789999999999793,6.185578833254663,4.965721080341546,8.0,-2.8255649309209914,-1.941063221434428,0.0,-0.25216676136750216,-0.29564923247702096,1.4127824654604957
11.799999999999793,6.157280228404796,4.946155753917559,8.0,-2.834137419305019,-1.971950569352641,0.0,-0.25263138221023534,-0.2933747345755149,1.4170687096525094
11.809999999999793,6.128896457825365,4.926283106939475,8.0,-2.8425980207965527,-2.002526523416377,0.0,-0.25350950558140684,-0.29118498775558604,1.4212990103982763
11.819999999999792,6.100428642059035,4.906106277528623,8.0,-2.850946401385533,-2.0327862553280416,0.0,-0.25456529343162104,-0.28902627009685566,1.4254732006927664
11.829999999999792,6.071877904966418,4.885628451840258,8.0,-2.859182231492191,-2.0627249867251924,0.0,-0.2546315155251049,-0.28663255023333967,1.4295911157460954
11.839999999999792,6.043245373681745,4.864852863560454,8.0,-2.8673051859800514,-2.0923379899350647,0.0,-0.25537257177968087,-0.28437582241255877,1.4336525929900257
11.849999999999792,6.014532178568315,4.843782793395436,8.0,-2.8753149441687818,-2.1216205887211745,0.0,-0.2564174175100642,-0.2821731727082261,1.4376574720843909
11.859999999999792,5.985739453173906,4.822421568553532,8.0,-2.883211189846845,-2.150568159021719,0.0,-0.256336518559223,-0.2797174168330419,1.4416055949234226
11.869999999999791,5.956868334186017,4.8007725622197714,8.0,-2.8909936112839807,-2.1791761296797776,0.0,-0.2570299805089757,-0.2774056640886455,1.4454968056419903
11.879999999999791,5.927919961386981,4.778839193023212,8.0,-2.8986619012435195,-2.2074399831651563,0.0,-0.2578541936523854,-0.27510697515259924,1.4493309506217598
11.889999999999791,5.898895477609006,4.756624924497123,8.0,-2.906215756994499,-2.235355256287729,0.0,-0.25770518993486125,-0.27259955591342355,1.4531078784972495
11.89999999999979,5.869796028689004,4.734133264532014,8.0,-2.9136548803236306,-2.262917540902274,0.0,-0.25771603306366697,-0.27011026698845225,1.4568274401618153
11.90999999999979,5.840622763423394,4.711367764821725,8.0,-2.9209789775470636,-2.290122484604538,0.0,-0.25863268091835284,-0.26777703257662755,1.4604894887735318
11.91999999999979,5.811376833522726,4.688332020302559,8.0,-2.928187759521982,-2.3169657914185486,0.0,-0.2584911617045231,-0.26523362195281247,1.464093879760991
11.92999999999979,5.782059393566253,4.665029668585628,8.0,-2.935280941658013,-2.3434432224749666,0.0,-0.2592046564765003,-0.2628197898278147,1.4676404708290065
11.93999999999979,5.752671600956296,4.641464389382392,8.0,-2.9422582439284737,-2.369550596680501,0.0,-0.2589480328969081,-0.2602226666266295,1.4711291219642368
11.94999999999979,5.723214615872588,4.617639903923613,8.0,-2.9491193908814166,-2.3952837913781173,0.0,-0.25945358306678595,-0.257731516273553,1.4745596954407083
11.95999999999979,5.6936896012264615,4.593559974371728,8.0,-2.9558641116505093,-2.4206387429980643,0.0,-0.2591735440602985,-0.2550940380435677,1.4779320558252547
11.96999999999979,5.664097722614931,4.56922840322675,8.0,-2.962492139965726,-2.4456114476995645,0.0,-0.2590052937530031,-0.2524545873081014,1.481246069982863
11.979999999999789,5.634440148274712,4.544649032725836,8.0,-2.969003214163853,-2.4701979620030388,0.0,-0.2594969264530771,-0.2498981339549351,1.4845016070819266
11.989999999999789,5.604718049036049,4.519825744236515,8.0,-2.9753970771988336,-2.494394403412869,0.0,-0.2591237995160694,-0.2471886026606368,1.4876985385994168
11.999999999999789,5.574932598276527,4.4947624576438,8.0,-2.9816734766519017,-2.518196951030464,0.0,-0.2586812019796477,-0.24444807001464616,1.4908367383259509
12.009999999999788,5.545084971874738,4.469463130731183,8.0,-2.9878321647415556,-2.541601846157629,0.0,-0.2591961091821784,-0.24182338310487897,1.4939160823707778
12.019999999999788,5.515176348163869,4.443931758555668,8.0,-2.993872898333333,-2.564605392890102,0.0,-0.25856652588813733,-0.23901613798788504,1.4969364491666666
12.029999999999788,5.485207907885176,4.418172372816892,8.0,-2.9997954389494157,-2.587203958701186,0.0,-0.258069719746762,-0.23620365686550127,1.4998977194747078
12.039999999999788,5.455180834141362,4.3921890412204725,8.0,-3.005599552778041,-2.6093939750153714,0.0,-0.2583341651431921,-0.23346913214725817,1.5027997763890204
12.049999999999788,5.425096312349885,4.365985866835677,8.0,-3.011285010682733,-2.631171937771847,0.0,-0.2576123855993845,-0.23058356796487317,1.5056425053413665
12.059999999999787,5.394955530196144,4.33956698744749,8.0,-3.0168515882113507,-2.652534407977842,0.0,-0.2568908311996232,-0.22767432549665415,1.5084257941056753
12.069999999999787,5.364759677586626,4.3129365749032385,8.0,-3.0222990656049418,-2.673478012251657,0.0,-0.25709350903761613,-0.22485240862592495,1.5111495328024709
12.079999999999787,5.334509946601879,4.286098834453767,8.0,-3.0276272278064273,-2.693999443355397,0.0,-0.25619494990092334,-0.22187668649741457,1.5138136139032137
12.089999999999787,5.304207531449489,4.259058004089406,8.0,-3.0328358644690874,-2.714095460717199,0.0,-0.25532498380800944,-0.21887874360127343,1.5164179322345437
12.099999999999786,5.273853628416912,4.231818353870731,8.0,-3.037924769964866,-2.733762890942964,0.0,-0.25539170886550766,-0.21595788997673682,1.518962384982433
12.109999999999786,5.243449435824273,4.204384185254288,8.0,-3.0428937433924865,-2.752998628317464,0.0,-0.2543674793127714,-0.21289471626169323,1.5214468716962433
12.119999999999786,5.212996153977038,4.176759830413332,8.0,-3.047742588585386,-2.7717996352947774,0.0,-0.2533572976661712,-0.20980618279305394,1.523871294292693
12.129999999999786,5.182494985118626,4.148949651553722,8.0,-3.052471114119459,-2.790162942977957,0.0,-0.25328268206810306,-0.20678328702434923,1.5262355570597295
12.139999999999786,5.151947133382958,4.120958040225085,8.0,-3.0570791333206144,-2.8080856515878456,0.0,-0.25216442789275,-0.20363284293549008,1.5285395666603072
12.149999999999785,5.121353804746904,4.09278941662733,8.0,-3.061566464272146,-2.8255649309209923,0.0,-0.25103823014408194,-0.20045382402602224,1.530783232136073
12.159999999999785,5.090716206982712,4.064448228912681,8.0,-3.065932929821908,-2.8425980207965535,0.0,-0.2507770244514734,-0.1973236402036173,1.532966464910954
12.169999999999785,5.060035549610275,4.035938952483212,8.0,-3.0701783575893185,-2.859182231492189,0.0,-0.24961355343189665,-0.19408767996087192,1.5350891787946592
12.179999999999785,5.02931304384941,4.00726608928416,8.0,-3.074302579972159,-2.8753149441687804,0.0,-0.24841562495646213,-0.19082049251257574,1.5371512899860795
12.189999999999785,4.998549902572036,3.978434167093007,8.0,-3.078305434153192,-2.8909936112839816,0.0,-0.2474273757168662,-0.18754427881463318,1.539152717076596
12.199999999999784,4.9677473402543,3.9494477388045013,8.0,-3.0821867621065873,-2.9062157569944995,0.0,-0.24647992122271548,-0.18424340723153682,1.5410933810532936
12.209999999999784,4.936906572928624,3.9203113817116955,8.0,-3.0859464106041634,-2.9209789775470645,0.0,-0.24540805534055019,-0.18090588079903724,1.5429732053020817
12.219999999999784,4.906028818135689,3.891029696783129,8.0,-3.0895842312214357,-2.9352809416580117,0.0,-0.2451475081798947,-0.17758972656118688,1.5447921156107178
12.229999999999784,4.875115294876385,3.861607307936297,8.0,-3.0931000803434747,-2.9491193908814157,0.0,-0.24385454756149427,-0.17417172289677102,1.5465500401717374
12.239999999999783,4.844167223563667,3.8320488613074644,8.0,-3.0964938191705786,-2.962492139965726,0.0,-0.24252818340922716,-0.17071858755272823,1.5482469095852893
12.249999999999783,4.813185825974418,3.802359024518023,8.0,-3.0997653137237466,-2.975397077198834,0.0,-0.2413513483138766,-0.1672465592145991,1.5498826568618733
12.259999999999783,4.782172325201156,3.77254248593737,8.0,-3.102914434849978,-2.9878321647415556,0.0,-0.24035972280599177,-0.1637592689078638,1.551457217424989
12.269999999999783,4.7511279456037885,3.7426039539425906,8.0,-3.1059410582273617,-2.9997954389494144,0.0,-0.23912994264858212,-0.16023114689756662,1.5529705291136808
12.279999999999783,4.720053912761262,3.7125481561749414,8.0,-3.10884506436999,-3.0112850106827334,0.0,-0.23871846533382957,-0.15670579112348146,1.554422532184995
12.289999999999782,4.688951453423189,3.6823798387933118,8.0,-3.1116263386326724,-3.022299065604942,0.0,-0.23736714765043387,-0.1531022321740645,1.5558131693163362
12.299999999999782,4.6578217954614125,3.6521037657247426,8.0,-3.1142847712154627,-3.0328358644690883,0.0,-0.2359666111657983,-0.14946128647922446,1.5571423856077313
12.309999999999782,4.626666167821524,3.621724717912139,8.0,-3.116820257167995,-3.0428937433924856,0.0,-0.2346565132545102,-0.14579713438807618,1.5584101285839975
12.319999999999782,4.5954858004743535,3.591247492559316,8.0,-3.119232696393626,-3.0524711141194585,0.0,-0.2335715734191375,-0.14212198637918558,1.559616348196813
12.329999999999782,4.564281924367406,3.5606769023734506,8.0,-3.1215219936533853,-3.061566464272146,0.0,-0.23224061724147693,-0.13840468655797503,1.5607609968266927
12.339999999999781,4.533055771376299,3.530017774805136,8.0,-3.1236880585697366,-3.070178357589319,0.0,-0.23124277715419986,-0.1346562583537378,1.5618440292848683
12.349999999999781,4.501808574256076,3.499274951286019,8.0,-3.125730805630146,-3.0783054341531915,0.0,-0.22986346294858145,-0.13089637239454693,1.562865402815073
12.359999999999781,4.4705415665925745,3.4684532864643147,8.0,-3.1276501541904578,-3.0859464106041625,0.0,-0.22864142605607848,-0.12697449297997765,1.5638250770952289
12.36999999999978,4.439255982753717,3.437557647438191,8.0,-3.129446028478077,-3.093100080343475,0.0,-0.22737799426698474,-0.12330940710645308,1.5647230142390385
12.37999999999978,4.4079530578407855,3.4065929129872075,8.0,-3.1311183575949615,-3.099765313723747,0.0,-0.22610480115691545,-0.11877558429664109,1.5655591787974807
12.38999999999978,4.376634027639664,3.375563972801893,8.0,-3.132667075520422,-3.1059410582273617,0.0,-0.2248638713445703,-0.115240811271735,1.566333537760211
12.39999999999978,4.345300128572031,3.344475726711597,8.0,-3.134092121113726,-3.111626338632672,0.0,-0.22354534471356305,-0.11176465587928418,1.567046060556863
12.40999999999978,4.313952597646571,3.3133330839107646,8.0,-3.1353934381165134,-3.116820257167995,0.0,-0.2222945668738932,-0.1071055282569339,1.5676967190582567
12.41999999999978,4.282592672410124,3.282140962183706,8.0,-3.1365709751550175,-3.121521993653385,0.0,-0.22092579052520858,-0.10367484189714636,1.5682854875775087
12.42999999999978,4.251221590898847,3.2509042871280363,8.0,-3.1376246857420926,-3.125730805630146,0.0,-0.21964938666287012,-0.10005031534399589,1.5688123428710463
12.43999999999978,4.219840591589326,3.2196279913768593,8.0,-3.138554528279048,-3.129446028478077,0.0,-0.2182552973230767,-0.09545949642936986,1.569277264139524
12.449999999999779,4.188450913349676,3.188317013819835,8.0,-3.1393604660572936,-3.1326670755204216,0.0,-0.21693229786842844,-0.09191870489629243,1.5696802330286468
12.459999999999779,4.157053795390642,3.156976298823284,8.0,-3.1400424672597853,-3.1353934381165134,0.0,-0.2155241350886857,-0.08820512792651133,1.5700212336298927
12.469999999999779,4.125650477216686,3.125610795449422,8.0,-3.140600504962283,-3.1376246857420926,0.0,-0.21416993929891442,-0.08359220690431696,1.5703002524811416
12.479999999999778,4.0942421985770405,3.0942254566748364,8.0,-3.141034557134415,-3.1393604660572936,0.0,-0.21273117105850314,-0.07998539566930248,1.5705172785672075
12.489999999999778,4.062830199416766,3.0628252386083457,8.0,-3.1413446066405433,-3.140600504962283,0.0,-0.21134749946554413,-0.07554470911961843,1.5706723033202716
12.499999999999778,4.031415719827798,3.0314150997083855,8.0,-3.141530641240445,-3.1413446066405433,0.0,-0.2098927180838972,-0.07122620472137174,1.5707653206202226
12.509999999999778,4.000000000000002,3.0000000000000013,8.0,-3.141592653589793,-3.141592653589793,0.0,-0.20848665808898534,-0.06781883298438916,1.5707963267948966
12.519999999999778,3.9685842801722044,2.9685849002916176,8.0,-3.141530641240445,-3.1413446066405433,0.0,-0.2070175275572899,-0.06335617841449212,1.5707653206202226
12.529999999999777,3.937169800583238,2.9371747613916575,8.0,-3.1413446066405433,-3.140600504962283,0.0,-0.20558249845304238,-0.05893932108660639,1.5706723033202716
12.539999999999777,3.905757801422962,2.9057745433251667,8.0,-3.1410345571344154,-3.139360466057294,0.0,-0.2041062756873771,-0.05561049929813336,1.5705172785672077
12.549999999999777,3.874349522783313,2.874389204550577,8.0,-3.140600504962283,-3.1376246857420926,0.0,-0.20266091593436364,-0.05106945919878695,1.5703002524811416
12.559999999999777,3.8429462046093565,2.8430237011767145,8.0,-3.1400424672597853,-3.1353934381165134,0.0,-0.20116871602325312,-0.04664246870224967,1.5700212336298927
12.569999999999776,3.811549086650327,2.811682986180168,8.0,-3.1393604660572936,-3.132667075520422,0.0,-0.199717130683335,-0.04325447226490853,1.5696802330286468
12.579999999999776,3.780159408410677,2.780372008623144,8.0,-3.138554528279048,-3.129446028478077,0.0,-0.19822819656859372,-0.03871086905615475,1.569277264139524
12.589999999999776,3.7487784091011562,2.7490957128719664,8.0,-3.1376246857420926,-3.1257308056301465,0.0,-0.1967661888449717,-0.03420590619465532,1.5688123428710463
12.599999999999776,3.7174073275898785,2.717859037816297,8.0,-3.1365709751550175,-3.1215219936533853,0.0,-0.1952837975308138,-0.03074964904691492,1.5682854875775087
12.609999999999776,3.6860474023534318,2.686666916089238,8.0,-3.1353934381165134,-3.116820257167995,0.0,-0.1938290327528285,-0.026211660095271077,1.5676967190582567
12.619999999999775,3.654699871427972,2.6555242732884055,8.0,-3.134092121113726,-3.1116263386326724,0.0,-0.1923504510473852,-0.02168396476928365,1.567046060556863
12.629999999999775,3.623365972360339,2.62443602719811,8.0,-3.132667075520422,-3.1059410582273626,0.0,-0.19090307605866913,-0.017368624398032426,1.566333537760211
12.639999999999775,3.5920469421592127,2.593407087012791,8.0,-3.1311183575949615,-3.0997653137237466,0.0,-0.18944426534227143,-0.013117711363570218,1.5655591787974807
12.649999999999775,3.5607440172462863,2.562442352561812,8.0,-3.129446028478077,-3.0931000803434756,0.0,-0.18801333098657289,-0.008833007920536692,1.5647230142390385
12.659999999999775,3.529458433407428,2.5315467135356884,8.0,-3.1276501541904578,-3.0859464106041634,0.0,-0.18657161926876198,-0.004657150734954065,1.5638250770952289
12.669999999999774,3.4981914257439275,2.500725048713984,8.0,-3.125730805630146,-3.0783054341531924,0.0,-0.1851621439861038,-0.00035708378074459556,1.562865402815073
12.679999999999774,3.466944228623704,2.469982225194867,8.0,-3.1236880585697366,-3.07017835758932,0.0,-0.18374542005986483,0.0038134398573494766,1.5618440292848683
12.689999999999774,3.4357180756325927,2.439323097626548,8.0,-3.121521993653385,-3.061566464272146,0.0,-0.18236108292079956,0.008089175561605643,1.5607609968266924
12.699999999999774,3.40451419952565,2.408752507440687,8.0,-3.119232696393626,-3.0524711141194594,0.0,-0.18097429181107128,0.012280128779523546,1.559616348196813
12.709999999999773,3.3733338321784796,2.3782752820878637,8.0,-3.1168202571679955,-3.0428937433924865,0.0,-0.17962147892243394,0.01651654135032559,1.5584101285839977
12.719999999999773,3.34217820453859,2.34789623427526,8.0,-3.1142847712154627,-3.032835864469089,0.0,-0.17826804809005073,0.02071318030861547,1.5571423856077313
12.729999999999773,3.31104854657681,2.317620161206687,8.0,-3.111626338632672,-3.0222990656049418,0.0,-0.176952023839173,0.02491837978027162,1.555813169316336
12.739999999999773,3.2799460872387414,2.2874518438250617,8.0,-3.1088450643699903,-3.0112850106827347,0.0,-0.17563790547227293,0.029104331661731573,1.5544225321849952
12.749999999999773,3.2488720543962097,2.257396046057408,8.0,-3.1059410582273617,-2.999795438949414,0.0,-0.1743559361612444,0.03327935042009053,1.5529705291136808
12.759999999999772,3.217827674798843,2.2274575140626287,8.0,-3.102914434849978,-2.9878321647415547,0.0,-0.1731064974118287,0.03744657002323817,1.551457217424989
12.769999999999772,3.186814174025581,2.1976409754819755,8.0,-3.0997653137237466,-2.9753970771988336,0.0,-0.1717339514633744,0.04154986084902432,1.5498826568618733
12.779999999999772,3.1558327764363314,2.1679511386925343,8.0,-3.096493819170578,-2.962492139965726,0.0,-0.17064150789849375,0.04572967416681698,1.548246909585289
12.789999999999772,3.124884705123614,2.138392692063702,8.0,-3.0931000803434747,-2.949119390881415,0.0,-0.17033709254382096,0.049815483376627626,1.5465500401717374
12.799999999999772,3.093971181864309,2.1089703032168696,8.0,-3.089584231221435,-2.9352809416580112,0.0,-0.16885766326599017,0.05384031589051167,1.5447921156107176
12.809999999999771,3.063093427071375,2.079688618288303,8.0,-3.0859464106041634,-2.9209789775470636,0.0,-0.1676067329537792,0.0579519589209128,1.5429732053020817
12.819999999999771,3.0322526597456987,2.050552261195497,8.0,-3.0821867621065873,-2.906215756994499,0.0,-0.16627517801619737,0.06198077030340474,1.5410933810532936
12.829999999999771,3.0014500974279668,2.0215658329069957,8.0,-3.0783054341531924,-2.890993611283983,0.0,-0.16613547425768546,0.06586505367006441,1.5391527170765962
12.83999999999977,2.9706869561505886,1.9927339107158388,8.0,-3.0743025799721586,-2.87531494416878,0.0,-0.1648764101866964,0.06987295853260293,1.5371512899860793
12.84999999999977,2.9399644503897235,1.9640610475167868,8.0,-3.0701783575893185,-2.8591822314921886,0.0,-0.1633364341011197,0.07375950257404966,1.5350891787946592
12.85999999999977,2.909283793017286,1.9355517710873174,8.0,-3.0659329298219076,-2.8425980207965527,0.0,-0.16323537221563578,0.07751297818369642,1.5329664649109538
12.86999999999977,2.8786461952530953,1.9072105833726685,8.0,-3.061566464272146,-2.8255649309209914,0.0,-0.16202746488437783,0.08141217987041972,1.530783232136073
12.87999999999977,2.8480528666170413,1.879041959774914,8.0,-3.0570791333206144,-2.808085651587845,0.0,-0.16036304925027942,0.08503486444125574,1.5285395666603072
12.88999999999977,2.8175050148813723,1.8510503484462768,8.0,-3.052471114119459,-2.7901629429779566,0.0,-0.16034392755324856,0.08871396378430979,1.5262355570597295
12.89999999999977,2.7870038460229605,1.8232401695866667,8.0,-3.0477425885853857,-2.7717996352947765,0.0,-0.15929808028486478,0.09250085569827285,1.5238712942926929
12.90999999999977,2.756550564175726,1.7956158147457117,8.0,-3.042893743392486,-2.7529986283174632,0.0,-0.1579496125319816,0.09594282916925588,1.521446871696243
12.919999999999769,2.726146371583091,1.7681816461292725,8.0,-3.0379247699648664,-2.7337628909429657,0.0,-0.1569723649055297,0.09950841080333085,1.5189623849824332
12.929999999999769,2.6957924685505104,1.7409419959105936,8.0,-3.0328358644690874,-2.714095460717198,0.0,-0.15623378749151937,0.1031688815794842,1.5164179322345437
12.939999999999769,2.665490053398119,1.7139011655462313,8.0,-3.027627227806427,-2.693999443355396,0.0,-0.1565978325288283,0.10638695255204064,1.5138136139032135
12.949999999999768,2.6352403224133725,1.6870634250967596,8.0,-3.0222990656049413,-2.673478012251656,0.0,-0.15558194545740076,0.10981929256171852,1.5111495328024707
12.959999999999768,2.6050444698038544,1.660433012552509,8.0,-3.0168515882113502,-2.652534407977841,0.0,-0.1549093153385335,0.11337850135819705,1.5084257941056751
12.969999999999768,2.5749036876501132,1.6340141331643223,8.0,-3.0112850106827325,-2.631171937771846,0.0,-0.15527130713024098,0.11643347055113791,1.5056425053413662
12.979999999999768,2.5448191658586365,1.6078109587795266,8.0,-3.0055995527780404,-2.6093939750153705,0.0,-0.15436123855100145,0.1197514760887135,1.5027997763890202
12.989999999999768,2.5147920921148232,1.5818276271831069,8.0,-2.9997954389494152,-2.5872039587011852,0.0,-0.1538028639422889,0.12323218874558321,1.4998977194747076
12.999999999999767,2.4848236518361295,1.5560682414443305,8.0,-2.993872898333333,-2.564605392890101,0.0,-0.15426055328601376,0.12615469824973244,1.4969364491666666
13.009999999999767,2.4549150281252645,1.5305368692688186,8.0,-2.987832164741556,-2.541601846157631,0.0,-0.15350325434039294,0.1293802583415681,1.493916082370778
13.019999999999767,2.425067401723471,1.5052375423561986,8.0,-2.9816734766519017,-2.5181969510304625,-0.0,-0.1530729568723051,0.13278278612758806,1.4908367383259509
13.029999999999767,2.395281950963949,1.4801742557634838,8.0,-2.975397077198833,-2.494394403412868,-0.0,-0.15370759106880058,0.13561237078705143,1.4876985385994166
13.039999999999766,2.365559851725286,1.4553509672741631,8.0,-2.9690032141638527,-2.4701979620030374,-0.0,-0.15310373189478413,0.1387585549498057,1.4845016070819264
13.049999999999766,2.3359022773850673,1.430771596773249,8.0,-2.9624921399657254,-2.445611447699563,-0.0,-0.15257843807881935,0.14186375948835933,1.4812460699828627
13.059999999999766,2.3063103987735456,1.4064400256282776,8.0,-2.9558641116505107,-2.42063874299807,-0.0,-0.15354588613398826,0.1448204799875733,1.4779320558252553
13.069999999999766,2.2767853841274106,1.3823600960763858,8.0,-2.949119390881416,-2.395283791378116,-0.0,-0.15312848057787906,0.1478853853978986,1.474559695440708
13.079999999999766,2.2473283990437025,1.358535610617607,8.0,-2.9422582439284732,-2.3695505966805,-0.0,-0.15285684613005174,0.1509238242624525,1.4711291219642366
13.089999999999765,2.217940606433746,1.3349703314143706,8.0,-2.935280941658013,-2.3434432224749657,-0.0,-0.1537012079769426,0.15384921464820697,1.4676404708290065
13.099999999999765,2.188623166477273,1.31166797969744,8.0,-2.9281877595219816,-2.3169657914185473,-0.0,-0.15358005856193194,0.1568198071952284,1.4640938797609908
13.109999999999765,2.159377236576605,1.2886322351782744,8.0,-2.920978977547063,-2.2901224846045367,-0.0,-0.15355041079835452,0.1597580082129508,1.4604894887735316
13.119999999999765,2.130203971310994,1.2658667354679851,8.0,-2.91365488032363,-2.2629175409022726,-0.0,-0.15442221976892254,0.16259328209871204,1.456827440161815
13.129999999999765,2.101104522390993,1.2433750755028758,8.0,-2.9062157569944986,-2.2353552562877277,-0.0,-0.15455616856930773,0.16545601005930946,1.4531078784972493
13.139999999999764,2.0720800386130174,1.221160806976787,8.0,-2.898661901243519,-2.207439983165155,-0.0,-0.1546946246082909,0.1682859728157553,1.4493309506217595
13.149999999999764,2.04313166581399,1.1992274377802343,8.0,-2.8909936112839825,-2.1791761296797842,-0.0,-0.155887630616451,0.17098643847901346,1.4454968056419912
13.159999999999764,2.014260546826093,1.1775784314464681,8.0,-2.8832111898468447,-2.150568159021718,-0.0,-0.15607401361077108,0.17374105181306315,1.4416055949234223
13.169999999999764,1.9854678214316843,1.1562172066045635,8.0,-2.8753149441687813,-2.121620588721173,-0.0,-0.1562974808841702,0.1764540205817689,1.4376574720843907
13.179999999999763,1.9567546263182543,1.1351471364395442,8.0,-2.867305185980051,-2.0923379899350634,-0.0,-0.1576658454566469,0.1790123230276933,1.4336525929900255
13.189999999999763,1.9281220950335802,1.1143715481597412,8.0,-2.8591822314921904,-2.0627249867251916,-0.0,-0.15791317141952724,0.18164178479682494,1.4295911157460952
13.199999999999763,1.8995713579409634,1.0938937224713767,8.0,-2.8509464013855323,-2.0327862553280402,-0.0,-0.15825962458045068,0.184217185915921,1.4254732006927662
13.209999999999763,1.8711035421746334,1.0737168930605248,8.0,-2.842598020796552,-2.0025265234163756,-0.0,-0.15971126965408727,0.18662445879647382,1.421299010398276
13.219999999999763,1.8427197715952035,1.0538442460824402,8.0,-2.834137419305019,-1.9719505693526396,-0.0,-0.1600566441461984,0.18910890922683768,1.4170687096525094
13.229999999999762,1.8144211667453356,1.034278919658453,8.0,-2.825564930920991,-1.9410632214344266,-0.0,-0.16049977237608057,0.19153394474556418,1.4127824654604955
13.239999999999762,1.7862088448054942,1.015024003380413,8.0,-2.816880894071633,-1.9098693571320302,-0.0,-0.1620348319290173,0.19377516065683403,1.4084404470358165
13.249999999999762,1.7580839195498346,0.9960825378228058,8.0,-2.808085651587847,-1.8783739023182264,-0.0,-0.16244878975051966,0.19610485724170354,1.4040428257939235
13.259999999999762,1.7300475013022636,0.9774575140626296,8.0,-2.7991795506907517,-1.846581830490454,-0.0,-0.16298352268533886,0.19836774984025227,1.3995897753453759
13.269999999999762,1.7021006968925598,0.9591518732070394,8.0,-2.790162942977959,-1.8144981619853913,-0.0,-0.16456419987139873,0.20043656874137886,1.3950814714889794
13.279999999999761,1.6742446096127095,0.9411685059289319,8.0,-2.7810361844097007,-1.7821279631862215,-0.0,-0.16504411828771956,0.2026026467005075,1.3905180922048503
13.289999999999761,1.64648033917334,0.9235102520104701,8.0,-2.771799635294779,-1.749476345722582,-0.0,-0.1656595152958794,0.2046963372114104,1.3858998176473896
13.299999999999761,1.618808981660301,0.9061798998946435,8.0,-2.7624536602763343,-1.7165484656633698,-0.0,-0.16726866588871223,0.20658827962693246,1.3812268301381672
13.30999999999976,1.5912316294914222,0.8891801862449613,8.0,-2.7529986283174623,-1.683349522702578,-0.0,-0.16780677756969586,0.208586138831682,1.3764993141587312
13.31999999999976,1.5637493713733384,0.8725137955132705,8.0,-2.743434912686634,-1.6498847593381447,-0.0,-0.16850343670853657,0.21050514901247566,1.371717456343317
13.32999999999976,1.5363632922585437,0.8561833595158701,8.0,-2.733762890942965,-1.616159460044141,-0.0,-0.17012300992418306,0.21221933223494444,1.3668814454714826
13.33999999999976,1.5090744733025416,0.8401914570179092,8.0,-2.7239829449213113,-1.582178950436272,-0.0,-0.17071642051263453,0.21404621439122598,1.3619914724606557
13.34999999999976,1.481883991821193,0.8245406133261843,8.0,-2.7140954607172008,-1.5479485964309383,-0.0,-0.17150102870947714,0.21578593427682122,1.3570477303586004
13.35999999999976,1.454792921248143,0.8092332998903404,8.0,-2.704100828671576,-1.513473803397839,-0.0,-0.17311821781263972,0.21732295776178695,1.352050414335788
13.36999999999976,1.4278023310924683,0.7942719339126172,8.0,-2.6939994433553984,-1.4787600153064382,-0.0,-0.17375831511890527,0.2189785300240148,1.3469997216776992
13.37999999999976,1.4009132868964551,0.7796588779661398,8.0,-2.683791703554063,-1.4438127138662904,-0.0,-0.17507254132645608,0.22045140907730323,1.3418958517770314
13.389999999999759,1.3741268501935182,0.7653964396218385,8.0,-2.6734780122516555,-1.4086374176614054,-0.0,-0.1765301881563743,0.22183806821773264,1.3367390061258277
13.399999999999759,1.347444078466328,0.7514868710840714,8.0,-2.663058776615055,-1.3732396812788388,-0.0,-0.17705343632276804,0.2233503848941727,1.3315293883075274
13.409999999999759,1.3208660251050168,0.7379323688349508,8.0,-2.6525344079778406,-1.3376250944314987,-0.0,-0.1776890373113344,0.22478939356971783,1.3262672039889203
13.419999999999758,1.2943937393656224,0.7247350732875115,8.0,-2.6419053218240656,-1.301799281075506,-0.0,-0.17943581985463147,0.2259428146269175,1.3209526609120328
13.429999999999758,1.2680282663286504,0.711897068447704,8.0,-2.6311719377718488,-1.265767898522085,-0.0,-0.18013271958495014,0.22726001283857183,1.3155859688859244
13.439999999999758,1.2417706468578462,0.6994203815853228,8.0,-2.6203346795568194,-1.2295366365442508,-0.0,-0.18168226740480278,0.22833249062072283,1.3101673397784097
13.449999999999758,1.215621917559059,0.6873069829138543,8.0,-2.6093939750153727,-1.1931112164782653,-0.0,-0.18241470183381614,0.22953133620219066,1.3046969875076864
13.459999999999757,1.1895831107393477,0.6755587852793719,8.0,-2.598350256067791,-1.156497390320214,-0.0,-0.18389007226196966,0.23050142454567452,1.2991751280338955
13.469999999999757,1.1636552543662195,0.664177643858471,8.0,-2.5872039587011875,-1.1197009398176878,-0.0,-0.1851968241004827,0.23145140163755465,1.2936019793505937
13.479999999999757,1.137839372027042,0.6531653558653137,8.0,-2.5759555229522944,-1.0827276755567694,-0.0,-0.1858528358325423,0.23250034361394445,1.2879777614761472
13.489999999999757,1.1121364828886602,0.6425236602678384,8.0,-2.5646053928901007,-1.0455834360445133,-0.0,-0.18743641726962923,0.23326431987104854,1.2823026964450503
13.499999999999757,1.0865476016571192,0.632254237513139,8.0,-2.5531540165983033,-1.008274086786918,-0.0,-0.1881823313222322,0.23418175627654156,1.2765770082991517
13.509999999999756,1.0610737385376354,0.6223587092621163,8.0,-2.54160184615763,-0.9708055193627353,-0.0,-0.18977543540563874,0.234820711043613,1.270800923078815
13.519999999999756,1.0357158991946993,0.612838638133391,8.0,-2.5299493376279876,-0.9331836504930998,-0.0,-0.19057815795905672,0.23561075346062932,1.2649746688139938
13.529999999999756,1.0104750847124029,0.6036955274565594,8.0,-2.5181969510304656,-0.895414421107254,-0.0,-0.19215972131573616,0.23612969972570422,1.2590984755152328
13.539999999999756,0.9853522915548756,0.5949308210347848,8.0,-2.5063451503291607,-0.8575037954043423,-0.0,-0.19304751175184134,0.2367819790289205,1.2531725751645804
13.549999999999756,0.9603485115269734,0.5865459029168156,8.0,-2.494394403412871,-0.8194577599116367,-0.0,-0.1945256766032802,0.237206625210778,1.2471972017064354
13.559999999999755,0.9354647317351197,0.5785420971784228,8.0,-2.482345182076622,-0.7812823225391855,-0.0,-0.196121983935694,0.2375337575206022,1.241172591038311
13.569999999999755,0.9107019345483249,0.5709206677133141,8.0,-2.470197962003037,-0.7429835116310824,-0.0,-0.1967800770721896,0.23807795270164678,1.2350989810015185
13.579999999999755,0.8860610975594354,0.5636828180335565,8.0,-2.4579532227435714,-0.7045673750135656,-0.0,-0.19781093581429857,0.23845463942593326,1.2289766113717857
13.589999999999755,0.8615431935464972,0.5568296910795163,8.0,-2.4456114476995627,-0.6660399790399301,-0.0,-0.19954909547573055,0.23855110711215224,1.2228057238497814
13.599999999999755,0.8371491904343791,0.5503623690393833,8.0,-2.4331731241031562,-0.6274074076326237,-0.0,-0.20034670093713516,0.23888226603745913,1.2165865620515781
13.609999999999754,0.8128800512565473,0.5442818731782775,8.0,-2.420638742998066,-0.5886757613225038,-0.0,-0.20206542786804935,0.23885317544654747,1.210319371499033
13.619999999999754,0.7887367341170757,0.5385891636769857,8.0,-2.4080087992202035,-0.549851156285536,-0.0,-0.20285810401629656,0.23906839338893973,1.2040043996101017
13.629999999999754,0.7647201921527773,0.5332851394803297,8.0,-2.395283791378119,-0.5109397233769141,-0.0,-0.20456176611771787,0.23891251179315615,1.1976418956890595
13.639999999999754,0.7408313734956065,0.5283706381552151,8.0,-2.3824642218333336,-0.4719476071629697,-0.0,-0.20537055522900396,0.2390031973004614,1.1912321109166668
13.649999999999753,0.7170712212352197,0.5238464357583723,8.0,-2.3695505966805026,-0.432880964950864,-0.0,-0.20704589676539922,0.2387246604145411,1.1847752983402513
13.659999999999753,0.6934406733817369,0.5197132467138048,8.0,-2.3565434257274314,-0.39374596581626625,-0.0,-0.20787657749261768,0.2386873890142051,1.1782717128637157
13.669999999999753,0.6699406628287399,0.5159717236999786,8.0,-2.343443222474965,-0.3545487896292291,-0.0,-0.20950988804369158,0.23829126194197997,1.1717216112374824
13.679999999999753,0.6465721173163992,0.5126224575467497,8.0,-2.3302505040966928,-0.3152956260782495,-0.0,-0.21036417145715852,0.2381240861144481,1.1651252520483464
13.689999999999753,0.6233359593948786,0.5096659771420691,8.0,-2.3169657914185464,-0.2759926736928894,-0.0,-0.21194450355948438,0.23761490657497153,1.1584828957092732
13.699999999999752,0.6002331063879067,0.5071027493484657,8.0,-2.3035896088982364,-0.23664613886494457,-0.0,-0.21281235243702631,0.23732071894121864,1.1517948044491182
13.709999999999752,0.5772644703565541,0.504933178929321,8.0,-2.29012248460454,-0.19726223486837274,-0.0,-0.21433953457384305,0.23669943126806817,1.14506124230227
13.719999999999752,0.5544309580632563,0.503157608484956,8.0,-2.2765649501964726,-0.15784718087819,-0.0,-0.21517020003406803,0.23629823115426896,1.1382824750982363
13.729999999999752,0.5317334709359756,0.5017763183985271,8.0,-2.2629175409022757,-0.11840720098832401,-0.0,-0.21667615701444873,0.2355528307665922,1.1314587704511379
13.739999999999752,0.5091729050326381,0.5007895267917499,8.0,-2.249180795498299,-0.07894852322880214,-0.0,-0.217436812038787,0.23505967263923197,1.1245903977491496
13.749999999999751,0.4867501510057508,0.5001973894904599,8.0,-2.2353552562877272,-0.03947737858225098,-0.0,-0.21893354028425915,0.23418478417095065,1.1176776281438636
13.759999999999751,0.46446609406726047,0.5,8.0,-2.2214414690791817,3.464551833719842e-15,0.0,-0.21967017403740133,0.23358054371028084,1.1107207345395909
13.76999999999975,0.4423216139535726,0.5001973894904599,8.0,-2.207439983165154,0.0394773785822579,0.0,-0.22112124402140887,0.23259092598795583,1.103719991582577
13.77999999999975,0.4203175848908449,0.5007895267917499,8.0,-2.193351351300334,0.07894852322879792,0.0,-0.22184572895866805,0.23186946175768236,1.096675675650167
13.78999999999975,0.39845487556046777,0.5017763183985267,8.0,-2.1791761296797834,0.11840720098831979,0.0,-0.22323688382125195,0.23077188933167253,1.0895880648398917
13.79999999999975,0.37673434906476455,0.5031576084849565,8.0,-2.1649148779169765,0.1578471808781969,0.0,-0.22389812160376898,0.2299570151967387,1.0824574389584882
13.80999999999975,0.3551568628929411,0.504933178929321,8.0,-2.1505681590217214,0.19726223486837968,0.0,-0.2252531233936719,0.2287406895510198,1.0752840795108607
13.81999999999975,0.3337232688872005,0.5071027493484652,8.0,-2.136136539377911,0.23664613886494032,0.0,-0.22588334665698423,0.2278173971268997,1.0680682696889554
13.82999999999975,0.3124344132091319,0.5096659771420686,8.0,-2.1216205887211768,0.27599267369288516,0.0,-0.22717998491915228,0.22649272716642213,1.0608102943605884
13.83999999999975,0.29129113630630066,0.5126224575467502,8.0,-2.1070208801163925,0.3152956260782564,0.0,-0.2277554282243943,0.2254728079714282,1.0535104400581963
13.84999999999975,0.27029427287908714,0.5159717236999795,8.0,-2.092337989935063,0.35454878962923597,0.0,-0.22899870604326905,0.22403763201849783,1.0461689949675315
13.859999999999749,0.2494446518477016,0.5197132467138057,8.0,-2.0775724978325467,0.3937459658162731,0.0,-0.22953147369404725,0.2229148635075211,1.0387862489162734
13.869999999999749,0.22874309631948186,0.5238464357583719,8.0,-2.0627249867251907,0.43288096495085976,0.0,-0.2307106280122367,0.22137462198472507,1.0313624933625953
13.879999999999749,0.20819042355639272,0.5283706381552147,8.0,-2.0477960427673096,0.47194760716296547,0.0,-0.2311712311353309,0.22016532609348155,1.0238980213836548
13.889999999999748,0.18778744494275834,0.5332851394803306,8.0,-2.032786255328044,0.5109397233769208,0.0,-0.2322935201644566,0.21851604382343673,1.016393127664022
13.899999999999748,0.16753496595324968,0.5385891636769871,8.0,-2.01769621696811,0.5498511562855428,0.0,-0.23273323346986613,0.21719073508348719,1.008848108484055
13.909999999999748,0.14743378612105396,0.5442818731782784,8.0,-2.002526523416379,0.5886757613225105,0.0,-0.23376863599385703,0.2154491396315259,1.0012632617081896
13.919999999999748,0.12748469900633186,0.5503623690393824,8.0,-1.9872777735463787,0.6274074076326195,0.0,-0.23406840224343686,0.21407803693996658,0.9936388867731893
13.929999999999747,0.1076884921648853,0.5568296910795154,8.0,-1.9719505693526433,0.6660399790399258,0.0,-0.23506327889715736,0.21221704835147734,0.9859752846763217
13.939999999999747,0.08804594711705738,0.5636828180335578,8.0,-1.9565455159269454,0.7045673750135724,0.0,-0.23573886773428482,0.2104787232411384,0.9782727579634727
13.949999999999747,0.06855783931690507,0.5709206677133154,8.0,-1.941063221434426,0.7429835116310892,0.0,-0.23654159618017934,0.20858708875178142,0.970531610717213
13.959999999999747,0.0492249381215486,0.5785420971784219,8.0,-1.9255042970895564,0.7812823225391814,0.0,-0.23649316785027588,0.2071770362881543,0.9627521485447782
13.969999999999747,0.03004800676082553,0.5865459029168143,8.0,-1.9098693571320295,0.8194577599116327,0.0,-0.23728344400379517,0.20515204655942101,0.9549346785660148
13.979999999999746,0.011027802307142398,0.5949308210347861,8.0,-1.8941590188024988,0.8575037954043488,0.0,-0.2374876282473076,0.20343888299922985,0.9470795094012494
13.989999999999746,-0.007834924354384043,0.6036955274565612,8.0,-1.8783739023182298,0.8954144211072608,0.0,-0.2380934807779747,0.20138238609823608,0.9391869511591149
13.999999999999746,-0.0265394285556102,0.6128386381333928,8.0,-1.862514630848589,0.9331836504931065,0.0,-0.23849859430232453,0.1993880774484695,0.9312573154242945
14.009999999999746,-0.04508497187473637,0.6223587092621155,8.0,-1.8465818304904573,0.9708055193627313,0.0,-0.23896579155405887,0.19727308244390662,0.9232909152452287
14.019999999999746,-0.06347082216546784,0.6322542375131381,8.0,-1.8305761302435133,1.008274086786914,0.0,-0.23867765430677368,0.19563080322705373,0.9152880651217566
14.029999999999745,-0.08169625358592114,0.6425236602678397,8.0,-1.8144981619853906,1.0455834360445198,0.0,-0.2391623626820733,0.19335279533130229,0.9072490809926953
14.039999999999745,-0.09976054662726241,0.6531653558653154,8.0,-1.7983485604467557,1.0827276755567758,0.0,-0.23906847413327392,0.19142154462302402,0.8991742802233779
14.049999999999745,-0.11766298814213627,0.6641776438584697,8.0,-1.7821279631862208,1.119700939817684,0.0,-0.23936882235726897,0.1891182806857511,0.8910639815931104
14.059999999999745,-0.1354028713728077,0.6755587852793705,8.0,-1.7658370105651906,1.15649739032021,0.0,-0.2394403270044596,0.1869037503875923,0.8829185052825953
14.069999999999744,-0.15297949597906602,0.6873069829138565,8.0,-1.7494763457225762,1.1931112164782718,0.0,-0.23959060759776468,0.18454300277917252,0.8747381728612881
14.079999999999744,-0.17039216806585777,0.699420381585325,8.0,-1.7330466145494205,1.2295366365442573,0.0,-0.23899022850194365,0.18270279555867283,0.8665233072747103
14.089999999999744,-0.18764020021070849,0.7118970684477062,8.0,-1.7165484656633736,1.2657678985220913,0.0,-0.23911173362852312,0.18019494268843417,0.8582742328316868
14.099999999999744,-0.20472291149084487,0.7247350732875102,8.0,-1.6999825503831043,1.3017992810755021,0.0,-0.23896484672790913,0.17782985424971584,0.8499912751915522
14.109999999999744,-0.22163962751007382,0.7379323688349495,8.0,-1.6833495227025819,1.337625094431495,0.0,-0.23866557732840407,0.17550130669902445,0.8416747613512909
14.119999999999743,-0.23838968042541797,0.7514868710840741,8.0,-1.6666500392652548,1.373239681278845,0.0,-0.23798619390128403,0.1734128095540206,0.8333250196326274
14.129999999999743,-0.25497240897345996,0.7653964396218411,8.0,-1.649884759338144,1.4086374176614118,0.0,-0.23782354009681833,0.17078648173975322,0.824942379669072
14.139999999999743,-0.2713871584964753,0.7796588779661384,8.0,-1.6330543447857897,1.4438127138662868,0.0,-0.2374841215612574,0.1682419682800689,0.8165271723928949
14.149999999999743,-0.2876332809682598,0.7942719339126159,8.0,-1.6161594600441402,1.4787600153064344,0.0,-0.2366148760675907,0.1660739481581594,0.8080797300220701
14.159999999999743,-0.30371013501972044,0.8092332998903431,8.0,-1.5992007720943118,1.513473803397845,0.0,-0.2361618829073088,0.1634488592075438,0.7996003860471559
14.169999999999742,-0.31961708596417804,0.824540613326187,8.0,-1.5821789504362758,1.5479485964309445,0.0,-0.23575071965938524,0.16070656688887225,0.7910894752181379
14.179999999999742,-0.33535350582245105,0.8401914570179123,8.0,-1.5650946670624013,1.582178950436278,0.0,-0.2345531438355862,0.15861821028949907,0.7825473335312007
14.189999999999742,-0.3509187733476278,0.8561833595158688,8.0,-1.5479485964309423,1.6161594600441374,0.0,-0.23402825979029424,0.15579492556667093,0.7739742982154711
14.199999999999742,-0.36631227404959876,0.8725137955132687,8.0,-1.5307414154394088,1.6498847593381412,0.0,-0.23333762702170255,0.15310134043060908,0.7653707077197044
14.209999999999742,-0.38153340021932003,0.8891801862449644,8.0,-1.513473803397838,1.6833495227025839,0.0,-0.232045383785926,0.1508644668405269,0.756736901698919
14.219999999999741,-0.39658155095278236,0.9061798998946466,8.0,-1.4961464420019963,1.7165484656633758,0.0,-0.23132908503463506,0.1480291817720048,0.7480732210009982
14.229999999999741,-0.4114561321747665,0.9235102520104683,8.0,-1.4787600153064373,1.749476345722578,0.0,-0.2304905769380959,0.1452144186536072,0.7393800076532187
14.23999999999974,-0.42615655666227514,0.9411685059289301,8.0,-1.4613152096975166,1.782127963186218,0.0,-0.2290382750175488,0.1429982152208142,0.7306576048487583
14.24999999999974,-0.44068224406772494,0.9591518732070425,8.0,-1.4438127138662846,1.8144981619853968,0.0,-0.22814254918751034,0.14004237695428534,0.7219063569331423
14.25999999999974,-0.45503262094184027,0.9774575140626331,8.0,-1.4262532187813175,1.8465818304904595,0.0,-0.22718950715465047,0.137247174738426,0.7131266093906587
14.26999999999974,-0.46920712075631954,0.9960825378228089,8.0,-1.4086374176614096,1.878373902318232,0.0,-0.22520805286671666,0.13458904949371464,0.7043187088307048
14.27999999999974,-0.48320518392617906,1.015024003380411,8.0,-1.390966005948226,1.909869357132027,0.0,-0.22434273816897993,0.1317487453867211,0.695483002974113
14.28999999999974,-0.4970262578318536,1.0342789196584508,8.0,-1.373239681278843,1.9410632214344232,0.0,-0.22342190592510222,0.12900063501395306,0.6866198406394215
14.29999999999974,-0.5106697968410163,1.053844246082444,8.0,-1.3554591434582008,1.9719505693526451,0.0,-0.22181902020466066,0.12677194489500307,0.6777295717291004
14.30999999999974,-0.5241352623300983,1.0737168930605279,8.0,-1.3376250944314978,2.002526523416381,0.0,-0.22034000135310683,0.12341848703517815,0.6688125472157489
14.31999999999974,-0.5374221227055846,1.0938937224713803,8.0,-1.3197382382564478,2.0327862553280456,0.0,-0.2191442344272275,0.12055510534752624,0.6598691191282239
14.329999999999739,-0.5505298534249778,1.114371548159739,8.0,-1.301799281075505,2.062724986725188,0.0,-0.21759265763990368,0.11843983193463636,0.6508996405377525
14.339999999999739,-0.563457937017513,1.135147136439542,8.0,-1.283808931087983,2.09233798993506,0.0,-0.21588656250506383,0.11504915746187978,0.6419044655439915
14.349999999999739,-0.5762058631045885,1.156217206604567,8.0,-1.2657678985220893,2.121620588721178,0.0,-0.21473452188018227,0.11206917918122175,0.6328839492610446
14.359999999999738,-0.5887731284199065,1.1775784314464717,8.0,-1.2476768956069089,2.150568159021723,0.0,-0.2131288929233087,0.11008629673575011,0.6238384478034544
14.369999999999738,-0.6011592368293517,1.199227437780232,8.0,-1.2295366365442548,2.1791761296797816,0.0,-0.21130636611169523,0.10664659578845967,0.6147683182721274
14.379999999999738,-0.6133636993505727,1.2211608069767843,8.0,-1.2113478374804942,2.207439983165152,0.0,-0.21009786293315716,0.10365305152978126,0.6056739187402471
14.389999999999738,-0.6253860341722923,1.2433750755028798,8.0,-1.1931112164782645,2.2353552562877326,0.0,-0.20844960861458295,0.10167357978223499,0.5965556082391322
14.399999999999737,-0.637225766673307,1.2658667354679891,8.0,-1.1748274934881466,2.2629175409022775,0.0,-0.2064438873164891,0.09823143190276687,0.5874137467440733
14.409999999999737,-0.6488824294412572,1.2886322351782784,8.0,-1.1564973903202131,2.2901224846045416,0.0,-0.20517747864642358,0.09519833338748655,0.5782486951601066
14.419999999999737,-0.6603555622910537,1.3116679796974373,8.0,-1.1381216306155504,2.316965791418544,0.0,-0.20360356979976704,0.09325528650601404,0.5690608153077752
14.429999999999737,-0.6716447122830589,1.3349703314143682,8.0,-1.119700939817687,2.343443222474963,0.0,-0.20131134155724753,0.08967116692801153,0.5598504699088435
14.439999999999737,-0.6827494337409625,1.3585356106176112,8.0,-1.1012360451439498,2.3695505966805044,0.0,-0.1998591443440171,0.08662245914163834,0.5506180225719749
14.449999999999736,-0.6936692882693709,1.38236009607639,8.0,-1.0827276755567736,2.3952837913781204,0.0,-0.1972792084719372,0.08408717002762417,0.5413638377783868
14.459999999999736,-0.7044038447711269,1.406440025628275,8.0,-1.064176561734893,2.4206387429980674,0.0,-0.19600109401809596,0.08114072982817457,0.5320882808674465
14.469999999999736,-0.7149526794643215,1.4307715967732466,8.0,-1.0455834360445175,2.4456114476995605,0.0,-0.19436252798342787,0.07814009541724729,0.5227917180222588
14.479999999999736,-0.7253153758990258,1.4553509672741671,8.0,-1.0269490325104071,2.470197962003042,0.0,-0.19155768610151477,0.0755273780456951,0.5134745162552036
14.489999999999736,-0.7354915249737219,1.4801742557634883,8.0,-1.008274086786917,2.494394403412872,0.0,-0.19009444302233314,0.07251162275565579,0.5041370433934586
14.499999999999735,-0.7454807249514728,1.505237542356203,8.0,-0.9895593361289224,2.518196951030467,0.0,-0.18827811806203723,0.06954295932569411,0.4947796680644612
14.509999999999735,-0.7552825814757673,1.5305368692688157,8.0,-0.9708055193627344,2.5416018461576284,0.0,-0.18530923573280167,0.06691108060288986,0.4854027596813672
14.519999999999735,-0.7648967075860931,1.5560682414443279,8.0,-0.952013376856927,2.5646053928900985,0.0,-0.18364813648582823,0.06382497407831872,0.4760066884284635
14.529999999999735,-0.7743227237332162,1.5818276271831115,8.0,-0.9331836504931043,2.587203958701189,0.0,-0.18147957342143262,0.06134309155950746,0.4665918252465521
14.539999999999734,-0.7835602577941527,1.607810958779531,8.0,-0.9143170836366316,2.609393975015374,0.0,-0.17838046407641678,0.05865857293914347,0.4571585418183158
14.549999999999734,-0.7926089450868794,1.6340141331643268,8.0,-0.8954144211072586,2.63117193777185,0.0,-0.1766075508014707,0.05540252172601518,0.4477072105536293
14.559999999999734,-0.8014684283847151,1.6604330125525062,8.0,-0.8764764091497352,2.652534407977839,0.0,-0.1749097035870962,0.05233479677900447,0.4382382045748676
14.569999999999734,-0.8101383579304278,1.6870634250967569,8.0,-0.8575037954043466,2.6734780122516537,0.0,-0.1714060092282413,0.049730685369971016,0.4287518977021733
14.579999999999734,-0.8186183914500491,1.713901165546236,8.0,-0.8384973288773919,2.6939994433553998,0.0,-0.16939022969045087,0.046630275297249515,0.41924866443869596
14.589999999999733,-0.8269081941663696,1.7409419959105983,8.0,-0.8194577599116358,2.7140954607172016,0.0,-0.16691172322955045,0.04439972097499069,0.4097288799558179
14.599999999999733,-0.8350074388121751,1.7681816461292696,8.0,-0.8003858401566548,2.733762890942964,0.0,-0.16384579396699442,0.040897604727458785,0.4001929200783274
14.609999999999733,-0.8429158056431545,1.7956158147457086,8.0,-0.7812823225391846,2.752998628317461,0.0,-0.16135334023872605,0.0387080501920111,0.3906411612695923
14.619999999999733,-0.8506329824505299,1.8232401695866716,8.0,-0.7621479612333846,2.77179963529478,0.0,-0.15841444797284998,0.03534930101505316,0.3810739806166923
14.629999999999733,-0.8581586645733701,1.8510503484462815,8.0,-0.7429835116310869,2.7901629429779597,0.0,-0.15584456148038198,0.03319947007088813,0.37149175581554345
14.639999999999732,-0.8654925549106327,1.8790419597749188,8.0,-0.7237897303119416,2.8080856515878483,0.0,-0.1528869700035108,0.029940116721324822,0.3618948651559708
14.649999999999732,-0.8726343639328853,1.9072105833726654,8.0,-0.7045673750135701,2.8255649309209896,0.0,-0.15019017994684214,0.02782224428768287,0.35228368750678507
14.659999999999732,-0.8795838096937363,1.9355517710873142,8.0,-0.6853172046016457,2.842598020796551,0.0,-0.14726056680095748,0.024683287608978345,0.34265860230082285
14.669999999999732,-0.8863406178409683,1.964061047516792,8.0,-0.6660399790399291,2.8591822314921913,0.0,-0.14382241239870827,0.022391443329803164,0.33301998951996453
14.679999999999731,-0.8929045216273606,1.992733910715844,8.0,-0.6467364593602886,2.8753149441687826,0.0,-0.1414714692948357,0.019567074959189464,0.3233682296801443
14.689999999999731,-0.8992752619212343,2.0215658329069925,8.0,-0.6274074076326227,2.8909936112839816,0.0,-0.13871348359808283,0.017597728755727068,0.31370370381631135
14.699999999999731,-0.9054525872166703,2.0505522611954943,8.0,-0.608053586934797,2.9062157569944973,0.0,-0.13521068076990786,0.014505559350734498,0.3040267934673985
14.70999999999973,-0.9114362536434442,2.0796886182883085,8.0,-0.5886757613225082,2.9209789775470663,0.0,-0.13226524869953984,0.012589029405619808,0.2943378806612541
14.71999999999973,-0.9172260249766486,2.1089703032168745,8.0,-0.5692746957991424,2.9352809416580135,0.0,-0.12894396175023876,0.00966670254192037,0.2846373478995712
14.72999999999973,-0.9228216726460268,2.138392692063707,8.0,-0.5498511562855406,2.9491193908814175,0.0,-0.12533228372931632,0.007664963057713801,0.2749255781427703
14.73999999999973,-0.9282229757449896,2.167951138692531,8.0,-0.5304059095897847,2.9624921399657245,0.0,-0.12275561709920867,0.0050754405615285915,0.26520295479489236
14.74999999999973,-0.9334297210393396,2.1976409754819723,8.0,-0.5109397233769185,2.9753970771988323,0.0,-0.11917290546806837,0.0031936897639215666,0.25546986168845925
14.75999999999973,-0.9384417029756893,2.227457514062634,8.0,-0.49145336613863694,2.987832164741557,0.0,-0.1155730009145414,0.0004543177453276687,0.24572668306931847
14.76999999999973,-0.9432587236895706,2.2573960460574134,8.0,-0.4719476071629687,2.999795438949416,0.0,-0.1127248447593493,-0.0011227348364246782,0.23597380358148434
14.77999999999973,-0.947880593013255,2.2874518438250586,8.0,-0.45242321650387335,3.0112850106827334,0.0,-0.10918167784850102,-0.0037293740893851487,0.22621160825193667
14.78999999999973,-0.9523071284832554,2.317620161206684,8.0,-0.4328809649508631,3.0222990656049404,0.0,-0.10530182508209285,-0.00542478554860245,0.21644048247543154
14.799999999999729,-0.9565381553475332,2.3478962342752614,8.0,-0.41332162399856187,3.032835864469089,0.0,-0.10256966244139688,-0.00773115191115465,0.20666081199928094
14.809999999999729,-0.9605735065723895,2.3782752820878645,8.0,-0.3937459658162708,3.042893743392487,0.0,-0.09864452763852515,-0.009315244658667364,0.1968729829081354
14.819999999999729,-0.9644130228490688,2.4087525074406884,8.0,-0.3741547632174504,3.0524711141194594,0.0,-0.09508606982315608,-0.011667698967631947,0.1870773816087252
14.829999999999728,-0.968056552600042,2.439323097626545,8.0,-0.3545487896292337,3.0615664642721447,0.0,-0.0919417836312312,-0.012977795758348827,0.17727439481461685
14.839999999999728,-0.9715039519849942,2.469982225194859,8.0,-0.33492881906188715,3.0701783575893176,0.0,-0.08800184384468174,-0.015274954409548038,0.16746440953094358
14.849999999999728,-0.9747550849065005,2.5007250487139854,8.0,-0.31529562607824857,3.0783054341531924,0.0,-0.0846656194374445,-0.01649523602138657,0.15764781303912428
14.859999999999728,-0.9778098230154004,2.5315467135356893,8.0,-0.29564998576317053,3.085946410604164,0.0,-0.08066375446908398,-0.0186713308623464,0.14782499288158527
14.869999999999727,-0.9806680457158619,2.562442352561809,8.0,-0.27599267369288843,3.093100080343475,0.0,-0.07670211076416251,-0.019856483866158257,0.13799633684644422
14.879999999999727,-0.9833296401701492,2.593407087012788,8.0,-0.2563244659044241,3.099765313723746,0.0,-0.0734201550891882,-0.02179836192892,0.12816223295221205
14.889999999999727,-0.9857945013030704,2.624436027198111,8.0,-0.23664613886493807,3.105941058227363,0.0,-0.06937153607269049,-0.022861227651429984,0.11832306943246904
14.899999999999727,-0.9880625318061265,2.655524273288407,8.0,-0.21695846944109828,3.1116263386326724,0.0,-0.06515615978851082,-0.024782213148966267,0.10847923472054914
14.909999999999727,-0.990133642141358,2.6866669160892394,8.0,-0.19726223486837738,3.1168202571679955,0.0,-0.061904792419318844,-0.025620640634919995,0.09863111743418869
14.919999999999726,-0.9920077505448752,2.717859037816294,8.0,-0.1775582127203909,3.121521993653385,0.0,-0.057643480714114535,-0.027405051051256474,0.08877910636019545
14.929999999999726,-0.993684783030087,2.749095712871959,8.0,-0.1578471808781946,3.1257308056301456,0.0,-0.05338442684897045,-0.028198799852128587,0.0789235904390973
14.939999999999726,-0.9951646733906232,2.780372008623145,8.0,-0.13812991749956932,3.1294460284780774,0.0,-0.05008995146647995,-0.02976209417062792,0.06906495874978466
14.949999999999726,-0.9964473632029458,2.8116829861801693,8.0,-0.11840720098832304,3.132667075520422,0.0,-0.04566400272882514,-0.03042081201483507,0.05920360049416152
14.959999999999726,-0.9975328018286582,2.8430237011767154,8.0,-0.09867980996352733,3.1353934381165134,0.0,-0.041382394357584916,-0.031904297293625,0.04933990498176367
14.969999999999725,-0.9984209464165001,2.8743892045505732,8.0,-0.07894852322880118,3.1376246857420926,0.0,-0.03794217354939819,-0.032361792020449844,0.03947426161440059
14.979999999999725,-0.9991117619040448,2.9057745433251587,8.0,-0.05921411974155947,3.1393604660572936,0.0,-0.0334983929848289,-0.033698920294751154,0.029607059870779735
14.989999999999725,-0.9996052210190802,2.9371747613916583,8.0,-0.03947737858225559,3.1406005049622836,0.0,-0.02906552655571436,-0.03404196125397743,0.019738689291127796
14.999999999999725,-0.9999013042806855,2.9685849002916185,8.0,-0.019739078923646968,3.1413446066405433,0.0,-0.025622887647210952,-0.035198991627617526,0.009869539461823484
15.009999999999724,-1.0,2.9999999999999982,8.0,-1.1542024162330739e-15,3.141592653589793,0.0,-0.021073718884993098,-0.03538396085812634,5.771012081165369e-16
15.019999999999724,-0.9999013042806855,3.0314150997083775,8.0,0.01973907892364466,3.1413446066405433,0.0,-0.016588941874314773,-0.03638982920759719,-0.00986953946182233
15.029999999999724,-0.9996052210190802,3.062825238608347,8.0,0.03947737858225887,3.140600504962283,0.0,-0.013076318646346997,-0.03642034072906096,-0.019738689291129433
15.039999999999724,-0.9991117619040448,3.0942254566748377,8.0,0.05921411974155716,3.1393604660572936,0.0,-0.008477707034368287,-0.03725296181292005,-0.02960705987077858
15.049999999999724,-0.9984209464165001,3.125610795449423,8.0,0.07894852322879888,3.1376246857420926,0.0,-0.003943626501887391,-0.03710360885503335,-0.03947426161439944
15.059999999999723,-0.9975328018286582,3.1569762988232806,8.0,0.09867980996352504,3.135393438116514,0.0,-0.00036273977733871667,-0.037794513302057436,-0.04933990498176252
15.069999999999723,-0.9964473632029467,3.188317013819827,8.0,0.11840720098832075,3.1326670755204225,0.0,0.004240591339829902,-0.03747628169236837,-0.059203600494160374
15.079999999999723,-0.9951646733906232,3.21962799137686,8.0,0.1381299174995726,3.129446028478077,0.0,0.008856808570137887,-0.03793463005892617,-0.0690649587497863
15.089999999999723,-0.993684783030087,3.2509042871280376,8.0,0.1578471808781923,3.125730805630146,0.0,0.012460122940735247,-0.037519700017340576,-0.07892359043909615
15.099999999999723,-0.9920077505448752,3.2821409621837025,8.0,0.1775582127203886,3.1215219936533853,0.0,0.01712051664886533,-0.03777175405086262,-0.0887791063601943
15.109999999999722,-0.990133642141358,3.313333083910757,8.0,0.19726223486837507,3.116820257167996,0.0,0.021694966546780055,-0.03714149051831416,-0.09863111743418754
15.119999999999722,-0.9880625318061256,3.3444757267115985,8.0,0.21695846944110153,3.111626338632672,0.0,0.02552653330022737,-0.03722838485894564,-0.10847923472055077
15.129999999999722,-0.9857945013030696,3.375563972801894,8.0,0.2366461388649413,3.1059410582273617,0.0,0.030127017383125322,-0.03702137380185823,-0.11832306943247065
15.139999999999722,-0.9833296401701492,3.4065929129872083,8.0,0.25632446590442176,3.099765313723747,0.0,0.03462660669155558,-0.035924898821825174,-0.12816223295221088
15.149999999999721,-0.9806680457158627,3.4375576474381875,8.0,0.27599267369288616,3.0931000803434756,0.0,0.03906694651421293,-0.035680115285350714,-0.13799633684644308
15.159999999999721,-0.9778098230154004,3.468453286464307,8.0,0.29564998576316825,3.0859464106041647,0.0,0.04280184811106743,-0.03481761317415091,-0.14782499288158413
15.169999999999721,-0.9747550849065005,3.49927495128602,8.0,0.31529562607825184,3.078305434153191,0.0,0.04727133193167089,-0.03350891048974722,-0.15764781303912592
15.17999999999972,-0.9715039519849942,3.530017774805137,8.0,0.33492881906188493,3.0701783575893185,0.0,0.05186660831504617,-0.033151588064354746,-0.16746440953094247
15.18999999999972,-0.968056552600042,3.5606769023734515,8.0,0.35454878962923136,3.061566464272146,0.0,0.05637250657036139,-0.032583224330903805,-0.17727439481461568
15.19999999999972,-0.9644130228490688,3.591247492559308,8.0,0.37415476321744806,3.0524711141194607,0.0,0.059751141459899106,-0.03094981697529652,-0.18707738160872403
15.20999999999972,-0.9605735065723895,3.621724717912132,8.0,0.39374596581626853,3.042893743392488,0.0,0.06442087239019227,-0.030186440214648714,-0.19687298290813426
15.21999999999972,-0.9565381553475323,3.6521037657247435,8.0,0.4133216239985652,3.032835864469088,0.0,0.06883701064697156,-0.028319705327305558,-0.2066608119992826
15.22999999999972,-0.9523071284832563,3.6823798387933127,8.0,0.43288096495086076,3.0222990656049418,0.0,0.07330562989638109,-0.027407830748582065,-0.21644048247543038
15.23999999999972,-0.947880593013255,3.712548156174938,8.0,0.4524232165038711,3.0112850106827347,0.0,0.07742874177531364,-0.025506907530439694,-0.22621160825193554
15.24999999999972,-0.9432587236895706,3.742603953942583,8.0,0.4719476071629664,2.9997954389494175,0.0,0.08181966692935161,-0.024362899042830982,-0.2359738035814832
15.25999999999972,-0.9384417029756884,3.772542485937371,8.0,0.4914533661386402,2.987832164741555,0.0,0.08567788029807658,-0.02242606784379869,-0.2457266830693201
15.269999999999719,-0.9334297210393405,3.802359024518024,8.0,0.5109397233769163,2.9753970771988336,0.0,0.09008279754409311,-0.020993754116874402,-0.25546986168845814
15.279999999999719,-0.9282229757449905,3.8320488613074652,8.0,0.5304059095897824,2.962492139965726,0.0,0.09420712820311442,-0.019157415359119884,-0.2652029547948912
15.289999999999718,-0.9228216726460268,3.8616073079362896,8.0,0.5498511562855383,2.949119390881419,0.0,0.09833669726399287,-0.017426370706730532,-0.27492557814276913
15.299999999999718,-0.9172260249766495,3.891029696783122,8.0,0.56927469579914,2.9352809416580152,0.0,0.10228142205462137,-0.014814164898144595,-0.28463734789957
15.309999999999718,-0.9114362536434433,3.9203113817116964,8.0,0.5886757613225115,2.9209789775470636,0.0,0.1062570977038122,-0.013154566757379785,-0.29433788066125577
15.319999999999718,-0.9054525872166703,3.9494477388045026,8.0,0.6080535869347948,2.906215756994499,0.0,0.11038670183828524,-0.011074478428787483,-0.3040267934673974
15.329999999999718,-0.8992752619212352,3.978434167093004,8.0,0.6274074076326205,2.8909936112839834,0.0,0.11402950845480614,-0.008285439102867352,-0.31370370381631024
15.339999999999717,-0.8929045216273614,4.007266089284153,8.0,0.6467364593602862,2.8753149441687844,0.0,0.11809526095494756,-0.006238365284533855,-0.3233682296801431
15.349999999999717,-0.8863406178409665,4.035938952483213,8.0,0.6660399790399323,2.8591822314921886,0.0,0.12194133770291625,-0.004109231567387073,-0.33301998951996614
15.359999999999717,-0.8795838096937363,4.064448228912682,8.0,0.6853172046016434,2.8425980207965527,0.0,0.125508691507031,-0.0008738140530705545,-0.3426586023008217
15.369999999999717,-0.8726343639328862,4.0927894166273315,8.0,0.7045673750135678,2.8255649309209914,0.0,0.12931454025724867,0.0013458113259582007,-0.3522836875067839
15.379999999999717,-0.8654925549106336,4.120958040225078,8.0,0.7237897303119394,2.8080856515878505,0.0,0.1330592541356887,0.0037754811896693256,-0.3618948651559697
15.389999999999716,-0.858158664573371,4.148949651553715,8.0,0.7429835116310848,2.790162942977962,0.0,0.13636151164704546,0.0072214543352854006,-0.3714917558155424
15.399999999999716,-0.850632982450529,4.176759830413333,8.0,0.7621479612333878,2.771799635294777,0.0,0.14003030847701303,0.009676582883012966,-0.3810739806166939
15.409999999999716,-0.8429158056431554,4.204384185254288,8.0,0.7812823225391823,2.7529986283174632,0.0,0.14357324986693593,0.012336749963278834,-0.39064116126959114
15.419999999999716,-0.8350074388121751,4.231818353870727,8.0,0.8003858401566526,2.733762890942966,0.0,0.14668585267834974,0.015988103075824593,-0.4001929200783263
15.429999999999715,-0.8269081941663705,4.259058004089399,8.0,0.8194577599116336,2.714095460717204,0.0,0.15017171694822276,0.01866834794126992,-0.4097288799558168
15.439999999999715,-0.8186183914500482,4.286098834453768,8.0,0.838497328877395,2.693999443355396,0.0,0.153566632864873,0.021502080964503935,-0.4192486644386975
15.449999999999715,-0.8101383579304287,4.31293657490324,8.0,0.8575037954043445,2.673478012251656,0.0,0.15646418102229104,0.025386112803934366,-0.42875189770217226
15.459999999999715,-0.801468428384716,4.3395669874474905,8.0,0.8764764091497329,2.6525344079778415,0.0,0.15980040071083354,0.028254484978473465,-0.43823820457486645
15.469999999999715,-0.7926089450868803,4.36598586683567,8.0,0.8954144211072562,2.6311719377718523,0.0,0.16304069947727667,0.031287200036841684,-0.4477072105536281
15.479999999999714,-0.7835602577941536,4.392189041220466,8.0,0.9143170836366292,2.6093939750153767,0.0,0.16576108650532145,0.03535286366843896,-0.4571585418183146
15.489999999999714,-0.7743227237332144,4.418172372816893,8.0,0.9331836504931074,2.5872039587011852,0.0,0.16895796330870777,0.03841317856767131,-0.4665918252465537
15.499999999999714,-0.764896707586094,4.443931758555669,8.0,0.9520133768569249,2.564605392890101,0.0,0.17207166721950534,0.04161728215982703,-0.47600668842846244
15.509999999999714,-0.7552825814757682,4.469463130731182,8.0,0.9708055193627321,2.541601846157631,0.0,0.1746275600336342,0.045864953131948424,-0.48540275968136604
15.519999999999714,-0.7454807249514737,4.494762457643795,8.0,0.9895593361289202,2.5181969510304696,0.0,0.1777067174645337,0.049099250621230085,-0.4947796680644601
15.529999999999713,-0.7354915249737211,4.519825744236516,8.0,1.0082740867869202,2.494394403412868,0.0,0.18070565834193592,0.052472078720264693,-0.5041370433934601
15.539999999999713,-0.7253153758990241,4.544649032725837,8.0,1.0269490325104103,2.4701979620030374,0.0,0.18311551949257718,0.05687994699068605,-0.5134745162552051
15.549999999999713,-0.7149526794643224,4.5692284032267505,8.0,1.0455834360445155,2.4456114476995636,0.0,0.18608577708761959,0.060280709552102275,-0.5227917180222578
15.559999999999713,-0.7044038447711287,4.593559974371722,8.0,1.064176561734891,2.4206387429980705,0.0,0.18897905339418072,0.06380809678590385,-0.5320882808674455
15.569999999999713,-0.6936692882693718,4.617639903923607,8.0,1.0827276755567714,2.3952837913781235,0.0,0.19124696467407098,0.0683632770859271,-0.5413638377783857
15.579999999999712,-0.6827494337409608,4.641464389382392,8.0,1.101236045143953,2.3695505966805,0.0,0.19411028660508434,0.07191550527999782,-0.5506180225719765
15.589999999999712,-0.6716447122830598,4.665029668585629,8.0,1.119700939817685,2.343443222474966,0.0,0.19689496514481455,0.07558477428044008,-0.5598504699088425
15.599999999999712,-0.6603555622910555,4.68833202030256,8.0,1.138121630615548,2.3169657914185477,0.0,0.1990177556290814,0.0802672990911088,-0.569060815307774
15.609999999999712,-0.6488824294412581,4.711367764821719,8.0,1.1564973903202107,2.2901224846045447,0.0,0.20176516791863872,0.08395539095598378,-0.5782486951601054
15.619999999999711,-0.6372257666733088,4.734133264532009,8.0,1.1748274934881446,2.2629175409022806,0.0,0.204430736394458,0.08774844254480053,-0.5874137467440723
15.629999999999711,-0.6253860341722897,4.756624924497124,8.0,1.1931112164782673,2.235355256287728,0.0,0.20639611608964212,0.09253724256723848,-0.5965556082391337
15.639999999999711,-0.6133636993505744,4.778839193023213,8.0,1.2113478374804922,2.2074399831651554,0.0,0.20901230257194064,0.09634089481543633,-0.6056739187402461
15.64999999999971,-0.6011592368293526,4.800772562219765,8.0,1.2295366365442528,2.1791761296797847,0.0,0.21154192724415882,0.10023684031031174,-0.6147683182721264
15.65999999999971,-0.5887731284199074,4.822421568553525,8.0,1.2476768956069069,2.1505681590217263,0.0,0.21333382973403966,0.10510632138605902,-0.6238384478034534
15.66999999999971,-0.5762058631045868,4.8437827933954365,8.0,1.2657678985220921,2.121620588721173,0.0,0.21579970994284303,0.10900189249891543,-0.6328839492610461
15.67999999999971,-0.5634579370175139,4.864852863560456,8.0,1.2838089310879806,2.0923379899350634,0.0,0.2181748111102688,0.11297529043890116,-0.6419044655439903
15.68999999999971,-0.5505298534249787,4.885628451840258,8.0,1.3017992810755028,2.0627249867251916,0.0,0.21977623361550858,0.1178967578607477,-0.6508996405377514
15.69999999999971,-0.5374221227055864,4.906106277528617,8.0,1.3197382382564455,2.032786255328049,0.0,0.22207293692943914,0.12185843092837237,-0.6598691191282228
15.70999999999971,-0.5241352623301001,4.9262831069394695,8.0,1.3376250944314958,2.0025265234163845,0.0,0.22427596376122577,0.1258834020072361,-0.6688125472157479
15.71999999999971,-0.5106697968410137,4.94615575391756,8.0,1.3554591434582037,1.9719505693526398,0.0,0.22567297058954852,0.13082750084710787,-0.6777295717291019
15.729999999999709,-0.4970262578318554,4.965721080341547,8.0,1.3732396812788408,1.941063221434427,0.0,0.22778449955390534,0.13482929759369053,-0.6866198406394204
15.739999999999709,-0.48320518392618084,4.984975996619587,8.0,1.390966005948224,1.9098693571320307,0.0,0.2298013463311228,0.13887965778385447,-0.695483002974112
15.749999999999709,-0.4692071207563213,5.0039174621771885,8.0,1.4086374176614076,1.8783739023182353,0.0,0.23098402085516612,0.1438171274362203,-0.7043187088307038
15.759999999999708,-0.4550326209418385,5.02254248593737,8.0,1.4262532187813206,1.8465818304904542,0.0,0.2328986523671693,0.14783311209352953,-0.7131266093906603
15.769999999999708,-0.4406822440677223,5.040848126792961,8.0,1.4438127138662877,1.8144981619853917,0.0,0.23471973987883984,0.15188320387637874,-0.7219063569331439
15.779999999999708,-0.4261565566622769,5.058831494071068,8.0,1.4613152096975146,1.7821279631862217,0.0,0.2356832683076229,0.1567855913367003,-0.7306576048487573
15.789999999999708,-0.4114561321747683,5.07648974798953,8.0,1.4787600153064353,1.749476345722582,0.0,0.2373942000338684,0.16079059938334173,-0.7393800076532177
15.799999999999708,-0.39658155095278413,5.093820100105352,8.0,1.4961464420019943,1.7165484656633796,0.0,0.23901490088683577,0.16481588100496153,-0.7480732210009972
15.809999999999707,-0.38153340021931736,5.110819813755039,8.0,1.513473803397841,1.6833495227025783,0.0,0.23975922351470522,0.16965620162686257,-0.7567369016989205
15.819999999999707,-0.36631227404960054,5.127486204486729,8.0,1.530741415439407,1.649884759338145,0.0,0.24126434306799385,0.17362599226873485,-0.7653707077197035
15.829999999999707,-0.35091877334762955,5.143816640484129,8.0,1.5479485964309403,1.6161594600441411,0.0,0.24268481042782913,0.1776035435491459,-0.7739742982154701
15.839999999999707,-0.33535350582245194,5.159808542982086,8.0,1.5650946670623993,1.582178950436282,0.0,0.24321289600165288,0.18235572735482614,-0.7825473335311997
15.849999999999707,-0.3196170859641798,5.175459386673811,8.0,1.582178950436274,1.5479485964309485,0.0,0.2445143859972511,0.1862674983699735,-0.791089475218137
15.859999999999706,-0.3037101350197178,5.190766700109659,8.0,1.5992007720943144,1.5134738033978394,0.0,0.24574162988455578,0.19017859369487977,-0.7996003860471572
15.869999999999706,-0.28763328096826246,5.205728066087383,8.0,1.616159460044138,1.4787600153064386,0.0,0.24602175847748423,0.19478367217416873,-0.808079730022069
15.879999999999706,-0.2713871584964771,5.22034112203386,8.0,1.6330543447857875,1.4438127138662908,0.0,0.24722559099073377,0.19870971994876072,-0.8165271723928937
15.889999999999706,-0.25497240897346174,5.234603560378157,8.0,1.6498847593381418,1.4086374176614158,0.0,0.24794466902068374,0.2022418179315171,-0.8249423796690709
15.899999999999705,-0.2383896804254153,5.248513128915928,8.0,1.6666500392652575,1.373239681278839,0.0,0.24841470175068325,0.20715616400875586,-0.8333250196326287
15.909999999999705,-0.2216396275100756,5.262067631165049,8.0,1.6833495227025799,1.337625094431499,0.0,0.24936348370782085,0.21086418350349556,-0.8416747613512899
15.919999999999705,-0.20472291149084665,5.275264926712488,8.0,1.699982550383102,1.3017992810755061,0.0,0.2499190643189816,0.21414940885300848,-0.849991275191551
15.929999999999705,-0.18764020021071026,5.288102931552292,8.0,1.7165484656633716,1.2657678985220955,0.0,0.2501598203177012,0.21920072728397857,-0.8582742328316858
15.939999999999705,-0.17039216806585955,5.300579618414673,8.0,1.7330466145494186,1.2295366365442613,0.0,0.2509484400234721,0.22261448175071294,-0.8665233072747093
15.949999999999704,-0.15297949597906246,5.312693017086145,8.0,1.749476345722579,1.1931112164782656,0.0,0.25136228047267717,0.22574591012876083,-0.8747381728612895
15.959999999999704,-0.13540287137280949,5.324441214720628,8.0,1.7658370105651888,1.1564973903202143,0.0,0.2513850261926266,0.2306446937546781,-0.8829185052825944
15.969999999999704,-0.11766298814213894,5.335822356141529,8.0,1.7821279631862186,1.1197009398176885,0.0,0.2516716919094396,0.233540551672868,-0.8910639815931093
15.979999999999704,-0.09976054662726419,5.346834644134684,8.0,1.7983485604467542,1.08272767555678,0.0,0.25223240080089043,0.23683989580939946,-0.8991742802233771
15.989999999999704,-0.08169625358591848,5.357476339732162,8.0,1.8144981619853935,1.0455834360445135,0.0,0.25211234567204616,0.24156957406663754,-0.9072490809926967
15.999999999999703,-0.06347082216546962,5.3677457624868605,8.0,1.830576130243511,1.0082740867869184,0.0,0.2522270465037793,0.24417859078604828,-0.9152880651217555
16.009999999999703,-0.045084971874738144,5.377641290737883,8.0,1.8465818304904558,0.9708055193627356,0.0,0.2526910511066753,0.24743214546407255,-0.9232909152452279
16.019999999999705,-0.026539428555611977,5.387161361866607,8.0,1.8625146308485867,0.9331836504931108,0.0,0.2523901157409171,0.25193242596121973,-0.9312573154242934
16.029999999999706,-0.007834924354386708,5.396304472543438,8.0,1.878373902318228,0.8954144211072651,0.0,0.2523525041062347,0.25429674096238564,-0.939186951159114
16.039999999999708,0.011027802307145507,5.405069178965215,8.0,1.8941590188025015,0.8575037954043426,0.0,0.2526548895595247,0.25736073335576587,-0.9470795094012507
16.04999999999971,0.030048006760822865,5.413454097083184,8.0,1.9098693571320278,0.819457759911637,0.0,0.25218994549616525,0.2616365682545807,-0.9549346785660139
16.05999999999971,0.04922493812154638,5.421457902821578,8.0,1.9255042970895546,0.781282322539186,0.0,0.25201204052512516,0.26376117826815715,-0.9627521485447773
16.069999999999713,0.0685578393169024,5.429079332286683,8.0,1.941063221434424,0.7429835116310938,0.0,0.25216382511919644,0.26660267261894877,-0.970531610717212
16.079999999999714,0.08804594711706049,5.4363171819664435,8.0,1.9565455159269478,0.704567375013566,0.0,0.2515176678852369,0.27061776374592084,-0.9782727579634739
16.089999999999716,0.10768849216488263,5.443170308920484,8.0,1.9719505693526411,0.6660399790399304,0.0,0.25124791966766113,0.27254516721323363,-0.9859752846763206
16.099999999999717,0.12748469900632964,5.449637630960616,8.0,1.987277773546377,0.627407407632624,0.0,0.2512579655089052,0.2751556904526152,-0.9936388867731885
16.10999999999972,0.1474337861210513,5.455718126821721,8.0,2.0025265234163774,0.5886757613225151,0.0,0.25001696969700804,0.2783814257889588,-1.0012632617081887
16.11999999999972,0.16753496595324746,5.4614108363230125,8.0,2.0176962169681083,0.5498511562855474,0.0,0.25006432737224515,0.28063991157951007,-1.0088481084840542
16.129999999999722,0.1877874449427619,5.46671486051967,8.0,2.032786255328046,0.5109397233769144,0.0,0.24994706178583906,0.28304613300341874,-1.016393127664023
16.139999999999723,0.20819042355639006,5.471629361844785,8.0,2.047796042767308,0.47194760716297,0.0,0.24880099235476733,0.2859571889097993,-1.023898021383654
16.149999999999725,0.2287430963194792,5.476153564241628,8.0,2.062724986725189,0.4328809649508644,0.0,0.24867489671840617,0.28819146219067787,-1.0313624933625944
16.159999999999727,0.24944465184769937,5.480286753286194,8.0,2.077572497832545,0.3937459658162777,0.0,0.24843337080539213,0.2904192181327476,-1.0387862489162725
16.169999999999728,0.27029427287909114,5.484028276300021,8.0,2.0923379899350647,0.3545487896292295,0.0,0.24719530398469583,0.29308270011532356,-1.0461689949675324
16.17999999999973,0.2912911363063042,5.487377542453251,8.0,2.1070208801163948,0.3152956260782499,0.0,0.24693369465584858,0.2951479259271043,-1.0535104400581974
16.18999999999973,0.31243441320912924,5.490334022857931,8.0,2.121620588721175,0.27599267369288977,0.0,0.24659427112970655,0.2971766670910675,-1.0608102943605875
16.199999999999733,0.3337232688871974,5.492897250651534,8.0,2.136136539377909,0.23664613886494495,0.0,0.24523757125110585,0.2996170329972167,-1.0680682696889545
16.209999999999734,0.35515686289293846,5.495066821070679,8.0,2.1505681590217196,0.19726223486838426,0.0,0.244889153624317,0.3014770110761123,-1.0752840795108598
16.219999999999736,0.37673434906476766,5.4968423915150435,8.0,2.164914877916979,0.15784718087819039,0.0,0.2444533638724902,0.3033027621125797,-1.0824574389584896
16.229999999999738,0.3984548755604651,5.498223681601473,8.0,2.179176129679782,0.11840720098832438,0.0,0.24300948475816245,0.30550533197558016,-1.089588064839891
16.23999999999974,0.42031758489084226,5.49921047320825,8.0,2.193351351300332,0.07894852322880253,0.0,0.24257913303228262,0.30715296292220606,-1.096675675650166
16.24999999999974,0.44232161395356995,5.499802610509541,8.0,2.2074399831651523,0.039477378582262516,0.0,0.24206068574488782,0.30876161956014236,-1.1037199915825762
16.259999999999742,0.4644660940672578,5.5,8.0,2.22144146907918,8.081361498652138e-15,0.0,0.24053822123876908,0.310715214689454,-1.11072073453959
16.269999999999744,0.48675015100575436,5.499802610509541,8.0,2.2353552562877295,-0.03947737858225752,0.0,0.24004348740920434,0.31213297620635605,-1.1176776281438647
16.279999999999745,0.5091729050326359,5.49921047320825,8.0,2.249180795498298,-0.07894852322879753,0.0,0.23945278362806008,0.31350945001419944,-1.124590397749149
16.289999999999747,0.5317334709359725,5.498223681601473,8.0,2.2629175409022744,-0.11840720098831939,0.0,0.23787241833165804,0.3151958651317239,-1.1314587704511372
16.29999999999975,0.5544309580632536,5.4968423915150435,8.0,2.2765649501964713,-0.1578471808781854,0.0,0.23732746433938767,0.3163678449374262,-1.1382824750982357
16.30999999999975,0.5772644703565515,5.4950668210706795,8.0,2.2901224846045385,-0.19726223486836814,0.0,0.23667739293939777,0.317496824976187,-1.1450612423022692
16.31999999999975,0.600233106387897,5.492897250651536,8.0,2.3035896088982306,-0.23664613886492883,0.0,0.23506132636263655,0.3188996663583844,-1.1517948044491153
16.329999999999753,0.623335959394876,5.490334022857931,8.0,2.316965791418545,-0.27599267369288477,0.0,0.23448264795681448,0.31981156136718447,-1.1584828957092725
16.339999999999755,0.6465721173164032,5.48737754245325,8.0,2.330250504096695,-0.31529562607825606,0.0,0.23378578648665355,0.3206806130126414,-1.1651252520483475
16.349999999999756,0.6699406628287439,5.4840282763000205,8.0,2.3434432224749675,-0.3545487896292356,0.0,0.23216045815781236,0.321785533013825,-1.1717216112374838
16.359999999999758,0.6934406733817409,5.480286753286194,8.0,2.3565434257274336,-0.39374596581627275,0.0,0.23156442626030221,0.3224262509867636,-1.1782717128637168
16.36999999999976,0.7170712212352166,5.476153564241628,8.0,2.3695505966805013,-0.4328809649508594,0.0,0.23083225091528015,0.32302610224319955,-1.1847752983402506
16.37999999999976,0.7408313734956038,5.471629361844785,8.0,2.3824642218333323,-0.471947607162965,0.0,0.22922590995106618,0.32382166984473654,-1.1912321109166661
16.389999999999763,0.7647201921527742,5.466714860519671,8.0,2.3952837913781178,-0.5109397233769095,0.0,0.22862807802660207,0.32418296762847393,-1.1976418956890589
16.399999999999764,0.7887367341170721,5.461410836323015,8.0,2.4080087992202017,-0.5498511562855315,0.0,0.22786721681866492,0.3245073500918006,-1.2040043996101009
16.409999999999766,0.8128800512565446,5.455718126821724,8.0,2.4206387429980643,-0.5886757613224992,0.0,0.2263141246608408,0.32498156986419485,-1.2103193714990321
16.419999999999767,0.837149190434376,5.449637630960618,8.0,2.433173124103155,-0.6274074076326192,0.0,0.22573062101189292,0.32505460859565793,-1.2165865620515774
16.42999999999977,0.8615431935465008,5.443170308920482,8.0,2.4456114476995645,-0.6660399790399364,0.0,0.2249371413229579,0.32509860479982355,-1.2228057238497823
16.43999999999977,0.8860610975594394,5.436317181966443,8.0,2.4579532227435736,-0.704567375013572,0.0,0.22348280522006347,0.3252364597297358,-1.2289766113717868
16.449999999999772,0.9107019345483289,5.429079332286685,8.0,2.4701979620030388,-0.7429835116310889,0.0,0.22292719289119267,0.3250141472389117,-1.2350989810015194
16.459999999999773,0.9354647317351166,5.421457902821578,8.0,2.4823451820766205,-0.7812823225391811,0.0,0.22170077473466954,0.32488462483497965,-1.2411725910383102
16.469999999999775,0.9603485115269703,5.413454097083186,8.0,2.4943944034128696,-0.8194577599116322,0.0,0.22109034085611345,0.3244857351853457,-1.2471972017064348
16.479999999999777,0.9853522915548725,5.405069178965216,8.0,2.5063451503291594,-0.8575037954043377,0.0,0.22049456223635938,0.3239912300669912,-1.2531725751645797
16.489999999999778,1.0104750847123998,5.3963044725434415,8.0,2.5181969510304643,-0.8954144211072496,0.0,0.21908577898696172,0.3236142893109139,-1.2590984755152321
16.49999999999978,1.0357158991946966,5.38716136186661,8.0,2.5299493376279862,-0.9331836504930954,0.0,0.21857435843040354,0.3229150640437154,-1.2649746688139931
16.50999999999978,1.0610737385376328,5.377641290737884,8.0,2.5416018461576293,-0.9708055193627309,0.0,0.218090452270948,0.3221247089967767,-1.2708009230788146
16.519999999999783,1.0865476016571236,5.367745762486859,8.0,2.553154016598305,-1.0082740867869244,0.0,0.21668180580032365,0.32147103686533135,-1.2765770082991525
16.529999999999784,1.1121364828886646,5.357476339732161,8.0,2.5646053928901025,-1.0455834360445193,0.0,0.2163005453652615,0.3204904655869343,-1.2823026964450512
16.539999999999786,1.1378393720270465,5.346834644134685,8.0,2.5759555229522966,-1.0827276755567754,0.0,0.215109189922437,0.319619061072789,-1.2879777614761483
16.549999999999788,1.1636552543662169,5.335822356141531,8.0,2.5872039587011866,-1.1197009398176838,0.0,0.21479470302290934,0.3184726573762158,-1.2936019793505933
16.55999999999979,1.1895831107393446,5.324441214720629,8.0,2.5983502560677896,-1.1564973903202096,0.0,0.21371638039864088,0.3174236280094691,-1.2991751280338948
16.56999999999979,1.215621917559056,5.312693017086147,8.0,2.609393975015372,-1.193111216478261,0.0,0.21336885608993483,0.31614775292107317,-1.304696987507686
16.579999999999792,1.241770646857843,5.3005796184146785,8.0,2.620334679556818,-1.2295366365442466,0.0,0.2129619545011927,0.31482218911397847,-1.310167339778409
16.589999999999794,1.2680282663286473,5.288102931552297,8.0,2.6311719377718474,-1.2657678985220808,0.0,0.21181236448087493,0.31357811528664753,-1.3155859688859237
16.599999999999795,1.2943937393656193,5.27526492671249,8.0,2.6419053218240647,-1.3017992810755017,0.0,0.21100089412568004,0.3122045327520139,-1.3209526609120323
16.609999999999797,1.3208660251050213,5.2620676311650465,8.0,2.6525344079778423,-1.3376250944315047,0.0,0.21088875677738958,0.31064238137142636,-1.3262672039889212
16.6199999999998,1.3474440784663324,5.248513128915926,8.0,2.6630587766150566,-1.3732396812788448,0.0,0.20991488682126722,0.3091823651747717,-1.3315293883075283
16.6299999999998,1.3741268501935227,5.234603560378159,8.0,2.6734780122516573,-1.4086374176614114,0.0,0.20969805618212933,0.30752975365007046,-1.3367390061258286
16.6399999999998,1.4009132868964516,5.220341122033862,8.0,2.6837917035540615,-1.4438127138662864,0.0,0.2088049955084658,0.30594248780652233,-1.3418958517770307
16.649999999999803,1.4278023310924657,5.205728066087385,8.0,2.6939994433553975,-1.478760015306434,0.0,0.20797880367139138,0.30428782401067417,-1.3469997216776988
16.659999999999805,1.4547929212481394,5.190766700109661,8.0,2.7041008286715753,-1.5134738033978348,0.0,0.208007420892315,0.30244795806721303,-1.3520504143357877
16.669999999999806,1.48188399182119,5.175459386673817,8.0,2.714095460717199,-1.5479485964309343,0.0,0.20713303148309628,0.3007017104734286,-1.3570477303585995
16.679999999999808,1.5090744733025385,5.159808542982093,8.0,2.7239829449213104,-1.5821789504362678,0.0,0.20627239529668587,0.29890062686366586,-1.3619914724606552
16.68999999999981,1.5363632922585406,5.143816640484132,8.0,2.733762890942964,-1.6161594600441371,0.0,0.20639119908305792,0.29690907578489983,-1.366881445471482
16.69999999999981,1.5637493713733432,5.127486204486727,8.0,2.7434349126866358,-1.6498847593381503,0.0,0.2054637248110402,0.29502197544570097,-1.3717174563433179
16.709999999999813,1.5912316294914266,5.110819813755036,8.0,2.752998628317464,-1.6833495227025836,0.0,0.204748869575316,0.2930554840641547,-1.376499314158732
16.719999999999814,1.6188089816603055,5.093820100105353,8.0,2.7624536602763357,-1.7165484656633754,0.0,0.20472814107747864,0.2909513242073056,-1.3812268301381678
16.729999999999816,1.6464803391733365,5.076489747989532,8.0,2.7717996352947774,-1.749476345722578,0.0,0.2038386520410466,0.28891623799243166,-1.3858998176473887
16.739999999999817,1.674244609612706,5.05883149407107,8.0,2.7810361844096994,-1.7821279631862175,0.0,0.20298505162469585,0.2868292284412144,-1.3905180922048497
16.74999999999982,1.7021006968925567,5.040848126792962,8.0,2.7901629429779575,-1.8144981619853875,0.0,0.20305295376525345,0.2845856723943928,-1.3950814714889788
16.75999999999982,1.73004750130226,5.022542485937373,8.0,2.799179550690751,-1.84658183049045,0.0,0.20210728132000347,0.28242067969989826,-1.3995897753453754
16.769999999999822,1.758083919549831,5.0039174621771965,8.0,2.808085651587846,-1.8783739023182224,0.0,0.20124634277145245,0.28019637473277403,-1.404042825793923
16.779999999999824,1.7862088448054911,4.984975996619589,8.0,2.816880894071632,-1.9098693571320269,0.0,0.20129052342574807,0.2778286915010505,-1.408440447035816
16.789999999999825,1.8144211667453405,4.9657210803415435,8.0,2.8255649309209927,-1.9410632214344314,0.0,0.20032454590893092,0.2755305212482413,-1.4127824654604964
16.799999999999827,1.8427197715952084,4.946155753917557,8.0,2.83413741930502,-1.9719505693526447,0.0,0.1994398682477851,0.2731725090957289,-1.41706870965251
16.809999999999828,1.8711035421746383,4.926283106939472,8.0,2.8425980207965535,-2.0025265234163805,0.0,0.19946690670072356,0.27067989602077314,-1.4212990103982768
16.81999999999983,1.8995713579409683,4.90610627752862,8.0,2.8509464013855337,-2.0327862553280456,0.0,0.19849720244219426,0.26825280477950764,-1.4254732006927668
16.82999999999983,1.9281220950335771,4.885628451840261,8.0,2.859182231492189,-2.062724986725188,0.0,0.19758896898314862,0.2657553192715594,-1.4295911157460945
16.839999999999833,1.9567546263182507,4.864852863560458,8.0,2.8673051859800496,-2.09233798993506,0.0,0.19762110226089621,0.26314639505161896,-1.4336525929900248
16.849999999999834,1.9854678214316808,4.843782793395439,8.0,2.875314944168781,-2.12162058872117,0.0,0.196653226476037,0.26058273376797,-1.4376574720843904
16.859999999999836,2.0142605468260895,4.822421568553534,8.0,2.8832111898468433,-2.1505681590217147,0.0,0.19574433554948512,0.2579550533101914,-1.4416055949234217
16.869999999999838,2.043131665813987,4.800772562219768,8.0,2.890993611283982,-2.179176129679781,0.0,0.19577574115162708,0.2552160029415695,-1.445496805641991
16.87999999999984,2.0720800386130223,4.7788391930232095,8.0,2.89866190124352,-2.2074399831651594,0.0,0.19483903313016857,0.25255262110637616,-1.44933095062176
16.88999999999984,2.101104522390998,4.756624924497121,8.0,2.9062157569945,-2.2353552562877326,0.0,0.19388591333581656,0.24925341966484568,-1.45310787849725
16.899999999999842,2.1302039713109995,4.734133264532011,8.0,2.913654880323632,-2.2629175409022775,0.0,0.1939485729082535,0.2466601235410089,-1.456827440161816
16.909999999999844,2.15937723657661,4.711367764821722,8.0,2.9209789775470645,-2.290122484604541,0.0,0.1930970776338135,0.24415957239820926,-1.4604894887735322
16.919999999999845,2.188623166477269,4.688332020302563,8.0,2.928187759521981,-2.316965791418544,0.0,0.19218198537256526,0.2407049003687037,-1.4640938797609906
16.929999999999847,2.217940606433743,4.665029668585632,8.0,2.9352809416580117,-2.3434432224749626,0.0,0.1921719656628179,0.23810812235878445,-1.4676404708290058
16.93999999999985,2.247328399043699,4.641464389382396,8.0,2.9422582439284723,-2.369550596680497,0.0,0.19142208972958605,0.2355517578072497,-1.4711291219642362
16.94999999999985,2.2767853841274075,4.617639903923617,8.0,2.9491193908814157,-2.395283791378113,0.0,0.19058525200451293,0.23193778747891855,-1.4745596954407079
16.95999999999985,2.306310398773542,4.5935599743717255,8.0,2.9558641116505098,-2.4206387429980674,0.0,0.19005261689576314,0.22934665697317033,-1.4779320558252549
16.969999999999853,2.335902277385072,4.569228403226747,8.0,2.9624921399657262,-2.4456114476995676,0.0,0.18966806517142704,0.2265758888484306,-1.4812460699828631
16.979999999999855,2.3655598517252914,4.544649032725832,8.0,2.969003214163854,-2.4701979620030414,0.0,0.18902089520236837,0.22295058747465646,-1.484501607081927
16.989999999999856,2.3952819509639545,4.5198257442365115,8.0,2.975397077198834,-2.4943944034128718,0.0,0.1892617427636664,0.220158562866236,-1.487698538599417
16.999999999999858,2.425067401723476,4.494762457643797,8.0,2.9816734766519026,-2.5181969510304665,0.0,0.18861718485225942,0.21733692507420133,-1.4908367383259513
17.00999999999986,2.454915028125261,4.469463130731184,8.0,2.9878321647415556,-2.541601846157628,0.0,0.18790124054311566,0.21358864720911958,-1.4939160823707778
17.01999999999986,2.4848236518361264,4.443931758555673,8.0,2.9938728983333323,-2.5646053928900985,-0.0,0.18737048355456548,0.21012263702502806,-1.4969364491666661
17.029999999999863,2.5147920921148197,4.418172372816896,8.0,2.999795438949415,-2.587203958701182,-0.0,0.18709010570169865,0.20742603785298527,-1.4998977194747074
17.039999999999864,2.544819165858633,4.392189041220476,8.0,3.0055995527780395,-2.609393975015368,-0.0,0.18659965089561667,0.20382202674180006,-1.5027997763890197
17.049999999999866,2.574903687650118,4.365985866835674,8.0,3.0112850106827334,-2.63117193777185,-0.0,0.18685865568785598,0.20031638804543686,-1.5056425053413667
17.059999999999867,2.605044469803851,4.339566987447494,8.0,3.01685158821135,-2.652534407977839,-0.0,0.18636096891039267,0.19753684236183328,-1.508425794105675
17.06999999999987,2.6352403224133774,4.312936574903236,8.0,3.022299065604942,-2.6734780122516595,-0.0,0.18579876912046567,0.19384718414168792,-1.511149532802471
17.07999999999987,2.6654900533981243,4.286098834453764,8.0,3.0276272278064282,-2.6939994433553993,-0.0,0.18533758725014235,0.19017102973557098,-1.5138136139032141
17.089999999999872,2.6957924685505152,4.259058004089402,8.0,3.0328358644690883,-2.714095460717201,-0.0,0.1851248469623677,0.18739784254901315,-1.5164179322345441
17.099999999999874,2.7261463715830874,4.231818353870731,8.0,3.037924769964866,-2.7337628909429634,-0.0,0.18471851584918375,0.1836146446591297,-1.518962384982433
17.109999999999875,2.756550564175722,4.204384185254291,8.0,3.042893743392486,-2.7529986283174606,-0.0,0.18465749025790232,0.17984346885006788,-1.521446871696243
17.119999999999877,2.787003846022957,4.176759830413337,8.0,3.0477425885853853,-2.7717996352947742,-0.0,0.1842755725723959,0.17698107916232117,-1.5238712942926926
17.129999999999878,2.8175050148813687,4.1489496515537265,8.0,3.0524711141194585,-2.7901629429779544,-0.0,0.18398668568410453,0.17312103268566117,-1.5262355570597292
17.13999999999988,2.848052866617046,4.120958040225082,8.0,3.0570791333206153,-2.8080856515878483,-0.0,0.1837623215293118,0.1692545886377339,-1.5285395666603077
17.14999999999988,2.8786461952530913,4.092789416627335,8.0,3.061566464272145,-2.8255649309209896,-0.0,0.1834878401618885,0.165668768739427,-1.5307832321360726
17.159999999999883,2.9092837930172912,4.064448228912678,8.0,3.0659329298219085,-2.8425980207965553,-0.0,0.18335957789655596,0.1619210735312084,-1.5329664649109542
17.169999999999884,2.939964450389729,4.0359389524832086,8.0,3.0701783575893193,-2.859182231492191,-0.0,0.18309627903087888,0.1583787052493767,-1.5350891787946597
17.179999999999886,2.9706869561505935,4.0072660892841565,8.0,3.074302579972159,-2.8753149441687826,-0.0,0.18296669711795835,0.1545870545664827,-1.5371512899860795
17.189999999999888,3.001450097427963,3.9784341670930075,8.0,3.0783054341531915,-2.890993611283981,-0.0,0.18273929837227515,0.150861372295518,-1.5391527170765957
17.19999999999989,3.032252659745695,3.949447738804506,8.0,3.082186762106587,-2.9062157569944973,-0.0,0.1826158463024269,0.14716521471467942,-1.5410933810532934
17.20999999999989,3.0630934270713714,3.9203113817117003,8.0,3.085946410604163,-2.920978977547062,-0.0,0.1824247800863386,0.1433486859115286,-1.5429732053020815
17.219999999999892,3.0939711818643056,3.891029696783134,8.0,3.0895842312214348,-2.93528094165801,-0.0,0.1823086218429951,0.1396227167844268,-1.5447921156107174
17.229999999999894,3.1248847051236193,3.8616073079362936,8.0,3.093100080343475,-2.949119390881417,-0.0,0.18214681973634567,0.13577135238356886,-1.5465500401717376
17.239999999999895,3.155832776436328,3.8320488613074692,8.0,3.0964938191705778,-2.962492139965724,-0.0,0.18203878649915722,0.13196533860059922,-1.5482469095852889
17.249999999999897,3.186814174025586,3.8023590245180197,8.0,3.0997653137237475,-2.9753970771988354,-0.0,0.18190275937769004,0.12809448881348293,-1.5498826568618738
17.2599999999999,3.217827674798848,3.7725424859373664,8.0,3.1029144348499784,-2.987832164741557,-0.0,0.18180477351223098,0.12422250432182146,-1.5514572174249892
17.2699999999999,3.248872054396215,3.742603953942587,8.0,3.105941058227362,-2.9997954389494157,-0.0,0.1816907910793864,0.12031384461346693,-1.552970529113681
17.2799999999999,3.279946087238738,3.712548156174942,8.0,3.10884506436999,-3.0112850106827334,-0.0,0.18160412186634395,0.11638523801992146,-1.554422532184995
17.289999999999903,3.311048546576806,3.6823798387933167,8.0,3.111626338632672,-3.0222990656049404,-0.0,0.18151012477165546,0.1124282135996125,-1.555813169316336
17.299999999999905,3.342178204538582,3.6521037657247475,8.0,3.114284771215462,-3.0328358644690865,-0.0,0.18143551566986219,0.10844647629633117,-1.557142385607731
17.309999999999906,3.3733338321784716,3.6217247179121443,8.0,3.116820257167995,-3.0428937433924843,-0.0,0.18135977081705462,0.10443787946896005,-1.5584101285839975
17.319999999999908,3.404514199525651,3.5912474925593125,8.0,3.119232696393626,-3.0524711141194594,-0.0,0.1812984576184376,0.10040353800674647,-1.559616348196813
17.32999999999991,3.435718075632589,3.5606769023734555,8.0,3.121521993653385,-3.0615664642721447,-0.0,0.18123914939536734,0.09634316696433647,-1.5607609968266924
17.33999999999991,3.4669442286237047,3.530017774805132,8.0,3.123688058569737,-3.07017835758932,-0.0,0.1811915519614752,0.09225690366336235,-1.5618440292848685
17.349999999999913,3.498191425743928,3.499274951286015,8.0,3.125730805630146,-3.0783054341531924,-0.0,0.18114788001407214,0.08814515108781937,-1.562865402815073
17.359999999999914,3.529458433407429,3.468453286464311,8.0,3.1276501541904578,-3.085946410604164,-0.0,0.18111350507131288,0.08400826024447282,-1.5638250770952289
17.369999999999916,3.5607440172462828,3.4375576474381915,8.0,3.129446028478077,-3.093100080343475,-0.0,0.18108435997229969,0.07984631436130525,-1.5647230142390385
17.379999999999917,3.592046942159209,3.4065929129872123,8.0,3.1311183575949615,-3.099765313723746,-0.0,0.18106292758544562,0.07565998547543075,-1.5655591787974807
17.38999999999992,3.623365972360331,3.375563972801898,8.0,3.1326670755204216,-3.105941058227361,-0.0,0.18104665363551675,0.07144958564067232,-1.5663335377602108
17.39999999999992,3.6546998714279635,3.344475726711602,8.0,3.1340921211137256,-3.111626338632671,-0.0,0.18103711211742746,0.06721536156132063,-1.5670460605568628
17.409999999999922,3.6860474023534326,3.313333083910761,8.0,3.1353934381165134,-3.116820257167995,-0.0,0.18103235877778398,0.06295794027781616,-1.5676967190582567
17.419999999999924,3.717407327589875,3.2821409621837065,8.0,3.1365709751550175,-3.121521993653385,-0.0,0.18103286950738182,0.05867766495750703,-1.5682854875775087
17.429999999999925,3.748778409101157,3.2509042871280327,8.0,3.1376246857420926,-3.125730805630147,-0.0,0.1810376645297086,0.05437473061884422,-1.5688123428710463
17.439999999999927,3.780159408410678,3.2196279913768553,8.0,3.138554528279048,-3.129446028478077,-0.0,0.18104641038765495,0.05004974427679433,-1.569277264139524
17.44999999999993,3.811549086650328,3.188317013819831,8.0,3.1393604660572936,-3.132667075520422,-0.0,0.1810581330311277,0.04570294781483047,-1.5696802330286468
17.45999999999993,3.8429462046093574,3.1569762988232846,8.0,3.1400424672597853,-3.1353934381165134,-0.0,0.18107296841401888,0.04133457626921248,-1.5700212336298927
17.46999999999993,3.8743495227833096,3.125610795449427,8.0,3.140600504962283,-3.1376246857420926,-0.0,0.18106590509783657,0.036940117453881885,-1.5703002524811416
17.479999999999933,3.905757801422954,3.0942254566748417,8.0,3.141034557134415,-3.1393604660572936,-0.0,0.181161078454054,0.032544923542708194,-1.5705172785672075
17.489999999999934,3.93716980058323,3.062825238608351,8.0,3.1413446066405433,-3.140600504962283,-0.0,0.18101056170844806,0.028081990014862987,-1.5706723033202716
17.499999999999936,3.9685842801722053,3.0314150997083815,8.0,3.141530641240445,-3.1413446066405433,-0.0,0.18116318267362083,0.023654227261375928,-1.5707653206202226
17.509999999999938,3.999999999999998,3.000000000000002,8.0,3.141592653589793,-3.141592653589793,-0.0,0.18111652330287617,0.019175447755078116,-1.5707963267948966
17.51999999999994,4.0314157198278,2.9685849002916136,8.0,3.141530641240445,-3.1413446066405433,-0.0,0.18185048869912324,0.014672090990209476,-1.5707653206202226
17.52999999999994,4.062830199416766,2.9371747613916535,8.0,3.1413446066405433,-3.140600504962283,-0.0,0.18179171548501782,0.010167861318818187,-1.5706723033202716
17.539999999999942,4.094242198577042,2.9057745433251627,8.0,3.141034557134415,-3.1393604660572936,-0.0,0.18143374938486287,0.005625736772044135,-1.5705172785672075
17.549999999999944,4.125650477216686,2.8743892045505772,8.0,3.140600504962283,-3.1376246857420926,-0.0,0.18107110709772076,0.0010748023752727436,-1.5703002524811416
17.559999999999945,4.157053795390638,2.8430237011767194,8.0,3.1400424672597853,-3.135393438116514,-0.0,0.18101175213297974,-0.0035056767485888776,-1.5700212336298927
17.569999999999947,4.1884509133496675,2.8116829861801733,8.0,3.139360466057294,-3.1326670755204225,-0.0,0.1807991722253751,-0.008098350502103458,-1.569680233028647
17.57999999999995,4.219840591589318,2.780372008623149,8.0,3.1385545282790486,-3.129446028478078,-0.0,0.18143879093087464,-0.01267691571971929,-1.5692772641395243
17.58999999999995,4.251221590898847,2.749095712871963,8.0,3.1376246857420926,-3.125730805630146,-0.0,0.18123591168367575,-0.01733504323304247,-1.5688123428710463
17.59999999999995,4.282592672410121,2.717859037816298,8.0,3.1365709751550175,-3.1215219936533853,-0.0,0.18073997335735234,-0.021980750792929295,-1.5682854875775087
17.609999999999953,4.313952597646563,2.6866669160892434,8.0,3.1353934381165134,-3.116820257167996,-0.0,0.18028296874874525,-0.026590561891615527,-1.5676967190582567
17.619999999999955,4.345300128572032,2.655524273288402,8.0,3.1340921211137256,-3.111626338632672,-0.0,0.18006957990238576,-0.03132457841524828,-1.5670460605568628
17.629999999999956,4.376634027639664,2.624436027198106,8.0,3.132667075520422,-3.1059410582273617,-0.0,0.17970254988147993,-0.036021453426894896,-1.566333537760211
17.639999999999958,4.407953057840787,2.5934070870127917,8.0,3.1311183575949615,-3.099765313723747,-0.0,0.180248458743247,-0.04066465045206155,-1.5655591787974807
17.64999999999996,4.439255982753713,2.5624423525618125,8.0,3.129446028478077,-3.0931000803434756,-0.0,0.17988812616826505,-0.04547064976982856,-1.5647230142390385
17.65999999999996,4.4705415665925665,2.5315467135356933,8.0,3.127650154190458,-3.0859464106041647,-0.0,0.17926925359579177,-0.050216530585969615,-1.563825077095229
17.669999999999963,4.501808574256067,2.500725048713989,8.0,3.1257308056301465,-3.0783054341531937,-0.0,0.1797203852871915,-0.054966280248048484,-1.5628654028150732
17.679999999999964,4.5330557713763,2.469982225194863,8.0,3.1236880585697366,-3.070178357589319,-0.0,0.17906780445595025,-0.05975825075204641,-1.5618440292848683
17.689999999999966,4.564281924367407,2.4393230976265485,8.0,3.121521993653385,-3.061566464272146,-0.0,0.17840011186119178,-0.06454833081863873,-1.5607609968266924
17.699999999999967,4.595485800474345,2.408752507440692,8.0,3.1192326963936265,-3.0524711141194607,-0.0,0.17783950178387456,-0.0693479249948987,-1.5596163481968133
17.70999999999997,4.626666167821524,2.37827528208786,8.0,3.116820257167995,-3.0428937433924856,-0.0,0.1773684721380155,-0.07417051694099917,-1.5584101285839975
17.71999999999997,4.657821795461413,2.3478962342752565,8.0,3.1142847712154627,-3.032835864469088,-0.0,0.17700290826035,-0.07900874212817964,-1.5571423856077313
17.729999999999972,4.68895145342319,2.317620161206688,8.0,3.111626338632672,-3.0222990656049418,-0.0,0.1766413331257458,-0.08385951637908062,-1.555813169316336
17.739999999999974,4.720053912761259,2.287451843825062,8.0,3.1088450643699903,-3.0112850106827347,-0.0,0.17629753585353497,-0.08872557165208698,-1.5544225321849952
17.749999999999975,4.7511279456037805,2.2573960460574174,8.0,3.1059410582273626,-2.9997954389494175,-0.0,0.17597380443295768,-0.09360561753648708,-1.5529705291136813
17.759999999999977,4.782172325201148,2.227457514062638,8.0,3.1029144348499784,-2.9878321647415587,-0.0,0.17565208421918693,-0.09849804613498149,-1.5514572174249892
17.76999999999998,4.8131858259744185,2.197640975481976,8.0,3.0997653137237466,-2.9753970771988336,-0.0,0.1753386033479269,-0.10340296069492702,-1.5498826568618733
17.77999999999998,4.844167223563668,2.167951138692535,8.0,3.096493819170578,-2.962492139965726,-0.0,0.175027739027388,-0.10831936106411584,-1.548246909585289
17.78999999999998,4.875115294876377,2.138392692063711,8.0,3.0931000803434756,-2.9491193908814193,-0.0,0.17472532969802126,-0.11324641817572406,-1.5465500401717378
17.799999999999983,4.90602881813569,2.10897030321687,8.0,3.0895842312214357,-2.9352809416580117,-0.0,0.17442121571524904,-0.11818312611744901,-1.5447921156107178
17.809999999999985,4.936906572928624,2.079688618288304,8.0,3.0859464106041634,-2.920978977547064,-0.0,0.17412621355797903,-0.12312887680923397,-1.5429732053020817
17.819999999999986,4.9677473402543,2.050552261195498,8.0,3.0821867621065873,-2.906215756994499,-0.0,0.17382514363237844,-0.12808159907962163,-1.5410933810532936
17.829999999999988,4.998549902572033,2.0215658329069965,8.0,3.0783054341531924,-2.8909936112839834,-0.0,0.17353693900288703,-0.13304107373590263,-1.5391527170765962
17.83999999999999,5.0293130438494025,1.9927339107158475,8.0,3.07430257997216,-2.875314944168785,-0.0,0.17323181617945166,-0.13800479636161742,-1.53715128998608
17.84999999999999,5.060035549610267,1.9640610475167954,8.0,3.0701783575893193,-2.8591822314921935,-0.0,0.17295178340134015,-0.14297332584259817,-1.5350891787946597
17.859999999999992,5.090716206982713,1.935551771087318,8.0,3.0659329298219076,-2.842598020796553,-0.0,0.17263098401923108,-0.14794180021953976,-1.5329664649109538
17.869999999999994,5.121353804746905,1.9072105833726691,8.0,3.061566464272146,-2.825564930920992,-0.0,0.1723736753741448,-0.1529150527141017,-1.530783232136073
17.879999999999995,5.15194713338295,1.8790419597749224,8.0,3.057079133320616,-2.8080856515878505,-0.0,0.17200794945535972,-0.15788113863036646,-1.528539566660308
17.889999999999997,5.182494985118627,1.8510503484462772,8.0,3.052471114119459,-2.790162942977957,-0.0,0.1722211119750164,-0.16288298952371272,-1.5262355570597295
17.9,5.212996153977039,1.8232401695866671,8.0,3.047742588585386,-2.771799635294777,-0.0,0.17170946105901602,-0.1678324469495246,-1.523871294292693
17.91,5.243449435824274,1.7956158147457122,8.0,3.0428937433924865,-2.7529986283174637,-0.0,0.17114505431683677,-0.1727698193469498,-1.5214468716962433
17.92,5.273853628416909,1.7681816461292732,8.0,3.037924769964867,-2.733762890942966,-0.0,0.17072963418244738,-0.17771085880946152,-1.5189623849824334
17.930000000000003,5.304207531449481,1.7409419959106016,8.0,3.0328358644690887,-2.714095460717204,-0.0,0.17096073582179216,-0.18269272153013189,-1.5164179322345444
17.940000000000005,5.334509946601871,1.7139011655462393,8.0,3.0276272278064287,-2.6939994433554024,-0.0,0.17032008295654996,-0.18758984545129218,-1.5138136139032143
17.950000000000006,5.364759677586627,1.6870634250967602,8.0,3.0222990656049413,-2.6734780122516564,-0.0,0.16967478387069454,-0.1924668555380069,-1.5111495328024707
17.960000000000008,5.394955530196145,1.6604330125525095,8.0,3.0168515882113507,-2.652534407977842,-0.0,0.1692939197292224,-0.19734988438613038,-1.5084257941056753
17.97000000000001,5.425096312349877,1.6340141331643299,8.0,3.0112850106827342,-2.6311719377718528,-0.0,0.16880633892431257,-0.20220182477775808,-1.5056425053413671
17.98000000000001,5.455180834141363,1.607810958779527,8.0,3.005599552778041,-2.6093939750153705,-0.0,0.16841127150098859,-0.20703819769058163,-1.5027997763890204
17.990000000000013,5.485207907885176,1.5818276271831073,8.0,2.9997954389494152,-2.5872039587011852,-0.0,0.16854207130910054,-0.2119035401866841,-1.4998977194747076
18.000000000000014,5.51517634816387,1.5560682414443312,8.0,2.993872898333333,-2.5646053928901016,-0.0,0.16776620883028012,-0.21664925385466788,-1.4969364491666666
18.010000000000016,5.545084971874735,1.5305368692688188,8.0,2.9878321647415564,-2.541601846157631,-0.0,0.16705752567305768,-0.22137371796292846,-1.4939160823707782
18.020000000000017,5.57493259827652,1.5052375423562063,8.0,2.9816734766519035,-2.5181969510304696,-0.0,0.16708594864266096,-0.22615974870049416,-1.4908367383259518
18.03000000000002,5.604718049036041,1.4801742557634912,8.0,2.975397077198835,-2.4943944034128753,-0.0,0.1663469906951135,-0.2308350898881186,-1.4876985385994175
18.04000000000002,5.634440148274713,1.4553509672741634,8.0,2.969003214163853,-2.470197962003038,-0.0,0.16548950131064102,-0.23547189414565514,-1.4845016070819266
18.050000000000022,5.664097722614932,1.4307715967732497,8.0,2.9624921399657254,-2.4456114476995636,-0.0,0.16563676493826754,-0.24021943397348722,-1.4812460699828627
18.060000000000024,5.693689601226454,1.406440025628278,8.0,2.9558641116505107,-2.420638742998071,-0.0,0.16469720773605487,-0.2448150831448442,-1.4779320558252553
18.070000000000025,5.723214615872589,1.3823600960763864,8.0,2.9491193908814166,-2.3952837913781164,-0.0,0.1638948556285951,-0.24941268003720293,-1.4745596954407083
18.080000000000027,5.752671600956297,1.3585356106176076,8.0,2.9422582439284732,-2.3695505966805004,-0.0,0.16389733686615302,-0.2541179079276729,-1.4711291219642366
18.09000000000003,5.782059393566254,1.334970331414371,8.0,2.935280941658013,-2.343443222474966,-0.0,0.1629507690016948,-0.258685402723284,-1.4676404708290065
18.10000000000003,5.8113768335227265,1.3116679796974404,8.0,2.928187759521982,-2.3169657914185477,-0.0,0.16206889735264218,-0.26325629021131536,-1.464093879760991
18.11000000000003,5.8406227634233865,1.2886322351782813,8.0,2.9209789775470654,-2.290122484604545,-0.0,0.16204512963377674,-0.2679626202823215,-1.4604894887735327
18.120000000000033,5.869796028688997,1.2658667354679918,8.0,2.9136548803236324,-2.2629175409022806,-0.0,0.16102070818035086,-0.27251872232402197,-1.4568274401618162
18.130000000000035,5.898895477609006,1.2433750755028763,8.0,2.9062157569944986,-2.2353552562877286,-0.0,0.1606564210643642,-0.27718144844581605,-1.4531078784972493
18.140000000000036,5.927919961386982,1.2211608069767872,8.0,2.898661901243519,-2.207439983165156,-0.0,0.1597595390607356,-0.2817675289721291,-1.4493309506217595
18.150000000000038,5.95686833418601,1.1992274377802348,8.0,2.890993611283983,-2.1791761296797847,-0.0,0.15866759375550377,-0.2863239117001855,-1.4454968056419915
18.16000000000004,5.985739453173907,1.1775784314464683,8.0,2.8832111898468447,-2.1505681590217187,-0.0,0.15851973514864914,-0.29105599516352404,-1.4416055949234223
18.17000000000004,6.014532178568315,1.1562172066045637,8.0,2.8753149441687818,-2.1216205887211737,-0.0,0.15755036571470563,-0.295650944218945,-1.4376574720843909
18.180000000000042,6.043245373681746,1.1351471364395445,8.0,2.867305185980051,-2.092337989935064,-0.0,0.15632520894233332,-0.3001988204815179,-1.4336525929900255
18.190000000000044,6.071877904966419,1.1143715481597418,8.0,2.859182231492191,-2.062724986725192,-0.0,0.15613827173299932,-0.30495286270209526,-1.4295911157460954
18.200000000000045,6.100428642059028,1.0938937224713827,8.0,2.850946401385535,-2.032786255328049,-0.0,0.15558417486539386,-0.30964285626426985,-1.4254732006927675
18.210000000000047,6.128896457825358,1.0737168930605308,8.0,2.842598020796555,-2.002526523416385,-0.0,0.1541933473538474,-0.31415907870282905,-1.4212990103982774
18.22000000000005,6.157280228404796,1.0538442460824409,8.0,2.834137419305019,-1.9719505693526402,-0.0,0.15367728584587534,-0.3188536931122251,-1.4170687096525094
18.23000000000005,6.185578833254664,1.0342789196584532,8.0,2.825564930920991,-1.9410632214344274,-0.0,0.15232063624236603,-0.32337332366581484,-1.4127824654604955
18.24000000000005,6.213791155194505,1.0150240033804134,8.0,2.816880894071633,-1.909869357132031,-0.0,0.15177489112175704,-0.32805720709592173,-1.4084404470358165
18.250000000000053,6.241916080450165,0.9960825378228062,8.0,2.8080856515878474,-1.8783739023182267,-0.0,0.15038438464605403,-0.3325516461885405,-1.4040428257939237
18.260000000000055,6.2699524986977355,0.97745751406263,8.0,2.799179550690752,-1.8465818304904547,-0.0,0.14975878909723936,-0.33720431489606467,-1.399589775345376
18.270000000000056,6.29789930310744,0.9591518732070399,8.0,2.790162942977959,-1.814498161985392,-0.0,0.14843712824771751,-0.3416876498444317,-1.3950814714889794
18.280000000000058,6.32575539038729,0.9411685059289323,8.0,2.7810361844097007,-1.7821279631862221,-0.0,0.1476339939087925,-0.34627409024023004,-1.3905180922048503
18.29000000000006,6.3535196608266595,0.9235102520104705,8.0,2.771799635294779,-1.7494763457225821,-0.0,0.146743709134346,-0.35082650714871555,-1.3858998176473896
18.30000000000006,6.38119101833969,0.9061798998946489,8.0,2.762453660276337,-1.71654846566338,-0.0,0.14509269355899537,-0.35516365204633366,-1.3812268301381685
18.310000000000063,6.408768370508577,0.8891801862449613,8.0,2.752998628317463,-1.6833495227025788,-0.0,0.14415408243528302,-0.3596601328654143,-1.3764993141587314
18.320000000000064,6.436250628626661,0.8725137955132709,8.0,2.743434912686634,-1.6498847593381454,-0.0,0.14334001706776553,-0.3641718848030449,-1.371717456343317
18.330000000000066,6.463636707741456,0.8561833595158705,8.0,2.7337628909429657,-1.6161594600441416,-0.0,0.14140989533770437,-0.36835192985122267,-1.3668814454714828
18.340000000000067,6.490925526697451,0.8401914570179141,8.0,2.723982944921314,-1.5821789504362824,-0.0,0.14054267703965223,-0.3727927181527251,-1.361991472460657
18.35000000000007,6.518116008178806,0.8245406133261848,8.0,2.7140954607172008,-1.547948596430939,-0.0,0.13950860363935855,-0.3771677600552131,-1.3570477303586004
18.36000000000007,6.545207078751856,0.8092332998903409,8.0,2.7041008286715766,-1.5134738033978394,-0.0,0.13760962372390284,-0.38125403786599366,-1.3520504143357883
18.370000000000072,6.572197668907531,0.7942719339126176,8.0,2.693999443355399,-1.4787600153064389,-0.0,0.13659359115851294,-0.38556512166293394,-1.3469997216776994
18.380000000000074,6.599086713103544,0.7796588779661402,8.0,2.683791703554063,-1.443812713866291,-0.0,0.1355343046348951,-0.3898378419757322,-1.3418958517770314
18.390000000000075,6.625873149806474,0.7653964396218429,8.0,2.6734780122516586,-1.408637417661416,-0.0,0.13350636123567663,-0.39377015696415807,-1.3367390061258293
18.400000000000077,6.652555921533671,0.7514868710840719,8.0,2.663058776615055,-1.3732396812788394,-0.0,0.132445603494949,-0.3979651859136955,-1.3315293883075274
18.41000000000008,6.679133974894983,0.7379323688349513,8.0,2.652534407977841,-1.3376250944314994,-0.0,0.13131927160159942,-0.40211101973841673,-1.3262672039889205
18.42000000000008,6.705606260634378,0.7247350732875115,8.0,2.641905321824066,-1.3017992810755066,-0.0,0.12929642926768375,-0.4059154570205926,-1.320952660912033
18.43000000000008,6.731971733671342,0.711897068447708,8.0,2.631171937771852,-1.265767898522096,-0.0,0.12813308190969228,-0.40996134956911995,-1.315585968885926
18.440000000000083,6.758229353142153,0.6994203815853233,8.0,2.62033467955682,-1.2295366365442515,-0.0,0.12694080796050536,-0.4139638274980583,-1.31016733977841
18.450000000000085,6.7843780824409405,0.6873069829138547,8.0,2.609393975015373,-1.193111216478266,-0.0,0.1254618848695934,-0.4178140443083469,-1.3046969875076866
18.460000000000086,6.810416889260652,0.6755587852793719,8.0,2.598350256067791,-1.1564973903202147,-0.0,0.12404572084667183,-0.42163651530291174,-1.2991751280338955
18.470000000000088,6.83634474563378,0.664177643858471,8.0,2.587203958701188,-1.1197009398176887,-0.0,0.12191059863857058,-0.4251515042720256,-1.293601979350594
18.48000000000009,6.8621606279729495,0.6531653558653163,8.0,2.575955522952298,-1.0827276755567805,-0.0,0.12058308521704948,-0.42891289273519995,-1.287977761476149
18.49000000000009,6.88786351711134,0.6425236602678384,8.0,2.5646053928901007,-1.045583436044514,-0.0,0.11927337557043478,-0.4326444258258975,-1.2823026964450503
18.500000000000092,6.91345239834288,0.6322542375131395,8.0,2.5531540165983033,-1.0082740867869187,-0.0,0.11778804882612917,-0.4362528204156808,-1.2765770082991517
18.510000000000094,6.938926261462364,0.6223587092621168,8.0,2.5416018461576306,-0.970805519362736,-0.0,0.11615302883572769,-0.4397459545398241,-1.2708009230788153
18.520000000000095,6.964284100805292,0.6128386381333937,8.0,2.529949337627991,-0.9331836504931111,-0.0,0.11463250581204731,-0.4432258181018791,-1.2649746688139956
18.530000000000097,6.989524915287596,0.6036955274565594,8.0,2.518196951030466,-0.8954144211072549,-0.0,0.11237430821964127,-0.44635242942357317,-1.259098475515233
18.5400000000001,7.014647708445124,0.5949308210347852,8.0,2.5063451503291607,-0.857503795404343,-0.0,0.11093081417431669,-0.44975780003457116,-1.2531725751645804
18.5500000000001,7.039651488473026,0.5865459029168156,8.0,2.4943944034128713,-0.8194577599116374,-0.0,0.109496839655,-0.45312624730424866,-1.2471972017064357
18.5600000000001,7.06453526826488,0.5785420971784228,8.0,2.4823451820766222,-0.7812823225391863,-0.0,0.10796899344678758,-0.456390311201706,-1.2411725910383111
18.570000000000103,7.0892980654516675,0.5709206677133163,8.0,2.4701979620030405,-0.7429835116310941,-0.0,0.10626945423588303,-0.4595092127323046,-1.2350989810015203
18.580000000000105,7.113938902440564,0.5636828180335565,8.0,2.457953222743572,-0.7045673750135664,-0.0,0.1046765095730949,-0.4625996286562215,-1.228976611371786
18.590000000000106,7.138456806453503,0.5568296910795163,8.0,2.445611447699563,-0.6660399790399308,-0.0,0.10287913673052165,-0.465534312593155,-1.2228057238497816
18.600000000000108,7.1628508095656205,0.5503623690393833,8.0,2.4331731241031562,-0.6274074076326244,-0.0,0.10127970041570708,-0.4684937487752644,-1.2165865620515781
18.61000000000011,7.187119948743446,0.5442818731782788,8.0,2.42063874299807,-0.5886757613225154,-0.0,0.09951222166905888,-0.4713125724483068,-1.210319371499035
18.62000000000011,7.211263265882924,0.5385891636769862,8.0,2.4080087992202035,-0.5498511562855368,-0.0,0.09785639544000954,-0.4741129092126382,-1.2040043996101017
18.630000000000113,7.235279807847222,0.5332851394803297,8.0,2.395283791378119,-0.5109397233769148,-0.0,0.09610757717639085,-0.47679759796525745,-1.1976418956890595
18.640000000000114,7.259168626504393,0.5283706381552151,8.0,2.382464221833334,-0.47194760716297035,-0.0,0.09441725641401102,-0.47943570181207396,-1.191232110916667
18.650000000000116,7.28292877876478,0.5238464357583723,8.0,2.369550596680503,-0.43288096495086476,-0.0,0.09268307375910413,-0.48197962485788093,-1.1847752983402515
18.660000000000117,7.306559326618256,0.5197132467138061,8.0,2.3565434257274354,-0.393745965816278,-0.0,0.09098147398693639,-0.4844584945197305,-1.1782717128637177
18.67000000000012,7.330059337171259,0.5159717236999786,8.0,2.3434432224749653,-0.35454878962922987,-0.0,0.08926498454870942,-0.48685726023600867,-1.1717216112374826
18.68000000000012,7.3534278826836,0.5126224575467497,8.0,2.3302505040966928,-0.3152956260782503,-0.0,0.08757121841635919,-0.4891732286129707,-1.1651252520483464
18.690000000000122,7.376664040605121,0.5096659771420691,8.0,2.316965791418547,-0.27599267369289016,-0.0,0.08587264979257209,-0.4914354493046909,-1.1584828957092734
18.700000000000124,7.399766893612092,0.5071027493484657,8.0,2.303589608898237,-0.23664613886494534,-0.0,0.08425771688493815,-0.49344774794754825,-1.1517948044491184
18.710000000000125,7.422735529643445,0.504933178929321,8.0,2.2901224846045403,-0.19726223486837355,-0.0,0.08251905575223455,-0.49573556635792443,-1.1450612423022701
18.720000000000127,7.445569041936743,0.5031576084849565,8.0,2.276564950196473,-0.15784718087819077,-0.0,0.08110829910418023,-0.49718525539315056,-1.1382824750982365
18.73000000000013,7.468266529064024,0.5017763183985271,8.0,2.262917540902276,-0.11840720098832477,-0.0,0.07935111923707586,-0.4994641405220107,-1.131458770451138
18.74000000000013,7.490827094967361,0.5007895267917499,8.0,2.2491807954982996,-0.07894852322880291,-0.0,0.07756895609071707,-0.5017985844608038,-1.1245903977491498
18.75000000000013,7.513249848994242,0.5001973894904599,8.0,2.2353552562877312,-0.039477378582262905,-0.0,0.07625201962952328,-0.5029398168372625,-1.1176776281438656
18.760000000000133,7.5355339059327395,0.5,8.0,2.221441469079182,2.695083556231126e-15,0.0,0.07444752476075328,-0.5051451732503769,-1.110720734539591
18.770000000000135,7.557678386046427,0.5001973894904599,8.0,2.2074399831651546,0.03947737858225713,0.0,0.07305968789504129,-0.5064067708638864,-1.1037199915825773
18.780000000000136,7.579682415109154,0.5007895267917499,8.0,2.1933513513003344,0.07894852322879714,0.0,0.07127603304410558,-0.5085426645102152,-1.0966756756501672
18.790000000000138,7.601545124439532,0.5017763183985267,8.0,2.179176129679784,0.118407200988319,0.0,0.06991628962857498,-0.5096493953347925,-1.089588064839892
18.80000000000014,7.6232656509352354,0.5031576084849565,8.0,2.164914877916977,0.15784718087819616,0.0,0.06813765798385343,-0.5116086893703141,-1.0824574389584884
18.81000000000014,7.644843137107058,0.504933178929321,8.0,2.150568159021722,0.1972622348683789,0.0,0.0667974419964791,-0.51258127342322,-1.075284079510861
18.820000000000142,7.6662767311127995,0.5071027493484652,8.0,2.136136539377911,0.2366461388649396,0.0,0.06530224849440444,-0.5138071204257624,-1.0680682696889554
18.830000000000144,7.687565586790868,0.5096659771420686,8.0,2.1216205887211768,0.2759926736928844,0.0,0.06380172674342129,-0.5150297316218224,-1.0608102943605884
18.840000000000146,7.708708863693692,0.5126224575467488,8.0,2.1070208801163965,0.3152956260782446,0.0,0.062063494824037724,-0.5166611274868892,-1.0535104400581983
18.850000000000147,7.729705727120912,0.5159717236999795,8.0,2.092337989935063,0.3545487896292352,0.0,0.060702215826875815,-0.5174449380973606,-1.0461689949675315
18.86000000000015,7.750555348152298,0.5197132467138057,8.0,2.077572497832547,0.39374596581627236,0.0,0.059343284109401574,-0.5181000406676753,-1.0387862489162736
18.87000000000015,7.771256903680518,0.5238464357583719,8.0,2.0627249867251907,0.4328809649508591,0.0,0.057536829385477405,-0.5196078980241055,-1.0313624933625953
18.88000000000015,7.791809576443607,0.5283706381552147,8.0,2.0477960427673096,0.4719476071629647,0.0,0.05619484628073449,-0.5201478988791705,-1.0238980213836548
18.890000000000153,7.812212555057235,0.5332851394803289,8.0,2.0327862553280482,0.5109397233769091,0.0,0.054870349633287255,-0.5205586804962197,-1.0163931276640241
18.900000000000155,7.83246503404675,0.5385891636769866,8.0,2.01769621696811,0.5498511562855422,0.0,0.05344795585047022,-0.5210834210911176,-1.008848108484055
18.910000000000156,7.852566213878946,0.5442818731782784,8.0,2.002526523416379,0.5886757613225098,0.0,0.05197977854900085,-0.5216666432441615,-1.0012632617081896
18.920000000000158,7.872515300993667,0.5503623690393824,8.0,1.9872777735463791,0.6274074076326187,0.0,0.05056476173903562,-0.5220765391971985,-0.9936388867731896
18.93000000000016,7.892311507835115,0.5568296910795154,8.0,1.9719505693526433,0.6660399790399252,0.0,0.04911340135337397,-0.5224440361553108,-0.9859752846763217
18.94000000000016,7.911954052882942,0.5636828180335578,8.0,1.9565455159269458,0.7045673750135716,0.0,0.04767949020081196,-0.5227061861091119,-0.9782727579634729
18.950000000000163,7.931442160683094,0.5709206677133154,8.0,1.941063221434426,0.7429835116310884,0.0,0.046234088882347424,-0.5229096882507643,-0.970531610717213
18.960000000000164,7.950775061878451,0.5785420971784219,8.0,1.9255042970895568,0.7812823225391806,0.0,0.0448021257404411,-0.5230103265915684,-0.9627521485447784
18.970000000000166,7.9699519932391745,0.5865459029168143,8.0,1.90986935713203,0.8194577599116318,0.0,0.04337307702339606,-0.5230381949259354,-0.954934678566015
18.980000000000167,7.988972197692852,0.5949308210347839,8.0,1.8941590188025037,0.8575037954043374,0.0,0.04194691026148253,-0.5229577811621093,-0.9470795094012519
18.99000000000017,8.007834924354384,0.6036955274565607,8.0,1.8783739023182302,0.8954144211072599,0.0,0.040539097674094644,-0.5228659697163649,-0.9391869511591151
19.00000000000017,8.026539428555608,0.6128386381333928,8.0,1.8625146308485891,0.9331836504931056,0.0,0.03909902756876632,-0.5221022137087143,-0.9312573154242946
19.010000000000172,8.045084971874736,0.6223587092621155,8.0,1.8465818304904578,0.9708055193627305,0.0,0.03774397783867225,-0.522498285177236,-0.9232909152452289
19.020000000000174,8.063470822165467,0.6322542375131381,8.0,1.8305761302435135,1.0082740867869133,0.0,0.036349083368741666,-0.5215710960644839,-0.9152880651217568
19.030000000000175,8.081696253585921,0.6425236602678397,8.0,1.814498161985391,1.0455834360445189,0.0,0.0348347000386441,-0.5212885541287939,-0.9072490809926955
19.040000000000177,8.099760546627262,0.653165355865315,8.0,1.7983485604467562,1.0827276755567752,0.0,0.032648486892258036,-0.520859014545788,-0.8991742802233781
19.05000000000018,8.117662988142136,0.6641776438584692,8.0,1.782127963186221,1.1197009398176834,0.0,0.03155560224873731,-0.5196750368496826,-0.8910639815931105
19.06000000000018,8.135402871372808,0.6755587852793701,8.0,1.765837010565191,1.1564973903202092,0.0,0.030465227082491178,-0.5192317505823347,-0.8829185052825955
19.07000000000018,8.15297949597906,0.687306982913853,8.0,1.749476345722581,1.1931112164782605,0.0,0.029470106714245648,-0.5197564632539174,-0.8747381728612905
19.080000000000183,8.170392168065856,0.699420381585325,8.0,1.733046614549421,1.2295366365442564,0.0,0.02845249587532783,-0.5189601420896055,-0.8665233072747105
19.090000000000185,8.187640200210708,0.7118970684477057,8.0,1.716548465663374,1.2657678985220906,0.0,0.027274561670275144,-0.5175385385488834,-0.858274232831687
19.100000000000186,8.204722911490844,0.7247350732875102,8.0,1.6999825503831045,1.3017992810755012,0.0,0.02522707974162911,-0.5167389501332884,-0.8499912751915523
19.110000000000188,8.221639627510072,0.7379323688349495,8.0,1.6833495227025823,1.337625094431494,0.0,0.02438216717627197,-0.5150177981588662,-0.8416747613512912
19.12000000000019,8.238389680425417,0.7514868710840736,8.0,1.666650039265255,1.3732396812788443,0.0,0.02353861804373455,-0.5140115622247073,-0.8333250196326275
19.13000000000019,8.25497240897346,0.7653964396218407,8.0,1.6498847593381443,1.408637417661411,0.0,0.022686774637160175,-0.5142758188999385,-0.8249423796690721
19.140000000000192,8.271387158496475,0.7796588779661384,8.0,1.63305434478579,1.4438127138662862,0.0,0.02183812042746964,-0.5121456897082433,-0.816527172392895
19.150000000000194,8.28763328096826,0.7942719339126154,8.0,1.6161594600441405,1.4787600153064338,0.0,0.02098551263508397,-0.5111478269034266,-0.8080797300220702
19.160000000000196,8.303710135019715,0.8092332998903387,8.0,1.5992007720943169,1.5134738033978345,0.0,0.0190857893890142,-0.5100041678027499,-0.7996003860471584
19.170000000000197,8.319617085964177,0.824540613326187,8.0,1.5821789504362762,1.5479485964309436,0.0,0.018428374318919093,-0.5077831021467533,-0.7910894752181381
19.1800000000002,8.33535350582245,0.8401914570179119,8.0,1.5650946670624017,1.582178950436277,0.0,0.017813276957712877,-0.5067975711699091,-0.7825473335312009
19.1900000000002,8.350918773347628,0.8561833595158683,8.0,1.5479485964309427,1.6161594600441367,0.0,0.016988143335926468,-0.5065817193749308,-0.7739742982154714
19.200000000000202,8.366312274049598,0.8725137955132682,8.0,1.5307414154394092,1.6498847593381405,0.0,0.01640673542485096,-0.5041634622044593,-0.7653707077197046
19.210000000000203,8.38153340021932,0.889180186244964,8.0,1.5134738033978385,1.6833495227025832,0.0,0.01580073098630688,-0.5028520443701153,-0.7567369016989193
19.220000000000205,8.396581550952781,0.9061798998946462,8.0,1.4961464420019968,1.7165484656633752,0.0,0.014121096810363378,-0.5011931181003166,-0.7480732210009984
19.230000000000206,8.411456132174767,0.9235102520104679,8.0,1.4787600153064377,1.7494763457225777,0.0,0.013713497535215797,-0.49881673424946243,-0.7393800076532189
19.240000000000208,8.426156556662274,0.9411685059289296,8.0,1.461315209697517,1.7821279631862172,0.0,0.01333535208873277,-0.49747609003443377,-0.7306576048487585
19.25000000000021,8.44068224406772,0.9591518732070372,8.0,1.44381271386629,1.814498161985387,0.0,0.012643584966792356,-0.49577651529922856,-0.721906356933145
19.26000000000021,8.45503262094184,0.9774575140626327,8.0,1.426253218781318,1.8465818304904589,0.0,0.012334266153995483,-0.4941598187167663,-0.713126609390659
19.270000000000213,8.46920712075632,0.9960825378228089,8.0,1.40863741766141,1.8783739023182313,0.0,0.011972068230669737,-0.4924942216572772,-0.704318708830705
19.280000000000214,8.483205183926177,1.0150240033804108,8.0,1.3909660059482263,1.9098693571320264,0.0,0.01145690709556953,-0.49056719528867654,-0.6954830029741131
19.290000000000216,8.497026257831854,1.0342789196584505,8.0,1.3732396812788432,1.9410632214344226,0.0,0.011101169385663565,-0.48870125316047613,-0.6866198406394216
19.300000000000217,8.510669796841015,1.0538442460824433,8.0,1.355459143458201,1.9719505693526445,0.0,0.010692591606426032,-0.48664416941616045,-0.6777295717291005
19.31000000000022,8.524135262330098,1.0737168930605276,8.0,1.3376250944314982,2.0025265234163805,0.0,0.010343486147065942,-0.4845568385793532,-0.6688125472157491
19.32000000000022,8.537422122705586,1.0938937224713796,8.0,1.319738238256448,2.032786255328045,0.0,0.01002610292355097,-0.4823906973622647,-0.659869119128224
19.330000000000222,8.550529853424976,1.1143715481597387,8.0,1.3017992810755052,2.0627249867251876,0.0,0.009766573717063114,-0.48018552460038594,-0.6508996405377526
19.340000000000224,8.563457937017512,1.1351471364395418,8.0,1.2838089310879832,2.09233798993506,0.0,0.009542468288508287,-0.47791379551193347,-0.6419044655439916
19.350000000000225,8.576205863104589,1.1562172066045668,8.0,1.2657678985220895,2.121620588721178,0.0,0.009381976056060079,-0.47562030749121775,-0.6328839492610447
19.360000000000227,8.588773128419906,1.1775784314464715,8.0,1.2476768956069093,2.1505681590217223,0.0,0.009263137944703717,-0.4732764903852433,-0.6238384478034547
19.37000000000023,8.60115923682935,1.1992274377802317,8.0,1.2295366365442553,2.1791761296797807,0.0,0.009204830848431404,-0.47091468226204053,-0.6147683182721276
19.38000000000023,8.613363699350572,1.221160806976784,8.0,1.2113478374804947,2.2074399831651514,0.0,0.00919199986244928,-0.46851666671909287,-0.6056739187402473
19.39000000000023,8.62538603417229,1.2433750755028794,8.0,1.1931112164782647,2.235355256287732,0.0,0.00923720650391542,-0.46610835742758383,-0.5965556082391323
19.400000000000233,8.637225766673307,1.2658667354679884,8.0,1.174827493488147,2.262917540902277,0.0,0.009327265739482088,-0.46367312022701485,-0.5874137467440735
19.410000000000235,8.648882429441256,1.288632235178278,8.0,1.1564973903202134,2.2901224846045407,0.0,0.009475184202202135,-0.461237320295369,-0.5782486951601067
19.420000000000236,8.660355562291054,1.311667979697437,8.0,1.1381216306155506,2.3169657914185438,0.0,0.009665184387211742,-0.4587808877632255,-0.5690608153077753
19.430000000000238,8.671644712283058,1.3349703314143675,8.0,1.1197009398176874,2.343443222474962,0.0,0.009912287984068081,-0.4563344890153135,-0.5598504699088437
19.44000000000024,8.682749433740963,1.3585356106176105,8.0,1.1012360451439502,2.3695505966805035,0.0,0.010198255016227094,-0.45387007980131777,-0.5506180225719751
19.45000000000024,8.69366928826937,1.3823600960763893,8.0,1.0827276755567738,2.39528379137812,0.0,0.010544214391202374,-0.45143106143953493,-0.5413638377783869
19.460000000000242,8.704403844771127,1.4064400256282745,8.0,1.0641765617348935,2.420638742998067,0.0,0.010918275292264646,-0.44896499537908885,-0.5320882808674468
19.470000000000244,8.714952679464322,1.430771596773246,8.0,1.045583436044518,2.44561144769956,0.0,0.011362282975534207,-0.44655381838918623,-0.522791718022259
19.480000000000246,8.725315375899026,1.455350967274167,8.0,1.0269490325104076,2.470197962003041,0.0,0.011810182273438576,-0.44407744152074186,-0.5134745162552038
19.490000000000247,8.735491524973721,1.4801742557634876,8.0,1.0082740867869175,2.4943944034128718,0.0,0.012358407884932433,-0.4417292137316838,-0.5041370433934588
19.50000000000025,8.745480724951474,1.5052375423562023,8.0,0.9895593361289228,2.5181969510304665,0.0,0.012630987692414374,-0.43875649547652334,-0.4947796680644614
19.51000000000025,8.755282581475768,1.5305368692688153,8.0,0.9708055193627347,2.541601846157628,0.0,0.013331628171812493,-0.43659446528425966,-0.48540275968136737
19.520000000000252,8.764896707586093,1.5560682414443276,8.0,0.9520133768569273,2.564605392890098,0.0,0.01408330742784817,-0.4345021182001027,-0.47600668842846366
19.530000000000253,8.774322723733215,1.5818276271831109,8.0,0.9331836504931046,2.5872039587011884,0.0,0.014814599891946813,-0.43231347973553197,-0.4665918252465523
19.540000000000255,8.783560257794154,1.6078109587795304,8.0,0.9143170836366319,2.6093939750153736,0.0,0.01520754596214825,-0.4293301509145209,-0.45715854181831594
19.550000000000257,8.79260894508688,1.634014133164326,8.0,0.8954144211072589,2.6311719377718497,0.0,0.01608899441431465,-0.4273938124016038,-0.44770721055362944
19.560000000000258,8.801468428384714,1.6604330125525055,8.0,0.8764764091497356,2.652534407977839,0.0,0.016986616519909757,-0.42548115077900245,-0.4382382045748678
19.57000000000026,8.81013835793043,1.6870634250967638,8.0,0.8575037954043417,2.673478012251659,0.0,0.017810515685956523,-0.4233638702909426,-0.42875189770217087
19.58000000000026,8.818618391450048,1.7139011655462353,8.0,0.8384973288773923,2.6939994433553993,0.0,0.01862447209638617,-0.4211974302122026,-0.41924866443869613
19.590000000000263,8.82690819416637,1.7409419959105978,8.0,0.8194577599116362,2.714095460717201,0.0,0.019492649644606175,-0.41914235329785576,-0.4097288799558181
19.600000000000264,8.835007438812175,1.7681816461292692,8.0,0.8003858401566553,2.7337628909429634,0.0,0.02011633361062867,-0.41644159980177975,-0.40019292007832763
19.610000000000266,8.842915805643155,1.7956158147457082,8.0,0.781282322539185,2.7529986283174606,0.0,0.021115211792390693,-0.41468569384520854,-0.3906411612695925
19.620000000000267,8.850632982450527,1.8232401695866631,8.0,0.7621479612333905,2.7717996352947742,0.0,0.02212672907638239,-0.41297027346486237,-0.38107398061669523
19.63000000000027,8.85815866457337,1.851050348446281,8.0,0.7429835116310873,2.7901629429779593,0.0,0.02280095084766969,-0.4103160732142609,-0.37149175581554367
19.64000000000027,8.865492554910633,1.8790419597749184,8.0,0.723789730311942,2.808085651587848,0.0,0.023869649452652852,-0.40875355532919566,-0.361894865155971
19.650000000000272,8.872634363932885,1.907210583372665,8.0,0.7045673750135705,2.8255649309209896,0.0,0.02491147020399809,-0.40714096499388247,-0.35228368750678524
19.660000000000274,8.879583809693738,1.9355517710873218,8.0,0.6853172046016406,2.8425980207965553,0.0,0.025642312146846372,-0.40460243003436036,-0.3426586023008203
19.670000000000275,8.886340617840968,1.9640610475167912,8.0,0.6660399790399294,2.859182231492191,0.0,0.026732253087174848,-0.4031625711717527,-0.3330199895199647
19.680000000000277,8.892904521627361,1.9927339107158433,8.0,0.646736459360289,2.875314944168782,0.0,0.027769650781224307,-0.4016037642321081,-0.3233682296801445
19.69000000000028,8.899275261921233,2.021565832906992,8.0,0.627407407632623,2.890993611283981,0.0,0.02854837770047518,-0.3992216722652363,-0.3137037038163115
19.70000000000028,8.90545258721667,2.0505522611954934,8.0,0.6080535869347974,2.9062157569944973,0.0,0.02962480406471839,-0.39786108524324587,-0.3040267934673987
19.71000000000028,8.911436253643442,2.0796886182882997,8.0,0.5886757613225141,2.920978977547062,0.0,0.030644097311512974,-0.39637261010154623,-0.29433788066125705
19.720000000000283,8.91722602497665,2.108970303216874,8.0,0.5692746957991427,2.9352809416580135,0.0,0.031435667776169164,-0.3941129259231654,-0.28463734789957135
19.730000000000285,8.922821672646027,2.1383926920637064,8.0,0.5498511562855409,2.949119390881417,0.0,0.03248401973989941,-0.3928595573242283,-0.27492557814277047
19.740000000000286,8.92822297574499,2.1679511386925308,8.0,0.5304059095897851,2.962492139965724,0.0,0.03331992377832302,-0.3908792832660216,-0.26520295479489253
19.750000000000288,8.93342972103934,2.19764097548198,8.0,0.5109397233769134,2.9753970771988354,0.0,0.0343238502180352,-0.3896474315944943,-0.2554698616884567
19.76000000000029,8.93844170297569,2.2274575140626336,8.0,0.4914533661386374,2.987832164741557,0.0,0.035273943130955374,-0.38832042698879204,-0.2457266830693187
19.77000000000029,8.94325872368957,2.257396046057413,8.0,0.4719476071629691,2.9997954389494157,0.0,0.03603277073114792,-0.3862724074085377,-0.23597380358148454
19.780000000000292,8.947880593013256,2.2874518438250577,8.0,0.4524232165038737,3.0112850106827334,0.0,0.03697864365760458,-0.3851740822920632,-0.22621160825193684
19.790000000000294,8.952307128483255,2.3176201612066833,8.0,0.4328809649508634,3.0222990656049404,0.0,0.03774514958251443,-0.3833777258535561,-0.2164404824754317
19.800000000000296,8.956538155347532,2.347896234275252,8.0,0.4133216239985678,3.0328358644690865,0.0,0.038622954770198205,-0.382248706569643,-0.2066608119992839
19.810000000000297,8.96057350657239,2.378275282087864,8.0,0.39374596581627114,3.0428937433924865,0.0,0.03950268498170968,-0.3813003826380538,-0.19687298290813557
19.8200000000003,8.964413022849069,2.4087525074406875,8.0,0.3741547632174507,3.0524711141194594,0.0,0.040174728546197774,-0.3793727879775892,-0.18707738160872536
19.8300000000003,8.968056552600043,2.439323097626544,8.0,0.35454878962923403,3.0615664642721447,0.0,0.04088515229097354,-0.37775123486345535,-0.17727439481461701
19.840000000000302,8.971503951984996,2.4699822251948675,8.0,0.33492881906188204,3.07017835758932,0.0,0.041738188351692254,-0.37712301709509427,-0.16746440953094102
19.850000000000303,8.974755084906501,2.5007250487139845,8.0,0.31529562607824896,3.0783054341531924,0.0,0.04241247702837897,-0.3755042795113454,-0.15764781303912448
19.860000000000305,8.9778098230154,2.531546713535689,8.0,0.2956499857631709,3.085946410604164,0.0,0.04321692833149393,-0.3748662073366439,-0.14782499288158546
19.870000000000307,8.980668045715863,2.562442352561808,8.0,0.27599267369288877,3.0931000803434747,0.0,0.04387314645772263,-0.3732797779380988,-0.13799633684644438
19.880000000000308,8.98332964017015,2.593407087012787,8.0,0.2563244659044245,3.099765313723746,0.0,0.04465044586941223,-0.3727039659259814,-0.12816223295221224
19.89000000000031,8.985794501303069,2.6244360271981018,8.0,0.23664613886494398,3.1059410582273608,0.0,0.04530780153724664,-0.37122318463682563,-0.11832306943247199
19.90000000000031,8.988062531806126,2.655524273288406,8.0,0.21695846944109867,3.1116263386326724,0.0,0.04606158762998498,-0.3706513071581806,-0.10847923472054934
19.910000000000313,8.990133642141359,2.686666916089239,8.0,0.19726223486837777,3.116820257167995,0.0,0.0467327895302978,-0.36933401926643455,-0.09863111743418888
19.920000000000314,8.992007750544875,2.717859037816293,8.0,0.1775582127203913,3.121521993653385,0.0,0.04742961433438504,-0.3682632593445389,-0.08877910636019565
19.930000000000316,8.993684783030087,2.7490957128719673,8.0,0.1578471808781894,3.1257308056301465,0.0,0.04818591240806479,-0.36793846259220847,-0.0789235904390947
19.940000000000317,8.995164673390622,2.7803720086231443,8.0,0.13812991749956974,3.129446028478077,0.0,0.048882733809422374,-0.36687190945123865,-0.06906495874978487
19.95000000000032,8.996447363202947,2.8116829861801684,8.0,0.11840720098832343,3.132667075520422,0.0,0.04958560260245256,-0.3658175737067168,-0.059203600494161714
19.96000000000032,8.997532801828658,2.843023701176715,8.0,0.09867980996352772,3.1353934381165134,0.0,0.050347366850709036,-0.36583991811472555,-0.04933990498176386
19.970000000000322,8.9984209464165,2.874389204550573,8.0,0.07894852322880157,3.1376246857420926,0.0,0.05105499949948449,-0.3648238970046912,-0.039474261614400784
19.980000000000324,8.999111761904045,2.9057745433251583,8.0,0.05921411974155985,3.1393604660572936,0.0,0.0517743223959726,-0.3639994799259098,-0.029607059870779925
19.990000000000325,8.999605221019081,2.937174761391658,8.0,0.03947737858225598,3.1406005049622836,0.0,0.052516623916311324,-0.36411013091356353,-0.01973868929112799
20.000000000000327,8.999901304280685,2.968584900291618,8.0,0.01973907892364735,3.1413446066405433,0.0,0.053232876523980496,-0.3632961427186133,-0.009869539461823675
20.01000000000033,9.0,2.9999999999999973,8.0,1.5389365549774318e-15,3.141592653589793,0.0,0.05395072378987553,-0.3626024352514851,-7.694682774887159e-16
20.02000000000033,8.999901304280685,3.031415099708386,8.0,-0.019739078923649855,3.1413446066405433,0.0,0.05466151629814532,-0.3628851659569259,0.009869539461824927
20.03000000000033,8.999605221019081,3.062825238608346,8.0,-0.03947737858225848,3.140600504962283,0.0,0.05536643335262471,-0.36223598166821463,0.01973868929112924
20.040000000000333,8.999111761904045,3.094225456674837,8.0,-0.05921411974155678,3.1393604660572936,0.0,0.05606202897170183,-0.3616902631086001,0.02960705987077839
20.050000000000335,8.9984209464165,3.1256107954494223,8.0,-0.07894852322879849,3.1376246857420926,0.0,0.05671657008369606,-0.36209334637043716,0.03947426161439924
20.060000000000336,8.997532801828658,3.15697629882328,8.0,-0.09867980996352466,3.135393438116514,0.0,0.057381437248249935,-0.36162483289157565,0.04933990498176233
20.070000000000338,8.996447363202947,3.1883170138198267,8.0,-0.11840720098832035,3.1326670755204225,0.0,0.05802971891370951,-0.361237897302867,0.05920360049416017
20.08000000000034,8.995164673390622,3.2196279913768597,8.0,-0.1381299174995722,3.129446028478077,0.0,0.058643667138843884,-0.3612063362292816,0.0690649587497861
20.09000000000034,8.993684783030087,3.250904287128037,8.0,-0.15784718087819194,3.125730805630146,0.0,0.05924605916032313,-0.3610524767191488,0.07892359043909597
20.100000000000342,8.992007750544875,3.282140962183702,8.0,-0.17755821272038821,3.1215219936533853,0.0,0.05975880669054248,-0.36177366523124327,0.08877910636019411
20.110000000000344,8.990133642141359,3.313333083910765,8.0,-0.19726223486838024,3.1168202571679946,0.0,0.06031794199905743,-0.36159466130672363,0.09863111743419012
20.120000000000346,8.988062531806126,3.3444757267115977,8.0,-0.21695846944110114,3.111626338632672,0.0,0.06085425936405019,-0.3614544632378123,0.10847923472055057
20.130000000000347,8.985794501303069,3.3755639728018934,8.0,-0.23664613886494093,3.1059410582273617,0.0,0.061345262840639375,-0.3615791802981023,0.11832306943247047
20.14000000000035,8.98332964017015,3.406592912987208,8.0,-0.2563244659044214,3.099765313723747,0.0,0.06181084314301382,-0.3617259114678463,0.1281622329522107
20.15000000000035,8.980668045715863,3.437557647438187,8.0,-0.2759926736928857,3.0931000803434756,0.0,0.06216073048822166,-0.3625861931681905,0.13799633684644286
20.160000000000352,8.9778098230154,3.4684532864643067,8.0,-0.29564998576316787,3.0859464106041647,0.0,0.06257899700450918,-0.362681300302466,0.14782499288158393
20.170000000000353,8.974755084906501,3.4992749512860106,8.0,-0.3152956260782459,3.0783054341531937,0.0,0.06297022671276621,-0.36280969729207946,0.15764781303912295
20.180000000000355,8.971503951984994,3.5300177748051365,8.0,-0.33492881906188454,3.070178357589319,0.0,0.0633185656644089,-0.3630841138978057,0.16746440953094227
20.190000000000357,8.968056552600043,3.560676902373451,8.0,-0.354548789629231,3.061566464272146,0.0,0.06360257467282246,-0.3636030072534855,0.1772743948146155
20.200000000000358,8.964413022849069,3.5912474925593165,8.0,-0.3741547632174532,3.0524711141194585,0.0,0.06389051293779059,-0.36393733113625637,0.1870773816087266
20.21000000000036,8.960573506572388,3.62172471791214,8.0,-0.3937459658162737,3.0428937433924856,0.0,0.0640009677368899,-0.36509218618429035,0.19687298290813685
20.22000000000036,8.956538155347534,3.652103765724743,8.0,-0.41332162399856476,3.032835864469088,0.0,0.06423147444720259,-0.3654259616358988,0.20666081199928238
20.230000000000363,8.952307128483255,3.682379838793312,8.0,-0.43288096495086037,3.022299065604942,0.0,0.06443348915725063,-0.36578253434570207,0.21644048247543018
20.240000000000364,8.947880593013256,3.7125481561749374,8.0,-0.45242321650387063,3.011285010682735,0.0,0.06458795645984902,-0.36626416406856116,0.22621160825193531
20.250000000000366,8.94325872368957,3.7426039539425826,8.0,-0.471947607162966,2.9997954389494175,0.0,0.0646780079576474,-0.3669220371313222,0.235973803581483
20.260000000000367,8.938441702975691,3.772542485937362,8.0,-0.49145336613863433,2.9878321647415587,0.0,0.06475214757302136,-0.36752668778850583,0.24572668306931716
20.27000000000037,8.93342972103934,3.8023590245180237,8.0,-0.510939723376916,2.9753970771988336,0.0,0.06474853149035341,-0.36833764223674265,0.255469861688458
20.28000000000037,8.92822297574499,3.832048861307465,8.0,-0.530405909589782,2.962492139965726,0.0,0.06475432152486717,-0.3689911475508447,0.265202954794891
20.290000000000372,8.922821672646027,3.861607307936297,8.0,-0.5498511562855435,2.9491193908814153,0.0,0.06467702940580933,-0.36985685436787363,0.27492557814277174
20.300000000000374,8.917226024976648,3.8910296967831295,8.0,-0.5692746957991451,2.9352809416580117,0.0,0.06460418286674123,-0.3705941917020682,0.28463734789957257
20.310000000000375,8.911436253643444,3.920311381711696,8.0,-0.5886757613225111,2.920978977547064,0.0,0.06445803876017853,-0.3714919900480254,0.29433788066125555
20.320000000000377,8.90545258721667,3.949447738804502,8.0,-0.6080535869347945,2.906215756994499,0.0,0.06430280414675954,-0.37231868022171827,0.30402679346739725
20.33000000000038,8.899275261921236,3.9784341670930035,8.0,-0.6274074076326202,2.890993611283984,0.0,0.06408488559467844,-0.37325554013274365,0.3137037038163101
20.34000000000038,8.892904521627361,4.007266089284152,8.0,-0.6467364593602859,2.875314944168785,0.0,0.06384769716187683,-0.3741587068045255,0.32336822968014295
20.35000000000038,8.886340617840968,4.035938952483204,8.0,-0.6660399790399264,2.8591822314921935,0.0,0.06355672993292723,-0.37513724690972083,0.3330199895199632
20.360000000000383,8.879583809693738,4.064448228912681,8.0,-0.685317204601643,2.842598020796553,0.0,0.06323903449338988,-0.3761054302510576,0.3426586023008215
20.370000000000385,8.872634363932885,4.092789416627331,8.0,-0.7045673750135675,2.825564930920992,0.0,0.06287304415977368,-0.37712692703301554,0.35228368750678374
20.380000000000386,8.865492554910631,4.120958040225085,8.0,-0.7237897303119445,2.8080856515878456,0.0,0.062477420789777444,-0.37815087806099307,0.36189486515597225
20.390000000000388,8.858158664573368,4.148949651553723,8.0,-0.7429835116310898,2.790162942977957,0.0,0.062035124022464395,-0.37921476641170443,0.3714917558155449
20.40000000000039,8.850632982450529,4.176759830413332,8.0,-0.7621479612333873,2.7717996352947774,0.0,0.061562919028315136,-0.3802888427692361,0.3810739806166937
20.41000000000039,8.842915805643155,4.204384185254288,8.0,-0.781282322539182,2.7529986283174637,0.0,0.061043086675647236,-0.3813923020074721,0.390641161269591
20.420000000000393,8.835007438812177,4.231818353870727,8.0,-0.8003858401566523,2.7337628909429665,0.0,0.06050202186564569,-0.3825154692163961,0.40019292007832613
20.430000000000394,8.826908194166371,4.259058004089399,8.0,-0.8194577599116333,2.7140954607172043,0.0,0.059857358905986056,-0.38363394048037375,0.40972887995581664
20.440000000000396,8.81861839145005,4.28609883445376,8.0,-0.8384973288773893,2.6939994433554024,0.0,0.059340956786225266,-0.3848489064533326,0.41924866443869463
20.450000000000397,8.810138357930429,4.312936574903239,8.0,-0.857503795404344,2.6734780122516564,0.0,0.05819894212490206,-0.38578442257407186,0.428751897702172
20.4600000000004,8.801468428384716,4.3395669874474905,8.0,-0.8764764091497326,2.652534407977842,0.0,0.057784434010129136,-0.3871340872176217,0.4382382045748663
20.4700000000004,8.792608945086878,4.365985866835677,8.0,-0.8954144211072613,2.631171937771847,0.0,0.057365567784774675,-0.388517300262574,0.44770721055363066
20.480000000000402,8.783560257794152,4.3921890412204725,8.0,-0.9143170836366343,2.609393975015371,0.0,0.056118463473102856,-0.38949339872482525,0.45715854181831717
20.490000000000403,8.774322723733214,4.418172372816892,8.0,-0.933183650493107,2.5872039587011857,0.0,0.055715662856406806,-0.39097509347126613,0.4665918252465535
20.500000000000405,8.764896707586093,4.443931758555669,8.0,-0.9520133768569246,2.5646053928901016,0.0,0.05461498986674387,-0.3920863103024936,0.4760066884284623
20.510000000000407,8.755282581475768,4.469463130731181,8.0,-0.9708055193627317,2.5416018461576315,0.0,0.05414565539182008,-0.39360565248671137,0.48540275968136587
20.520000000000408,8.745480724951474,4.494762457643794,8.0,-0.9895593361289199,2.51819695103047,0.0,0.05304124520252194,-0.3950368495365966,0.49477966806445994
20.53000000000041,8.735491524973725,4.519825744236508,8.0,-1.0082740867869147,2.4943944034128758,0.0,0.05224252804331064,-0.3969249316861334,0.5041370433934573
20.54000000000041,8.725315375899024,4.544649032725836,8.0,-1.02694903251041,2.4701979620030383,0.0,0.051034960067470075,-0.3979009232971401,0.513474516255205
20.550000000000413,8.714952679464322,4.5692284032267505,8.0,-1.0455834360445149,2.445611447699564,0.0,0.04992624004586277,-0.39926800199591655,0.5227917180222574
20.560000000000414,8.704403844771125,4.593559974371729,8.0,-1.064176561734896,2.420638742998064,0.0,0.04919790893299985,-0.4011755712448509,0.532088280867448
20.570000000000416,8.69366928826937,4.617639903923614,8.0,-1.0827276755567763,2.395283791378117,0.0,0.048038934302781076,-0.4020667326419316,0.5413638377783881
20.580000000000418,8.682749433740963,4.641464389382392,8.0,-1.1012360451439525,2.3695505966805004,0.0,0.04689644756774998,-0.40345629121136284,0.5506180225719762
20.59000000000042,8.67164471228306,4.665029668585628,8.0,-1.1197009398176845,2.343443222474966,0.0,0.04659359717225213,-0.40459873090855897,0.5598504699088422
20.60000000000042,8.660355562291056,4.688332020302559,8.0,-1.1381216306155477,2.3169657914185477,0.0,0.04533053840307914,-0.4056259617060559,0.5690608153077739
20.610000000000422,8.648882429441258,4.711367764821718,8.0,-1.1564973903202105,2.290122484604545,0.0,0.04406968235035835,-0.40713328504491025,0.5782486951601052
20.620000000000424,8.637225766673309,4.734133264532008,8.0,-1.1748274934881442,2.262917540902281,0.0,0.04306172086879461,-0.40936993234507824,0.5874137467440721
20.630000000000425,8.62538603417229,4.756624924497124,8.0,-1.1931112164782671,2.2353552562877286,0.0,0.04174706488605167,-0.4102610069976168,0.5965556082391336
20.640000000000427,8.613363699350575,4.778839193023213,8.0,-1.2113478374804918,2.207439983165156,0.0,0.04044011205675777,-0.4116090086932897,0.6056739187402459
20.65000000000043,8.60115923682935,4.8007725622197714,8.0,-1.2295366365442577,2.179176129679777,0.0,0.03990872443704898,-0.4129365381417491,0.6147683182721289
20.66000000000043,8.588773128419904,4.822421568553532,8.0,-1.2476768956069115,2.1505681590217187,0.0,0.038380700285009485,-0.41375268642738233,0.6238384478034558
20.67000000000043,8.576205863104587,4.843782793395436,8.0,-1.265767898522092,2.121620588721174,0.0,0.03694006809901868,-0.41519134117289247,0.632883949261046
20.680000000000433,8.563457937017514,4.864852863560455,8.0,-1.2838089310879803,2.0923379899350643,0.0,0.034988454322536486,-0.41737079683034756,0.6419044655439902
20.690000000000435,8.55052985342498,4.885628451840258,8.0,-1.3017992810755026,2.062724986725192,0.0,0.033667505346629066,-0.41771369290012583,0.6508996405377513
20.700000000000436,8.537422122705586,4.906106277528616,8.0,-1.3197382382564453,2.0327862553280496,0.0,0.03223663750712473,-0.4191544817257771,0.6598691191282227
20.710000000000438,8.5241352623301,4.9262831069394695,8.0,-1.3376250944314954,2.0025265234163854,0.0,0.030823955650169883,-0.4200092998109514,0.6688125472157477
20.72000000000044,8.510669796841015,4.946155753917559,8.0,-1.3554591434582035,1.9719505693526405,0.0,0.029485022056565276,-0.42209265232591753,0.6777295717291018
20.73000000000044,8.497026257831855,4.965721080341547,8.0,-1.3732396812788406,1.9410632214344274,0.0,0.027983648254360803,-0.4234156797265317,0.6866198406394203
20.740000000000443,8.483205183926177,4.984975996619592,8.0,-1.3909660059482285,1.9098693571320222,0.0,0.026416467402834005,-0.4239514968858369,0.6954830029741143
20.750000000000444,8.469207120756316,5.003917462177194,8.0,-1.4086374176614123,1.878373902318227,0.0,0.024184097121400325,-0.42497482970923833,0.7043187088307061
20.760000000000446,8.45503262094184,5.02254248593737,8.0,-1.4262532187813202,1.8465818304904547,0.0,0.02269560394277035,-0.4262490329772134,0.7131266093906601
20.770000000000447,8.440682244067723,5.04084812679296,8.0,-1.4438127138662873,1.8144981619853924,0.0,0.021195286129449157,-0.4268005564634048,0.7219063569331436
20.78000000000045,8.426156556662278,5.058831494071068,8.0,-1.4613152096975142,1.7821279631862224,0.0,0.019741564341868967,-0.42858227882959493,0.7306576048487571
20.79000000000045,8.411456132174768,5.0764897479895295,8.0,-1.4787600153064349,1.7494763457225826,0.0,0.01818382139515604,-0.4297161015817753,0.7393800076532174
20.800000000000452,8.396581550952785,5.093820100105351,8.0,-1.4961464420019939,1.7165484656633803,0.0,0.01656404587057384,-0.4300691122716189,0.7480732210009969
20.810000000000453,8.381533400219318,5.110819813755038,8.0,-1.5134738033978405,1.6833495227025792,0.0,0.014155112473041258,-0.4312812082549772,0.7567369016989203
20.820000000000455,8.366312274049601,5.127486204486729,8.0,-1.5307414154394066,1.6498847593381458,0.0,0.012616269548526588,-0.4318431688497723,0.7653707077197033
20.830000000000457,8.350918773347626,5.143816640484134,8.0,-1.547948596430945,1.6161594600441325,0.0,0.011052072993165178,-0.4322287948491037,0.7739742982154725
20.840000000000458,8.335353505822448,5.15980854298209,8.0,-1.5650946670624037,1.582178950436273,0.0,0.009389845444765623,-0.4327613115925482,0.7825473335312019
20.85000000000046,8.319617085964175,5.175459386673815,8.0,-1.5821789504362787,1.5479485964309394,0.0,0.0077239929492128835,-0.43339037918247036,0.7910894752181393
20.86000000000046,8.303710135019719,5.190766700109659,8.0,-1.5992007720943142,1.5134738033978399,0.0,0.005813860183735791,-0.4342523708070644,0.7996003860471571
20.870000000000463,8.287633280968262,5.205728066087382,8.0,-1.6161594600441378,1.4787600153064393,0.0,0.004105804928666297,-0.43488946270440876,0.8080797300220689
20.880000000000464,8.271387158496477,5.22034112203386,8.0,-1.6330543447857873,1.4438127138662915,0.0,0.002327144018763827,-0.4356015752458331,0.8165271723928936
20.890000000000466,8.254972408973462,5.234603560378157,8.0,-1.6498847593381416,1.4086374176614165,0.0,0.00044390689959330234,-0.4363896634511995,0.8249423796690708
20.900000000000468,8.23838968042542,5.248513128915924,8.0,-1.6666500392652523,1.3732396812788497,0.0,-0.00132170596223627,-0.43702030551071736,0.8333250196326262
20.91000000000047,8.221639627510076,5.262067631165048,8.0,-1.6833495227025794,1.3376250944314998,0.0,-0.0032579965164299678,-0.43778251887678576,0.8416747613512897
20.92000000000047,8.204722911490842,5.275264926712492,8.0,-1.6999825503831067,1.3017992810754968,0.0,-0.005033714240958859,-0.4383372865604704,0.8499912751915534
20.930000000000472,8.187640200210705,5.288102931552295,8.0,-1.716548465663376,1.2657678985220862,0.0,-0.0070391025695991675,-0.43905327319292653,0.858274232831688
20.940000000000474,8.170392168065854,5.300579618414677,8.0,-1.733046614549423,1.2295366365442517,0.0,-0.008836808703535594,-0.43950966101083383,0.8665233072747115
20.950000000000475,8.152979495979062,5.312693017086145,8.0,-1.7494763457225786,1.1931112164782662,0.0,-0.010763704895092976,-0.44001668896178625,0.8747381728612893
20.960000000000477,8.135402871372811,5.324441214720627,8.0,-1.7658370105651886,1.156497390320215,0.0,-0.012732428914768602,-0.4404909478238221,0.8829185052825943
20.97000000000048,8.11766298814214,5.335822356141529,8.0,-1.7821279631862184,1.1197009398176891,0.0,-0.014629266547196384,-0.4408204338936005,0.8910639815931092
20.98000000000048,8.099760546627264,5.346834644134683,8.0,-1.7983485604467537,1.082727675556781,0.0,-0.01716807269949833,-0.4416340587368945,0.8991742802233769
20.99000000000048,8.081696253585925,5.357476339732159,8.0,-1.8144981619853886,1.0455834360445249,0.0,-0.018982100039279942,-0.4417076043691226,0.9072490809926943
21.000000000000483,8.06347082216547,5.3677457624868605,8.0,-1.8305761302435108,1.008274086786919,0.0,-0.020827587416487606,-0.44170934757466057,0.9152880651217554
21.010000000000485,8.045084971874733,5.377641290737886,8.0,-1.8465818304904598,0.9708055193627256,0.0,-0.02284923155808576,-0.4417846309594061,0.9232909152452299
21.020000000000486,8.026539428555608,5.3871613618666085,8.0,-1.862514630848591,0.9331836504931009,0.0,-0.025323752334467663,-0.44214553938196743,0.9312573154242955
21.030000000000488,8.00783492435438,5.396304472543441,8.0,-1.8783739023182322,0.8954144211072552,0.0,-0.0273142494192952,-0.44200051018159214,0.9391869511591161
21.04000000000049,7.9889721976928545,5.405069178965215,8.0,-1.8941590188025013,0.8575037954043433,0.0,-0.029311395133844797,-0.4417646094762039,0.9470795094012506
21.05000000000049,7.969951993239178,5.413454097083184,8.0,-1.9098693571320275,0.8194577599116378,0.0,-0.031510852399135064,-0.44160935979030413,0.9549346785660138
21.060000000000493,7.9507750618784545,5.421457902821577,8.0,-1.9255042970895544,0.7812823225391866,0.0,-0.034175616886888124,-0.44172515753505665,0.9627521485447772
21.070000000000494,7.931442160683098,5.429079332286683,8.0,-1.941063221434424,0.7429835116310944,0.0,-0.0362357321357109,-0.44126442145470446,0.970531610717212
21.080000000000496,7.911954052882946,5.436317181966441,8.0,-1.9565455159269434,0.7045673750135776,0.0,-0.03835444448830964,-0.44075507726579705,0.9782727579634717
21.090000000000497,7.892311507835117,5.443170308920483,8.0,-1.9719505693526411,0.6660399790399312,0.0,-0.04070424014448326,-0.44034255948804935,0.9859752846763206
21.1000000000005,7.8725153009936655,5.449637630960618,8.0,-1.9872777735463807,0.6274074076326138,0.0,-0.04350800963948952,-0.4401742214705754,0.9936388867731903
21.1100000000005,7.852566213878943,5.455718126821722,8.0,-2.0025265234163814,0.5886757613225049,0.0,-0.04566398320160814,-0.43943070343839913,1.0012632617081907
21.120000000000502,7.832465034046748,5.461410836323013,8.0,-2.017696216968112,0.5498511562855372,0.0,-0.04790943372691476,-0.43866496452393977,1.008848108484056
21.130000000000503,7.812212555057239,5.46671486051967,8.0,-2.032786255328046,0.5109397233769152,0.0,-0.050442106351282726,-0.4380309572512751,1.016393127664023
21.140000000000505,7.79180957644361,5.471629361844785,8.0,-2.0477960427673074,0.4719476071629708,0.0,-0.0533610981856788,-0.43757824056749256,1.0238980213836537
21.150000000000507,7.771256903680521,5.476153564241628,8.0,-2.062724986725189,0.4328809649508652,0.0,-0.055582096561936446,-0.43654970310564056,1.0313624933625944
21.160000000000508,7.750555348152301,5.480286753286194,8.0,-2.077572497832545,0.39374596581627846,0.0,-0.05794188620944629,-0.43553664889516164,1.0387862489162725
21.17000000000051,7.7297057271209155,5.48402827630002,8.0,-2.0923379899350607,0.3545487896292413,0.0,-0.06044197013660498,-0.43455224163376455,1.0461689949675304
21.18000000000051,7.708708863693696,5.487377542453251,8.0,-2.1070208801163943,0.3152956260782507,0.0,-0.06359494053696181,-0.43391659575066555,1.0535104400581972
21.190000000000513,7.687565586790865,5.490334022857931,8.0,-2.1216205887211785,0.27599267369287944,0.0,-0.06588085739571962,-0.43262846105488495,1.0608102943605893
21.200000000000514,7.666276731112797,5.492897250651535,8.0,-2.1361365393779126,0.23664613886493457,0.0,-0.06834826915927968,-0.4313781013763289,1.0680682696889563
21.210000000000516,7.644843137107055,5.4950668210706795,8.0,-2.1505681590217236,0.19726223486837394,0.0,-0.07136175225725706,-0.4304057007076682,1.0752840795108618
21.220000000000518,7.623265650935233,5.4968423915150435,8.0,-2.1649148779169787,0.15784718087819113,0.0,-0.07405444524098859,-0.4291489062579872,1.0824574389584893
21.23000000000052,7.601545124439536,5.498223681601473,8.0,-2.1791761296797816,0.11840720098832515,0.0,-0.07635935995812192,-0.4275752975916375,1.0895880648398908
21.24000000000052,7.579682415109158,5.49921047320825,8.0,-2.193351351300332,0.07894852322880329,0.0,-0.07951754877037236,-0.4264489453424406,1.096675675650166
21.250000000000522,7.55767838604643,5.499802610509541,8.0,-2.2074399831651523,0.03947737858226329,0.0,-0.08195713445527637,-0.4248205321615013,1.1037199915825762
21.260000000000524,7.535533905932743,5.5,8.0,-2.22144146907918,8.850829776140853e-15,0.0,-0.08435704158364614,-0.42309453087641774,1.11072073453959
21.270000000000525,7.513249848994246,5.499802610509541,8.0,-2.235355256287729,-0.03947737858225674,-0.0,-0.08767429195294628,-0.42183356535888533,1.1176776281438645
21.280000000000527,7.490827094967359,5.49921047320825,8.0,-2.2491807954983014,-0.07894852322880792,-0.0,-0.09004430622464114,-0.4199565596640908,1.1245903977491507
21.29000000000053,7.468266529064021,5.498223681601473,8.0,-2.262917540902278,-0.11840720098832977,-0.0,-0.0931648093224649,-0.41841835928938753,1.131458770451139
21.30000000000053,7.44556904193674,5.4968423915150435,8.0,-2.276564950196475,-0.15784718087819577,-0.0,-0.09554551111953996,-0.4164060419198974,1.1382824750982374
21.31000000000053,7.422735529643442,5.4950668210706795,8.0,-2.290122484604542,-0.19726223486837852,-0.0,-0.09848133607946928,-0.4146195540177682,1.145061242302271
21.320000000000533,7.399766893612097,5.492897250651534,8.0,-2.303589608898234,-0.23664613886493918,-0.0,-0.10101116441399312,-0.4125510328210877,1.151794804449117
21.330000000000535,7.3766640406051245,5.490334022857931,8.0,-2.3169657914185446,-0.27599267369288405,-0.0,-0.10392407754947056,-0.41061116927995983,1.1584828957092723
21.340000000000536,7.353427882683604,5.487377542453251,8.0,-2.330250504096691,-0.3152956260782442,-0.0,-0.10642279502333926,-0.40839077677072977,1.1651252520483455
21.350000000000538,7.330059337171264,5.484028276300021,8.0,-2.343443222474963,-0.35454878962922376,-0.0,-0.10959124366299826,-0.406439251694477,1.1717216112374815
21.36000000000054,7.30655932661826,5.480286753286195,8.0,-2.356543425727433,-0.3937459658162719,-0.0,-0.11184834846266045,-0.4039633583211383,1.1782717128637166
21.37000000000054,7.282928778764777,5.476153564241628,8.0,-2.369550596680505,-0.43288096495086975,-0.0,-0.11505096065181356,-0.4018814885736333,1.1847752983402524
21.380000000000543,7.25916862650439,5.471629361844784,8.0,-2.382464221833336,-0.47194760716297535,-0.0,-0.1172601515117294,-0.39925244178955166,1.191232110916668
21.390000000000544,7.23527980784722,5.466714860519669,8.0,-2.395283791378121,-0.5109397233769197,-0.0,-0.12043146044254957,-0.3970087255171014,1.1976418956890604
21.400000000000546,7.211263265882921,5.461410836323013,8.0,-2.4080087992202053,-0.5498511562855417,-0.0,-0.122626029607165,-0.3942405715683424,1.2040043996101026
21.410000000000547,7.187119948743449,5.455718126821722,8.0,-2.420638742998068,-0.5886757613225094,-0.0,-0.12577004890949067,-0.3918366065806807,1.210319371499034
21.42000000000055,7.162850809565624,5.449637630960618,8.0,-2.4331731241031544,-0.6274074076326184,-0.0,-0.1279487455469717,-0.38892802891431444,1.2165865620515772
21.43000000000055,7.138456806453506,5.443170308920484,8.0,-2.445611447699561,-0.6660399790399248,-0.0,-0.13106670332981726,-0.3863647821425009,1.2228057238497805
21.440000000000552,7.113938902440568,5.436317181966444,8.0,-2.45795322274357,-0.7045673750135604,-0.0,-0.1332278158531145,-0.383314419791115,1.228976611371785
21.450000000000554,7.089298065451679,5.429079332286687,8.0,-2.470197962003035,-0.7429835116310772,-0.0,-0.13631779509872033,-0.38059166818662615,1.2350989810015176
21.460000000000555,7.064535268264876,5.421457902821576,8.0,-2.4823451820766236,-0.781282322539191,-0.0,-0.13845885340948538,-0.37739866307278247,1.2411725910383118
21.470000000000557,7.039651488473023,5.413454097083184,8.0,-2.4943944034128727,-0.8194577599116423,-0.0,-0.1415175926569981,-0.37451511942528587,1.2471972017064363
21.480000000000558,7.014647708445121,5.405069178965213,8.0,-2.5063451503291625,-0.8575037954043478,-0.0,-0.14363805281933356,-0.3711793051995497,1.2531725751645812
21.49000000000056,6.989524915287594,5.39630447254344,8.0,-2.5181969510304674,-0.8954144211072596,-0.0,-0.14665788946893196,-0.3681324261394861,1.2590984755152337
21.50000000000056,6.964284100805297,5.387161361866608,8.0,-2.5299493376279893,-0.9331836504931053,-0.0,-0.1487605199117177,-0.3646539928490742,1.2649746688139947
21.510000000000563,6.938926261462368,5.377641290737884,8.0,-2.541601846157629,-0.9708055193627301,-0.0,-0.1517312097598536,-0.36144003552283255,1.2708009230788144
21.520000000000564,6.9134523983428835,5.367745762486862,8.0,-2.5531540165983015,-1.0082740867869129,-0.0,-0.15381938587578453,-0.357819609632175,1.2765770082991508
21.530000000000566,6.887863517111343,5.357476339732163,8.0,-2.564605392890099,-1.0455834360445082,-0.0,-0.15672828667095912,-0.3544335329432741,1.2823026964450495
21.540000000000568,6.862160627972961,5.346834644134688,8.0,-2.575955522952293,-1.0827276755567643,-0.0,-0.1588149757541039,-0.3506751296903498,1.2879777614761465
21.55000000000057,6.8363447456337765,5.335822356141527,8.0,-2.5872039587011892,-1.1197009398176934,-0.0,-0.16163576866944712,-0.3471088595705798,1.2936019793505946
21.56000000000057,6.810416889260648,5.324441214720626,8.0,-2.5983502560677922,-1.1564973903202194,-0.0,-0.16382158416296624,-0.3432463193391377,1.2991751280338961
21.570000000000572,6.784378082440937,5.3126930170861435,8.0,-2.6093939750153745,-1.1931112164782707,-0.0,-0.16644145378611497,-0.33946121399558254,1.3046969875076873
21.580000000000574,6.75822935314215,5.300579618414675,8.0,-2.620334679556821,-1.229536636544256,-0.0,-0.16899385122508384,-0.33558080536721313,1.3101673397784106
21.590000000000575,6.731971733671346,5.288102931552294,8.0,-2.63117193777185,-1.2657678985220904,-0.0,-0.17085546329259263,-0.3313960195838789,1.315585968885925
21.600000000000577,6.705606260634381,5.27526492671249,8.0,-2.6419053218240642,-1.301799281075501,-0.0,-0.17273907287139223,-0.32715856161206003,1.3209526609120321
21.61000000000058,6.679133974894986,5.262067631165051,8.0,-2.6525344079778392,-1.3376250944314938,-0.0,-0.17554053725684737,-0.32315676852823405,1.3262672039889196
21.62000000000058,6.652555921533676,5.24851312891593,8.0,-2.6630587766150535,-1.373239681278834,-0.0,-0.17817967604105264,-0.31902990705035494,1.3315293883075268
21.63000000000058,6.625873149806486,5.234603560378163,8.0,-2.673478012251654,-1.4086374176614007,-0.0,-0.17973926158743786,-0.31449862352262103,1.336739006125827
21.640000000000583,6.599086713103541,5.220341122033858,8.0,-2.683791703554064,-1.4438127138662957,-0.0,-0.18232341469756258,-0.31022319129199,1.341895851777032
21.650000000000585,6.572197668907528,5.205728066087381,8.0,-2.6939994433554,-1.4787600153064433,-0.0,-0.18470890915203236,-0.30583072926057514,1.3469997216777
21.660000000000586,6.5452070787518535,5.190766700109657,8.0,-2.7041008286715775,-1.513473803397844,-0.0,-0.18620507328283895,-0.3011180465233329,1.3520504143357888
21.670000000000588,6.5181160081788025,5.175459386673813,8.0,-2.714095460717202,-1.5479485964309434,-0.0,-0.1886359864875066,-0.29662497192983855,1.357047730358601
21.68000000000059,6.490925526697454,5.159808542982089,8.0,-2.7239829449213127,-1.5821789504362769,-0.0,-0.1909524790587402,-0.2920521066082111,1.3619914724606563
21.69000000000059,6.463636707741459,5.143816640484132,8.0,-2.733762890942964,-1.6161594600441362,-0.0,-0.19228494103727334,-0.28716278213628416,1.366881445471482
21.700000000000593,6.436250628626665,5.127486204486732,8.0,-2.7434349126866326,-1.64988475933814,-0.0,-0.1946276794836365,-0.2825085599083908,1.3717174563433163
21.710000000000594,6.408768370508582,5.110819813755041,8.0,-2.7529986283174614,-1.6833495227025734,-0.0,-0.1968308695221087,-0.2777827941080664,1.3764993141587307
21.720000000000596,6.3811910183397025,5.093820100105359,8.0,-2.7624536602763325,-1.7165484656633654,-0.0,-0.19805164591429933,-0.27277084761894393,1.3812268301381663
21.730000000000597,6.353519660826656,5.076489747989527,8.0,-2.77179963529478,-1.7494763457225864,-0.0,-0.20028206993022887,-0.26798692190237,1.38589981764739
21.7400000000006,6.325755390387287,5.0588314940710655,8.0,-2.7810361844097016,-1.7821279631862263,-0.0,-0.2023833670339606,-0.2631470822119069,1.3905180922048508
21.7500000000006,6.297899303107436,5.040848126792957,8.0,-2.7901629429779597,-1.8144981619853962,-0.0,-0.2034792668065397,-0.25804335503083004,1.3950814714889799
21.760000000000602,6.269952498697732,5.022542485937367,8.0,-2.799179550690753,-1.8465818304904584,-0.0,-0.20560182445145248,-0.25316278367461026,1.3995897753453765
21.770000000000604,6.241916080450162,5.003917462177192,8.0,-2.8080856515878487,-1.8783739023182309,-0.0,-0.2075954871616373,-0.24823682155136784,1.4040428257939244
21.780000000000605,6.213791155194509,4.984975996619589,8.0,-2.8168808940716317,-1.9098693571320262,-0.0,-0.20857090955924046,-0.24306927261521322,1.4084404470358158
21.790000000000607,6.185578833254668,4.96572108034155,8.0,-2.8255649309209896,-1.9410632214344226,-0.0,-0.2105830688076695,-0.23811584775180786,1.4127824654604948
21.80000000000061,6.157280228404801,4.946155753917562,8.0,-2.834137419305017,-1.9719505693526354,-0.0,-0.212466909950406,-0.23312512876703093,1.4170687096525085
21.81000000000061,6.128896457825371,4.926283106939478,8.0,-2.842598020796551,-2.0025265234163716,-0.0,-0.21332345071734857,-0.22791358017825336,1.4212990103982754
21.82000000000061,6.100428642059024,4.906106277528615,8.0,-2.850946401385536,-2.032786255328053,-0.0,-0.2152234504181706,-0.22290445020440106,1.425473200692768
21.830000000000613,6.071877904966415,4.8856284518402555,8.0,-2.8591822314921918,-2.0627249867251956,-0.0,-0.2169961900965407,-0.21786426448349447,1.4295911157460959
21.840000000000614,6.043245373681742,4.864852863560452,8.0,-2.867305185980052,-2.092337989935068,-0.0,-0.21773364080491495,-0.21262229905275348,1.433652592990026
21.850000000000616,6.014532178568311,4.843782793395434,8.0,-2.875314944168783,-2.1216205887211776,-0.0,-0.21952074120016615,-0.20756980011924897,1.4376574720843915
21.860000000000618,5.9857394531739025,4.822421568553529,8.0,-2.8832111898468455,-2.1505681590217223,-0.0,-0.2211808722584248,-0.20249112577717734,1.4416055949234228
21.87000000000062,5.956868334186014,4.800772562219768,8.0,-2.8909936112839816,-2.1791761296797802,-0.0,-0.22179862130869207,-0.19722848329972667,1.4454968056419908
21.88000000000062,5.927919961386986,4.778839193023217,8.0,-2.898661901243518,-2.207439983165151,-0.0,-0.2234706259891109,-0.1921417888988385,1.449330950621759
21.890000000000622,5.898895477609011,4.756624924497127,8.0,-2.9062157569944977,-2.235355256287724,-0.0,-0.22501598531302128,-0.18703347679017138,1.4531078784972489
21.900000000000624,5.869796028689009,4.7341332645320175,8.0,-2.9136548803236293,-2.262917540902269,-0.0,-0.22551248794467232,-0.18175805966615083,1.4568274401618146
21.910000000000625,5.840622763423383,4.711367764821716,8.0,-2.9209789775470663,-2.2901224846045483,-0.0,-0.22706558354536785,-0.17664533677933122,1.4604894887735331
21.920000000000627,5.811376833522723,4.688332020302557,8.0,-2.928187759521983,-2.316965791418551,-0.0,-0.2284931422161586,-0.17151604699843936,1.4640938797609915
21.93000000000063,5.78205939356625,4.665029668585626,8.0,-2.935280941658014,-2.3434432224749697,-0.0,-0.22886614131216382,-0.1662351244057628,1.467640470829007
21.94000000000063,5.752671600956293,4.6414643893823895,8.0,-2.942258243928474,-2.3695505966805035,-0.0,-0.23029484791213617,-0.1611057360769005,1.471129121964237
21.95000000000063,5.723214615872585,4.61763990392361,8.0,-2.9491193908814175,-2.3952837913781195,-0.0,-0.23160149646665437,-0.15596498146774423,1.4745596954407088
21.960000000000633,5.693689601226458,4.5935599743717255,8.0,-2.9558641116505098,-2.420638742998067,-0.0,-0.23184525533791164,-0.15068305095911605,1.4779320558252549
21.970000000000635,5.664097722614937,4.569228403226754,8.0,-2.9624921399657245,-2.4456114476995596,-0.0,-0.2331523009316844,-0.14555706613446212,1.4812460699828622
21.980000000000636,5.634440148274718,4.54464903272584,8.0,-2.9690032141638523,-2.470197962003034,-0.0,-0.23432202423779538,-0.14040178126779862,1.4845016070819261
21.990000000000638,5.604718049036054,4.5198257442365195,8.0,-2.9753970771988323,-2.494394403412865,-0.0,-0.23427361428600593,-0.13504309452479835,1.4876985385994161
22.00000000000064,5.574932598276517,4.494762457643791,8.0,-2.9816734766519044,-2.5181969510304727,-0.0,-0.23552706987801245,-0.13001716455648887,1.4908367383259522
22.01000000000064,5.545084971874731,4.469463130731178,8.0,-2.987832164741557,-2.5416018461576346,-0.0,-0.23666287535303634,-0.12487112765518243,1.4939160823707784
22.020000000000643,5.515176348163866,4.4439317585556655,8.0,-2.993872898333334,-2.5646053928901043,-0.0,-0.23734877956967665,-0.11966394005488942,1.496936449166667
22.030000000000644,5.485207907885172,4.41817237281689,8.0,-2.999795438949416,-2.5872039587011884,-0.0,-0.23732609718042372,-0.11450858724701761,1.499897719474708
22.040000000000646,5.455180834141359,4.39218904122047,8.0,-3.0055995527780413,-2.6093939750153736,-0.0,-0.2384250334120827,-0.10949251552642775,1.5027997763890206
22.050000000000647,5.425096312349883,4.365985866835674,8.0,-3.0112850106827334,-2.631171937771849,-0.0,-0.2390505256922418,-0.10441580361278702,1.5056425053413667
22.06000000000065,5.39495553019615,4.339566987447495,8.0,-3.0168515882113494,-2.6525344079778383,-0.0,-0.23889734018664466,-0.09915971738027214,1.5084257941056747
22.07000000000065,5.3647596775866315,4.312936574903244,8.0,-3.022299065604941,-2.6734780122516533,-0.0,-0.23984475750435158,-0.0940973378642961,1.5111495328024704
22.080000000000652,5.3345099466018855,4.286098834453773,8.0,-3.0276272278064265,-2.6939994433553935,-0.0,-0.240325474074137,-0.09001366869834095,1.5138136139032132
22.090000000000654,5.304207531449476,4.259058004089395,8.0,-3.0328358644690896,-2.714095460717207,-0.0,-0.24003845088509282,-0.08459498566873569,1.5164179322345448
22.100000000000655,5.273853628416905,4.2318183538707235,8.0,-3.0379247699648673,-2.7337628909429688,-0.0,-0.24086265528351358,-0.07915143299539082,1.5189623849824336
22.110000000000657,5.243449435824269,4.204384185254284,8.0,-3.042893743392487,-2.752998628317466,-0.0,-0.24127906925019932,-0.07409781089289297,1.5214468716962435
22.12000000000066,5.212996153977035,4.17675983041333,8.0,-3.047742588585386,-2.771799635294779,-0.0,-0.24083515510364817,-0.068695083491592,1.523871294292693
22.13000000000066,5.182494985118623,4.148949651553719,8.0,-3.05247111411946,-2.790162942977959,-0.0,-0.2414888742175497,-0.06449745826596205,1.52623555705973
22.14000000000066,5.151947133382954,4.120958040225082,8.0,-3.0570791333206153,-2.808085651587848,-0.0,-0.24180573672264705,-0.05924303107793795,1.5285395666603077
22.150000000000663,5.121353804746909,4.092789416627335,8.0,-3.061566464272145,-2.825564930920989,-0.0,-0.24114665119932288,-0.05378122335067915,1.5307832321360726
22.160000000000664,5.090716206982718,4.064448228912687,8.0,-3.065932929821907,-2.8425980207965504,-0.0,-0.24178821967904693,-0.04875922724012737,1.5329664649109536
22.170000000000666,5.06003554961028,4.035938952483217,8.0,-3.0701783575893176,-2.859182231492186,-0.0,-0.2419214776673825,-0.04471459129248946,1.5350891787946588
22.180000000000668,5.029313043849416,4.007266089284165,8.0,-3.074302579972158,-2.8753149441687778,-0.0,-0.24081027424687415,-0.03922792835704979,1.537151289986079
22.19000000000067,4.998549902572028,3.978434167093,8.0,-3.0783054341531924,-2.890993611283985,-0.0,-0.24151582130114002,-0.03403858570201392,1.5391527170765962
22.20000000000067,4.967747340254297,3.9494477388044986,8.0,-3.0821867621065877,-2.906215756994501,-0.0,-0.24153728431295507,-0.030088806996491142,1.5410933810532939
22.210000000000672,4.936906572928621,3.9203113817116924,8.0,-3.085946410604164,-2.920978977547066,-0.0,-0.24051956199861657,-0.02473643495572222,1.542973205302082
22.220000000000674,4.906028818135686,3.891029696783126,8.0,-3.089584231221436,-2.935280941658013,-0.0,-0.23985898151190824,-0.019553019879114567,1.544792115610718
22.230000000000675,4.875115294876382,3.861607307936294,8.0,-3.093100080343475,-2.9491193908814166,-0.0,-0.23992559245485606,-0.015736858201066312,1.5465500401717376
22.240000000000677,4.844167223563673,3.8320488613074697,8.0,-3.0964938191705778,-2.962492139965724,-0.0,-0.24038620938901104,-0.010548276401438345,1.5482469095852889
22.25000000000068,4.813185825974423,3.8023590245180285,8.0,-3.099765313723746,-2.975397077198832,-0.0,-0.2395072232037586,-0.005580532818722668,1.549882656861873
22.26000000000068,4.782172325201161,3.7725424859373753,8.0,-3.1029144348499775,-2.987832164741553,-0.0,-0.23940228590893053,-0.0018139356062995072,1.5514572174249888
22.27000000000068,4.751127945603795,3.742603953942596,8.0,-3.105941058227361,-2.999795438949412,-0.0,-0.23954435811339078,0.003224066715029146,1.5529705291136806
22.280000000000683,4.720053912761254,3.712548156174934,8.0,-3.1088450643699908,-3.011285010682736,-0.0,-0.23848083106027854,0.007261098919734673,1.5544225321849954
22.290000000000685,4.6889514534231855,3.6823798387933087,8.0,-3.1116263386326724,-3.022299065604943,-0.0,-0.23822352740468278,0.011276213034511831,1.5558131693163362
22.300000000000686,4.65782179546141,3.65210376572474,8.0,-3.1142847712154627,-3.032835864469089,-0.0,-0.2381359176210627,0.01637820557710399,1.5571423856077313
22.310000000000688,4.62666616782152,3.6217247179121363,8.0,-3.1168202571679955,-3.0428937433924865,-0.0,-0.23697271193061203,0.021182095891300035,1.5584101285839977
22.32000000000069,4.59548580047435,3.5912474925593125,8.0,-3.119232696393626,-3.0524711141194594,-0.0,-0.23660940519237944,0.02483938235275425,1.559616348196813
22.33000000000069,4.564281924367411,3.560676902373456,8.0,-3.121521993653385,-3.0615664642721447,-0.0,-0.23638036274712107,0.028788453948107664,1.5607609968266924
22.340000000000693,4.533055771376304,3.530017774805142,8.0,-3.123688058569736,-3.0701783575893176,-0.0,-0.23510749564563582,0.03373950125949255,1.561844029284868
22.350000000000694,4.501808574256081,3.4992749512860244,8.0,-3.1257308056301456,-3.07830543415319,-0.0,-0.23467693200175488,0.03757070370869531,1.5628654028150728
22.360000000000696,4.470541566592581,3.4684532864643205,8.0,-3.1276501541904573,-3.0859464106041616,-0.0,-0.23433398853370566,0.04128028871153674,1.5638250770952287
22.370000000000697,4.439255982753709,3.4375576474381835,8.0,-3.1294460284780774,-3.0931000803434765,-0.0,-0.23291228426512667,0.046255793703443016,1.5647230142390387
22.3800000000007,4.407953057840783,3.4065929129872043,8.0,-3.131118357594962,-3.099765313723748,-0.0,-0.23248406603674943,0.0499419102133682,1.565559178797481
22.3900000000007,4.3766340276396605,3.37556397280189,8.0,-3.132667075520422,-3.1059410582273626,-0.0,-0.23201765303384256,0.05356557440845352,1.566333537760211
22.400000000000702,4.345300128572028,3.344475726711594,8.0,-3.134092121113726,-3.1116263386326724,-0.0,-0.2302348055741022,0.05833529422825453,1.567046060556863
22.410000000000704,4.313952597646567,3.3133330839107615,8.0,-3.1353934381165134,-3.116820257167995,-0.0,-0.23003006591011294,0.06196070459206245,1.5676967190582567
22.420000000000705,4.282592672410125,3.282140962183707,8.0,-3.1365709751550175,-3.121521993653385,-0.0,-0.2288269462631571,0.06548246108308725,1.5682854875775087
22.430000000000707,4.251221590898853,3.250904287128042,8.0,-3.1376246857420926,-3.1257308056301456,-0.0,-0.22824124692064904,0.07015727696457247,1.5688123428710463
22.44000000000071,4.219840591589332,3.2196279913768646,8.0,-3.138554528279048,-3.129446028478076,-0.0,-0.22776307870796889,0.07360280507720736,1.569277264139524
22.45000000000071,4.188450913349682,3.1883170138198405,8.0,-3.1393604660572936,-3.132667075520421,-0.0,-0.22606866388413668,0.07701359465757544,1.5696802330286468
22.46000000000071,4.157053795390635,3.1569762988232766,8.0,-3.1400424672597853,-3.1353934381165143,-0.0,-0.22556146387941953,0.08074523414923211,1.5700212336298927
22.470000000000713,4.125650477216682,3.1256107954494188,8.0,-3.1406005049622836,-3.1376246857420926,-0.0,-0.22493125029555971,0.08431106959523207,1.5703002524811418
22.480000000000715,4.094242198577038,3.0942254566748333,8.0,-3.1410345571344154,-3.139360466057294,-0.0,-0.22321718261109216,0.08856900229688014,1.5705172785672077
22.490000000000716,4.062830199416762,3.0628252386083425,8.0,-3.1413446066405433,-3.140600504962283,-0.0,-0.22267532833107567,0.09194475643514767,1.5706723033202716
22.500000000000718,4.031415719827796,3.0314150997083824,8.0,-3.141530641240445,-3.1413446066405433,-0.0,-0.22187584166928012,0.09521504550330123,1.5707653206202226
22.51000000000072,4.000000000000003,3.0000000000000027,8.0,-3.141592653589793,-3.141592653589793,-0.0,-0.2202688190460919,0.0985521430995236,1.5707963267948966
22.52000000000072,3.9685842801722098,2.9685849002916234,8.0,-3.141530641240445,-3.1413446066405433,-0.0,-0.21961445571163038,0.10207173227070836,1.5707653206202226
22.530000000000722,3.9371698005832436,2.937174761391663,8.0,-3.1413446066405433,-3.1406005049622836,-0.0,-0.21890504681825793,0.10533694709488584,1.5706723033202716
22.540000000000724,3.9057578014229675,2.9057745433251725,8.0,-3.1410345571344154,-3.1393604660572945,-0.0,-0.2171516184700657,0.10884508435241325,1.5705172785672077
22.550000000000725,3.874349522783305,2.874389204550569,8.0,-3.140600504962283,-3.137624685742092,-0.0,-0.21652477315700253,0.11200352173165483,1.5703002524811416
22.560000000000727,3.842946204609353,2.8430237011767114,8.0,-3.1400424672597853,-3.135393438116513,-0.0,-0.21565137259835024,0.11526518246009437,1.5700212336298927
22.57000000000073,3.811549086650324,2.811682986180165,8.0,-3.1393604660572936,-3.1326670755204216,-0.0,-0.21398726725509942,0.11842811389853575,1.5696802330286468
22.58000000000073,3.7801594084106744,2.7803720086231407,8.0,-3.138554528279048,-3.129446028478077,-0.0,-0.21331443277291084,0.12157746482677596,1.569277264139524
22.59000000000073,3.7487784091011527,2.7490957128719633,8.0,-3.1376246857420926,-3.125730805630146,-0.0,-0.21245398805393773,0.1246984677372668,1.5688123428710463
22.600000000000733,3.7174073275898802,2.7178590378162983,8.0,-3.1365709751550175,-3.1215219936533853,-0.0,-0.21076970502591696,0.12771801645363584,1.5682854875775087
22.610000000000735,3.6860474023534375,2.686666916089244,8.0,-3.135393438116514,-3.1168202571679964,-0.0,-0.21007107998838886,0.1307394040741294,1.567696719058257
22.620000000000736,3.6546998714279777,2.6555242732884112,8.0,-3.1340921211137265,-3.1116263386326737,-0.0,-0.20924054936153436,0.13369094488346037,1.5670460605568632
22.630000000000738,3.623365972360345,2.624436027198116,8.0,-3.1326670755204225,-3.1059410582273634,-0.0,-0.20750619130128475,0.1365714095266149,1.5663335377602112
22.64000000000074,3.5920469421592047,2.5934070870127837,8.0,-3.1311183575949615,-3.0997653137237453,-0.0,-0.2068305210014506,0.13942215222443818,1.5655591787974807
22.65000000000074,3.5607440172462788,2.5624423525618045,8.0,-3.129446028478077,-3.093100080343474,-0.0,-0.20536383957658585,0.1422006126033967,1.5647230142390385
22.660000000000743,3.529458433407425,2.5315467135356853,8.0,-3.1276501541904578,-3.0859464106041625,-0.0,-0.2045864915165887,0.1449424363831697,1.5638250770952289
22.670000000000744,3.498191425743924,2.500725048713981,8.0,-3.125730805630146,-3.0783054341531915,-0.0,-0.20384020540179235,0.14762941255186365,1.562865402815073
22.680000000000746,3.466944228623701,2.469982225194864,8.0,-3.1236880585697366,-3.070178357589319,-0.0,-0.20209787013450378,0.1502276435840509,1.5618440292848683
22.690000000000747,3.435718075632594,2.4393230976265494,8.0,-3.1215219936533853,-3.061566464272146,-0.0,-0.20139328106518528,0.1527996063333005,1.5607609968266927
22.70000000000075,3.4045141995256554,2.408752507440693,8.0,-3.1192326963936265,-3.0524711141194607,-0.0,-0.20056154335339021,0.1553096946641341,1.5596163481968133
22.71000000000075,3.373333832178485,2.378275282087869,8.0,-3.116820257167996,-3.0428937433924883,-0.0,-0.1988364101924434,0.1577363855863539,1.558410128583998
22.720000000000752,3.3421782045385955,2.347896234275266,8.0,-3.1142847712154635,-3.032835864469091,-0.0,-0.1982017935875065,0.16013273248653115,1.5571423856077318
22.730000000000754,3.31104854657682,2.3176201612066967,8.0,-3.1116263386326732,-3.0222990656049453,-0.0,-0.19660896979479725,0.16244544949725725,1.5558131693163366
22.740000000000755,3.2799460872387334,2.287451843825054,8.0,-3.1088450643699894,-3.011285010682732,-0.0,-0.1960142744021009,0.16472390952522198,1.5544225321849947
22.750000000000757,3.248872054396211,2.2573960460574094,8.0,-3.1059410582273617,-2.9997954389494144,-0.0,-0.19449792365879698,0.16691951153326248,1.5529705291136808
22.76000000000076,3.217827674798844,2.22745751406263,8.0,-3.102914434849978,-2.9878321647415556,-0.0,-0.1938902505217849,0.16907343247498677,1.551457217424989
22.77000000000076,3.1868141740255824,2.197640975481977,8.0,-3.0997653137237466,-2.975397077198834,-0.0,-0.19243097015279198,0.17114865959722608,1.5498826568618733
22.78000000000076,3.1558327764363328,2.1679511386925356,8.0,-3.0964938191705786,-2.962492139965726,-0.0,-0.1918037554342821,0.17317704771768036,1.5482469095852893
22.790000000000763,3.1248847051236237,2.1383926920637113,8.0,-3.0931000803434756,-2.9491193908814193,-0.0,-0.19039201035940176,0.17512818936156457,1.5465500401717378
22.800000000000765,3.0939711818643194,2.108970303216879,8.0,-3.0895842312214365,-2.9352809416580157,-0.0,-0.18974955064180818,0.17702697800545084,1.5447921156107183
22.810000000000766,3.0630934270713848,2.079688618288313,8.0,-3.0859464106041643,-2.920978977547068,-0.0,-0.18837599414635053,0.17885018773034767,1.5429732053020822
22.820000000000768,3.0322526597457085,2.0505522611955067,8.0,-3.082186762106588,-2.906215756994504,-0.0,-0.18773254359719316,0.18061616491352922,1.541093381053294
22.83000000000077,3.001450097427959,2.0215658329069885,8.0,-3.078305434153191,-2.8909936112839794,-0.0,-0.18636389056224903,0.18230778214829924,1.5391527170765955
22.84000000000077,2.9706869561505895,1.99273391071584,8.0,-3.074302579972159,-2.8753149441687804,-0.0,-0.18576706927429654,0.18394027725840162,1.5371512899860795
22.850000000000772,2.9399644503897253,1.964061047516788,8.0,-3.0701783575893185,-2.859182231492189,-0.0,-0.18434516263095738,0.18550109481880575,1.5350891787946592
22.860000000000774,2.9092837930172872,1.9355517710873185,8.0,-3.065932929821908,-2.8425980207965535,-0.0,-0.18384137163093459,0.18700220531891487,1.532966464910954
22.870000000000775,2.878646195253096,1.9072105833726696,8.0,-3.061566464272146,-2.8255649309209923,-0.0,-0.18238492256131789,0.18843760290841993,1.530783232136073
22.880000000000777,2.848052866617051,1.879041959774923,8.0,-3.057079133320616,-2.808085651587851,-0.0,-0.18194035641680742,0.18981372524232737,1.528539566660308
22.89000000000078,2.8175050148813825,1.8510503484462857,8.0,-3.0524711141194603,-2.790162942977962,-0.0,-0.1804965254823026,0.19113275169232824,1.5262355570597301
22.90000000000078,2.7870038460229707,1.8232401695866756,8.0,-3.0477425885853875,-2.7717996352947827,-0.0,-0.18007872899775812,0.19239335527327595,1.5238712942926937
22.91000000000078,2.7565505641757353,1.7956158147457206,8.0,-3.042893743392488,-2.752998628317469,-0.0,-0.17866445826210964,0.19360795599201566,1.521446871696244
22.920000000000783,2.7261463715830834,1.7681816461292659,8.0,-3.0379247699648655,-2.7337628909429608,-0.0,-0.17826378248195965,0.19476546748552356,1.5189623849824327
22.930000000000785,2.6957924685505112,1.7409419959105943,8.0,-3.0328358644690874,-2.714095460717199,-0.0,-0.17688500522881975,0.19588819151921522,1.5164179322345437
22.940000000000786,2.6654900533981203,1.7139011655462322,8.0,-3.0276272278064273,-2.693999443355397,-0.0,-0.17650005660651874,0.1969562080919459,1.5138136139032137
22.950000000000788,2.635240322413374,1.6870634250967607,8.0,-3.0222990656049418,-2.673478012251657,-0.0,-0.17515736084835504,0.19800121777600194,1.5111495328024709
22.96000000000079,2.6050444698038557,1.66043301255251,8.0,-3.0168515882113507,-2.652534407977842,-0.0,-0.17479085252386986,0.19899315330820386,1.5084257941056753
22.97000000000079,2.574903687650123,1.6340141331643305,8.0,-3.0112850106827342,-2.631171937771853,-0.0,-0.17348518977861263,0.19997389372302468,1.5056425053413671
22.980000000000793,2.5448191658586463,1.6078109587795348,8.0,-3.005599552778042,-2.609393975015377,-0.0,-0.17313815411755856,0.20090279509758946,1.502799776389021
22.990000000000794,2.514792092114833,1.581827627183115,8.0,-2.999795438949417,-2.5872039587011924,-0.0,-0.17187178693195446,0.20182846172689628,1.4998977194747085
23.000000000000796,2.4848236518361393,1.556068241444339,8.0,-2.993872898333335,-2.5646053928901082,-0.0,-0.171546718475172,0.20269973894048227,1.4969364491666675
23.010000000000797,2.4549150281252574,1.5305368692688122,8.0,-2.9878321647415547,-2.5416018461576253,-0.0,-0.17032097024168183,0.20357721635452974,1.4939160823707773
23.0200000000008,2.425067401723472,1.5052375423561997,8.0,-2.9816734766519017,-2.518196951030464,0.0,-0.17002090450636587,0.2043991050713813,1.4908367383259509
23.0300000000008,2.395281950963951,1.480174255763485,8.0,-2.9753970771988336,-2.494394403412869,0.0,-0.16884150661364894,0.2052354940103079,1.4876985385994168
23.040000000000802,2.3655598517252874,1.455350967274164,8.0,-2.969003214163853,-2.4701979620030383,0.0,-0.1685674061334265,0.206014609674136,1.4845016070819266
23.050000000000804,2.3359022773850686,1.4307715967732502,8.0,-2.962492139965726,-2.4456114476995645,0.0,-0.16743805991134011,0.20681540997082204,1.481246069982863
23.060000000000805,2.3063103987735465,1.4064400256282787,8.0,-2.9558641116505107,-2.420638742998071,0.0,-0.1671918284185965,0.20755569006156696,1.4779320558252553
23.070000000000807,2.27678538412742,1.3823600960763935,8.0,-2.949119390881419,-2.395283791378124,0.0,-0.1661174439989627,0.20832375420017335,1.4745596954407094
23.08000000000081,2.2473283990437123,1.3585356106176147,8.0,-2.9422582439284755,-2.369550596680508,0.0,-0.16589630948986053,0.2090279686765295,1.4711291219642377
23.09000000000081,2.2179406064337552,1.334970331414378,8.0,-2.935280941658015,-2.343443222474974,0.0,-0.16488691930572807,0.20976350729934867,1.4676404708290074
23.10000000000081,2.1886231664772655,1.3116679796974344,8.0,-2.92818775952198,-2.316965791418541,0.0,-0.164683827730996,0.2104318379367353,1.46409387976099
23.110000000000813,2.1593772365766064,1.288632235178275,8.0,-2.9209789775470636,-2.2901224846045376,0.0,-0.16376123633406559,0.21113220198886004,1.4604894887735318
23.120000000000815,2.1302039713109955,1.265866735467986,8.0,-2.9136548803236306,-2.262917540902274,0.0,-0.16354508601069867,0.211765112724386,1.4568274401618153
23.130000000000816,2.101104522390994,1.2433750755028767,8.0,-2.906215756994499,-2.235355256287729,0.0,-0.16325225856589132,0.21238411459152898,1.4531078784972495
23.140000000000818,2.0720800386130187,1.2211608069767879,8.0,-2.8986619012435195,-2.207439983165156,0.0,-0.16221791504971342,0.21304190263392928,1.4493309506217598
23.15000000000082,2.0431316658139913,1.1992274377802352,8.0,-2.890993611283983,-2.179176129679785,0.0,-0.16207672810063276,0.21360913514134552,1.4454968056419915
23.16000000000082,2.014260546826102,1.177578431446475,8.0,-2.883211189846847,-2.150568159021727,0.0,-0.16184221145138072,0.214163130965288,1.4416055949234234
23.170000000000822,1.9854678214316936,1.1562172066045702,8.0,-2.8753149441687844,-2.1216205887211825,0.0,-0.16085134992049085,0.21476397548787504,1.4376574720843922
23.180000000000824,1.9567546263182636,1.135147136439551,8.0,-2.867305185980053,-2.092337989935073,0.0,-0.16083779365637413,0.21525415329063094,1.4336525929900266
23.190000000000826,1.9281220950335736,1.114371548159736,8.0,-2.859182231492188,-2.062724986725184,0.0,-0.16002409110700702,0.21580283620335758,1.429591115746094
23.200000000000827,1.8995713579409648,1.0938937224713774,8.0,-2.850946401385533,-2.0327862553280416,0.0,-0.16008633146514398,0.2162380869816084,1.4254732006927664
23.21000000000083,1.8711035421746347,1.0737168930605254,8.0,-2.8425980207965527,-2.002526523416377,0.0,-0.15938779385108598,0.21673362834813314,1.4212990103982763
23.22000000000083,1.8427197715952044,1.053844246082441,8.0,-2.834137419305019,-1.971950569352641,0.0,-0.15947868102043006,0.21711746458256218,1.4170687096525094
23.23000000000083,1.814421166745337,1.0342789196584534,8.0,-2.8255649309209914,-1.9410632214344277,0.0,-0.15896665269241633,0.2175460784380658,1.4127824654604957
23.240000000000833,1.7862088448054951,1.0150240033804137,8.0,-2.8168808940716334,-1.9098693571320318,0.0,-0.1587722923790876,0.21791394839655637,1.4084404470358167
23.250000000000835,1.7580839195498434,0.9960825378228115,8.0,-2.80808565158785,-1.8783739023182364,0.0,-0.1590149629590327,0.2182007361628454,1.404042825793925
23.260000000000836,1.7300475013022725,0.9774575140626358,8.0,-2.799179550690755,-1.846581830490464,0.0,-0.15837623044144833,0.21857476430755646,1.3995897753453774
23.270000000000838,1.7021006968925692,0.9591518732070456,8.0,-2.7901629429779615,-1.8144981619854017,0.0,-0.15794565075887584,0.2189017360415566,1.3950814714889808
23.28000000000084,1.6742446096127024,0.9411685059289279,8.0,-2.7810361844096985,-1.7821279631862135,0.0,-0.15843067829810537,0.2190788885612822,1.3905180922048492
23.29000000000084,1.6464803391733334,0.9235102520104657,8.0,-2.7717996352947765,-1.7494763457225737,0.0,-0.158610635263433,0.21926589865953094,1.3858998176473882
23.300000000000843,1.618808981660302,0.906179899894644,8.0,-2.7624536602763343,-1.7165484656633712,0.0,-0.15820509470357422,0.21951985136445004,1.3812268301381672
23.310000000000844,1.591231629491423,0.8891801862449622,8.0,-2.752998628317463,-1.6833495227025792,0.0,-0.15788651712147744,0.2197413480619569,1.3764993141587314
23.320000000000846,1.5637493713733397,0.8725137955132709,8.0,-2.743434912686634,-1.649884759338146,0.0,-0.1584947210103799,0.21978067972624,1.371717456343317
23.330000000000847,1.536363292258545,0.856183359515871,8.0,-2.7337628909429657,-1.6161594600441422,0.0,-0.15897273740167853,0.21984179250458363,1.3668814454714828
23.34000000000085,1.50907447330255,0.8401914570179141,8.0,-2.7239829449213144,-1.5821789504362829,0.0,-0.15852297663100995,0.21997133189480056,1.3619914724606572
23.35000000000085,1.481883991821202,0.8245406133261892,8.0,-2.714095460717204,-1.5479485964309494,0.0,-0.15922517715832096,0.22014214751984146,1.357047730358602
23.360000000000852,1.454792921248151,0.8092332998903453,8.0,-2.7041008286715793,-1.51347380339785,0.0,-0.15956557831840984,0.21988414129912331,1.3520504143357897
23.370000000000854,1.4278023310924617,0.7942719339126136,8.0,-2.6939994433553958,-1.4787600153064295,0.0,-0.1592126723937466,0.21997723145287032,1.3469997216776979
23.380000000000855,1.4009132868964485,0.7796588779661366,8.0,-2.6837917035540606,-1.443812713866282,0.0,-0.15919186516496536,0.22028950025559343,1.3418958517770303
23.390000000000857,1.374126850193519,0.7653964396218393,8.0,-2.673478012251656,-1.408637417661407,0.0,-0.15994095260308824,0.2198063002426123,1.336739006125828
23.40000000000086,1.3474440784663293,0.7514868710840719,8.0,-2.6630587766150553,-1.37323968127884,0.0,-0.160740703898421,0.21956991769727344,1.3315293883075277
23.41000000000086,1.3208660251050177,0.7379323688349517,8.0,-2.652534407977841,-1.3376250944315,0.0,-0.16063657208874482,0.21984587401960412,1.3262672039889205
23.42000000000086,1.2943937393656233,0.724735073287512,8.0,-2.641905321824066,-1.3017992810755072,0.0,-0.16144251418372152,0.21935960244685032,1.320952660912033
23.430000000000863,1.2680282663286588,0.711897068447708,8.0,-2.631171937771852,-1.2657678985220966,0.0,-0.16127101941418692,0.21921135125544844,1.315585968885926
23.440000000000865,1.2417706468578547,0.6994203815853268,8.0,-2.620334679556823,-1.2295366365442624,0.0,-0.16159777751281984,0.21931271389152912,1.3101673397784115
23.450000000000866,1.2156219175590675,0.6873069829138583,8.0,-2.6093939750153767,-1.193111216478277,0.0,-0.16257082562661854,0.2186634092767192,1.3046969875076884
23.460000000000868,1.1895831107393562,0.6755587852793754,8.0,-2.5983502560677945,-1.1564973903202258,0.0,-0.16360836140255192,0.2181694595513174,1.2991751280338972
23.47000000000087,1.1636552543662138,0.6641776438584679,8.0,-2.5872039587011852,-1.119700939817679,0.0,-0.16367452350655778,0.21824488784576923,1.2936019793505926
23.48000000000087,1.1378393720270434,0.6531653558653137,8.0,-2.5759555229522952,-1.0827276755567707,0.0,-0.16468185321398993,0.21759256772731647,1.2879777614761476
23.490000000000872,1.112136482888661,0.6425236602678384,8.0,-2.564605392890101,-1.0455834360445146,0.0,-0.16471382215499822,0.2172380124215697,1.2823026964450506
23.500000000000874,1.0865476016571205,0.6322542375131395,8.0,-2.5531540165983038,-1.0082740867869195,0.0,-0.1652006673662279,0.21710724627687256,1.2765770082991519
23.510000000000876,1.0610737385376368,0.6223587092621168,8.0,-2.541601846157631,-0.9708055193627366,0.0,-0.16635198165209458,0.21631314841208701,1.2708009230788155
23.520000000000877,1.0357158991947077,0.6128386381333941,8.0,-2.529949337627991,-0.9331836504931119,0.0,-0.16752424555784345,0.21556274900596226,1.2649746688139956
23.53000000000088,1.0104750847124109,0.6036955274565621,8.0,-2.518196951030469,-0.8954144211072662,0.0,-0.1677231990537628,0.21540691292650094,1.2590984755152346
23.54000000000088,0.9853522915548831,0.5949308210347874,8.0,-2.5063451503291643,-0.8575037954043545,0.0,-0.16906320554219753,0.21510791751988842,1.2531725751645821
23.550000000000882,0.9603485115269814,0.5865459029168179,8.0,-2.494394403412875,-0.8194577599116489,0.0,-0.16921589953954513,0.2144390462523046,1.2471972017064374
23.560000000000883,0.9354647317351139,0.578542097178421,8.0,-2.482345182076619,-0.7812823225391762,0.0,-0.16984233515584268,0.21398088655942904,1.2411725910383096
23.570000000000885,0.9107019345483254,0.5709206677133145,8.0,-2.470197962003037,-0.742983511631084,0.0,-0.17119836243916864,0.2128806907433166,1.2350989810015185
23.580000000000886,0.8860610975594367,0.5636828180335569,8.0,-2.4579532227435723,-0.7045673750135671,0.0,-0.17226451894264325,0.21167390293584862,1.2289766113717862
23.590000000000888,0.8615431935464981,0.5568296910795167,8.0,-2.445611447699563,-0.6660399790399315,0.0,-0.17257017798721772,0.21127540792260815,1.2228057238497816
23.60000000000089,0.83714919043438,0.5503623690393833,8.0,-2.4331731241031567,-0.6274074076326251,0.0,-0.17386349006903973,0.21014524722964656,1.2165865620515783
23.61000000000089,0.8128800512565553,0.5442818731782793,8.0,-2.42063874299807,-0.5886757613225162,0.0,-0.17526581901885205,0.20998928806978379,1.210319371499035
23.620000000000893,0.7887367341170837,0.538589163676988,8.0,-2.4080087992202075,-0.5498511562855485,0.0,-0.1755138581934625,0.20940264909512832,1.2040043996101037
23.630000000000894,0.7647201921527849,0.5332851394803315,8.0,-2.395283791378123,-0.5109397233769266,0.0,-0.17667440304356138,0.2079373204108737,1.1976418956890615
23.640000000000896,0.7408313734956145,0.5283706381552165,8.0,-2.382464221833338,-0.47194760716298223,0.0,-0.17760661986477244,0.20627047598247453,1.191232110916669
23.650000000000897,0.7170712212352139,0.5238464357583714,8.0,-2.3695505966804995,-0.4328809649508545,0.0,-0.17788091104337045,0.20565784579084248,1.1847752983402497
23.6600000000009,0.6934406733817382,0.5197132467138053,8.0,-2.3565434257274323,-0.39374596581626775,0.0,-0.17910679668440466,0.20428281540525936,1.1782717128637161
23.6700000000009,0.6699406628287412,0.5159717236999786,8.0,-2.3434432224749653,-0.3545487896292306,0.0,-0.1805828629214141,0.20388509988695985,1.1717216112374826
23.680000000000902,0.6465721173164005,0.5126224575467497,8.0,-2.330250504096693,-0.31529562607825107,0.0,-0.180840443930733,0.20309274700933935,1.1651252520483466
23.690000000000904,0.62333595939488,0.5096659771420691,8.0,-2.3169657914185473,-0.27599267369289093,0.0,-0.18200663540850714,0.20139929492976438,1.1584828957092737
23.700000000000905,0.6002331063879072,0.5071027493484657,8.0,-2.303589608898237,-0.2366461388649461,0.0,-0.18295212015726145,0.19955057317599023,1.1517948044491184
23.710000000000907,0.5772644703565613,0.5049331789293214,8.0,-2.2901224846045443,-0.19726223486838543,0.0,-0.18326016953997498,0.19873945093176565,1.1450612423022721
23.72000000000091,0.5544309580632638,0.5031576084849565,8.0,-2.2765649501964775,-0.15784718087820268,0.0,-0.18451343473914772,0.19713187727730877,1.1382824750982388
23.73000000000091,0.5317334709359827,0.5017763183985271,8.0,-2.2629175409022806,-0.11840720098833671,0.0,-0.18603594340343896,0.19649274859489374,1.1314587704511403
23.74000000000091,0.5091729050326332,0.5007895267917499,8.0,-2.249180795498296,-0.07894852322879253,0.0,-0.18632672899991162,0.19550262453906725,1.124590397749148
23.750000000000913,0.48675015100575125,0.5001973894904599,8.0,-2.2353552562877277,-0.03947737858225251,0.0,-0.1875060155390737,0.19356807755172914,1.1176776281438638
23.760000000000915,0.46446609406726136,0.5,8.0,-2.2214414690791826,1.92561527874241e-15,0.0,-0.18848496827846675,0.1915746786130886,1.1107207345395913
23.770000000000916,0.44232161395357306,0.5001973894904599,8.0,-2.207439983165155,0.03947737858225636,0.0,-0.18880911728516783,0.19052991255288262,1.1037199915825775
23.780000000000918,0.4203175848908458,0.5007895267917499,8.0,-2.1933513513003344,0.07894852322879638,0.0,-0.19006332186318525,0.188652775854591,1.0966756756501672
23.79000000000092,0.39845487556046866,0.5017763183985267,8.0,-2.1791761296797842,0.11840720098831824,0.0,-0.19162238059385822,0.1877503560892639,1.0895880648398921
23.80000000000092,0.37673434906477077,0.503157608484956,8.0,-2.1649148779169813,0.15784718087818422,0.0,-0.1919141111097101,0.18652298454964156,1.0824574389584907
23.810000000000922,0.3551568628929478,0.5049331789293205,8.0,-2.150568159021726,0.197262234868367,0.0,-0.19307483031681258,0.1843236720364001,1.075284079510863
23.820000000000924,0.3337232688872067,0.5071027493484643,8.0,-2.1361365393779153,0.2366461388649277,0.0,-0.19443259656784048,0.18285799582424359,1.0680682696889576
23.830000000000926,0.31243441320912657,0.5096659771420695,8.0,-2.121620588721173,0.27599267369289476,0.0,-0.19469890671068318,0.18148327419198487,1.0608102943605866
23.840000000000927,0.2912911363063011,0.5126224575467497,8.0,-2.1070208801163925,0.3152956260782549,0.0,-0.19582063233580463,0.17912293680009178,1.0535104400581963
23.85000000000093,0.27029427287908847,0.5159717236999795,8.0,-2.0923379899350634,0.3545487896292344,0.0,-0.19716427080909593,0.17751613740540628,1.0461689949675317
23.86000000000093,0.24944465184770248,0.5197132467138053,8.0,-2.0775724978325476,0.3937459658162716,0.0,-0.19737289326668456,0.17596830019032486,1.0387862489162738
23.870000000000932,0.2287430963194823,0.5238464357583719,8.0,-2.062724986725191,0.4328809649508583,0.0,-0.19843689370669854,0.1734451548823945,1.0313624933625956
23.880000000000933,0.2081904235563936,0.5283706381552142,8.0,-2.0477960427673096,0.4719476071629639,0.0,-0.1997953414940425,0.17175266834521558,1.0238980213836548
23.890000000000935,0.18778744494276456,0.5332851394803289,8.0,-2.0327862553280487,0.5109397233769084,0.0,-0.199905171466741,0.17001425464102632,1.0163931276640243
23.900000000000936,0.1675349659532559,0.5385891636769848,8.0,-2.017696216968115,0.5498511562855304,0.0,-0.2008993518834944,0.16734019738150946,1.0088481084840575
23.910000000000938,0.14743378612106017,0.5442818731782766,8.0,-2.002526523416384,0.5886757613224981,0.0,-0.2020714442489625,0.1651430458873499,1.001263261708192
23.92000000000094,0.12748469900632697,0.5503623690393837,8.0,-1.987277773546375,0.6274074076326289,0.0,-0.20196287106585967,0.1631464434261191,0.9936388867731875
23.93000000000094,0.10768849216488041,0.5568296910795172,8.0,-1.9719505693526396,0.6660399790399353,0.0,-0.2029583339018294,0.16050265140419676,0.9859752846763198
23.940000000000943,0.08804594711705827,0.5636828180335574,8.0,-1.956545515926946,0.7045673750135709,0.0,-0.20436839561925982,0.15894275778106715,0.978272757963473
23.950000000000944,0.06855783931690551,0.570920667713315,8.0,-1.9410632214344263,0.7429835116310877,0.0,-0.20432194910407403,0.1567625050341613,0.9705316107172132
23.960000000000946,0.04922493812154949,0.5785420971784219,8.0,-1.925504297089557,0.7812823225391798,0.0,-0.20514133928131076,0.1539640074665583,0.9627521485447785
23.970000000000947,0.030048006760825974,0.5865459029168143,8.0,-1.9098693571320302,0.8194577599116312,0.0,-0.20588664091136122,0.15129787483707696,0.9549346785660151
23.98000000000095,0.011027802307148171,0.5949308210347835,8.0,-1.894159018802504,0.8575037954043366,0.0,-0.2058591173620165,0.14924180782744517,0.947079509401252
23.99000000000095,-0.007834924354377826,0.6036955274565581,8.0,-1.878373902318235,0.8954144211072486,0.0,-0.20681642794069177,0.14669687491343006,0.9391869511591175
24.000000000000952,-0.026539428555603983,0.6128386381333897,8.0,-1.8625146308485938,0.9331836504930943,0.0,-0.20747852615622345,0.14403276925523675,0.9312573154242969
24.010000000000954,-0.04508497187473548,0.622358709262115,8.0,-1.8465818304904582,0.9708055193627296,0.0,-0.20745325834263834,0.14195394549770346,0.9232909152452291
24.020000000000955,-0.06347082216547228,0.6322542375131404,8.0,-1.8305761302435093,1.008274086786923,0.0,-0.20859735905326127,0.1397560641612311,0.9152880651217546
24.030000000000957,-0.08169625358592114,0.6425236602678397,8.0,-1.8144981619853913,1.0455834360445182,0.0,-0.20910055193411758,0.13693160235089982,0.9072490809926956
24.04000000000096,-0.09976054662726153,0.653165355865315,8.0,-1.7983485604467566,1.0827276755567745,0.0,-0.20884464506868097,0.13461692792524163,0.8991742802233783
24.05000000000096,-0.11766298814213627,0.6641776438584692,8.0,-1.7821279631862215,1.1197009398176827,0.0,-0.2093973616473228,0.13171199151882088,0.8910639815931107
24.06000000000096,-0.13540287137280682,0.6755587852793701,8.0,-1.7658370105651913,1.1564973903202085,0.0,-0.20986973882477064,0.12895483502679742,0.8829185052825956
24.070000000000963,-0.1529794959790598,0.6873069829138525,8.0,-1.7494763457225815,1.1931112164782598,0.0,-0.20954035162643767,0.12665072809787709,0.8747381728612907
24.080000000000965,-0.17039216806585156,0.699420381585321,8.0,-1.7330466145494259,1.2295366365442453,0.0,-0.2105270428137122,0.12439295800584368,0.8665233072747129
24.090000000000966,-0.18764020021070316,0.7118970684477022,8.0,-1.716548465663379,1.2657678985220797,0.0,-0.21066090035574098,0.12131308639583514,0.8582742328316895
24.100000000000968,-0.20472291149084398,0.7247350732875097,8.0,-1.699982550383105,1.3017992810755006,0.0,-0.2100476010301935,0.11878586551793874,0.8499912751915525
24.11000000000097,-0.22163962751007737,0.7379323688349531,8.0,-1.6833495227025776,1.3376250944315036,0.0,-0.2102358355100087,0.11568017210083512,0.8416747613512888
24.12000000000097,-0.23838968042541708,0.7514868710840732,8.0,-1.6666500392652555,1.3732396812788437,0.0,-0.21033743778981856,0.11271252072172537,0.8333250196326277
24.130000000000972,-0.2549724089734591,0.7653964396218407,8.0,-1.6498847593381443,1.4086374176614103,0.0,-0.20970322959406945,0.11030549162937346,0.8249423796690721
24.140000000000974,-0.2713871584964753,0.779658877966138,8.0,-1.6330543447857904,1.4438127138662855,0.0,-0.20983164524604955,0.10727642201453541,0.8165271723928952
24.150000000000976,-0.2876332809682598,0.794271933912615,8.0,-1.616159460044141,1.4787600153064329,0.0,-0.20968196687001733,0.10417698495616015,0.8080797300220705
24.160000000000977,-0.3037101350197151,0.8092332998903382,8.0,-1.5992007720943173,1.5134738033978339,0.0,-0.20941567422384172,0.10232102787091307,0.7996003860471587
24.17000000000098,-0.3196170859641727,0.8245406133261821,8.0,-1.5821789504362813,1.5479485964309332,0.0,-0.20910535969798608,0.09895962220166096,0.7910894752181407
24.18000000000098,-0.3353535058224457,0.840191457017907,8.0,-1.5650946670624069,1.582178950436267,0.0,-0.20860589748086136,0.09567835140151447,0.7825473335312034
24.190000000000982,-0.3509187733476278,0.8561833595158683,8.0,-1.547948596430943,1.616159460044136,0.0,-0.2075509489719194,0.09314812808665958,0.7739742982154715
24.200000000000983,-0.3663122740496032,0.8725137955132727,8.0,-1.5307414154394046,1.6498847593381492,0.0,-0.2071593635632259,0.08990464314550917,0.7653707077197023
24.210000000000985,-0.38153340021931914,0.8891801862449635,8.0,-1.5134738033978388,1.6833495227025825,0.0,-0.20670561526105424,0.08687013677532107,0.7567369016989194
24.220000000000987,-0.39658155095278147,0.9061798998946458,8.0,-1.496146442001997,1.7165484656633745,0.0,-0.20541225477044536,0.08428987287735007,0.7480732210009985
24.230000000000988,-0.4114561321747656,0.9235102520104674,8.0,-1.478760015306438,1.749476345722577,0.0,-0.20533285174142488,0.08151640650257393,0.739380007653219
24.24000000000099,-0.42615655666227426,0.9411685059289292,8.0,-1.4613152096975175,1.7821279631862166,0.0,-0.2043842457951494,0.07823459027735133,0.7306576048487587
24.25000000000099,-0.4406822440677205,0.9591518732070372,8.0,-1.4438127138662904,1.8144981619853868,0.0,-0.20277705602595938,0.07553249112794375,0.7219063569331452
24.260000000000993,-0.45503262094183583,0.9774575140626274,8.0,-1.426253218781323,1.846581830490449,0.0,-0.2020037709515154,0.072330400285571,0.7131266093906615
24.270000000000994,-0.4692071207563142,0.9960825378228026,8.0,-1.4086374176614154,1.8783739023182215,0.0,-0.20086358433899348,0.0690962218747594,0.7043187088307077
24.280000000000996,-0.4832051839261782,1.01502400338041,8.0,-1.3909660059482267,1.9098693571320258,0.0,-0.19983872364250033,0.0671092817047375,0.6954830029741134
24.290000000000997,-0.49702625783185717,1.0342789196584554,8.0,-1.3732396812788386,1.9410632214344308,0.0,-0.1985477677715371,0.06366304674924468,0.6866198406394193
24.300000000001,-0.5106697968410154,1.053844246082443,8.0,-1.3554591434582015,1.9719505693526436,0.0,-0.19709177251974938,0.06033906072282392,0.6777295717291008
24.310000000001,-0.5241352623300983,1.0737168930605272,8.0,-1.3376250944314985,2.0025265234163796,0.0,-0.1957524605750703,0.05830472459345012,0.6688125472157492
24.320000000001002,-0.5374221227055838,1.0938937224713794,8.0,-1.3197382382564484,2.0327862553280442,0.0,-0.19421007183905584,0.05485856892852892,0.6598691191282242
24.330000000001004,-0.550529853424977,1.114371548159738,8.0,-1.3017992810755057,2.062724986725187,0.0,-0.1924823751756569,0.05160255128902302,0.6508996405377528
24.340000000001005,-0.5634579370175121,1.1351471364395411,8.0,-1.2838089310879837,2.092337989935059,0.0,-0.19085433682553474,0.04948355356485209,0.6419044655439918
24.350000000001007,-0.576205863104585,1.1562172066045604,8.0,-1.265767898522095,2.1216205887211688,0.0,-0.1891121020754868,0.04610486688701159,0.6328839492610475
24.36000000000101,-0.588773128419902,1.177578431446465,8.0,-1.2476768956069146,2.150568159021714,0.0,-0.18685324821294572,0.043332183573746796,0.6238384478034573
24.37000000000101,-0.6011592368293508,1.1992274377802312,8.0,-1.2295366365442557,2.17917612967978,0.0,-0.1855700691345049,0.04061147530579931,0.6147683182721279
24.38000000000101,-0.6133636993505762,1.22116080697679,8.0,-1.2113478374804898,2.207439983165159,0.0,-0.1835290034286882,0.03733173957012787,0.6056739187402449
24.390000000001013,-0.6253860341722914,1.243375075502879,8.0,-1.1931112164782651,2.2353552562877317,0.0,-0.1808470758297233,0.03485470098436684,0.5965556082391326
24.400000000001015,-0.637225766673307,1.2658667354679882,8.0,-1.1748274934881473,2.262917540902276,0.0,-0.1794680205458215,0.03219314392899853,0.5874137467440737
24.410000000001016,-0.6488824294412563,1.2886322351782775,8.0,-1.1564973903202138,2.2901224846045407,0.0,-0.177133896169701,0.028909328798974433,0.5782486951601069
24.420000000001018,-0.6603555622910537,1.3116679796974366,8.0,-1.138121630615551,2.3169657914185433,0.0,-0.1741927875033829,0.02659236835622683,0.5690608153077755
24.43000000000102,-0.671644712283058,1.3349703314143673,8.0,-1.1197009398176878,2.3434432224749617,0.0,-0.17262308819310285,0.02391752129443275,0.5598504699088439
24.44000000000102,-0.682749433740959,1.3585356106176034,8.0,-1.1012360451439558,2.369550596680496,0.0,-0.16958369996911485,0.02145139050530572,0.5506180225719779
24.450000000001022,-0.6936692882693674,1.3823600960763822,8.0,-1.0827276755567796,2.3952837913781124,0.0,-0.16702249297414873,0.01830758878094975,0.5413638377783898
24.460000000001024,-0.7044038447711269,1.406440025628274,8.0,-1.064176561734894,2.4206387429980665,0.0,-0.1648413927627332,0.0163906316054713,0.532088280867447
24.470000000001026,-0.7149526794643233,1.4307715967732524,8.0,-1.045583436044513,2.4456114476995667,0.0,-0.16184684380061015,0.013350091373342766,0.5227917180222565
24.480000000001027,-0.725315375899025,1.4553509672741665,8.0,-1.026949032510408,2.4701979620030405,0.0,-0.1587836302906351,0.010919764178038442,0.513474516255204
24.49000000000103,-0.7354915249737219,1.4801742557634874,8.0,-1.0082740867869178,2.4943944034128713,0.0,-0.1569054828082253,0.008458991058546136,0.5041370433934589
24.50000000000103,-0.7454807249514728,1.505237542356202,8.0,-0.9895593361289231,2.518196951030466,0.0,-0.15353328019855936,0.005811362440298292,0.49477966806446155
24.510000000001032,-0.7552825814757673,1.5305368692688146,8.0,-0.9708055193627351,2.5416018461576275,0.0,-0.15004512406339499,0.0037436288619483926,0.48540275968136753
24.520000000001033,-0.7648967075860931,1.556068241444327,8.0,-0.9520133768569279,2.564605392890098,0.0,-0.14810275041510076,0.0012089227045166723,0.47600668842846394
24.530000000001035,-0.7743227237332126,1.581827627183103,8.0,-0.9331836504931104,2.5872039587011817,0.0,-0.145080059247086,-0.0006262207728528974,0.4665918252465552
24.540000000001037,-0.7835602577941501,1.6078109587795226,8.0,-0.9143170836366377,2.609393975015367,0.0,-0.14125825642494144,-0.002608103114036286,0.45715854181831883
24.550000000001038,-0.7926089450868785,1.6340141331643254,8.0,-0.8954144211072592,2.631171937771849,0.0,-0.13788158793356303,-0.005775218823614771,0.4477072105536296
24.56000000000104,-0.8014684283847169,1.6604330125525129,8.0,-0.8764764091497305,2.652534407977844,0.0,-0.13540658126768418,-0.008127879483804949,0.43823820457486523
24.57000000000104,-0.8101383579304304,1.6870634250967633,8.0,-0.8575037954043421,2.673478012251659,0.0,-0.13132784368323727,-0.009867925928985265,0.42875189770217104
24.580000000001043,-0.8186183914500482,1.7139011655462348,8.0,-0.8384973288773926,2.693999443355399,0.0,-0.12751837171567287,-0.011701093412907503,0.4192486644386963
24.590000000001044,-0.8269081941663696,1.7409419959105972,8.0,-0.8194577599116366,2.7140954607172008,0.0,-0.12485459234110907,-0.014088503930542924,0.4097288799558183
24.600000000001046,-0.8350074388121742,1.7681816461292685,8.0,-0.8003858401566556,2.733762890942963,0.0,-0.12063474989536038,-0.015783714546985444,0.4001929200783278
24.610000000001047,-0.8429158056431545,1.7956158147457078,8.0,-0.7812823225391853,2.7529986283174606,0.0,-0.1178424265034949,-0.018164315550241245,0.39064116126959264
24.62000000000105,-0.8506329824505272,1.8232401695866627,8.0,-0.7621479612333908,2.7717996352947742,0.0,-0.11428327661771308,-0.019457982785047515,0.3810739806166954
24.63000000000105,-0.8581586645733674,1.8510503484462726,8.0,-0.7429835116310931,2.790162942977954,0.0,-0.10982387774211745,-0.021081405959746058,0.37149175581554655
24.640000000001052,-0.8654925549106327,1.8790419597749177,8.0,-0.7237897303119424,2.8080856515878474,0.0,-0.10578029466138167,-0.023881673949190378,0.3618948651559712
24.650000000001054,-0.8726343639328871,1.9072105833726725,8.0,-0.7045673750135654,2.825564930920994,0.0,-0.10271933537297284,-0.025834054488383076,0.3522836875067827
24.660000000001055,-0.8795838096937381,1.9355517710873213,8.0,-0.6853172046016409,2.8425980207965553,0.0,-0.09809524021449234,-0.027146936777076424,0.34265860230082046
24.670000000001057,-0.8863406178409674,1.9640610475167908,8.0,-0.6660399790399298,2.859182231492191,0.0,-0.09460120605911045,-0.028115467398596952,0.3330199895199649
24.68000000000106,-0.8929045216273606,1.9927339107158426,8.0,-0.6467364593602893,2.8753149441687818,0.0,-0.09035488042489942,-0.0305561319252539,0.32336822968014467
24.69000000000106,-0.8992752619212334,2.021565832906991,8.0,-0.6274074076326235,2.8909936112839807,0.0,-0.08564815426333862,-0.03175093399202872,0.31370370381631174
24.70000000000106,-0.9054525872166694,2.050552261195493,8.0,-0.6080535869347978,2.906215756994497,0.0,-0.0825266826317776,-0.03361569911106153,0.3040267934673989
24.710000000001063,-0.9114362536434424,2.0796886182882988,8.0,-0.5886757613225145,2.9209789775470614,0.0,-0.07863402623309174,-0.03441098500772512,0.29433788066125727
24.720000000001065,-0.9172260249766468,2.108970303216865,8.0,-0.5692746957991485,2.935280941658009,0.0,-0.07372134002318798,-0.035514460689402214,0.28463734789957423
24.730000000001066,-0.9228216726460268,2.138392692063706,8.0,-0.5498511562855414,2.9491193908814166,0.0,-0.06941789930195888,-0.03771229140119362,0.2749255781427707
24.740000000001068,-0.9282229757449896,2.16795113869253,8.0,-0.5304059095897854,2.9624921399657236,0.0,-0.0656374007926769,-0.03835481830316575,0.2652029547948927
24.75000000000107,-0.9334297210393405,2.1976409754819795,8.0,-0.5109397233769138,2.975397077198835,0.0,-0.0607050388540306,-0.03924855376574965,0.2554698616884569
24.76000000000107,-0.9384417029756893,2.2274575140626327,8.0,-0.49145336613863777,2.9878321647415564,0.0,-0.05729842778679443,-0.041024766392971125,0.24572668306931889
24.770000000001072,-0.9432587236895698,2.257396046057412,8.0,-0.47194760716296946,2.9997954389494157,0.0,-0.05232174793746168,-0.041754508453768636,0.23597380358148473
24.780000000001074,-0.947880593013255,2.2874518438250573,8.0,-0.4524232165038741,3.011285010682733,0.0,-0.047472073652472385,-0.042358361595495886,0.22621160825193706
24.790000000001076,-0.9523071284832554,2.3176201612066825,8.0,-0.4328809649508638,3.02229906560494,0.0,-0.04403366723646874,-0.043959426907408526,0.2164404824754319
24.800000000001077,-0.9565381553475323,2.3478962342752516,8.0,-0.41332162399856825,3.032835864469086,0.0,-0.03999445272651029,-0.0442549840533387,0.20666081199928413
24.81000000000108,-0.9605735065723886,2.3782752820878548,8.0,-0.3937459658162771,3.042893743392484,0.0,-0.034817046814907736,-0.044737461514293336,0.19687298290813854
24.82000000000108,-0.9644130228490679,2.408752507440687,8.0,-0.3741547632174511,3.052471114119459,0.0,-0.030944206592757446,-0.04597493252605872,0.18707738160872556
24.830000000001082,-0.9680565526000411,2.4393230976265436,8.0,-0.3545487896292344,3.0615664642721447,0.0,-0.02700817141628994,-0.04715429952507455,0.1772743948146172
24.840000000001083,-0.9715039519849942,2.469982225194867,8.0,-0.33492881906188243,3.07017835758932,0.0,-0.021720532675177283,-0.0472105869098937,0.16746440953094122
24.850000000001085,-0.9747550849065005,2.500725048713984,8.0,-0.31529562607824935,3.0783054341531924,0.0,-0.017562429425305313,-0.047098716999410685,0.15764781303912467
24.860000000001087,-0.9778098230154004,2.531546713535688,8.0,-0.2956499857631713,3.0859464106041634,0.0,-0.013501524993424881,-0.048109775295063786,0.14782499288158565
24.870000000001088,-0.9806680457158619,2.5624423525618076,8.0,-0.2759926736928892,3.0931000803434747,0.0,-0.008254596714915814,-0.04797086477653865,0.1379963368464446
24.88000000000109,-0.9833296401701492,2.5934070870127868,8.0,-0.2563244659044248,3.099765313723746,0.0,-0.004170795634749048,-0.04772357571395968,0.1281622329522124
24.89000000000109,-0.9857945013030687,2.6244360271981013,8.0,-0.23664613886494437,3.1059410582273608,0.0,0.0007335966575845645,-0.048703189705793196,0.11832306943247219
24.900000000001093,-0.9880625318061256,2.6555242732883966,8.0,-0.21695846944110458,3.1116263386326706,0.0,0.004795901854502018,-0.048170162897100396,0.10847923472055229
24.910000000001094,-0.990133642141358,2.686666916089238,8.0,-0.19726223486837813,3.116820257167995,0.0,0.009039963928359667,-0.04773274719744504,0.09863111743418906
24.920000000001096,-0.9920077505448752,2.7178590378162926,8.0,-0.17755821272039168,3.121521993653385,0.0,0.014067059829759278,-0.0484809144134435,0.08877910636019584
24.930000000001098,-0.9936847830300879,2.7490957128719664,8.0,-0.1578471808781898,3.1257308056301465,0.0,0.018083728798203462,-0.047738638113156213,0.0789235904390949
24.9400000000011,-0.9951646733906232,2.780372008623144,8.0,-0.1381299174995701,3.129446028478077,0.0,0.02228281725815367,-0.04707623104212948,0.06906495874978505
24.9500000000011,-0.9964473632029458,2.811682986180168,8.0,-0.11840720098832382,3.132667075520422,0.0,0.02735633993434459,-0.0475609204444799,0.05920360049416191
24.960000000001102,-0.9975328018286573,2.8430237011767145,8.0,-0.09867980996352811,3.1353934381165134,0.0,0.03128537972141626,-0.04661249966967439,0.049339904981764056
24.970000000001104,-0.9984209464165001,2.874389204550572,8.0,-0.07894852322880194,3.1376246857420926,0.0,0.0353994588168411,-0.04572581093724949,0.03947426161440097
24.980000000001105,-0.9991117619040448,2.9057745433251574,8.0,-0.05921411974156024,3.1393604660572936,0.0,0.04047917523569576,-0.045924693820770204,0.02960705987078012
24.990000000001107,-0.9996052210190802,2.937174761391648,8.0,-0.03947737858226194,3.140600504962283,0.0,0.04431595427146142,-0.04478297307947406,0.01973868929113097
25.00000000000111,-0.9999013042806855,2.9685849002916176,8.0,-0.019739078923647735,3.1413446066405433,0.0,0.04832580094633327,-0.04368078127614194,0.009869539461823867
25.01000000000111,-1.0,2.999999999999997,8.0,-1.92367069372179e-15,3.141592653589793,0.0,0.05337968368685194,-0.043560218794453875,9.61835346860895e-16
25.02000000000111,-0.9999013042806855,3.0314150997083855,8.0,0.01973907892364947,3.1413446066405433,0.0,0.05711076546207794,-0.04224253105545274,-0.009869539461824735
25.030000000001113,-0.9996052210190802,3.0628252386083457,8.0,0.03947737858225809,3.140600504962283,0.0,0.061010894452962615,-0.04093986476574601,-0.019738689291129045
25.040000000001115,-0.9991117619040448,3.0942254566748364,8.0,0.059214119741556395,3.1393604660572936,0.0,0.06599400647399314,-0.04026970068985436,-0.029607059870778198
25.050000000001116,-0.9984209464165001,3.125610795449422,8.0,0.07894852322879811,3.1376246857420926,0.0,0.06960788356411302,-0.038821556477747335,-0.039474261614399056
25.060000000001118,-0.9975328018286582,3.1569762988232797,8.0,0.09867980996352425,3.135393438116514,0.0,0.07339027119547327,-0.03740181500686957,-0.04933990498176213
25.07000000000112,-0.9964473632029467,3.188317013819826,8.0,0.11840720098831996,3.132667075520423,0.0,0.07829124126482219,-0.03684200752376943,-0.05920360049415998
25.08000000000112,-0.9951646733906241,3.21962799137685,8.0,0.13812991749956627,3.129446028478078,0.0,0.08177846822181588,-0.03515208910365487,-0.06906495874978313
25.090000000001123,-0.993684783030087,3.2509042871280363,8.0,0.15784718087819152,3.125730805630146,0.0,0.08542667498881495,-0.03344917547695495,-0.07892359043909576
25.100000000001124,-0.9920077505448752,3.282140962183701,8.0,0.17755821272038785,3.1215219936533853,0.0,0.09013285666699125,-0.031757111961296,-0.08877910636019393
25.110000000001126,-0.990133642141358,3.3133330839107646,8.0,0.19726223486837985,3.116820257167995,0.0,0.09349334548196353,-0.030043979414741705,-0.09863111743418992
25.120000000001127,-0.9880625318061265,3.344475726711597,8.0,0.21695846944110075,3.111626338632672,0.0,0.09701197854153841,-0.02838401932863742,-0.10847923472055038
25.13000000000113,-0.9857945013030696,3.375563972801893,8.0,0.23664613886494054,3.1059410582273617,0.0,0.10166639447762828,-0.02755097534437244,-0.11832306943247027
25.14000000000113,-0.9833296401701492,3.4065929129872075,8.0,0.256324465904421,3.099765313723747,0.0,0.10488046774326779,-0.02548995207052388,-0.1281622329522105
25.150000000001132,-0.9806680457158627,3.4375576474381866,8.0,0.2759926736928853,3.093100080343476,0.0,0.10810929232104736,-0.023390782865027313,-0.13799633684644266
25.160000000001133,-0.9778098230154004,3.468453286464306,8.0,0.2956499857631675,3.085946410604165,0.0,0.11237316909484452,-0.021257385649702778,-0.14782499288158374
25.170000000001135,-0.9747550849065014,3.49927495128601,8.0,0.3152956260782455,3.078305434153194,0.0,0.11554360537852726,-0.019238820174245677,-0.15764781303912276
25.180000000001137,-0.9715039519849942,3.530017774805136,8.0,0.3349288190618841,3.070178357589319,0.0,0.11872570367117967,-0.017230429097042428,-0.16746440953094205
25.190000000001138,-0.9680565526000429,3.56067690237345,8.0,0.3545487896292306,3.061566464272146,0.0,0.1220179433690358,-0.015211808094702588,-0.1772743948146153
25.20000000000114,-0.9644130228490679,3.5912474925593156,8.0,0.3741547632174529,3.0524711141194585,0.0,0.12528386959067125,-0.01301676328143845,-0.18707738160872645
25.21000000000114,-0.9605735065723886,3.621724717912139,8.0,0.39374596581627336,3.0428937433924856,0.0,0.12857962831739034,-0.010878628659854561,-0.19687298290813668
25.220000000001143,-0.9565381553475332,3.6521037657247426,8.0,0.4133216239985644,3.0328358644690883,0.0,0.13196028489411152,-0.008566725227449706,-0.2066608119992822
25.230000000001144,-0.9523071284832563,3.6823798387933113,8.0,0.43288096495086004,3.022299065604942,0.0,0.13503521936795332,-0.006301191401018864,-0.21644048247543002
25.240000000001146,-0.947880593013255,3.712548156174937,8.0,0.4524232165038703,3.011285010682735,0.0,0.13821469897120936,-0.003921025624235586,-0.22621160825193515
25.250000000001148,-0.9432587236895706,3.7426039539425817,8.0,0.47194760716296563,2.999795438949418,0.0,0.14131356176585036,-0.0015389907662184488,-0.23597380358148282
25.26000000000115,-0.9384417029756902,3.7725424859373615,8.0,0.4914533661386339,2.9878321647415587,0.0,0.14428375300258356,0.0009504816728155534,-0.24572668306931694
25.27000000000115,-0.9334297210393405,3.802359024518023,8.0,0.5109397233769155,2.975397077198834,0.0,0.14730000715252584,0.0034403121342107836,-0.25546986168845776
25.280000000001152,-0.9282229757449905,3.832048861307464,8.0,0.5304059095897816,2.9624921399657262,0.0,0.15017833861472535,0.0060213591032066485,-0.2652029547948908
25.290000000001154,-0.9228216726460277,3.8616073079362883,8.0,0.5498511562855375,2.9491193908814193,0.0,0.15300171483881086,0.008620176983407606,-0.27492557814276875
25.300000000001155,-0.9172260249766477,3.891029696783129,8.0,0.5692746957991448,2.9352809416580117,0.0,0.15578049049272685,0.011283156576285128,-0.2846373478995724
25.310000000001157,-0.9114362536434433,3.9203113817116955,8.0,0.5886757613225106,2.9209789775470645,0.0,0.15847688136990964,0.013973910070542496,-0.2943378806612553
25.32000000000116,-0.9054525872166712,3.9494477388045013,8.0,0.608053586934794,2.9062157569944995,0.0,0.16108509789374256,0.01672272036800178,-0.304026793467397
25.33000000000116,-0.8992752619212352,3.978434167093003,8.0,0.6274074076326197,2.890993611283984,0.0,0.16364924500920738,0.019491254942440455,-0.31370370381630985
25.34000000000116,-0.8929045216273614,4.007266089284151,8.0,0.6467364593602856,2.875314944168785,0.0,0.16611568528425694,0.022316628945255962,-0.3233682296801428
25.350000000001163,-0.8863406178409692,4.035938952483203,8.0,0.6660399790399261,2.859182231492194,0.0,0.16851185187042528,0.02516060051316713,-0.33301998951996303
25.360000000001165,-0.8795838096937372,4.064448228912681,8.0,0.6853172046016426,2.8425980207965535,0.0,0.17083410849366443,0.028047484412914575,-0.3426586023008213
25.370000000001166,-0.8726343639328862,4.09278941662733,8.0,0.7045673750135671,2.8255649309209923,0.0,0.1730740509503905,0.0309573152199776,-0.35228368750678357
25.380000000001168,-0.8654925549106336,4.1209580402250765,8.0,0.7237897303119386,2.808085651587851,0.0,0.17523287379284427,0.033900461052631496,-0.3618948651559693
25.39000000000117,-0.8581586645733692,4.148949651553722,8.0,0.7429835116310893,2.790162942977957,0.0,0.1773165821338424,0.03686216786379783,-0.37149175581554467
25.40000000000117,-0.850632982450529,4.1767598304133315,8.0,0.762147961233387,2.7717996352947774,0.0,0.1793144814520042,0.0398535992380492,-0.3810739806166935
25.410000000001173,-0.8429158056431563,4.204384185254288,8.0,0.7812823225391815,2.752998628317464,0.0,0.18123414120192824,0.042859198882103974,-0.39064116126959075
25.420000000001174,-0.835007438812176,4.231818353870726,8.0,0.8003858401566519,2.733762890942967,0.0,0.18307125935842666,0.04588733805301292,-0.40019292007832596
25.430000000001176,-0.8269081941663714,4.259058004089398,8.0,0.8194577599116329,2.7140954607172048,0.0,0.18482767525263993,0.048928226003974735,-0.40972887995581647
25.440000000001177,-0.81861839145005,4.28609883445376,8.0,0.8384973288773889,2.693999443355403,0.0,0.18650191602568797,0.05198490004708318,-0.41924866443869446
25.45000000000118,-0.8101383579304295,4.3129365749032385,8.0,0.8575037954043436,2.6734780122516573,0.0,0.18809610066861088,0.05505075082929432,-0.4287518977021718
25.46000000000118,-0.801468428384716,4.33956698744749,8.0,0.8764764091497322,2.652534407977842,0.0,0.18960862571040105,0.05812808332619802,-0.4382382045748661
25.470000000001182,-0.7926089450868812,4.365985866835669,8.0,0.8954144211072556,2.6311719377718537,0.0,0.19104190481150968,0.06121044518756496,-0.4477072105536278
25.480000000001183,-0.7835602577941492,4.39218904122048,8.0,0.9143170836366392,2.609393975015365,0.0,0.19239463123932138,0.06429991130854511,-0.4571585418183196
25.490000000001185,-0.7743227237332118,4.418172372816899,8.0,0.9331836504931119,2.58720395870118,0.0,0.19366949111560602,0.0673911893101826,-0.46659182524655596
25.500000000001187,-0.7648967075860913,4.443931758555675,8.0,0.9520133768569294,2.564605392890096,0.0,0.19486566264034205,0.07048501737626175,-0.4760066884284647
25.510000000001188,-0.7552825814757664,4.469463130731188,8.0,0.9708055193627366,2.5416018461576257,0.0,0.1959851034233231,0.07357779748768511,-0.4854027596813683
25.52000000000119,-0.7454807249514719,4.4947624576438,8.0,0.9895593361289248,2.518196951030464,0.0,0.1970284309041823,0.07666910087549582,-0.4947796680644624
25.53000000000119,-0.7354915249737211,4.519825744236515,8.0,1.0082740867869195,2.494394403412869,0.0,0.19799725469628585,0.0797554920203014,-0.5041370433934598
25.540000000001193,-0.7253153758990241,4.544649032725836,8.0,1.0269490325104096,2.4701979620030388,0.0,0.19889172351436316,0.08283760372626355,-0.5134745162552048
25.550000000001194,-0.7149526794643233,4.56922840322675,8.0,1.0455834360445146,2.4456114476995645,0.0,0.1997144493008531,0.0859117502844281,-0.5227917180222573
25.560000000001196,-0.7044038447711287,4.593559974371721,8.0,1.0641765617348904,2.4206387429980714,0.0,0.20046551830289666,0.08897777248023325,-0.5320882808674452
25.570000000001198,-0.6936692882693665,4.61763990392362,8.0,1.0827276755567812,2.3952837913781098,0.0,0.20114665130760603,0.09203408858887088,-0.5413638377783906
25.5800000000012,-0.6827494337409581,4.641464389382398,8.0,1.1012360451439573,2.3695505966804937,0.0,0.20175876670215664,0.0950801513256991,-0.5506180225719787
25.5900000000012,-0.6716447122830571,4.665029668585635,8.0,1.1197009398176894,2.34344322247496,0.0,0.20230377004581773,0.09811300661564258,-0.5598504699088447
25.600000000001202,-0.6603555622910529,4.688332020302566,8.0,1.1381216306155526,2.316965791418541,0.0,0.20278202280329863,0.10113354086665953,-0.5690608153077763
25.610000000001204,-0.6488824294412554,4.711367764821725,8.0,1.1564973903202154,2.290122484604538,0.0,0.2031956641544354,0.10413911665988497,-0.5782486951601077
25.620000000001205,-0.6372257666733061,4.734133264532014,8.0,1.174827493488149,2.262917540902274,0.0,0.20354550090270374,0.10712866433388137,-0.5874137467440745
25.630000000001207,-0.6253860341722906,4.756624924497123,8.0,1.1931112164782667,2.235355256287729,0.0,0.20383359903552006,0.11010053627083313,-0.5965556082391333
25.64000000000121,-0.6133636993505753,4.778839193023212,8.0,1.2113478374804914,2.2074399831651563,0.0,0.2040600366900883,0.11305486202621214,-0.6056739187402457
25.65000000000121,-0.6011592368293535,4.800772562219764,8.0,1.2295366365442522,2.1791761296797856,0.0,0.20422724850569032,0.11598846320685804,-0.6147683182721261
25.66000000000121,-0.5887731284199003,4.822421568553537,8.0,1.2476768956069162,2.150568159021711,0.0,0.2043357393893932,0.11890202140185298,-0.6238384478034581
25.670000000001213,-0.5762058631045841,4.843782793395441,8.0,1.2657678985220966,2.1216205887211665,0.0,0.20438678369096028,0.12179320906730808,-0.6328839492610483
25.680000000001215,-0.5634579370175112,4.864852863560461,8.0,1.2838089310879852,2.0923379899350567,0.0,0.2043807401482675,0.12466244457891763,-0.6419044655439926
25.690000000001216,-0.5505298534249761,4.8856284518402635,8.0,1.3017992810755072,2.0627249867251845,0.0,0.20432086663070176,0.127506238390948,-0.6508996405377536
25.700000000001218,-0.5374221227055829,4.906106277528623,8.0,1.31973823825645,2.0327862553280416,0.0,0.20420479535098326,0.13032581842433194,-0.659869119128225
25.71000000000122,-0.5241352623300966,4.926283106939475,8.0,1.3376250944315,2.0025265234163774,0.0,0.2040373201502718,0.13311810054017456,-0.66881254721575
25.72000000000122,-0.5106697968410145,4.946155753917559,8.0,1.355459143458203,1.9719505693526411,0.0,0.20381636999620462,0.13588321969863848,-0.6777295717291015
25.730000000001223,-0.4970262578318563,4.965721080341546,8.0,1.37323968127884,1.941063221434428,0.0,0.2035456361829742,0.1386157663539361,-0.68661984063942
25.740000000001224,-0.48320518392618084,4.9849759966195855,8.0,1.3909660059482234,1.909869357132032,0.0,0.2032239892395911,0.1413242133736623,-0.6954830029741117
25.750000000001226,-0.4692071207563133,5.003917462177199,8.0,1.4086374176614167,1.8783739023182187,0.0,0.20285367230859577,0.14398883813711505,-0.7043187088307084
25.760000000001227,-0.45503262094183405,5.022542485937374,8.0,1.4262532187813246,1.8465818304904462,0.0,0.20243414816556526,0.1466371179301932,-0.7131266093906623
25.77000000000123,-0.4406822440677187,5.040848126792964,8.0,1.443812713866292,1.8144981619853837,0.0,0.201973743565496,0.14922826583267748,-0.721906356933146
25.78000000000123,-0.4261565566622725,5.058831494071072,8.0,1.461315209697519,1.7821279631862137,0.0,0.20144378622895767,0.15180416478702055,-0.7306576048487595
25.790000000001232,-0.41145613217476384,5.076489747989534,8.0,1.4787600153064393,1.7494763457225742,0.0,0.2010679504906632,0.15444685130735705,-0.7393800076532197
25.800000000001234,-0.3965815509527797,5.093820100105356,8.0,1.4961464420019985,1.7165484656633716,0.0,0.20026031431963864,0.15675912174921708,-0.7480732210009993
25.810000000001235,-0.38153340021931825,5.110819813755038,8.0,1.5134738033978403,1.6833495227025794,0.0,0.19960144074674846,0.15928045054206125,-0.7567369016989202
25.820000000001237,-0.3663122740496014,5.127486204486729,8.0,1.5307414154394063,1.6498847593381465,0.0,0.1991990360791013,0.16190083937379762,-0.7653707077197032
25.830000000001238,-0.35091877334763044,5.143816640484129,8.0,1.5479485964309396,1.6161594600441427,0.0,0.19864695348915778,0.16343087526575914,-0.7739742982154698
25.84000000000124,-0.33535350582244394,5.159808542982095,8.0,1.5650946670624082,1.582178950436264,0.0,0.1976601438337673,0.16601137069598756,-0.7825473335312041
25.85000000000124,-0.3196170859641718,5.175459386673819,8.0,1.5821789504362829,1.5479485964309303,0.0,0.19696219436024712,0.16879998238418834,-0.7910894752181414
25.860000000001243,-0.30371013501971333,5.190766700109663,8.0,1.5992007720943187,1.5134738033978308,0.0,0.19628919832970587,0.17015233502915433,-0.7996003860471593
25.870000000001244,-0.287633280968258,5.205728066087387,8.0,1.6161594600441422,1.47876001530643,0.0,0.19512162150437995,0.17262239836457577,-0.8080797300220711
25.880000000001246,-0.27138715849647355,5.220341122033863,8.0,1.6330543447857917,1.4438127138662822,0.0,0.19426634373549223,0.1753201739805469,-0.8165271723928959
25.890000000001248,-0.2549724089734582,5.234603560378161,8.0,1.649884759338146,1.4086374176614072,0.0,0.19349617844174843,0.1765074597748771,-0.824942379669073
25.90000000000125,-0.2383896804254153,5.248513128915928,8.0,1.6666500392652568,1.3732396812788406,0.0,0.1921801375109164,0.1788239139205111,-0.8333250196326284
25.91000000000125,-0.2216396275100756,5.262067631165048,8.0,1.6833495227025792,1.3376250944315005,0.0,0.1911942407469878,0.18136346465214626,-0.8416747613512896
25.920000000001252,-0.20472291149084754,5.275264926712488,8.0,1.6999825503831014,1.3017992810755077,0.0,0.19034848117808656,0.18237840076821477,-0.8499912751915507
25.930000000001254,-0.18764020021070138,5.288102931552299,8.0,1.7165484656633803,1.2657678985220764,0.0,0.1889131952986275,0.1845180607993274,-0.8582742328316901
25.940000000001255,-0.17039216806584978,5.30057961841468,8.0,1.7330466145494272,1.2295366365442422,0.0,0.18781732085794778,0.18687106557466704,-0.8665233072747136
25.950000000001257,-0.15297949597905802,5.312693017086149,8.0,1.7494763457225828,1.1931112164782567,0.0,0.18691945495394138,0.1877157886560678,-0.8747381728612914
25.96000000000126,-0.13540287137280504,5.324441214720631,8.0,1.7658370105651928,1.1564973903202054,0.0,0.18538810235592224,0.189667549800132,-0.8829185052825964
25.97000000000126,-0.1176629881421345,5.335822356141532,8.0,1.7821279631862228,1.1197009398176794,0.0,0.18420487736432936,0.1918200282459117,-0.8910639815931114
25.98000000000126,-0.09976054662726064,5.346834644134686,8.0,1.798348560446758,1.0827276755567712,0.0,0.18327849295154103,0.19251275743273422,-0.899174280223379
25.990000000001263,-0.08169625358591937,5.357476339732161,8.0,1.8144981619853926,1.0455834360445149,0.0,0.1816659582588229,0.19426312519888345,-0.9072490809926963
26.000000000001265,-0.06347082216547051,5.3677457624868605,8.0,1.8305761302435108,1.0082740867869198,0.0,0.1804239009285653,0.19621579390401908,-0.9152880651217554
26.010000000001266,-0.04508497187473903,5.377641290737883,8.0,1.8465818304904549,0.970805519362737,0.0,0.17965302959171295,0.1969677978234585,-0.9232909152452274
26.020000000001268,-0.026539428555612865,5.387161361866606,8.0,1.8625146308485865,0.9331836504931122,0.0,0.17779931943577792,0.19829041612904552,-0.9312573154242932
26.03000000000127,-0.007834924354376938,5.396304472543443,8.0,1.8783739023182364,0.8954144211072452,0.0,0.1765516754608478,0.20010314513189828,-0.9391869511591182
26.04000000000127,0.011027802307149948,5.405069178965217,8.0,1.8941590188025055,0.8575037954043334,0.0,0.1758002225539437,0.20081226520909454,-0.9470795094012527
26.050000000001273,0.030048006760827306,5.413454097083187,8.0,1.9098693571320318,0.8194577599116278,0.0,0.17389316854614656,0.20179365703251276,-0.9549346785660159
26.060000000001274,0.049224938121551265,5.4214579028215795,8.0,1.9255042970895586,0.7812823225391765,0.0,0.17256362468184525,0.20350276623193142,-0.9627521485447793
26.070000000001276,0.06855783931690684,5.429079332286685,8.0,1.9410632214344277,0.7429835116310843,0.0,0.17184842172364248,0.20408879290750587,-0.9705316107172138
26.080000000001277,0.08804594711706004,5.436317181966443,8.0,1.9565455159269476,0.7045673750135675,0.0,0.1700267594760608,0.2048375525342568,-0.9782727579634738
26.09000000000128,0.10768849216488219,5.443170308920483,8.0,1.971950569352641,0.6660399790399318,0.0,0.16861755557254415,0.2064438753670985,-0.9859752846763205
26.10000000000128,0.1274846990063292,5.449637630960616,8.0,1.9872777735463762,0.6274074076326255,0.0,0.16792619068870268,0.20692352174400946,-0.9936388867731881
26.110000000001282,0.14743378612105085,5.45571812682172,8.0,2.002526523416377,0.5886757613225165,0.0,0.16670881333699353,0.2071582016046442,-1.0012632617081885
26.120000000001284,0.16753496595325768,5.461410836323015,8.0,2.0176962169681163,0.5498511562855269,0.0,0.16518013095909242,0.20870365672167082,-1.0088481084840581
26.130000000001285,0.18778744494276678,5.466714860519671,8.0,2.03278625532805,0.5109397233769049,0.0,0.1641121039820302,0.20930453901481905,-1.016393127664025
26.140000000001287,0.2081904235563954,5.471629361844786,8.0,2.0477960427673114,0.4719476071629605,0.0,0.16295325777625733,0.20937282938898727,-1.0238980213836557
26.150000000001288,0.22874309631948408,5.476153564241629,8.0,2.0627249867251924,0.4328809649508549,0.0,0.16135932253759053,0.21080654092412687,-1.0313624933625962
26.16000000000129,0.24944465184770426,5.480286753286195,8.0,2.0775724978325485,0.3937459658162681,0.0,0.15971988601620687,0.21158862560020605,-1.0387862489162742
26.17000000000129,0.2702942728790898,5.484028276300021,8.0,2.0923379899350647,0.354548789629231,0.0,0.158695379204495,0.21143011013050048,-1.0461689949675324
26.180000000001293,0.2912911363063033,5.487377542453251,8.0,2.1070208801163943,0.31529562607825146,0.0,0.1571972080503786,0.21263628863673348,-1.0535104400581972
26.190000000001294,0.3124344132091288,5.490334022857931,8.0,2.1216205887211745,0.2759926736928913,0.0,0.1564450022089571,0.21277126321792658,-1.0608102943605873
26.200000000001296,0.3337232688871965,5.492897250651534,8.0,2.136136539377908,0.23664613886494648,0.0,0.15521831145743625,0.2125734556790539,-1.068068269688954
26.210000000001298,0.35515686289295,5.4950668210706795,8.0,2.150568159021727,0.19726223486836356,0.0,0.15360653700940993,0.21365972887938098,-1.0752840795108636
26.2200000000013,0.37673434906477343,5.496842391515044,8.0,2.1649148779169827,0.15784718087818075,0.0,0.15275254224905335,0.2137058269050813,-1.0824574389584913
26.2300000000013,0.39845487556047043,5.498223681601473,8.0,2.179176129679785,0.11840720098831477,0.0,0.151552736457817,0.21336306096615223,-1.0895880648398926
26.240000000001302,0.4203175848908476,5.49921047320825,8.0,2.1933513513003358,0.07894852322879291,0.0,0.14989656738195672,0.2142795371707077,-1.0966756756501679
26.250000000001304,0.4423216139535757,5.499802610509541,8.0,2.207439983165156,0.0394773785822529,0.0,0.14906622803187192,0.2141704634408984,-1.103719991582578
26.260000000001305,0.46446609406726314,5.5,8.0,2.2214414690791835,-1.5408811399980522e-15,-0.0,0.14794070344421592,0.2136843748906201,-1.1107207345395917
26.270000000001307,0.4867501510057535,5.499802610509541,8.0,2.235355256287729,-0.03947737858225598,-0.0,0.14626499664583945,0.2143956750806838,-1.1176776281438645
26.28000000000131,0.5091729050326346,5.49921047320825,8.0,2.2491807954982974,-0.07894852322879597,-0.0,0.14549524262358546,0.2141193849194818,-1.1245903977491487
26.29000000000131,0.531733470935972,5.498223681601473,8.0,2.262917540902274,-0.11840720098831785,-0.0,0.1446233866979822,0.21374869994673903,-1.131458770451137
26.30000000000131,0.554430958063266,5.4968423915150435,8.0,2.2765649501964784,-0.15784718087820615,-0.0,0.14281956309300248,0.21399929697176084,-1.1382824750982392
26.310000000001313,0.5772644703565635,5.495066821070679,8.0,2.2901224846045456,-0.1972622348683889,-0.0,0.14212023013897204,0.2135540082598539,-1.1450612423022728
26.320000000001315,0.6002331063879094,5.492897250651534,8.0,2.303589608898238,-0.23664613886494956,-0.0,0.14127218352369253,0.2130958296632099,-1.151794804449119
26.330000000001316,0.6233359593948817,5.4903340228579305,8.0,2.316965791418548,-0.2759926736928944,-0.0,0.13960766150617887,0.21302497518843683,-1.158482895709274
26.340000000001318,0.6465721173164023,5.487377542453251,8.0,2.3302505040966945,-0.3152956260782545,-0.0,0.13895059474415455,0.21245030029387066,-1.1651252520483473
26.35000000000132,0.6699406628287425,5.484028276300021,8.0,2.3434432224749666,-0.35454878962923403,-0.0,0.13825192322825958,0.21184938866710734,-1.1717216112374833
26.36000000000132,0.6934406733817404,5.480286753286195,8.0,2.356543425727433,-0.39374596581627114,-0.0,0.1366807356452998,0.21159528040835426,-1.1782717128637166
26.370000000001323,0.7170712212352157,5.476153564241629,8.0,2.369550596680501,-0.4328809649508579,-0.0,0.13612357043198045,0.21088990131851276,-1.1847752983402504
26.380000000001324,0.7408313734956025,5.471629361844785,8.0,2.382464221833332,-0.4719476071629636,-0.0,0.13555235885044756,0.21016102419338445,-1.191232110916666
26.390000000001326,0.7647201921527871,5.4667148605196685,8.0,2.395283791378124,-0.5109397233769299,-0.0,0.13414470895520597,0.20972036865051397,-1.197641895689062
26.400000000001327,0.788736734117085,5.461410836323012,8.0,2.4080087992202084,-0.549851156285552,-0.0,0.1336691223702026,0.20889566389923767,-1.2040043996101042
26.41000000000133,0.8128800512565575,5.45571812682172,8.0,2.420638742998071,-0.5886757613225196,-0.0,0.13321335318831737,0.20803664731659396,-1.2103193714990355
26.42000000000133,0.8371491904343817,5.449637630960616,8.0,2.4331731241031576,-0.6274074076326286,-0.0,0.13252715909616436,0.2072282423240535,-1.2165865620515788
26.430000000001332,0.8615431935465003,5.443170308920482,8.0,2.4456114476995645,-0.666039979039935,-0.0,0.131991613370924,0.20633287766728814,-1.2228057238497823
26.440000000001334,0.886061097559439,5.436317181966443,8.0,2.457953222743573,-0.7045673750135705,-0.0,0.13072535247301492,0.20564611894293688,-1.2289766113717866
26.450000000001335,0.910701934548328,5.429079332286685,8.0,2.4701979620030383,-0.7429835116310873,-0.0,0.13037783272917453,0.20462130579245508,-1.2350989810015192
26.460000000001337,0.9354647317351157,5.421457902821579,8.0,2.48234518207662,-0.7812823225391795,-0.0,0.13009425146321588,0.2035455776585874,-1.24117259103831
26.47000000000134,0.9603485115269699,5.413454097083186,8.0,2.494394403412869,-0.8194577599116308,-0.0,0.12968619267112136,0.20247602635767115,-1.2471972017064346
26.48000000000134,0.9853522915548854,5.405069178965212,8.0,2.5063451503291656,-0.8575037954043577,-0.0,0.12921583552059107,0.20139163435136198,-1.2531725751645828
26.49000000000134,1.010475084712413,5.396304472543437,8.0,2.5181969510304705,-0.8954144211072694,-0.0,0.12886068046160437,0.20023792562619241,-1.2590984755152352
26.500000000001343,1.03571589919471,5.387161361866605,8.0,2.5299493376279925,-0.9331836504931152,-0.0,0.12823373767637214,0.1991286616193891,-1.2649746688139962
26.510000000001344,1.0610737385376385,5.377641290737882,8.0,2.541601846157632,-0.97080551936274,-0.0,0.12803068421997,0.19786164673474996,-1.270800923078816
26.520000000001346,1.0865476016571227,5.36774576248686,8.0,2.5531540165983047,-1.0082740867869227,-0.0,0.12775464663816047,0.19658173132688458,-1.2765770082991523
26.530000000001348,1.1121364828886637,5.357476339732161,8.0,2.564605392890102,-1.045583436044518,-0.0,0.12740858608975886,0.19528545958969995,-1.282302696445051
26.54000000000135,1.1378393720270457,5.346834644134685,8.0,2.5759555229522957,-1.0827276755567738,-0.0,0.12725886078546464,0.19390094879528932,-1.2879777614761478
26.55000000000135,1.1636552543662155,5.335822356141531,8.0,2.587203958701186,-1.119700939817682,-0.0,0.1268848200914237,0.19253956198046535,-1.293601979350593
26.560000000001352,1.1895831107393438,5.32444121472063,8.0,2.598350256067789,-1.1564973903202083,-0.0,0.1268414477062449,0.1910577159345227,-1.2991751280338946
26.570000000001354,1.2156219175590546,5.312693017086147,8.0,2.6093939750153714,-1.1931112164782596,-0.0,0.12667823423005994,0.18957121550775435,-1.3046969875076857
26.580000000001355,1.2417706468578569,5.300579618414672,8.0,2.620334679556824,-1.2295366365442655,-0.0,0.12662422730114994,0.1880216621123365,-1.310167339778412
26.590000000001357,1.268028266328661,5.288102931552291,8.0,2.631171937771853,-1.2657678985221,-0.0,0.12656177573055277,0.18643848026715493,-1.3155859688859266
26.60000000000136,1.2943937393656255,5.275264926712487,8.0,2.6419053218240673,-1.3017992810755104,-0.0,0.1265618734346238,0.18480436122674457,-1.3209526609120337
26.61000000000136,1.32086602510502,5.262067631165047,8.0,2.652534407977842,-1.3376250944315031,-0.0,0.12659290632427547,0.1831275442704483,-1.326267203988921
26.62000000000136,1.3474440784663315,5.248513128915927,8.0,2.663058776615056,-1.3732396812788432,-0.0,0.12666972310400693,0.1814036202790895,-1.331529388307528
26.630000000001363,1.3741268501935213,5.23460356037816,8.0,2.673478012251657,-1.40863741766141,-0.0,0.12679106031085743,0.17963428421286545,-1.3367390061258284
26.640000000001365,1.4009132868964511,5.2203411220338625,8.0,2.683791703554061,-1.443812713866285,-0.0,0.1269557298369886,0.1778170822604614,-1.3418958517770305
26.650000000001366,1.4278023310924643,5.205728066087385,8.0,2.693999443355397,-1.4787600153064326,-0.0,0.12716833890624307,0.17595574302828948,-1.3469997216776985
26.660000000001368,1.4547929212481385,5.190766700109662,8.0,2.7041008286715744,-1.5134738033978337,-0.0,0.12742483830531928,0.17404130710940852,-1.3520504143357872
26.67000000000137,1.4818839918212046,5.1754593866738094,8.0,2.7140954607172043,-1.5479485964309525,-0.0,0.12773274455342717,0.17209164481104205,-1.3570477303586022
26.68000000000137,1.5090744733025527,5.159808542982084,8.0,2.7239829449213153,-1.582178950436286,-0.0,0.12808051329933923,0.17006158506074412,-1.3619914724606577
26.690000000001373,1.5363632922585473,5.143816640484127,8.0,2.7337628909429665,-1.6161594600441453,-0.0,0.12851511201657406,0.16817344663310335,-1.3668814454714833
26.700000000001374,1.563749371373342,5.127486204486727,8.0,2.7434349126866353,-1.649884759338149,-0.0,0.12892853145717545,0.16588238897127358,-1.3717174563433177
26.710000000001376,1.5912316294914253,5.110819813755036,8.0,2.752998628317464,-1.6833495227025823,-0.0,0.12953173875197815,0.16429242390274523,-1.376499314158732
26.720000000001377,1.6188089816603046,5.093820100105354,8.0,2.762453660276335,-1.716548465663374,-0.0,0.13002419226591513,0.16180332816913318,-1.3812268301381676
26.73000000000138,1.6464803391733356,5.076489747989532,8.0,2.7717996352947774,-1.7494763457225766,-0.0,0.13054671182893207,0.1591550265791017,-1.3858998176473887
26.74000000000138,1.674244609612705,5.058831494071071,8.0,2.7810361844096994,-1.7821279631862161,-0.0,0.13131223989433477,0.1575547957058946,-1.3905180922048497
26.750000000001382,1.7021006968925558,5.040848126792963,8.0,2.790162942977957,-1.8144981619853864,-0.0,0.13191890358712455,0.15469945175145342,-1.3950814714889785
26.760000000001384,1.7300475013022751,5.022542485937363,8.0,2.7991795506907557,-1.8465818304904669,-0.0,0.1327173163535836,0.15266128218864172,-1.3995897753453779
26.770000000001385,1.758083919549846,5.003917462177187,8.0,2.808085651587851,-1.8783739023182393,-0.0,0.13343452510843157,0.14979139521476387,-1.4040428257939255
26.780000000001387,1.7862088448054978,4.984975996619585,8.0,2.8168808940716343,-1.9098693571320344,-0.0,0.1343041821043172,0.14752022596457887,-1.4084404470358172
26.79000000000139,1.8144211667453392,4.965721080341544,8.0,2.8255649309209923,-1.9410632214344306,-0.0,0.13523234250524593,0.14529715990919495,-1.4127824654604961
26.80000000000139,1.842719771595207,4.946155753917557,8.0,2.8341374193050197,-1.9719505693526433,-0.0,0.13606666619031596,0.14210092410110917,-1.4170687096525099
26.81000000000139,1.871103542174637,4.926283106939473,8.0,2.8425980207965535,-2.002526523416379,-0.0,0.13697624074411513,0.13903168286353385,-1.4212990103982768
26.820000000001393,1.899571357940967,4.906106277528621,8.0,2.8509464013855332,-2.0327862553280442,-0.0,0.13807386821098228,0.13693840338754906,-1.4254732006927666
26.830000000001395,1.9281220950335758,4.885628451840262,8.0,2.859182231492189,-2.0627249867251867,-0.0,0.1391802313012192,0.13457322879627792,-1.4295911157460945
26.840000000001396,1.9567546263182494,4.8648528635604595,8.0,2.8673051859800496,-2.0923379899350585,-0.0,0.14019359940988071,0.13116042986836765,-1.4336525929900248
26.850000000001398,1.9854678214316959,4.843782793395428,8.0,2.875314944168785,-2.121620588721185,-0.0,0.14138783009651243,0.12877743023283,-1.4376574720843924
26.8600000000014,2.0142605468261046,4.822421568553523,8.0,2.8832111898468478,-2.15056815902173,-0.0,0.14261102941224715,0.12628923550088406,-1.4416055949234239
26.8700000000014,2.043131665813994,4.800772562219763,8.0,2.890993611283984,-2.179176129679788,-0.0,0.14375053428718043,0.12273596539376211,-1.445496805641992
26.880000000001402,2.072080038613021,4.77883919302321,8.0,2.89866190124352,-2.2074399831651585,-0.0,0.1450657915225826,0.12029443924670444,-1.44933095062176
26.890000000001404,2.1011045223909965,4.756624924497121,8.0,2.9062157569944995,-2.2353552562877312,-0.0,0.14640830704241045,0.1177728191743207,-1.4531078784972498
26.900000000001405,2.1302039713109986,4.734133264532012,8.0,2.9136548803236315,-2.262917540902276,-0.0,0.1476779389646396,0.11420628729238244,-1.4568274401618158
26.910000000001407,2.1593772365766086,4.7113677648217225,8.0,2.9209789775470645,-2.2901224846045403,-0.0,0.14910115005938462,0.1116993412751995,-1.4604894887735322
26.92000000000141,2.188623166477268,4.688332020302564,8.0,2.9281877595219807,-2.316965791418543,-0.0,0.15055546230621553,0.10917676194661811,-1.4640938797609904
26.93000000000141,2.2179406064337415,4.665029668585634,8.0,2.9352809416580117,-2.3434432224749613,-0.0,0.15201786771761566,0.10637836668974335,-1.4676404708290058
26.94000000000141,2.2473283990437145,4.641464389382383,8.0,2.942258243928476,-2.36955059668051,-0.0,0.15351552030703355,0.10359802866056764,-1.471129121964238
26.950000000001413,2.2767853841274226,4.617639903923605,8.0,2.9491193908814193,-2.395283791378126,-0.0,0.15503605566467174,0.1007173701100506,-1.4745596954407096
26.960000000001415,2.306310398773549,4.593559974371719,8.0,2.9558641116505115,-2.4206387429980736,-0.0,0.15659728603379156,0.0979118413601021,-1.4779320558252558
26.970000000001416,2.3359022773850713,4.569228403226748,8.0,2.962492139965726,-2.4456114476995663,-0.0,0.15818410673908068,0.09504184540448772,-1.481246069982863
26.980000000001418,2.36555985172529,4.544649032725834,8.0,2.969003214163854,-2.4701979620030405,-0.0,0.15980419854788622,0.09219763522283303,-1.484501607081927
26.99000000000142,2.395281950963953,4.519825744236513,8.0,2.975397077198834,-2.4943944034128713,-0.0,0.16145411013790892,0.08934545058421281,-1.487698538599417
27.00000000000142,2.425067401723475,4.494762457643798,8.0,2.981673476651902,-2.518196951030466,-0.0,0.1631327366637629,0.08648350033701581,-1.490836738325951
27.010000000001423,2.4549150281252596,4.469463130731185,8.0,2.9878321647415556,-2.5416018461576275,0.0,0.16484158418843212,0.08363563342392091,-1.4939160823707778
27.020000000001424,2.484823651836125,4.4439317585556735,8.0,2.9938728983333323,-2.5646053928900976,0.0,0.16657813485633274,0.08077724605705498,-1.4969364491666661
27.030000000001426,2.5147920921148357,4.4181723728168825,8.0,2.999795438949418,-2.587203958701194,0.0,0.16834325007563267,0.07793017538112398,-1.499897719474709
27.040000000001427,2.544819165858649,4.392189041220463,8.0,3.005599552778043,-2.6093939750153794,0.0,0.1701355861649834,0.07508234378317813,-1.5027997763890215
27.05000000000143,2.574903687650126,4.3659858668356675,8.0,3.011285010682735,-2.631171937771855,0.0,0.17195548824301543,0.07224131657957984,-1.5056425053413676
27.06000000000143,2.6050444698038584,4.339566987447487,8.0,3.016851588211351,-2.6525344079778437,0.0,0.1738023700323565,0.06940465558867134,-1.5084257941056756
27.070000000001432,2.6352403224133765,4.312936574903237,8.0,3.022299065604942,-2.6734780122516586,0.0,0.17567602156583534,0.0665746007731861,-1.511149532802471
27.080000000001434,2.665490053398123,4.286098834453766,8.0,3.027627227806428,-2.693999443355399,0.0,0.17757627906539464,0.06375058943578932,-1.513813613903214
27.090000000001435,2.695792468550514,4.259058004089403,8.0,3.032835864469088,-2.7140954607172008,0.0,0.17950261608730025,0.06093355254687248,-1.516417932234544
27.100000000001437,2.726146371583086,4.2318183538707315,8.0,3.0379247699648655,-2.7337628909429625,0.0,0.18145449842057323,0.05812369378992483,-1.5189623849824327
27.11000000000144,2.756550564175721,4.204384185254293,8.0,3.0428937433924856,-2.75299862831746,0.0,0.18343143636202716,0.055320949094328505,-1.5214468716962428
27.12000000000144,2.7870038460229734,4.176759830413322,8.0,3.0477425885853875,-2.771799635294784,0.0,0.18543253013163802,0.05252566106379839,-1.5238712942926937
27.13000000000144,2.817505014881385,4.148949651553712,8.0,3.0524711141194607,-2.7901629429779637,0.0,0.18745675741818807,0.049737916810244316,-1.5262355570597304
27.140000000001443,2.8480528666170537,4.120958040225075,8.0,3.057079133320616,-2.8080856515878523,0.0,0.18950309030868143,0.046957478342646325,-1.528539566660308
27.150000000001445,2.878646195253099,4.092789416627328,8.0,3.061566464272146,-2.8255649309209936,0.0,0.19157004750427956,0.044184557452149394,-1.530783232136073
27.160000000001446,2.9092837930172903,4.0644482289126795,8.0,3.0659329298219085,-2.842598020796555,0.0,0.1936559853530748,0.041419127262781665,-1.5329664649109542
27.170000000001448,2.939964450389728,4.035938952483209,8.0,3.070178357589319,-2.859182231492191,0.0,0.19575923444515875,0.038660928762899664,-1.5350891787946594
27.18000000000145,2.970686956150592,4.007266089284157,8.0,3.074302579972159,-2.8753149441687818,0.0,0.1978777196117077,0.035910167791888686,-1.5371512899860795
27.19000000000145,3.001450097427962,3.978434167093009,8.0,3.0783054341531915,-2.8909936112839802,0.0,0.2000096206506215,0.033166800929146624,-1.5391527170765957
27.200000000001452,3.032252659745694,3.9494477388045075,8.0,3.0821867621065864,-2.9062157569944964,0.0,0.20215284843644418,0.030430629620987117,-1.5410933810532932
27.210000000001454,3.0630934270713874,3.920311381711685,8.0,3.0859464106041647,-2.92097897754707,0.0,0.2043047749424202,0.027701946494743415,-1.5429732053020824
27.220000000001455,3.093971181864322,3.8910296967831184,8.0,3.089584231221437,-2.935280941658017,0.0,0.2064627047321326,0.024980777681787306,-1.5447921156107185
27.230000000001457,3.124884705123627,3.861607307936286,8.0,3.093100080343476,-2.9491193908814206,0.0,0.20862400019416355,0.02226703096229783,-1.546550040171738
27.24000000000146,3.155832776436336,3.8320488613074617,8.0,3.0964938191705786,-2.9624921399657276,0.0,0.2107857139703313,0.019561118374578967,-1.5482469095852893
27.25000000000146,3.186814174025585,3.8023590245180205,8.0,3.099765313723747,-2.975397077198835,0.0,0.2129449517824914,0.01686315414797948,-1.5498826568618735
27.26000000000146,3.217827674798847,3.7725424859373673,8.0,3.1029144348499784,-2.9878321647415564,0.0,0.2150989226723093,0.01417315192565817,-1.5514572174249892
27.270000000001463,3.2488720543962137,3.742603953942588,8.0,3.1059410582273617,-2.9997954389494152,0.0,0.21724463840556377,0.011491634964343805,-1.5529705291136808
27.280000000001465,3.2799460872387365,3.712548156174943,8.0,3.10884506436999,-3.011285010682733,0.0,0.21937929577997925,0.008818788751931317,-1.554422532184995
27.290000000001466,3.311048546576805,3.6823798387933175,8.0,3.111626338632672,-3.02229906560494,0.0,0.2215000730288193,0.006154695910384743,-1.555813169316336
27.300000000001468,3.342178204538581,3.652103765724749,8.0,3.114284771215462,-3.032835864469086,0.0,0.22360510405031803,0.0034999729899070665,-1.557142385607731
27.31000000000147,3.3733338321784876,3.6217247179121284,8.0,3.1168202571679964,-3.042893743392489,0.0,0.2256836678665922,0.0008547881051934135,-1.5584101285839982
27.32000000000147,3.4045141995256585,3.5912474925593045,8.0,3.1192326963936265,-3.052471114119462,0.0,0.22778613694648242,-0.0017810742526259203,-1.5596163481968133
27.330000000001473,3.4357180756325967,3.560676902373448,8.0,3.1215219936533853,-3.061566464272147,0.0,0.2296322675858658,-0.004401621570503091,-1.5607609968266927
27.340000000001474,3.4669442286237038,3.5300177748051333,8.0,3.1236880585697366,-3.0701783575893193,0.0,0.2310933369371855,-0.007024986708168157,-1.5618440292848683
27.350000000001476,3.4981914257439266,3.4992749512860164,8.0,3.125730805630146,-3.0783054341531924,0.0,0.23307144719851478,-0.00961789015339862,-1.562865402815073
27.360000000001477,3.5294584334074277,3.468453286464312,8.0,3.1276501541904578,-3.0859464106041634,0.0,0.23530132276804142,-0.012206340016747004,-1.5638250770952289
27.37000000000148,3.5607440172462814,3.437557647438193,8.0,3.129446028478077,-3.0931000803434747,0.0,0.2365874652592637,-0.014820323141158054,-1.5647230142390385
27.38000000000148,3.5920469421592074,3.4065929129872137,8.0,3.1311183575949615,-3.099765313723746,0.0,0.23866354274186805,-0.017360160065969597,-1.5655591787974807
27.390000000001482,3.6233659723603298,3.375563972801899,8.0,3.1326670755204216,-3.1059410582273608,0.0,0.24101452800775022,-0.0199147413880405,-1.5663335377602108
27.400000000001484,3.6546998714279804,3.344475726711586,8.0,3.1340921211137265,-3.1116263386326737,0.0,0.24225647621537685,-0.022511531921690062,-1.5670460605568632
27.410000000001485,3.6860474023534406,3.3133330839107535,8.0,3.135393438116514,-3.116820257167997,0.0,0.2446032732734026,-0.025032643159402852,-1.567696719058257
27.420000000001487,3.717407327589883,3.282140962183699,8.0,3.136570975155018,-3.121521993653386,0.0,0.24659326213972155,-0.027507372228106404,-1.568285487577509
27.43000000000149,3.7487784091011553,3.2509042871280336,8.0,3.1376246857420926,-3.1257308056301465,0.0,0.2477939142991591,-0.03008641773900536,-1.5688123428710463
27.44000000000149,3.780159408410677,3.2196279913768566,8.0,3.138554528279048,-3.129446028478077,0.0,0.24999767388917826,-0.0325696621636237,-1.569277264139524
27.45000000000149,3.8115490866503268,3.1883170138198325,8.0,3.1393604660572936,-3.132667075520422,0.0,0.25185370713243366,-0.034987415507695734,-1.5696802330286468
27.460000000001493,3.842946204609356,3.156976298823286,8.0,3.1400424672597853,-3.135393438116513,0.0,0.25290490335980814,-0.03753741348754545,-1.5700212336298927
27.470000000001495,3.8743495227833082,3.125610795449428,8.0,3.140600504962283,-3.137624685742092,0.0,0.25466709589844283,-0.039927011936830084,-1.5703002524811416
27.480000000001496,3.905757801422953,3.0942254566748426,8.0,3.141034557134415,-3.1393604660572936,0.0,0.25673008957953614,-0.04235716636585891,-1.5705172785672075
27.490000000001498,3.9371698005832463,3.062825238608334,8.0,3.1413446066405433,-3.1406005049622836,0.0,0.25767679196537613,-0.04488955548754462,-1.5706723033202716
27.5000000000015,3.9685842801722124,3.031415099708374,8.0,3.141530641240445,-3.1413446066405433,0.0,0.2592991611465306,-0.04720429576341743,-1.5707653206202226
27.5100000000015,4.000000000000005,2.9999999999999947,8.0,3.141592653589793,-3.141592653589793,0.0,0.2612996737673021,-0.04961306558670538,-1.5707963267948966
27.520000000001502,4.031415719827798,2.968584900291615,8.0,3.141530641240445,-3.1413446066405433,0.0,0.262081490053489,-0.0521243477816249,-1.5707653206202226
27.530000000001504,4.062830199416765,2.937174761391655,8.0,3.1413446066405433,-3.140600504962283,0.0,0.2635765638910959,-0.0543796300093098,-1.5706723033202716
27.540000000001505,4.0942421985770405,2.905774543325164,8.0,3.141034557134415,-3.1393604660572936,0.0,0.26543368157152253,-0.05675098695228167,-1.5705172785672075
27.550000000001507,4.125650477216685,2.8743892045505786,8.0,3.140600504962283,-3.1376246857420926,0.0,0.2660799041296011,-0.059237475142785614,-1.5703002524811416
27.56000000000151,4.157053795390637,2.8430237011767208,8.0,3.1400424672597853,-3.135393438116514,0.0,0.2674417378441458,-0.06143765692125931,-1.5700212336298927
27.57000000000151,4.188450913349667,2.811682986180174,8.0,3.139360466057294,-3.132667075520423,0.0,0.26913684685348105,-0.06376941919274982,-1.569680233028647
27.58000000000151,4.219840591589334,2.7803720086231323,8.0,3.1385545282790477,-3.129446028478076,0.0,0.26965617471179254,-0.06622710235427229,-1.5692772641395238
27.590000000001513,4.251221590898855,2.7490957128719553,8.0,3.1376246857420926,-3.125730805630145,0.0,0.2708979772408092,-0.06837697536554699,-1.5688123428710463
27.600000000001515,4.282592672410129,2.7178590378162903,8.0,3.1365709751550175,-3.1215219936533845,0.0,0.2724208566444279,-0.07066877702562212,-1.5682854875775087
27.610000000001516,4.313952597646571,2.686666916089236,8.0,3.1353934381165134,-3.116820257167995,0.0,0.27279790987926344,-0.07308628370616457,-1.5676967190582567
27.620000000001518,4.345300128572031,2.6555242732884032,8.0,3.134092121113726,-3.111626338632672,0.0,0.27396237212727254,-0.07519833840790302,-1.567046060556863
27.63000000000152,4.376634027639664,2.6244360271981075,8.0,3.132667075520422,-3.105941058227362,0.0,0.27528894228045747,-0.07744806272790518,-1.566333537760211
27.64000000000152,4.4079530578407855,2.593407087012793,8.0,3.1311183575949615,-3.0997653137237475,0.0,0.2751491180605781,-0.07969761511801507,-1.5655591787974807
27.650000000001523,4.439255982753712,2.562442352561814,8.0,3.129446028478077,-3.093100080343476,0.0,0.27660040599948155,-0.0819020762468645,-1.5647230142390385
27.660000000001524,4.470541566592566,2.531546713535694,8.0,3.127650154190458,-3.085946410604165,0.0,0.2768186467186341,-0.08409363140865983,-1.563825077095229
27.670000000001526,4.501808574256084,2.500725048713973,8.0,3.1257308056301456,-3.0783054341531892,0.0,0.2779547074336541,-0.0863080978388131,-1.5628654028150728
27.680000000001527,4.533055771376308,2.4699822251948556,8.0,3.1236880585697357,-3.0701783575893167,0.0,0.27920249030005095,-0.08850238743299611,-1.5618440292848679
27.69000000000153,4.564281924367414,2.4393230976265414,8.0,3.121521993653385,-3.061566464272144,0.0,0.2790608219423743,-0.09064710841474072,-1.5607609968266924
27.70000000000153,4.595485800474353,2.4087525074406844,8.0,3.119232696393626,-3.0524711141194585,0.0,0.2801556568711812,-0.09281955205045486,-1.559616348196813
27.710000000001532,4.626666167821523,2.378275282087861,8.0,3.116820257167995,-3.042893743392486,0.0,0.28021514618888677,-0.09494603589686201,-1.5584101285839975
27.720000000001534,4.6578217954614125,2.3478962342752574,8.0,3.1142847712154627,-3.0328358644690883,0.0,0.2812343760479302,-0.09709062058938868,-1.5571423856077313
27.730000000001535,4.688951453423188,2.3176201612066887,8.0,3.1116263386326724,-3.022299065604942,0.0,0.2812696445341181,-0.09919082903499027,-1.5558131693163362
27.740000000001537,4.720053912761257,2.2874518438250635,8.0,3.1088450643699903,-3.011285010682735,0.0,0.28221357737524944,-0.10131067671330671,-1.5544225321849952
27.75000000000154,4.75112794560378,2.2573960460574183,8.0,3.1059410582273626,-2.999795438949418,0.0,0.2822001922948258,-0.10338114920369577,-1.5529705291136813
27.76000000000154,4.782172325201165,2.227457514062622,8.0,3.102914434849977,-2.987832164741552,0.0,0.283034782474263,-0.10547333350518884,-1.5514572174249885
27.77000000000154,4.813185825974426,2.197640975481969,8.0,3.099765313723746,-2.9753970771988305,0.0,0.2829945073422512,-0.1075155219938014,-1.549882656861873
27.780000000001543,4.844167223563675,2.1679511386925276,8.0,3.0964938191705773,-2.9624921399657227,0.0,0.283598118289396,-0.10957300275458356,-1.5482469095852887
27.790000000001545,4.875115294876384,2.1383926920637037,8.0,3.0931000803434747,-2.9491193908814157,0.0,0.2843221765467766,-0.11162654019485106,-1.5465500401717374
27.800000000001546,4.906028818135689,2.1089703032168714,8.0,3.0895842312214357,-2.9352809416580117,0.0,0.28398945355328775,-0.11361201191415232,-1.5447921156107178
27.810000000001548,4.936906572928623,2.079688618288305,8.0,3.085946410604164,-2.9209789775470645,0.0,0.2837427605909682,-0.11558708303799774,-1.542973205302082
27.82000000000155,4.9677473402542995,2.0505522611954987,8.0,3.0821867621065877,-2.9062157569945,0.0,0.2846425285108044,-0.11761711300789979,-1.5410933810532939
27.83000000000155,4.998549902572032,2.0215658329069974,8.0,3.0783054341531924,-2.890993611283984,0.0,0.28430676701693064,-0.119563172631865,-1.5391527170765962
27.840000000001552,5.029313043849401,1.9927339107158486,8.0,3.07430257997216,-2.8753149441687853,0.0,0.2848964264663057,-0.12154996829371992,-1.53715128998608
27.850000000001554,5.060035549610266,1.9640610475167966,8.0,3.07017835758932,-2.859182231492194,0.0,0.28449531351439905,-0.12346373778694077,-1.53508917879466
27.860000000001556,5.090716206982721,1.935551771087311,8.0,3.0659329298219067,-2.8425980207965487,0.0,0.28426330572050407,-0.12537322856849106,-1.5329664649109533
27.870000000001557,5.121353804746912,1.9072105833726622,8.0,3.0615664642721447,-2.825564930920988,0.0,0.28479857381875107,-0.12732515776997924,-1.5307832321360724
27.88000000000156,5.151947133382957,1.8790419597749155,8.0,3.057079133320615,-2.808085651587846,0.0,0.28440125745348876,-0.12919736506645052,-1.5285395666603074
27.89000000000156,5.182494985118625,1.8510503484462784,8.0,3.0524711141194594,-2.7901629429779575,0.0,0.28392252525994977,-0.131047464991223,-1.5262355570597297
27.90000000000156,5.212996153977038,1.8232401695866682,8.0,3.047742588585386,-2.7717996352947774,0.0,0.284504511888699,-0.13296945544044705,-1.523871294292693
27.910000000001563,5.243449435824273,1.7956158147457133,8.0,3.0428937433924865,-2.752998628317464,0.0,0.28387405500301643,-0.1347809275972485,-1.5214468716962433
27.920000000001565,5.273853628416908,1.7681816461292743,8.0,3.037924769964867,-2.733762890942967,0.0,0.28331794106699104,-0.13658083559002843,-1.5189623849824334
27.930000000001566,5.30420753144948,1.7409419959106027,8.0,3.032835864469089,-2.714095460717205,0.0,0.28367915738886523,-0.13844947110564879,-1.5164179322345446
27.940000000001568,5.33450994660187,1.7139011655462404,8.0,3.027627227806429,-2.693999443355403,0.0,0.2829550231364464,-0.1402063260828772,-1.5138136139032146
27.95000000000157,5.364759677586634,1.6870634250967538,8.0,3.0222990656049404,-2.673478012251651,0.0,0.2822324007311353,-0.14194376830387506,-1.5111495328024702
27.96000000000157,5.394955530196152,1.660433012552503,8.0,3.0168515882113494,-2.6525344079778366,0.0,0.2824509195614473,-0.14375814346910434,-1.5084257941056747
27.970000000001573,5.4250963123498845,1.6340141331643236,8.0,3.011285010682733,-2.6311719377718474,0.0,0.2815851980334928,-0.14544804389764837,-1.5056425053413665
27.980000000001574,5.455180834141362,1.607810958779528,8.0,3.005599552778041,-2.609393975015372,0.0,0.28071118214936525,-0.14711447059294783,-1.5027997763890204
27.990000000001576,5.485207907885175,1.5818276271831084,8.0,2.9997954389494157,-2.5872039587011866,0.0,0.28067315315996705,-0.14885246224426155,-1.4998977194747078
28.000000000001577,5.515176348163869,1.5560682414443323,8.0,2.993872898333333,-2.5646053928901025,0.0,0.27971201528413575,-0.150469828902518,-1.4969364491666666
28.01000000000158,5.545084971874734,1.53053686926882,8.0,2.9878321647415564,-2.5416018461576324,0.0,0.2787166454797526,-0.1520579271206415,-1.4939160823707782
28.02000000000158,5.5749325982765185,1.5052375423562072,8.0,2.9816734766519035,-2.518196951030471,0.0,0.27788483601348285,-0.15364345643206906,-1.4908367383259518
28.030000000001582,5.60471804903604,1.4801742557634925,8.0,2.9753970771988354,-2.494394403412876,0.0,0.27705708747319663,-0.15520712344469695,-1.4876985385994177
28.040000000001584,5.63444014827472,1.4553509672741576,8.0,2.9690032141638514,-2.470197962003032,0.0,0.27613484185872317,-0.1567358237939716,-1.4845016070819257
28.050000000001585,5.664097722614939,1.4307715967732437,8.0,2.962492139965724,-2.445611447699558,0.0,0.27591942141876624,-0.15833302396550517,-1.481246069982862
28.060000000001587,5.6936896012264615,1.4064400256282723,8.0,2.9558641116505093,-2.4206387429980643,0.0,0.27471439298850275,-0.15978116096023248,-1.4779320558252547
28.07000000000159,5.723214615872588,1.382360096076387,8.0,2.9491193908814166,-2.3952837913781178,0.0,0.27346242589649794,-0.1611992065127304,-1.4745596954407083
28.08000000000159,5.752671600956296,1.3585356106176083,8.0,2.9422582439284737,-2.3695505966805013,0.0,0.27230464194662196,-0.1626121214551444,-1.4711291219642368
28.09000000000159,5.782059393566252,1.334970331414372,8.0,2.935280941658013,-2.3434432224749675,0.0,0.2712409967744506,-0.16402310568186915,-1.4676404708290065
28.100000000001593,5.811376833522726,1.3116679796974413,8.0,2.928187759521982,-2.316965791418549,0.0,0.2700102080230021,-0.16539767125337346,-1.464093879760991
28.110000000001595,5.840622763423385,1.288632235178282,8.0,2.920978977547066,-2.290122484604546,0.0,0.26951746612053096,-0.16687544672172183,-1.460489488773533
28.120000000001596,5.869796028688995,1.2658667354679927,8.0,2.913654880323633,-2.2629175409022824,0.0,0.26807698772979266,-0.16820572931060424,-1.4568274401618164
28.130000000001598,5.898895477609013,1.243375075502871,8.0,2.906215756994497,-2.2353552562877215,0.0,0.2665845519924783,-0.16952328045072487,-1.4531078784972484
28.1400000000016,5.927919961386989,1.2211608069767819,8.0,2.8986619012435173,-2.207439983165149,0.0,0.2651410603135689,-0.17085204389089376,-1.4493309506217587
28.1500000000016,5.956868334186017,1.1992274377802294,8.0,2.8909936112839807,-2.179176129679778,0.0,0.2637997206929236,-0.17220577424795483,-1.4454968056419903
28.160000000001602,5.985739453173906,1.1775784314464692,8.0,2.883211189846845,-2.1505681590217196,0.0,0.26231883891702834,-0.1735478408160578,-1.4416055949234226
28.170000000001604,6.014532178568314,1.1562172066045646,8.0,2.875314944168782,-2.121620588721175,0.0,0.26098545048971805,-0.1749309350373691,-1.437657472084391
28.180000000001606,6.043245373681744,1.1351471364395456,8.0,2.8673051859800514,-2.0923379899350647,0.0,0.25940166218028543,-0.17628861955614752,-1.4336525929900257
28.190000000001607,6.071877904966418,1.1143715481597425,8.0,2.859182231492191,-2.0627249867251933,0.0,0.2579638823708871,-0.17769296007802063,-1.4295911157460954
28.20000000000161,6.100428642059027,1.0938937224713836,8.0,2.850946401385535,-2.032786255328051,0.0,0.25632467480354043,-0.17908297533684103,-1.4254732006927675
28.21000000000161,6.128896457825357,1.0737168930605314,8.0,2.8425980207965553,-2.002526523416386,0.0,0.2547718058014439,-0.18051336385144823,-1.4212990103982777
28.220000000001612,6.157280228404803,1.0538442460824358,8.0,2.8341374193050166,-1.9719505693526325,0.0,0.2530830452655906,-0.18194285163775567,-1.4170687096525083
28.230000000001613,6.18557883325467,1.0342789196584485,8.0,2.825564930920989,-1.9410632214344197,0.0,0.2514301798862706,-0.1834051470561945,-1.4127824654604946
28.240000000001615,6.213791155194512,1.0150240033804088,8.0,2.8168808940716312,-1.9098693571320233,0.0,0.24968256949802953,-0.1848749318664913,-1.4084404470358156
28.250000000001616,6.241916080450164,0.9960825378228066,8.0,2.808085651587848,-1.878373902318228,0.0,0.24794020216890736,-0.18637174122728398,-1.404042825793924
28.260000000001618,6.269952498697735,0.9774575140626309,8.0,2.7991795506907526,-1.8465818304904558,0.0,0.24612947654990233,-0.1878800176092899,-1.3995897753453763
28.27000000000162,6.297899303107439,0.9591518732070408,8.0,2.790162942977959,-1.8144981619853935,0.0,0.24430646927074667,-0.18941100869728017,-1.3950814714889794
28.28000000000162,6.32575539038729,0.9411685059289332,8.0,2.781036184409701,-1.7821279631862235,0.0,0.24242995880067403,-0.1909544773617315,-1.3905180922048506
28.290000000001623,6.353519660826659,0.923510252010471,8.0,2.771799635294779,-1.7494763457225835,0.0,0.24053303157358824,-0.1925166113770241,-1.3858998176473896
28.300000000001624,6.38119101833969,0.9061798998946493,8.0,2.7624536602763374,-1.716548465663381,0.0,0.23859296627486795,-0.19409127176870367,-1.3812268301381687
28.310000000001626,6.408768370508584,0.8891801862449578,8.0,2.7529986283174606,-1.6833495227025703,0.0,0.23663028294600882,-0.19568143689738857,-1.3764993141587303
28.320000000001627,6.436250628626668,0.8725137955132669,8.0,2.7434349126866318,-1.649884759338137,0.0,0.23463300096225476,-0.19728296739870593,-1.3717174563433159
28.33000000000163,6.463636707741462,0.8561833595158665,8.0,2.733762890942963,-1.6161594600441336,0.0,0.2326129395846698,-0.19889752563004384,-1.3668814454714815
28.34000000000163,6.490925526697457,0.8401914570179101,8.0,2.7239829449213118,-1.582178950436274,0.0,0.2305647668529162,-0.20052206276499396,-1.3619914724606559
28.350000000001632,6.518116008178805,0.8245406133261852,8.0,2.7140954607172008,-1.5479485964309403,0.0,0.22849618700248475,-0.20215716612592863,-1.3570477303586004
28.360000000001634,6.545207078751856,0.8092332998903413,8.0,2.704100828671577,-1.513473803397841,0.0,0.22640421870728267,-0.2038010769903891,-1.3520504143357885
28.370000000001635,6.572197668907529,0.7942719339126181,8.0,2.693999443355399,-1.4787600153064402,0.0,0.22429442638088892,-0.20545367664941042,-1.3469997216776994
28.380000000001637,6.599086713103543,0.7796588779661406,8.0,2.6837917035540637,-1.4438127138662926,0.0,0.22216613571584776,-0.20711359083696604,-1.3418958517770319
28.39000000000164,6.625873149806473,0.7653964396218438,8.0,2.673478012251659,-1.4086374176614176,0.0,0.2200221237171606,-0.20878092721961589,-1.3367390061258295
28.40000000000164,6.652555921533678,0.7514868710840683,8.0,2.6630587766150526,-1.3732396812788308,0.0,0.21786317410687972,-0.2104545747933171,-1.3315293883075263
28.41000000000164,6.67913397489499,0.7379323688349482,8.0,2.6525344079778383,-1.3376250944314907,0.0,0.21569150286075536,-0.2121340293619608,-1.3262672039889192
28.420000000001643,6.705606260634383,0.7247350732875084,8.0,2.6419053218240633,-1.301799281075498,0.0,0.21350707579331737,-0.21381932131454712,-1.3209526609120317
28.430000000001645,6.731971733671348,0.7118970684477048,8.0,2.631171937771849,-1.265767898522087,0.0,0.21131196378683623,-0.21550948833770267,-1.3155859688859246
28.440000000001646,6.758229353142152,0.6994203815853237,8.0,2.62033467955682,-1.2295366365442528,0.0,0.20910679716595568,-0.2172038915092705,-1.31016733977841
28.450000000001648,6.78437808244094,0.6873069829138552,8.0,2.6093939750153736,-1.1931112164782673,0.0,0.20689165595261533,-0.2189037759977777,-1.3046969875076868
28.46000000000165,6.810416889260651,0.6755587852793723,8.0,2.598350256067792,-1.156497390320216,0.0,0.20466837323568035,-0.22060522259799362,-1.299175128033896
28.47000000000165,6.836344745633779,0.6641776438584714,8.0,2.5872039587011884,-1.1197009398176903,0.0,0.20243561608803295,-0.22231502757946797,-1.2936019793505942
28.480000000001652,6.8621606279729495,0.6531653558653172,8.0,2.5759555229522983,-1.0827276755567818,0.0,0.20019902669041562,-0.22401175994993874,-1.2879777614761492
28.490000000001654,6.887863517111345,0.6425236602678357,8.0,2.564605392890098,-1.0455834360445049,0.0,0.19784615540560488,-0.2260921038202322,-1.282302696445049
28.500000000001656,6.913452398342886,0.6322542375131368,8.0,2.5531540165983007,-1.0082740867869098,0.0,0.19565693371388845,-0.22756646372225303,-1.2765770082991503
28.510000000001657,6.93892626146237,0.6223587092621146,8.0,2.541601846157628,-0.9708055193627269,0.0,0.19348498426374702,-0.2289618308706118,-1.270800923078814
28.52000000000166,6.964284100805299,0.6128386381333915,8.0,2.529949337627988,-0.9331836504931019,0.0,0.1910666233174906,-0.23117557471155017,-1.264974668813994
28.53000000000166,6.989524915287596,0.6036955274565599,8.0,2.518196951030466,-0.8954144211072562,0.0,0.1889127460869415,-0.2325121045084871,-1.259098475515233
28.540000000001662,7.014647708445123,0.5949308210347857,8.0,2.506345150329161,-0.8575037954043445,0.0,0.18675988215387584,-0.2338289727572697,-1.2531725751645806
28.550000000001663,7.039651488473025,0.5865459029168161,8.0,2.4943944034128713,-0.819457759911639,0.0,0.18432354927109584,-0.23602591564213649,-1.2471972017064357
28.560000000001665,7.064535268264879,0.5785420971784232,8.0,2.4823451820766222,-0.7812823225391877,0.0,0.18201287805391295,-0.23782609718952072,-1.2411725910383111
28.570000000001667,7.089298065451667,0.5709206677133167,8.0,2.470197962003041,-0.7429835116310956,0.0,0.1798988987059803,-0.23899498348309559,-1.2350989810015205
28.580000000001668,7.113938902440556,0.5636828180335591,8.0,2.457953222743576,-0.7045673750135787,0.0,0.17750724587419425,-0.2409589147493009,-1.228976611371788
28.59000000000167,7.138456806453508,0.5568296910795145,8.0,2.4456114476995596,-0.6660399790399214,0.0,0.17519627644564179,-0.24269547988596377,-1.2228057238497798
28.60000000000167,7.162850809565627,0.550362369039382,8.0,2.4331731241031536,-0.6274074076326149,0.0,0.1730485491322727,-0.24394866199808912,-1.2165865620515768
28.610000000001673,7.187119948743451,0.5442818731782775,8.0,2.420638742998067,-0.588675761322506,0.0,0.17071349672513422,-0.24569663435313854,-1.2103193714990335
28.620000000001674,7.211263265882923,0.5385891636769866,8.0,2.408008799220204,-0.5498511562855383,0.0,0.168317895814229,-0.24760795676249356,-1.204004399610102
28.630000000001676,7.235279807847221,0.5332851394803297,8.0,2.3952837913781195,-0.5109397233769163,0.0,0.16625099860439985,-0.24862312228381298,-1.1976418956890598
28.640000000001677,7.259168626504392,0.5283706381552156,8.0,2.3824642218333345,-0.4719476071629719,0.0,0.16384850191406716,-0.25050088276918786,-1.1912321109166673
28.65000000000168,7.282928778764779,0.5238464357583728,8.0,2.3695505966805035,-0.4328809649508663,0.0,0.16144553716992177,-0.2523822131208261,-1.1847752983402517
28.66000000000168,7.306559326618254,0.5197132467138061,8.0,2.3565434257274362,-0.39374596581627963,0.0,0.15912273327607404,-0.2540356236368418,-1.1782717128637181
28.670000000001682,7.330059337171251,0.5159717236999799,8.0,2.3434432224749697,-0.35454878962924247,0.0,0.15676736337573624,-0.2557200129075866,-1.1717216112374849
28.680000000001684,7.353427882683606,0.5126224575467488,8.0,2.3302505040966897,-0.31529562607824074,0.0,0.15445839983224535,-0.257274170965659,-1.1651252520483448
28.690000000001685,7.376664040605126,0.5096659771420686,8.0,2.3169657914185438,-0.27599267369288055,0.0,0.1520969232948468,-0.2589542557207999,-1.1584828957092719
28.700000000001687,7.3997668936120995,0.5071027493484648,8.0,2.3035896088982333,-0.23664613886493574,0.0,0.14976562343082628,-0.26053791835133816,-1.1517948044491166
28.71000000000169,7.422735529643445,0.504933178929321,8.0,2.2901224846045407,-0.19726223486837507,0.0,0.14740981254858332,-0.2621654513300047,-1.1450612423022704
28.72000000000169,7.445569041936743,0.5031576084849565,8.0,2.276564950196474,-0.1578471808781923,0.0,0.1450588930654876,-0.2637641168954981,-1.138282475098237
28.73000000000169,7.4682665290640236,0.5017763183985271,8.0,2.2629175409022766,-0.1184072009883263,0.0,0.14270149026169832,-0.2653659054419118,-1.1314587704511383
28.740000000001693,7.4908270949673605,0.5007895267917499,8.0,2.2491807954983005,-0.07894852322880445,0.0,0.1403385608506216,-0.2669631635016747,-1.1245903977491503
28.750000000001695,7.513249848994242,0.5001973894904599,8.0,2.235355256287732,-0.03947737858226444,0.0,0.13797243483511962,-0.26855617720956887,-1.117677628143866
28.760000000001696,7.5355339059327315,0.5,8.0,2.2214414690791866,-1.0005032192373928e-14,0.0,0.13560128374111344,-0.27014726999040023,-1.1107207345395933
28.770000000001698,7.557678386046432,0.5001973894904599,8.0,2.207439983165151,0.03947737858226675,0.0,0.13322573938055887,-0.27173530870243373,-1.1037199915825755
28.7800000000017,7.5796824151091595,0.5007895267917499,8.0,2.193351351300331,0.07894852322880676,0.0,0.13084662540728906,-0.2733210349791892,-1.0966756756501654
28.7900000000017,7.601545124439537,0.5017763183985271,8.0,2.1791761296797802,0.11840720098832862,0.0,0.128463826352203,-0.2749041064191456,-1.0895880648398901
28.800000000001702,7.623265650935235,0.5031576084849565,8.0,2.1649148779169773,0.1578471808781946,0.0,0.126077070966056,-0.2764848387727268,-1.0824574389584887
28.810000000001704,7.644843137107058,0.504933178929321,8.0,2.1505681590217223,0.19726223486837738,0.0,0.12368822019652811,-0.27806286482474524,-1.0752840795108611
28.820000000001706,7.666276731112799,0.5071027493484648,8.0,2.1361365393779113,0.23664613886493807,0.0,0.12129603788980084,-0.27963717336788557,-1.0680682696889556
28.830000000001707,7.687565586790867,0.5096659771420686,8.0,2.1216205887211776,0.2759926736928829,0.0,0.11890416399133842,-0.28121746186007557,-1.0608102943605888
28.84000000000171,7.708708863693692,0.5126224575467488,8.0,2.1070208801163974,0.315295626078243,0.0,0.11649800793456662,-0.2827455686602297,-1.0535104400581987
28.85000000000171,7.729705727120906,0.5159717236999781,8.0,2.092337989935068,0.3545487896292226,0.0,0.11416439847338322,-0.284531913733735,-1.046168994967534
28.860000000001712,7.750555348152303,0.5197132467138066,8.0,2.0775724978325436,0.3937459658162819,0.0,0.11232105063810775,-0.28618739342850885,-1.0387862489162718
28.870000000001713,7.7712569036805235,0.5238464357583728,8.0,2.062724986725187,0.4328809649508686,0.0,0.10978162044613883,-0.287866366195894,-1.0313624933625936
28.880000000001715,7.791809576443612,0.5283706381552156,8.0,2.047796042767306,0.4719476071629742,0.0,0.10713557643893482,-0.2893146604981049,-1.023898021383653
28.890000000001717,7.812212555057241,0.5332851394803302,8.0,2.0327862553280447,0.5109397233769185,0.0,0.10532735380641763,-0.2908775068564634,-1.0163931276640223
28.900000000001718,7.832465034046749,0.5385891636769866,8.0,2.0176962169681105,0.5498511562855406,0.0,0.1026416363826041,-0.29251641480523144,-1.0088481084840553
28.91000000000172,7.852566213878945,0.5442818731782779,8.0,2.00252652341638,0.5886757613225082,0.0,0.09988193375687493,-0.2938013734392046,-1.00126326170819
28.92000000000172,7.872515300993667,0.550362369039382,8.0,1.9872777735463794,0.6274074076326173,0.0,0.09806515298241138,-0.2953289342465086,-0.9936388867731897
28.930000000001723,7.892311507835114,0.556829691079515,8.0,1.971950569352644,0.6660399790399236,0.0,0.09529583585812462,-0.2968303728342496,-0.985975284676322
28.940000000001724,7.911954052882936,0.5636828180335556,8.0,1.9565455159269507,0.7045673750135593,0.0,0.09254156586016662,-0.2981817135226425,-0.9782727579634753
28.950000000001726,7.931442160683099,0.5709206677133172,8.0,1.9410632214344226,0.7429835116310978,0.0,0.09072801761165182,-0.299664070138063,-0.9705316107172113
28.960000000001727,7.950775061878456,0.5785420971784236,8.0,1.925504297089553,0.7812823225391899,0.0,0.08799024681195865,-0.3012498350308513,-0.9627521485447765
28.97000000000173,7.969951993239179,0.5865459029168165,8.0,1.9098693571320262,0.8194577599116413,0.0,0.08521884646829714,-0.30248629532532195,-0.9549346785660131
28.98000000000173,7.988972197692856,0.5949308210347861,8.0,1.8941590188024997,0.8575037954043466,0.0,0.08343423815737476,-0.3039550064655725,-0.9470795094012499
28.990000000001732,8.007834924354384,0.6036955274565603,8.0,1.8783739023182309,0.8954144211072586,0.0,0.08071383753492622,-0.30557480089691524,-0.9391869511591154
29.000000000001734,8.026539428555608,0.6128386381333919,8.0,1.8625146308485896,0.9331836504931043,0.0,0.07795722750726257,-0.30670785399590894,-0.9312573154242948
29.010000000001735,8.045084971874735,0.622358709262115,8.0,1.8465818304904584,0.970805519362729,0.0,0.07621851712978646,-0.30817730413276717,-0.9232909152452292
29.020000000001737,8.063470822165467,0.6322542375131377,8.0,1.8305761302435142,1.0082740867869118,0.0,0.07351778266101051,-0.30979287866384786,-0.9152880651217571
29.03000000000174,8.081696253585914,0.6425236602678366,8.0,1.8144981619853962,1.045583436044507,0.0,0.07080605375353383,-0.31089058610417114,-0.9072490809926981
29.04000000000174,8.099760546627266,0.6531653558653177,8.0,1.7983485604467524,1.082727675556784,0.0,0.06911322018489198,-0.31234975567066225,-0.8991742802233762
29.05000000000174,8.11766298814214,0.6641776438584723,8.0,1.7821279631862168,1.1197009398176923,0.0,0.06643984519230932,-0.3139466686768616,-0.8910639815931084
29.060000000001743,8.135402871372811,0.6755587852793732,8.0,1.7658370105651873,1.156497390320218,0.0,0.0637787893031176,-0.31502633346906384,-0.8829185052825936
29.070000000001745,8.152979495979064,0.6873069829138556,8.0,1.7494763457225773,1.1931112164782696,0.0,0.06213178288496108,-0.31648974350955567,-0.8747381728612886
29.080000000001746,8.170392168065856,0.6994203815853242,8.0,1.7330466145494217,1.2295366365442548,0.0,0.059485952408468004,-0.31803882605306816,-0.8665233072747108
29.090000000001748,8.187640200210708,0.7118970684477057,8.0,1.7165484656633747,1.2657678985220893,0.0,0.05687835894796839,-0.3191031999540699,-0.8582742328316874
29.10000000000175,8.204722911490844,0.7247350732875093,8.0,1.6999825503831052,1.3017992810755,0.0,0.05533592339405462,-0.3209821792967136,-0.8499912751915526
29.11000000000175,8.221639627510072,0.7379323688349491,8.0,1.683349522702583,1.3376250944314927,0.0,0.052676301006964125,-0.32208890086810604,-0.8416747613512915
29.120000000001752,8.238389680425414,0.7514868710840692,8.0,1.6666500392652603,1.3732396812788328,0.0,0.05014872581451936,-0.3231525049656408,-0.8333250196326302
29.130000000001754,8.254972408973455,0.7653964396218362,8.0,1.6498847593381496,1.4086374176613996,0.0,0.04850943696599073,-0.32501482364923795,-0.8249423796690748
29.140000000001756,8.271387158496479,0.7796588779661415,8.0,1.6330543447857857,1.4438127138662946,0.0,0.04593120745616627,-0.32599436706750656,-0.8165271723928929
29.150000000001757,8.287633280968263,0.794271933912619,8.0,1.6161594600441362,1.4787600153064422,0.0,0.043523015902827644,-0.32709251964622194,-0.8080797300220681
29.16000000000176,8.30371013501972,0.8092332998903422,8.0,1.5992007720943127,1.513473803397843,0.0,0.04178257085294914,-0.32884327765174987,-0.7996003860471563
29.17000000000176,8.319617085964177,0.8245406133261861,8.0,1.5821789504362769,1.5479485964309423,0.0,0.03932186017759222,-0.32984173542742984,-0.7910894752181384
29.180000000001762,8.33535350582245,0.840191457017911,8.0,1.5650946670624024,1.5821789504362758,0.0,0.036984298034435314,-0.3309370610576181,-0.7825473335312012
29.190000000001763,8.350918773347626,0.8561833595158674,8.0,1.5479485964309434,1.6161594600441354,0.0,0.0352130506758447,-0.3326217941098629,-0.7739742982154717
29.200000000001765,8.366312274049598,0.8725137955132678,8.0,1.53074141543941,1.6498847593381392,0.0,0.032817221590457066,-0.3336095933229857,-0.765370707719705
29.210000000001767,8.381533400219315,0.8891801862449586,8.0,1.513473803397844,1.6833495227025725,0.0,0.03050575582377401,-0.3346584545894312,-0.756736901698922
29.220000000001768,8.396581550952778,0.9061798998946409,8.0,1.4961464420020023,1.7165484656633643,0.0,0.0287522405106063,-0.3363182439124253,-0.7480732210010012
29.23000000000177,8.41145613217477,0.9235102520104723,8.0,1.4787600153064333,1.7494763457225857,0.0,0.026372338585526303,-0.3372391383592785,-0.7393800076532167
29.24000000000177,8.426156556662278,0.9411685059289341,8.0,1.4613152096975126,1.7821279631862252,0.0,0.02415286166499448,-0.3383102029238743,-0.7306576048487563
29.250000000001773,8.440682244067723,0.9591518732070416,8.0,1.4438127138662857,1.814498161985395,0.0,0.022335282522640304,-0.3398356839614818,-0.7219063569331429
29.260000000001774,8.45503262094184,0.9774575140626318,8.0,1.4262532187813186,1.8465818304904573,0.0,0.0200132665741808,-0.34072440084981725,-0.7131266093906593
29.270000000001776,8.46920712075632,0.996082537822808,8.0,1.4086374176614107,1.8783739023182298,0.0,0.017818032702032163,-0.3417273846304017,-0.7043187088307054
29.280000000001777,8.483205183926177,1.0150240033804099,8.0,1.390966005948227,1.909869357132025,0.0,0.016020702073665488,-0.34319820066402207,-0.6954830029741135
29.29000000000178,8.497026257831854,1.0342789196584496,8.0,1.3732396812788439,1.9410632214344214,0.0,0.013726468421782007,-0.3440014714227554,-0.6866198406394219
29.30000000000178,8.510669796841011,1.0538442460824369,8.0,1.3554591434582068,1.9719505693526347,0.0,0.011862557153952182,-0.3453160979096532,-0.6777295717291034
29.310000000001782,8.524135262330095,1.0737168930605212,8.0,1.3376250944315038,2.0025265234163707,0.0,0.009629934591429846,-0.34610591619897535,-0.6688125472157519
29.320000000001784,8.537422122705587,1.0938937224713847,8.0,1.3197382382564438,2.0327862553280522,0.0,0.007428172152924562,-0.3468799995572157,-0.6598691191282219
29.330000000001785,8.55052985342498,1.1143715481597436,8.0,1.301799281075501,2.062724986725195,0.0,0.005721051474356605,-0.34828412453832236,-0.6508996405377505
29.340000000001787,8.563457937017516,1.1351471364395467,8.0,1.2838089310879788,2.092337989935067,0.0,0.003542592824262389,-0.3489829297637909,-0.6419044655439894
29.35000000000179,8.576205863104589,1.156217206604566,8.0,1.2657678985220904,2.1216205887211768,0.0,0.0016090871457984154,-0.349961678458021,-0.6328839492610452
29.36000000000179,8.588773128419906,1.1775784314464706,8.0,1.24767689560691,2.1505681590217214,0.0,-7.467675040355668e-05,-0.3512491086018517,-0.623838447803455
29.37000000000179,8.60115923682935,1.1992274377802308,8.0,1.229536636544256,2.17917612967978,0.0,-0.002313293586474781,-0.35165328289002046,-0.614768318272128
29.380000000001793,8.613363699350572,1.2211608069767834,8.0,1.2113478374804953,2.2074399831651506,0.0,-0.004031655765732709,-0.35275969176354527,-0.6056739187402477
29.390000000001795,8.625386034172287,1.2433750755028723,8.0,1.1931112164782707,2.2353552562877232,0.0,-0.005770271428627949,-0.35377412803690456,-0.5965556082391353
29.400000000001796,8.637225766673303,1.2658667354679813,8.0,1.1748274934881529,2.262917540902268,0.0,-0.007931951168050505,-0.3540428926345673,-0.5874137467440764
29.410000000001798,8.64888242944126,1.2886322351782835,8.0,1.156497390320209,2.2901224846045474,0.0,-0.009523621028240767,-0.3551299973558879,-0.5782486951601045
29.4200000000018,8.660355562291056,1.3116679796974426,8.0,1.1381216306155462,2.3169657914185504,0.0,-0.011571071261530874,-0.3553954865924004,-0.5690608153077731
29.4300000000018,8.671644712283062,1.3349703314143733,8.0,1.119700939817683,2.343443222474969,0.0,-0.013066585654815964,-0.35647604588781306,-0.5598504699088415
29.440000000001803,8.682749433740963,1.3585356106176099,8.0,1.101236045143951,2.3695505966805026,0.0,-0.01501091867727544,-0.3567098585074733,-0.5506180225719755
29.450000000001804,8.69366928826937,1.3823600960763887,8.0,1.0827276755567747,2.395283791378119,0.0,-0.01643566279583627,-0.35773283614042434,-0.5413638377783874
29.460000000001806,8.704403844771127,1.4064400256282736,8.0,1.0641765617348942,2.420638742998066,0.0,-0.018259358498812436,-0.357958744671686,-0.5320882808674471
29.470000000001807,8.714952679464322,1.4307715967732453,8.0,1.0455834360445186,2.445611447699559,0.0,-0.019624592618707252,-0.35889730409842174,-0.5227917180222593
29.48000000000181,8.725315375899022,1.455350967274159,8.0,1.0269490325104136,2.4701979620030334,0.0,-0.02129284151333463,-0.3591798990166485,-0.5134745162552068
29.49000000000181,8.73549152497372,1.4801742557634796,8.0,1.0082740867869235,2.4943944034128642,0.0,-0.022625686015551406,-0.35997940883492235,-0.5041370433934618
29.500000000001812,8.745480724951475,1.5052375423562085,8.0,0.9895593361289182,2.5181969510304723,0.0,-0.024004080324446248,-0.36059524600721254,-0.4947796680644591
29.510000000001813,8.755282581475768,1.5305368692688215,8.0,0.9708055193627301,2.5416018461576337,0.0,-0.0255442596000031,-0.36078274717580533,-0.48540275968136504
29.520000000001815,8.764896707586095,1.5560682414443336,8.0,0.9520133768569228,2.564605392890104,0.0,-0.027125775235965405,-0.3607727224243832,-0.4760066884284614
29.530000000001817,8.774322723733215,1.5818276271831098,8.0,0.9331836504931053,2.5872039587011875,0.0,-0.028216956643746044,-0.3616694945141185,-0.4665918252465526
29.540000000001818,8.783560257794152,1.6078109587795295,8.0,0.9143170836366326,2.6093939750153727,0.0,-0.02931581591763911,-0.36246961224862884,-0.4571585418183163
29.55000000000182,8.79260894508688,1.6340141331643252,8.0,0.8954144211072596,2.6311719377718488,0.0,-0.030857131587263092,-0.362217487947535,-0.4477072105536298
29.56000000000182,8.801468428384714,1.6604330125525046,8.0,0.8764764091497362,2.6525344079778375,0.0,-0.031890198083999136,-0.3629964309760342,-0.4382382045748681
29.570000000001823,8.810138357930427,1.687063425096755,8.0,0.8575037954043478,2.673478012251653,0.0,-0.03303809160419359,-0.3634575530788913,-0.4287518977021739
29.580000000001824,8.818618391450046,1.7139011655462268,8.0,0.8384973288773984,2.6939994433553927,0.0,-0.034131335977760566,-0.363974331220849,-0.4192486644386992
29.590000000001826,8.826908194166371,1.7409419959106045,8.0,0.8194577599116315,2.714095460717206,0.0,-0.035558866243983855,-0.36362793816136274,-0.40972887995581575
29.600000000001828,8.835007438812177,1.7681816461292759,8.0,0.8003858401566505,2.733762890942968,0.0,-0.03655453955494454,-0.3642684489350814,-0.40019292007832524
29.61000000000183,8.842915805643155,1.7956158147457149,8.0,0.7812823225391802,2.7529986283174654,0.0,-0.0375939785082657,-0.3647667820155877,-0.3906411612695901
29.62000000000183,8.85063298245053,1.82324016958667,8.0,0.7621479612333857,2.771799635294779,0.0,-0.03893611388759795,-0.3644245133983324,-0.38107398061669284
29.630000000001832,8.85815866457337,1.85105034844628,8.0,0.742983511631088,2.790162942977959,0.0,-0.03991428469542518,-0.3649916387543502,-0.371491755815544
29.640000000001834,8.865492554910631,1.8790419597749173,8.0,0.7237897303119427,2.808085651587847,0.0,-0.04091258247713643,-0.3654823026069777,-0.36189486515597136
29.650000000001835,8.872634363932885,1.9072105833726638,8.0,0.7045673750135713,2.8255649309209887,0.0,-0.042226352849233234,-0.36503255933664236,-0.3522836875067856
29.660000000001837,8.879583809693735,1.9355517710873127,8.0,0.6853172046016468,2.84259802079655,0.0,-0.043178991428109395,-0.3655638625184137,-0.3426586023008234
29.67000000000184,8.886340617840965,1.9640610475167821,8.0,0.6660399790399357,2.859182231492186,0.0,-0.04415181764060059,-0.3660081802657634,-0.33301998951996786
29.68000000000184,8.892904521627361,1.9927339107158502,8.0,0.6467364593602842,2.875314944168786,0.0,-0.04541532793538594,-0.3654964444900119,-0.3233682296801421
29.69000000000184,8.899275261921236,2.021565832906999,8.0,0.6274074076326184,2.890993611283985,0.0,-0.04634971389214119,-0.36596396818511173,-0.3137037038163092
29.700000000001843,8.905452587216672,2.0505522611955005,8.0,0.6080535869347927,2.906215756994501,0.0,-0.04729722970265628,-0.3663599566993175,-0.30402679346739636
29.710000000001845,8.911436253643444,2.0796886182883068,8.0,0.5886757613225094,2.9209789775470654,0.0,-0.04850764854714809,-0.36579468996250075,-0.2943378806612547
29.720000000001846,8.91722602497665,2.108970303216873,8.0,0.5692746957991435,2.935280941658013,0.0,-0.0494221458324591,-0.3661932550440411,-0.28463734789957174
29.730000000001848,8.922821672646027,2.1383926920637055,8.0,0.5498511562855417,2.949119390881416,0.0,-0.050340784647088056,-0.3665387983699451,-0.27492557814277085
29.74000000000185,8.92822297574499,2.1679511386925294,8.0,0.5304059095897858,2.962492139965723,0.0,-0.05148756438113341,-0.36593757026307544,-0.2652029547948929
29.75000000000185,8.933429721039339,2.1976409754819706,8.0,0.5109397233769197,2.9753970771988314,0.0,-0.05237461196249202,-0.36626156385790387,-0.25546986168845986
29.760000000001853,8.938441702975688,2.227457514062624,8.0,0.49145336613864365,2.9878321647415524,0.0,-0.053256493031003514,-0.3665524426995614,-0.24572668306932183
29.770000000001854,8.94325872368957,2.25739604605742,8.0,0.47194760716296436,2.9997954389494184,0.0,-0.05432122128330941,-0.3659607741003002,-0.23597380358148218
29.780000000001856,8.947880593013256,2.2874518438250653,8.0,0.45242321650386896,3.0112850106827356,0.0,-0.055174339834045114,-0.3661911152693487,-0.22621160825193448
29.790000000001857,8.952307128483255,2.3176201612066905,8.0,0.43288096495085865,3.0222990656049427,0.0,-0.05601258723975883,-0.3664126639223768,-0.21644048247542932
29.80000000000186,8.956538155347534,2.347896234275259,8.0,0.4133216239985631,3.0328358644690887,0.0,-0.05689542757078417,-0.3663009447391243,-0.20666081199928155
29.81000000000186,8.96057350657239,2.3782752820878628,8.0,0.3937459658162719,3.042893743392486,0.0,-0.057729703263330476,-0.3663095248002791,-0.19687298290813596
29.820000000001862,8.964413022849069,2.408752507440686,8.0,0.3741547632174515,3.052471114119459,0.0,-0.05868084508979513,-0.3655402411960197,-0.18707738160872575
29.830000000001863,8.968056552600041,2.439323097626543,8.0,0.3545487896292348,3.0615664642721447,0.0,-0.05944681011918719,-0.365640893997402,-0.1772743948146174
29.840000000001865,8.971503951984994,2.4699822251948573,8.0,0.33492881906188837,3.070178357589317,0.0,-0.06018177882645167,-0.365812013006492,-0.16746440953094419
29.850000000001867,8.9747550849065,2.5007250487139747,8.0,0.3152956260782553,3.0783054341531897,0.0,-0.060956666477737474,-0.3655624446291725,-0.15764781303912764
29.860000000001868,8.977809823015399,2.5315467135356786,8.0,0.29564998576317725,3.085946410604161,0.0,-0.06166468110671757,-0.3655819099860757,-0.14782499288158862
29.87000000000187,8.980668045715863,2.5624423525618156,8.0,0.27599267369288405,3.0931000803434765,0.0,-0.062478822929349656,-0.3646341932882549,-0.13799633684644202
29.88000000000187,8.983329640170151,2.5934070870127948,8.0,0.2563244659044197,3.099765313723748,0.0,-0.06312277296531284,-0.36475031940680375,-0.12816223295220985
29.890000000001873,8.985794501303069,2.6244360271981093,8.0,0.23664613886493918,3.1059410582273626,0.0,-0.0637443592108054,-0.36490664302766446,-0.11832306943246959
29.900000000001874,8.988062531806126,2.655524273288405,8.0,0.2169584694410994,3.111626338632672,0.0,-0.06437323826740494,-0.36477732817332925,-0.1084792347205497
29.910000000001876,8.990133642141359,2.6866669160892376,8.0,0.19726223486837852,3.116820257167995,0.0,-0.06497514338990959,-0.3646657472766374,-0.09863111743418926
29.920000000001878,8.992007750544875,2.717859037816292,8.0,0.17755821272039204,3.121521993653385,0.0,-0.0656237306250251,-0.36373199412881785,-0.08877910636019602
29.93000000000188,8.993684783030087,2.749095712871957,8.0,0.15784718087819577,3.1257308056301456,0.0,-0.06615565350960174,-0.36384699153238453,-0.07892359043909788
29.94000000000188,8.995164673390622,2.7803720086231345,8.0,0.13812991749957607,3.129446028478076,0.0,-0.0666677025757185,-0.3640002375091153,-0.06906495874978803
29.950000000001882,8.996447363202947,2.8116829861801587,8.0,0.11840720098832977,3.132667075520421,0.0,-0.06717057100784588,-0.3639431482919921,-0.059203600494164885
29.960000000001884,8.997532801828658,2.8430237011767225,8.0,0.09867980996352291,3.135393438116514,0.0,-0.06768718963501805,-0.36313961863700034,-0.049339904981761454
29.970000000001885,8.9984209464165,2.8743892045505803,8.0,0.07894852322879675,3.1376246857420926,0.0,-0.0681330071285147,-0.3632638923156118,-0.039474261614398376
29.980000000001887,8.999111761904045,2.905774543325166,8.0,0.05921411974155504,3.139360466057294,0.0,-0.06856002648854918,-0.3634351612264155,-0.02960705987077752
29.99000000000189,8.999605221019081,2.9371747613916566,8.0,0.03947737858225674,3.140600504962283,0.0,-0.06897048380343285,-0.36344277560172356,-0.01973868929112837
30.00000000000189,8.999901304280685,2.9685849002916167,8.0,0.01973907892364812,3.1413446066405433,0.0,-0.06936964068084225,-0.3625424366117947,-0.00986953946182406
30.01000000000189,9.0,2.9999999999999964,8.0,2.3084048324661477e-15,3.141592653589793,0.0,-0.06973045683532694,-0.36280193534370075,-1.1542024162330739e-15
30.020000000001893,8.999901304280685,3.0314150997083757,8.0,-0.019739078923643506,3.1413446066405433,0.0,-0.07007702636952576,-0.36308203420001917,0.009869539461821753
30.030000000001895,8.999605221019081,3.0628252386083363,8.0,-0.03947737858225213,3.1406005049622836,0.0,-0.07040215520493516,-0.363169682704353,0.019738689291126064
30.040000000001896,8.999111761904047,3.0942254566748266,8.0,-0.05921411974155043,3.1393604660572945,0.0,-0.07068446266835837,-0.3623972233302587,0.029607059870775214
30.050000000001898,8.9984209464165,3.1256107954494303,8.0,-0.07894852322880329,3.137624685742092,0.0,-0.07096990873783819,-0.36271165803938654,0.039474261614401644
30.0600000000019,8.997532801828658,3.1569762988232877,8.0,-0.09867980996352947,3.135393438116513,0.0,-0.07124315039973447,-0.3630682634624116,0.049339904981764736
30.0700000000019,8.996447363202947,3.1883170138198342,8.0,-0.11840720098832518,3.1326670755204216,0.0,-0.07148892193657469,-0.3632158479464581,0.05920360049416259
30.080000000001903,8.995164673390622,3.2196279913768584,8.0,-0.13812991749957146,3.129446028478077,0.0,-0.07166396237551713,-0.3625533340652804,0.06906495874978573
30.090000000001904,8.993684783030087,3.250904287128036,8.0,-0.15784718087819113,3.125730805630146,0.0,-0.07188089838486128,-0.36294245287619903,0.07892359043909557
30.100000000001906,8.992007750544875,3.2821409621837008,8.0,-0.17755821272038746,3.121521993653386,0.0,-0.07208855801967355,-0.36337639439434244,0.08877910636019373
30.110000000001907,8.990133642141359,3.3133330839107553,8.0,-0.19726223486837394,3.1168202571679964,0.0,-0.07226252653610596,-0.3635969271110924,0.09863111743418697
30.12000000000191,8.988062531806126,3.344475726711588,8.0,-0.21695846944109484,3.1116263386326737,0.0,-0.07233626383841106,-0.3630038773378889,0.10847923472054742
30.13000000000191,8.98579450130307,3.375563972801883,8.0,-0.23664613886493457,3.105941058227364,0.0,-0.07249505896184716,-0.36348870558924407,0.11832306943246729
30.140000000001912,8.98332964017015,3.4065929129872154,8.0,-0.2563244659044262,3.0997653137237458,0.0,-0.07264907631922725,-0.3640096086531428,0.1281622329522131
30.150000000001913,8.980668045715863,3.4375576474381946,8.0,-0.27599267369289054,3.0931000803434743,0.0,-0.0727611894228181,-0.3643029923974711,0.13799633684644527
30.160000000001915,8.9778098230154,3.468453286464314,8.0,-0.29564998576317264,3.085946410604163,0.0,-0.07274858955637369,-0.36381014814126755,0.14782499288158632
30.170000000001917,8.974755084906501,3.499274951286018,8.0,-0.3152956260782507,3.078305434153192,0.0,-0.0728615274976279,-0.36437372111402927,0.15764781303912534
30.180000000001918,8.971503951984994,3.530017774805135,8.0,-0.3349288190618837,3.0701783575893193,0.0,-0.07297889063315095,-0.3649728843082792,0.16746440953094185
30.19000000000192,8.968056552600043,3.5606769023734497,8.0,-0.35454878962923025,3.0615664642721465,0.0,-0.07303222584199419,-0.3653294416352519,0.17727439481461513
30.20000000000192,8.964413022849069,3.5912474925593063,8.0,-0.37415476321744695,3.052471114119461,0.0,-0.07297706654780903,-0.3649394971987228,0.18707738160872348
30.210000000001923,8.96057350657239,3.62172471791213,8.0,-0.3937459658162674,3.0428937433924887,0.0,-0.07258162164271387,-0.3656672859770133,0.1968729829081337
30.220000000001924,8.956538155347534,3.6521037657247337,8.0,-0.4133216239985585,3.0328358644690914,0.0,-0.0729172787574278,-0.3662972398622963,0.20666081199927924
30.230000000001926,8.952307128483255,3.6823798387933193,8.0,-0.4328809649508652,3.022299065604939,0.0,-0.0732537089982106,-0.36667315375238174,0.2164404824754326
30.240000000001928,8.947880593013254,3.712548156174945,8.0,-0.45242321650387546,3.011285010682732,0.0,-0.07253887856684893,-0.3664580536922672,0.22621160825193773
30.25000000000193,8.94325872368957,3.7426039539425897,8.0,-0.4719476071629708,2.999795438949415,0.0,-0.07303155565435558,-0.3671158610808676,0.2359738035814854
30.26000000000193,8.938441702975688,3.772542485937369,8.0,-0.49145336613863905,2.9878321647415556,0.0,-0.07360354644939957,-0.3677598724792764,0.24572668306931952
30.270000000001932,8.93342972103934,3.8023590245180223,8.0,-0.5109397233769152,2.9753970771988345,0.0,-0.07298898476999291,-0.36836219686599864,0.2554698616884576
30.280000000001934,8.92822297574499,3.832048861307464,8.0,-0.5304059095897813,2.9624921399657262,0.0,-0.07357228906275161,-0.3685912282240227,0.26520295479489064
30.290000000001935,8.922821672646027,3.861607307936288,8.0,-0.5498511562855372,2.9491193908814197,0.0,-0.07325592977252432,-0.36935735533030334,0.2749255781427686
30.300000000001937,8.91722602497665,3.89102969678312,8.0,-0.5692746957991389,2.935280941658016,0.0,-0.07368293045086373,-0.3688477996101355,0.28463734789956946
30.31000000000194,8.911436253643444,3.9203113817116866,8.0,-0.5886757613225049,2.920978977547069,0.0,-0.0734840305811155,-0.36983561006617066,0.29433788066125244
30.32000000000194,8.905452587216669,3.9494477388045093,8.0,-0.6080535869347992,2.906215756994496,0.0,-0.07421682710922578,-0.3705626908423197,0.3040267934673996
30.33000000000194,8.899275261921233,3.9784341670930106,8.0,-0.6274074076326248,2.89099361128398,0.0,-0.0737846930755371,-0.3705101558437513,0.3137037038163124
30.340000000001943,8.89290452162736,4.007266089284159,8.0,-0.6467364593602907,2.875314944168781,0.0,-0.07391493812996786,-0.37147597002505334,0.32336822968014534
30.350000000001945,8.886340617840967,4.035938952483211,8.0,-0.6660399790399312,2.8591822314921895,0.0,-0.07476130600784417,-0.3722113475403058,0.3330199895199656
30.360000000001946,8.879583809693738,4.06444822891268,8.0,-0.6853172046016422,2.8425980207965535,0.0,-0.07448401621521161,-0.3722185975629324,0.3426586023008211
30.370000000001948,8.872634363932885,4.09278941662733,8.0,-0.7045673750135667,2.8255649309209927,0.0,-0.0745437086408384,-0.3732768774647717,0.35228368750678335
30.38000000000195,8.865492554910634,4.1209580402250765,8.0,-0.7237897303119383,2.8080856515878514,0.0,-0.07563930105166974,-0.373985983598096,0.36189486515596914
30.39000000000195,8.858158664573372,4.148949651553713,8.0,-0.7429835116310836,2.790162942977963,0.0,-0.07527588910606445,-0.37376884228898166,0.3714917558155418
30.400000000001953,8.85063298245053,4.1767598304133235,8.0,-0.7621479612333812,2.771799635294783,0.0,-0.0750965359194548,-0.37429036905070956,0.3810739806166906
30.410000000001954,8.842915805643159,4.204384185254279,8.0,-0.7812823225391757,2.75299862831747,0.0,-0.07552401304802998,-0.37566725440235177,0.39064116126958787
30.420000000001956,8.835007438812173,4.231818353870733,8.0,-0.8003858401566569,2.7337628909429617,0.0,-0.07584484550662773,-0.37656734832080846,0.40019292007832846
30.430000000001957,8.826908194166368,4.259058004089405,8.0,-0.8194577599116378,2.7140954607171994,0.0,-0.07691652186487746,-0.37668841213745013,0.4097288799558189
30.44000000000196,8.818618391450048,4.286098834453767,8.0,-0.838497328877394,2.6939994433553975,0.0,-0.07714996693665453,-0.3782052848640093,0.419248664438697
30.45000000000196,8.81013835793043,4.3129365749032385,8.0,-0.8575037954043433,2.6734780122516577,0.0,-0.0773460269378108,-0.3791248376304086,0.42875189770217165
30.460000000001962,8.801468428384716,4.339566987447489,8.0,-0.8764764091497319,2.6525344079778423,0.0,-0.07759648608856494,-0.37957238879506905,0.43823820457486595
30.470000000001964,8.792608945086881,4.365985866835668,8.0,-0.8954144211072552,2.6311719377718537,0.0,-0.0779131838180393,-0.3809098786240582,0.4477072105536276
30.480000000001965,8.783560257794154,4.3921890412204645,8.0,-0.9143170836366282,2.609393975015378,0.0,-0.07830923592661777,-0.3818774408415031,0.4571585418183141
30.490000000001967,8.774322723733217,4.418172372816884,8.0,-0.9331836504931009,2.5872039587011932,0.0,-0.07941327985887296,-0.3818532055522301,0.46659182524655046
30.500000000001968,8.764896707586097,4.44393175855566,8.0,-0.9520133768569184,2.564605392890109,0.0,-0.07961993284871516,-0.38269606571111625,0.4760066884284592
30.51000000000197,8.755282581475766,4.469463130731187,8.0,-0.9708055193627363,2.541601846157626,0.0,-0.08005637750551202,-0.3842612780387431,0.48540275968136815
30.52000000000197,8.745480724951472,4.4947624576438,8.0,-0.9895593361289243,2.5181969510304643,0.0,-0.07998354717079066,-0.38501336331636454,0.49477966806446216
30.530000000001973,8.735491524973721,4.519825744236515,8.0,-1.008274086786919,2.49439440341287,0.0,-0.0804561152570085,-0.3858632807557137,0.5041370433934595
30.540000000001974,8.725315375899026,4.544649032725835,8.0,-1.0269490325104094,2.4701979620030388,0.0,-0.08109109797797576,-0.38731272131431327,0.5134745162552047
30.550000000001976,8.714952679464323,4.569228403226749,8.0,-1.0455834360445142,2.445611447699565,0.0,-0.08135890492657667,-0.38792576350580965,0.5227917180222571
30.560000000001978,8.704403844771129,4.593559974371721,8.0,-1.06417656173489,2.420638742998072,0.0,-0.081920825087743,-0.3887432959981459,0.532088280867445
30.57000000000198,8.693669288269373,4.617639903923606,8.0,-1.0827276755567705,2.395283791378125,0.0,-0.0826398683240488,-0.3901058474134857,0.5413638377783853
30.58000000000198,8.682749433740964,4.641464389382385,8.0,-1.1012360451439465,2.369550596680509,0.0,-0.08296070302589476,-0.3907463437676702,0.5506180225719732
30.590000000001982,8.671644712283065,4.665029668585621,8.0,-1.1197009398176787,2.343443222474975,0.0,-0.08367155512527483,-0.39153246122496216,0.5598504699088394
30.600000000001984,8.660355562291052,4.688332020302565,8.0,-1.1381216306155522,2.3169657914185415,0.0,-0.08449602384142244,-0.3928539302479278,0.5690608153077761
30.610000000001985,8.648882429441255,4.711367764821724,8.0,-1.156497390320215,2.2901224846045385,0.0,-0.0848252249738072,-0.39347009573309827,0.5782486951601075
30.620000000001987,8.637225766673307,4.734133264532014,8.0,-1.1748274934881486,2.2629175409022744,0.0,-0.08570597565508598,-0.3942890330012449,0.5874137467440743
30.63000000000199,8.62538603417229,4.756624924497123,8.0,-1.1931112164782662,2.23535525628773,0.0,-0.08662468117188,-0.3955415350515656,0.5965556082391331
30.64000000000199,8.613363699350575,4.778839193023211,8.0,-1.2113478374804911,2.207439983165157,0.0,-0.08684606404386504,-0.3954664477336007,0.6056739187402456
30.65000000000199,8.601159236829353,4.800772562219764,8.0,-1.2295366365442517,2.1791761296797865,0.0,-0.08799704554510399,-0.39692813168664076,0.6147683182721259
30.660000000001993,8.58877312841991,4.8224215685535246,8.0,-1.2476768956069058,2.150568159021728,0.0,-0.0884944542687059,-0.3973615537334412,0.6238384478034529
30.670000000001995,8.57620586310459,4.8437827933954285,8.0,-1.2657678985220862,2.1216205887211834,0.0,-0.08951909672479821,-0.3985577921990539,0.6328839492610431
30.680000000001996,8.563457937017517,4.864852863560449,8.0,-1.2838089310879746,2.0923379899350736,0.0,-0.09072689145899725,-0.3999733446095357,0.6419044655439873
30.690000000001998,8.550529853424976,4.8856284518402635,8.0,-1.301799281075507,2.062724986725185,0.0,-0.09114702553733726,-0.40018367726421794,0.6508996405377535
30.700000000002,8.537422122705584,4.906106277528622,8.0,-1.3197382382564495,2.0327862553280425,0.0,-0.09235486148203964,-0.40151781247127577,0.6598691191282248
30.710000000002,8.524135262330097,4.926283106939474,8.0,-1.3376250944314998,2.0025265234163774,0.0,-0.0929477097140381,-0.4019481418564776,0.6688125472157499
30.720000000002003,8.510669796841015,4.946155753917559,8.0,-1.3554591434582026,1.9719505693526416,0.0,-0.09421733054947425,-0.4032985843551954,0.6777295717291013
30.730000000002004,8.497026257831855,4.965721080341546,8.0,-1.3732396812788399,1.9410632214344288,0.0,-0.09489204281284051,-0.40380392840093543,0.6866198406394199
30.740000000002006,8.48320518392618,4.9849759966195855,8.0,-1.390966005948223,1.9098693571320324,0.0,-0.0961703754030954,-0.4051034398111546,0.6954830029741115
30.750000000002007,8.469207120756321,5.003917462177188,8.0,-1.4086374176614065,1.8783739023182375,0.0,-0.09691681785416108,-0.40567310407333,0.7043187088307032
30.76000000000201,8.455032620941843,5.022542485937364,8.0,-1.4262532187813144,1.846581830490465,0.0,-0.09818418955852162,-0.40690435131933217,0.7131266093906572
30.77000000000201,8.440682244067727,5.0408481267929535,8.0,-1.4438127138662815,1.8144981619854024,0.0,-0.09904376951085779,-0.4075921658144937,0.7219063569331408
30.780000000002012,8.426156556662274,5.058831494071072,8.0,-1.4613152096975186,1.7821279631862144,0.0,-0.09994477637379516,-0.40831917713919724,0.7306576048487593
30.790000000002014,8.411456132174765,5.076489747989534,8.0,-1.4787600153064393,1.7494763457225746,0.0,-0.10128075162132937,-0.40957795207431835,0.7393800076532197
30.800000000002015,8.396581550952781,5.093820100105355,8.0,-1.496146442001998,1.716548465663372,0.0,-0.10252957554933836,-0.41069996398783626,0.748073221000999
30.810000000002017,8.381533400219318,5.110819813755038,8.0,-1.5134738033978399,1.68334952270258,0.0,-0.10313775680217108,-0.4110256910816779,0.7567369016989199
30.82000000000202,8.366312274049601,5.127486204486729,8.0,-1.530741415439406,1.6498847593381472,0.0,-0.10445924605548289,-0.41219355809786684,0.765370707719703
30.83000000000202,8.35091877334763,5.143816640484129,8.0,-1.5479485964309394,1.6161594600441433,0.0,-0.10520615532438582,-0.4126732618244237,0.7739742982154697
30.84000000000202,8.335353505822454,5.159808542982085,8.0,-1.5650946670623984,1.5821789504362838,0.0,-0.10653533168152339,-0.41380131729885167,0.7825473335311992
30.850000000002023,8.31961708596418,5.1754593866738094,8.0,-1.582178950436273,1.5479485964309503,0.0,-0.10746707409970997,-0.41445594222056453,0.7910894752181366
30.860000000002024,8.303710135019724,5.190766700109654,8.0,-1.5992007720943087,1.513473803397851,0.0,-0.10818585793189021,-0.41485194868459224,0.7996003860471543
30.870000000002026,8.287633280968258,5.205728066087386,8.0,-1.616159460044142,1.4787600153064306,0.0,-0.10964529535210356,-0.4160484384685703,0.808079730022071
30.880000000002028,8.271387158496474,5.220341122033863,8.0,-1.6330543447857913,1.443812713866283,0.0,-0.11104218072588372,-0.4171332550102625,0.8165271723928956
30.89000000000203,8.254972408973458,5.23460356037816,8.0,-1.6498847593381458,1.4086374176614078,0.0,-0.11160557661035093,-0.41728174828181847,0.8249423796690729
30.90000000000203,8.238389680425417,5.248513128915928,8.0,-1.6666500392652563,1.3732396812788412,0.0,-0.11296388991165662,-0.4182419808369169,0.8333250196326282
30.910000000002032,8.221639627510076,5.262067631165048,8.0,-1.6833495227025792,1.3376250944315011,0.0,-0.11368571763379226,-0.4185145527673216,0.8416747613512896
30.920000000002034,8.204722911490848,5.275264926712488,8.0,-1.699982550383101,1.3017992810755084,0.0,-0.11509781309798671,-0.4194498351535436,0.8499912751915505
30.930000000002035,8.187640200210712,5.288102931552292,8.0,-1.716548465663371,1.2657678985220977,0.0,-0.11585385879699593,-0.4196906452225473,0.8582742328316855
30.940000000002037,8.17039216806586,5.300579618414673,8.0,-1.7330466145494179,1.2295366365442635,0.0,-0.11726133940381477,-0.42053269097674106,0.8665233072747089
30.95000000000204,8.152979495979068,5.312693017086142,8.0,-1.7494763457225735,1.193111216478278,0.0,-0.11806334922262719,-0.42074648795433833,0.8747381728612867
30.96000000000204,8.135402871372806,5.324441214720631,8.0,-1.7658370105651924,1.156497390320206,0.0,-0.11943846338146998,-0.42146454520690546,0.8829185052825962
30.97000000000204,8.117662988142136,5.335822356141532,8.0,-1.7821279631862224,1.11970093981768,0.0,-0.12073213121681323,-0.4220608062538271,0.8910639815931112
30.980000000002043,8.09976054662726,5.346834644134686,8.0,-1.7983485604467575,1.0827276755567719,0.0,-0.1214078481986791,-0.4220301790088135,0.8991742802233788
30.990000000002045,8.08169625358592,5.357476339732161,8.0,-1.8144981619853924,1.0455834360445158,0.0,-0.12279057533365473,-0.4226136343830758,0.9072490809926962
31.000000000002046,8.06347082216547,5.3677457624868605,8.0,-1.8305761302435104,1.0082740867869207,0.0,-0.12403555874387033,-0.42302872208784487,0.9152880651217552
31.010000000002048,8.04508497187474,5.377641290737882,8.0,-1.8465818304904547,0.9708055193627378,0.0,-0.12474024069469838,-0.42291176467280456,0.9232909152452273
31.02000000000205,8.026539428555614,5.387161361866606,8.0,-1.862514630848586,0.9331836504931129,0.0,-0.12620709544700356,-0.4234282756191554,0.931257315424293
31.03000000000205,8.007834924354388,5.396304472543438,8.0,-1.878373902318227,0.8954144211072674,0.0,-0.12697693369103225,-0.4233008806870839,0.9391869511591135
31.040000000002053,7.988972197692862,5.405069178965212,8.0,-1.894159018802496,0.8575037954043555,0.0,-0.12848846235713715,-0.4237574777140364,0.947079509401248
31.050000000002054,7.969951993239173,5.413454097083187,8.0,-1.9098693571320313,0.8194577599116285,0.0,-0.12926368087617365,-0.42355459889920133,0.9549346785660157
31.060000000002056,7.950775061878449,5.421457902821579,8.0,-1.9255042970895582,0.7812823225391773,0.0,-0.13079854961586387,-0.42393081001348637,0.9627521485447791
31.070000000002057,7.931442160683093,5.429079332286685,8.0,-1.9410632214344274,0.7429835116310851,0.0,-0.13158677786869394,-0.4236573245254562,0.9705316107172137
31.08000000000206,7.91195405288294,5.436317181966443,8.0,-1.9565455159269471,0.7045673750135683,0.0,-0.13313339786757833,-0.4239426920834005,0.9782727579634736
31.09000000000206,7.892311507835118,5.443170308920483,8.0,-1.9719505693526405,0.6660399790399326,0.0,-0.1339380901456344,-0.4235995147274198,0.9859752846763202
31.100000000002062,7.872515300993671,5.449637630960616,8.0,-1.9872777735463758,0.6274074076326263,0.0,-0.1354883446168412,-0.42378812405506394,0.9936388867731879
31.110000000002064,7.85256621387895,5.45571812682172,8.0,-2.0025265234163765,0.5886757613225173,0.0,-0.13630987334256306,-0.4233755422320402,1.0012632617081882
31.120000000002065,7.832465034046754,5.461410836323012,8.0,-2.017696216968107,0.5498511562855496,0.0,-0.137857260022946,-0.4234630272606903,1.0088481084840535
31.130000000002067,7.812212555057245,5.4667148605196685,8.0,-2.032786255328041,0.5109397233769277,0.0,-0.13869770740701395,-0.42298303756834477,1.0163931276640206
31.14000000000207,7.791809576443617,5.4716293618447835,8.0,-2.0477960427673025,0.47194760716298334,0.0,-0.14022952833251498,-0.4229622030536836,1.0238980213836513
31.15000000000207,7.771256903680516,5.476153564241629,8.0,-2.062724986725192,0.4328809649508556,0.0,-0.14110355805842234,-0.42242511542561945,1.031362493362596
31.16000000000207,7.750555348152297,5.480286753286195,8.0,-2.0775724978325485,0.39374596581626886,0.0,-0.14258217287462116,-0.422271931538769,1.0387862489162742
31.170000000002073,7.72970572712091,5.484028276300021,8.0,-2.0923379899350643,0.35454878962923175,0.0,-0.14397549934494386,-0.4220142005363783,1.0461689949675321
31.180000000002075,7.708708863693698,5.487377542453251,8.0,-2.107020880116394,0.31529562607825223,0.0,-0.14470370712127664,-0.42124421500620224,1.053510440058197
31.190000000002076,7.687565586790872,5.490334022857931,8.0,-2.121620588721174,0.27599267369289204,0.0,-0.14615936722060135,-0.42093517563774496,1.060810294360587
31.200000000002078,7.666276731112804,5.492897250651534,8.0,-2.1361365393779077,0.23664613886494726,0.0,-0.14713142368313237,-0.4202637289815798,1.0680682696889539
31.21000000000208,7.644843137107063,5.495066821070679,8.0,-2.1505681590217187,0.19726223486838657,0.0,-0.14794467350597146,-0.4194469524873024,1.0752840795108594
31.22000000000208,7.62326565093524,5.4968423915150435,8.0,-2.1649148779169742,0.15784718087820382,0.0,-0.14960492311561374,-0.41915226356734375,1.0824574389584871
31.230000000002082,7.601545124439543,5.498223681601473,8.0,-2.179176129679777,0.11840720098833786,0.0,-0.1511295051666099,-0.41871846725958206,1.0895880648398886
31.240000000002084,7.579682415109152,5.49921047320825,8.0,-2.1933513513003353,0.07894852322879367,0.0,-0.15174897878132224,-0.41765559670123903,1.0966756756501677
31.250000000002085,7.557678386046425,5.499802610509541,8.0,-2.207439983165156,0.03947737858225367,0.0,-0.15317243022050653,-0.4170589521075113,1.103719991582578
31.260000000002087,7.535533905932738,5.5,8.0,-2.221441469079183,-7.714128625093363e-16,0.0,-0.15400972519097858,-0.4160691439923601,1.1107207345395915
31.27000000000209,7.513249848994247,5.499802610509541,8.0,-2.2353552562877286,-0.03947737858225521,0.0,-0.15539107890635928,-0.41536390571026677,1.1176776281438643
31.28000000000209,7.490827094967366,5.49921047320825,8.0,-2.249180795498297,-0.07894852322879523,0.0,-0.15681043533512345,-0.4146402986349704,1.1245903977491485
31.29000000000209,7.468266529064028,5.498223681601473,8.0,-2.2629175409022735,-0.11840720098831709,0.0,-0.15742222152185145,-0.41339530763723203,1.1314587704511367
31.300000000002093,7.445569041936747,5.496842391515044,8.0,-2.276564950196471,-0.15784718087818309,0.0,-0.15832761917016824,-0.4122888599984542,1.1382824750982354
31.310000000002095,7.42273552964345,5.4950668210706795,8.0,-2.290122484604537,-0.19726223486836586,0.0,-0.15986612718869145,-0.4115126750009899,1.1450612423022686
31.320000000002096,7.399766893612104,5.492897250651536,8.0,-2.30358960889823,-0.2366461388649265,0.0,-0.16058439100780741,-0.4102338209482012,1.151794804449115
31.330000000002098,7.376664040605118,5.4903340228579305,8.0,-2.3169657914185477,-0.2759926736928936,0.0,-0.16207472786409652,-0.4093364888414659,1.1584828957092739
31.3400000000021,7.353427882683598,5.487377542453251,8.0,-2.330250504096694,-0.31529562607825373,0.0,-0.1627136244733724,-0.4079428773304479,1.165125252048347
31.3500000000021,7.3300593371712575,5.484028276300021,8.0,-2.343443222474966,-0.3545487896292333,0.0,-0.1642002669727286,-0.40695728907909234,1.171721611237483
31.360000000002103,7.3065593266182605,5.480286753286195,8.0,-2.356543425727433,-0.39374596581627047,0.0,-0.16480806865401482,-0.4054757376920926,1.1782717128637166
31.370000000002104,7.282928778764784,5.476153564241629,8.0,-2.3695505966805004,-0.43288096495085715,0.0,-0.1662668145435798,-0.4043899149365586,1.1847752983402502
31.380000000002106,7.2591686265043975,5.471629361844785,8.0,-2.3824642218333314,-0.4719476071629628,0.0,-0.16685173012876392,-0.4028263436338224,1.1912321109166657
31.390000000002107,7.235279807847227,5.466714860519671,8.0,-2.395283791378117,-0.5109397233769072,0.0,-0.1682744939862395,-0.4016387489964293,1.1976418956890584
31.40000000000211,7.211263265882929,5.461410836323015,8.0,-2.4080087992202013,-0.5498511562855293,0.0,-0.16883572239488603,-0.39999480127432274,1.2040043996101006
31.41000000000211,7.187119948743457,5.455718126821724,8.0,-2.420638742998064,-0.5886757613224969,0.0,-0.17021628096420482,-0.39870589122206174,1.210319371499032
31.420000000002112,7.162850809565619,5.449637630960616,8.0,-2.433173124103157,-0.6274074076326278,0.0,-0.1707505043667955,-0.39698218583840184,1.2165865620515786
31.430000000002114,7.1384568064535,5.443170308920483,8.0,-2.445611447699564,-0.6660399790399342,0.0,-0.1720857048912957,-0.39559291078107683,1.222805723849782
31.440000000002115,7.1139389024405615,5.436317181966443,8.0,-2.4579532227435728,-0.7045673750135698,0.0,-0.1725891768642976,-0.39379000157760263,1.2289766113717864
31.450000000002117,7.089298065451673,5.429079332286685,8.0,-2.4701979620030383,-0.7429835116310866,0.0,-0.17387433101611754,-0.39230114186702647,1.2350989810015192
31.46000000000212,7.064535268264885,5.421457902821579,8.0,-2.4823451820766196,-0.7812823225391787,0.0,-0.17434660366622315,-0.3904200685112628,1.2411725910383098
31.47000000000212,7.039651488473031,5.413454097083186,8.0,-2.4943944034128687,-0.8194577599116301,0.0,-0.17557677700069307,-0.38883203785035597,1.2471972017064343
31.48000000000212,7.014647708445128,5.405069178965217,8.0,-2.5063451503291585,-0.8575037954043356,0.0,-0.17601688690022213,-0.3868740073459383,1.2531725751645792
31.490000000002123,6.989524915287602,5.396304472543442,8.0,-2.5181969510304634,-0.8954144211072473,0.0,-0.17718841949478106,-0.38518692792180387,1.2590984755152317
31.500000000002125,6.964284100805305,5.38716136186661,8.0,-2.5299493376279854,-0.9331836504930933,0.0,-0.1775986123208704,-0.38315388889141316,1.2649746688139927
31.510000000002126,6.9389262614623615,5.377641290737882,8.0,-2.5416018461576315,-0.9708055193627393,0.0,-0.1787038212074688,-0.3813666671052732,1.2708009230788158
31.520000000002128,6.913452398342878,5.36774576248686,8.0,-2.553154016598304,-1.008274086786922,0.0,-0.17909489750236077,-0.37926311889495495,1.276577008299152
31.53000000000213,6.887863517111337,5.357476339732161,8.0,-2.5646053928901016,-1.0455834360445173,0.0,-0.18011792629351522,-0.377371392735855,1.2823026964450508
31.54000000000213,6.862160627972955,5.3468346441346855,8.0,-2.5759555229522957,-1.0827276755567732,0.0,-0.1805393742042628,-0.37521623162158196,1.2879777614761478
31.550000000002132,6.8363447456337845,5.335822356141531,8.0,-2.5872039587011857,-1.1197009398176814,0.0,-0.18138953895169185,-0.37318734922635655,1.2936019793505928
31.560000000002134,6.810416889260656,5.324441214720631,8.0,-2.598350256067789,-1.1564973903202076,0.0,-0.18230112614749808,-0.37114648587353455,1.2991751280338946
31.570000000002135,6.784378082440945,5.312693017086147,8.0,-2.609393975015371,-1.193111216478259,0.0,-0.18237932288010922,-0.3687655373114223,1.3046969875076855
31.580000000002137,6.758229353142159,5.300579618414679,8.0,-2.6203346795568176,-1.2295366365442442,0.0,-0.18321167652101225,-0.3666231591970301,1.3101673397784088
31.59000000000214,6.7319717336713545,5.288102931552299,8.0,-2.631171937771847,-1.2657678985220786,0.0,-0.1840511724991778,-0.36444916986679105,1.3155859688859235
31.60000000000214,6.705606260634375,5.275264926712487,8.0,-2.641905321824067,-1.3017992810755097,0.0,-0.1839797234547475,-0.3619245928622453,1.3209526609120334
31.61000000000214,6.679133974894981,5.262067631165047,8.0,-2.652534407977842,-1.3376250944315025,0.0,-0.1848139087987754,-0.3596752706626148,1.326267203988921
31.620000000002143,6.652555921533669,5.248513128915928,8.0,-2.663058776615056,-1.3732396812788425,0.0,-0.18484594889720438,-0.3571306627868148,1.331529388307528
31.630000000002145,6.625873149806479,5.23460356037816,8.0,-2.6734780122516564,-1.4086374176614094,0.0,-0.1856551110905074,-0.3548019436896782,1.3367390061258282
31.640000000002146,6.599086713103549,5.2203411220338625,8.0,-2.683791703554061,-1.4438127138662844,0.0,-0.18573374176744184,-0.35220902324116926,1.3418958517770305
31.650000000002148,6.5721976689075365,5.205728066087385,8.0,-2.6939994433553967,-1.478760015306432,0.0,-0.18643767374675443,-0.3497733687436342,1.3469997216776983
31.66000000000215,6.545207078751862,5.190766700109662,8.0,-2.7041008286715744,-1.513473803397833,0.0,-0.18695019987300304,-0.3472420802793634,1.3520504143357872
31.67000000000215,6.518116008178811,5.175459386673818,8.0,-2.714095460717199,-1.5479485964309323,0.0,-0.18685154405556414,-0.34448930842426334,1.3570477303585995
31.680000000002153,6.490925526697463,5.159808542982093,8.0,-2.7239829449213095,-1.582178950436266,0.0,-0.1874446130458584,-0.3419057930159216,1.3619914724606548
31.690000000002154,6.463636707741468,5.143816640484137,8.0,-2.7337628909429608,-1.6161594600441256,0.0,-0.1879952853459904,-0.3392702090382539,1.3668814454714804
31.700000000002156,6.4362506286266585,5.127486204486727,8.0,-2.743434912686635,-1.6498847593381483,0.0,-0.18771117795855347,-0.3363596927818908,1.3717174563433174
31.710000000002157,6.408768370508575,5.110819813755037,8.0,-2.7529986283174637,-1.6833495227025816,0.0,-0.18828620364163923,-0.33364965436680033,1.3764993141587318
31.72000000000216,6.381191018339695,5.093820100105354,8.0,-2.762453660276335,-1.7165484656633734,0.0,-0.18864199079725588,-0.33083785268184923,1.3812268301381676
31.73000000000216,6.353519660826665,5.076489747989533,8.0,-2.7717996352947774,-1.749476345722576,0.0,-0.18838956703721269,-0.3278216168221241,1.3858998176473887
31.740000000002162,6.325755390387296,5.058831494071072,8.0,-2.781036184409699,-1.782127963186216,0.0,-0.18889944876423317,-0.32496151384361893,1.3905180922048495
31.750000000002164,6.297899303107445,5.040848126792963,8.0,-2.790162942977957,-1.8144981619853857,0.0,-0.18922057504163695,-0.32200474429911397,1.3950814714889785
31.760000000002165,6.269952498697742,5.0225424859373735,8.0,-2.7991795506907504,-1.8465818304904484,0.0,-0.1889343812675735,-0.31884966432161327,1.3995897753453752
31.770000000002167,6.241916080450171,5.003917462177197,8.0,-2.8080856515878456,-1.8783739023182207,0.0,-0.18934125518296036,-0.3158155364851324,1.4040428257939228
31.78000000000217,6.213791155194519,4.984975996619596,8.0,-2.816880894071629,-1.909869357132016,0.0,-0.18975346620175812,-0.3127284271504195,1.4084404470358145
31.79000000000217,6.185578833254661,4.965721080341545,8.0,-2.825564930920992,-1.9410632214344299,0.0,-0.1892875178088545,-0.30938816206753017,1.412782465460496
31.80000000000217,6.157280228404794,4.946155753917558,8.0,-2.8341374193050193,-1.971950569352643,0.0,-0.18972350872279606,-0.30620147964480465,1.4170687096525096
31.810000000002173,6.1288964578253635,4.926283106939474,8.0,-2.842598020796553,-2.002526523416379,0.0,-0.19000133727386426,-0.30292753104129705,1.4212990103982766
31.820000000002175,6.1004286420590335,4.906106277528621,8.0,-2.8509464013855332,-2.0327862553280434,0.0,-0.189574425731888,-0.29945430529267403,1.4254732006927666
31.830000000002176,6.071877904966424,4.885628451840262,8.0,-2.859182231492189,-2.0627249867251862,0.0,-0.18996942542163872,-0.29610532993480226,1.4295911157460945
31.840000000002178,6.043245373681751,4.8648528635604595,8.0,-2.8673051859800496,-2.0923379899350585,0.0,-0.19025718980533496,-0.2926860122347366,1.4336525929900248
31.85000000000218,6.01453217856832,4.84378279339544,8.0,-2.87531494416878,-2.1216205887211683,0.0,-0.189793676070497,-0.2890771058744249,1.43765747208439
31.86000000000218,5.985739453173912,4.822421568553536,8.0,-2.8832111898468433,-2.150568159021713,0.0,-0.19017342231175008,-0.2855870914924602,1.4416055949234217
31.870000000002182,5.956868334186023,4.800772562219776,8.0,-2.890993611283979,-2.1791761296797714,0.0,-0.19046937511760617,-0.282043133859427,1.4454968056419895
31.880000000002184,5.927919961386979,4.77883919302321,8.0,-2.89866190124352,-2.2074399831651577,0.0,-0.18997553512282636,-0.27832278925252213,1.44933095062176
31.890000000002185,5.898895477609004,4.756624924497121,8.0,-2.906215756994499,-2.235355256287731,0.0,-0.19036310168277887,-0.2747198845659325,1.4531078784972495
31.900000000002187,5.869796028689002,4.734133264532012,8.0,-2.913654880323631,-2.2629175409022757,0.0,-0.19062292854896512,-0.27106959488962,1.4568274401618155
31.91000000000219,5.840622763423392,4.711367764821723,8.0,-2.920978977547064,-2.2901224846045394,0.0,-0.1901563993585787,-0.26727264132781603,1.460489488773532
31.92000000000219,5.811376833522733,4.688332020302564,8.0,-2.9281877595219803,-2.316965791418543,0.0,-0.1905293196523949,-0.2635711135357778,1.4640938797609901
31.93000000000219,5.782059393566259,4.665029668585634,8.0,-2.9352809416580117,-2.3434432224749613,0.0,-0.19081288808192393,-0.2598476707885806,1.4676404708290058
31.940000000002193,5.752671600956303,4.6414643893823975,8.0,-2.942258243928472,-2.369550596680495,0.0,-0.19032162682923318,-0.2559720222341374,1.471129121964236
31.950000000002195,5.723214615872594,4.617639903923618,8.0,-2.9491193908814153,-2.3952837913781115,0.0,-0.19072306592228153,-0.2522089853452122,1.4745596954407076
31.960000000002196,5.693689601226469,4.5935599743717335,8.0,-2.9558641116505076,-2.4206387429980585,0.0,-0.19097768911642898,-0.24840671345467788,1.4779320558252538
31.970000000002198,5.66409772261493,4.569228403226748,8.0,-2.962492139965726,-2.4456114476995663,0.0,-0.1906566590998371,-0.2441151515864997,1.481246069982863
31.9800000000022,5.63444014827471,4.544649032725834,8.0,-2.9690032141638536,-2.47019796200304,0.0,-0.19085520038077777,-0.24027043210746699,1.4845016070819268
31.9900000000022,5.604718049036047,4.519825744236513,8.0,-2.9753970771988336,-2.494394403412871,0.0,-0.19100821163087758,-0.23668231558988548,1.4876985385994168
32.0000000000022,5.574932598276526,4.494762457643799,8.0,-2.981673476651902,-2.518196951030465,0.0,-0.1906286199388127,-0.23217319164426228,1.490836738325951
32.0100000000022,5.545084971874741,4.469463130731186,8.0,-2.987832164741555,-2.541601846157627,0.0,-0.1909102035950669,-0.22850788437706182,1.4939160823707776
32.0200000000022,5.515176348163876,4.443931758555674,8.0,-2.993872898333332,-2.564605392890097,0.0,-0.19042723021948796,-0.22507094902672403,1.496936449166666
32.0300000000022,5.485207907885182,4.418172372816898,8.0,-2.9997954389494144,-2.5872039587011813,0.0,-0.19012694013648543,-0.22054240170335848,1.4998977194747072
32.040000000002195,5.455180834141369,4.392189041220478,8.0,-3.0055995527780395,-2.6093939750153665,0.0,-0.19050729143330353,-0.2169915440613886,1.5027997763890197
32.05000000000219,5.425096312349892,4.365985866835683,8.0,-3.0112850106827316,-2.631171937771842,0.0,-0.19132915676426207,-0.21384247693503242,1.5056425053413658
32.06000000000219,5.3949555301961425,4.339566987447488,8.0,-3.016851588211351,-2.6525344079778437,0.0,-0.19065734957000374,-0.20919011716588676,1.5084257941056756
32.07000000000219,5.364759677586624,4.312936574903238,8.0,-3.022299065604942,-2.673478012251658,0.0,-0.19094441253424288,-0.20565488565656806,1.511149532802471
32.08000000000219,5.3345099466018775,4.286098834453766,8.0,-3.027627227806428,-2.6939994433553984,0.0,-0.19053986536294654,-0.20133998164410166,1.513813613903214
32.090000000002185,5.304207531449486,4.259058004089404,8.0,-3.032835864469088,-2.7140954607172003,0.0,-0.19103119915589356,-0.19810825243845914,1.516417932234544
32.10000000000218,5.273853628416914,4.231818353870732,8.0,-3.0379247699648655,-2.733762890942962,0.0,-0.19123397991725066,-0.19456336047131367,1.5189623849824327
32.11000000000218,5.24344943582428,4.204384185254293,8.0,-3.0428937433924856,-2.7529986283174597,0.0,-0.1906935386653942,-0.19013707505797717,1.5214468716962428
32.12000000000218,5.212996153977045,4.176759830413339,8.0,-3.047742588585385,-2.7717996352947734,0.0,-0.19086052632628214,-0.18649258050622602,1.5238712942926924
32.13000000000218,5.182494985118633,4.148949651553728,8.0,-3.0524711141194585,-2.7901629429779535,0.0,-0.19106490535319098,-0.18300535689758207,1.5262355570597292
32.140000000002175,5.151947133382964,4.120958040225091,8.0,-3.057079133320614,-2.808085651587842,0.0,-0.1904809399380292,-0.17857069083094884,1.528539566660307
32.15000000000217,5.121353804746902,4.092789416627328,8.0,-3.061566464272146,-2.825564930920993,0.0,-0.19065860318031586,-0.17422947991565402,1.530783232136073
32.16000000000217,5.0907162069827105,4.0644482289126795,8.0,-3.0659329298219085,-2.8425980207965544,0.0,-0.1908417420919793,-0.17083159865438516,1.5329664649109542
32.17000000000217,5.060035549610273,4.03593895248321,8.0,-3.070178357589319,-2.8591822314921904,0.0,-0.19018366604854914,-0.16651588432030573,1.5350891787946594
32.18000000000217,5.029313043849408,4.007266089284158,8.0,-3.074302579972159,-2.8753149441687813,0.0,-0.19026640238903764,-0.163252919453221,1.5371512899860795
32.190000000002165,4.998549902572039,3.9784341670930097,8.0,-3.0783054341531915,-2.8909936112839802,0.0,-0.1906990016428296,-0.15993177936973388,1.5391527170765957
32.20000000000216,4.967747340254307,3.949447738804508,8.0,-3.0821867621065864,-2.906215756994496,0.0,-0.18977327751392134,-0.15522153482627968,1.5410933810532932
32.21000000000216,4.93690657292863,3.920311381711702,8.0,-3.0859464106041625,-2.9209789775470614,0.0,-0.18996918565390805,-0.15071347911055405,1.5429732053020813
32.22000000000216,4.906028818135696,3.8910296967831357,8.0,-3.0895842312214348,-2.9352809416580086,0.0,-0.1900871272274986,-0.14742397856117012,1.5447921156107174
32.23000000000216,4.875115294876391,3.8616073079363034,8.0,-3.093100080343474,-2.9491193908814126,0.0,-0.18927216269618524,-0.14293521362404307,1.546550040171737
32.240000000002155,4.844167223563665,3.832048861307462,8.0,-3.0964938191705786,-2.962492139965727,0.0,-0.1894662415753505,-0.13945374494137072,1.5482469095852893
32.25000000000215,4.813185825974416,3.8023590245180214,8.0,-3.099765313723747,-2.975397077198835,0.0,-0.18884445029075933,-0.13498236411587963,1.5498826568618735
32.26000000000215,4.782172325201154,3.772542485937368,8.0,-3.1029144348499784,-2.987832164741556,0.0,-0.18906689348216377,-0.13076032368144647,1.5514572174249892
32.27000000000215,4.751127945603787,3.742603953942589,8.0,-3.1059410582273617,-2.9997954389494152,0.0,-0.1885236895973425,-0.12714545153124002,1.5529705291136808
32.28000000000215,4.720053912761264,3.7125481561749436,8.0,-3.1088450643699894,-3.0112850106827325,0.0,-0.18870518134961892,-0.12297117010130397,1.5544225321849947
32.290000000002145,4.688951453423195,3.6823798387933184,8.0,-3.111626338632672,-3.0222990656049395,0.0,-0.18822687031407567,-0.11853978515135973,1.555813169316336
32.30000000000214,4.65782179546142,3.6521037657247497,8.0,-3.114284771215462,-3.0328358644690856,0.0,-0.1883270855105398,-0.11515208414797441,1.557142385607731
32.31000000000214,4.62666616782153,3.621724717912146,8.0,-3.116820257167995,-3.0428937433924834,0.0,-0.18837112382269539,-0.11075374670829247,1.5584101285839975
32.32000000000214,4.59548580047436,3.5912474925593227,8.0,-3.119232696393625,-3.0524711141194563,0.0,-0.1876974305007524,-0.1063761041897238,1.5596163481968126
32.33000000000214,4.564281924367403,3.5606769023734484,8.0,-3.1215219936533853,-3.061566464272147,0.0,-0.18771889732605582,-0.10293065849605167,1.5607609968266927
32.340000000002135,4.533055771376297,3.530017774805134,8.0,-3.1236880585697366,-3.0701783575893193,0.0,-0.18795546191027432,-0.09854802936097488,1.5618440292848683
32.35000000000213,4.501808574256074,3.499274951286017,8.0,-3.125730805630146,-3.0783054341531924,0.0,-0.18715250096997119,-0.09415616133544392,1.562865402815073
32.36000000000213,4.470541566592573,3.468453286464313,8.0,-3.1276501541904578,-3.0859464106041634,0.0,-0.18725858899841957,-0.09013086925682925,1.5638250770952289
32.37000000000213,4.4392559827537195,3.4375576474381933,8.0,-3.129446028478077,-3.0931000803434743,0.0,-0.18735737959044424,-0.08588216457273068,1.5647230142390385
32.38000000000213,4.407953057840793,3.406592912987214,8.0,-3.1311183575949615,-3.0997653137237458,0.0,-0.18659081455850499,-0.08234517321573921,1.5655591787974807
32.390000000002125,4.376634027639671,3.3755639728018996,8.0,-3.1326670755204216,-3.1059410582273608,0.0,-0.18671881891393977,-0.07804592854200348,1.5663335377602108
32.40000000000212,4.345300128572038,3.3444757267116043,8.0,-3.1340921211137256,-3.1116263386326706,0.0,-0.1861748679470595,-0.07367809801577443,1.5670460605568628
32.41000000000212,4.313952597646578,3.3133330839107717,8.0,-3.135393438116513,-3.1168202571679937,0.0,-0.1861877373767643,-0.06947324661021323,1.5676967190582565
32.42000000000212,4.282592672410136,3.282140962183717,8.0,-3.1365709751550175,-3.1215219936533836,0.0,-0.18641061509250695,-0.06542427042142766,1.5682854875775087
32.43000000000212,4.2512215908988455,3.2509042871280345,8.0,-3.1376246857420926,-3.1257308056301465,0.0,-0.1856455072296946,-0.061188201902965686,1.5688123428710463
32.440000000002115,4.219840591589324,3.219627991376857,8.0,-3.138554528279048,-3.129446028478077,0.0,-0.18512472403437413,-0.05756878717605999,1.569277264139524
32.45000000000211,4.188450913349674,3.188317013819833,8.0,-3.1393604660572936,-3.132667075520422,0.0,-0.18550014557791686,-0.05328314558483781,1.5696802330286468
32.46000000000211,4.157053795390644,3.1569762988232863,8.0,-3.1400424672597853,-3.135393438116513,0.0,-0.18493249505740889,-0.0489879780738744,1.5700212336298927
32.47000000000211,4.125650477216692,3.125610795449429,8.0,-3.140600504962283,-3.137624685742092,0.0,-0.18522234184946468,-0.044737629490760496,1.5703002524811416
32.48000000000211,4.094242198577048,3.0942254566748435,8.0,-3.141034557134415,-3.139360466057293,0.0,-0.18461175173421787,-0.040676215842521374,1.5705172785672075
32.490000000002105,4.062830199416772,3.0628252386083528,8.0,-3.1413446066405433,-3.140600504962283,0.0,-0.18491461473490514,-0.03642856965721256,1.5706723033202716
32.5000000000021,4.031415719827805,3.0314150997083926,8.0,-3.141530641240445,-3.1413446066405433,0.0,-0.18429705443546213,-0.03237736736052546,1.5707653206202226
32.5100000000021,4.000000000000012,3.000000000000013,8.0,-3.141592653589793,-3.141592653589793,0.0,-0.18461122230483484,-0.028150746357249252,1.5707963267948966
32.5200000000021,3.968584280172202,2.9685849002916154,8.0,-3.141530641240445,-3.1413446066405433,0.0,-0.18400189101446202,-0.02405904827451069,1.5707653206202226
32.5300000000021,3.937169800583236,2.9371747613916552,8.0,-3.1413446066405433,-3.140600504962283,0.0,-0.18432416143907665,-0.019867581950121473,1.5706723033202716
32.540000000002095,3.9057578014229604,2.9057745433251645,8.0,-3.141034557134415,-3.139360466057294,0.0,-0.1837310853636527,-0.015753294076651443,1.5705172785672075
32.55000000000209,3.874349522783316,2.874389204550579,8.0,-3.1406005049622836,-3.1376246857420926,0.0,-0.18405652431674338,-0.011580500735414334,1.5703002524811418
32.56000000000209,3.8429462046093636,2.8430237011767217,8.0,-3.1400424672597853,-3.135393438116514,0.0,-0.1834872604425151,-0.007450958647859788,1.5700212336298927
32.57000000000209,3.8115490866503343,2.811682986180175,8.0,-3.139360466057294,-3.132667075520423,0.0,-0.18380800872677577,-0.0032864001371642523,1.569680233028647
32.58000000000209,3.780159408410684,2.780372008623151,8.0,-3.1385545282790486,-3.129446028478078,0.0,-0.18327260075269072,0.0008533581058911961,1.5692772641395243
32.590000000002085,3.748778409101163,2.7490957128719735,8.0,-3.1376246857420926,-3.1257308056301474,0.0,-0.18357302556925587,0.005015026932127513,1.5688123428710463
32.60000000000208,3.71740732758989,2.7178590378163086,8.0,-3.136570975155018,-3.1215219936533867,0.0,-0.18308838876667088,0.00916238441922399,1.568285487577509
32.61000000000208,3.6860474023534477,2.686666916089254,8.0,-3.1353934381165143,-3.1168202571679977,0.0,-0.18331979184367694,0.013322632346424475,1.5676967190582571
32.62000000000208,3.6546998714279875,2.6555242732884214,8.0,-3.1340921211137265,-3.1116263386326755,0.0,-0.1829302496604268,0.017475097311917973,1.5670460605568632
32.63000000000208,3.6233659723603546,2.6244360271981257,8.0,-3.132667075520423,-3.1059410582273657,0.0,-0.1827410973090058,0.0216324482135705,1.5663335377602114
32.640000000002075,3.5920469421592327,2.593407087012811,8.0,-3.131118357594963,-3.099765313723751,0.0,-0.18302455683081884,0.025790891908014625,1.5655591787974814
32.65000000000207,3.5607440172462885,2.5624423525618143,8.0,-3.129446028478077,-3.093100080343476,0.0,-0.18346337780967487,0.02995162831634153,1.5647230142390385
32.66000000000207,3.5294584334074175,2.5315467135356773,8.0,-3.127650154190457,-3.0859464106041608,0.0,-0.18291712331670784,0.034102759197102595,1.5638250770952284
32.67000000000207,3.4981914257439164,2.5007250487139734,8.0,-3.1257308056301456,-3.0783054341531892,0.0,-0.1824837372287601,0.038253142899728795,1.5628654028150728
32.68000000000207,3.466944228623693,2.4699822251948564,8.0,-3.1236880585697357,-3.0701783575893167,0.0,-0.18316649480124986,0.042408866439820656,1.5618440292848679
32.690000000002065,3.4357180756325865,2.439323097626542,8.0,-3.121521993653385,-3.0615664642721443,0.0,-0.1827114021677777,0.04655419959689022,1.5607609968266924
32.70000000000206,3.4045141995256483,2.4087525074406853,8.0,-3.119232696393626,-3.0524711141194585,0.0,-0.18265855821778226,0.05069682785229724,1.559616348196813
32.71000000000206,3.3733338321784774,2.378275282087862,8.0,-3.116820257167995,-3.042893743392486,0.0,-0.18243390212269242,0.0548345046290518,1.5584101285839975
32.72000000000206,3.3421782045385884,2.3478962342752583,8.0,-3.1142847712154627,-3.0328358644690887,0.0,-0.18317574211512105,0.058971456077187685,1.5571423856077313
32.73000000000206,3.3110485465768122,2.3176201612066896,8.0,-3.1116263386326724,-3.022299065604942,0.0,-0.18286177577867188,0.0630962066818508,1.5558131693163362
32.740000000002055,3.2799460872387436,2.287451843825064,8.0,-3.1088450643699908,-3.011285010682735,0.0,-0.1826666538014816,0.06721334676195487,1.5544225321849954
32.75000000000205,3.2488720543962213,2.257396046057419,8.0,-3.1059410582273626,-2.9997954389494184,0.0,-0.18343242558300477,0.07132564938825324,1.5529705291136813
32.76000000000205,3.217827674798854,2.2274575140626394,8.0,-3.102914434849979,-2.987832164741559,0.0,-0.1831376725088637,0.07542506197930318,1.5514572174249894
32.77000000000205,3.186814174025592,2.197640975481986,8.0,-3.099765313723748,-2.9753970771988385,0.0,-0.18297276056326273,0.07951430420867,1.549882656861874
32.78000000000205,3.155832776436343,2.167951138692545,8.0,-3.0964938191705795,-2.9624921399657302,0.0,-0.18376194369271076,0.083593533945898,1.5482469095852898
32.790000000002046,3.124884705123634,2.1383926920637206,8.0,-3.0931000803434765,-2.9491193908814237,0.0,-0.1835253205460411,0.08765969763826213,1.5465500401717382
32.80000000000204,3.093971181864329,2.1089703032168883,8.0,-3.089584231221438,-2.93528094165802,0.0,-0.18336143944107233,0.09171256110798919,1.544792115610719
32.81000000000204,3.0630934270713945,2.079688618288322,8.0,-3.0859464106041656,-2.920978977547073,0.0,-0.18422651007462454,0.09574978648163565,1.5429732053020828
32.82000000000204,3.0322526597457187,2.050552261195516,8.0,-3.0821867621065895,-2.906215756994509,0.0,-0.18400829227951712,0.09977402556661166,1.5410933810532947
32.83000000000204,3.001450097427969,2.021565832906998,8.0,-3.0783054341531924,-2.8909936112839842,0.0,-0.18386726134532486,0.10378169678194585,1.5391527170765962
32.840000000002036,2.9706869561505824,1.9927339107158328,8.0,-3.0743025799721577,-2.8753149441687764,0.0,-0.18475387779996819,0.10776729493328814,1.5371512899860789
32.850000000002034,2.9399644503897173,1.964061047516781,8.0,-3.0701783575893176,-2.859182231492185,0.0,-0.18457572867226224,0.11174040107943446,1.5350891787946588
32.86000000000203,2.9092837930172797,1.9355517710873116,8.0,-3.065932929821907,-2.842598020796549,0.0,-0.18445028589205784,0.11569366751911725,1.5329664649109536
32.87000000000203,2.8786461952530886,1.9072105833726627,8.0,-3.0615664642721447,-2.825564930920988,0.0,-0.185350942429963,0.11961750592701728,1.5307832321360724
32.88000000000203,2.8480528666170435,1.8790419597749162,8.0,-3.057079133320615,-2.8080856515878465,0.0,-0.18520984202555404,0.1235294157822587,1.5285395666603074
32.890000000002026,2.817505014881375,1.851050348446279,8.0,-3.0524711141194594,-2.790162942977958,0.0,-0.18510301348210356,0.12741777173665356,1.5262355570597297
32.900000000002024,2.787003846022963,1.823240169586669,8.0,-3.047742588585386,-2.7717996352947782,0.0,-0.18598625829261786,0.13126876980921331,1.523871294292693
32.91000000000202,2.756550564175728,1.7956158147457137,8.0,-3.0428937433924865,-2.7529986283174646,0.0,-0.1858960222354639,0.13510752105248405,1.5214468716962433
32.92000000000202,2.726146371583093,1.7681816461292748,8.0,-3.037924769964867,-2.733762890942967,0.0,-0.1858158337095571,0.13891840469560424,1.5189623849824334
32.93000000000202,2.6957924685505215,1.7409419959106032,8.0,-3.032835864469089,-2.7140954607172056,0.0,-0.1862586917617908,0.14269166609696454,1.5164179322345446
32.940000000002016,2.66549005339813,1.7139011655462408,8.0,-3.027627227806429,-2.6939994433554033,0.0,-0.18629409965734664,0.14644339600862022,1.5138136139032146
32.950000000002014,2.6352403224133836,1.6870634250967693,8.0,-3.0222990656049435,-2.6734780122516635,0.0,-0.186507369400258,0.1501594481414827,1.5111495328024718
32.96000000000201,2.6050444698038655,1.6604330125525186,8.0,-3.0168515882113525,-2.6525344079778486,0.0,-0.18752425416967292,0.1538201668811127,1.5084257941056762
32.97000000000201,2.5749036876501328,1.6340141331643392,8.0,-3.0112850106827365,-2.63117193777186,0.0,-0.1874810580313409,0.15746834489304928,1.5056425053413682
32.98000000000201,2.544819165858656,1.607810958779543,8.0,-3.0055995527780444,-2.6093939750153847,0.0,-0.18747376253478576,0.16107391572567537,1.5027997763890222
32.990000000002006,2.514792092114843,1.5818276271831233,8.0,-2.9997954389494192,-2.5872039587011995,0.0,-0.18765117387215344,0.164633981294318,1.4998977194747096
33.000000000002004,2.484823651836149,1.5560682414443474,8.0,-2.9938728983333367,-2.564605392890116,0.0,-0.18866919383680453,0.16812199631854763,1.4969364491666683
33.010000000002,2.4549150281252667,1.5305368692688206,8.0,-2.987832164741557,-2.541601846157633,0.0,-0.1886759754024431,0.17159409204101608,1.4939160823707784
33.020000000002,2.4250674017234646,1.5052375423561934,8.0,-2.9816734766519004,-2.5181969510304576,-0.0,-0.18868455071902412,0.1750103866488772,1.4908367383259502
33.030000000002,2.395281950963943,1.4801742557634787,8.0,-2.975397077198832,-2.4943944034128633,-0.0,-0.1888638075007807,0.17836688012290164,1.487698538599416
33.040000000001996,2.3655598517252803,1.455350967274158,8.0,-2.969003214163852,-2.470197962003032,-0.0,-0.1898966208004236,0.18163009797273483,1.484501607081926
33.050000000001994,2.3359022773850615,1.4307715967732442,8.0,-2.962492139965724,-2.4456114476995583,-0.0,-0.18992943494758024,0.1848762388161775,1.481246069982862
33.06000000000199,2.3063103987735394,1.4064400256282725,8.0,-2.9558641116505093,-2.420638742998065,-0.0,-0.1899594058352308,0.18805794696843117,1.4779320558252547
33.07000000000199,2.276785384127413,1.3823600960763878,8.0,-2.949119390881417,-2.3952837913781178,-0.0,-0.1901359017517318,0.1911735114902754,1.4745596954407085
33.08000000000199,2.247328399043705,1.358535610617609,8.0,-2.9422582439284737,-2.3695505966805017,-0.0,-0.19121013476115492,0.1941811413515102,1.4711291219642368
33.090000000001986,2.217940606433748,1.3349703314143726,8.0,-2.9352809416580135,-2.343443222474968,-0.0,-0.19126235137168382,0.1971835883008851,1.4676404708290067
33.100000000001984,2.1886231664772753,1.3116679796974418,8.0,-2.9281877595219825,-2.316965791418549,-0.0,-0.1913146633631184,0.20012446627567831,1.4640938797609913
33.11000000000198,2.1593772365766157,1.2886322351782826,8.0,-2.920978977547066,-2.2901224846045465,-0.0,-0.19149934447635977,0.20300419202953282,1.460489488773533
33.12000000000198,2.130203971311005,1.265866735467993,8.0,-2.9136548803236333,-2.2629175409022824,-0.0,-0.19256342343028723,0.2057735679882039,1.4568274401618166
33.13000000000198,2.1011045223910036,1.2433750755028838,8.0,-2.9062157569945013,-2.235355256287738,-0.0,-0.19266645526098738,0.20855599393259552,1.4531078784972506
33.140000000001976,2.072080038613028,1.221160806976795,8.0,-2.8986619012435217,-2.207439983165165,-0.0,-0.19277625224940792,0.21128795125950162,1.4493309506217609
33.150000000001974,2.043131665814,1.199227437780242,8.0,-2.890993611283985,-2.1791761296797945,-0.0,-0.1929916732956537,0.21397064189993342,1.4454968056419926
33.16000000000197,2.014260546826111,1.1775784314464819,8.0,-2.8832111898468495,-2.1505681590217365,-0.0,-0.1940683708944535,0.21654468009716862,1.4416055949234248
33.17000000000197,1.9854678214317025,1.156217206604577,8.0,-2.8753149441687866,-2.121620588721192,-0.0,-0.19422957070854885,0.21915348172875412,1.4376574720843933
33.18000000000197,1.9567546263182725,1.1351471364395578,8.0,-2.8673051859800562,-2.0923379899350825,-0.0,-0.19441311492885563,0.221722220546219,1.4336525929900281
33.190000000001966,1.9281220950335825,1.1143715481597427,8.0,-2.859182231492191,-2.0627249867251938,-0.0,-0.19467772072216255,0.22425332726533403,1.4295911157460954
33.200000000001964,1.8995713579409577,1.0938937224713725,8.0,-2.8509464013855306,-2.0327862553280345,-0.0,-0.19534330330114072,0.22671775653438028,1.4254732006927653
33.21000000000196,1.8711035421746276,1.0737168930605205,8.0,-2.8425980207965504,-2.0025265234163694,-0.0,-0.19561191115611143,0.2291920419687127,1.4212990103982752
33.22000000000196,1.8427197715951977,1.0538442460824364,8.0,-2.834137419305017,-1.9719505693526331,-0.0,-0.19615035191125493,0.23160931706786542,1.4170687096525085
33.23000000000196,1.8144211667453298,1.0342789196584488,8.0,-2.8255649309209896,-1.9410632214344203,-0.0,-0.1965861155527591,0.23400781312700095,1.4127824654604948
33.240000000001956,1.7862088448054885,1.015024003380409,8.0,-2.8168808940716312,-1.909869357132024,-0.0,-0.19717903238116155,0.23635785160105827,1.4084404470358156
33.250000000001954,1.7580839195498368,0.9960825378228071,8.0,-2.808085651587848,-1.8783739023182289,-0.0,-0.19767517571757645,0.2386881819184819,1.404042825793924
33.26000000000195,1.7300475013022658,0.9774575140626314,8.0,-2.7991795506907526,-1.8465818304904564,-0.0,-0.1983007538152157,0.24097167772564584,1.3995897753453763
33.27000000000195,1.702100696892562,0.9591518732070412,8.0,-2.7901629429779593,-1.8144981619853937,-0.0,-0.1988457144115604,0.24323334579453768,1.3950814714889797
33.28000000000195,1.6742446096127113,0.9411685059289332,8.0,-2.7810361844097016,-1.782127963186224,-0.0,-0.19949991922668414,0.24544837781711573,1.3905180922048508
33.290000000001946,1.6464803391733422,0.9235102520104714,8.0,-2.7717996352947796,-1.7494763457225844,-0.0,-0.20008594462247278,0.24763886422750725,1.3858998176473898
33.300000000001944,1.6188089816603108,0.9061798998946498,8.0,-2.7624536602763374,-1.7165484656633818,-0.0,-0.20076533519796783,0.2497813850939484,1.3812268301381687
33.31000000000194,1.591231629491432,0.8891801862449675,8.0,-2.752998628317466,-1.6833495227025899,-0.0,-0.20138644293637856,0.2518952958302239,1.376499314158733
33.32000000000194,1.5637493713733486,0.8725137955132762,8.0,-2.7434349126866375,-1.649884759338157,-0.0,-0.20208821722907386,0.253959062383739,1.3717174563433188
33.33000000000194,1.536363292258554,0.8561833595158763,8.0,-2.7337628909429688,-1.6161594600441531,-0.0,-0.2027369632006869,0.25599021538554334,1.3668814454714844
33.340000000001936,1.509074473302559,0.8401914570179194,8.0,-2.7239829449213175,-1.582178950436294,-0.0,-0.20346053688527482,0.2579672094675857,1.3619914724606588
33.350000000001934,1.4818839918212108,0.8245406133261945,8.0,-2.714095460717207,-1.5479485964309605,-0.0,-0.20413018750424516,0.259908359371515,1.3570477303586035
33.36000000000193,1.4547929212481598,0.8092332998903502,8.0,-2.7041008286715824,-1.5134738033978612,-0.0,-0.2048727583378487,0.26179080361668866,1.3520504143357912
33.37000000000193,1.4278023310924706,0.7942719339126185,8.0,-2.6939994433553993,-1.4787600153064409,-0.0,-0.20556004438835848,0.2636337486563408,1.3469997216776997
33.38000000000193,1.4009132868964573,0.7796588779661411,8.0,-2.6837917035540637,-1.4438127138662933,-0.0,-0.2063194039027028,0.2654135641622998,1.3418958517770319
33.390000000001926,1.3741268501935124,0.7653964396218358,8.0,-2.6734780122516533,-1.4086374176613983,-0.0,-0.20702008546537226,0.26715105144344076,1.3367390061258266
33.400000000001924,1.3474440784663226,0.7514868710840688,8.0,-2.663058776615053,-1.3732396812788314,-0.0,-0.2077969012887902,0.26881987029750193,1.3315293883075265
33.41000000000192,1.320866025105011,0.7379323688349482,8.0,-2.652534407977839,-1.3376250944314914,-0.0,-0.20850730642092896,0.27044500922568615,1.3262672039889194
33.42000000000192,1.294393739365617,0.7247350732875089,8.0,-2.641905321824064,-1.3017992810754986,-0.0,-0.20930018882182336,0.2719960676546396,1.320952660912032
33.43000000000192,1.2680282663286522,0.7118970684477048,8.0,-2.6311719377718497,-1.265767898522088,-0.0,-0.21001954017331836,0.27350212839305355,1.3155859688859248
33.440000000001916,1.241770646857848,0.6994203815853237,8.0,-2.6203346795568203,-1.2295366365442535,-0.0,-0.21082779338588847,0.2749293165024861,1.3101673397784102
33.450000000001914,1.2156219175590608,0.6873069829138556,8.0,-2.6093939750153736,-1.193111216478268,-0.0,-0.21155227251819325,0.2763121157966602,1.3046969875076868
33.46000000000191,1.18958311073935,0.6755587852793727,8.0,-2.598350256067792,-1.1564973903202167,-0.0,-0.2123774883845185,0.2776097809266619,1.299175128033896
33.47000000000191,1.1636552543662217,0.6641776438584714,8.0,-2.5872039587011884,-1.119700939817691,-0.0,-0.213105487133849,0.278864724545825,1.2936019793505942
33.48000000000191,1.1378393720270514,0.6531653558653172,8.0,-2.5759555229522983,-1.0827276755567825,-0.0,-0.21394645143872792,0.28002879821568866,1.2879777614761492
33.490000000001906,1.1121364828886695,0.6425236602678419,8.0,-2.5646053928901047,-1.0455834360445266,-0.0,-0.2146773272241715,0.2811519672151973,1.2823026964450523
33.500000000001904,1.086547601657129,0.6322542375131426,8.0,-2.5531540165983073,-1.0082740867869315,-0.0,-0.21553820973133642,0.2821767656205629,1.2765770082991537
33.5100000000019,1.0610737385376448,0.6223587092621199,8.0,-2.5416018461576346,-0.9708055193627487,-0.0,-0.21626821478683725,0.28316551484814084,1.2708009230788173
33.5200000000019,1.0357158991947157,0.6128386381333972,8.0,-2.529949337627995,-0.9331836504931241,-0.0,-0.21714793410059427,0.28404880402631677,1.2649746688139976
33.5300000000019,1.0104750847124193,0.6036955274565652,8.0,-2.518196951030473,-0.8954144211072784,-0.0,-0.21787148156953423,0.2848922403789451,1.2590984755152366
33.540000000001896,0.9853522915548916,0.5949308210347906,8.0,-2.506345150329168,-0.8575037954043667,-0.0,-0.2188165367366118,0.2857070954749275,1.253172575164584
33.550000000001894,0.9603485115269752,0.5865459029168161,8.0,-2.4943944034128718,-0.8194577599116397,-0.0,-0.21935758431869326,0.28614673067424906,1.2471972017064359
33.56000000000189,0.9354647317351215,0.5785420971784232,8.0,-2.4823451820766227,-0.7812823225391885,-0.0,-0.22048834768165113,0.28720081736282743,1.2411725910383113
33.57000000000189,0.91070193454832,0.5709206677133127,8.0,-2.4701979620030343,-0.7429835116310747,-0.0,-0.2212018342012961,0.2873220227591541,1.2350989810015172
33.58000000000189,0.8860610975594305,0.5636828180335551,8.0,-2.457953222743569,-0.7045673750135577,-0.0,-0.22195557936354224,0.2879034312190296,1.2289766113717846
33.590000000001886,0.8615431935464919,0.556829691079515,8.0,-2.44561144769956,-0.6660399790399221,-0.0,-0.2225220504228375,0.28754704701316286,1.22280572384978
33.600000000001884,0.8371491904343742,0.550362369039382,8.0,-2.4331731241031536,-0.6274074076326157,-0.0,-0.22422887256467142,0.28737100229418894,1.2165865620515768
33.61000000000188,0.812880051256549,0.5442818731782775,8.0,-2.420638742998067,-0.5886757613225068,-0.0,-0.2248472465904636,0.2883004898856954,1.2103193714990335
33.62000000000188,0.7887367341170775,0.5385891636769866,8.0,-2.4080087992202044,-0.549851156285539,-0.0,-0.22581359182128824,0.2895304268799608,1.2040043996101022
33.63000000000188,0.7647201921527786,0.5332851394803297,8.0,-2.39528379137812,-0.5109397233769171,-0.0,-0.22714917972380363,0.2891559112689321,1.19764189568906
33.640000000001876,0.7408313734956082,0.5283706381552156,8.0,-2.3824642218333345,-0.47194760716297274,-0.0,-0.22763268137497558,0.28968611183067844,1.1912321109166673
33.650000000001874,0.717071221235221,0.5238464357583728,8.0,-2.3695505966805035,-0.43288096495086703,-0.0,-0.22789742682483696,0.2890091371453113,1.1847752983402517
33.66000000000187,0.6934406733817458,0.5197132467138061,8.0,-2.3565434257274362,-0.3937459658162804,-0.0,-0.22913605472130685,0.2885210624569253,1.1782717128637181
33.67000000000187,0.6699406628287483,0.5159717236999799,8.0,-2.3434432224749697,-0.35454878962924324,-0.0,-0.2296554498033328,0.28908930356550233,1.1717216112374849
33.68000000000187,0.6465721173164076,0.5126224575467506,8.0,-2.3302505040966977,-0.31529562607826367,-0.0,-0.23051492118297184,0.2899481281257697,1.1651252520483488
33.69000000000187,0.6233359593948871,0.50966597714207,8.0,-2.3169657914185513,-0.2759926736929036,-0.0,-0.2316958173698275,0.2890870465878016,1.1584828957092757
33.700000000001864,0.6002331063879147,0.5071027493484661,8.0,-2.3035896088982413,-0.23664613886495878,-0.0,-0.23204294181650761,0.2892069242084402,1.1517948044491206
33.71000000000186,0.5772644703565684,0.5049331789293223,8.0,-2.2901224846045487,-0.19726223486839814,-0.0,-0.23214823409330268,0.2881463931691054,1.1450612423022744
33.72000000000186,0.5544309580632709,0.5031576084849574,8.0,-2.276564950196482,-0.15784718087821537,-0.0,-0.23332834053741633,0.28712287574823575,1.138282475098241
33.73000000000186,0.5317334709359769,0.5017763183985271,8.0,-2.262917540902277,-0.11840720098832709,-0.0,-0.23368829730549273,0.28724720778978163,1.1314587704511385
33.74000000000186,0.5091729050326403,0.5007895267917499,8.0,-2.2491807954983005,-0.07894852322880522,-0.0,-0.2343354246069567,0.2875556626986724,1.1245903977491503
33.750000000001855,0.48675015100574637,0.5001973894904594,8.0,-2.235355256287724,-0.03947737858224289,-0.0,-0.23548895057930433,0.2863087375141806,1.117677628143862
33.76000000000185,0.46446609406725603,0.5,8.0,-2.221441469079179,1.15478579173926e-14,0.0,-0.23567631075763001,0.2859623277380406,1.1107207345395895
33.77000000000185,0.44232161395356817,0.5001973894904599,8.0,-2.2074399831651514,0.039477378582265986,0.0,-0.2351283766062966,0.2838795320182564,1.1037199915825757
33.78000000000185,0.4203175848908405,0.5007895267917499,8.0,-2.1933513513003313,0.07894852322880598,0.0,-0.23658973064849356,0.2829850635991724,1.0966756756501657
33.79000000000185,0.39845487556046333,0.5017763183985271,8.0,-2.1791761296797807,0.11840720098832785,0.0,-0.2368375549123536,0.28262291195078293,1.0895880648398903
33.800000000001845,0.3767343490647659,0.5031576084849565,8.0,-2.164914877916978,0.15784718087819385,0.0,-0.23712523902179405,0.2820903348825094,1.082457438958489
33.81000000000184,0.3551568628929429,0.504933178929321,8.0,-2.1505681590217223,0.1972622348683766,0.0,-0.23825901426922608,0.2809218915313556,1.0752840795108611
33.82000000000184,0.3337232688872014,0.5071027493484648,8.0,-2.1361365393779117,0.23664613886493727,0.0,-0.23841286175808396,0.2799900033964217,1.0680682696889559
33.83000000000184,0.3124344132091337,0.5096659771420686,8.0,-2.121620588721178,0.2759926736928821,0.0,-0.23855507616457905,0.27888884745482967,1.060810294360589
33.84000000000184,0.29129113630630865,0.5126224575467488,8.0,-2.1070208801163974,0.3152956260782423,0.0,-0.23948351597748052,0.2772592443934008,1.0535104400581987
33.850000000001835,0.27029427287909513,0.5159717236999777,8.0,-2.0923379899350683,0.3545487896292218,0.0,-0.23953893305287588,0.27594797821815936,1.0461689949675341
33.86000000000183,0.24944465184770914,0.5197132467138044,8.0,-2.077572497832552,0.3937459658162589,0.0,-0.239558944136589,0.2745710456576701,1.038786248916276
33.87000000000183,0.22874309631948897,0.5238464357583705,8.0,-2.062724986725196,0.43288096495084577,0.0,-0.24048545623420356,0.2726066420897818,1.031362493362598
33.88000000000183,0.20819042355639983,0.5283706381552129,8.0,-2.0477960427673145,0.47194760716295137,0.0,-0.24038586111371296,0.27110055455821946,1.0238980213836573
33.89000000000183,0.18778744494277122,0.5332851394803271,8.0,-2.0327862553280536,0.5109397233768957,0.0,-0.2403165333572458,0.26951348966844935,1.0163931276640268
33.900000000001825,0.16753496595326256,0.5385891636769835,8.0,-2.01769621696812,0.5498511562855178,0.0,-0.24116550550617077,0.2673181303168798,1.00884810848406
33.91000000000182,0.1474337861210553,0.5442818731782779,8.0,-2.0025265234163805,0.5886757613225074,0.0,-0.24096480923443103,0.2656394931091919,1.0012632617081902
33.92000000000182,0.12748469900633363,0.550362369039382,8.0,-1.9872777735463798,0.6274074076326165,0.0,-0.24083581057578154,0.263865170210773,0.9936388867731899
33.93000000000182,0.10768849216487553,0.556829691079519,8.0,-1.9719505693526356,0.6660399790399447,0.0,-0.24158272873669104,0.2614865885101637,0.9859752846763178
33.94000000000182,0.08804594711705338,0.5636828180335591,8.0,-1.9565455159269423,0.7045673750135802,0.0,-0.24131297116691558,0.25964957537662076,0.9782727579634711
33.950000000001815,0.06855783931690107,0.5709206677133172,8.0,-1.9410632214344226,0.742983511631097,0.0,-0.24113448312796942,0.2577080687343035,0.9705316107172113
33.96000000000181,0.049224938121544604,0.5785420971784236,8.0,-1.9255042970895533,0.7812823225391892,0.0,-0.24178136743557888,0.2551697227825363,0.9627521485447766
33.97000000000181,0.030048006760821533,0.5865459029168161,8.0,-1.9098693571320264,0.8194577599116404,0.0,-0.24145157042370488,0.2531898947715288,0.9549346785660132
33.98000000000181,0.01102780230714373,0.5949308210347857,8.0,-1.8941590188025001,0.857503795404346,0.0,-0.2412462109287817,0.25108289252030014,0.9470795094012501
33.99000000000181,-0.007834924354382267,0.6036955274565603,8.0,-1.8783739023182313,0.8954144211072578,0.0,-0.241779404138732,0.2484102402411576,0.9391869511591157
34.000000000001805,-0.026539428555608424,0.6128386381333919,8.0,-1.8625146308485898,0.9331836504931035,0.0,-0.24140007748475054,0.24629258247456562,0.9312573154242949
34.0100000000018,-0.04508497187473459,0.622358709262115,8.0,-1.8465818304904589,0.9708055193627283,0.0,-0.2411944323858928,0.24400746226650724,0.9232909152452294
34.0200000000018,-0.06347082216546607,0.6322542375131373,8.0,-1.8305761302435142,1.008274086786911,0.0,-0.24159764868508843,0.24122132770182778,0.9152880651217571
34.0300000000018,-0.08169625358591492,0.6425236602678361,8.0,-1.8144981619853962,1.0455834360445064,0.0,-0.24115424992848272,0.23898050957468492,0.9072490809926981
34.0400000000018,-0.09976054662725531,0.653165355865311,8.0,-1.7983485604467617,1.0827276755567623,0.0,-0.2413630391197319,0.23620380138352376,0.8991742802233809
34.050000000001795,-0.11766298814213005,0.6641776438584657,8.0,-1.7821279631862263,1.1197009398176707,0.0,-0.24092671900373883,0.2338448382755295,0.8910639815931132
34.06000000000179,-0.1354028713728015,0.6755587852793665,8.0,-1.7658370105651966,1.1564973903201967,0.0,-0.24052851648891274,0.23140265111195105,0.8829185052825983
34.07000000000179,-0.15297949597905447,0.687306982913849,8.0,-1.7494763457225868,1.1931112164782482,0.0,-0.24080223928493846,0.2283715547780372,0.8747381728612934
34.08000000000179,-0.17039216806584623,0.699420381585317,8.0,-1.7330466145494312,1.2295366365442337,0.0,-0.24036105622121534,0.22583824305710695,0.8665233072747156
34.09000000000179,-0.1876402002107076,0.7118970684477053,8.0,-1.7165484656633752,1.2657678985220886,0.0,-0.2397938464940367,0.2233542647175103,0.8582742328316876
34.100000000001785,-0.2047229114908431,0.7247350732875093,8.0,-1.6999825503831052,1.3017992810754992,0.0,-0.24002513933090908,0.2201450326746153,0.8499912751915526
34.11000000000178,-0.22163962751007205,0.7379323688349486,8.0,-1.6833495227025832,1.337625094431492,0.0,-0.2400354676396996,0.21704710751341877,0.8416747613512916
34.12000000000178,-0.23838968042542152,0.7514868710840767,8.0,-1.6666500392652512,1.373239681278852,0.0,-0.23921993394926008,0.21458933845178002,0.8333250196326256
34.13000000000178,-0.2549724089734635,0.7653964396218442,8.0,-1.6498847593381405,1.408637417661419,0.0,-0.2391668663718029,0.21140317301518166,0.8249423796690702
34.14000000000178,-0.2713871584964789,0.7796588779661411,8.0,-1.6330543447857861,1.443812713866294,0.0,-0.23845180961609996,0.20874659258452416,0.8165271723928931
34.150000000001775,-0.28763328096826335,0.7942719339126185,8.0,-1.6161594600441367,1.4787600153064415,0.0,-0.2383157074280448,0.20550348591604603,0.8080797300220683
34.16000000000177,-0.30371013501971955,0.8092332998903418,8.0,-1.599200772094313,1.5134738033978423,0.0,-0.23806113609991603,0.20229280517527834,0.7996003860471566
34.17000000000177,-0.31961708596417626,0.8245406133261857,8.0,-1.582178950436277,1.5479485964309416,0.0,-0.23712289738382122,0.19965401162713495,0.7910894752181385
34.18000000000177,-0.33535350582244927,0.8401914570179105,8.0,-1.5650946670624026,1.582178950436275,0.0,-0.23687076077095906,0.19629507483853909,0.7825473335312013
34.19000000000177,-0.350918773347626,0.8561833595158674,8.0,-1.5479485964309436,1.6161594600441347,0.0,-0.23650291389553546,0.19299264051880902,0.7739742982154718
34.200000000001765,-0.3663122740495979,0.8725137955132674,8.0,-1.5307414154394103,1.6498847593381385,0.0,-0.2354434619422618,0.19029959521695938,0.7653707077197052
34.21000000000176,-0.3815334002193138,0.8891801862449582,8.0,-1.5134738033978443,1.6833495227025719,0.0,-0.23509090953433953,0.18682693140804174,0.7567369016989222
34.22000000000176,-0.39658155095277703,0.9061798998946404,8.0,-1.4961464420020025,1.7165484656633636,0.0,-0.2345764071614403,0.18347395443587633,0.7480732210010013
34.23000000000176,-0.4114561321747612,0.9235102520104621,8.0,-1.4787600153064435,1.7494763457225664,0.0,-0.23345174943029415,0.18067706664852723,0.7393800076532218
34.24000000000176,-0.4261565566622698,0.9411685059289239,8.0,-1.461315209697523,1.7821279631862061,0.0,-0.2329534924168698,0.17714775013487832,0.7306576048487615
34.250000000001755,-0.44068224406771606,0.9591518732070314,8.0,-1.443812713866296,1.8144981619853764,0.0,-0.23237844508463074,0.17365952736830223,0.721906356933148
34.26000000000175,-0.4550326209418314,0.9774575140626212,8.0,-1.4262532187813288,1.846581830490439,0.0,-0.23109270748158778,0.1708678046839947,0.7131266093906644
34.27000000000175,-0.46920712075631865,0.9960825378228075,8.0,-1.408637417661411,1.878373902318229,0.0,-0.23048587519647437,0.1672521081578628,0.7043187088307055
34.28000000000175,-0.4832051839261773,1.0150240033804092,8.0,-1.3909660059482274,1.9098693571320247,0.0,-0.22978767825885313,0.1637119337099565,0.6954830029741137
34.29000000000175,-0.4970262578318527,1.0342789196584494,8.0,-1.3732396812788443,1.9410632214344208,0.0,-0.2283977353832884,0.1608785884987326,0.6866198406394222
34.300000000001745,-0.510669796841019,1.0538442460824478,8.0,-1.355459143458197,1.9719505693526513,0.0,-0.22765457860569294,0.15722180135880615,0.6777295717290985
34.31000000000174,-0.524135262330101,1.073716893060532,8.0,-1.337625094431494,2.002526523416387,0.0,-0.22683862490895135,0.15363011447898647,0.668812547215747
34.32000000000174,-0.5374221227055873,1.0938937224713845,8.0,-1.319738238256444,2.032786255328052,0.0,-0.22533865385026156,0.15076904306644479,0.659869119128222
34.33000000000174,-0.5505298534249796,1.1143715481597434,8.0,-1.3017992810755012,2.062724986725194,0.0,-0.22445514164939936,0.14709286307527836,0.6508996405377506
34.34000000000174,-0.5634579370175148,1.1351471364395462,8.0,-1.283808931087979,2.0923379899350665,0.0,-0.22351005769698037,0.14346843017115185,0.6419044655439895
34.350000000001735,-0.5762058631045885,1.1562172066045655,8.0,-1.2657678985220906,2.1216205887211763,0.0,-0.22191803107214564,0.1405669951419112,0.6328839492610453
34.36000000000173,-0.5887731284199056,1.1775784314464701,8.0,-1.2476768956069102,2.1505681590217205,0.0,-0.22087973011577616,0.13690262803801298,0.6238384478034551
34.37000000000173,-0.6011592368293499,1.1992274377802303,8.0,-1.2295366365442564,2.179176129679779,0.0,-0.2197903795245577,0.13327073695412542,0.6147683182721282
34.38000000000173,-0.6133636993505718,1.2211608069767828,8.0,-1.2113478374804956,2.2074399831651497,0.0,-0.21843168905215615,0.12987489486417786,0.6056739187402478
34.39000000000173,-0.625386034172287,1.2433750755028719,8.0,-1.1931112164782711,2.235355256287723,0.0,-0.217152800468987,0.12634738081307392,0.5965556082391356
34.400000000001725,-0.6372257666733034,1.2658667354679811,8.0,-1.1748274934881533,2.2629175409022677,0.0,-0.21532594459498838,0.12352606005887093,0.5874137467440766
34.41000000000172,-0.6488824294412527,1.2886322351782702,8.0,-1.1564973903202198,2.290122484604532,0.0,-0.2140157881544038,0.11993713641359569,0.5782486951601099
34.42000000000172,-0.6603555622910502,1.311667979697429,8.0,-1.1381216306155568,2.3169657914185344,0.0,-0.21265990519992203,0.11634191670576502,0.5690608153077784
34.43000000000172,-0.6716447122830553,1.3349703314143597,8.0,-1.1197009398176936,2.3434432224749533,0.0,-0.21112459816493848,0.11290895606166516,0.5598504699088468
34.44000000000172,-0.6827494337409554,1.3585356106175959,8.0,-1.1012360451439618,2.3695505966804875,0.0,-0.20953314180541907,0.10953030548773651,0.5506180225719809
34.450000000001715,-0.69366928826937,1.382360096076388,8.0,-1.0827276755567752,2.395283791378118,0.0,-0.20785562696998836,0.10619628623979499,0.5413638377783876
34.46000000000171,-0.704403844771126,1.4064400256282732,8.0,-1.0641765617348946,2.4206387429980656,0.0,-0.20616052614423258,0.10289394144422717,0.5320882808674473
34.47000000000171,-0.7149526794643206,1.4307715967732446,8.0,-1.0455834360445189,2.4456114476995587,0.0,-0.2043515413196221,0.09959164384914233,0.5227917180222594
34.48000000000171,-0.7253153758990276,1.4553509672741725,8.0,-1.0269490325104034,2.4701979620030468,0.0,-0.20258744820187785,0.09637061095196582,0.5134745162552017
34.49000000000171,-0.7354915249737237,1.4801742557634932,8.0,-1.0082740867869133,2.494394403412877,0.0,-0.2002083081866283,0.09283612915428804,0.5041370433934567
34.500000000001705,-0.7454807249514754,1.505237542356208,8.0,-0.9895593361289187,2.518196951030472,0.0,-0.19848522814932637,0.0897618720709969,0.49477966806445933
34.5100000000017,-0.7552825814757691,1.530536869268821,8.0,-0.9708055193627305,2.5416018461576333,0.0,-0.19678769196927848,0.08670464424765283,0.48540275968136526
34.5200000000017,-0.7648967075860948,1.5560682414443332,8.0,-0.9520133768569231,2.5646053928901034,0.0,-0.19434973658373564,0.08334885476070052,0.47600668842846156
34.5300000000017,-0.7743227237332144,1.5818276271831093,8.0,-0.9331836504931056,2.587203958701187,0.0,-0.19252170938340932,0.0803219984887641,0.4665918252465528
34.5400000000017,-0.7835602577941518,1.607810958779529,8.0,-0.9143170836366329,2.6093939750153723,0.0,-0.1906698486637658,0.07736467136216944,0.45715854181831644
34.550000000001695,-0.7926089450868785,1.6340141331643248,8.0,-0.8954144211072599,2.6311719377718483,0.0,-0.1880011759888861,0.07400632740680746,0.44770721055362994
34.56000000000169,-0.8014684283847133,1.6604330125525042,8.0,-0.8764764091497366,2.652534407977837,0.0,-0.1860900215188048,0.07110324079406298,0.4382382045748683
34.57000000000169,-0.8101383579304278,1.6870634250967547,8.0,-0.8575037954043482,2.6734780122516524,0.0,-0.18416846641940815,0.06820262755626402,0.4287518977021741
34.58000000000169,-0.8186183914500464,1.7139011655462262,8.0,-0.8384973288773987,2.6939994433553927,0.0,-0.18128609661630046,0.06491204186093061,0.41924866443869935
34.59000000000169,-0.826908194166367,1.7409419959105885,8.0,-0.8194577599116427,2.714095460717194,0.0,-0.1793250760793345,0.062076887204104085,0.40972887995582136
34.600000000001685,-0.8350074388121724,1.7681816461292599,8.0,-0.8003858401566617,2.7337628909429568,0.0,-0.17724807299874737,0.05922702344517793,0.40019292007833085
34.61000000000168,-0.8429158056431518,1.7956158147456989,8.0,-0.7812823225391915,2.7529986283174543,0.0,-0.17425582049191496,0.056010787381630726,0.39064116126959575
34.62000000000168,-0.8506329824505254,1.8232401695866538,8.0,-0.762147961233397,2.7717996352947676,0.0,-0.17215685556766658,0.053220976521799405,0.3810739806166985
34.63000000000168,-0.8581586645733692,1.8510503484462795,8.0,-0.7429835116310884,2.7901629429779584,0.0,-0.16993155546594768,0.050401431892515176,0.3714917558155442
34.64000000000168,-0.8654925549106318,1.8790419597749166,8.0,-0.7237897303119432,2.808085651587847,0.0,-0.16680321844334028,0.04726017991043105,0.3618948651559716
34.650000000001675,-0.8726343639328844,1.9072105833726634,8.0,-0.7045673750135716,2.8255649309209883,0.0,-0.1645713184711625,0.044506694219016506,0.3522836875067858
34.66000000000167,-0.8795838096937354,1.935551771087312,8.0,-0.6853172046016471,2.8425980207965496,0.0,-0.16216427155973745,0.04171586353911118,0.34265860230082357
34.67000000000167,-0.8863406178409692,1.9640610475167979,8.0,-0.6660399790399252,2.859182231492195,0.0,-0.158928841214119,0.03865867222446605,0.3330199895199626
34.68000000000167,-0.8929045216273623,1.9927339107158497,8.0,-0.6467364593602847,2.8753149441687857,0.0,-0.15654403860098162,0.03594558084571149,0.32336822968014234
34.69000000000167,-0.8992752619212352,2.0215658329069983,8.0,-0.6274074076326187,2.8909936112839847,0.0,-0.15393230333732782,0.033185433125774016,0.31370370381630935
34.700000000001666,-0.9054525872166712,2.0505522611955,8.0,-0.6080535869347932,2.9062157569945004,0.0,-0.1506032121471009,0.030228078501165,0.3040267934673966
34.71000000000166,-0.9114362536434433,2.079688618288306,8.0,-0.5886757613225098,2.920978977547065,0.0,-0.1480793935529442,0.027573237197600135,0.2943378806612549
34.72000000000166,-0.9172260249766477,2.1089703032168723,8.0,-0.5692746957991438,2.9352809416580126,0.0,-0.14479784209755772,0.024725004459733864,0.2846373478995719
34.73000000000166,-0.9228216726460268,2.1383926920637046,8.0,-0.5498511562855422,2.949119390881416,0.0,-0.1421588026643523,0.022111635830192336,0.2749255781427711
34.74000000000166,-0.9282229757449887,2.167951138692529,8.0,-0.5304059095897862,2.962492139965723,0.0,-0.1389165000681479,0.019369603806183744,0.2652029547948931
34.750000000001656,-0.9334297210393387,2.1976409754819697,8.0,-0.5109397233769202,2.9753970771988314,0.0,-0.135496965005722,0.016630721385129752,0.2554698616884601
34.760000000001654,-0.9384417029756875,2.227457514062623,8.0,-0.49145336613864404,2.9878321647415524,0.0,-0.1329298179383894,0.014166549946436534,0.24572668306932202
34.77000000000165,-0.9432587236895689,2.2573960460574023,8.0,-0.4719476071629758,2.999795438949412,0.0,-0.13012282760693342,0.01168400515618789,0.2359738035814879
34.78000000000165,-0.9478805930132532,2.2874518438250475,8.0,-0.4524232165038804,3.0112850106827294,0.0,-0.1264236677461632,0.009030938915349906,0.2262116082519402
34.79000000000165,-0.9523071284832545,2.3176201612066727,8.0,-0.4328809649508701,3.0222990656049364,0.0,-0.12348115945894556,0.006610937109251552,0.21644048247543504
34.800000000001646,-0.9565381553475305,2.3478962342752414,8.0,-0.4133216239985745,3.0328358644690825,0.0,-0.11989319860217065,0.0041036701716899915,0.20666081199928726
34.810000000001644,-0.9605735065723886,2.3782752820878623,8.0,-0.39374596581627236,3.042893743392486,0.0,-0.11687310401878755,0.0017730610930964661,0.19687298290813618
34.82000000000164,-0.9644130228490679,2.4087525074406857,8.0,-0.3741547632174519,3.0524711141194585,0.0,-0.11323991732252492,-0.0006233870183917271,0.18707738160872595
34.83000000000164,-0.9680565526000411,2.4393230976265423,8.0,-0.3545487896292352,3.0615664642721443,0.0,-0.11023006632630769,-0.0028415522965907756,0.1772743948146176
34.84000000000164,-0.9715039519849933,2.469982225194857,8.0,-0.3349288190618887,3.070178357589317,0.0,-0.10646064496581596,-0.005137666426877549,0.16746440953094435
34.850000000001636,-0.9747550849065023,2.5007250487139916,8.0,-0.3152956260782446,3.078305434153194,0.0,-0.10346009366582744,-0.007241689716017646,0.1576478130391223
34.860000000001634,-0.9778098230154004,2.5315467135356955,8.0,-0.29564998576316653,3.085946410604165,0.0,-0.09959133639408593,-0.009423810853394748,0.14782499288158327
34.87000000000163,-0.9806680457158627,2.562442352561815,8.0,-0.2759926736928844,3.0931000803434765,0.0,-0.09594243876944332,-0.011504432495118027,0.1379963368464422
34.88000000000163,-0.9833296401701501,2.5934070870127943,8.0,-0.25632446590442004,3.0997653137237475,0.0,-0.09220423341218546,-0.013529796574945435,0.12816223295221002
34.89000000000163,-0.9857945013030696,2.624436027198109,8.0,-0.2366461388649396,3.105941058227362,0.0,-0.0893475609071804,-0.015376950494947505,0.1183230694324698
34.900000000001626,-0.9880625318061265,2.655524273288404,8.0,-0.2169584694410998,3.111626338632672,0.0,-0.08540880263889974,-0.017293150969341916,0.1084792347205499
34.910000000001624,-0.990133642141358,2.686666916089237,8.0,-0.1972622348683789,3.116820257167995,0.0,-0.0815976613276774,-0.01912517811055448,0.09863111743418945
34.92000000000162,-0.9920077505448752,2.7178590378162912,8.0,-0.17755821272039243,3.1215219936533845,0.0,-0.07844847612618415,-0.020826127640392524,0.08877910636019622
34.93000000000162,-0.993684783030087,2.7490957128719566,8.0,-0.15784718087819616,3.1257308056301456,0.0,-0.0745635259891347,-0.0225261263073417,0.07892359043909808
34.94000000000162,-0.9951646733906232,2.7803720086231336,8.0,-0.13812991749957643,3.129446028478076,0.0,-0.07065414560785746,-0.02415805896351696,0.06906495874978821
34.950000000001616,-0.9964473632029458,2.8116829861801578,8.0,-0.11840720098833016,3.132667075520421,0.0,-0.06701084940745572,-0.025699577892017447,0.05920360049416508
34.960000000001614,-0.9975328018286573,2.8430237011767043,8.0,-0.09867980996353447,3.1353934381165125,0.0,-0.06316259836105385,-0.02718250836826051,0.049339904981767234
34.97000000000161,-0.9984209464165001,2.874389204550562,8.0,-0.0789485232288083,3.1376246857420917,0.0,-0.06002686090082329,-0.028564969222732727,0.03947426161440415
34.98000000000161,-0.9991117619040448,2.9057745433251476,8.0,-0.05921411974156658,3.139360466057293,0.0,-0.05609585972579675,-0.02991306572944951,0.02960705987078329
34.99000000000161,-0.9996052210190802,2.937174761391656,8.0,-0.03947737858225713,3.140600504962283,0.0,-0.05211752350068043,-0.0311884266420301,0.019738689291128566
35.000000000001606,-0.9999013042806855,2.9685849002916163,8.0,-0.01973907892364851,3.1413446066405433,0.0,-0.04826739928192312,-0.03238713012923653,0.009869539461824254
35.010000000001604,-1.0,2.9999999999999956,8.0,-2.693138971210506e-15,3.141592653589793,0.0,-0.04447939604475708,-0.0335117181720107,1.346569485605253e-15
35.0200000000016,-0.9999013042806855,3.0314150997083753,8.0,0.01973907892364312,3.1413446066405433,0.0,-0.04065645367016858,-0.034563742881772004,-0.00986953946182156
35.0300000000016,-0.9996052210190802,3.062825238608353,8.0,0.039477378582262905,3.140600504962283,0.0,-0.036913868514880065,-0.035543402001152476,-0.019738689291131453
35.0400000000016,-0.9991117619040448,3.094225456674844,8.0,0.0592141197415612,3.139360466057293,0.0,-0.03307624584180027,-0.03644787065037402,-0.0296070598707806
35.050000000001596,-0.9984209464165001,3.1256107954494294,8.0,0.07894852322880291,3.137624685742092,0.0,-0.029320625213493375,-0.037280329650088206,-0.03947426161440146
35.060000000001594,-0.9975328018286573,3.1569762988232872,8.0,0.09867980996352908,3.135393438116513,0.0,-0.025488448050729605,-0.0380355170810332,-0.04933990498176454
35.07000000000159,-0.9964473632029458,3.1883170138198333,8.0,0.11840720098832477,3.132667075520422,0.0,-0.021700074229940566,-0.03871583882991656,-0.05920360049416239
35.08000000000159,-0.9951646733906232,3.219627991376858,8.0,0.13812991749957107,3.129446028478077,0.0,-0.017884177588976986,-0.03934229177847701,-0.06906495874978553
35.09000000000159,-0.993684783030087,3.250904287128035,8.0,0.15784718087819077,3.1257308056301465,0.0,-0.014056092962722921,-0.03984135719483303,-0.07892359043909539
35.100000000001586,-0.9920077505448752,3.2821409621837003,8.0,0.17755821272038705,3.121521993653386,0.0,-0.010227166838867038,-0.04031797149305827,-0.08877910636019352
35.110000000001584,-0.990133642141358,3.3133330839107544,8.0,0.19726223486837355,3.1168202571679964,0.0,-0.0063778536225774715,-0.04067244852195559,-0.09863111743418677
35.12000000000158,-0.9880625318061265,3.344475726711587,8.0,0.21695846944109443,3.1116263386326737,0.0,-0.0025217083772789465,-0.04095734035786933,-0.10847923472054721
35.13000000000158,-0.9857945013030704,3.3755639728018827,8.0,0.2366461388649342,3.105941058227364,0.0,0.001347105752530143,-0.04105519366921267,-0.1183230694324671
35.14000000000158,-0.9833296401701501,3.4065929129871972,8.0,0.25632446590441466,3.0997653137237493,0.0,0.005237672637232073,-0.04122680330682064,-0.12816223295220733
35.150000000001576,-0.9806680457158636,3.4375576474381764,8.0,0.27599267369287905,3.0931000803434783,0.0,0.009147730408171156,-0.04128881819432397,-0.13799633684643953
35.160000000001574,-0.9778098230154013,3.468453286464296,8.0,0.29564998576316115,3.085946410604167,0.0,0.013050550092169723,-0.04106952182715259,-0.14782499288158057
35.17000000000157,-0.9747550849065005,3.4992749512860177,8.0,0.3152956260782503,3.078305434153192,0.0,0.01700960436327375,-0.04104654077214091,-0.15764781303912515
35.18000000000157,-0.9715039519849942,3.5300177748051347,8.0,0.3349288190618834,3.0701783575893193,0.0,0.020983962911842666,-0.040879280509946596,-0.1674644095309417
35.19000000000157,-0.9680565526000429,3.5606769023734492,8.0,0.35454878962922987,3.0615664642721465,0.0,0.024866117962502876,-0.039921999694893205,-0.17727439481461493
35.200000000001566,-0.9644130228490688,3.591247492559306,8.0,0.37415476321744656,3.0524711141194616,0.0,0.028933943400126595,-0.03975460902738841,-0.18707738160872328
35.210000000001564,-0.9605735065723895,3.6217247179121292,8.0,0.393745965816267,3.0428937433924887,0.0,0.032970486832031645,-0.03944536290116762,-0.1968729829081335
35.22000000000156,-0.9565381553475323,3.6521037657247497,8.0,0.4133216239985692,3.0328358644690856,0.0,0.03708295492266844,-0.03907850697384782,-0.2066608119992846
35.23000000000156,-0.9523071284832554,3.682379838793319,8.0,0.43288096495086476,3.0222990656049395,0.0,0.04118773488162604,-0.03853887094570174,-0.21644048247543238
35.24000000000156,-0.9478805930132541,3.712548156174944,8.0,0.45242321650387507,3.011285010682732,0.0,0.04526022769726856,-0.03786478246430676,-0.22621160825193753
35.250000000001556,-0.9432587236895698,3.7426039539425893,8.0,0.47194760716297035,2.9997954389494152,0.0,0.04920849916153918,-0.03618395818670426,-0.23597380358148518
35.260000000001554,-0.9384417029756893,3.7725424859373686,8.0,0.4914533661386387,2.9878321647415556,0.0,0.05340273771627267,-0.03555044965703609,-0.24572668306931936
35.27000000000155,-0.9334297210393405,3.8023590245180223,8.0,0.5109397233769148,2.975397077198835,0.0,0.05755681263178774,-0.03479455100530627,-0.2554698616884574
35.28000000000155,-0.9282229757449905,3.832048861307463,8.0,0.5304059095897808,2.9624921399657267,0.0,0.06183317135082937,-0.03392013891864701,-0.2652029547948904
35.29000000000155,-0.9228216726460277,3.8616073079362874,8.0,0.5498511562855368,2.9491193908814197,0.0,0.06603046726152267,-0.03283650373022179,-0.2749255781427684
35.300000000001546,-0.9172260249766495,3.8910296967831197,8.0,0.5692746957991385,2.9352809416580166,0.0,0.07018033579522497,-0.031669115215731514,-0.28463734789956924
35.310000000001544,-0.911436253643445,3.920311381711686,8.0,0.5886757613225045,2.920978977547069,0.0,0.07417512075814403,-0.029401820957709424,-0.29433788066125227
35.32000000000154,-0.905452587216673,3.949447738804492,8.0,0.6080535869347878,2.9062157569945044,0.0,0.07845337326595996,-0.028244631333928093,-0.3040267934673939
35.33000000000154,-0.899275261921237,3.9784341670929937,8.0,0.6274074076326135,2.8909936112839887,0.0,0.08275651718641262,-0.026991722044711078,-0.31370370381630674
35.34000000000154,-0.8929045216273632,4.007266089284142,8.0,0.6467364593602793,2.87531494416879,0.0,0.08700584590324836,-0.025481819498525238,-0.3233682296801397
35.350000000001536,-0.8863406178409674,4.03593895248321,8.0,0.6660399790399308,2.85918223149219,0.0,0.09121150210708642,-0.023794954062855395,-0.3330199895199654
35.360000000001534,-0.8795838096937372,4.06444822891268,8.0,0.6853172046016419,2.842598020796554,0.0,0.09540524212605578,-0.02199318405261169,-0.34265860230082096
35.37000000000153,-0.8726343639328871,4.092789416627329,8.0,0.7045673750135664,2.8255649309209927,0.0,0.09936495210450928,-0.019474577205483283,-0.3522836875067832
35.38000000000153,-0.8654925549106345,4.120958040225076,8.0,0.7237897303119379,2.808085651587852,0.0,0.10358403803305694,-0.017613828658177844,-0.36189486515596897
35.39000000000153,-0.8581586645733719,4.148949651553713,8.0,0.7429835116310832,2.7901629429779633,0.0,0.10779758632108799,-0.01566959792059623,-0.3714917558155416
35.400000000001526,-0.8506329824505272,4.176759830413339,8.0,0.7621479612333918,2.771799635294773,0.0,0.1119644011342321,-0.013544330309336574,-0.3810739806166959
35.410000000001524,-0.8429158056431545,4.204384185254294,8.0,0.7812823225391863,2.7529986283174592,0.0,0.11580371408720452,-0.01056743725755165,-0.39064116126959314
35.42000000000152,-0.8350074388121742,4.231818353870732,8.0,0.8003858401566565,2.733762890942962,0.0,0.11997889115789197,-0.008376988537725514,-0.40019292007832824
35.43000000000152,-0.8269081941663687,4.259058004089404,8.0,0.8194577599116374,2.7140954607172,0.0,0.12413321119635166,-0.006086496410844791,-0.4097288799558187
35.44000000000152,-0.8186183914500482,4.2860988344537665,8.0,0.8384973288773937,2.693999443355398,0.0,0.1282035231040067,-0.0035639057315430085,-0.41924866443869685
35.450000000001516,-0.8101383579304295,4.3129365749032385,8.0,0.857503795404343,2.6734780122516577,0.0,0.13193030895649038,-0.00025464065702114993,-0.4287518977021715
35.460000000001514,-0.801468428384716,4.339566987447489,8.0,0.8764764091497316,2.6525344079778432,0.0,0.13600583673463143,0.002307391313125058,-0.4382382045748658
35.47000000000151,-0.7926089450868812,4.365985866835668,8.0,0.8954144211072549,2.631171937771854,0.0,0.14005168198726128,0.0049667486290749605,-0.44770721055362744
35.48000000000151,-0.7835602577941545,4.392189041220464,8.0,0.9143170836366279,2.6093939750153785,0.0,0.14394294263339408,0.007968704548922229,-0.45715854181831395
35.49000000000151,-0.7743227237332171,4.418172372816883,8.0,0.9331836504931006,2.5872039587011932,0.0,0.14783532493824686,0.010983621882332272,-0.4665918252465503
35.500000000001506,-0.7648967075860975,4.44393175855566,8.0,0.9520133768569181,2.5646053928901096,0.0,0.1514036269732847,0.014644289432336055,-0.47600668842845906
35.510000000001504,-0.7552825814757718,4.469463130731172,8.0,0.9708055193627253,2.5416018461576395,0.0,0.1552773173842919,0.01771685819251326,-0.48540275968136265
35.5200000000015,-0.7454807249514772,4.494762457643786,8.0,0.9895593361289133,2.518196951030478,0.0,0.1591571599559624,0.020796332774448284,-0.49477966806445667
35.5300000000015,-0.7354915249737211,4.519825744236514,8.0,1.0082740867869187,2.49439440341287,0.0,0.16252771296507326,0.024813145951801237,-0.5041370433934593
35.5400000000015,-0.725315375899025,4.544649032725834,8.0,1.026949032510409,2.4701979620030396,0.0,0.16635010876073023,0.028009402765956114,-0.5134745162552045
35.550000000001496,-0.7149526794643233,4.569228403226749,8.0,1.045583436044514,2.4456114476995654,0.0,0.17010860761905633,0.031331672672647165,-0.522791718022257
35.560000000001494,-0.7044038447711287,4.59355997437172,8.0,1.0641765617348895,2.4206387429980722,0.0,0.17333607197630393,0.03555928938209699,-0.5320882808674448
35.57000000000149,-0.6936692882693727,4.617639903923605,8.0,1.08272767555677,2.3952837913781257,0.0,0.17704009321755443,0.03897106912004833,-0.541363837778385
35.58000000000149,-0.682749433740959,4.6414643893823975,8.0,1.1012360451439567,2.3695505966804946,0.0,0.1806540180902604,0.042537196500828794,-0.5506180225719783
35.59000000000149,-0.671644712283058,4.665029668585634,8.0,1.1197009398176887,2.3434432224749604,0.0,0.18373060324771498,0.046954338158583214,-0.5598504699088444
35.60000000000149,-0.6603555622910529,4.688332020302564,8.0,1.138121630615552,2.3169657914185424,0.0,0.1872932721589806,0.05058534153277347,-0.569060815307776
35.610000000001484,-0.6488824294412563,4.711367764821723,8.0,1.1564973903202147,2.290122484604539,0.0,0.19074159978051664,0.05439163908509634,-0.5782486951601074
35.62000000000148,-0.6372257666733061,4.734133264532013,8.0,1.1748274934881482,2.2629175409022753,0.0,0.19366143219161983,0.05897623015136458,-0.5874137467440741
35.63000000000148,-0.6253860341722906,4.756624924497122,8.0,1.193111216478266,2.2353552562877304,0.0,0.19706678224853427,0.0628172032677138,-0.596555608239133
35.64000000000148,-0.6133636993505753,4.778839193023211,8.0,1.2113478374804907,2.207439983165157,0.0,0.20030134481886214,0.06689690033748201,-0.6056739187402453
35.65000000000148,-0.6011592368293535,4.8007725622197635,8.0,1.2295366365442515,2.1791761296797865,0.0,0.20307721177193672,0.07160119975158434,-0.6147683182721257
35.660000000001475,-0.5887731284199083,4.822421568553524,8.0,1.2476768956069053,2.1505681590217285,0.0,0.2063242668595486,0.07562064044147361,-0.6238384478034527
35.67000000000147,-0.5762058631045912,4.8437827933954285,8.0,1.2657678985220857,2.121620588721184,0.0,0.2090507654771815,0.08032890023929219,-0.6328839492610429
35.68000000000147,-0.5634579370175192,4.864852863560448,8.0,1.2838089310879741,2.0923379899350745,0.0,0.21217137601747926,0.08447659202273496,-0.6419044655439871
35.69000000000147,-0.5505298534249841,4.885628451840251,8.0,1.3017992810754964,2.062724986725202,0.0,0.21481707296857674,0.08922177127830008,-0.6508996405377482
35.70000000000147,-0.5374221227055909,4.90610627752861,8.0,1.319738238256439,2.0327862553280602,0.0,0.2174278824756271,0.09396939392361453,-0.6598691191282196
35.710000000001465,-0.5241352623300974,4.926283106939474,8.0,1.3376250944314994,2.0025265234163783,0.0,0.2204732400311832,0.09813752003787116,-0.6688125472157497
35.72000000000146,-0.5106697968410145,4.946155753917558,8.0,1.3554591434582024,1.9719505693526422,0.0,0.22294995040237606,0.10297829313124594,-0.6777295717291012
35.73000000000146,-0.4970262578318563,4.965721080341545,8.0,1.3732396812788394,1.9410632214344294,0.0,0.22529170508660143,0.10793390400021272,-0.6866198406394197
35.74000000000146,-0.4832051839261817,4.9849759966195855,8.0,1.3909660059482227,1.909869357132033,0.0,0.22821695153371158,0.11215721866972252,-0.6954830029741114
35.75000000000146,-0.4692071207563222,5.003917462177188,8.0,1.408637417661406,1.8783739023182378,0.0,0.23045719034961457,0.11714427896640411,-0.704318708830703
35.760000000001455,-0.45503262094183494,5.0225424859373735,8.0,1.4262532187813242,1.8465818304904476,0.0,0.2326373078135419,0.12214513560946161,-0.7131266093906621
35.77000000000145,-0.4406822440677196,5.040848126792964,8.0,1.443812713866291,1.814498161985385,0.0,0.23537399779276386,0.12647906546101276,-0.7219063569331455
35.78000000000145,-0.42615655666227337,5.058831494071072,8.0,1.4613152096975184,1.782127963186215,0.0,0.23735434086645074,0.13160450888771055,-0.7306576048487592
35.79000000000145,-0.41145613217476473,5.076489747989534,8.0,1.4787600153064389,1.7494763457225753,0.0,0.2394281339273805,0.1365700763006474,-0.7393800076532194
35.80000000000145,-0.3965815509527806,5.093820100105355,8.0,1.4961464420019976,1.7165484656633727,0.0,0.24186770461070897,0.14110106892824006,-0.7480732210009988
35.810000000001445,-0.38153340021931825,5.110819813755037,8.0,1.5134738033978394,1.6833495227025808,0.0,0.24364090165594698,0.14627501539146207,-0.7567369016989197
35.82000000000144,-0.3663122740496014,5.127486204486728,8.0,1.5307414154394055,1.6498847593381474,0.0,0.2453831457228605,0.15141571616431174,-0.7653707077197027
35.83000000000144,-0.35091877334763044,5.143816640484128,8.0,1.547948596430939,1.616159460044144,0.0,0.2476933098087386,0.155933039550276,-0.7739742982154695
35.84000000000144,-0.3353535058224537,5.159808542982085,8.0,1.565094667062398,1.5821789504362844,0.0,0.24922149923482323,0.16116440870312246,-0.782547333531199
35.85000000000144,-0.3196170859641807,5.1754593866738094,8.0,1.5821789504362727,1.547948596430951,0.0,0.25070572265033875,0.16636667271319933,-0.7910894752181363
35.860000000001435,-0.303710135019724,5.190766700109654,8.0,1.5992007720943082,1.5134738033978516,0.0,0.25283484118053146,0.17089817996455964,-0.7996003860471541
35.87000000000143,-0.2876332809682678,5.205728066087378,8.0,1.6161594600441322,1.478760015306451,0.0,0.2541039887482894,0.17616830160291863,-0.8080797300220661
35.88000000000143,-0.2713871584964833,5.2203411220338545,8.0,1.6330543447857815,1.4438127138663035,0.0,0.2553547807327887,0.18137789319490277,-0.8165271723928907
35.89000000000143,-0.2549724089734582,5.23460356037816,8.0,1.6498847593381454,1.4086374176614085,0.0,0.25724281518558406,0.18595122548004175,-0.8249423796690727
35.90000000000143,-0.23838968042541708,5.248513128915928,8.0,1.6666500392652561,1.3732396812788419,0.0,0.2582908070931162,0.1911954711556499,-0.8333250196326281
35.910000000001425,-0.22163962751007737,5.262067631165047,8.0,1.6833495227025788,1.3376250944315018,0.0,0.25928924916209184,0.19640013217985697,-0.8416747613512894
35.92000000000142,-0.20472291149084754,5.275264926712487,8.0,1.699982550383101,1.301799281075509,0.0,0.26094576356142996,0.20097610959306905,-0.8499912751915505
35.93000000000142,-0.18764020021071204,5.288102931552292,8.0,1.7165484656633705,1.2657678985220984,0.0,0.261769105249864,0.2061712547364724,-0.8582742328316852
35.94000000000142,-0.17039216806586044,5.300579618414673,8.0,1.7330466145494174,1.2295366365442641,0.0,0.2625320904181028,0.2113287330761401,-0.8665233072747087
35.95000000000142,-0.1529794959790589,5.312693017086148,8.0,1.7494763457225821,1.193111216478258,0.0,0.26353091654928495,0.21621577492667882,-0.8747381728612911
35.960000000001415,-0.13540287137280593,5.324441214720631,8.0,1.7658370105651922,1.1564973903202067,0.0,0.26422444682292306,0.22125810083133554,-0.8829185052825961
35.97000000000141,-0.11766298814213538,5.335822356141532,8.0,1.7821279631862221,1.1197009398176807,0.0,0.26544598781427375,0.22581002342757198,-0.8910639815931111
35.98000000000141,-0.09976054662726064,5.346834644134686,8.0,1.7983485604467573,1.0827276755567725,0.0,0.2659846107625851,0.23079704895844327,-0.8991742802233786
35.99000000000141,-0.08169625358592025,5.357476339732161,8.0,1.814498161985392,1.0455834360445164,0.0,0.2664019754197422,0.2357823139543664,-0.907249080992696
36.00000000000141,-0.0634708221654714,5.3677457624868605,8.0,1.83057613024351,1.0082740867869213,0.0,0.2668910830764936,0.24062538106404666,-0.915288065121755
36.010000000001405,-0.04508497187473992,5.377641290737882,8.0,1.8465818304904547,0.9708055193627386,0.0,0.26737892906633165,0.24537840148064274,-0.9232909152452273
36.0200000000014,-0.026539428555613753,5.387161361866605,8.0,1.8625146308485856,0.9331836504931138,0.0,0.26772576549423777,0.25013715046791635,-0.9312573154242928
36.0300000000014,-0.007834924354387596,5.396304472543438,8.0,1.8783739023182267,0.8954144211072681,0.0,0.2685445051808661,0.25448258772830806,-0.9391869511591133
36.0400000000014,0.011027802307138845,5.405069178965212,8.0,1.8941590188024957,0.8575037954043564,0.0,0.26866363699182366,0.25921169699790825,-0.9470795094012479
36.0500000000014,0.03004800676081576,5.413454097083182,8.0,1.9098693571320222,0.8194577599116508,0.0,0.26871058141786586,0.2638929756806204,-0.9549346785660111
36.060000000001395,0.04922493812153972,5.421457902821574,8.0,1.925504297089549,0.7812823225391997,0.0,0.268741234159699,0.26848943684920135,-0.9627521485447745
36.07000000000139,0.0685578393169064,5.429079332286685,8.0,1.9410632214344274,0.7429835116310858,0.0,0.2688829892652375,0.27291874223533896,-0.9705316107172137
36.08000000000139,0.08804594711705871,5.436317181966443,8.0,1.9565455159269467,0.704567375013569,0.0,0.26877955791667857,0.277402875117956,-0.9782727579634733
36.09000000000139,0.10768849216488174,5.443170308920483,8.0,1.9719505693526402,0.6660399790399334,0.0,0.2688501017469709,0.28168179463833065,-0.9859752846763201
36.10000000000139,0.1274846990063283,5.449637630960616,8.0,1.9872777735463756,0.627407407632627,0.0,0.26862316706092937,0.2860404588306455,-0.9936388867731878
36.110000000001385,0.14743378612104996,5.45571812682172,8.0,2.002526523416376,0.5886757613225181,0.0,0.268487499504001,0.2902447975047565,-1.001263261708188
36.12000000000138,0.16753496595324568,5.461410836323012,8.0,2.0176962169681065,0.5498511562855504,0.0,0.26820621977936066,0.2944329368838942,-1.0088481084840533
36.13000000000138,0.18778744494276545,5.466714860519671,8.0,2.032786255328049,0.5109397233769064,0.0,0.26793442855444,0.2985140603062992,-1.0163931276640246
36.14000000000138,0.2081904235563945,5.471629361844786,8.0,2.047796042767311,0.47194760716296197,0.0,0.2675652656520491,0.3025473210902595,-1.0238980213836555
36.15000000000138,0.22874309631948364,5.476153564241629,8.0,2.062724986725192,0.4328809649508564,0.0,0.267172055072737,0.306491105592945,-1.031362493362596
36.160000000001375,0.2494446518477038,5.480286753286195,8.0,2.0775724978325485,0.3937459658162697,0.0,0.26670603496351497,0.3103705760435135,-1.0387862489162742
36.17000000000137,0.2702942728790889,5.484028276300021,8.0,2.092337989935064,0.35454878962923253,0.0,0.26620345070747786,0.3141654735121391,-1.046168994967532
36.18000000000137,0.29129113630630243,5.487377542453251,8.0,2.1070208801163934,0.31529562607825296,0.0,0.2656406303886573,0.3178871140422739,-1.0535104400581967
36.19000000000137,0.31243441320912746,5.4903340228579305,8.0,2.1216205887211737,0.2759926736928928,0.0,0.26503744910431576,0.3215242629630866,-1.0608102943605868
36.20000000000137,0.33372326888719606,5.492897250651534,8.0,2.1361365393779077,0.236646138864948,0.0,0.2643837515687196,0.3250810638301473,-1.0680682696889539
36.210000000001365,0.3551568628929367,5.495066821070679,8.0,2.1505681590217187,0.19726223486838737,0.0,0.2636892764435765,0.32855196265072595,-1.0752840795108594
36.22000000000136,0.3767343490647601,5.4968423915150435,8.0,2.164914877916974,0.1578471808782046,0.0,0.26295149093634157,0.3319372540178336,-1.082457438958487
36.23000000000136,0.39845487556045756,5.498223681601473,8.0,2.1791761296797767,0.11840720098833862,0.0,0.26217688508525244,0.3352332394907965,-1.0895880648398883
36.24000000000136,0.42031758489083426,5.499210473208249,8.0,2.1933513513003273,0.07894852322881675,0.0,0.2613646751209363,0.3384397063927396,-1.0966756756501637
36.25000000000136,0.4423216139535744,5.499802610509541,8.0,2.207439983165156,0.03947737858225443,0.0,0.26052023024619975,0.34155348717208395,-1.103719991582578
36.260000000001355,0.46446609406726225,5.5,8.0,2.221441469079183,-1.944585020620318e-18,0.0,0.2596448838469622,0.34457321846439687,-1.1107207345395915
36.27000000000135,0.4867501510057526,5.499802610509541,8.0,2.2353552562877286,-0.03947737858225444,0.0,0.2587416016094631,0.3474967519187825,-1.1176776281438643
36.28000000000135,0.5091729050326341,5.49921047320825,8.0,2.249180795498297,-0.07894852322879445,0.0,0.25781239347136164,0.3503221358149473,-1.1245903977491485
36.29000000000135,0.5317334709359711,5.498223681601473,8.0,2.262917540902273,-0.11840720098831632,0.0,0.25685929148965053,0.353047419347159,-1.1314587704511365
36.30000000000135,0.5544309580632518,5.496842391515044,8.0,2.2765649501964704,-0.1578471808781823,0.0,0.25588306515713877,0.35567101770473364,-1.1382824750982352
36.310000000001345,0.5772644703565626,5.495066821070679,8.0,2.290122484604545,-0.19726223486838737,0.0,0.25488598898881504,0.35819040617275505,-1.1450612423022726
36.32000000000134,0.6002331063879085,5.492897250651534,8.0,2.3035896088982373,-0.236646138864948,0.0,0.2538689789470337,0.36060364138182677,-1.1517948044491186
36.33000000000134,0.6233359593948808,5.4903340228579305,8.0,2.3169657914185477,-0.2759926736928928,0.0,0.2528320924299771,0.36290905721308614,-1.1584828957092739
36.34000000000134,0.6465721173164019,5.487377542453251,8.0,2.330250504096694,-0.31529562607825296,0.0,0.2517765792013639,0.36510428472566586,-1.165125252048347
36.35000000000134,0.6699406628287421,5.484028276300021,8.0,2.343443222474966,-0.35454878962923253,0.0,0.2507029626643255,0.36718727594108946,-1.171721611237483
36.360000000001335,0.6934406733817391,5.480286753286195,8.0,2.3565434257274327,-0.3937459658162697,0.0,0.2496108747109926,0.36915640160512425,-1.1782717128637163
36.37000000000133,0.7170712212352153,5.476153564241629,8.0,2.3695505966805004,-0.4328809649508564,0.0,0.24850052654440088,0.37100979271124945,-1.1847752983402502
36.38000000000133,0.7408313734956016,5.471629361844786,8.0,2.3824642218333314,-0.4719476071629621,0.0,0.24737141136540186,0.3727460245386723,-1.1912321109166657
36.39000000000133,0.7647201921527729,5.466714860519671,8.0,2.3952837913781164,-0.5109397233769064,0.0,0.2462225067511364,0.37436398749205047,-1.1976418956890582
36.40000000000133,0.7887367341170708,5.461410836323015,8.0,2.408008799220201,-0.5498511562855284,0.0,0.24505375627154885,0.37586213025626847,-1.2040043996101004
36.410000000001325,0.8128800512565424,5.455718126821724,8.0,2.4206387429980634,-0.5886757613224961,0.0,0.2438645281658536,0.3772392836654159,-1.2103193714990317
36.42000000000132,0.8371491904343671,5.44963763096062,8.0,2.4331731241031505,-0.6274074076326052,0.0,0.24265362204293472,0.37849467018190186,-1.2165865620515752
36.43000000000132,0.8615431935464994,5.443170308920483,8.0,2.4456114476995636,-0.6660399790399334,0.0,0.24142099567214528,0.3796269622926177,-1.2228057238497818
36.44000000000132,0.8860610975594376,5.436317181966443,8.0,2.4579532227435728,-0.704567375013569,0.0,0.24016652809487438,0.380634902707784,-1.2289766113717864
36.45000000000132,0.9107019345483267,5.429079332286685,8.0,2.470197962003038,-0.7429835116310859,0.0,0.2388896980400009,0.38151760674416074,-1.235098981001519
36.460000000001315,0.9354647317351148,5.421457902821579,8.0,2.4823451820766196,-0.7812823225391781,0.0,0.23759037129457744,0.3822740048106032,-1.2411725910383098
36.47000000000131,0.9603485115269685,5.413454097083186,8.0,2.494394403412868,-0.8194577599116293,0.0,0.23626851296401585,0.3829030279298331,-1.247197201706434
36.48000000000131,0.9853522915548707,5.405069178965217,8.0,2.506345150329158,-0.8575037954043347,0.0,0.23492477972130715,0.3834035111686765,-1.253172575164579
36.49000000000131,1.0104750847124127,5.396304472543438,8.0,2.5181969510304696,-0.8954144211072681,0.0,0.2335606623143389,0.38377394374989315,-1.2590984755152348
36.50000000000131,1.0357158991947086,5.387161361866605,8.0,2.529949337627992,-0.9331836504931138,0.0,0.23217644157721137,0.384013097349096,-1.264974668813996
36.510000000001305,1.0610737385376376,5.377641290737882,8.0,2.541601846157631,-0.9708055193627386,0.0,0.23077235665169937,0.3841195713750425,-1.2708009230788155
36.5200000000013,1.0865476016571218,5.3677457624868605,8.0,2.553154016598304,-1.0082740867869213,0.0,0.22934890877647296,0.38409173529904084,-1.276577008299152
36.5300000000013,1.1121364828886624,5.357476339732161,8.0,2.5646053928901016,-1.0455834360445164,0.0,0.22790679691838373,0.3839278632246336,-1.2823026964450508
36.5400000000013,1.1378393720270443,5.346834644134686,8.0,2.5759555229522952,-1.0827276755567725,0.0,0.2264471237846087,0.3836270409149267,-1.2879777614761476
36.5500000000013,1.1636552543662146,5.335822356141532,8.0,2.5872039587011852,-1.1197009398176807,0.0,0.224971542545544,0.38318946006990107,-1.2936019793505926
36.560000000001295,1.1895831107393429,5.324441214720631,8.0,2.598350256067789,-1.1564973903202067,0.0,0.22348160108868423,0.38261475928933447,-1.2991751280338946
36.57000000000129,1.2156219175590541,5.312693017086148,8.0,2.6093939750153705,-1.193111216478258,0.0,0.22198029128961333,0.38190809059073866,-1.3046969875076853
36.58000000000129,1.2417706468578413,5.300579618414679,8.0,2.620334679556817,-1.2295366365442435,0.0,0.2204083934867661,0.38081076872662173,-1.3101673397784086
36.59000000000129,1.268028266328645,5.288102931552299,8.0,2.6311719377718465,-1.265767898522078,0.0,0.2189409308330195,0.38004941205020043,-1.3155859688859233
36.60000000000129,1.29439373936561,5.275264926712495,8.0,2.6419053218240607,-1.3017992810754886,0.0,0.21749454851879715,0.3792782847259789,-1.3209526609120303
36.610000000001286,1.320866025105019,5.262067631165047,8.0,2.652534407977842,-1.3376250944315018,0.0,0.21571441964813928,0.37725746488469963,-1.326267203988921
36.62000000000128,1.3474440784663302,5.248513128915928,8.0,2.663058776615056,-1.3732396812788419,0.0,0.21426800517505565,0.3757329078937926,-1.331529388307528
36.63000000000128,1.3741268501935204,5.23460356037816,8.0,2.6734780122516564,-1.4086374176614085,0.0,0.21268929695860592,0.3746344058846538,-1.3367390061258282
36.64000000000128,1.4009132868964498,5.220341122033863,8.0,2.683791703554061,-1.4438127138662837,0.0,0.21162498951816103,0.37437644481952675,-1.3418958517770305
36.65000000000128,1.4278023310924635,5.205728066087386,8.0,2.6939994433553967,-1.4787600153064313,0.0,0.20998373525715697,0.3721052651521058,-1.3469997216776983
36.660000000001276,1.4547929212481372,5.190766700109663,8.0,2.7041008286715744,-1.513473803397832,0.0,0.20937201617582327,0.3703754038857786,-1.3520504143357872
36.670000000001274,1.4818839918211877,5.175459386673818,8.0,2.7140954607171985,-1.5479485964309316,0.0,0.20781326310436105,0.36849477703679245,-1.3570477303585993
36.68000000000127,1.5090744733025518,5.159808542982085,8.0,2.723982944921315,-1.5821789504362844,0.0,0.20587238946053552,0.36594679503213917,-1.3619914724606574
36.69000000000127,1.5363632922585464,5.143816640484128,8.0,2.733762890942966,-1.616159460044144,0.0,0.20404652095680498,0.36435310890165784,-1.366881445471483
36.70000000000127,1.563749371373341,5.127486204486728,8.0,2.7434349126866344,-1.6498847593381474,0.0,0.2025640416468617,0.3622493423007575,-1.3717174563433172
36.710000000001266,1.5912316294914244,5.110819813755037,8.0,2.7529986283174637,-1.6833495227025808,0.0,0.2009171940326423,0.35957657501855717,-1.3764993141587318
36.720000000001264,1.6188089816603037,5.093820100105355,8.0,2.7624536602763348,-1.7165484656633727,0.0,0.2004348142779981,0.35766189951202987,-1.3812268301381674
36.73000000000126,1.6464803391733343,5.076489747989534,8.0,2.771799635294777,-1.7494763457225753,0.0,0.19854469607182088,0.3546805394673168,-1.3858998176473885
36.74000000000126,1.6742446096127037,5.058831494071072,8.0,2.7810361844096985,-1.782127963186215,0.0,0.1969853952410899,0.3522719516972592,-1.3905180922048492
36.75000000000126,1.7021006968925545,5.040848126792964,8.0,2.790162942977957,-1.814498161985385,0.0,0.19519181019193654,0.3501862862925591,-1.3950814714889785
36.760000000001256,1.7300475013022578,5.0225424859373735,8.0,2.79917955069075,-1.8465818304904476,0.0,0.19352685355447466,0.3469699720008288,-1.399589775345375
36.770000000001254,1.7580839195498292,5.003917462177197,8.0,2.8080856515878456,-1.87837390231822,0.0,0.19223826639771574,0.3443128442425752,-1.4040428257939228
36.78000000000125,1.786208844805481,4.984975996619596,8.0,2.816880894071629,-1.9098693571320153,0.0,0.19187199726589818,0.34174367519899485,-1.4084404470358145
36.79000000000125,1.8144211667453383,4.965721080341545,8.0,2.825564930920992,-1.9410632214344294,0.0,0.19008029983503436,0.3382222318215996,-1.412782465460496
36.80000000000125,1.8427197715952062,4.946155753917558,8.0,2.8341374193050193,-1.9719505693526422,0.0,0.18866982124864753,0.33526192911457414,-1.4170687096525096
36.810000000001246,1.871103542174636,4.926283106939474,8.0,2.842598020796553,-2.0025265234163783,0.0,0.18694499794042707,0.3322486939510672,-1.4212990103982766
36.820000000001244,1.899571357940966,4.906106277528622,8.0,2.8509464013855332,-2.032786255328043,0.0,0.18546936852985296,0.3284954638385776,-1.4254732006927666
36.83000000000124,1.928122095033575,4.885628451840263,8.0,2.859182231492189,-2.062724986725186,0.0,0.18429167587166745,0.3252550036280857,-1.4295911157460945
36.84000000000124,1.9567546263182485,4.8648528635604595,8.0,2.867305185980049,-2.0923379899350576,0.0,0.1839160778591848,0.3207046153088339,-1.4336525929900246
36.85000000000124,1.985467821431679,4.843782793395441,8.0,2.87531494416878,-2.1216205887211674,0.0,0.18234885185109168,0.31701284490152704,-1.43765747208439
36.860000000001236,2.0142605468261032,4.822421568553524,8.0,2.8832111898468473,-2.1505681590217285,0.0,0.1811338503452353,0.3136601932939494,-1.4416055949234237
36.870000000001234,2.0431316658139926,4.8007725622197635,8.0,2.8909936112839834,-2.1791761296797865,0.0,0.17982119966170287,0.3106229943116228,-1.4454968056419917
36.88000000000123,2.07208003861302,4.778839193023211,8.0,2.89866190124352,-2.207439983165157,0.0,0.1784806185036746,0.30645596851104534,-1.44933095062176
36.89000000000123,2.1011045223909957,4.756624924497122,8.0,2.906215756994499,-2.2353552562877304,0.0,0.1772176673175298,0.302259704372568,-1.4531078784972495
36.90000000000123,2.1302039713109973,4.734133264532013,8.0,2.913654880323631,-2.2629175409022753,0.0,0.1773255062528888,0.29772808942435686,-1.4568274401618155
36.910000000001226,2.1593772365766077,4.711367764821723,8.0,2.920978977547064,-2.290122484604539,0.0,0.17596730058280194,0.29351232984312664,-1.460489488773532
36.920000000001224,2.1886231664772673,4.688332020302564,8.0,2.9281877595219803,-2.3169657914185424,0.0,0.17470945922196543,0.2892716058646828,-1.4640938797609901
36.93000000000122,2.21794060643374,4.665029668585634,8.0,2.9352809416580117,-2.3434432224749604,0.0,0.17365633266657954,0.2849879972605092,-1.4676404708290058
36.94000000000122,2.2473283990436967,4.6414643893823975,8.0,2.942258243928472,-2.3695505966804946,0.0,0.17275338568232906,0.28067886825804333,-1.471129121964236
36.95000000000122,2.276785384127405,4.617639903923619,8.0,2.9491193908814153,-2.395283791378111,0.0,0.1718807696073008,0.27631503171827404,-1.4745596954407076
36.960000000001216,2.3063103987735314,4.593559974371734,8.0,2.9558641116505076,-2.420638742998058,0.0,0.17190489280125157,0.2718496947432967,-1.4779320558252538
36.970000000001214,2.33590227738507,4.569228403226749,8.0,2.962492139965726,-2.4456114476995654,0.0,0.1708805556435249,0.26736993366755946,-1.481246069982863
36.98000000000121,2.3655598517252887,4.544649032725834,8.0,2.9690032141638536,-2.4701979620030396,0.0,0.16987657297004982,0.26282291810826514,-1.4845016070819268
36.99000000000121,2.395281950963952,4.519825744236514,8.0,2.9753970771988336,-2.49439440341287,0.0,0.16906492809888754,0.2582039258798064,-1.4876985385994168
37.00000000000121,2.4250674017234735,4.494762457643799,8.0,2.9816734766519017,-2.5181969510304647,0.0,0.16904298886850772,0.25349576204163166,-1.4908367383259509
37.010000000001206,2.4549150281252583,4.469463130731187,8.0,2.987832164741555,-2.541601846157626,0.0,0.16815747415528753,0.24874773131316083,-1.4939160823707776
37.020000000001204,2.484823651836124,4.443931758555674,8.0,2.993872898333332,-2.5646053928900967,-0.0,0.1673066278561519,0.2439293753372398,-1.496936449166666
37.0300000000012,2.5147920921148175,4.4181723728168985,8.0,2.9997954389494144,-2.5872039587011804,-0.0,0.1666423061166758,0.2390416918943333,-1.4998977194747072
37.0400000000012,2.544819165858648,4.392189041220464,8.0,3.0055995527780426,-2.6093939750153785,-0.0,0.166848258014529,0.23406908167229404,-1.5027997763890213
37.0500000000012,2.5749036876501243,4.365985866835668,8.0,3.0112850106827347,-2.631171937771854,-0.0,0.16599712779174602,0.2290540860169589,-1.5056425053413673
37.060000000001196,2.605044469803857,4.339566987447489,8.0,3.016851588211351,-2.6525344079778432,-0.0,0.16521446254455352,0.22397156262867832,-1.5084257941056756
37.070000000001194,2.6352403224133756,4.3129365749032385,8.0,3.0222990656049418,-2.6734780122516577,-0.0,0.16530046417105454,0.2188141052242982,-1.5111495328024709
37.08000000000119,2.6654900533981216,4.2860988344537665,8.0,3.027627227806428,-2.693999443355398,-0.0,0.16458064745231266,0.213609474933958,-1.513813613903214
37.09000000000119,2.695792468550513,4.259058004089404,8.0,3.032835864469088,-2.7140954607172,-0.0,0.16386667265897867,0.2083448734081548,-1.516417932234544
37.10000000000119,2.726146371583085,4.231818353870732,8.0,3.0379247699648655,-2.733762890942962,-0.0,0.16416600009704668,0.2030140526352399,-1.5189623849824327
37.110000000001186,2.75655056417572,4.204384185254294,8.0,3.0428937433924856,-2.7529986283174592,-0.0,0.16341918666310568,0.1976415570424695,-1.5214468716962428
37.120000000001184,2.7870038460229547,4.176759830413339,8.0,3.047742588585385,-2.771799635294773,-0.0,0.16273451744194334,0.19221563174097142,-1.5238712942926924
37.13000000000118,2.8175050148813665,4.148949651553728,8.0,3.052471114119458,-2.7901629429779526,-0.0,0.16313049345235325,0.18673535704685174,-1.526235557059729
37.14000000000118,2.848052866617035,4.120958040225092,8.0,3.0570791333206135,-2.8080856515878416,-0.0,0.16237561452188498,0.18121748406910831,-1.5285395666603068
37.15000000000118,2.8786461952530975,4.092789416627329,8.0,3.061566464272146,-2.8255649309209927,-0.0,0.16178521560367667,0.1756543337629602,-1.530783232136073
37.160000000001176,2.9092837930172886,4.06444822891268,8.0,3.065932929821908,-2.842598020796554,-0.0,0.16217602938240888,0.17004958955933414,-1.532966464910954
37.170000000001174,2.939964450389726,4.03593895248321,8.0,3.070178357589319,-2.85918223149219,-0.0,0.16148493178468512,0.16441054990656867,-1.5350891787946594
37.18000000000117,2.9706869561505913,4.007266089284158,8.0,3.074302579972159,-2.8753149441687813,-0.0,0.1609831160576346,0.158735080725588,-1.5371512899860795
37.19000000000117,3.001450097427961,3.9784341670930097,8.0,3.0783054341531915,-2.8909936112839802,-0.0,0.16139020776455726,0.15302865270678329,-1.5391527170765957
37.20000000000117,3.0322526597456925,3.9494477388045084,8.0,3.0821867621065864,-2.906215756994496,-0.0,0.1607496677225945,0.14729148469151546,-1.5410933810532932
37.210000000001166,3.063093427071369,3.9203113817117026,8.0,3.0859464106041625,-2.920978977547061,-0.0,0.1608250985211057,0.14152679200537366,-1.5429732053020813
37.220000000001164,3.0939711818643034,3.891029696783136,8.0,3.0895842312214348,-2.935280941658008,-0.0,0.16043578980720452,0.13573616223780516,-1.5447921156107174
37.23000000000116,3.1248847051236255,3.8616073079362874,8.0,3.0931000803434756,-2.9491193908814197,-0.0,0.1599184805118767,0.1299205192809673,-1.5465500401717378
37.24000000000116,3.1558327764363345,3.832048861307463,8.0,3.0964938191705786,-2.9624921399657267,-0.0,0.1603989527891003,0.12408782132036394,-1.5482469095852893
37.25000000000116,3.1868141740255838,3.8023590245180223,8.0,3.099765313723747,-2.975397077198835,-0.0,0.1599684149471694,0.11823085868516349,-1.5498826568618735
37.260000000001156,3.2178276747988455,3.7725424859373686,8.0,3.1029144348499784,-2.9878321647415556,-0.0,0.15942788511508738,0.11235393682453199,-1.5514572174249892
37.270000000001154,3.248872054396213,3.7426039539425893,8.0,3.1059410582273617,-2.9997954389494152,-0.0,0.1600550203545046,0.10646844967748507,-1.5529705291136808
37.28000000000115,3.279946087238735,3.712548156174944,8.0,3.1088450643699894,-3.011285010682732,-0.0,0.15958696530005684,0.10056061539760759,-1.5544225321849947
37.29000000000115,3.311048546576804,3.682379838793319,8.0,3.111626338632672,-3.0222990656049395,-0.0,0.16002869062533798,0.09464493388995747,-1.555813169316336
37.30000000000115,3.3421782045385795,3.6521037657247497,8.0,3.114284771215462,-3.0328358644690856,-0.0,0.15958165200400343,0.08871057678221456,-1.557142385607731
37.310000000001146,3.373333832178469,3.6217247179121466,8.0,3.1168202571679946,-3.0428937433924834,-0.0,0.15997680922002017,0.08277175328900335,-1.5584101285839973
37.320000000001144,3.4045141995256394,3.591247492559323,8.0,3.119232696393625,-3.0524711141194563,-0.0,0.1597154680928625,0.07681853370270246,-1.5596163481968126
37.33000000000114,3.4357180756325953,3.5606769023734492,8.0,3.1215219936533853,-3.0615664642721465,-0.0,0.15931208672602273,0.0708555887210284,-1.5607609968266927
37.34000000000114,3.4669442286237024,3.5300177748051347,8.0,3.1236880585697366,-3.0701783575893193,-0.0,0.1599847513187915,0.06489628604798159,-1.5618440292848683
37.35000000000114,3.4981914257439257,3.4992749512860177,8.0,3.125730805630146,-3.078305434153192,-0.0,0.1604962430032931,0.058930441865508595,-1.562865402815073
37.360000000001136,3.5294584334074264,3.4684532864643134,8.0,3.1276501541904578,-3.085946410604163,-0.0,0.15992817125657122,0.05295047195410531,-1.5638250770952289
37.370000000001134,3.5607440172462805,3.4375576474381937,8.0,3.129446028478077,-3.0931000803434743,-0.0,0.16050306234128306,0.046978741695008826,-1.5647230142390385
37.38000000000113,3.5920469421592065,3.4065929129872146,8.0,3.1311183575949615,-3.0997653137237458,-0.0,0.16014415059630527,0.040998498816973296,-1.5655591787974807
37.39000000000113,3.623365972360329,3.3755639728019005,8.0,3.1326670755204216,-3.1059410582273603,-0.0,0.16077519351328723,0.03502702131089225,-1.5663335377602108
37.40000000000113,3.6546998714279613,3.3444757267116048,8.0,3.1340921211137256,-3.1116263386326706,-0.0,0.1605744820117786,0.029050998052540546,-1.5670460605568628
37.410000000001126,3.6860474023534393,3.3133330839107544,8.0,3.135393438116514,-3.1168202571679964,-0.0,0.161170977003205,0.023084832179550065,-1.567696719058257
37.420000000001124,3.7174073275898816,3.2821409621837,8.0,3.136570975155018,-3.121521993653386,-0.0,0.16162561988828256,0.017122330387748443,-1.568285487577509
37.43000000000112,3.7487784091011545,3.250904287128035,8.0,3.1376246857420926,-3.1257308056301465,-0.0,0.1613217215221895,0.011160837359201597,-1.5688123428710463
37.44000000000112,3.7801594084106758,3.219627991376858,8.0,3.138554528279048,-3.129446028478077,-0.0,0.16191510558407757,0.005213655495777828,-1.569277264139524
37.45000000000112,3.8115490866503254,3.1883170138198333,8.0,3.1393604660572936,-3.132667075520422,-0.0,0.16256935529993372,-0.0007243093577687045,-1.5696802330286468
37.460000000001116,3.8429462046093548,3.1569762988232872,8.0,3.1400424672597853,-3.135393438116513,-0.0,0.1621513419757297,-0.006657241479543773,-1.5700212336298927
37.470000000001114,3.874349522783307,3.1256107954494294,8.0,3.140600504962283,-3.137624685742092,-0.0,0.16289041877241894,-0.012571855666503413,-1.5703002524811416
37.48000000000111,3.9057578014229515,3.094225456674844,8.0,3.141034557134415,-3.139360466057293,-0.0,0.163475963201092,-0.018474438736440127,-1.5705172785672075
37.49000000000111,3.937169800583227,3.062825238608353,8.0,3.1413446066405433,-3.140600504962283,-0.0,0.1632033032654666,-0.024364382732748168,-1.5706723033202716
37.50000000000111,3.968584280172194,3.031415099708393,8.0,3.141530641240445,-3.1413446066405433,-0.0,0.16394093122116388,-0.030235049237421343,-1.5707653206202226
37.51000000000111,4.000000000000004,2.9999999999999956,8.0,3.141592653589793,-3.141592653589793,-0.0,0.16464125367919824,-0.0360890615111894,-1.5707963267948966
37.520000000001104,4.0314157198277965,2.9685849002916163,8.0,3.141530641240445,-3.1413446066405433,-0.0,0.1643454944816857,-0.04192374666168085,-1.5707653206202226
37.5300000000011,4.062830199416764,2.937174761391656,8.0,3.1413446066405433,-3.140600504962283,-0.0,0.1651537248130628,-0.04773840343840188,-1.5706723033202716
37.5400000000011,4.094242198577039,2.9057745433251654,8.0,3.141034557134415,-3.139360466057294,-0.0,0.16588935747798267,-0.05353320003659741,-1.5705172785672075
37.5500000000011,4.125650477216684,2.8743892045505794,8.0,3.1406005049622836,-3.1376246857420926,-0.0,0.16564803892517893,-0.059301555321990405,-1.5703002524811418
37.5600000000011,4.157053795390636,2.843023701176722,8.0,3.1400424672597853,-3.135393438116514,-0.0,0.16647922749960342,-0.06505016803963529,-1.5700212336298927
37.570000000001095,4.188450913349666,2.8116829861801755,8.0,3.139360466057294,-3.132667075520423,-0.0,0.16726062305037667,-0.07077548722420021,-1.569680233028647
37.58000000000109,4.219840591589315,2.7803720086231514,8.0,3.1385545282790486,-3.1294460284780783,-0.0,0.16705182647010963,-0.07646668585181589,-1.5692772641395243
37.59000000000109,4.251221590898854,2.7490957128719566,8.0,3.1376246857420926,-3.1257308056301456,-0.0,0.16790412895838083,-0.08213939247061232,-1.5688123428710463
37.60000000000109,4.282592672410127,2.7178590378162912,8.0,3.1365709751550175,-3.1215219936533845,-0.0,0.16871449200191296,-0.08778619447323775,-1.5682854875775087
37.61000000000109,4.313952597646569,2.686666916089237,8.0,3.1353934381165134,-3.116820257167995,-0.0,0.16854556849294183,-0.09339138526200753,-1.5676967190582567
37.620000000001085,4.345300128572029,2.655524273288404,8.0,3.134092121113726,-3.111626338632672,-0.0,0.16939917865431386,-0.09897962510583934,-1.567046060556863
37.63000000000108,4.376634027639662,2.624436027198109,8.0,3.132667075520422,-3.105941058227362,-0.0,0.17022436006689082,-0.10453918774082538,-1.566333537760211
37.64000000000108,4.407953057840785,2.5934070870127943,8.0,3.131118357594962,-3.0997653137237475,-0.0,0.1701022676441765,-0.11004950065360469,-1.565559178797481
37.65000000000108,4.439255982753711,2.562442352561815,8.0,3.129446028478077,-3.0931000803434765,-0.0,0.17093607545227976,-0.11554432730899726,-1.5647230142390385
37.66000000000108,4.470541566592564,2.5315467135356955,8.0,3.127650154190458,-3.085946410604165,-0.0,0.171757368879506,-0.12100824456541744,-1.563825077095229
37.670000000001075,4.501808574256065,2.5007250487139916,8.0,3.125730805630147,-3.078305434153194,-0.0,0.17172890382218606,-0.12641698429149711,-1.5628654028150735
37.68000000000107,4.533055771376288,2.469982225194874,8.0,3.123688058569737,-3.0701783575893216,-0.0,0.17250191919960298,-0.13180981426146385,-1.5618440292848685
37.69000000000107,4.564281924367413,2.4393230976265423,8.0,3.121521993653385,-3.0615664642721443,-0.0,0.17328250553533908,-0.13717010419863376,-1.5607609968266924
37.70000000000107,4.595485800474352,2.4087525074406857,8.0,3.119232696393626,-3.0524711141194585,-0.0,0.17379948361583727,-0.14248506325187535,-1.559616348196813
37.71000000000107,4.626666167821522,2.3782752820878623,8.0,3.116820257167995,-3.042893743392486,-0.0,0.17432425720553507,-0.14776247890003544,-1.5584101285839975
37.720000000001065,4.657821795461411,2.347896234275259,8.0,3.1142847712154627,-3.0328358644690887,-0.0,0.17482519804356658,-0.15300165646416813,-1.5571423856077313
37.73000000000106,4.688951453423187,2.31762016120669,8.0,3.1116263386326724,-3.0222990656049427,-0.0,0.17465021684693383,-0.15817754273151857,-1.5558131693163362
37.74000000000106,4.720053912761256,2.287451843825065,8.0,3.1088450643699908,-3.0112850106827356,-0.0,0.17535078459223388,-0.16334746470804862,-1.5544225321849954
37.75000000000106,4.751127945603779,2.2573960460574196,8.0,3.1059410582273626,-2.9997954389494184,-0.0,0.17604607620284587,-0.16848052147989864,-1.5529705291136813
37.76000000000106,4.782172325201145,2.2274575140626403,8.0,3.102914434849979,-2.987832164741559,-0.0,0.17657606085369615,-0.17356404439891487,-1.5514572174249894
37.770000000001055,4.813185825974407,2.1976409754819866,8.0,3.099765313723748,-2.9753970771988385,-0.0,0.17634961383447154,-0.1785707114661353,-1.549882656861874
37.78000000000105,4.844167223563674,2.167951138692529,8.0,3.0964938191705773,-2.962492139965723,-0.0,0.17700934019978726,-0.18357869832003315,-1.5482469095852887
37.79000000000105,4.875115294876383,2.1383926920637046,8.0,3.093100080343475,-2.949119390881416,-0.0,0.1776607606600394,-0.18854725612513798,-1.5465500401717376
37.80000000000105,4.906028818135688,2.1089703032168723,8.0,3.0895842312214357,-2.9352809416580126,-0.0,0.17816814251696717,-0.19346224821185531,-1.5447921156107178
37.81000000000105,4.936906572928622,2.079688618288306,8.0,3.085946410604164,-2.920978977547065,-0.0,0.1778802048389793,-0.19828680851473685,-1.542973205302082
37.820000000001045,4.967747340254299,2.0505522611955,8.0,3.0821867621065877,-2.9062157569945004,-0.0,0.17849455927391775,-0.2031207927675806,-1.5410933810532939
37.83000000000104,4.99854990257203,2.0215658329069983,8.0,3.0783054341531924,-2.8909936112839847,-0.0,0.1790991399030176,-0.2079125319917214,-1.5391527170765962
37.84000000000104,5.0293130438494,1.9927339107158497,8.0,3.0743025799721604,-2.8753149441687857,-0.0,0.17956886642839942,-0.21264605045921553,-1.5371512899860802
37.85000000000104,5.060035549610264,1.9640610475167977,8.0,3.07017835758932,-2.859182231492195,-0.0,0.17925412354764272,-0.2172771906377703,-1.53508917879466
37.86000000000104,5.090716206982702,1.9355517710873282,8.0,3.0659329298219093,-2.842598020796559,-0.0,0.17980581022603975,-0.22192321203755985,-1.5329664649109547
37.870000000001035,5.121353804746911,1.9072105833726631,8.0,3.0615664642721447,-2.8255649309209883,-0.0,0.18034635496099374,-0.2265233558620149,-1.5307832321360724
37.88000000000103,5.151947133382956,1.8790419597749166,8.0,3.057079133320615,-2.808085651587847,-0.0,0.18076621055258055,-0.2310607440905259,-1.5285395666603074
37.89000000000103,5.182494985118625,1.8510503484462795,8.0,3.0524711141194594,-2.7901629429779584,-0.0,0.18039196731987417,-0.23548139880368504,-1.5262355570597297
37.90000000000103,5.212996153977036,1.8232401695866693,8.0,3.047742588585386,-2.7717996352947787,-0.0,0.18088420046685835,-0.23992488985544433,-1.523871294292693
37.91000000000103,5.243449435824271,1.7956158147457144,8.0,3.042893743392487,-2.752998628317465,-0.0,0.18136067438021491,-0.24431749287414217,-1.5214468716962435
37.920000000001025,5.273853628416906,1.7681816461292752,8.0,3.0379247699648673,-2.7337628909429674,-0.0,0.18172106874494207,-0.24864111844206677,-1.5189623849824336
37.93000000000102,5.304207531449478,1.7409419959106038,8.0,3.032835864469089,-2.7140954607172056,-0.0,0.18130887808264376,-0.25283518430316804,-1.5164179322345446
37.94000000000102,5.3345099466018695,1.7139011655462415,8.0,3.027627227806429,-2.6939994433554038,-0.0,0.18172505347807807,-0.25705567406902363,-1.5138136139032146
37.95000000000102,5.3647596775866155,1.68706342509677,8.0,3.0222990656049435,-2.673478012251664,-0.0,0.1821188787251456,-0.2612166802234018,-1.5111495328024718
37.96000000000102,5.394955530196151,1.6604330125525042,8.0,3.0168515882113494,-2.652534407977837,-0.0,0.1824063564992641,-0.2653021387607444,-1.5084257941056747
37.970000000001015,5.425096312349884,1.6340141331643248,8.0,3.0112850106827334,-2.6311719377718483,-0.0,0.18191136616675757,-0.26924026606259854,-1.5056425053413667
37.98000000000101,5.455180834141361,1.607810958779529,8.0,3.0055995527780413,-2.6093939750153723,-0.0,0.1822548302173176,-0.27320807353114457,-1.5027997763890206
37.99000000000101,5.485207907885174,1.5818276271831093,8.0,2.9997954389494157,-2.587203958701187,-0.0,0.18257049333407727,-0.2771048639115663,-1.4998977194747078
38.00000000000101,5.515176348163867,1.5560682414443332,8.0,2.9938728983333336,-2.5646053928901034,-0.0,0.18277938609051342,-0.2809192075744068,-1.4969364491666668
38.01000000000101,5.545084971874733,1.530536869268821,8.0,2.987832164741557,-2.541601846157633,-0.0,0.18232288789271384,-0.2845735593100823,-1.4939160823707784
38.020000000001005,5.574932598276518,1.505237542356208,8.0,2.981673476651904,-2.518196951030472,-0.0,0.18255867220901678,-0.2882458037985652,-1.490836738325952
38.030000000001,5.604718049036039,1.4801742557634932,8.0,2.9753970771988354,-2.494394403412877,-0.0,0.18273462507113747,-0.2918361868400377,-1.4876985385994177
38.040000000001,5.634440148274719,1.4553509672741582,8.0,2.969003214163852,-2.470197962003033,-0.0,0.18284878175696395,-0.2953290696238225,-1.484501607081926
38.050000000001,5.6640977226149385,1.4307715967732446,8.0,2.962492139965724,-2.4456114476995587,-0.0,0.18223913712224,-0.29887655682779546,-1.481246069982862
38.060000000001,5.69368960122646,1.4064400256282732,8.0,2.9558641116505093,-2.4206387429980656,-0.0,0.18229363294145112,-0.3019245153751256,-1.4779320558252547
38.070000000000995,5.723214615872587,1.382360096076388,8.0,2.949119390881417,-2.395283791378118,-0.0,0.18248660783592852,-0.3052978405470252,-1.4745596954407085
38.08000000000099,5.752671600956295,1.3585356106176092,8.0,2.942258243928474,-2.369550596680502,-0.0,0.18178410166695944,-0.3087628594426757,-1.471129121964237
38.09000000000099,5.782059393566251,1.3349703314143728,8.0,2.9352809416580135,-2.343443222474968,-0.0,0.181820979840792,-0.3113973671047167,-1.4676404708290067
38.10000000000099,5.811376833522724,1.3116679796974422,8.0,2.9281877595219825,-2.31696579141855,-0.0,0.18205918648984412,-0.31458677803949064,-1.4640938797609913
38.11000000000099,5.840622763423384,1.2886322351782833,8.0,2.9209789775470663,-2.290122484604547,-0.0,0.1812946325826703,-0.3179806833106939,-1.4604894887735331
38.120000000000985,5.869796028688994,1.2658667354679938,8.0,2.9136548803236333,-2.262917540902283,-0.0,0.1813459183445182,-0.32044188516180594,-1.4568274401618166
38.13000000000098,5.8988954776089955,1.2433750755028845,8.0,2.9062157569945013,-2.2353552562877383,-0.0,0.18163382862014518,-0.3235189680514788,-1.4531078784972506
38.14000000000098,5.927919961386988,1.2211608069767828,8.0,2.8986619012435177,-2.2074399831651497,-0.0,0.18085002591785623,-0.3267799162486534,-1.4493309506217589
38.15000000000098,5.956868334186015,1.1992274377802303,8.0,2.890993611283981,-2.179176129679779,-0.0,0.18089947845196494,-0.3291748922677916,-1.4454968056419906
38.16000000000098,5.985739453173904,1.1775784314464701,8.0,2.883211189846845,-2.1505681590217205,-0.0,0.18118054545338852,-0.3321755318336577,-1.4416055949234226
38.170000000000975,6.014532178568313,1.1562172066045655,8.0,2.8753149441687826,-2.1216205887211763,-0.0,0.18039215597860916,-0.3351593114025017,-1.4376574720843913
38.18000000000097,6.043245373681743,1.1351471364395462,8.0,2.8673051859800514,-2.0923379899350665,-0.0,0.18043032908973264,-0.3375900469590642,-1.4336525929900257
38.19000000000097,6.071877904966417,1.1143715481597434,8.0,2.859182231492191,-2.062724986725194,-0.0,0.18066849974317295,-0.3405422862656488,-1.4295911157460954
38.20000000000097,6.1004286420590255,1.0938937224713845,8.0,2.8509464013855355,-2.032786255328052,-0.0,0.17997720753832078,-0.3423717201360582,-1.4254732006927677
38.21000000000097,6.1288964578253555,1.073716893060532,8.0,2.8425980207965553,-2.002526523416387,-0.0,0.18017441162143397,-0.34534683861222304,-1.4212990103982777
38.220000000000965,6.157280228404802,1.0538442460824367,8.0,2.834137419305017,-1.9719505693526338,-0.0,0.18013456211439913,-0.3480540659625188,-1.4170687096525085
38.23000000000096,6.18557883325467,1.0342789196584494,8.0,2.8255649309209896,-1.9410632214344208,-0.0,0.1792581702148936,-0.3513505534767198,-1.4127824654604948
38.24000000000096,6.21379115519451,1.0150240033804092,8.0,2.8168808940716312,-1.9098693571320247,-0.0,0.17941220937355437,-0.35422294092908013,-1.4084404470358156
38.25000000000096,6.241916080450163,0.9960825378228075,8.0,2.8080856515878483,-1.878373902318229,-0.0,0.17921807128564046,-0.3565579735627425,-1.4040428257939241
38.26000000000096,6.269952498697734,0.9774575140626318,8.0,2.799179550690753,-1.846581830490457,-0.0,0.17847690470461464,-0.3583420811432312,-1.3995897753453765
38.270000000000955,6.297899303107437,0.9591518732070412,8.0,2.7901629429779593,-1.8144981619853944,-0.0,0.1785174436393382,-0.3613241353678354,-1.3950814714889797
38.28000000000095,6.325755390387288,0.9411685059289336,8.0,2.7810361844097016,-1.7821279631862246,-0.0,0.17823566824660342,-0.36376153375841624,-1.3905180922048508
38.29000000000095,6.353519660826658,0.9235102520104714,8.0,2.7717996352947796,-1.749476345722585,-0.0,0.1774256688395346,-0.3657242853977437,-1.3858998176473898
38.30000000000095,6.381191018339688,0.9061798998946502,8.0,2.7624536602763374,-1.7165484656633825,-0.0,0.17735838771350865,-0.36875388863617037,-1.3812268301381687
38.31000000000095,6.408768370508568,0.8891801862449675,8.0,2.7529986283174663,-1.6833495227025905,-0.0,0.17696536814118755,-0.37119347854424534,-1.3764993141587332
38.320000000000945,6.4362506286266665,0.8725137955132674,8.0,2.743434912686632,-1.6498847593381385,-0.0,0.1760636316665875,-0.37309576697904584,-1.371717456343316
38.33000000000094,6.463636707741461,0.8561833595158674,8.0,2.7337628909429634,-1.6161594600441347,-0.0,0.1758852277237349,-0.37604521152179665,-1.3668814454714817
38.34000000000094,6.490925526697456,0.8401914570179105,8.0,2.723982944921312,-1.582178950436275,-0.0,0.17536718005523316,-0.3784260294724974,-1.361991472460656
38.35000000000094,6.518116008178804,0.8245406133261857,8.0,2.714095460717201,-1.5479485964309416,-0.0,0.17436224790924854,-0.38022778486272807,-1.3570477303586006
38.36000000000094,6.545207078751854,0.8092332998903418,8.0,2.7041008286715775,-1.5134738033978423,-0.0,0.1742606454933128,-0.38210327221267726,-1.3520504143357888
38.370000000000935,6.5721976689075285,0.7942719339126185,8.0,2.6939994433553993,-1.4787600153064415,-0.0,0.17360644718564897,-0.3845337093457788,-1.3469997216776997
38.38000000000093,6.599086713103542,0.7796588779661411,8.0,2.683791703554064,-1.443812713866294,-0.0,0.1724612413504988,-0.3865092431014333,-1.341895851777032
38.39000000000093,6.625873149806472,0.7653964396218442,8.0,2.6734780122516595,-1.408637417661419,-0.0,0.17201157944803677,-0.389455812860957,-1.3367390061258297
38.40000000000093,6.652555921533677,0.7514868710840688,8.0,2.663058776615053,-1.3732396812788321,-0.0,0.1712288748119779,-0.39175583409191717,-1.3315293883075265
38.41000000000093,6.679133974894988,0.7379323688349486,8.0,2.652534407977839,-1.337625094431492,-0.0,0.16997202432935493,-0.3933971589246477,-1.3262672039889194
38.420000000000925,6.705606260634382,0.7247350732875093,8.0,2.641905321824064,-1.3017992810754992,-0.0,0.1696773617839523,-0.394860461044544,-1.320952660912032
38.43000000000092,6.731971733671347,0.7118970684477053,8.0,2.63117193777185,-1.2657678985220886,-0.0,0.16877013995128476,-0.39722814446954186,-1.315585968885925
38.44000000000092,6.758229353142152,0.6994203815853242,8.0,2.6203346795568203,-1.2295366365442542,-0.0,0.16736511914400068,-0.3988642280936921,-1.3101673397784102
38.45000000000092,6.784378082440939,0.6873069829138556,8.0,2.609393975015374,-1.1931112164782687,-0.0,0.1669154168694174,-0.40049919507789117,-1.304696987507687
38.46000000000092,6.810416889260649,0.6755587852793732,8.0,2.5983502560677922,-1.1564973903202174,-0.0,0.1660703283541039,-0.40336451883102137,-1.2991751280338961
38.470000000000915,6.836344745633777,0.6641776438584719,8.0,2.587203958701189,-1.1197009398176916,-0.0,0.16436033873116276,-0.4044464639859032,-1.2936019793505944
38.48000000000091,6.862160627972949,0.6531653558653172,8.0,2.575955522952299,-1.0827276755567834,-0.0,0.16376970861175177,-0.40593991573723204,-1.2879777614761494
38.49000000000091,6.88786351711133,0.6425236602678419,8.0,2.5646053928901047,-1.0455834360445273,-0.0,0.16273787479525903,-0.40855730095733933,-1.2823026964450523
38.50000000000091,6.913452398342871,0.632254237513143,8.0,2.5531540165983073,-1.0082740867869324,-0.0,0.1609542968696183,-0.4095067034793434,-1.2765770082991537
38.51000000000091,6.938926261462369,0.622358709262115,8.0,2.541601846157628,-0.9708055193627283,-0.0,0.16023096529826253,-0.41089753180022454,-1.270800923078814
38.520000000000906,6.964284100805298,0.6128386381333919,8.0,2.5299493376279885,-0.9331836504931035,-0.0,0.15932542122498675,-0.41240482237240206,-1.2649746688139942
38.5300000000009,6.9895249152875945,0.6036955274565603,8.0,2.5181969510304665,-0.8954144211072578,-0.0,0.15747846982126615,-0.41358701140391024,-1.2590984755152332
38.5400000000009,7.014647708445122,0.5949308210347857,8.0,2.5063451503291616,-0.857503795404346,-0.0,0.15652396363171778,-0.41526115583937184,-1.2531725751645808
38.5500000000009,7.039651488473024,0.5865459029168161,8.0,2.4943944034128718,-0.8194577599116404,-0.0,0.15548580196431416,-0.4167695775323946,-1.2471972017064359
38.5600000000009,7.064535268264878,0.5785420971784236,8.0,2.482345182076623,-0.7812823225391892,-0.0,0.15353666221373358,-0.41791730420181383,-1.2411725910383116
38.570000000000896,7.089298065451666,0.5709206677133172,8.0,2.4701979620030414,-0.742983511631097,-0.0,0.15247951558233666,-0.41942458168093866,-1.2350989810015207
38.580000000000894,7.1139389024405695,0.5636828180335551,8.0,2.4579532227435696,-0.7045673750135585,-0.0,0.15130751499642747,-0.42086956713869345,-1.2289766113717848
38.59000000000089,7.138456806453507,0.556829691079515,8.0,2.4456114476995605,-0.6660399790399228,-0.0,0.1492992684638513,-0.42190011012817785,-1.2228057238497803
38.60000000000089,7.162850809565626,0.550362369039382,8.0,2.4331731241031536,-0.6274074076326165,-0.0,0.14813134852513163,-0.42327957954623047,-1.2165865620515768
38.61000000000089,7.187119948743451,0.5442818731782779,8.0,2.4206387429980674,-0.5886757613225074,-0.0,0.14687808709584016,-0.42459958503766065,-1.2103193714990337
38.620000000000886,7.211263265882922,0.5385891636769866,8.0,2.408008799220205,-0.5498511562855398,-0.0,0.14479502975435746,-0.4254787661423709,-1.2040043996101024
38.630000000000884,7.2352798078472205,0.5332851394803302,8.0,2.3952837913781204,-0.5109397233769178,-0.0,0.14356111321129933,-0.4267254582280593,-1.1976418956890602
38.64000000000088,7.259168626504391,0.5283706381552156,8.0,2.382464221833335,-0.4719476071629734,-0.0,0.14223574856235807,-0.4279006918343545,-1.1912321109166675
38.65000000000088,7.282928778764778,0.5238464357583728,8.0,2.369550596680504,-0.4328809649508678,-0.0,0.14010938595928588,-0.4286216018623194,-1.184775298340252
38.66000000000088,7.306559326618253,0.5197132467138066,8.0,2.3565434257274362,-0.3937459658162811,-0.0,0.13882188512573537,-0.4297231893787539,-1.1782717128637181
38.670000000000876,7.330059337171251,0.5159717236999803,8.0,2.3434432224749697,-0.35454878962924397,-0.0,0.13744399937320614,-0.43074733799175285,-1.1717216112374849
38.680000000000874,7.353427882683592,0.5126224575467506,8.0,2.3302505040966977,-0.3152956260782645,-0.0,0.13528786181287375,-0.43130495663824603,-1.1651252520483488
38.69000000000087,7.376664040605126,0.5096659771420686,8.0,2.316965791418544,-0.2759926736928821,-0.0,0.1339642674718958,-0.4322596942359764,-1.158482895709272
38.70000000000087,7.399766893612098,0.5071027493484648,8.0,2.3035896088982337,-0.23664613886493727,-0.0,0.1325412768128018,-0.4331285113839445,-1.1517948044491169
38.71000000000087,7.422735529643443,0.504933178929321,8.0,2.290122484604541,-0.1972622348683766,-0.0,0.13037541015817572,-0.43352887962275266,-1.1450612423022706
38.720000000000866,7.445569041936741,0.5031576084849565,8.0,2.276564950196474,-0.15784718087819385,-0.0,0.129023072070364,-0.43433714879858687,-1.138282475098237
38.730000000000864,7.468266529064023,0.5017763183985271,8.0,2.2629175409022775,-0.11840720098832785,-0.0,0.1275679974422469,-0.4350552279782932,-1.1314587704511387
38.74000000000086,7.49082709496736,0.5007895267917499,8.0,2.2491807954983005,-0.07894852322880598,-0.0,0.12539936167237573,-0.43530259123375087,-1.1245903977491503
38.75000000000086,7.513249848994241,0.5001973894904599,8.0,2.2353552562877326,-0.039477378582265986,-0.0,0.12402759891008781,-0.4359702680188224,-1.1176776281438663
38.76000000000086,7.535533905932744,0.5,8.0,2.2214414690791795,1.0778389639903884e-14,0.0,0.12253930144127673,-0.4365379503080404,-1.1107207345395897
38.770000000000856,7.557678386046431,0.5001973894904599,8.0,2.2074399831651514,0.039477378582265216,0.0,0.12038047608425023,-0.4366429580123636,-1.1037199915825757
38.780000000000854,7.579682415109159,0.5007895267917499,8.0,2.1933513513003313,0.07894852322880523,0.0,0.11899266434998347,-0.4371752618971175,-1.0966756756501657
38.79000000000085,7.601545124439536,0.5017763183985271,8.0,2.179176129679781,0.11840720098832709,0.0,0.11747289519515426,-0.4375952415719231,-1.0895880648398906
38.80000000000085,7.623265650935234,0.5031576084849565,8.0,2.164914877916978,0.15784718087819308,0.0,0.11533217294077451,-0.43756574226887507,-1.082457438958489
38.81000000000085,7.644843137107056,0.504933178929321,8.0,2.1505681590217227,0.19726223486837585,0.0,0.11393631134654343,-0.4379687322982227,-1.0752840795108614
38.820000000000846,7.666276731112799,0.5071027493484648,8.0,2.136136539377912,0.2366461388649365,0.0,0.11236135609598087,-0.4382243026801488,-1.068068269688956
38.830000000000844,7.687565586790866,0.5096659771420686,8.0,2.121620588721178,0.27599267369288133,0.0,0.11026486169160664,-0.43807781134035906,-1.060810294360589
38.84000000000084,7.708708863693691,0.5126224575467488,8.0,2.107020880116398,0.3152956260782415,0.0,0.10888231906591238,-0.43836488370819254,-1.053510440058199
38.85000000000084,7.729705727120905,0.5159717236999777,8.0,2.0923379899350683,0.35454878962922104,0.0,0.10691383353297976,-0.4382200801927019,-1.0461689949675341
38.86000000000084,7.75055534815229,0.5197132467138039,8.0,2.0775724978325525,0.39374596581625826,0.0,0.10550980506167122,-0.438406527081842,-1.0387862489162762
38.870000000000836,7.771256903680522,0.5238464357583728,8.0,2.062724986725188,0.43288096495086703,0.0,0.10369476138965458,-0.4382679197134888,-1.031362493362594
38.880000000000834,7.791809576443611,0.5283706381552156,8.0,2.0477960427673065,0.47194760716297274,0.0,0.10169645331495937,-0.4379432933020173,-1.0238980213836533
38.89000000000083,7.81221255505724,0.5332851394803297,8.0,2.0327862553280456,0.5109397233769171,0.0,0.10044588470508654,-0.4381141082410177,-1.0163931276640228
38.90000000000083,7.8324650340467485,0.5385891636769866,8.0,2.0176962169681114,0.549851156285539,0.0,0.09915498470264918,-0.43821367599159694,-1.0088481084840557
38.91000000000083,7.852566213878944,0.5442818731782775,8.0,2.0025265234163805,0.5886757613225068,0.0,0.09698790953818102,-0.43759814340163106,-1.0012632617081902
38.920000000000826,7.8725153009936655,0.550362369039382,8.0,1.98727777354638,0.6274074076326157,0.0,0.09564019083966364,-0.4375455224085502,-0.99363888677319
38.930000000000824,7.892311507835113,0.556829691079515,8.0,1.9719505693526447,0.6660399790399221,0.0,0.09368344299355254,-0.4369949251122097,-0.9859752846763223
38.94000000000082,7.911954052882946,0.5636828180335591,8.0,1.9565455159269427,0.7045673750135796,0.0,0.09239690172641334,-0.4368994277900652,-0.9782727579634714
38.95000000000082,7.9314421606830985,0.5709206677133167,8.0,1.9410632214344228,0.7429835116310963,0.0,0.0904761024305912,-0.43626531337654906,-0.9705316107172114
38.96000000000082,7.9507750618784545,0.5785420971784232,8.0,1.9255042970895537,0.7812823225391885,0.0,0.08919423501484132,-0.43608162436934544,-0.9627521485447769
38.970000000000816,7.969951993239178,0.5865459029168161,8.0,1.9098693571320269,0.8194577599116397,0.0,0.08735194497091303,-0.4354016264448188,-0.9549346785660134
38.980000000000814,7.988972197692855,0.5949308210347857,8.0,1.8941590188025006,0.8575037954043452,0.0,0.08600114401370142,-0.43506202561640206,-0.9470795094012503
38.99000000000081,8.007834924354382,0.6036955274565603,8.0,1.8783739023182315,0.8954144211072569,0.0,0.08476156442075936,-0.43477053328344656,-0.9391869511591158
39.00000000000081,8.026539428555608,0.6128386381333919,8.0,1.8625146308485903,0.9331836504931027,0.0,0.08278713072536206,-0.4337939633140705,-0.9312573154242951
39.01000000000081,8.045084971874735,0.6223587092621146,8.0,1.846581830490459,0.9708055193627276,0.0,0.08100202067212162,-0.43291610507735023,-0.9232909152452295
39.020000000000806,8.063470822165467,0.6322542375131373,8.0,1.8305761302435146,1.0082740867869104,0.0,0.07997340631334482,-0.4326588782606595,-0.9152880651217573
39.030000000000804,8.081696253585914,0.6425236602678357,8.0,1.8144981619853966,1.0455834360445055,0.0,0.07829884646336997,-0.4317777807903767,-0.9072490809926983
39.0400000000008,8.099760546627255,0.653165355865311,8.0,1.7983485604467622,1.0827276755567616,0.0,0.07705286259666218,-0.4312113735517787,-0.8991742802233811
39.0500000000008,8.11766298814214,0.6641776438584714,8.0,1.7821279631862175,1.119700939817691,0.0,0.07591073940265226,-0.43069873817044063,-0.8910639815931087
39.0600000000008,8.135402871372811,0.6755587852793727,8.0,1.7658370105651875,1.1564973903202167,0.0,0.07412076671329447,-0.42952114179193046,-0.8829185052825937
39.070000000000796,8.152979495979064,0.6873069829138556,8.0,1.749476345722578,1.193111216478268,0.0,0.07246836746819929,-0.42840279486435184,-0.874738172861289
39.080000000000794,8.170392168065856,0.6994203815853237,8.0,1.7330466145494223,1.2295366365442535,0.0,0.071594532024817,-0.4279841316656888,-0.8665233072747112
39.09000000000079,8.187640200210707,0.7118970684477048,8.0,1.7165484656633754,1.265767898522088,0.0,0.07004551363360072,-0.42685888017150575,-0.8582742328316877
39.10000000000079,8.204722911490844,0.7247350732875089,8.0,1.6999825503831056,1.3017992810754986,0.0,0.06905984917250238,-0.42621381766292593,-0.8499912751915528
39.11000000000079,8.221639627510072,0.7379323688349482,8.0,1.6833495227025836,1.3376250944314914,0.0,0.06754145938390835,-0.4249985093335371,-0.8416747613512918
39.120000000000786,8.23838968042542,0.7514868710840763,8.0,1.6666500392652515,1.3732396812788514,0.0,0.06660313749511773,-0.4242998963099926,-0.8333250196326257
39.130000000000784,8.254972408973464,0.7653964396218438,8.0,1.649884759338141,1.4086374176614183,0.0,0.06517284963686892,-0.42304324293994344,-0.8249423796690705
39.14000000000078,8.271387158496479,0.7796588779661411,8.0,1.6330543447857864,1.4438127138662933,0.0,0.06388188476388308,-0.4218651759957643,-0.8165271723928932
39.15000000000078,8.287633280968263,0.7942719339126185,8.0,1.6161594600441371,1.4787600153064409,0.0,0.06314175320402786,-0.4212178785172548,-0.8080797300220686
39.16000000000078,8.303710135019719,0.8092332998903418,8.0,1.5992007720943135,1.5134738033978417,0.0,0.06180585343577572,-0.4198745679343057,-0.7996003860471568
39.170000000000776,8.319617085964175,0.8245406133261857,8.0,1.5821789504362775,1.5479485964309412,0.0,0.061030370900906676,-0.4190723011216725,-0.7910894752181388
39.180000000000774,8.33535350582245,0.8401914570179105,8.0,1.565094667062403,1.5821789504362747,0.0,0.059775173097897025,-0.41769625778888214,-0.7825473335312015
39.19000000000077,8.350918773347626,0.856183359515867,8.0,1.547948596430944,1.6161594600441342,0.0,0.05897892761055695,-0.41676553066580585,-0.773974298215472
39.20000000000077,8.366312274049598,0.8725137955132669,8.0,1.5307414154394106,1.6498847593381376,0.0,0.05829501051412015,-0.41591505108726645,-0.7653707077197053
39.21000000000077,8.381533400219315,0.8891801862449578,8.0,1.5134738033978445,1.683349522702571,0.0,0.0570201121615126,-0.4143219021326394,-0.7567369016989223
39.220000000000766,8.396581550952776,0.90617989989464,8.0,1.496146442002003,1.716548465663363,0.0,0.055885736166856936,-0.4128211991888054,-0.7480732210010015
39.230000000000764,8.411456132174761,0.9235102520104617,8.0,1.478760015306444,1.7494763457225657,0.0,0.05546473330104745,-0.41214230728962903,-0.739380007653222
39.24000000000076,8.426156556662278,0.9411685059289332,8.0,1.4613152096975135,1.782127963186224,0.0,0.05438687418922368,-0.41061356229052387,-0.7306576048487567
39.25000000000076,8.440682244067723,0.9591518732070412,8.0,1.4438127138662864,1.8144981619853937,0.0,0.05394513112650674,-0.40981237847921104,-0.7219063569331432
39.26000000000076,8.45503262094184,0.9774575140626314,8.0,1.4262532187813193,1.8465818304904564,0.0,0.05289217758068942,-0.40823867826005134,-0.7131266093906596
39.270000000000756,8.469207120756318,0.9960825378228071,8.0,1.4086374176614114,1.8783739023182289,0.0,0.05251249802193442,-0.40743732102779295,-0.7043187088307057
39.280000000000754,8.483205183926177,1.015024003380409,8.0,1.3909660059482276,1.909869357132024,0.0,0.05151735418382764,-0.40583213044583255,-0.6954830029741138
39.29000000000075,8.497026257831852,1.0342789196584488,8.0,1.3732396812788448,1.9410632214344203,0.0,0.05114821313750631,-0.4050227210587106,-0.6866198406394224
39.30000000000075,8.510669796841018,1.0538442460824475,8.0,1.3554591434581975,1.9719505693526507,0.0,0.050282578853716335,-0.403401186499908,-0.6777295717290988
39.31000000000075,8.524135262330102,1.0737168930605319,8.0,1.3376250944314945,2.0025265234163867,0.0,0.049448652762376484,-0.4020169163082567,-0.6688125472157472
39.320000000000746,8.537422122705587,1.0938937224713838,8.0,1.3197382382564444,2.032786255328051,0.0,0.04929459585032283,-0.4013125510053086,-0.6598691191282222
39.330000000000744,8.55052985342498,1.1143715481597427,8.0,1.3017992810755017,2.0627249867251938,0.0,0.04898751063761061,-0.4001111774098697,-0.6508996405377508
39.34000000000074,8.563457937017514,1.1351471364395458,8.0,1.2838089310879794,2.0923379899350656,0.0,0.04810246705785276,-0.3989287147161173,-0.6419044655439897
39.35000000000074,8.576205863104587,1.1562172066045653,8.0,1.265767898522091,2.1216205887211754,0.0,0.04796270786330173,-0.3982208119448928,-0.6328839492610455
39.36000000000074,8.588773128419906,1.1775784314464697,8.0,1.2476768956069106,2.1505681590217205,0.0,0.04781252303709359,-0.3969266594777387,-0.6238384478034553
39.370000000000736,8.60115923682935,1.1992274377802299,8.0,1.2295366365442568,2.1791761296797785,0.0,0.04693235971490574,-0.3958235274672889,-0.6147683182721284
39.380000000000734,8.613363699350572,1.2211608069767825,8.0,1.211347837480496,2.2074399831651492,0.0,0.046116187354384434,-0.3940519000283776,-0.605673918740248
39.39000000000073,8.625386034172287,1.2433750755028712,8.0,1.1931112164782713,2.2353552562877224,0.0,0.046195117789890244,-0.392952165650681,-0.5965556082391357
39.40000000000073,8.637225766673303,1.2658667354679805,8.0,1.1748274934881537,2.2629175409022673,0.0,0.045492510217351165,-0.3920278950274165,-0.5874137467440769
39.41000000000073,8.648882429441253,1.2886322351782695,8.0,1.15649739032022,2.290122484604531,0.0,0.0454807843303357,-0.3914634508410929,-0.57824869516011
39.42000000000073,8.660355562291056,1.3116679796974418,8.0,1.1381216306155468,2.316965791418549,0.0,0.045597244039334496,-0.39036118325602853,-0.5690608153077734
39.430000000000724,8.671644712283062,1.3349703314143726,8.0,1.1197009398176838,2.343443222474968,0.0,0.04493631511754618,-0.3893390984543898,-0.5598504699088419
39.44000000000072,8.682749433740963,1.358535610617609,8.0,1.1012360451439516,2.3695505966805017,0.0,0.04433362453916417,-0.38764639708455895,-0.5506180225719758
39.45000000000072,8.69366928826937,1.3823600960763878,8.0,1.0827276755567754,2.3952837913781178,0.0,0.04458909948647974,-0.3867156509860341,-0.5413638377783877
39.46000000000072,8.704403844771125,1.4064400256282725,8.0,1.064176561734895,2.420638742998065,0.0,0.04414088924734815,-0.38588279877229065,-0.5320882808674475
39.47000000000072,8.714952679464322,1.4307715967732442,8.0,1.0455834360445193,2.4456114476995583,0.0,0.0443314435320332,-0.3854665204869678,-0.5227917180222597
39.480000000000715,8.725315375899028,1.455350967274172,8.0,1.0269490325104038,2.4701979620030463,0.0,0.04463435771610423,-0.38454765216243875,-0.5134745162552019
39.49000000000071,8.735491524973725,1.480174255763493,8.0,1.0082740867869138,2.4943944034128767,0.0,0.04423866988874141,-0.38357144275245614,-0.5041370433934569
39.50000000000071,8.745480724951474,1.5052375423562077,8.0,0.989559336128919,2.518196951030471,0.0,0.043904136034006024,-0.38196546501724077,-0.4947796680644595
39.51000000000071,8.755282581475768,1.5305368692688206,8.0,0.9708055193627309,2.541601846157633,0.0,0.044354177766080825,-0.3812346964001535,-0.4854027596813654
39.52000000000071,8.764896707586095,1.5560682414443328,8.0,0.9520133768569236,2.564605392890103,0.0,0.04418066366890465,-0.3804358067120592,-0.4760066884284618
39.530000000000705,8.774322723733214,1.581827627183109,8.0,0.9331836504931059,2.5872039587011866,0.0,0.04460057115191799,-0.38017557861346685,-0.46659182524655296
39.5400000000007,8.783560257794152,1.6078109587795284,8.0,0.9143170836366334,2.609393975015372,0.0,0.04510268773184866,-0.37945811723746137,-0.4571585418183167
39.5500000000007,8.79260894508688,1.634014133164324,8.0,0.8954144211072602,2.631171937771848,0.0,0.044988405666062034,-0.37845782849269793,-0.4477072105536301
39.5600000000007,8.801468428384712,1.6604330125525038,8.0,0.876476409149737,2.652534407977837,0.0,0.044943253659253106,-0.37701085587486644,-0.4382382045748685
39.5700000000007,8.810138357930427,1.6870634250967544,8.0,0.8575037954043485,2.673478012251652,0.0,0.04558232550993797,-0.37646773461135513,-0.42875189770217426
39.580000000000695,8.818618391450045,1.7139011655462255,8.0,0.838497328877399,2.693999443355392,0.0,0.045629553912222814,-0.37518917560547244,-0.4192486644386995
39.59000000000069,8.826908194166368,1.740941995910588,8.0,0.819457759911643,2.714095460717194,0.0,0.04590019735320671,-0.37467097607083194,-0.4097288799558215
39.60000000000069,8.835007438812177,1.7681816461292748,8.0,0.8003858401566514,2.733762890942967,0.0,0.0466334036903019,-0.37419362966236047,-0.4001929200783257
39.61000000000069,8.842915805643155,1.7956158147457137,8.0,0.7812823225391811,2.7529986283174646,0.0,0.0473492095385696,-0.374296871374011,-0.39064116126959053
39.62000000000069,8.85063298245053,1.823240169586669,8.0,0.7621479612333866,2.7717996352947782,0.0,0.0475777156053986,-0.3735655270136443,-0.3810739806166933
39.630000000000685,8.85815866457337,1.851050348446279,8.0,0.7429835116310889,2.790162942977958,0.0,0.04829547607581566,-0.37297253332129054,-0.37149175581554444
39.64000000000068,8.865492554910631,1.8790419597749162,8.0,0.7237897303119435,2.8080856515878465,0.0,0.04857210393252381,-0.37172921070634624,-0.36189486515597175
39.65000000000068,8.872634363932885,1.9072105833726627,8.0,0.704567375013572,2.825564930920988,0.0,0.04892961704174051,-0.37113117352481917,-0.352283687506786
39.66000000000068,8.87958380969374,1.9355517710873276,8.0,0.6853172046016367,2.8425980207965584,0.0,0.04974853676729022,-0.37082103951979906,-0.34265860230081835
39.67000000000068,8.886340617840968,1.9640610475167972,8.0,0.6660399790399255,2.8591822314921944,0.0,0.050570936338007286,-0.37106882645628525,-0.33301998951996276
39.680000000000675,8.892904521627361,1.992733910715849,8.0,0.646736459360285,2.8753149441687857,0.0,0.05096252565928643,-0.37041143880891436,-0.3233682296801425
39.69000000000067,8.899275261921236,2.021565832906998,8.0,0.6274074076326192,2.8909936112839842,0.0,0.051716624772203255,-0.36992619762844325,-0.3137037038163096
39.70000000000067,8.905452587216672,2.0505522611954996,8.0,0.6080535869347935,2.9062157569945,0.0,0.05213022263036972,-0.36880384918368325,-0.30402679346739675
39.71000000000067,8.911436253643444,2.0796886182883054,8.0,0.5886757613225102,2.920978977547065,0.0,0.052627113789634625,-0.3683212791497492,-0.2943378806612551
39.72000000000067,8.917226024976648,2.108970303216872,8.0,0.5692746957991441,2.935280941658012,0.0,0.05345762406143937,-0.36815635918275996,-0.28463734789957207
39.730000000000665,8.922821672646027,2.138392692063704,8.0,0.5498511562855425,2.949119390881416,0.0,0.054313486396307814,-0.3685759093888306,-0.27492557814277124
39.74000000000066,8.928222975744989,2.167951138692528,8.0,0.5304059095897865,2.9624921399657227,0.0,0.0548288410977639,-0.36806073542853623,-0.26520295479489325
39.75000000000066,8.933429721039339,2.1976409754819692,8.0,0.5109397233769205,2.975397077198831,0.0,0.05558524229742881,-0.3677479842392117,-0.25546986168846025
39.76000000000066,8.938441702975688,2.2274575140626225,8.0,0.4914533661386444,2.987832164741552,0.0,0.05608543114256128,-0.36679379607687923,-0.2457266830693222
39.77000000000066,8.943258723689567,2.2573960460574023,8.0,0.4719476071629761,2.9997954389494117,0.0,0.056676126962866814,-0.36646997363599765,-0.23597380358148806
39.780000000000655,8.947880593013252,2.287451843825047,8.0,0.45242321650388073,3.011285010682729,0.0,0.05747072338829903,-0.36648235207721336,-0.22621160825194037
39.79000000000065,8.952307128483255,2.3176201612066896,8.0,0.4328809649508594,3.022299065604942,0.0,0.0583110271648293,-0.3671001339624164,-0.2164404824754297
39.80000000000065,8.956538155347534,2.3478962342752583,8.0,0.4133216239985638,3.0328358644690887,0.0,0.05890256757123741,-0.366750006508246,-0.2066608119992819
39.81000000000065,8.960573506572388,2.378275282087862,8.0,0.39374596581627275,3.042893743392486,0.0,0.05961616114682816,-0.3666424220621804,-0.19687298290813637
39.82000000000065,8.964413022849069,2.4087525074406853,8.0,0.3741547632174523,3.0524711141194585,0.0,0.060159506074252564,-0.36588358470289256,-0.18707738160872614
39.830000000000645,8.968056552600041,2.439323097626542,8.0,0.3545487896292356,3.0615664642721443,0.0,0.06079110958546284,-0.36572291947267155,-0.1772743948146178
39.84000000000064,8.971503951984996,2.4699822251948738,8.0,0.33492881906187805,3.0701783575893216,0.0,0.061510813781153646,-0.3659470086184307,-0.16746440953093902
39.85000000000064,8.974755084906501,2.500725048713991,8.0,0.31529562607824496,3.078305434153194,0.0,0.06228724361000926,-0.3667589596134113,-0.15764781303912248
39.86000000000064,8.9778098230154,2.531546713535695,8.0,0.2956499857631669,3.085946410604165,0.0,0.0628883392227264,-0.366562670418331,-0.14782499288158346
39.87000000000064,8.980668045715863,2.5624423525618143,8.0,0.27599267369288477,3.093100080343476,0.0,0.06352622373417227,-0.36669291278296506,-0.13799633684644239
39.880000000000635,8.983329640170151,2.5934070870127934,8.0,0.25632446590442043,3.0997653137237475,0.0,0.06406091102472514,-0.36613127104509136,-0.12816223295221021
39.89000000000063,8.985794501303069,2.624436027198108,8.0,0.23664613886494,3.105941058227362,0.0,0.06464278051001655,-0.3661056757393924,-0.11832306943247
39.90000000000063,8.988062531806126,2.6555242732884037,8.0,0.2169584694411002,3.111626338632672,0.0,0.0652844838369516,-0.36657626440481733,-0.1084792347205501
39.91000000000063,8.990133642141359,2.6866669160892362,8.0,0.1972622348683793,3.116820257167995,0.0,0.0659325741008049,-0.36756261717059047,-0.09863111743418965
39.92000000000063,8.992007750544875,2.717859037816291,8.0,0.17755821272039285,3.1215219936533845,0.0,0.06639450185187651,-0.36741122303102036,-0.08877910636019642
39.930000000000625,8.993684783030087,2.7490957128719558,8.0,0.15784718087819652,3.125730805630145,0.0,0.06702442029337109,-0.3678642711059354,-0.07892359043909826
39.94000000000062,8.995164673390622,2.780372008623133,8.0,0.13812991749957684,3.129446028478076,0.0,0.06743063589747658,-0.36747547905408817,-0.06906495874978842
39.95000000000062,8.996447363202947,2.8116829861801573,8.0,0.11840720098833053,3.132667075520421,0.0,0.06779434697321991,-0.367139087924932,-0.059203600494165266
39.96000000000062,8.997532801828658,2.843023701176704,8.0,0.09867980996353486,3.1353934381165125,0.0,0.06849419301254125,-0.3682482188538927,-0.04933990498176743
39.97000000000062,8.9984209464165,2.874389204550579,8.0,0.07894852322879752,3.1376246857420926,0.0,0.06818590150118853,-0.3693501664672225,-0.03947426161439876
39.980000000000615,8.999111761904045,2.9057745433251645,8.0,0.05921411974155581,3.139360466057294,0.0,0.0688836524528431,-0.3689746769707989,-0.029607059870777906
39.99000000000061,8.999605221019081,2.9371747613916552,8.0,0.039477378582257514,3.140600504962283,0.0,0.069641052415078,-0.36995760781146847,-0.019738689291128757
40.00000000000061,8.999901304280685,2.9685849002916154,8.0,0.01973907892364889,3.1413446066405433,0.0,0.07020180579074763,-0.3696886356517479,-0.009869539461824445
